id_transacao,id_conta,ticker,tipo_operacao,quantidade,preco_unitario,taxa_corretagem,data_operacao,created_at,updated_at
218188,3025,KQEO3,COMPRA,245,61.9903,12.8565,2026-08-11 10:52:10,2026-08-11 10:52:13,2026-08-11 10:52:13
218189,2233,BGNM6,COMPRA,265,92.1209,0.5727,2026-08-11 11:56:45,2026-08-11 11:56:45,2026-08-11 11:56:45
218190,3021,HCZM2,COMPRA,205,508.1272,6.2510,2026-08-11 10:29:46,2026-08-11 10:29:49,2026-08-11 10:29:49
218191,1379,RDOA3,COMPRA,445,90.7766,1.7706,2026-08-11 13:41:17,2026-08-11 13:41:17,2026-08-11 13:41:17
218192,1408,YBZA3,COMPRA,122,26.4811,0.3449,2026-08-11 16:17:56,2026-08-11 16:17:57,2026-08-11 16:17:57
218193,1688,EEYY9,COMPRA,265,187.3497,9.7144,2026-08-11 14:25:27,2026-08-11 14:25:30,2026-08-11 14:25:30
218194,1409,HCLJ8,COMPRA,400,137.4565,2.6261,2026-08-11 15:52:54,2026-08-11 15:52:54,2026-08-11 15:52:54
218195,2536,WXQM6,COMPRA,35,55.5029,1.9628,2026-08-11 11:02:28,2026-08-11 11:02:31,2026-08-11 11:02:31
218196,1454,NREP8,COMPRA,155,120.9521,10.9873,2026-08-11 13:58:59,2026-08-11 13:59:02,2026-08-11 13:59:02
218197,1318,YOWA1,COMPRA,240,52.0802,4.5787,2026-08-11 16:22:21,2026-08-11 16:22:24,2026-08-11 16:22:24
218198,2471,MWVU7,COMPRA,150,85.6493,11.6715,2026-08-11 11:24:14,2026-08-11 11:24:15,2026-08-11 11:24:15
218199,3419,RMRT1,COMPRA,275,84.6590,12.6349,2026-08-11 10:07:55,2026-08-11 10:07:56,2026-08-11 10:07:56
218200,2491,DHRM5,COMPRA,170,250.0069,6.7592,2026-08-11 10:14:14,2026-08-11 10:14:16,2026-08-11 10:14:16
218201,2357,DGBT6,COMPRA,480,87.1156,8.0599,2026-08-11 16:26:53,2026-08-11 16:26:54,2026-08-11 16:26:54
218202,2359,NPEM3,COMPRA,35,108.0789,1.6671,2026-08-11 16:50:44,2026-08-11 16:50:44,2026-08-11 16:50:44
218203,1404,GAKD5,COMPRA,480,244.0947,3.3114,2026-08-11 13:12:21,2026-08-11 13:12:24,2026-08-11 13:12:24
218204,2660,DMTZ8,COMPRA,290,130.2019,1.1640,2026-08-11 11:55:51,2026-08-11 11:55:51,2026-08-11 11:55:51
218205,1111,UQIQ7,COMPRA,445,83.8979,6.8496,2026-08-11 17:23:53,2026-08-11 17:23:53,2026-08-11 17:23:53
218206,1975,SVOZ4,COMPRA,415,49.0693,4.3942,2026-08-11 14:02:15,2026-08-11 14:02:15,2026-08-11 14:02:15
218207,2333,MCHX2,COMPRA,205,134.6123,9.3013,2026-08-11 10:40:43,2026-08-11 10:40:43,2026-08-11 10:40:43
218208,2457,ZAAS7,COMPRA,32,495.5264,2.3043,2026-08-11 15:31:12,2026-08-11 15:31:13,2026-08-11 15:31:13
218209,1001,RFNS7,COMPRA,330,70.6074,12.4519,2026-08-11 12:26:04,2026-08-11 12:26:05,2026-08-11 12:26:05
218210,2421,SGBG8,COMPRA,60,90.9754,5.5071,2026-08-11 17:08:12,2026-08-11 17:08:12,2026-08-11 17:08:12
218211,1074,ACSV1,COMPRA,325,116.5354,0.9767,2026-08-11 13:22:21,2026-08-11 13:22:24,2026-08-11 13:22:24
218212,3266,LCCH9,COMPRA,350,10.6099,9.5074,2026-08-11 12:05:26,2026-08-11 12:05:28,2026-08-11 12:05:28
218213,3509,UFIU3,COMPRA,40,75.4377,8.9231,2026-08-11 17:11:38,2026-08-11 17:11:38,2026-08-11 17:11:38
218214,3215,LQML9,COMPRA,450,108.5131,11.6462,2026-08-11 16:23:48,2026-08-11 16:23:49,2026-08-11 16:23:49
218215,1874,QHFL8,COMPRA,450,188.0520,10.7441,2026-08-11 12:13:22,2026-08-11 12:13:25,2026-08-11 12:13:25
218216,1629,PBZM6,COMPRA,450,52.3515,9.4308,2026-08-11 11:01:25,2026-08-11 11:01:28,2026-08-11 11:01:28
218217,3396,ZYVN7,COMPRA,85,60.0000,2.8211,2026-08-11 15:38:19,2026-08-11 15:38:21,2026-08-11 15:38:21
218218,1372,LIEG8,COMPRA,350,113.0160,3.0012,2026-08-11 16:58:49,2026-08-11 16:58:52,2026-08-11 16:58:52
218219,2153,SVOZ4,COMPRA,25,36.9527,3.4350,2026-08-11 16:28:02,2026-08-11 16:28:03,2026-08-11 16:28:03
218220,2135,QQQS1,COMPRA,95,26.6143,10.0871,2026-08-11 12:14:22,2026-08-11 12:14:24,2026-08-11 12:14:24
218221,3392,BOCS8,COMPRA,192,60.3133,5.1046,2026-08-11 13:58:01,2026-08-11 13:58:03,2026-08-11 13:58:03
218222,1005,OEQA8,COMPRA,455,420.4955,12.4814,2026-08-11 12:59:00,2026-08-11 12:59:00,2026-08-11 12:59:00
218223,2879,KQEO3,COMPRA,230,87.4105,0.8638,2026-08-11 15:09:58,2026-08-11 15:10:01,2026-08-11 15:10:01
218224,1943,MCMT2,COMPRA,115,76.5454,1.6092,2026-08-11 10:57:00,2026-08-11 10:57:01,2026-08-11 10:57:01
218225,1112,RIET5,COMPRA,54,156.9281,3.3553,2026-08-11 16:24:08,2026-08-11 16:24:09,2026-08-11 16:24:09
218226,3520,QHFL8,COMPRA,170,140.8981,1.0874,2026-08-11 17:14:18,2026-08-11 17:14:21,2026-08-11 17:14:21
218227,3097,QTDZ2,COMPRA,440,60.1867,5.1149,2026-08-11 15:38:43,2026-08-11 15:38:46,2026-08-11 15:38:46
218228,1472,QATW7,COMPRA,265,52.2350,4.4677,2026-08-11 11:07:47,2026-08-11 11:07:47,2026-08-11 11:07:47
218229,2794,WXQM6,COMPRA,240,57.3778,2.2233,2026-08-11 11:10:06,2026-08-11 11:10:08,2026-08-11 11:10:08
218230,2361,IWAK1,COMPRA,320,90.3011,3.5820,2026-08-11 16:27:39,2026-08-11 16:27:40,2026-08-11 16:27:40
218231,1355,DSFC9,COMPRA,390,502.8695,1.2344,2026-08-11 14:30:21,2026-08-11 14:30:23,2026-08-11 14:30:23
218232,1607,SVOZ4,COMPRA,455,37.6334,6.4674,2026-08-11 15:04:48,2026-08-11 15:04:48,2026-08-11 15:04:48
218233,3507,IWAK1,COMPRA,205,81.7955,3.1708,2026-08-11 11:27:22,2026-08-11 11:27:25,2026-08-11 11:27:25
218234,2885,IJJK3,COMPRA,235,106.2457,7.8683,2026-08-11 16:51:03,2026-08-11 16:51:06,2026-08-11 16:51:06
218235,2121,WXFC8,COMPRA,241,71.8356,8.6350,2026-08-11 10:42:24,2026-08-11 10:42:26,2026-08-11 10:42:26
218236,1579,NWGB4,COMPRA,230,98.9503,3.5085,2026-08-11 16:50:52,2026-08-11 16:50:55,2026-08-11 16:50:55
218237,2271,ZHTL2,COMPRA,397,53.7645,4.1600,2026-08-11 16:21:58,2026-08-11 16:22:00,2026-08-11 16:22:00
218238,2384,MGRR2,VENDA,460,113.6328,3.7419,2026-08-11 12:50:36,2026-08-11 12:50:37,2026-08-11 12:50:37
218239,2760,LIEG8,COMPRA,185,78.2196,8.6938,2026-08-11 10:42:16,2026-08-11 10:42:19,2026-08-11 10:42:19
218240,2478,PBZM6,COMPRA,405,61.1665,9.1363,2026-08-11 10:42:25,2026-08-11 10:42:26,2026-08-11 10:42:26
218241,3139,DSFC9,COMPRA,105,322.5964,9.8880,2026-08-11 13:05:36,2026-08-11 13:05:39,2026-08-11 13:05:39
218242,1603,SUZL4,VENDA,175,153.0356,4.5811,2026-08-11 15:06:07,2026-08-11 15:06:08,2026-08-11 15:06:08
218243,3127,EEYY9,COMPRA,275,137.0391,10.6930,2026-08-11 13:12:04,2026-08-11 13:12:05,2026-08-11 13:12:05
218244,1124,WHMT3,COMPRA,380,123.4600,5.7069,2026-08-11 16:29:55,2026-08-11 16:29:58,2026-08-11 16:29:58
218245,1080,JDJG6,COMPRA,110,81.9618,2.1866,2026-08-11 12:27:31,2026-08-11 12:27:31,2026-08-11 12:27:31
218246,1404,OVYL9,COMPRA,490,65.5793,2.9424,2026-08-11 14:38:27,2026-08-11 14:38:30,2026-08-11 14:38:30
218247,1534,FYZB6,COMPRA,95,67.8893,7.6821,2026-08-11 12:25:46,2026-08-11 12:25:47,2026-08-11 12:25:47
218248,3173,YYLA4,COMPRA,375,228.8364,8.2599,2026-08-11 16:10:25,2026-08-11 16:10:26,2026-08-11 16:10:26
218249,3244,DEGN5,COMPRA,390,94.7875,1.5629,2026-08-11 11:35:12,2026-08-11 11:35:14,2026-08-11 11:35:14
218250,3162,MJDL9,COMPRA,235,38.0826,10.3948,2026-08-11 16:12:01,2026-08-11 16:12:02,2026-08-11 16:12:02
218251,1555,MCMT2,COMPRA,83,72.7622,10.9308,2026-08-11 10:21:53,2026-08-11 10:21:54,2026-08-11 10:21:54
218252,2715,NPEM3,COMPRA,175,103.0784,5.0722,2026-08-11 12:02:52,2026-08-11 12:02:55,2026-08-11 12:02:55
218253,2360,NPEM3,COMPRA,20,126.3250,6.1198,2026-08-11 13:51:18,2026-08-11 13:51:20,2026-08-11 13:51:20
218254,2112,RSBT4,VENDA,290,324.6895,7.8982,2026-08-11 13:46:46,2026-08-11 13:46:46,2026-08-11 13:46:46
218255,1531,ECQD7,COMPRA,380,87.4800,10.0857,2026-08-11 14:58:45,2026-08-11 14:58:48,2026-08-11 14:58:48
218256,3423,LGKU6,COMPRA,40,95.9080,12.5693,2026-08-11 14:57:58,2026-08-11 14:57:59,2026-08-11 14:57:59
218257,1378,MOLF3,COMPRA,160,47.7926,5.4042,2026-08-11 16:58:01,2026-08-11 16:58:01,2026-08-11 16:58:01
218258,1640,XPVA7,COMPRA,355,501.2730,3.6117,2026-08-11 12:07:10,2026-08-11 12:07:12,2026-08-11 12:07:12
218259,1178,ZHTL2,COMPRA,330,77.0759,5.1596,2026-08-11 14:37:28,2026-08-11 14:37:29,2026-08-11 14:37:29
218260,1540,MJDL9,COMPRA,455,37.1298,1.0414,2026-08-11 11:14:43,2026-08-11 11:14:46,2026-08-11 11:14:46
218261,2025,YBZA3,COMPRA,435,28.6523,12.6609,2026-08-11 15:08:34,2026-08-11 15:08:34,2026-08-11 15:08:34
218262,2973,OXVD8,COMPRA,275,69.7499,11.0074,2026-08-11 10:27:37,2026-08-11 10:27:37,2026-08-11 10:27:37
218263,3419,KQEO3,COMPRA,365,70.0834,1.5153,2026-08-11 14:55:38,2026-08-11 14:55:38,2026-08-11 14:55:38
218264,2334,UFIU3,COMPRA,40,90.9966,3.9926,2026-08-11 10:42:13,2026-08-11 10:42:14,2026-08-11 10:42:14
218265,3182,NYGT6,COMPRA,405,115.3129,4.5431,2026-08-11 16:33:12,2026-08-11 16:33:13,2026-08-11 16:33:13
218266,1852,ZFBT3,COMPRA,250,94.4827,12.4160,2026-08-11 17:00:45,2026-08-11 17:00:46,2026-08-11 17:00:46
218267,2607,NWGB4,COMPRA,65,100.9627,3.7095,2026-08-11 14:10:11,2026-08-11 14:10:11,2026-08-11 14:10:11
218268,1962,WXQM6,COMPRA,365,52.1251,11.8525,2026-08-11 11:16:33,2026-08-11 11:16:35,2026-08-11 11:16:35
218269,1989,JUDG8,COMPRA,180,90.4387,1.6003,2026-08-11 12:24:23,2026-08-11 12:24:24,2026-08-11 12:24:24
218270,1275,RIET5,VENDA,125,163.8049,5.3790,2026-08-11 11:36:49,2026-08-11 11:36:49,2026-08-11 11:36:49
218271,2683,IJJK3,COMPRA,390,119.7211,0.2272,2026-08-11 16:23:46,2026-08-11 16:23:47,2026-08-11 16:23:47
218272,1487,PZUP8,COMPRA,196,175.5716,10.2458,2026-08-11 11:28:01,2026-08-11 11:28:01,2026-08-11 11:28:01
218273,2451,RHXV4,COMPRA,325,68.9598,0.6986,2026-08-11 17:11:18,2026-08-11 17:11:19,2026-08-11 17:11:19
218274,1464,QATW7,COMPRA,100,58.3554,12.7748,2026-08-11 10:10:36,2026-08-11 10:10:36,2026-08-11 10:10:36
218275,2481,RDOA3,COMPRA,455,91.0507,6.8309,2026-08-11 14:43:02,2026-08-11 14:43:04,2026-08-11 14:43:04
218276,1893,IWFI1,COMPRA,27,151.1006,3.3407,2026-08-11 16:29:25,2026-08-11 16:29:27,2026-08-11 16:29:27
218277,2019,FYZB6,COMPRA,21,85.0430,2.8868,2026-08-11 11:26:48,2026-08-11 11:26:50,2026-08-11 11:26:50
218278,2466,HVEX2,COMPRA,22,146.0501,2.6436,2026-08-11 14:40:16,2026-08-11 14:40:19,2026-08-11 14:40:19
218279,3266,RMRT1,COMPRA,45,99.2824,3.2417,2026-08-11 12:23:14,2026-08-11 12:23:15,2026-08-11 12:23:15
218280,1322,RMRT1,COMPRA,265,116.1323,3.7170,2026-08-11 14:27:28,2026-08-11 14:27:29,2026-08-11 14:27:29
218281,1586,PSEN6,COMPRA,410,183.9796,3.1194,2026-08-11 10:29:15,2026-08-11 10:29:17,2026-08-11 10:29:17
218282,1748,IWAK1,COMPRA,230,92.5794,7.1842,2026-08-11 11:35:25,2026-08-11 11:35:25,2026-08-11 11:35:25
218283,2337,MJDL9,COMPRA,315,26.9801,9.8269,2026-08-11 15:35:54,2026-08-11 15:35:57,2026-08-11 15:35:57
218284,2589,ZYVN7,COMPRA,75,63.1433,7.9312,2026-08-11 17:27:17,2026-08-11 17:27:17,2026-08-11 17:27:17
218285,2894,KQEO3,COMPRA,341,64.7647,4.5966,2026-08-11 15:09:34,2026-08-11 15:09:37,2026-08-11 15:09:37
218286,1932,JUDG8,COMPRA,40,101.7903,10.9027,2026-08-11 12:21:44,2026-08-11 12:21:45,2026-08-11 12:21:45
218287,3512,MOLF3,COMPRA,90,40.6761,3.6409,2026-08-11 16:28:46,2026-08-11 16:28:49,2026-08-11 16:28:49
218288,2793,YRWH3,COMPRA,105,184.8590,2.1379,2026-08-11 12:46:37,2026-08-11 12:46:39,2026-08-11 12:46:39
218289,3298,IWFI1,COMPRA,80,165.3414,12.7581,2026-08-11 12:13:51,2026-08-11 12:13:52,2026-08-11 12:13:52
218290,2453,ICSU4,COMPRA,360,131.0406,6.3049,2026-08-11 12:46:41,2026-08-11 12:46:41,2026-08-11 12:46:41
218291,2055,AAUA7,COMPRA,170,116.9588,11.4485,2026-08-11 16:43:15,2026-08-11 16:43:16,2026-08-11 16:43:16
218292,1179,MCHX2,COMPRA,110,134.9200,5.4390,2026-08-11 11:16:14,2026-08-11 11:16:14,2026-08-11 11:16:14
218293,1770,RHXV4,COMPRA,400,63.0984,2.4855,2026-08-11 11:14:42,2026-08-11 11:14:43,2026-08-11 11:14:43
218294,3320,DMTZ8,COMPRA,420,198.9975,3.1418,2026-08-11 15:47:58,2026-08-11 15:47:59,2026-08-11 15:47:59
218295,3222,NYGT6,COMPRA,190,93.7665,11.9919,2026-08-11 13:58:45,2026-08-11 13:58:45,2026-08-11 13:58:45
218296,1541,XOVY4,COMPRA,30,91.2635,10.1017,2026-08-11 16:04:20,2026-08-11 16:04:21,2026-08-11 16:04:21
218297,3050,WIPB2,COMPRA,355,125.9078,3.9845,2026-08-11 16:42:48,2026-08-11 16:42:49,2026-08-11 16:42:49
218298,3177,AAWB3,COMPRA,85,181.5940,12.1373,2026-08-11 10:23:31,2026-08-11 10:23:34,2026-08-11 10:23:34
218299,2471,KHGP6,COMPRA,175,93.4432,0.3698,2026-08-11 17:25:59,2026-08-11 17:26:01,2026-08-11 17:26:01
218300,1108,UQIQ7,COMPRA,476,96.7979,9.9198,2026-08-11 15:19:27,2026-08-11 15:19:27,2026-08-11 15:19:27
218301,2981,XOVY4,COMPRA,245,121.7179,5.0446,2026-08-11 15:17:38,2026-08-11 15:17:39,2026-08-11 15:17:39
218302,3280,TTHO3,COMPRA,485,43.0892,11.1517,2026-08-11 12:40:50,2026-08-11 12:40:50,2026-08-11 12:40:50
218303,3170,VLEB3,COMPRA,145,464.0614,1.2651,2026-08-11 13:25:26,2026-08-11 13:25:26,2026-08-11 13:25:26
218304,2150,OXVD8,COMPRA,140,70.1463,2.6053,2026-08-11 17:08:09,2026-08-11 17:08:09,2026-08-11 17:08:09
218305,1630,WXFC8,COMPRA,446,69.0053,2.1278,2026-08-11 15:21:34,2026-08-11 15:21:37,2026-08-11 15:21:37
218306,2883,ICSU4,COMPRA,225,113.3859,3.6883,2026-08-11 15:50:01,2026-08-11 15:50:01,2026-08-11 15:50:01
218307,1627,IJJK3,VENDA,45,99.7996,4.8824,2026-08-11 12:13:42,2026-08-11 12:13:45,2026-08-11 12:13:45
218308,1790,ZAAS7,COMPRA,275,456.7927,1.9504,2026-08-11 16:25:19,2026-08-11 16:25:20,2026-08-11 16:25:20
218309,1764,JIPA6,COMPRA,365,29.8620,6.6272,2026-08-11 10:28:52,2026-08-11 10:28:55,2026-08-11 10:28:55
218310,2310,QTHQ1,COMPRA,420,26.6877,3.3492,2026-08-11 11:03:47,2026-08-11 11:03:49,2026-08-11 11:03:49
218311,2968,LIEG8,COMPRA,420,105.0587,0.3790,2026-08-11 11:14:25,2026-08-11 11:14:25,2026-08-11 11:14:25
218312,2448,RIET5,COMPRA,190,130.7033,9.3265,2026-08-11 14:17:00,2026-08-11 14:17:00,2026-08-11 14:17:00
218313,1566,LGKU6,COMPRA,426,69.1154,10.1760,2026-08-11 16:52:59,2026-08-11 16:53:02,2026-08-11 16:53:02
218314,1485,ZFBT3,COMPRA,255,90.9692,0.4185,2026-08-11 11:28:16,2026-08-11 11:28:19,2026-08-11 11:28:19
218315,1124,BOCS8,COMPRA,120,56.6935,7.9919,2026-08-11 14:33:00,2026-08-11 14:33:00,2026-08-11 14:33:00
218316,3286,YCCK8,COMPRA,82,310.1615,0.2581,2026-08-11 11:02:38,2026-08-11 11:02:41,2026-08-11 11:02:41
218317,3152,ZYVN7,COMPRA,285,60.9089,0.4006,2026-08-11 15:17:45,2026-08-11 15:17:45,2026-08-11 15:17:45
218318,1017,QTDZ2,COMPRA,475,40.8538,12.7428,2026-08-11 11:57:19,2026-08-11 11:57:21,2026-08-11 11:57:21
218319,3395,HJRH5,COMPRA,150,122.7699,2.3007,2026-08-11 14:14:09,2026-08-11 14:14:12,2026-08-11 14:14:12
218320,2534,JIPA6,COMPRA,50,34.5192,2.9616,2026-08-11 11:06:10,2026-08-11 11:06:10,2026-08-11 11:06:10
218321,3360,WMQZ6,COMPRA,475,60.7497,5.5036,2026-08-11 16:30:01,2026-08-11 16:30:02,2026-08-11 16:30:02
218322,1505,PSEN6,COMPRA,170,215.9207,9.4394,2026-08-11 10:47:30,2026-08-11 10:47:32,2026-08-11 10:47:32
218323,1960,NHYK8,COMPRA,50,74.8868,3.9526,2026-08-11 16:50:09,2026-08-11 16:50:11,2026-08-11 16:50:11
218324,1739,ACSV1,COMPRA,220,93.3790,6.2758,2026-08-11 16:29:00,2026-08-11 16:29:02,2026-08-11 16:29:02
218325,1633,LQML9,COMPRA,291,168.0515,6.9706,2026-08-11 14:16:36,2026-08-11 14:16:38,2026-08-11 14:16:38
218326,3030,OXVD8,COMPRA,30,85.3178,2.4179,2026-08-11 14:52:15,2026-08-11 14:52:15,2026-08-11 14:52:15
218327,1965,MJDL9,COMPRA,95,26.8519,11.4232,2026-08-11 16:36:48,2026-08-11 16:36:50,2026-08-11 16:36:50
218328,3131,ICSU4,COMPRA,420,137.2496,3.8441,2026-08-11 11:50:26,2026-08-11 11:50:26,2026-08-11 11:50:26
218329,1613,SRDU1,COMPRA,120,70.2602,10.2711,2026-08-11 16:18:19,2026-08-11 16:18:19,2026-08-11 16:18:19
218330,3472,LIEG8,COMPRA,195,77.7475,7.8455,2026-08-11 13:01:12,2026-08-11 13:01:13,2026-08-11 13:01:13
218331,1511,HCZM2,COMPRA,215,534.9766,10.2859,2026-08-11 12:46:47,2026-08-11 12:46:47,2026-08-11 12:46:47
218332,1732,AYFQ2,COMPRA,275,11.8192,0.7675,2026-08-11 11:50:58,2026-08-11 11:51:01,2026-08-11 11:51:01
218333,3375,TXHR8,COMPRA,205,71.6481,4.4653,2026-08-11 16:44:44,2026-08-11 16:44:46,2026-08-11 16:44:46
218334,2965,MOLF3,COMPRA,425,46.3601,3.6915,2026-08-11 11:58:06,2026-08-11 11:58:08,2026-08-11 11:58:08
218335,1574,XAVL3,COMPRA,485,223.1592,3.3493,2026-08-11 12:15:29,2026-08-11 12:15:32,2026-08-11 12:15:32
218336,1989,MJDL9,COMPRA,35,38.8416,0.5785,2026-08-11 11:33:28,2026-08-11 11:33:28,2026-08-11 11:33:28
218337,2909,RYPL6,COMPRA,220,92.7791,4.1746,2026-08-11 16:53:01,2026-08-11 16:53:01,2026-08-11 16:53:01
218338,3134,AAWB3,COMPRA,70,199.2562,8.0596,2026-08-11 13:23:05,2026-08-11 13:23:05,2026-08-11 13:23:05
218339,1372,RIET5,COMPRA,390,148.7355,12.5363,2026-08-11 12:41:55,2026-08-11 12:41:57,2026-08-11 12:41:57
218340,1194,ENRZ2,COMPRA,210,117.5243,8.1232,2026-08-11 15:03:10,2026-08-11 15:03:12,2026-08-11 15:03:12
218341,2614,ICSU4,COMPRA,220,121.8734,3.8516,2026-08-11 15:02:21,2026-08-11 15:02:23,2026-08-11 15:02:23
218342,2212,YFAH5,COMPRA,205,199.8719,10.7219,2026-08-11 10:26:54,2026-08-11 10:26:57,2026-08-11 10:26:57
218343,2875,NUJZ2,VENDA,335,28.5858,8.8358,2026-08-11 12:09:37,2026-08-11 12:09:37,2026-08-11 12:09:37
218344,1657,ECQD7,COMPRA,30,74.1345,5.0781,2026-08-11 16:30:19,2026-08-11 16:30:22,2026-08-11 16:30:22
218345,1729,BSDJ7,COMPRA,420,235.7741,11.5708,2026-08-11 17:19:23,2026-08-11 17:19:23,2026-08-11 17:19:23
218346,2013,YBZA3,COMPRA,290,22.8937,6.4349,2026-08-11 14:15:19,2026-08-11 14:15:20,2026-08-11 14:15:20
218347,1715,DQSN6,COMPRA,465,131.4741,1.6229,2026-08-11 15:47:54,2026-08-11 15:47:56,2026-08-11 15:47:56
218348,2738,FYZB6,COMPRA,380,71.6516,11.9570,2026-08-11 11:56:24,2026-08-11 11:56:25,2026-08-11 11:56:25
218349,1475,ACSV1,COMPRA,165,102.5824,1.5736,2026-08-11 10:14:17,2026-08-11 10:14:17,2026-08-11 10:14:17
218350,2332,QEUC2,COMPRA,455,148.1672,3.3018,2026-08-11 10:16:59,2026-08-11 10:17:02,2026-08-11 10:17:02
218351,2722,TTHO3,COMPRA,35,39.3109,6.4897,2026-08-11 14:56:52,2026-08-11 14:56:55,2026-08-11 14:56:55
218352,1467,PSEN6,COMPRA,43,213.7861,7.7997,2026-08-11 15:14:33,2026-08-11 15:14:34,2026-08-11 15:14:34
218353,1419,ZFBT3,COMPRA,175,100.0131,4.3905,2026-08-11 10:04:03,2026-08-11 10:04:06,2026-08-11 10:04:06
218354,1910,NGIU9,COMPRA,250,122.8677,3.9944,2026-08-11 14:53:27,2026-08-11 14:53:29,2026-08-11 14:53:29
218355,2118,FYZB6,COMPRA,416,68.7543,5.0652,2026-08-11 15:07:44,2026-08-11 15:07:47,2026-08-11 15:07:47
218356,1659,TXHR8,COMPRA,95,66.8239,6.3223,2026-08-11 13:00:44,2026-08-11 13:00:45,2026-08-11 13:00:45
218357,2786,TTHO3,COMPRA,40,33.6114,3.4706,2026-08-11 11:52:44,2026-08-11 11:52:45,2026-08-11 11:52:45
218358,2320,TVCE9,COMPRA,445,83.2895,11.2613,2026-08-11 14:31:25,2026-08-11 14:31:28,2026-08-11 14:31:28
218359,2751,HVEX2,COMPRA,415,156.4771,10.2603,2026-08-11 13:44:47,2026-08-11 13:44:48,2026-08-11 13:44:48
218360,3200,UQJU7,COMPRA,430,69.1126,4.9590,2026-08-11 10:42:32,2026-08-11 10:42:35,2026-08-11 10:42:35
218361,1543,SGBG8,COMPRA,335,70.0231,10.3631,2026-08-11 11:50:46,2026-08-11 11:50:47,2026-08-11 11:50:47
218362,1328,BOCS8,COMPRA,140,52.4950,11.2892,2026-08-11 16:01:14,2026-08-11 16:01:15,2026-08-11 16:01:15
218363,1590,IJJK3,COMPRA,498,99.6966,5.3757,2026-08-11 12:22:39,2026-08-11 12:22:40,2026-08-11 12:22:40
218364,1029,ACSV1,COMPRA,460,84.9581,6.1010,2026-08-11 12:38:48,2026-08-11 12:38:49,2026-08-11 12:38:49
218365,3498,YYLA4,COMPRA,225,186.9685,2.3514,2026-08-11 13:56:26,2026-08-11 13:56:27,2026-08-11 13:56:27
218366,2724,KHGP6,COMPRA,95,98.5635,1.3012,2026-08-11 11:24:19,2026-08-11 11:24:20,2026-08-11 11:24:20
218367,1183,NQYT3,COMPRA,493,66.0125,12.5712,2026-08-11 15:48:10,2026-08-11 15:48:12,2026-08-11 15:48:12
218368,2223,PBZM6,COMPRA,230,63.2933,0.3216,2026-08-11 14:36:10,2026-08-11 14:36:10,2026-08-11 14:36:10
218369,3371,TVCE9,COMPRA,290,80.3166,7.9024,2026-08-11 13:20:58,2026-08-11 13:20:59,2026-08-11 13:20:59
218370,3064,WHMT3,COMPRA,145,93.1938,4.5168,2026-08-11 15:04:44,2026-08-11 15:04:45,2026-08-11 15:04:45
218371,1216,ERTC4,COMPRA,379,44.7126,7.4412,2026-08-11 15:42:18,2026-08-11 15:42:20,2026-08-11 15:42:20
218372,1208,YOWA1,COMPRA,380,48.4663,5.8343,2026-08-11 17:29:17,2026-08-11 17:29:19,2026-08-11 17:29:19
218373,2759,NWGB4,COMPRA,25,120.8729,3.7447,2026-08-11 14:15:59,2026-08-11 14:15:59,2026-08-11 14:15:59
218374,1417,RDOA3,COMPRA,207,99.3324,1.9006,2026-08-11 12:57:35,2026-08-11 12:57:36,2026-08-11 12:57:36
218375,1227,UFMA7,COMPRA,470,150.0059,2.4031,2026-08-11 10:05:34,2026-08-11 10:05:35,2026-08-11 10:05:35
218376,3467,HJRH5,COMPRA,420,189.2767,1.8224,2026-08-11 13:03:10,2026-08-11 13:03:12,2026-08-11 13:03:12
218377,1620,MOLF3,COMPRA,365,48.2395,6.7064,2026-08-11 12:42:43,2026-08-11 12:42:45,2026-08-11 12:42:45
218378,1406,SUZL4,COMPRA,400,137.4994,2.8038,2026-08-11 15:11:20,2026-08-11 15:11:21,2026-08-11 15:11:21
218379,2974,SGBG8,COMPRA,445,102.4257,8.9786,2026-08-11 16:57:52,2026-08-11 16:57:53,2026-08-11 16:57:53
218380,1712,FRGH8,COMPRA,20,60.8865,0.2179,2026-08-11 16:33:49,2026-08-11 16:33:50,2026-08-11 16:33:50
218381,1667,RFNS7,COMPRA,65,69.9326,11.8794,2026-08-11 16:43:48,2026-08-11 16:43:50,2026-08-11 16:43:50
218382,2648,RFNS7,COMPRA,260,83.5062,11.7400,2026-08-11 13:38:53,2026-08-11 13:38:56,2026-08-11 13:38:56
218383,2860,UQIQ7,COMPRA,200,95.8238,9.9956,2026-08-11 16:10:30,2026-08-11 16:10:30,2026-08-11 16:10:30
218384,1133,YBZA3,COMPRA,295,22.8640,11.0915,2026-08-11 12:59:34,2026-08-11 12:59:35,2026-08-11 12:59:35
218385,3042,QEUC2,VENDA,287,166.8535,4.6198,2026-08-11 12:18:06,2026-08-11 12:18:06,2026-08-11 12:18:06
218386,2973,UVEY5,COMPRA,85,105.3817,6.7667,2026-08-11 15:12:05,2026-08-11 15:12:07,2026-08-11 15:12:07
218387,3509,OEQA8,COMPRA,435,368.9213,1.1237,2026-08-11 17:28:20,2026-08-11 17:28:22,2026-08-11 17:28:22
218388,2245,ZHTL2,COMPRA,10,75.8973,7.2330,2026-08-11 14:07:04,2026-08-11 14:07:07,2026-08-11 14:07:07
218389,3310,BOCS8,COMPRA,125,69.5159,9.4033,2026-08-11 11:55:46,2026-08-11 11:55:49,2026-08-11 11:55:49
218390,3392,ZFBT3,COMPRA,455,108.5083,10.9847,2026-08-11 13:35:57,2026-08-11 13:35:59,2026-08-11 13:35:59
218391,2624,RFNS7,COMPRA,313,68.5020,1.5536,2026-08-11 14:11:38,2026-08-11 14:11:39,2026-08-11 14:11:39
218392,1755,XPVA7,COMPRA,178,383.7211,6.1307,2026-08-11 11:06:43,2026-08-11 11:06:44,2026-08-11 11:06:44
218393,1365,HVEX2,COMPRA,35,109.1830,1.8373,2026-08-11 10:27:21,2026-08-11 10:27:24,2026-08-11 10:27:24
218394,2872,LIEG8,COMPRA,475,107.5220,5.1744,2026-08-11 12:13:07,2026-08-11 12:13:09,2026-08-11 12:13:09
218395,2786,AAWB3,COMPRA,140,197.7904,3.2447,2026-08-11 10:21:38,2026-08-11 10:21:41,2026-08-11 10:21:41
218396,1083,RMRT1,COMPRA,440,119.1943,5.0649,2026-08-11 13:55:35,2026-08-11 13:55:35,2026-08-11 13:55:35
218397,3144,KQEO3,COMPRA,433,58.4395,7.8264,2026-08-11 11:33:39,2026-08-11 11:33:42,2026-08-11 11:33:42
218398,3369,SVOZ4,COMPRA,405,56.3274,8.5745,2026-08-11 13:10:25,2026-08-11 13:10:28,2026-08-11 13:10:28
218399,2822,MCMT2,COMPRA,299,119.2382,4.1081,2026-08-11 12:22:43,2026-08-11 12:22:45,2026-08-11 12:22:45
218400,2733,ERTC4,COMPRA,394,58.0983,6.7299,2026-08-11 13:13:56,2026-08-11 13:13:59,2026-08-11 13:13:59
218401,2901,WXFC8,COMPRA,139,93.5081,0.6049,2026-08-11 11:27:33,2026-08-11 11:27:36,2026-08-11 11:27:36
218402,1128,ZHTL2,COMPRA,5,47.5567,2.8578,2026-08-11 10:27:20,2026-08-11 10:27:22,2026-08-11 10:27:22
218403,3441,DFGR7,COMPRA,170,86.2313,11.4823,2026-08-11 14:39:52,2026-08-11 14:39:52,2026-08-11 14:39:52
218404,3116,LCCH9,COMPRA,490,10.2238,11.7180,2026-08-11 13:23:05,2026-08-11 13:23:07,2026-08-11 13:23:07
218405,3419,SUZL4,COMPRA,185,136.3674,0.0280,2026-08-11 12:31:58,2026-08-11 12:32:01,2026-08-11 12:32:01
218406,1577,RIET5,COMPRA,220,125.5124,0.5941,2026-08-11 13:10:46,2026-08-11 13:10:47,2026-08-11 13:10:47
218407,1303,OVYL9,COMPRA,395,76.9451,11.5586,2026-08-11 15:06:25,2026-08-11 15:06:26,2026-08-11 15:06:26
218408,1196,IWFI1,COMPRA,400,187.2382,9.7488,2026-08-11 13:58:53,2026-08-11 13:58:54,2026-08-11 13:58:54
218409,3211,NQYT3,COMPRA,170,72.1431,10.7749,2026-08-11 11:59:37,2026-08-11 11:59:40,2026-08-11 11:59:40
218410,1385,RIET5,COMPRA,240,127.7279,9.8138,2026-08-11 16:51:06,2026-08-11 16:51:07,2026-08-11 16:51:07
218411,2671,HJRH5,COMPRA,245,182.0560,9.5616,2026-08-11 10:07:43,2026-08-11 10:07:43,2026-08-11 10:07:43
218412,2859,VLEB3,COMPRA,20,373.0245,4.0568,2026-08-11 10:26:04,2026-08-11 10:26:07,2026-08-11 10:26:07
218413,3119,QTDZ2,COMPRA,420,58.1465,1.5036,2026-08-11 10:52:51,2026-08-11 10:52:53,2026-08-11 10:52:53
218414,3012,UFMA7,COMPRA,80,191.3163,4.4823,2026-08-11 15:32:44,2026-08-11 15:32:47,2026-08-11 15:32:47
218415,3145,YOWA1,COMPRA,240,44.6055,10.4216,2026-08-11 10:25:18,2026-08-11 10:25:18,2026-08-11 10:25:18
218416,2830,OEQA8,COMPRA,120,464.8681,2.8568,2026-08-11 12:21:12,2026-08-11 12:21:14,2026-08-11 12:21:14
218417,1371,MGRR2,COMPRA,380,128.2792,9.5357,2026-08-11 10:31:43,2026-08-11 10:31:45,2026-08-11 10:31:45
218418,2517,ACSV1,COMPRA,280,101.3977,8.8648,2026-08-11 15:07:58,2026-08-11 15:07:59,2026-08-11 15:07:59
218419,3170,OXVD8,COMPRA,145,65.8579,4.9071,2026-08-11 15:29:19,2026-08-11 15:29:21,2026-08-11 15:29:21
218420,3045,NHYK8,VENDA,5,57.7121,7.4592,2026-08-11 12:26:45,2026-08-11 12:26:45,2026-08-11 12:26:45
218421,2860,DMTZ8,COMPRA,310,173.7699,4.7805,2026-08-11 11:36:48,2026-08-11 11:36:48,2026-08-11 11:36:48
218422,3106,IWAK1,COMPRA,440,82.9585,4.0361,2026-08-11 10:53:59,2026-08-11 10:53:59,2026-08-11 10:53:59
218423,1576,DEGN5,COMPRA,405,101.0846,0.3188,2026-08-11 11:19:15,2026-08-11 11:19:17,2026-08-11 11:19:17
218424,2265,CQIL9,VENDA,323,29.1423,0.6800,2026-08-11 16:26:25,2026-08-11 16:26:27,2026-08-11 16:26:27
218425,2986,RFNS7,COMPRA,285,76.8673,7.7663,2026-08-11 11:45:03,2026-08-11 11:45:05,2026-08-11 11:45:05
218426,2729,HVEX2,COMPRA,137,171.1893,3.2912,2026-08-11 15:07:43,2026-08-11 15:07:45,2026-08-11 15:07:45
218427,3413,YCCK8,COMPRA,220,471.4276,8.7575,2026-08-11 14:30:33,2026-08-11 14:30:33,2026-08-11 14:30:33
218428,2839,GAKD5,COMPRA,400,216.3984,1.4892,2026-08-11 11:41:07,2026-08-11 11:41:09,2026-08-11 11:41:09
218429,2679,SRDU1,COMPRA,146,96.3415,1.4029,2026-08-11 10:49:14,2026-08-11 10:49:17,2026-08-11 10:49:17
218430,2250,RMRT1,COMPRA,230,110.3267,1.5284,2026-08-11 14:24:39,2026-08-11 14:24:42,2026-08-11 14:24:42
218431,2571,XTVW5,COMPRA,102,104.3110,1.6167,2026-08-11 11:10:28,2026-08-11 11:10:28,2026-08-11 11:10:28
218432,1579,DHRM5,COMPRA,390,249.1696,2.5224,2026-08-11 13:56:11,2026-08-11 13:56:11,2026-08-11 13:56:11
218433,1059,OVYL9,COMPRA,85,73.3957,3.0824,2026-08-11 14:46:56,2026-08-11 14:46:56,2026-08-11 14:46:56
218434,3229,PSEN6,COMPRA,125,153.2066,4.2905,2026-08-11 14:47:31,2026-08-11 14:47:31,2026-08-11 14:47:31
218435,1363,BOCS8,COMPRA,340,49.6199,10.3365,2026-08-11 16:48:15,2026-08-11 16:48:16,2026-08-11 16:48:16
218436,1109,AYFQ2,COMPRA,105,12.6775,1.3379,2026-08-11 16:44:15,2026-08-11 16:44:15,2026-08-11 16:44:15
218437,2729,UFIU3,COMPRA,165,84.8945,9.5631,2026-08-11 13:34:45,2026-08-11 13:34:45,2026-08-11 13:34:45
218438,1790,WHMT3,COMPRA,195,117.9365,8.2688,2026-08-11 14:12:49,2026-08-11 14:12:52,2026-08-11 14:12:52
218439,3013,WMQZ6,COMPRA,25,78.2393,5.2821,2026-08-11 10:14:46,2026-08-11 10:14:48,2026-08-11 10:14:48
218440,2415,YIHC3,COMPRA,180,71.7933,9.1383,2026-08-11 11:16:47,2026-08-11 11:16:49,2026-08-11 11:16:49
218441,3428,EEYY9,COMPRA,400,183.8640,5.5657,2026-08-11 16:58:40,2026-08-11 16:58:42,2026-08-11 16:58:42
218442,3172,HCLJ8,COMPRA,470,125.6690,10.1376,2026-08-11 16:31:51,2026-08-11 16:31:53,2026-08-11 16:31:53
218443,3440,YBZA3,COMPRA,330,27.4845,11.6559,2026-08-11 12:20:58,2026-08-11 12:21:00,2026-08-11 12:21:00
218444,2505,QYBV3,COMPRA,200,90.5187,12.2271,2026-08-11 16:09:15,2026-08-11 16:09:16,2026-08-11 16:09:16
218445,2969,YBZA3,COMPRA,236,21.4330,6.2560,2026-08-11 15:31:24,2026-08-11 15:31:25,2026-08-11 15:31:25
218446,2626,YOWA1,COMPRA,430,55.1543,9.4479,2026-08-11 12:24:33,2026-08-11 12:24:33,2026-08-11 12:24:33
218447,2478,ACSV1,COMPRA,425,90.0294,6.4215,2026-08-11 10:23:42,2026-08-11 10:23:44,2026-08-11 10:23:44
218448,3099,MOLF3,COMPRA,60,54.2752,12.6773,2026-08-11 12:42:41,2026-08-11 12:42:44,2026-08-11 12:42:44
218449,1111,PBZM6,COMPRA,410,72.5314,9.5027,2026-08-11 16:34:54,2026-08-11 16:34:57,2026-08-11 16:34:57
218450,2253,IWAK1,COMPRA,165,95.9499,11.2155,2026-08-11 11:10:21,2026-08-11 11:10:23,2026-08-11 11:10:23
218451,2323,NAOF3,COMPRA,450,69.6799,1.0341,2026-08-11 10:46:32,2026-08-11 10:46:33,2026-08-11 10:46:33
218452,1611,QHFL8,COMPRA,310,121.2186,9.7041,2026-08-11 14:59:26,2026-08-11 14:59:27,2026-08-11 14:59:27
218453,1132,DSFC9,COMPRA,435,511.4321,7.9810,2026-08-11 15:33:25,2026-08-11 15:33:28,2026-08-11 15:33:28
218454,2058,ICSU4,COMPRA,245,128.3793,7.7506,2026-08-11 14:14:25,2026-08-11 14:14:25,2026-08-11 14:14:25
218455,1952,YRWH3,COMPRA,274,217.2521,1.3458,2026-08-11 10:20:58,2026-08-11 10:20:58,2026-08-11 10:20:58
218456,3513,RYPL6,COMPRA,115,103.4086,9.5012,2026-08-11 10:39:50,2026-08-11 10:39:50,2026-08-11 10:39:50
218457,2800,NHYK8,COMPRA,160,77.7612,1.2594,2026-08-11 14:51:08,2026-08-11 14:51:11,2026-08-11 14:51:11
218458,2863,HCZM2,COMPRA,455,390.5014,8.9204,2026-08-11 16:53:29,2026-08-11 16:53:31,2026-08-11 16:53:31
218459,1019,PZUP8,COMPRA,420,146.4028,9.0165,2026-08-11 12:12:56,2026-08-11 12:12:58,2026-08-11 12:12:58
218460,2313,HJRH5,COMPRA,90,195.5991,11.6885,2026-08-11 11:15:10,2026-08-11 11:15:13,2026-08-11 11:15:13
218461,1186,WXFC8,COMPRA,305,94.7417,2.3347,2026-08-11 12:53:56,2026-08-11 12:53:57,2026-08-11 12:53:57
218462,1148,QTHQ1,COMPRA,445,21.9352,0.4037,2026-08-11 12:57:21,2026-08-11 12:57:22,2026-08-11 12:57:22
218463,3457,PZUP8,COMPRA,355,150.7090,12.8505,2026-08-11 12:13:27,2026-08-11 12:13:29,2026-08-11 12:13:29
218464,1859,GULD2,COMPRA,365,165.8791,2.6907,2026-08-11 16:18:06,2026-08-11 16:18:07,2026-08-11 16:18:07
218465,1803,JIPR4,COMPRA,140,33.8920,8.6963,2026-08-11 14:59:01,2026-08-11 14:59:02,2026-08-11 14:59:02
218466,2813,UCHR6,COMPRA,35,519.0043,12.3686,2026-08-11 15:48:21,2026-08-11 15:48:24,2026-08-11 15:48:24
218467,1438,LIEG8,COMPRA,241,81.0003,4.5702,2026-08-11 16:59:42,2026-08-11 16:59:42,2026-08-11 16:59:42
218468,2090,IZTY4,COMPRA,460,24.6610,1.2180,2026-08-11 14:23:12,2026-08-11 14:23:14,2026-08-11 14:23:14
218469,2908,IZTY4,VENDA,125,34.2716,9.9182,2026-08-11 12:54:16,2026-08-11 12:54:19,2026-08-11 12:54:19
218470,3512,JUDG8,COMPRA,275,75.8759,2.8102,2026-08-11 10:47:05,2026-08-11 10:47:06,2026-08-11 10:47:06
218471,1599,YIHC3,COMPRA,290,70.1365,10.0214,2026-08-11 10:26:10,2026-08-11 10:26:11,2026-08-11 10:26:11
218472,2093,EEYY9,COMPRA,467,166.9540,3.4388,2026-08-11 11:58:53,2026-08-11 11:58:56,2026-08-11 11:58:56
218473,2734,GAKD5,COMPRA,255,328.6513,1.8111,2026-08-11 13:54:37,2026-08-11 13:54:40,2026-08-11 13:54:40
218474,1823,AAUA7,COMPRA,235,146.7778,2.9993,2026-08-11 15:37:08,2026-08-11 15:37:11,2026-08-11 15:37:11
218475,3232,NREP8,COMPRA,125,146.9642,,2026-08-11 16:23:20,2026-08-11 16:23:23,2026-08-11 16:23:23
218476,3396,AYFQ2,COMPRA,15,10.4203,5.8027,2026-08-11 12:34:43,2026-08-11 12:34:45,2026-08-11 12:34:45
218477,2384,MOLF3,COMPRA,330,40.5655,5.6006,2026-08-11 16:19:14,2026-08-11 16:19:17,2026-08-11 16:19:17
218478,1478,QQQS1,COMPRA,30,21.2687,12.8039,2026-08-11 17:24:09,2026-08-11 17:24:12,2026-08-11 17:24:12
218479,2786,KHGP6,COMPRA,135,89.3894,1.2044,2026-08-11 10:34:55,2026-08-11 10:34:57,2026-08-11 10:34:57
218480,2380,GAKD5,COMPRA,105,321.0320,6.7296,2026-08-11 16:52:18,2026-08-11 16:52:20,2026-08-11 16:52:20
218481,1243,OEQA8,COMPRA,444,430.3465,11.8792,2026-08-11 14:45:52,2026-08-11 14:45:55,2026-08-11 14:45:55
218482,3302,RSBT4,COMPRA,306,495.8362,2.3993,2026-08-11 15:30:21,2026-08-11 15:30:24,2026-08-11 15:30:24
218483,1978,UFMA7,COMPRA,320,151.7818,3.8281,2026-08-11 14:58:20,2026-08-11 14:58:22,2026-08-11 14:58:22
218484,3108,LIEG8,COMPRA,479,110.4701,11.8287,2026-08-11 12:11:33,2026-08-11 12:11:35,2026-08-11 12:11:35
218485,2068,PZUP8,COMPRA,285,125.2638,12.5340,2026-08-11 12:22:35,2026-08-11 12:22:36,2026-08-11 12:22:36
218486,2019,TBWG2,COMPRA,195,82.5197,4.2184,2026-08-11 13:07:17,2026-08-11 13:07:18,2026-08-11 13:07:18
218487,1768,DGBT6,COMPRA,360,94.6756,6.0803,2026-08-11 15:33:10,2026-08-11 15:33:10,2026-08-11 15:33:10
218488,1951,UYFJ9,COMPRA,360,109.9934,3.3808,2026-08-11 14:00:37,2026-08-11 14:00:39,2026-08-11 14:00:39
218489,1532,UCHR6,COMPRA,355,374.5512,11.5724,2026-08-11 14:26:11,2026-08-11 14:26:11,2026-08-11 14:26:11
218490,1022,GAKD5,COMPRA,120,336.1871,12.8743,2026-08-11 12:27:54,2026-08-11 12:27:56,2026-08-11 12:27:56
218491,2398,XTVW5,COMPRA,150,96.6890,9.4022,2026-08-11 16:13:48,2026-08-11 16:13:50,2026-08-11 16:13:50
218492,3390,QYBV3,COMPRA,495,68.5221,1.2876,2026-08-11 15:34:35,2026-08-11 15:34:36,2026-08-11 15:34:36
218493,3349,LQML9,COMPRA,203,164.6914,10.8176,2026-08-11 15:34:23,2026-08-11 15:34:23,2026-08-11 15:34:23
218494,2353,OVYL9,COMPRA,211,60.0000,9.9695,2026-08-11 12:16:28,2026-08-11 12:16:31,2026-08-11 12:16:31
218495,1437,IZTY4,COMPRA,448,26.9119,7.8336,2026-08-11 10:42:02,2026-08-11 10:42:02,2026-08-11 10:42:02
218496,1021,RMRT1,COMPRA,65,87.3231,11.5825,2026-08-11 10:13:41,2026-08-11 10:13:41,2026-08-11 10:13:41
218497,2533,QYBV3,COMPRA,210,87.4972,3.4811,2026-08-11 13:09:37,2026-08-11 13:09:39,2026-08-11 13:09:39
218498,1759,MCMT2,COMPRA,435,80.9183,5.5896,2026-08-11 14:22:26,2026-08-11 14:22:29,2026-08-11 14:22:29
218499,2223,DSFC9,COMPRA,300,496.7179,10.0696,2026-08-11 12:19:24,2026-08-11 12:19:24,2026-08-11 12:19:24
218500,1492,RIET5,COMPRA,235,126.0103,12.6817,2026-08-11 11:05:19,2026-08-11 11:05:22,2026-08-11 11:05:22
218501,3410,ENRZ2,COMPRA,390,120.1673,5.3544,2026-08-11 15:50:37,2026-08-11 15:50:38,2026-08-11 15:50:38
218502,1503,NPEM3,COMPRA,141,87.1773,8.8942,2026-08-11 10:53:58,2026-08-11 10:54:00,2026-08-11 10:54:00
218503,3237,DGBT6,COMPRA,65,73.4258,3.2014,2026-08-11 15:49:03,2026-08-11 15:49:04,2026-08-11 15:49:04
218504,2911,XTVW5,COMPRA,10,98.0612,6.9569,2026-08-11 15:13:35,2026-08-11 15:13:38,2026-08-11 15:13:38
218505,3237,BSDJ7,COMPRA,265,261.5553,9.4465,2026-08-11 15:19:17,2026-08-11 15:19:17,2026-08-11 15:19:17
218506,1127,DFGR7,COMPRA,271,109.7161,8.5254,2026-08-11 13:48:28,2026-08-11 13:48:28,2026-08-11 13:48:28
218507,2682,QHFL8,COMPRA,435,182.6182,9.3667,2026-08-11 16:52:24,2026-08-11 16:52:26,2026-08-11 16:52:26
218508,3165,MCHX2,COMPRA,390,139.7816,1.9555,2026-08-11 15:52:18,2026-08-11 15:52:20,2026-08-11 15:52:20
218509,3047,LGKU6,COMPRA,405,77.5388,11.6275,2026-08-11 14:33:56,2026-08-11 14:33:57,2026-08-11 14:33:57
218510,2829,HCZM2,COMPRA,20,400.4737,3.9812,2026-08-11 14:50:54,2026-08-11 14:50:54,2026-08-11 14:50:54
218511,2026,QQQS1,COMPRA,425,18.7207,1.7586,2026-08-11 10:43:13,2026-08-11 10:43:15,2026-08-11 10:43:15
218512,2042,OXVD8,COMPRA,400,86.6162,7.3164,2026-08-11 12:43:56,2026-08-11 12:43:57,2026-08-11 12:43:57
218513,2197,OEQA8,COMPRA,40,354.2549,1.0818,2026-08-11 16:19:04,2026-08-11 16:19:07,2026-08-11 16:19:07
218514,1986,GFDF2,COMPRA,45,110.6507,3.5106,2026-08-11 11:20:44,2026-08-11 11:20:47,2026-08-11 11:20:47
218515,3245,XAVL3,COMPRA,83,147.0008,11.2069,2026-08-11 15:48:00,2026-08-11 15:48:01,2026-08-11 15:48:01
218516,2454,YBZA3,COMPRA,355,25.6516,12.3333,2026-08-11 16:59:26,2026-08-11 16:59:27,2026-08-11 16:59:27
218517,1777,HCLJ8,COMPRA,220,116.9897,7.5366,2026-08-11 15:28:02,2026-08-11 15:28:02,2026-08-11 15:28:02
218518,2292,JIPA6,COMPRA,365,31.1597,3.0536,2026-08-11 14:38:46,2026-08-11 14:38:49,2026-08-11 14:38:49
218519,2604,YRWH3,COMPRA,55,173.2038,6.9071,2026-08-11 10:25:57,2026-08-11 10:25:57,2026-08-11 10:25:57
218520,1797,ZYVN7,COMPRA,430,88.3981,9.1655,2026-08-11 12:41:32,2026-08-11 12:41:35,2026-08-11 12:41:35
218521,3521,IWAK1,COMPRA,195,78.0466,3.3151,2026-08-11 13:47:16,2026-08-11 13:47:19,2026-08-11 13:47:19
218522,3011,RSBT4,COMPRA,160,405.8558,8.7660,2026-08-11 13:20:42,2026-08-11 13:20:42,2026-08-11 13:20:42
218523,3107,GAKD5,COMPRA,10,324.7189,3.6246,2026-08-11 10:42:43,2026-08-11 10:42:46,2026-08-11 10:42:46
218524,1816,FYZB6,COMPRA,390,70.1010,1.4774,2026-08-11 15:38:18,2026-08-11 15:38:18,2026-08-11 15:38:18
218525,2324,GULD2,COMPRA,500,116.4519,11.5539,2026-08-11 15:25:59,2026-08-11 15:26:01,2026-08-11 15:26:01
218526,1775,DMTZ8,COMPRA,235,188.5131,8.1257,2026-08-11 15:18:57,2026-08-11 15:18:59,2026-08-11 15:18:59
218527,2587,HCLJ8,COMPRA,135,122.7111,6.9539,2026-08-11 11:16:07,2026-08-11 11:16:07,2026-08-11 11:16:07
218528,2885,ENRZ2,COMPRA,220,97.5615,8.8772,2026-08-11 11:04:02,2026-08-11 11:04:02,2026-08-11 11:04:02
218529,2467,IPXK2,COMPRA,395,246.5079,6.1837,2026-08-11 13:02:18,2026-08-11 13:02:20,2026-08-11 13:02:20
218530,2221,KFSY2,COMPRA,140,114.0165,12.8224,2026-08-11 16:58:22,2026-08-11 16:58:22,2026-08-11 16:58:22
218531,1080,WHMT3,COMPRA,215,135.7112,5.4890,2026-08-11 10:20:17,2026-08-11 10:20:20,2026-08-11 10:20:20
218532,1602,JIPR4,COMPRA,355,36.7717,8.7211,2026-08-11 15:02:35,2026-08-11 15:02:38,2026-08-11 15:02:38
218533,2447,LCCH9,COMPRA,45,9.2901,8.0236,2026-08-11 13:28:35,2026-08-11 13:28:37,2026-08-11 13:28:37
218534,1547,RFNS7,COMPRA,335,71.0724,12.6151,2026-08-11 16:08:22,2026-08-11 16:08:24,2026-08-11 16:08:24
218535,1504,QTDZ2,COMPRA,190,45.0341,1.4182,2026-08-11 16:28:06,2026-08-11 16:28:09,2026-08-11 16:28:09
218536,3114,NPEM3,COMPRA,165,121.0099,7.7239,2026-08-11 12:19:07,2026-08-11 12:19:08,2026-08-11 12:19:08
218537,1136,HCLJ8,COMPRA,115,125.4530,7.5784,2026-08-11 16:38:54,2026-08-11 16:38:56,2026-08-11 16:38:56
218538,2852,GFDF2,COMPRA,223,82.5528,8.8112,2026-08-11 14:47:54,2026-08-11 14:47:55,2026-08-11 14:47:55
218539,2695,WHMT3,COMPRA,430,120.1257,7.8878,2026-08-11 12:25:25,2026-08-11 12:25:26,2026-08-11 12:25:26
218540,1811,ZFBT3,COMPRA,375,102.6842,12.4158,2026-08-11 10:45:37,2026-08-11 10:45:39,2026-08-11 10:45:39
218541,2973,IWAK1,COMPRA,121,69.6955,10.3990,2026-08-11 12:04:06,2026-08-11 12:04:09,2026-08-11 12:04:09
218542,1592,IJJK3,COMPRA,455,121.9732,2.4180,2026-08-11 11:30:52,2026-08-11 11:30:53,2026-08-11 11:30:53
218543,2763,XPVA7,COMPRA,295,548.7753,8.9730,2026-08-11 12:03:50,2026-08-11 12:03:53,2026-08-11 12:03:53
218544,3504,BXFJ9,COMPRA,370,187.0327,3.4797,2026-08-11 11:54:28,2026-08-11 11:54:31,2026-08-11 11:54:31
218545,3001,TXHR8,COMPRA,20,77.8137,0.2527,2026-08-11 16:14:40,2026-08-11 16:14:42,2026-08-11 16:14:42
218546,3293,XLZM9,COMPRA,390,44.9739,7.0999,2026-08-11 15:02:45,2026-08-11 15:02:46,2026-08-11 15:02:46
218547,1094,BSDJ7,COMPRA,260,229.4545,5.8689,2026-08-11 13:38:14,2026-08-11 13:38:16,2026-08-11 13:38:16
218548,1460,TVCE9,COMPRA,490,56.4711,12.0746,2026-08-11 15:17:36,2026-08-11 15:17:38,2026-08-11 15:17:38
218549,2890,JIPR4,COMPRA,20,28.7497,8.0850,2026-08-11 15:40:10,2026-08-11 15:40:12,2026-08-11 15:40:12
218550,2947,NPEM3,COMPRA,410,123.7235,4.9182,2026-08-11 15:25:16,2026-08-11 15:25:17,2026-08-11 15:25:17
218551,1175,FIUW1,COMPRA,7,128.0642,2.8215,2026-08-11 10:47:47,2026-08-11 10:47:48,2026-08-11 10:47:48
218552,1351,NREP8,COMPRA,385,111.2584,3.0373,2026-08-11 10:22:36,2026-08-11 10:22:37,2026-08-11 10:22:37
218553,3165,GAKD5,COMPRA,305,313.5210,1.7314,2026-08-11 14:50:17,2026-08-11 14:50:18,2026-08-11 14:50:18
218554,2147,CQJZ4,COMPRA,465,110.3488,7.0853,2026-08-11 16:22:18,2026-08-11 16:22:19,2026-08-11 16:22:19
218555,3160,RMRT1,COMPRA,420,116.3257,2.5502,2026-08-11 14:07:33,2026-08-11 14:07:34,2026-08-11 14:07:34
218556,2331,NAOF3,COMPRA,405,76.7708,6.3332,2026-08-11 16:40:31,2026-08-11 16:40:34,2026-08-11 16:40:34
218557,3043,XLZM9,COMPRA,105,42.3610,10.5010,2026-08-11 16:41:02,2026-08-11 16:41:05,2026-08-11 16:41:05
218558,2862,RMRT1,COMPRA,300,78.1743,7.2356,2026-08-11 15:52:18,2026-08-11 15:52:21,2026-08-11 15:52:21
218559,2566,GAKD5,COMPRA,290,344.2599,4.6958,2026-08-11 13:10:52,2026-08-11 13:10:54,2026-08-11 13:10:54
218560,2506,YOWA1,COMPRA,465,47.9440,3.7649,2026-08-11 10:40:03,2026-08-11 10:40:06,2026-08-11 10:40:06
218561,3121,NQYT3,COMPRA,444,46.9713,2.0240,2026-08-11 12:54:32,2026-08-11 12:54:35,2026-08-11 12:54:35
218562,2949,CQIL9,COMPRA,230,29.3939,8.2568,2026-08-11 17:05:05,2026-08-11 17:05:07,2026-08-11 17:05:07
218563,2484,IWAK1,COMPRA,265,87.5200,6.8769,2026-08-11 10:31:14,2026-08-11 10:31:15,2026-08-11 10:31:15
218564,2177,JIPA6,COMPRA,25,30.9907,3.7555,2026-08-11 13:05:15,2026-08-11 13:05:17,2026-08-11 13:05:17
218565,2814,XOVY4,COMPRA,265,111.8298,3.0061,2026-08-11 11:54:17,2026-08-11 11:54:20,2026-08-11 11:54:20
218566,1323,QQQS1,COMPRA,45,23.1973,2.4864,2026-08-11 13:19:10,2026-08-11 13:19:13,2026-08-11 13:19:13
218567,1376,UYFJ9,COMPRA,75,88.6698,7.2147,2026-08-11 16:49:51,2026-08-11 16:49:52,2026-08-11 16:49:52
218568,2595,YOWA1,COMPRA,15,61.4235,5.7388,2026-08-11 10:05:58,2026-08-11 10:06:00,2026-08-11 10:06:00
218569,1280,BGNM6,COMPRA,130,123.7672,5.8413,2026-08-11 11:49:36,2026-08-11 11:49:37,2026-08-11 11:49:37
218570,1192,UFIU3,COMPRA,293,93.0342,0.8127,2026-08-11 17:10:24,2026-08-11 17:10:26,2026-08-11 17:10:26
218571,1741,ZHTL2,COMPRA,275,52.6444,5.5735,2026-08-11 17:16:15,2026-08-11 17:16:15,2026-08-11 17:16:15
218572,1183,RYPL6,COMPRA,145,66.5758,9.3490,2026-08-11 16:29:06,2026-08-11 16:29:06,2026-08-11 16:29:06
218573,1311,LIEG8,COMPRA,460,115.1925,10.0547,2026-08-11 12:44:25,2026-08-11 12:44:28,2026-08-11 12:44:28
218574,2401,WHMT3,COMPRA,190,107.5867,7.3852,2026-08-11 15:06:17,2026-08-11 15:06:17,2026-08-11 15:06:17
218575,1542,YFAH5,COMPRA,455,135.2345,12.4150,2026-08-11 16:47:50,2026-08-11 16:47:51,2026-08-11 16:47:51
218576,3226,DHRM5,COMPRA,30,352.0342,10.7965,2026-08-11 10:09:10,2026-08-11 10:09:10,2026-08-11 10:09:10
218577,2679,FYZB6,COMPRA,400,52.7943,1.9212,2026-08-11 17:13:49,2026-08-11 17:13:50,2026-08-11 17:13:50
218578,2772,TXHR8,COMPRA,65,94.0493,6.6629,2026-08-11 15:09:54,2026-08-11 15:09:55,2026-08-11 15:09:55
218579,1010,OVUQ2,COMPRA,140,46.6879,4.8015,2026-08-11 16:18:29,2026-08-11 16:18:29,2026-08-11 16:18:29
218580,1685,MCMT2,VENDA,310,79.9086,11.1954,2026-08-11 14:45:38,2026-08-11 14:45:38,2026-08-11 14:45:38
218581,1622,CQIL9,COMPRA,430,36.6177,10.5751,2026-08-11 13:27:50,2026-08-11 13:27:52,2026-08-11 13:27:52
218582,2205,ACSV1,COMPRA,200,113.2268,12.2852,2026-08-11 17:09:16,2026-08-11 17:09:18,2026-08-11 17:09:18
218583,1413,NPEM3,COMPRA,467,90.7116,12.8356,2026-08-11 15:52:27,2026-08-11 15:52:29,2026-08-11 15:52:29
218584,1248,NUJZ2,COMPRA,115,31.8514,12.4334,2026-08-11 16:30:05,2026-08-11 16:30:05,2026-08-11 16:30:05
218585,3516,TXHR8,COMPRA,180,86.7275,5.3309,2026-08-11 14:28:05,2026-08-11 14:28:07,2026-08-11 14:28:07
218586,2758,BXFJ9,COMPRA,73,145.3848,4.6713,2026-08-11 11:18:30,2026-08-11 11:18:30,2026-08-11 11:18:30
218587,1382,IWAK1,COMPRA,105,88.7311,10.6503,2026-08-11 16:04:29,2026-08-11 16:04:31,2026-08-11 16:04:31
218588,1102,ECQD7,COMPRA,15,106.0193,10.7500,2026-08-11 12:45:26,2026-08-11 12:45:28,2026-08-11 12:45:28
218589,1389,UVEY5,COMPRA,400,68.3637,8.5758,2026-08-11 11:38:34,2026-08-11 11:38:34,2026-08-11 11:38:34
218590,1453,MCMT2,COMPRA,20,87.1286,5.8671,2026-08-11 11:36:47,2026-08-11 11:36:48,2026-08-11 11:36:48
218591,3114,EEYY9,COMPRA,380,150.6719,12.3338,2026-08-11 15:48:24,2026-08-11 15:48:27,2026-08-11 15:48:27
218592,2531,TBWG2,COMPRA,258,86.3472,1.3953,2026-08-11 16:17:15,2026-08-11 16:17:15,2026-08-11 16:17:15
218593,3340,XPVA7,COMPRA,70,520.6111,8.3402,2026-08-11 12:51:54,2026-08-11 12:51:55,2026-08-11 12:51:55
218594,2450,JJVW6,COMPRA,90,140.6387,3.5776,2026-08-11 13:49:54,2026-08-11 13:49:57,2026-08-11 13:49:57
218595,1788,BXFJ9,COMPRA,380,163.6283,6.6522,2026-08-11 14:43:20,2026-08-11 14:43:20,2026-08-11 14:43:20
218596,2748,KQEO3,COMPRA,290,79.4939,5.1654,2026-08-11 13:17:26,2026-08-11 13:17:28,2026-08-11 13:17:28
218597,3359,TXHR8,COMPRA,420,105.2903,9.6992,2026-08-11 14:31:00,2026-08-11 14:31:03,2026-08-11 14:31:03
218598,1302,DSFC9,COMPRA,190,335.5094,4.6224,2026-08-11 13:14:12,2026-08-11 13:14:13,2026-08-11 13:14:13
218599,3203,NQYT3,COMPRA,325,47.6257,10.9972,2026-08-11 16:41:07,2026-08-11 16:41:10,2026-08-11 16:41:10
218600,2753,RDOA3,COMPRA,255,74.0425,7.7104,2026-08-11 11:11:01,2026-08-11 11:11:04,2026-08-11 11:11:04
218601,3411,JJVW6,COMPRA,440,145.9877,3.0787,2026-08-11 10:59:15,2026-08-11 10:59:15,2026-08-11 10:59:15
218602,1242,IZTY4,COMPRA,344,34.5896,11.1423,2026-08-11 11:12:16,2026-08-11 11:12:18,2026-08-11 11:12:18
218603,3301,UQJU7,COMPRA,390,88.5517,2.2404,2026-08-11 10:45:28,2026-08-11 10:45:28,2026-08-11 10:45:28
218604,1075,YRWH3,COMPRA,185,220.9247,6.3295,2026-08-11 17:04:33,2026-08-11 17:04:36,2026-08-11 17:04:36
218605,2374,NAOF3,COMPRA,45,74.6967,2.1765,2026-08-11 15:09:25,2026-08-11 15:09:26,2026-08-11 15:09:26
218606,1258,JIPA6,COMPRA,205,30.3932,6.2387,2026-08-11 11:10:00,2026-08-11 11:10:03,2026-08-11 11:10:03
218607,1488,HJRH5,COMPRA,250,128.0148,3.4010,2026-08-11 12:34:19,2026-08-11 12:34:19,2026-08-11 12:34:19
218608,2484,UCHR6,COMPRA,390,484.8837,3.3189,2026-08-11 15:33:04,2026-08-11 15:33:07,2026-08-11 15:33:07
218609,2058,QQQS1,COMPRA,90,21.0857,1.4100,2026-08-11 16:17:08,2026-08-11 16:17:09,2026-08-11 16:17:09
218610,2274,QTHQ1,COMPRA,235,27.5048,4.0196,2026-08-11 10:24:49,2026-08-11 10:24:50,2026-08-11 10:24:50
218611,1078,UVEY5,COMPRA,315,97.2009,10.4908,2026-08-11 16:49:28,2026-08-11 16:49:31,2026-08-11 16:49:31
218612,2483,TXHR8,COMPRA,385,67.0070,9.1350,2026-08-11 10:44:48,2026-08-11 10:44:49,2026-08-11 10:44:49
218613,3527,RYPL6,COMPRA,465,79.7155,10.7924,2026-08-11 14:53:32,2026-08-11 14:53:33,2026-08-11 14:53:33
218614,3498,KQEO3,COMPRA,360,75.5828,0.3114,2026-08-11 13:34:23,2026-08-11 13:34:24,2026-08-11 13:34:24
218615,1935,SUZL4,COMPRA,144,117.4301,10.0029,2026-08-11 12:47:40,2026-08-11 12:47:43,2026-08-11 12:47:43
218616,2314,ZFBT3,COMPRA,465,122.2605,9.3586,2026-08-11 17:16:08,2026-08-11 17:16:11,2026-08-11 17:16:11
218617,2817,TBWG2,COMPRA,91,100.0309,4.5912,2026-08-11 14:22:06,2026-08-11 14:22:06,2026-08-11 14:22:06
218618,3085,TXHR8,COMPRA,250,106.5186,2.2801,2026-08-11 14:02:14,2026-08-11 14:02:14,2026-08-11 14:02:14
218619,2603,QEUC2,COMPRA,235,135.5826,9.3125,2026-08-11 13:57:26,2026-08-11 13:57:27,2026-08-11 13:57:27
218620,1532,WXQM6,COMPRA,285,52.3845,12.5915,2026-08-11 11:49:26,2026-08-11 11:49:29,2026-08-11 11:49:29
218621,3507,SUZL4,COMPRA,320,144.2367,6.8205,2026-08-11 11:45:31,2026-08-11 11:45:31,2026-08-11 11:45:31
218622,2647,PSEN6,COMPRA,320,213.8539,3.7222,2026-08-11 13:38:57,2026-08-11 13:39:00,2026-08-11 13:39:00
218623,2994,OXVD8,COMPRA,105,61.7002,6.8558,2026-08-11 15:24:39,2026-08-11 15:24:40,2026-08-11 15:24:40
218624,2470,MCHX2,COMPRA,384,127.1674,1.3018,2026-08-11 15:10:15,2026-08-11 15:10:18,2026-08-11 15:10:18
218625,3454,DMTZ8,COMPRA,310,198.6970,10.0351,2026-08-11 12:55:56,2026-08-11 12:55:58,2026-08-11 12:55:58
218626,2454,RYPL6,COMPRA,259,103.9417,1.6248,2026-08-11 14:43:28,2026-08-11 14:43:30,2026-08-11 14:43:30
218627,3047,NREP8,COMPRA,60,102.2321,11.4566,2026-08-11 16:54:08,2026-08-11 16:54:08,2026-08-11 16:54:08
218628,2485,LQML9,COMPRA,383,123.7355,7.7988,2026-08-11 17:17:42,2026-08-11 17:17:45,2026-08-11 17:17:45
218629,1059,ICSU4,COMPRA,60,155.3171,6.6663,2026-08-11 10:04:21,2026-08-11 10:04:23,2026-08-11 10:04:23
218630,2424,XTVW5,COMPRA,391,115.6704,4.3190,2026-08-11 16:26:13,2026-08-11 16:26:13,2026-08-11 16:26:13
218631,2188,QATW7,COMPRA,435,39.8518,4.6998,2026-08-11 16:58:46,2026-08-11 16:58:47,2026-08-11 16:58:47
218632,2228,XTVW5,COMPRA,165,97.9083,2.4763,2026-08-11 16:29:06,2026-08-11 16:29:08,2026-08-11 16:29:08
218633,2128,IWAK1,COMPRA,327,62.2996,0.3574,2026-08-11 17:05:34,2026-08-11 17:05:37,2026-08-11 17:05:37
218634,2752,XLZM9,COMPRA,120,48.3978,0.8847,2026-08-11 16:14:16,2026-08-11 16:14:16,2026-08-11 16:14:16
218635,2301,LIEG8,COMPRA,450,75.2359,11.2068,2026-08-11 12:24:09,2026-08-11 12:24:11,2026-08-11 12:24:11
218636,3203,LGKU6,COMPRA,135,81.3448,1.2334,2026-08-11 12:34:07,2026-08-11 12:34:10,2026-08-11 12:34:10
218637,1614,LGKU6,COMPRA,315,90.7204,6.3550,2026-08-11 13:38:25,2026-08-11 13:38:25,2026-08-11 13:38:25
218638,1690,TTHO3,COMPRA,430,37.7473,0.5536,2026-08-11 13:57:17,2026-08-11 13:57:20,2026-08-11 13:57:20
218639,3286,YYLA4,COMPRA,170,226.7762,1.3533,2026-08-11 16:42:58,2026-08-11 16:43:00,2026-08-11 16:43:00
218640,1352,RFNS7,COMPRA,415,80.4121,3.4767,2026-08-11 11:48:45,2026-08-11 11:48:48,2026-08-11 11:48:48
218641,2281,KHGP6,COMPRA,335,97.3682,3.2513,2026-08-11 11:38:08,2026-08-11 11:38:10,2026-08-11 11:38:10
218642,1446,SUZL4,COMPRA,305,169.2793,4.7778,2026-08-11 12:15:42,2026-08-11 12:15:42,2026-08-11 12:15:42
218643,2727,NREP8,COMPRA,205,122.8317,8.4115,2026-08-11 14:56:36,2026-08-11 14:56:38,2026-08-11 14:56:38
218644,2575,NAOF3,COMPRA,85,79.1970,5.8794,2026-08-11 16:30:09,2026-08-11 16:30:11,2026-08-11 16:30:11
218645,1683,ZYVN7,COMPRA,8,91.9156,7.9395,2026-08-11 13:24:30,2026-08-11 13:24:30,2026-08-11 13:24:30
218646,2968,QTDZ2,COMPRA,379,48.6327,5.8190,2026-08-11 16:56:08,2026-08-11 16:56:11,2026-08-11 16:56:11
218647,1002,WIPB2,COMPRA,345,105.0734,5.7002,2026-08-11 14:32:21,2026-08-11 14:32:23,2026-08-11 14:32:23
218648,3203,JIPR4,COMPRA,490,30.7334,10.1817,2026-08-11 14:21:00,2026-08-11 14:21:00,2026-08-11 14:21:00
218649,1484,PQUT9,COMPRA,230,93.3362,9.5656,2026-08-11 10:22:51,2026-08-11 10:22:54,2026-08-11 10:22:54
218650,1316,YRWH3,COMPRA,203,192.2407,2.8151,2026-08-11 15:32:43,2026-08-11 15:32:45,2026-08-11 15:32:45
218651,2566,FIUW1,COMPRA,259,132.7653,9.8025,2026-08-11 13:29:48,2026-08-11 13:29:48,2026-08-11 13:29:48
218652,1266,ICSU4,COMPRA,260,140.2703,2.6212,2026-08-11 12:45:47,2026-08-11 12:45:47,2026-08-11 12:45:47
218653,2273,RDOA3,COMPRA,90,107.2368,6.2824,2026-08-11 16:42:49,2026-08-11 16:42:51,2026-08-11 16:42:51
218654,2031,XPVA7,COMPRA,325,570.8027,11.4554,2026-08-11 15:57:54,2026-08-11 15:57:55,2026-08-11 15:57:55
218655,3013,RIET5,COMPRA,415,115.3204,3.8438,2026-08-11 12:11:23,2026-08-11 12:11:23,2026-08-11 12:11:23
218656,2914,CQIL9,COMPRA,395,42.8165,11.0207,2026-08-11 11:25:23,2026-08-11 11:25:23,2026-08-11 11:25:23
218657,1172,NQYT3,VENDA,311,63.7591,3.3026,2026-08-11 16:20:11,2026-08-11 16:20:14,2026-08-11 16:20:14
218658,3313,OVUQ2,COMPRA,118,61.2649,12.0031,2026-08-11 14:09:15,2026-08-11 14:09:16,2026-08-11 14:09:16
218659,2471,SRDU1,COMPRA,485,99.1566,1.3829,2026-08-11 16:04:46,2026-08-11 16:04:48,2026-08-11 16:04:48
218660,2887,XLZM9,COMPRA,140,61.9680,8.2215,2026-08-11 16:49:54,2026-08-11 16:49:57,2026-08-11 16:49:57
218661,2584,HCZM2,COMPRA,465,512.3336,4.1333,2026-08-11 14:46:38,2026-08-11 14:46:41,2026-08-11 14:46:41
218662,2738,YCCK8,VENDA,450,414.0327,12.6173,2026-08-11 10:30:30,2026-08-11 10:30:30,2026-08-11 10:30:30
218663,1109,XPVA7,COMPRA,105,523.9223,8.9660,2026-08-11 10:40:41,2026-08-11 10:40:44,2026-08-11 10:40:44
218664,1468,TXHR8,COMPRA,190,83.2026,7.0864,2026-08-11 11:26:33,2026-08-11 11:26:36,2026-08-11 11:26:36
218665,2815,LCCH9,COMPRA,488,6.8775,11.9304,2026-08-11 10:57:30,2026-08-11 10:57:30,2026-08-11 10:57:30
218666,3095,XLZM9,COMPRA,380,40.9638,4.1592,2026-08-11 14:24:10,2026-08-11 14:24:12,2026-08-11 14:24:12
218667,3241,FRGH8,COMPRA,480,72.2974,9.3790,2026-08-11 15:58:14,2026-08-11 15:58:14,2026-08-11 15:58:14
218668,1374,TNHT4,COMPRA,140,129.5719,1.1060,2026-08-11 14:40:16,2026-08-11 14:40:17,2026-08-11 14:40:17
218669,2145,UYFJ9,COMPRA,305,101.6379,2.3468,2026-08-11 11:31:16,2026-08-11 11:31:17,2026-08-11 11:31:17
218670,1802,YFAH5,COMPRA,90,163.4071,,2026-08-11 10:12:16,2026-08-11 10:12:17,2026-08-11 10:12:17
218671,1546,IJJK3,COMPRA,295,135.4818,3.5914,2026-08-11 12:31:28,2026-08-11 12:31:31,2026-08-11 12:31:31
218672,3355,RFNS7,COMPRA,300,73.5564,3.5819,2026-08-11 11:21:52,2026-08-11 11:21:54,2026-08-11 11:21:54
218673,2232,IPXK2,COMPRA,335,270.8459,9.2827,2026-08-11 12:35:23,2026-08-11 12:35:23,2026-08-11 12:35:23
218674,2985,VLEB3,COMPRA,80,342.3614,5.7991,2026-08-11 16:42:37,2026-08-11 16:42:40,2026-08-11 16:42:40
218675,2121,QATW7,COMPRA,190,44.4574,4.4762,2026-08-11 17:04:23,2026-08-11 17:04:24,2026-08-11 17:04:24
218676,2119,NAOF3,COMPRA,350,53.7259,3.0256,2026-08-11 15:01:41,2026-08-11 15:01:41,2026-08-11 15:01:41
218677,2224,WMQZ6,COMPRA,430,78.2301,7.1568,2026-08-11 12:03:39,2026-08-11 12:03:41,2026-08-11 12:03:41
218678,1213,WXQM6,COMPRA,45,54.5190,5.2110,2026-08-11 12:16:16,2026-08-11 12:16:19,2026-08-11 12:16:19
218679,1430,SGBG8,COMPRA,325,95.2708,2.9441,2026-08-11 15:18:03,2026-08-11 15:18:03,2026-08-11 15:18:03
218680,2559,NWGB4,COMPRA,475,110.6178,5.5181,2026-08-11 17:21:57,2026-08-11 17:22:00,2026-08-11 17:22:00
218681,3506,UFIU3,COMPRA,450,92.2405,1.8052,2026-08-11 15:43:04,2026-08-11 15:43:05,2026-08-11 15:43:05
218682,2341,HJRH5,COMPRA,310,198.1195,2.3421,2026-08-11 14:38:25,2026-08-11 14:38:27,2026-08-11 14:38:27
218683,3073,UCHR6,COMPRA,370,327.3191,4.7219,2026-08-11 13:29:38,2026-08-11 13:29:40,2026-08-11 13:29:40
218684,2630,TVCE9,COMPRA,430,76.7270,9.2132,2026-08-11 14:59:14,2026-08-11 14:59:14,2026-08-11 14:59:14
218685,2568,YBZA3,COMPRA,390,20.3744,5.0450,2026-08-11 10:31:34,2026-08-11 10:31:37,2026-08-11 10:31:37
218686,2793,KQEO3,COMPRA,170,89.7671,2.4549,2026-08-11 14:59:52,2026-08-11 14:59:53,2026-08-11 14:59:53
218687,1242,NYGT6,COMPRA,420,131.4775,0.0642,2026-08-11 12:14:26,2026-08-11 12:14:26,2026-08-11 12:14:26
218688,2643,IZTY4,COMPRA,130,26.2056,2.4521,2026-08-11 14:15:30,2026-08-11 14:15:33,2026-08-11 14:15:33
218689,1066,DQSN6,COMPRA,310,169.2996,5.7679,2026-08-11 10:17:40,2026-08-11 10:17:40,2026-08-11 10:17:40
218690,1072,AAUA7,COMPRA,355,142.9143,10.7615,2026-08-11 10:41:58,2026-08-11 10:41:58,2026-08-11 10:41:58
218691,2727,BXFJ9,COMPRA,360,160.5858,10.9795,2026-08-11 12:03:01,2026-08-11 12:03:04,2026-08-11 12:03:04
218692,3504,NAOF3,COMPRA,365,63.1791,0.7912,2026-08-11 17:26:41,2026-08-11 17:26:44,2026-08-11 17:26:44
218693,2710,UFMA7,COMPRA,295,193.8810,8.2435,2026-08-11 14:29:53,2026-08-11 14:29:55,2026-08-11 14:29:55
218694,2030,XLZM9,COMPRA,340,40.0274,5.3898,2026-08-11 16:46:04,2026-08-11 16:46:06,2026-08-11 16:46:06
218695,2139,LIEG8,COMPRA,200,84.5493,1.9018,2026-08-11 12:23:02,2026-08-11 12:23:05,2026-08-11 12:23:05
218696,1173,TVCE9,COMPRA,65,53.3760,2.3021,2026-08-11 15:48:55,2026-08-11 15:48:55,2026-08-11 15:48:55
218697,2308,FIUW1,VENDA,213,84.5267,3.0019,2026-08-11 15:12:16,2026-08-11 15:12:17,2026-08-11 15:12:17
218698,3455,IWFI1,COMPRA,310,149.2142,6.6110,2026-08-11 12:42:42,2026-08-11 12:42:44,2026-08-11 12:42:44
218699,2768,FYZB6,COMPRA,25,57.4270,0.6223,2026-08-11 14:11:48,2026-08-11 14:11:49,2026-08-11 14:11:49
218700,1151,YBZA3,COMPRA,240,28.3590,2.6705,2026-08-11 11:16:10,2026-08-11 11:16:10,2026-08-11 11:16:10
218701,2281,NYGT6,COMPRA,275,114.9398,3.7671,2026-08-11 15:03:35,2026-08-11 15:03:37,2026-08-11 15:03:37
218702,2344,TVCE9,COMPRA,85,80.2097,6.8368,2026-08-11 17:16:32,2026-08-11 17:16:32,2026-08-11 17:16:32
218703,1961,HVEX2,COMPRA,470,142.5953,8.2205,2026-08-11 13:47:15,2026-08-11 13:47:15,2026-08-11 13:47:15
218704,3089,TNHT4,COMPRA,320,108.5718,8.6069,2026-08-11 14:03:49,2026-08-11 14:03:51,2026-08-11 14:03:51
218705,2235,WIPB2,COMPRA,160,105.0671,6.7463,2026-08-11 12:19:00,2026-08-11 12:19:00,2026-08-11 12:19:00
218706,2737,ECQD7,COMPRA,240,78.9121,10.0306,2026-08-11 12:51:40,2026-08-11 12:51:42,2026-08-11 12:51:42
218707,3321,XLZM9,COMPRA,115,66.1030,10.8981,2026-08-11 15:33:07,2026-08-11 15:33:07,2026-08-11 15:33:07
218708,3259,NWGB4,COMPRA,216,121.6297,10.4302,2026-08-11 17:05:33,2026-08-11 17:05:34,2026-08-11 17:05:34
218709,1513,NPEM3,COMPRA,407,89.3719,10.0335,2026-08-11 12:41:51,2026-08-11 12:41:51,2026-08-11 12:41:51
218710,2763,ERTC4,COMPRA,180,59.7788,7.8429,2026-08-11 17:09:39,2026-08-11 17:09:40,2026-08-11 17:09:40
218711,2783,JJVW6,VENDA,150,126.1724,8.0492,2026-08-11 17:08:35,2026-08-11 17:08:36,2026-08-11 17:08:36
218712,1258,BGNM6,COMPRA,335,83.2869,4.2181,2026-08-11 15:51:09,2026-08-11 15:51:09,2026-08-11 15:51:09
218713,2337,FYZB6,COMPRA,470,73.9130,10.5918,2026-08-11 14:50:11,2026-08-11 14:50:14,2026-08-11 14:50:14
218714,3162,RYPL6,COMPRA,170,86.7734,12.5615,2026-08-11 14:22:33,2026-08-11 14:22:34,2026-08-11 14:22:34
218715,3207,NPEM3,COMPRA,125,89.3285,6.9783,2026-08-11 10:19:59,2026-08-11 10:20:01,2026-08-11 10:20:01
218716,1642,XOVY4,COMPRA,315,89.8901,8.1007,2026-08-11 11:36:19,2026-08-11 11:36:19,2026-08-11 11:36:19
218717,1057,QTHQ1,COMPRA,500,27.9967,12.1037,2026-08-11 15:12:19,2026-08-11 15:12:19,2026-08-11 15:12:19
218718,1304,OXVD8,COMPRA,185,96.0378,9.5497,2026-08-11 17:16:41,2026-08-11 17:16:41,2026-08-11 17:16:41
218719,2027,OXVD8,COMPRA,405,76.0337,10.9305,2026-08-11 15:02:16,2026-08-11 15:02:18,2026-08-11 15:02:18
218720,1581,ECQD7,COMPRA,490,80.8042,2.9438,2026-08-11 14:04:17,2026-08-11 14:04:18,2026-08-11 14:04:18
218721,2699,NWGB4,COMPRA,325,146.5187,7.1558,2026-08-11 14:12:26,2026-08-11 14:12:29,2026-08-11 14:12:29
218722,3137,IPXK2,COMPRA,135,248.2412,12.3716,2026-08-11 10:26:29,2026-08-11 10:26:31,2026-08-11 10:26:31
218723,3158,WHMT3,COMPRA,240,126.8273,9.7678,2026-08-11 11:15:28,2026-08-11 11:15:31,2026-08-11 11:15:31
218724,1195,ECQD7,COMPRA,95,112.0726,3.4326,2026-08-11 17:18:11,2026-08-11 17:18:12,2026-08-11 17:18:12
218725,2208,IJJK3,COMPRA,195,96.8770,0.5696,2026-08-11 12:27:58,2026-08-11 12:27:58,2026-08-11 12:27:58
218726,2898,XPVA7,COMPRA,82,453.2640,12.1415,2026-08-11 15:04:13,2026-08-11 15:04:13,2026-08-11 15:04:13
218727,2597,TXHR8,COMPRA,140,87.2488,11.5624,2026-08-11 16:43:12,2026-08-11 16:43:14,2026-08-11 16:43:14
218728,2661,SUZL4,COMPRA,85,126.5532,4.8774,2026-08-11 12:04:36,2026-08-11 12:04:36,2026-08-11 12:04:36
218729,2873,BSDJ7,COMPRA,50,275.2002,11.7585,2026-08-11 12:03:40,2026-08-11 12:03:43,2026-08-11 12:03:43
218730,1320,OVUQ2,COMPRA,205,52.1585,2.4632,2026-08-11 14:54:22,2026-08-11 14:54:24,2026-08-11 14:54:24
218731,1386,KFSY2,COMPRA,219,107.9990,9.5457,2026-08-11 12:13:07,2026-08-11 12:13:09,2026-08-11 12:13:09
218732,2247,EEYY9,COMPRA,460,197.5797,3.1285,2026-08-11 14:31:40,2026-08-11 14:31:40,2026-08-11 14:31:40
218733,1141,MJDL9,COMPRA,445,28.3388,11.2169,2026-08-11 10:46:55,2026-08-11 10:46:55,2026-08-11 10:46:55
218734,3024,GULD2,COMPRA,410,140.0184,5.5050,2026-08-11 16:03:22,2026-08-11 16:03:24,2026-08-11 16:03:24
218735,2937,WHMT3,COMPRA,165,93.3412,0.2196,2026-08-11 17:00:43,2026-08-11 17:00:43,2026-08-11 17:00:43
218736,2882,LGKU6,COMPRA,186,72.6369,7.9830,2026-08-11 14:39:55,2026-08-11 14:39:58,2026-08-11 14:39:58
218737,3006,TNHT4,COMPRA,175,149.4125,,2026-08-11 17:18:52,2026-08-11 17:18:52,2026-08-11 17:18:52
218738,1967,JUDG8,COMPRA,482,81.3705,10.7385,2026-08-11 16:53:22,2026-08-11 16:53:22,2026-08-11 16:53:22
218739,1741,MGRR2,COMPRA,280,113.8335,12.0857,2026-08-11 15:36:21,2026-08-11 15:36:23,2026-08-11 15:36:23
218740,1509,OVUQ2,COMPRA,250,38.4597,4.3256,2026-08-11 14:25:13,2026-08-11 14:25:13,2026-08-11 14:25:13
218741,3089,FIUW1,COMPRA,296,101.7350,5.3161,2026-08-11 14:08:34,2026-08-11 14:08:35,2026-08-11 14:08:35
218742,1779,IWFI1,COMPRA,440,189.0206,7.9790,2026-08-11 12:11:23,2026-08-11 12:11:24,2026-08-11 12:11:24
218743,3041,TXHR8,COMPRA,190,83.4493,2.8233,2026-08-11 15:18:05,2026-08-11 15:18:07,2026-08-11 15:18:07
218744,1109,MGRR2,COMPRA,357,104.6875,5.8746,2026-08-11 11:14:52,2026-08-11 11:14:54,2026-08-11 11:14:54
218745,2383,FIUW1,COMPRA,115,88.8711,11.4616,2026-08-11 15:54:59,2026-08-11 15:55:00,2026-08-11 15:55:00
218746,3141,NREP8,COMPRA,495,149.9980,9.9835,2026-08-11 15:17:47,2026-08-11 15:17:48,2026-08-11 15:17:48
218747,1389,BGNM6,COMPRA,250,92.4284,12.3169,2026-08-11 14:49:29,2026-08-11 14:49:29,2026-08-11 14:49:29
218748,2962,TNHT4,COMPRA,15,138.2164,9.9736,2026-08-11 15:42:50,2026-08-11 15:42:50,2026-08-11 15:42:50
218749,1676,NPEM3,COMPRA,15,81.2561,8.1928,2026-08-11 11:25:46,2026-08-11 11:25:47,2026-08-11 11:25:47
218750,3519,MJDL9,COMPRA,310,39.8188,1.4301,2026-08-11 13:32:43,2026-08-11 13:32:43,2026-08-11 13:32:43
218751,3159,RMRT1,COMPRA,415,78.9985,0.5540,2026-08-11 15:18:04,2026-08-11 15:18:04,2026-08-11 15:18:04
218752,3293,MWVU7,COMPRA,115,60.3641,2.5639,2026-08-11 11:02:30,2026-08-11 11:02:33,2026-08-11 11:02:33
218753,2750,BOCS8,COMPRA,115,74.1036,4.1537,2026-08-11 17:20:18,2026-08-11 17:20:19,2026-08-11 17:20:19
218754,2990,CQJZ4,COMPRA,135,88.4093,12.6680,2026-08-11 14:45:26,2026-08-11 14:45:26,2026-08-11 14:45:26
218755,1611,MGRR2,COMPRA,160,103.6151,7.5936,2026-08-11 14:34:15,2026-08-11 14:34:15,2026-08-11 14:34:15
218756,1915,YFAH5,COMPRA,450,151.1308,2.5432,2026-08-11 10:37:41,2026-08-11 10:37:43,2026-08-11 10:37:43
218757,2761,ZAAS7,COMPRA,360,329.8797,9.4877,2026-08-11 16:59:38,2026-08-11 16:59:39,2026-08-11 16:59:39
218758,1258,MJDL9,COMPRA,460,30.7927,3.8960,2026-08-11 13:01:03,2026-08-11 13:01:03,2026-08-11 13:01:03
218759,3430,IJJK3,COMPRA,435,86.0803,9.8217,2026-08-11 10:38:41,2026-08-11 10:38:41,2026-08-11 10:38:41
218760,2015,YOWA1,COMPRA,210,52.6648,11.2923,2026-08-11 11:02:00,2026-08-11 11:02:00,2026-08-11 11:02:00
218761,1027,DSFC9,COMPRA,220,526.3695,3.5583,2026-08-11 13:54:53,2026-08-11 13:54:54,2026-08-11 13:54:54
218762,1861,UFMA7,COMPRA,20,162.4159,6.0063,2026-08-11 17:02:19,2026-08-11 17:02:22,2026-08-11 17:02:22
218763,1503,UFMA7,COMPRA,30,147.7947,6.7721,2026-08-11 10:18:59,2026-08-11 10:18:59,2026-08-11 10:18:59
218764,2635,LQML9,COMPRA,465,130.0104,0.8640,2026-08-11 13:20:25,2026-08-11 13:20:25,2026-08-11 13:20:25
218765,1180,TNHT4,COMPRA,320,101.3893,4.5198,2026-08-11 15:33:53,2026-08-11 15:33:54,2026-08-11 15:33:54
218766,1817,PQUT9,COMPRA,445,79.9093,8.5357,2026-08-11 12:46:19,2026-08-11 12:46:22,2026-08-11 12:46:22
218767,2561,RSBT4,COMPRA,195,489.1875,1.0376,2026-08-11 12:41:37,2026-08-11 12:41:40,2026-08-11 12:41:40
218768,1801,YOWA1,COMPRA,135,43.6060,1.2538,2026-08-11 15:14:02,2026-08-11 15:14:02,2026-08-11 15:14:02
218769,1723,GKQC5,COMPRA,310,140.3418,10.1592,2026-08-11 17:23:18,2026-08-11 17:23:20,2026-08-11 17:23:20
218770,1561,SVOZ4,COMPRA,220,43.0634,1.0091,2026-08-11 13:47:14,2026-08-11 13:47:16,2026-08-11 13:47:16
218771,3351,UVEY5,COMPRA,490,97.4290,2.3226,2026-08-11 10:24:11,2026-08-11 10:24:11,2026-08-11 10:24:11
218772,1828,ICSU4,COMPRA,60,114.3874,1.7593,2026-08-11 14:40:51,2026-08-11 14:40:51,2026-08-11 14:40:51
218773,2733,NUJZ2,VENDA,65,31.7416,8.3129,2026-08-11 15:22:31,2026-08-11 15:22:34,2026-08-11 15:22:34
218774,2757,YCCK8,COMPRA,25,340.5482,3.7857,2026-08-11 13:49:30,2026-08-11 13:49:31,2026-08-11 13:49:31
218775,2875,ERTC4,COMPRA,439,48.5123,1.4917,2026-08-11 13:42:54,2026-08-11 13:42:57,2026-08-11 13:42:57
218776,1745,UFMA7,COMPRA,190,169.5157,12.4223,2026-08-11 12:11:31,2026-08-11 12:11:31,2026-08-11 12:11:31
218777,1311,YRWH3,COMPRA,465,204.3995,5.3159,2026-08-11 16:12:33,2026-08-11 16:12:34,2026-08-11 16:12:34
218778,2199,DFGR7,COMPRA,25,98.6906,6.3685,2026-08-11 15:07:42,2026-08-11 15:07:45,2026-08-11 15:07:45
218779,2717,MOLF3,COMPRA,395,66.0068,10.5251,2026-08-11 12:04:56,2026-08-11 12:04:57,2026-08-11 12:04:57
218780,1204,DEGN5,COMPRA,83,86.5878,12.6583,2026-08-11 12:14:12,2026-08-11 12:14:13,2026-08-11 12:14:13
218781,3489,JUDG8,COMPRA,199,80.2921,9.0747,2026-08-11 10:32:41,2026-08-11 10:32:42,2026-08-11 10:32:42
218782,3418,NUJZ2,COMPRA,240,26.1538,3.7803,2026-08-11 14:14:55,2026-08-11 14:14:57,2026-08-11 14:14:57
218783,2257,ECQD7,COMPRA,215,96.3991,7.8112,2026-08-11 17:12:50,2026-08-11 17:12:52,2026-08-11 17:12:52
218784,1224,KQEO3,COMPRA,180,78.0070,6.6442,2026-08-11 16:57:13,2026-08-11 16:57:14,2026-08-11 16:57:14
218785,2124,ACSV1,COMPRA,385,92.1915,7.0215,2026-08-11 15:51:17,2026-08-11 15:51:18,2026-08-11 15:51:18
218786,3029,SUZL4,COMPRA,430,103.0007,8.1067,2026-08-11 14:44:59,2026-08-11 14:44:59,2026-08-11 14:44:59
218787,2948,LQML9,COMPRA,52,154.3597,1.6219,2026-08-11 12:53:32,2026-08-11 12:53:32,2026-08-11 12:53:32
218788,1650,DGBT6,COMPRA,292,74.2264,5.4084,2026-08-11 11:24:44,2026-08-11 11:24:45,2026-08-11 11:24:45
218789,2359,QTDZ2,COMPRA,55,38.7136,8.7026,2026-08-11 11:23:10,2026-08-11 11:23:13,2026-08-11 11:23:13
218790,2136,AAUA7,COMPRA,325,147.4757,3.3616,2026-08-11 10:58:24,2026-08-11 10:58:25,2026-08-11 10:58:25
218791,1414,DGBT6,COMPRA,270,106.8577,8.7649,2026-08-11 12:50:42,2026-08-11 12:50:44,2026-08-11 12:50:44
218792,2968,RFNS7,COMPRA,310,85.9266,11.6685,2026-08-11 15:02:00,2026-08-11 15:02:00,2026-08-11 15:02:00
218793,1483,QATW7,COMPRA,180,56.6336,4.9500,2026-08-11 16:33:52,2026-08-11 16:33:55,2026-08-11 16:33:55
218794,1876,SGBG8,COMPRA,460,75.2624,11.5502,2026-08-11 14:51:46,2026-08-11 14:51:46,2026-08-11 14:51:46
218795,1140,XTVW5,COMPRA,430,134.0742,5.7720,2026-08-11 11:09:41,2026-08-11 11:09:44,2026-08-11 11:09:44
218796,1579,JIPR4,COMPRA,25,28.5303,11.6978,2026-08-11 11:28:20,2026-08-11 11:28:23,2026-08-11 11:28:23
218797,1302,MOLF3,COMPRA,460,56.5930,1.7101,2026-08-11 11:21:30,2026-08-11 11:21:30,2026-08-11 11:21:30
218798,2191,YFAH5,COMPRA,400,207.3806,10.2456,2026-08-11 17:24:43,2026-08-11 17:24:43,2026-08-11 17:24:43
218799,2534,IJJK3,COMPRA,434,118.6390,2.0040,2026-08-11 10:15:34,2026-08-11 10:15:35,2026-08-11 10:15:35
218800,1709,XAVL3,COMPRA,30,140.3111,11.4728,2026-08-11 10:22:54,2026-08-11 10:22:55,2026-08-11 10:22:55
218801,2004,WHMT3,COMPRA,180,95.4052,8.2435,2026-08-11 16:32:50,2026-08-11 16:32:51,2026-08-11 16:32:51
218802,1798,NWGB4,COMPRA,440,106.7996,6.6944,2026-08-11 13:32:28,2026-08-11 13:32:30,2026-08-11 13:32:30
218803,3301,IPXK2,COMPRA,326,256.0968,0.9380,2026-08-11 13:10:46,2026-08-11 13:10:47,2026-08-11 13:10:47
218804,2373,ACSV1,COMPRA,160,81.6967,9.2447,2026-08-11 14:31:36,2026-08-11 14:31:36,2026-08-11 14:31:36
218805,2531,AAUA7,COMPRA,340,135.4420,1.8117,2026-08-11 13:47:12,2026-08-11 13:47:13,2026-08-11 13:47:13
218806,1586,TTHO3,COMPRA,25,27.9023,7.4368,2026-08-11 12:43:10,2026-08-11 12:43:12,2026-08-11 12:43:12
218807,2403,SVOZ4,COMPRA,456,43.8196,9.7216,2026-08-11 16:03:05,2026-08-11 16:03:08,2026-08-11 16:03:08
218808,3443,ZAAS7,COMPRA,110,322.9625,11.4551,2026-08-11 16:37:26,2026-08-11 16:37:29,2026-08-11 16:37:29
218809,2651,IJJK3,COMPRA,375,103.0077,7.3375,2026-08-11 17:08:08,2026-08-11 17:08:11,2026-08-11 17:08:11
218810,2032,OEQA8,COMPRA,10,345.7984,5.8206,2026-08-11 17:26:38,2026-08-11 17:26:38,2026-08-11 17:26:38
218811,3092,OVYL9,COMPRA,450,88.2224,1.2109,2026-08-11 13:04:20,2026-08-11 13:04:23,2026-08-11 13:04:23
218812,1778,NQYT3,COMPRA,435,49.6181,4.2564,2026-08-11 15:08:46,2026-08-11 15:08:47,2026-08-11 15:08:47
218813,1995,RHXV4,COMPRA,320,52.8350,,2026-08-11 15:14:57,2026-08-11 15:14:59,2026-08-11 15:14:59
218814,2551,QTDZ2,COMPRA,45,48.2199,8.4394,2026-08-11 13:37:24,2026-08-11 13:37:26,2026-08-11 13:37:26
218815,2067,JIPA6,COMPRA,380,36.4535,12.0852,2026-08-11 10:30:53,2026-08-11 10:30:54,2026-08-11 10:30:54
218816,1609,BOCS8,COMPRA,481,54.9091,7.1735,2026-08-11 15:50:12,2026-08-11 15:50:14,2026-08-11 15:50:14
218817,2462,WIPB2,COMPRA,410,99.5205,0.5018,2026-08-11 13:16:11,2026-08-11 13:16:14,2026-08-11 13:16:14
218818,2150,YCCK8,COMPRA,455,467.9374,2.5096,2026-08-11 12:32:22,2026-08-11 12:32:25,2026-08-11 12:32:25
218819,1402,ERTC4,COMPRA,40,59.3697,10.5321,2026-08-11 12:52:53,2026-08-11 12:52:56,2026-08-11 12:52:56
218820,1867,PSEN6,COMPRA,43,158.8724,5.9151,2026-08-11 14:17:13,2026-08-11 14:17:16,2026-08-11 14:17:16
218821,3324,KHGP6,COMPRA,111,112.0864,12.1745,2026-08-11 12:07:25,2026-08-11 12:07:27,2026-08-11 12:07:27
218822,1163,XOVY4,COMPRA,15,80.5691,7.8498,2026-08-11 15:34:56,2026-08-11 15:34:56,2026-08-11 15:34:56
218823,3486,ERTC4,COMPRA,140,47.2106,10.5353,2026-08-11 12:40:53,2026-08-11 12:40:53,2026-08-11 12:40:53
218824,1669,OXVD8,COMPRA,279,84.0730,11.6628,2026-08-11 12:21:36,2026-08-11 12:21:37,2026-08-11 12:21:37
218825,1255,QHFL8,COMPRA,445,168.1536,0.4125,2026-08-11 13:05:45,2026-08-11 13:05:46,2026-08-11 13:05:46
218826,2652,NQYT3,COMPRA,210,47.5011,2.3855,2026-08-11 12:25:53,2026-08-11 12:25:53,2026-08-11 12:25:53
218827,2456,RYPL6,COMPRA,335,105.5772,10.2552,2026-08-11 12:17:40,2026-08-11 12:17:41,2026-08-11 12:17:41
218828,2674,QEUC2,COMPRA,85,156.6373,10.8674,2026-08-11 15:42:03,2026-08-11 15:42:03,2026-08-11 15:42:03
218829,3330,RMRT1,COMPRA,170,108.9000,7.2473,2026-08-11 16:27:34,2026-08-11 16:27:34,2026-08-11 16:27:34
218830,3195,UYFJ9,COMPRA,410,80.2438,5.9503,2026-08-11 10:54:20,2026-08-11 10:54:20,2026-08-11 10:54:20
218831,1444,OXVD8,COMPRA,110,70.1478,0.6241,2026-08-11 13:00:18,2026-08-11 13:00:21,2026-08-11 13:00:21
218832,3422,WXQM6,COMPRA,420,46.0754,10.4696,2026-08-11 10:54:14,2026-08-11 10:54:15,2026-08-11 10:54:15
218833,2972,YBZA3,COMPRA,415,29.0132,2.0803,2026-08-11 16:42:57,2026-08-11 16:42:58,2026-08-11 16:42:58
218834,2571,IPXK2,COMPRA,125,273.7520,8.9093,2026-08-11 15:14:26,2026-08-11 15:14:29,2026-08-11 15:14:29
218835,2048,MCMT2,COMPRA,275,113.6771,10.5441,2026-08-11 10:20:08,2026-08-11 10:20:09,2026-08-11 10:20:09
218836,1808,YFAH5,COMPRA,420,174.1872,6.8267,2026-08-11 17:01:03,2026-08-11 17:01:05,2026-08-11 17:01:05
218837,2118,QTHQ1,COMPRA,30,20.0599,10.5515,2026-08-11 13:31:04,2026-08-11 13:31:05,2026-08-11 13:31:05
218838,2009,YYLA4,COMPRA,120,192.2609,1.8231,2026-08-11 10:13:46,2026-08-11 10:13:46,2026-08-11 10:13:46
218839,3236,SUZL4,COMPRA,155,147.7343,4.0728,2026-08-11 13:02:26,2026-08-11 13:02:27,2026-08-11 13:02:27
218840,1031,TBWG2,COMPRA,395,61.9331,7.0186,2026-08-11 14:24:40,2026-08-11 14:24:42,2026-08-11 14:24:42
218841,1435,RYPL6,COMPRA,390,66.8519,12.6459,2026-08-11 16:18:40,2026-08-11 16:18:42,2026-08-11 16:18:42
218842,3366,UCHR6,COMPRA,70,318.7716,1.3600,2026-08-11 13:38:59,2026-08-11 13:39:00,2026-08-11 13:39:00
218843,1245,RHXV4,COMPRA,235,77.6423,0.6385,2026-08-11 12:27:15,2026-08-11 12:27:16,2026-08-11 12:27:16
218844,1469,KHGP6,COMPRA,250,91.2957,7.0571,2026-08-11 14:43:15,2026-08-11 14:43:17,2026-08-11 14:43:17
218845,1763,DEGN5,COMPRA,42,78.5473,9.1261,2026-08-11 14:04:42,2026-08-11 14:04:42,2026-08-11 14:04:42
218846,1016,DSFC9,COMPRA,155,419.9015,0.6436,2026-08-11 16:51:44,2026-08-11 16:51:44,2026-08-11 16:51:44
218847,2851,LCCH9,COMPRA,450,8.7690,6.1730,2026-08-11 16:01:53,2026-08-11 16:01:55,2026-08-11 16:01:55
218848,1228,XTVW5,COMPRA,225,119.3051,6.4857,2026-08-11 13:27:34,2026-08-11 13:27:35,2026-08-11 13:27:35
218849,3021,BXFJ9,COMPRA,45,164.0438,12.5512,2026-08-11 16:24:19,2026-08-11 16:24:22,2026-08-11 16:24:22
218850,2017,DQSN6,VENDA,31,142.0675,1.1453,2026-08-11 12:37:35,2026-08-11 12:37:38,2026-08-11 12:37:38
218851,1179,WMQZ6,COMPRA,340,92.9537,2.5947,2026-08-11 14:05:37,2026-08-11 14:05:40,2026-08-11 14:05:40
218852,2280,YBZA3,COMPRA,190,18.4557,5.0961,2026-08-11 13:22:20,2026-08-11 13:22:21,2026-08-11 13:22:21
218853,2625,YOWA1,COMPRA,60,65.7945,6.6676,2026-08-11 12:57:11,2026-08-11 12:57:11,2026-08-11 12:57:11
218854,1912,WXFC8,COMPRA,80,84.4871,0.3527,2026-08-11 10:12:48,2026-08-11 10:12:48,2026-08-11 10:12:48
218855,1304,KFSY2,COMPRA,145,113.0858,9.8912,2026-08-11 13:07:46,2026-08-11 13:07:46,2026-08-11 13:07:46
218856,1946,TVCE9,COMPRA,375,73.1662,2.7651,2026-08-11 13:38:20,2026-08-11 13:38:21,2026-08-11 13:38:21
218857,2479,HCZM2,COMPRA,400,411.4893,6.7538,2026-08-11 16:15:53,2026-08-11 16:15:53,2026-08-11 16:15:53
218858,1228,ECQD7,COMPRA,370,82.4257,1.7940,2026-08-11 12:28:04,2026-08-11 12:28:06,2026-08-11 12:28:06
218859,2188,ZYVN7,COMPRA,485,60.0000,6.6522,2026-08-11 15:32:45,2026-08-11 15:32:48,2026-08-11 15:32:48
218860,1084,NWGB4,COMPRA,225,120.1641,2.9204,2026-08-11 11:03:58,2026-08-11 11:04:00,2026-08-11 11:04:00
218861,1001,IWAK1,COMPRA,330,68.0416,7.9764,2026-08-11 10:12:53,2026-08-11 10:12:56,2026-08-11 10:12:56
218862,2010,YFAH5,COMPRA,121,195.6221,11.7712,2026-08-11 10:34:46,2026-08-11 10:34:47,2026-08-11 10:34:47
218863,2220,RSBT4,COMPRA,195,320.7090,9.9163,2026-08-11 12:57:04,2026-08-11 12:57:07,2026-08-11 12:57:07
218864,2496,TXHR8,COMPRA,5,69.5875,12.2965,2026-08-11 10:17:26,2026-08-11 10:17:29,2026-08-11 10:17:29
218865,2808,BXFJ9,COMPRA,440,153.3235,6.2771,2026-08-11 15:11:43,2026-08-11 15:11:44,2026-08-11 15:11:44
218866,1773,KHGP6,COMPRA,10,101.9557,9.5419,2026-08-11 15:42:25,2026-08-11 15:42:25,2026-08-11 15:42:25
218867,2646,WXQM6,COMPRA,255,45.9414,4.7336,2026-08-11 10:16:47,2026-08-11 10:16:47,2026-08-11 10:16:47
218868,1504,NAOF3,COMPRA,240,52.0615,2.1323,2026-08-11 16:48:28,2026-08-11 16:48:28,2026-08-11 16:48:28
218869,1270,JDJG6,COMPRA,25,78.6122,5.0342,2026-08-11 13:58:34,2026-08-11 13:58:37,2026-08-11 13:58:37
218870,2774,QATW7,COMPRA,16,41.0774,6.4107,2026-08-11 11:15:47,2026-08-11 11:15:48,2026-08-11 11:15:48
218871,2356,RHXV4,COMPRA,170,61.9851,12.1996,2026-08-11 12:38:31,2026-08-11 12:38:34,2026-08-11 12:38:34
218872,1582,GKQC5,COMPRA,205,136.1548,12.4087,2026-08-11 12:48:30,2026-08-11 12:48:33,2026-08-11 12:48:33
218873,1508,NPEM3,COMPRA,336,112.9118,4.8244,2026-08-11 16:25:31,2026-08-11 16:25:34,2026-08-11 16:25:34
218874,2641,RDOA3,COMPRA,210,87.9627,10.3954,2026-08-11 13:22:51,2026-08-11 13:22:53,2026-08-11 13:22:53
218875,1193,ZAAS7,COMPRA,395,448.6481,1.0238,2026-08-11 15:20:55,2026-08-11 15:20:58,2026-08-11 15:20:58
218876,2550,RIET5,VENDA,175,132.6642,3.5215,2026-08-11 15:26:20,2026-08-11 15:26:23,2026-08-11 15:26:23
218877,1471,IWFI1,COMPRA,275,181.3262,,2026-08-11 14:46:24,2026-08-11 14:46:24,2026-08-11 14:46:24
218878,2503,CQJZ4,COMPRA,35,74.7513,1.1414,2026-08-11 10:36:15,2026-08-11 10:36:17,2026-08-11 10:36:17
218879,1151,PQUT9,COMPRA,210,66.9738,9.2467,2026-08-11 13:14:07,2026-08-11 13:14:07,2026-08-11 13:14:07
218880,1884,WHMT3,COMPRA,345,135.1528,2.6220,2026-08-11 11:16:16,2026-08-11 11:16:18,2026-08-11 11:16:18
218881,2744,NAOF3,COMPRA,283,60.5093,2.0921,2026-08-11 15:17:58,2026-08-11 15:17:58,2026-08-11 15:17:58
218882,3288,SUZL4,COMPRA,350,140.0506,6.9085,2026-08-11 10:22:54,2026-08-11 10:22:54,2026-08-11 10:22:54
218883,2857,YRWH3,COMPRA,220,230.0461,3.6826,2026-08-11 16:53:02,2026-08-11 16:53:03,2026-08-11 16:53:03
218884,3109,MOLF3,COMPRA,365,55.0879,5.8335,2026-08-11 15:57:43,2026-08-11 15:57:44,2026-08-11 15:57:44
218885,2852,GAKD5,COMPRA,190,304.4774,2.4253,2026-08-11 10:17:39,2026-08-11 10:17:39,2026-08-11 10:17:39
218886,1600,HJRH5,COMPRA,120,154.4033,11.5837,2026-08-11 16:05:11,2026-08-11 16:05:14,2026-08-11 16:05:14
218887,2264,RSBT4,COMPRA,340,433.6819,6.4169,2026-08-11 10:10:30,2026-08-11 10:10:32,2026-08-11 10:10:32
218888,1305,MCMT2,COMPRA,305,101.8829,11.6046,2026-08-11 17:14:24,2026-08-11 17:14:26,2026-08-11 17:14:26
218889,1759,AAWB3,COMPRA,230,167.7674,11.7183,2026-08-11 16:25:13,2026-08-11 16:25:13,2026-08-11 16:25:13
218890,1461,FIUW1,COMPRA,405,113.6527,8.3097,2026-08-11 16:17:50,2026-08-11 16:17:50,2026-08-11 16:17:50
218891,1214,ZYVN7,COMPRA,115,60.0000,0.1223,2026-08-11 17:21:06,2026-08-11 17:21:08,2026-08-11 17:21:08
218892,3406,TXHR8,COMPRA,22,88.4684,12.4126,2026-08-11 12:31:20,2026-08-11 12:31:20,2026-08-11 12:31:20
218893,3377,YCCK8,COMPRA,440,324.1683,0.4815,2026-08-11 11:03:10,2026-08-11 11:03:13,2026-08-11 11:03:13
218894,1270,XLZM9,COMPRA,57,61.0889,1.6276,2026-08-11 10:54:31,2026-08-11 10:54:31,2026-08-11 10:54:31
218895,1813,OVYL9,COMPRA,260,63.0477,6.0875,2026-08-11 13:17:16,2026-08-11 13:17:17,2026-08-11 13:17:17
218896,1214,NUJZ2,COMPRA,215,36.2607,2.7019,2026-08-11 15:38:43,2026-08-11 15:38:45,2026-08-11 15:38:45
218897,1097,ECQD7,COMPRA,435,101.5525,5.4621,2026-08-11 16:44:54,2026-08-11 16:44:56,2026-08-11 16:44:56
218898,2249,BOCS8,COMPRA,20,73.8392,10.7168,2026-08-11 10:01:08,2026-08-11 10:01:08,2026-08-11 10:01:08
218899,2389,NWGB4,COMPRA,345,105.1041,2.4212,2026-08-11 12:05:22,2026-08-11 12:05:22,2026-08-11 12:05:22
218900,2976,MCHX2,COMPRA,410,120.3097,9.0146,2026-08-11 12:38:19,2026-08-11 12:38:21,2026-08-11 12:38:21
218901,1518,YBZA3,COMPRA,279,25.8488,6.7922,2026-08-11 12:37:06,2026-08-11 12:37:09,2026-08-11 12:37:09
218902,3319,XTVW5,COMPRA,480,93.1216,11.2495,2026-08-11 11:08:00,2026-08-11 11:08:01,2026-08-11 11:08:01
218903,3444,BSDJ7,COMPRA,110,232.6802,2.9740,2026-08-11 15:08:27,2026-08-11 15:08:28,2026-08-11 15:08:28
218904,1141,JJVW6,COMPRA,400,125.2433,8.2946,2026-08-11 17:20:26,2026-08-11 17:20:26,2026-08-11 17:20:26
218905,1492,AAUA7,COMPRA,375,103.2263,7.5446,2026-08-11 10:34:42,2026-08-11 10:34:42,2026-08-11 10:34:42
218906,1757,XTVW5,COMPRA,390,132.4562,11.6836,2026-08-11 11:28:31,2026-08-11 11:28:33,2026-08-11 11:28:33
218907,3472,NWGB4,COMPRA,260,107.5367,4.7136,2026-08-11 15:33:45,2026-08-11 15:33:45,2026-08-11 15:33:45
218908,2247,UQJU7,COMPRA,340,81.1675,10.7283,2026-08-11 10:16:28,2026-08-11 10:16:31,2026-08-11 10:16:31
218909,1078,FYZB6,VENDA,211,67.5483,0.8602,2026-08-11 11:40:59,2026-08-11 11:40:59,2026-08-11 11:40:59
218910,1518,LCCH9,COMPRA,455,8.8563,5.0988,2026-08-11 15:29:06,2026-08-11 15:29:07,2026-08-11 15:29:07
218911,2288,QTHQ1,COMPRA,370,22.9770,,2026-08-11 14:18:54,2026-08-11 14:18:54,2026-08-11 14:18:54
218912,3265,ICSU4,COMPRA,360,146.8489,5.2346,2026-08-11 12:05:57,2026-08-11 12:05:58,2026-08-11 12:05:58
218913,1642,IJJK3,COMPRA,410,112.1673,7.3134,2026-08-11 11:23:14,2026-08-11 11:23:16,2026-08-11 11:23:16
218914,3088,NWGB4,COMPRA,285,101.0530,12.3639,2026-08-11 13:30:00,2026-08-11 13:30:02,2026-08-11 13:30:02
218915,2504,MGRR2,COMPRA,480,129.5009,2.5749,2026-08-11 15:43:56,2026-08-11 15:43:56,2026-08-11 15:43:56
218916,2062,QQQS1,COMPRA,485,17.1818,4.6851,2026-08-11 13:31:57,2026-08-11 13:31:59,2026-08-11 13:31:59
218917,2138,YCCK8,COMPRA,185,347.0456,8.7633,2026-08-11 15:39:32,2026-08-11 15:39:33,2026-08-11 15:39:33
218918,1965,NHYK8,COMPRA,438,66.4352,3.8146,2026-08-11 13:10:34,2026-08-11 13:10:36,2026-08-11 13:10:36
218919,1989,NUJZ2,COMPRA,200,31.1516,1.3485,2026-08-11 16:33:43,2026-08-11 16:33:43,2026-08-11 16:33:43
218920,3127,PSEN6,COMPRA,405,200.3977,10.7511,2026-08-11 12:26:08,2026-08-11 12:26:11,2026-08-11 12:26:11
218921,2892,JIPR4,COMPRA,400,36.1692,12.2592,2026-08-11 12:28:58,2026-08-11 12:29:00,2026-08-11 12:29:00
218922,1103,HCLJ8,COMPRA,200,100.3001,9.3409,2026-08-11 11:45:13,2026-08-11 11:45:15,2026-08-11 11:45:15
218923,3001,EEYY9,COMPRA,360,196.2521,8.8501,2026-08-11 12:11:45,2026-08-11 12:11:48,2026-08-11 12:11:48
218924,1574,IPXK2,COMPRA,265,374.9677,6.8664,2026-08-11 15:46:34,2026-08-11 15:46:36,2026-08-11 15:46:36
218925,1880,DQSN6,COMPRA,440,130.6983,11.7939,2026-08-11 11:49:30,2026-08-11 11:49:31,2026-08-11 11:49:31
218926,3328,ENRZ2,VENDA,18,110.2144,9.7874,2026-08-11 13:18:17,2026-08-11 13:18:19,2026-08-11 13:18:19
218927,2575,GULD2,COMPRA,147,153.1570,2.2758,2026-08-11 10:53:44,2026-08-11 10:53:44,2026-08-11 10:53:44
218928,2803,HCZM2,COMPRA,39,345.4842,3.9356,2026-08-11 16:07:43,2026-08-11 16:07:43,2026-08-11 16:07:43
218929,2450,NPEM3,COMPRA,470,86.6650,3.0393,2026-08-11 16:56:43,2026-08-11 16:56:45,2026-08-11 16:56:45
218930,3472,FIUW1,COMPRA,23,112.3681,8.2832,2026-08-11 15:34:58,2026-08-11 15:34:58,2026-08-11 15:34:58
218931,1022,PBZM6,COMPRA,175,71.7995,4.5583,2026-08-11 17:07:38,2026-08-11 17:07:38,2026-08-11 17:07:38
218932,2381,AAWB3,COMPRA,95,164.8743,1.1775,2026-08-11 11:02:41,2026-08-11 11:02:44,2026-08-11 11:02:44
218933,1524,RSBT4,COMPRA,25,408.8794,2.7967,2026-08-11 12:43:49,2026-08-11 12:43:52,2026-08-11 12:43:52
218934,1091,QEUC2,COMPRA,339,180.5075,12.3233,2026-08-11 11:33:12,2026-08-11 11:33:15,2026-08-11 11:33:15
218935,3453,OVUQ2,COMPRA,490,39.1021,4.5098,2026-08-11 14:04:03,2026-08-11 14:04:06,2026-08-11 14:04:06
218936,2419,RYPL6,COMPRA,105,83.9120,6.0843,2026-08-11 15:22:49,2026-08-11 15:22:51,2026-08-11 15:22:51
218937,3043,JDJG6,COMPRA,228,59.3688,6.6248,2026-08-11 11:07:35,2026-08-11 11:07:36,2026-08-11 11:07:36
218938,2031,RDOA3,COMPRA,379,103.1480,1.2928,2026-08-11 13:38:46,2026-08-11 13:38:47,2026-08-11 13:38:47
218939,2929,NPEM3,COMPRA,40,99.7152,10.9597,2026-08-11 12:17:49,2026-08-11 12:17:49,2026-08-11 12:17:49
218940,1780,NPEM3,COMPRA,160,109.9084,8.2844,2026-08-11 12:24:19,2026-08-11 12:24:20,2026-08-11 12:24:20
218941,2894,LQML9,COMPRA,250,157.8963,2.5548,2026-08-11 14:43:04,2026-08-11 14:43:04,2026-08-11 14:43:04
218942,2588,ZHTL2,COMPRA,195,54.2688,3.0488,2026-08-11 12:56:10,2026-08-11 12:56:12,2026-08-11 12:56:12
218943,2315,HCLJ8,COMPRA,117,83.5830,0.5655,2026-08-11 17:28:48,2026-08-11 17:28:51,2026-08-11 17:28:51
218944,3077,JIPA6,COMPRA,210,42.5449,4.1444,2026-08-11 13:50:36,2026-08-11 13:50:39,2026-08-11 13:50:39
218945,1060,ACSV1,COMPRA,470,84.8176,8.7589,2026-08-11 10:07:07,2026-08-11 10:07:07,2026-08-11 10:07:07
218946,1121,TVCE9,COMPRA,5,63.9050,12.0474,2026-08-11 16:54:19,2026-08-11 16:54:21,2026-08-11 16:54:21
218947,1937,OXVD8,COMPRA,65,95.3122,5.0780,2026-08-11 12:35:46,2026-08-11 12:35:49,2026-08-11 12:35:49
218948,1044,UFIU3,COMPRA,68,92.9165,2.4322,2026-08-11 11:52:58,2026-08-11 11:53:00,2026-08-11 11:53:00
218949,1874,QQQS1,COMPRA,206,21.5454,10.1575,2026-08-11 17:28:58,2026-08-11 17:28:59,2026-08-11 17:28:59
218950,2547,ENRZ2,COMPRA,380,100.7118,9.8888,2026-08-11 12:28:14,2026-08-11 12:28:16,2026-08-11 12:28:16
218951,1866,DSFC9,COMPRA,250,473.5569,7.9703,2026-08-11 10:12:26,2026-08-11 10:12:29,2026-08-11 10:12:29
218952,2472,IWFI1,COMPRA,190,183.0916,3.6810,2026-08-11 14:37:12,2026-08-11 14:37:15,2026-08-11 14:37:15
218953,2047,LIEG8,COMPRA,140,90.7656,4.3451,2026-08-11 11:46:21,2026-08-11 11:46:24,2026-08-11 11:46:24
218954,3428,RSBT4,COMPRA,307,359.0929,5.7956,2026-08-11 17:20:37,2026-08-11 17:20:40,2026-08-11 17:20:40
218955,2024,AYFQ2,COMPRA,490,14.5353,6.1930,2026-08-11 15:40:52,2026-08-11 15:40:53,2026-08-11 15:40:53
218956,1135,RFNS7,COMPRA,190,67.1521,5.2243,2026-08-11 12:07:14,2026-08-11 12:07:15,2026-08-11 12:07:15
218957,1637,UCHR6,COMPRA,52,428.3213,9.0130,2026-08-11 11:21:09,2026-08-11 11:21:10,2026-08-11 11:21:10
218958,1288,KQEO3,COMPRA,314,87.5300,11.1449,2026-08-11 13:37:19,2026-08-11 13:37:19,2026-08-11 13:37:19
218959,1288,BXFJ9,COMPRA,111,165.8276,0.8920,2026-08-11 12:11:53,2026-08-11 12:11:55,2026-08-11 12:11:55
218960,2131,DHRM5,COMPRA,10,366.1710,6.9158,2026-08-11 10:17:31,2026-08-11 10:17:32,2026-08-11 10:17:32
218961,1445,XPVA7,COMPRA,125,459.6836,4.4486,2026-08-11 10:22:07,2026-08-11 10:22:07,2026-08-11 10:22:07
218962,2648,UQIQ7,COMPRA,295,69.3815,1.4569,2026-08-11 11:03:32,2026-08-11 11:03:33,2026-08-11 11:03:33
218963,1702,RYPL6,COMPRA,270,87.9707,0.3346,2026-08-11 15:23:40,2026-08-11 15:23:42,2026-08-11 15:23:42
218964,2941,QQQS1,COMPRA,160,20.5493,11.3297,2026-08-11 15:37:28,2026-08-11 15:37:28,2026-08-11 15:37:28
218965,2341,NHYK8,COMPRA,495,72.7390,6.5089,2026-08-11 14:32:19,2026-08-11 14:32:19,2026-08-11 14:32:19
218966,1007,PZUP8,COMPRA,20,176.1605,7.1264,2026-08-11 13:48:29,2026-08-11 13:48:31,2026-08-11 13:48:31
218967,2887,QTDZ2,COMPRA,496,57.4010,3.2479,2026-08-11 11:26:27,2026-08-11 11:26:30,2026-08-11 11:26:30
218968,3364,UYFJ9,COMPRA,100,95.5437,3.0119,2026-08-11 11:01:58,2026-08-11 11:02:01,2026-08-11 11:02:01
218969,1392,GKQC5,COMPRA,120,162.1908,6.6667,2026-08-11 16:19:31,2026-08-11 16:19:32,2026-08-11 16:19:32
218970,1973,KFSY2,COMPRA,60,138.3780,9.6173,2026-08-11 14:59:15,2026-08-11 14:59:17,2026-08-11 14:59:17
218971,2218,RYPL6,COMPRA,155,97.4340,9.9771,2026-08-11 12:36:49,2026-08-11 12:36:49,2026-08-11 12:36:49
218972,1325,OXVD8,COMPRA,285,97.6801,1.3962,2026-08-11 10:59:53,2026-08-11 10:59:53,2026-08-11 10:59:53
218973,2964,PQUT9,COMPRA,350,95.2878,7.7973,2026-08-11 13:22:45,2026-08-11 13:22:47,2026-08-11 13:22:47
218974,1491,NHYK8,COMPRA,350,73.1135,3.4531,2026-08-11 13:49:27,2026-08-11 13:49:27,2026-08-11 13:49:27
218975,2162,HVEX2,COMPRA,115,124.7020,2.9012,2026-08-11 13:32:19,2026-08-11 13:32:20,2026-08-11 13:32:20
218976,3271,QHFL8,COMPRA,465,160.0874,6.3810,2026-08-11 15:39:39,2026-08-11 15:39:39,2026-08-11 15:39:39
218977,2616,VLEB3,COMPRA,380,478.2073,11.0264,2026-08-11 11:55:33,2026-08-11 11:55:35,2026-08-11 11:55:35
218978,1189,UCHR6,COMPRA,3,367.2336,4.9716,2026-08-11 17:19:32,2026-08-11 17:19:35,2026-08-11 17:19:35
218979,1175,GKQC5,COMPRA,370,118.8379,2.3958,2026-08-11 10:22:41,2026-08-11 10:22:41,2026-08-11 10:22:41
218980,1945,IWAK1,COMPRA,435,72.2283,9.2664,2026-08-11 11:12:48,2026-08-11 11:12:48,2026-08-11 11:12:48
218981,2933,UFMA7,COMPRA,10,189.5455,12.4136,2026-08-11 12:42:13,2026-08-11 12:42:14,2026-08-11 12:42:14
218982,1459,ENRZ2,COMPRA,34,86.3341,8.1960,2026-08-11 10:51:16,2026-08-11 10:51:17,2026-08-11 10:51:17
218983,2136,RIET5,COMPRA,210,143.6027,3.0452,2026-08-11 16:50:31,2026-08-11 16:50:33,2026-08-11 16:50:33
218984,2338,ACSV1,COMPRA,365,108.7357,11.7477,2026-08-11 16:23:54,2026-08-11 16:23:57,2026-08-11 16:23:57
218985,1972,CQJZ4,COMPRA,290,84.6562,9.1584,2026-08-11 15:42:02,2026-08-11 15:42:03,2026-08-11 15:42:03
218986,3524,UYFJ9,COMPRA,200,120.1612,9.0319,2026-08-11 12:57:46,2026-08-11 12:57:46,2026-08-11 12:57:46
218987,3491,MJDL9,COMPRA,130,33.0252,4.2985,2026-08-11 14:28:12,2026-08-11 14:28:12,2026-08-11 14:28:12
218988,3073,UQJU7,COMPRA,340,60.7041,1.4654,2026-08-11 16:31:17,2026-08-11 16:31:20,2026-08-11 16:31:20
218989,1966,QATW7,COMPRA,405,47.5512,6.4835,2026-08-11 15:19:43,2026-08-11 15:19:43,2026-08-11 15:19:43
218990,2250,RSBT4,COMPRA,390,401.3862,9.6269,2026-08-11 12:21:27,2026-08-11 12:21:29,2026-08-11 12:21:29
218991,3053,XTVW5,VENDA,355,102.0634,0.3110,2026-08-11 14:42:42,2026-08-11 14:42:45,2026-08-11 14:42:45
218992,1179,NWGB4,COMPRA,125,133.7248,12.3990,2026-08-11 16:39:55,2026-08-11 16:39:56,2026-08-11 16:39:56
218993,1759,NWGB4,COMPRA,411,151.1494,0.0877,2026-08-11 15:52:07,2026-08-11 15:52:10,2026-08-11 15:52:10
218994,1246,NWGB4,COMPRA,80,99.0069,11.0157,2026-08-11 15:04:50,2026-08-11 15:04:52,2026-08-11 15:04:52
218995,2025,NGIU9,COMPRA,383,106.4253,5.6465,2026-08-11 12:23:20,2026-08-11 12:23:23,2026-08-11 12:23:23
218996,3249,PZUP8,COMPRA,135,135.6582,3.3440,2026-08-11 13:47:22,2026-08-11 13:47:22,2026-08-11 13:47:22
218997,2802,QTHQ1,COMPRA,273,21.1161,11.0813,2026-08-11 13:46:53,2026-08-11 13:46:55,2026-08-11 13:46:55
218998,2241,IPXK2,COMPRA,493,253.8726,6.6200,2026-08-11 11:57:31,2026-08-11 11:57:34,2026-08-11 11:57:34
218999,2588,YIHC3,COMPRA,65,74.3316,7.1973,2026-08-11 17:17:49,2026-08-11 17:17:52,2026-08-11 17:17:52
219000,2136,IWAK1,COMPRA,305,70.4522,2.5185,2026-08-11 13:21:46,2026-08-11 13:21:48,2026-08-11 13:21:48
219001,2651,RYPL6,COMPRA,115,79.7496,6.3667,2026-08-11 12:07:21,2026-08-11 12:07:23,2026-08-11 12:07:23
219002,2467,QYBV3,COMPRA,480,60.0000,10.2313,2026-08-11 13:44:57,2026-08-11 13:44:57,2026-08-11 13:44:57
219003,1712,WXQM6,COMPRA,270,45.8152,1.1425,2026-08-11 10:38:30,2026-08-11 10:38:33,2026-08-11 10:38:33
219004,1018,YBZA3,COMPRA,265,28.0097,0.6908,2026-08-11 16:31:38,2026-08-11 16:31:39,2026-08-11 16:31:39
219005,1366,DGBT6,COMPRA,140,89.9545,11.1906,2026-08-11 11:14:21,2026-08-11 11:14:23,2026-08-11 11:14:23
219006,1247,DEGN5,VENDA,331,65.8655,5.0840,2026-08-11 11:16:38,2026-08-11 11:16:38,2026-08-11 11:16:38
219007,2941,RIET5,COMPRA,75,174.6395,5.9601,2026-08-11 15:52:30,2026-08-11 15:52:32,2026-08-11 15:52:32
219008,2966,XPVA7,COMPRA,240,485.3221,6.2532,2026-08-11 10:00:00,2026-08-11 10:00:01,2026-08-11 10:00:01
219009,2623,MOLF3,COMPRA,135,46.3585,12.6958,2026-08-11 16:10:41,2026-08-11 16:10:43,2026-08-11 16:10:43
219010,1634,QTDZ2,COMPRA,100,40.7955,5.9723,2026-08-11 14:20:37,2026-08-11 14:20:40,2026-08-11 14:20:40
219011,1699,VLEB3,COMPRA,290,492.4336,1.6099,2026-08-11 14:21:20,2026-08-11 14:21:23,2026-08-11 14:21:23
219012,1896,JIPA6,COMPRA,260,45.0770,5.4916,2026-08-11 12:53:46,2026-08-11 12:53:47,2026-08-11 12:53:47
219013,1205,MGRR2,COMPRA,20,125.6445,11.7921,2026-08-11 14:44:18,2026-08-11 14:44:18,2026-08-11 14:44:18
219014,3359,LIEG8,COMPRA,170,92.8677,6.0605,2026-08-11 13:55:02,2026-08-11 13:55:02,2026-08-11 13:55:02
219015,3356,QATW7,COMPRA,330,53.3069,5.7562,2026-08-11 11:15:58,2026-08-11 11:16:01,2026-08-11 11:16:01
219016,2301,ACSV1,COMPRA,350,76.7780,9.6120,2026-08-11 15:42:37,2026-08-11 15:42:37,2026-08-11 15:42:37
219017,1744,MOLF3,COMPRA,255,48.8997,11.6087,2026-08-11 12:37:13,2026-08-11 12:37:16,2026-08-11 12:37:16
219018,1027,IPXK2,COMPRA,360,312.4433,2.7594,2026-08-11 10:13:47,2026-08-11 10:13:50,2026-08-11 10:13:50
219019,2473,DFGR7,COMPRA,455,91.7620,0.8706,2026-08-11 16:00:05,2026-08-11 16:00:08,2026-08-11 16:00:08
219020,1611,QYBV3,COMPRA,475,60.0000,1.6999,2026-08-11 11:34:12,2026-08-11 11:34:14,2026-08-11 11:34:14
219021,1192,NREP8,VENDA,30,103.6187,12.2446,2026-08-11 14:54:11,2026-08-11 14:54:11,2026-08-11 14:54:11
219022,1899,OVYL9,COMPRA,165,60.0000,10.8847,2026-08-11 16:57:19,2026-08-11 16:57:22,2026-08-11 16:57:22
219023,3260,MJDL9,COMPRA,319,29.2272,5.7247,2026-08-11 15:29:55,2026-08-11 15:29:56,2026-08-11 15:29:56
219024,2568,JUDG8,COMPRA,93,82.5418,5.4027,2026-08-11 11:00:50,2026-08-11 11:00:50,2026-08-11 11:00:50
219025,2397,MWVU7,COMPRA,23,94.0651,4.6994,2026-08-11 15:00:00,2026-08-11 15:00:01,2026-08-11 15:00:01
219026,1434,KHGP6,COMPRA,185,103.1093,9.8374,2026-08-11 16:33:55,2026-08-11 16:33:58,2026-08-11 16:33:58
219027,2392,XAVL3,COMPRA,55,171.2463,12.5976,2026-08-11 10:24:35,2026-08-11 10:24:35,2026-08-11 10:24:35
219028,1356,QHFL8,COMPRA,185,150.4858,7.5788,2026-08-11 10:19:41,2026-08-11 10:19:44,2026-08-11 10:19:44
219029,1441,WXQM6,COMPRA,150,59.1071,8.5272,2026-08-11 16:26:03,2026-08-11 16:26:03,2026-08-11 16:26:03
219030,2731,SRDU1,COMPRA,492,103.4205,10.0762,2026-08-11 12:54:37,2026-08-11 12:54:39,2026-08-11 12:54:39
219031,1230,OXVD8,COMPRA,445,84.2409,1.1070,2026-08-11 13:51:48,2026-08-11 13:51:48,2026-08-11 13:51:48
219032,1603,UYFJ9,COMPRA,226,97.4934,11.4603,2026-08-11 17:15:31,2026-08-11 17:15:34,2026-08-11 17:15:34
219033,1108,SUZL4,COMPRA,475,119.6870,7.7544,2026-08-11 13:06:22,2026-08-11 13:06:22,2026-08-11 13:06:22
219034,1473,UFIU3,COMPRA,375,102.4978,2.0511,2026-08-11 13:10:05,2026-08-11 13:10:05,2026-08-11 13:10:05
219035,2990,BGNM6,COMPRA,90,117.0024,8.4723,2026-08-11 12:19:08,2026-08-11 12:19:10,2026-08-11 12:19:10
219036,3414,XPVA7,COMPRA,159,398.2756,9.6961,2026-08-11 16:50:06,2026-08-11 16:50:09,2026-08-11 16:50:09
219037,1947,YFAH5,COMPRA,180,186.5719,5.7350,2026-08-11 12:15:36,2026-08-11 12:15:38,2026-08-11 12:15:38
219038,3286,UQIQ7,COMPRA,35,77.8993,12.6949,2026-08-11 10:28:00,2026-08-11 10:28:02,2026-08-11 10:28:02
219039,1447,SGBG8,COMPRA,45,89.0767,12.4980,2026-08-11 14:15:27,2026-08-11 14:15:27,2026-08-11 14:15:27
219040,2362,JDJG6,COMPRA,350,78.6224,8.2393,2026-08-11 12:01:37,2026-08-11 12:01:38,2026-08-11 12:01:38
219041,1654,JIPR4,COMPRA,265,27.2125,3.8267,2026-08-11 12:05:51,2026-08-11 12:05:52,2026-08-11 12:05:52
219042,2118,QTHQ1,VENDA,30,24.8693,10.7712,2026-08-11 13:52:14,2026-08-11 13:52:16,2026-08-11 13:52:16
219043,1369,QTHQ1,COMPRA,90,23.3202,11.5381,2026-08-11 13:32:15,2026-08-11 13:32:16,2026-08-11 13:32:16
219044,2214,AAUA7,COMPRA,177,115.0015,5.6159,2026-08-11 12:41:14,2026-08-11 12:41:14,2026-08-11 12:41:14
219045,3134,LQML9,COMPRA,100,154.0621,5.8589,2026-08-11 12:21:45,2026-08-11 12:21:45,2026-08-11 12:21:45
219046,3143,ICSU4,COMPRA,485,110.4693,6.1300,2026-08-11 13:02:25,2026-08-11 13:02:28,2026-08-11 13:02:28
219047,2949,SVOZ4,COMPRA,126,49.3828,8.4175,2026-08-11 17:11:37,2026-08-11 17:11:39,2026-08-11 17:11:39
219048,1294,TBWG2,COMPRA,500,75.6764,4.0529,2026-08-11 17:27:59,2026-08-11 17:28:02,2026-08-11 17:28:02
219049,2860,WXFC8,COMPRA,495,99.4601,4.2118,2026-08-11 15:59:14,2026-08-11 15:59:16,2026-08-11 15:59:16
219050,1216,RYPL6,COMPRA,255,104.3759,4.5066,2026-08-11 11:09:35,2026-08-11 11:09:38,2026-08-11 11:09:38
219051,3170,IJJK3,COMPRA,100,97.7804,6.4116,2026-08-11 10:48:32,2026-08-11 10:48:33,2026-08-11 10:48:33
219052,1704,GULD2,COMPRA,225,127.3543,1.5680,2026-08-11 12:31:49,2026-08-11 12:31:52,2026-08-11 12:31:52
219053,1128,UFIU3,COMPRA,260,90.7193,11.8640,2026-08-11 10:22:30,2026-08-11 10:22:31,2026-08-11 10:22:31
219054,3395,GULD2,COMPRA,410,132.2375,1.7403,2026-08-11 10:28:28,2026-08-11 10:28:30,2026-08-11 10:28:30
219055,3058,BSDJ7,COMPRA,435,298.0655,3.7798,2026-08-11 13:28:03,2026-08-11 13:28:05,2026-08-11 13:28:05
219056,1573,XPVA7,COMPRA,200,557.6676,9.3685,2026-08-11 16:59:56,2026-08-11 16:59:59,2026-08-11 16:59:59
219057,3464,YOWA1,COMPRA,485,52.0955,6.7412,2026-08-11 12:58:51,2026-08-11 12:58:54,2026-08-11 12:58:54
219058,3010,BSDJ7,COMPRA,180,288.7848,4.3778,2026-08-11 11:13:37,2026-08-11 11:13:37,2026-08-11 11:13:37
219059,2554,CQIL9,COMPRA,260,37.0220,2.4131,2026-08-11 14:25:49,2026-08-11 14:25:49,2026-08-11 14:25:49
219060,1641,TBWG2,COMPRA,135,99.7651,4.3991,2026-08-11 11:07:04,2026-08-11 11:07:07,2026-08-11 11:07:07
219061,2497,XAVL3,COMPRA,10,172.2826,4.8352,2026-08-11 15:10:30,2026-08-11 15:10:32,2026-08-11 15:10:32
219062,2152,IJJK3,COMPRA,260,92.4026,8.9633,2026-08-11 10:49:39,2026-08-11 10:49:39,2026-08-11 10:49:39
219063,1757,NQYT3,COMPRA,385,49.9498,1.0448,2026-08-11 15:46:35,2026-08-11 15:46:36,2026-08-11 15:46:36
219064,2734,AAUA7,COMPRA,470,112.7205,11.3346,2026-08-11 16:08:05,2026-08-11 16:08:08,2026-08-11 16:08:08
219065,1957,YIHC3,COMPRA,300,53.3190,5.0484,2026-08-11 16:44:21,2026-08-11 16:44:23,2026-08-11 16:44:23
219066,1681,ZHTL2,COMPRA,215,53.3092,11.0166,2026-08-11 10:42:26,2026-08-11 10:42:29,2026-08-11 10:42:29
219067,1931,QHFL8,COMPRA,375,186.6434,5.8109,2026-08-11 16:57:49,2026-08-11 16:57:52,2026-08-11 16:57:52
219068,2691,ICSU4,COMPRA,325,122.1527,0.2453,2026-08-11 10:30:51,2026-08-11 10:30:52,2026-08-11 10:30:52
219069,3064,NGIU9,COMPRA,350,104.4318,0.3246,2026-08-11 11:16:57,2026-08-11 11:16:58,2026-08-11 11:16:58
219070,1327,HCLJ8,COMPRA,245,119.2620,11.3109,2026-08-11 10:15:52,2026-08-11 10:15:52,2026-08-11 10:15:52
219071,1414,XPVA7,COMPRA,140,523.5231,4.1845,2026-08-11 17:29:09,2026-08-11 17:29:12,2026-08-11 17:29:12
219072,1699,BXFJ9,COMPRA,300,137.0858,0.3105,2026-08-11 12:46:13,2026-08-11 12:46:13,2026-08-11 12:46:13
219073,1237,HJRH5,COMPRA,285,170.7714,10.7231,2026-08-11 12:54:27,2026-08-11 12:54:27,2026-08-11 12:54:27
219074,2309,QEUC2,COMPRA,160,158.8665,9.2037,2026-08-11 11:52:24,2026-08-11 11:52:26,2026-08-11 11:52:26
219075,1129,UFMA7,COMPRA,435,188.8953,8.5655,2026-08-11 13:02:53,2026-08-11 13:02:55,2026-08-11 13:02:55
219076,3218,PSEN6,COMPRA,85,176.6165,5.0200,2026-08-11 15:06:37,2026-08-11 15:06:38,2026-08-11 15:06:38
219077,1676,IWAK1,COMPRA,320,76.8429,3.8055,2026-08-11 11:45:18,2026-08-11 11:45:19,2026-08-11 11:45:19
219078,1418,SGBG8,COMPRA,200,62.1427,3.0172,2026-08-11 11:41:25,2026-08-11 11:41:25,2026-08-11 11:41:25
219079,1526,TNHT4,COMPRA,225,129.3658,11.4195,2026-08-11 16:41:49,2026-08-11 16:41:52,2026-08-11 16:41:52
219080,2894,AAUA7,COMPRA,410,126.0425,8.6523,2026-08-11 15:16:51,2026-08-11 15:16:52,2026-08-11 15:16:52
219081,1865,WXQM6,COMPRA,238,37.6566,12.4207,2026-08-11 11:48:10,2026-08-11 11:48:12,2026-08-11 11:48:12
219082,2986,DGBT6,COMPRA,120,92.1716,10.5093,2026-08-11 12:51:32,2026-08-11 12:51:34,2026-08-11 12:51:34
219083,2900,NHYK8,COMPRA,340,70.1187,4.8834,2026-08-11 16:20:15,2026-08-11 16:20:15,2026-08-11 16:20:15
219084,1210,YBZA3,COMPRA,70,26.6808,0.7502,2026-08-11 14:33:32,2026-08-11 14:33:34,2026-08-11 14:33:34
219085,1388,NYGT6,COMPRA,410,115.0983,4.3046,2026-08-11 12:55:38,2026-08-11 12:55:39,2026-08-11 12:55:39
219086,2957,YRWH3,COMPRA,15,232.7925,9.8368,2026-08-11 10:20:27,2026-08-11 10:20:28,2026-08-11 10:20:28
219087,3379,HCLJ8,COMPRA,150,134.9416,12.4066,2026-08-11 11:23:29,2026-08-11 11:23:30,2026-08-11 11:23:30
219088,1832,MCHX2,COMPRA,193,91.5700,12.2639,2026-08-11 13:47:00,2026-08-11 13:47:01,2026-08-11 13:47:01
219089,1157,GULD2,COMPRA,174,113.0668,5.9661,2026-08-11 13:56:37,2026-08-11 13:56:38,2026-08-11 13:56:38
219090,2294,ZHTL2,COMPRA,345,67.9129,9.1127,2026-08-11 13:18:24,2026-08-11 13:18:24,2026-08-11 13:18:24
219091,1592,JJVW6,COMPRA,405,158.8404,4.0028,2026-08-11 11:41:01,2026-08-11 11:41:01,2026-08-11 11:41:01
219092,1029,YFAH5,COMPRA,80,148.4692,2.9987,2026-08-11 13:43:55,2026-08-11 13:43:58,2026-08-11 13:43:58
219093,1309,RSBT4,COMPRA,155,446.8177,4.9590,2026-08-11 17:03:33,2026-08-11 17:03:36,2026-08-11 17:03:36
219094,2924,UQJU7,COMPRA,65,68.2252,3.6557,2026-08-11 11:20:28,2026-08-11 11:20:30,2026-08-11 11:20:30
219095,2021,IWFI1,COMPRA,175,174.7091,1.8240,2026-08-11 12:15:54,2026-08-11 12:15:56,2026-08-11 12:15:56
219096,1327,MWVU7,COMPRA,85,78.9098,2.3103,2026-08-11 16:54:06,2026-08-11 16:54:09,2026-08-11 16:54:09
219097,1579,SRDU1,COMPRA,355,90.1023,4.6195,2026-08-11 15:26:10,2026-08-11 15:26:11,2026-08-11 15:26:11
219098,1207,JIPA6,COMPRA,495,44.3043,6.2783,2026-08-11 12:34:17,2026-08-11 12:34:20,2026-08-11 12:34:20
219099,1374,LIEG8,COMPRA,395,119.2611,7.1400,2026-08-11 16:26:29,2026-08-11 16:26:31,2026-08-11 16:26:31
219100,2600,ICSU4,COMPRA,405,118.5912,6.5022,2026-08-11 10:46:58,2026-08-11 10:47:00,2026-08-11 10:47:00
219101,1045,QYBV3,COMPRA,432,76.7003,5.5237,2026-08-11 17:01:28,2026-08-11 17:01:30,2026-08-11 17:01:30
219102,2546,VLEB3,COMPRA,470,475.8439,11.6877,2026-08-11 11:15:46,2026-08-11 11:15:48,2026-08-11 11:15:48
219103,1694,LGKU6,COMPRA,105,75.3233,9.3567,2026-08-11 16:16:42,2026-08-11 16:16:45,2026-08-11 16:16:45
219104,2446,PQUT9,COMPRA,75,102.6934,11.3638,2026-08-11 13:11:14,2026-08-11 13:11:14,2026-08-11 13:11:14
219105,2162,PZUP8,COMPRA,15,130.2222,9.4501,2026-08-11 15:46:39,2026-08-11 15:46:39,2026-08-11 15:46:39
219106,3062,MJDL9,COMPRA,480,33.5982,2.4821,2026-08-11 17:05:18,2026-08-11 17:05:21,2026-08-11 17:05:21
219107,1100,NYGT6,COMPRA,350,95.1130,,2026-08-11 14:35:57,2026-08-11 14:35:59,2026-08-11 14:35:59
219108,1535,MCHX2,COMPRA,465,102.3903,8.4981,2026-08-11 10:58:33,2026-08-11 10:58:35,2026-08-11 10:58:35
219109,2094,MCHX2,COMPRA,215,113.0004,3.5497,2026-08-11 14:58:27,2026-08-11 14:58:29,2026-08-11 14:58:29
219110,1859,DSFC9,COMPRA,31,438.8692,8.2738,2026-08-11 17:28:13,2026-08-11 17:28:13,2026-08-11 17:28:13
219111,3008,UCHR6,COMPRA,435,520.5791,9.6901,2026-08-11 13:41:44,2026-08-11 13:41:47,2026-08-11 13:41:47
219112,1949,SUZL4,COMPRA,20,132.5356,10.1191,2026-08-11 11:12:34,2026-08-11 11:12:37,2026-08-11 11:12:37
219113,1057,DQSN6,COMPRA,455,164.9571,3.5675,2026-08-11 13:46:07,2026-08-11 13:46:10,2026-08-11 13:46:10
219114,3025,DQSN6,COMPRA,320,169.3093,7.4083,2026-08-11 12:51:33,2026-08-11 12:51:36,2026-08-11 12:51:36
219115,1586,XLZM9,COMPRA,115,63.0191,0.8413,2026-08-11 10:38:30,2026-08-11 10:38:31,2026-08-11 10:38:31
219116,3082,WXQM6,COMPRA,330,59.6207,8.9450,2026-08-11 14:05:55,2026-08-11 14:05:56,2026-08-11 14:05:56
219117,2708,XAVL3,COMPRA,125,218.3543,1.0493,2026-08-11 12:17:51,2026-08-11 12:17:52,2026-08-11 12:17:52
219118,3460,IWAK1,COMPRA,9,99.6997,4.4015,2026-08-11 14:43:50,2026-08-11 14:43:50,2026-08-11 14:43:50
219119,1561,FYZB6,COMPRA,365,69.7743,11.4893,2026-08-11 11:45:23,2026-08-11 11:45:24,2026-08-11 11:45:24
219120,1378,MJDL9,COMPRA,245,37.4268,2.1646,2026-08-11 11:15:49,2026-08-11 11:15:51,2026-08-11 11:15:51
219121,2656,BSDJ7,COMPRA,435,230.5388,1.7576,2026-08-11 14:36:04,2026-08-11 14:36:04,2026-08-11 14:36:04
219122,2091,PZUP8,COMPRA,130,183.0067,8.0226,2026-08-11 11:22:56,2026-08-11 11:22:56,2026-08-11 11:22:56
219123,2275,NGIU9,COMPRA,55,108.5719,7.7461,2026-08-11 11:47:05,2026-08-11 11:47:08,2026-08-11 11:47:08
219124,1049,PSEN6,COMPRA,23,166.2161,0.9437,2026-08-11 14:12:57,2026-08-11 14:13:00,2026-08-11 14:13:00
219125,2957,CQJZ4,COMPRA,230,105.2471,11.1537,2026-08-11 15:43:26,2026-08-11 15:43:27,2026-08-11 15:43:27
219126,2217,YRWH3,COMPRA,424,152.4774,2.8557,2026-08-11 15:29:00,2026-08-11 15:29:01,2026-08-11 15:29:01
219127,1521,VLEB3,COMPRA,120,443.4892,9.6704,2026-08-11 13:28:14,2026-08-11 13:28:14,2026-08-11 13:28:14
219128,3271,JDJG6,COMPRA,215,87.3701,1.8281,2026-08-11 14:54:33,2026-08-11 14:54:34,2026-08-11 14:54:34
219129,1669,SUZL4,COMPRA,164,112.7127,2.9300,2026-08-11 14:51:05,2026-08-11 14:51:05,2026-08-11 14:51:05
219130,1263,QTDZ2,COMPRA,495,41.0924,11.6859,2026-08-11 15:29:26,2026-08-11 15:29:26,2026-08-11 15:29:26
219131,2540,RYPL6,COMPRA,408,97.0591,8.2437,2026-08-11 14:31:54,2026-08-11 14:31:57,2026-08-11 14:31:57
219132,3429,QHFL8,COMPRA,440,163.8878,12.3189,2026-08-11 14:27:28,2026-08-11 14:27:30,2026-08-11 14:27:30
219133,2793,GFDF2,COMPRA,305,105.9057,6.2866,2026-08-11 14:22:23,2026-08-11 14:22:25,2026-08-11 14:22:25
219134,1170,DSFC9,COMPRA,5,498.5715,3.2248,2026-08-11 13:12:26,2026-08-11 13:12:26,2026-08-11 13:12:26
219135,3396,CQIL9,COMPRA,380,30.3149,7.8229,2026-08-11 10:15:21,2026-08-11 10:15:22,2026-08-11 10:15:22
219136,1655,JIPA6,COMPRA,260,33.3845,12.4677,2026-08-11 10:12:15,2026-08-11 10:12:15,2026-08-11 10:12:15
219137,2839,HCLJ8,COMPRA,375,115.7094,10.6435,2026-08-11 14:42:20,2026-08-11 14:42:21,2026-08-11 14:42:21
219138,1357,VLEB3,COMPRA,400,326.2065,12.1977,2026-08-11 10:14:55,2026-08-11 10:14:56,2026-08-11 10:14:56
219139,2642,QTDZ2,COMPRA,407,50.9422,8.7426,2026-08-11 12:14:53,2026-08-11 12:14:54,2026-08-11 12:14:54
219140,3103,MCMT2,COMPRA,125,83.5873,2.9190,2026-08-11 14:52:47,2026-08-11 14:52:48,2026-08-11 14:52:48
219141,2621,DFGR7,COMPRA,105,109.5187,4.2923,2026-08-11 10:45:46,2026-08-11 10:45:47,2026-08-11 10:45:47
219142,1799,DSFC9,COMPRA,410,400.8471,9.5215,2026-08-11 15:53:05,2026-08-11 15:53:05,2026-08-11 15:53:05
219143,2887,HCLJ8,COMPRA,417,90.1781,4.3297,2026-08-11 14:19:14,2026-08-11 14:19:17,2026-08-11 14:19:17
219144,1528,JDJG6,COMPRA,60,58.5918,3.5824,2026-08-11 14:04:09,2026-08-11 14:04:09,2026-08-11 14:04:09
219145,1802,LCCH9,COMPRA,250,7.6360,1.6613,2026-08-11 15:11:13,2026-08-11 15:11:13,2026-08-11 15:11:13
219146,1661,UVEY5,COMPRA,385,98.6405,8.5303,2026-08-11 17:14:53,2026-08-11 17:14:53,2026-08-11 17:14:53
219147,1723,WHMT3,COMPRA,415,113.5838,1.0410,2026-08-11 13:49:47,2026-08-11 13:49:48,2026-08-11 13:49:48
219148,1246,UYFJ9,COMPRA,20,120.1648,8.5233,2026-08-11 17:20:00,2026-08-11 17:20:03,2026-08-11 17:20:03
219149,3135,JDJG6,VENDA,85,58.5429,4.6458,2026-08-11 11:46:29,2026-08-11 11:46:30,2026-08-11 11:46:30
219150,3007,MGRR2,COMPRA,174,114.6252,10.4326,2026-08-11 10:44:23,2026-08-11 10:44:25,2026-08-11 10:44:25
219151,1718,EEYY9,COMPRA,410,198.3819,5.4466,2026-08-11 15:52:49,2026-08-11 15:52:50,2026-08-11 15:52:50
219152,1036,VLEB3,COMPRA,125,385.7382,4.0102,2026-08-11 14:09:22,2026-08-11 14:09:22,2026-08-11 14:09:22
219153,3297,NGIU9,COMPRA,125,105.5244,4.6573,2026-08-11 10:08:05,2026-08-11 10:08:05,2026-08-11 10:08:05
219154,1190,ECQD7,COMPRA,460,93.1808,6.2504,2026-08-11 12:34:45,2026-08-11 12:34:48,2026-08-11 12:34:48
219155,1501,RMRT1,COMPRA,245,104.5084,6.5743,2026-08-11 12:03:27,2026-08-11 12:03:27,2026-08-11 12:03:27
219156,2314,ZYVN7,COMPRA,390,78.8139,5.6659,2026-08-11 15:36:47,2026-08-11 15:36:48,2026-08-11 15:36:48
219157,3286,KFSY2,COMPRA,160,105.7688,1.6382,2026-08-11 16:05:37,2026-08-11 16:05:40,2026-08-11 16:05:40
219158,3065,TXHR8,VENDA,237,64.7027,6.0690,2026-08-11 10:46:05,2026-08-11 10:46:07,2026-08-11 10:46:07
219159,2109,FIUW1,COMPRA,320,137.1747,6.8599,2026-08-11 12:50:54,2026-08-11 12:50:57,2026-08-11 12:50:57
219160,2284,ZHTL2,COMPRA,280,58.9938,6.5764,2026-08-11 12:46:30,2026-08-11 12:46:30,2026-08-11 12:46:30
219161,3152,ERTC4,COMPRA,70,56.8638,7.7815,2026-08-11 15:04:38,2026-08-11 15:04:38,2026-08-11 15:04:38
219162,1077,JJVW6,COMPRA,125,124.1996,9.4540,2026-08-11 16:16:43,2026-08-11 16:16:46,2026-08-11 16:16:46
219163,1414,ACSV1,COMPRA,380,87.5537,2.0505,2026-08-11 10:15:12,2026-08-11 10:15:12,2026-08-11 10:15:12
219164,2912,GKQC5,COMPRA,340,127.4735,7.1122,2026-08-11 17:16:10,2026-08-11 17:16:10,2026-08-11 17:16:10
219165,1359,DEGN5,COMPRA,480,90.6282,7.0719,2026-08-11 14:48:08,2026-08-11 14:48:09,2026-08-11 14:48:09
219166,2950,DGBT6,COMPRA,35,111.7870,6.8962,2026-08-11 17:08:11,2026-08-11 17:08:13,2026-08-11 17:08:13
219167,1441,ENRZ2,COMPRA,436,78.1751,1.2007,2026-08-11 12:10:43,2026-08-11 12:10:46,2026-08-11 12:10:46
219168,2651,JDJG6,COMPRA,125,66.3079,6.1170,2026-08-11 17:29:52,2026-08-11 17:29:54,2026-08-11 17:29:54
219169,3462,GFDF2,COMPRA,240,68.4294,12.6259,2026-08-11 15:15:05,2026-08-11 15:15:06,2026-08-11 15:15:06
219170,2192,NHYK8,COMPRA,420,60.1113,10.7443,2026-08-11 17:13:42,2026-08-11 17:13:42,2026-08-11 17:13:42
219171,2489,TVCE9,COMPRA,10,71.0430,1.8815,2026-08-11 13:47:04,2026-08-11 13:47:05,2026-08-11 13:47:05
219172,3511,WXQM6,COMPRA,435,57.8974,10.2423,2026-08-11 12:12:44,2026-08-11 12:12:47,2026-08-11 12:12:47
219173,1824,ZFBT3,COMPRA,12,121.4118,1.2562,2026-08-11 16:43:53,2026-08-11 16:43:54,2026-08-11 16:43:54
219174,3175,HCLJ8,COMPRA,145,117.5312,2.3604,2026-08-11 14:34:18,2026-08-11 14:34:20,2026-08-11 14:34:20
219175,1437,NPEM3,COMPRA,90,113.0571,7.4300,2026-08-11 14:27:37,2026-08-11 14:27:40,2026-08-11 14:27:40
219176,2855,NYGT6,COMPRA,60,118.3469,8.0964,2026-08-11 17:09:38,2026-08-11 17:09:41,2026-08-11 17:09:41
219177,2857,OXVD8,COMPRA,350,86.0117,5.2540,2026-08-11 15:07:50,2026-08-11 15:07:52,2026-08-11 15:07:52
219178,1608,ZAAS7,COMPRA,145,423.9877,5.6142,2026-08-11 10:32:27,2026-08-11 10:32:30,2026-08-11 10:32:30
219179,2983,DHRM5,VENDA,436,270.0046,10.5141,2026-08-11 13:57:28,2026-08-11 13:57:31,2026-08-11 13:57:31
219180,1084,NAOF3,COMPRA,135,69.8725,6.8486,2026-08-11 12:59:40,2026-08-11 12:59:42,2026-08-11 12:59:42
219181,1382,YCCK8,COMPRA,305,360.4023,8.3956,2026-08-11 12:13:09,2026-08-11 12:13:09,2026-08-11 12:13:09
219182,1429,OVYL9,COMPRA,95,90.4690,12.3617,2026-08-11 14:10:36,2026-08-11 14:10:38,2026-08-11 14:10:38
219183,3224,WIPB2,COMPRA,184,100.0352,1.3848,2026-08-11 12:47:48,2026-08-11 12:47:51,2026-08-11 12:47:51
219184,3508,XAVL3,COMPRA,135,225.5693,8.6016,2026-08-11 13:29:17,2026-08-11 13:29:20,2026-08-11 13:29:20
219185,2637,JUDG8,COMPRA,200,94.3516,5.9609,2026-08-11 13:31:00,2026-08-11 13:31:00,2026-08-11 13:31:00
219186,2042,MJDL9,COMPRA,114,40.4270,3.3954,2026-08-11 13:38:37,2026-08-11 13:38:38,2026-08-11 13:38:38
219187,3443,PSEN6,COMPRA,205,220.2084,8.8012,2026-08-11 10:56:54,2026-08-11 10:56:54,2026-08-11 10:56:54
219188,1546,WXFC8,COMPRA,18,98.0907,3.1183,2026-08-11 16:05:50,2026-08-11 16:05:52,2026-08-11 16:05:52
219189,2031,ERTC4,COMPRA,410,48.3559,4.2211,2026-08-11 17:07:02,2026-08-11 17:07:02,2026-08-11 17:07:02
219190,2366,RIET5,COMPRA,192,178.6574,9.1835,2026-08-11 10:31:45,2026-08-11 10:31:45,2026-08-11 10:31:45
219191,2281,PQUT9,COMPRA,365,82.3445,6.7044,2026-08-11 11:25:53,2026-08-11 11:25:55,2026-08-11 11:25:55
219192,3075,QYBV3,COMPRA,240,69.8144,6.6154,2026-08-11 16:07:53,2026-08-11 16:07:56,2026-08-11 16:07:56
219193,3271,ERTC4,COMPRA,375,53.0400,12.6895,2026-08-11 13:34:33,2026-08-11 13:34:36,2026-08-11 13:34:36
219194,1959,RIET5,COMPRA,500,161.9018,8.3509,2026-08-11 12:03:03,2026-08-11 12:03:06,2026-08-11 12:03:06
219195,1970,YCCK8,COMPRA,152,379.6685,0.1911,2026-08-11 17:09:09,2026-08-11 17:09:09,2026-08-11 17:09:09
219196,2942,UVEY5,COMPRA,270,82.7754,7.2010,2026-08-11 11:30:50,2026-08-11 11:30:52,2026-08-11 11:30:52
219197,2916,QATW7,COMPRA,40,43.6216,9.3392,2026-08-11 14:21:04,2026-08-11 14:21:05,2026-08-11 14:21:05
219198,2283,GFDF2,COMPRA,40,89.7442,5.0386,2026-08-11 16:34:13,2026-08-11 16:34:13,2026-08-11 16:34:13
219199,2452,IZTY4,COMPRA,385,24.2637,7.9548,2026-08-11 11:03:27,2026-08-11 11:03:27,2026-08-11 11:03:27
219200,2213,YOWA1,COMPRA,315,48.5504,11.5401,2026-08-11 14:41:51,2026-08-11 14:41:53,2026-08-11 14:41:53
219201,1109,YBZA3,COMPRA,110,21.7664,6.5538,2026-08-11 12:10:45,2026-08-11 12:10:46,2026-08-11 12:10:46
219202,3453,NUJZ2,COMPRA,329,41.0749,7.3847,2026-08-11 16:40:17,2026-08-11 16:40:19,2026-08-11 16:40:19
219203,2964,KFSY2,COMPRA,410,114.5316,12.3907,2026-08-11 13:11:21,2026-08-11 13:11:24,2026-08-11 13:11:24
219204,1529,NHYK8,COMPRA,5,54.6781,3.5206,2026-08-11 11:56:21,2026-08-11 11:56:22,2026-08-11 11:56:22
219205,2607,IZTY4,COMPRA,95,30.1554,4.7554,2026-08-11 13:56:12,2026-08-11 13:56:15,2026-08-11 13:56:15
219206,2817,GFDF2,COMPRA,320,69.3177,1.1814,2026-08-11 11:01:27,2026-08-11 11:01:28,2026-08-11 11:01:28
219207,2961,QHFL8,COMPRA,395,166.4151,3.2545,2026-08-11 10:40:03,2026-08-11 10:40:03,2026-08-11 10:40:03
219208,3012,VLEB3,COMPRA,225,344.6946,6.6384,2026-08-11 14:16:32,2026-08-11 14:16:32,2026-08-11 14:16:32
219209,3456,SGBG8,COMPRA,210,96.3199,2.1980,2026-08-11 16:57:22,2026-08-11 16:57:25,2026-08-11 16:57:25
219210,2534,GULD2,COMPRA,435,142.8530,6.9727,2026-08-11 11:03:43,2026-08-11 11:03:45,2026-08-11 11:03:45
219211,3124,NYGT6,COMPRA,325,80.7219,3.0896,2026-08-11 17:00:01,2026-08-11 17:00:04,2026-08-11 17:00:04
219212,2049,TTHO3,COMPRA,90,41.8079,6.9117,2026-08-11 12:57:13,2026-08-11 12:57:14,2026-08-11 12:57:14
219213,1785,NUJZ2,COMPRA,310,39.5850,12.3209,2026-08-11 10:56:04,2026-08-11 10:56:06,2026-08-11 10:56:06
219214,2294,RMRT1,COMPRA,255,123.5601,7.5574,2026-08-11 16:00:12,2026-08-11 16:00:14,2026-08-11 16:00:14
219215,1121,WHMT3,COMPRA,225,137.2229,11.2730,2026-08-11 13:38:08,2026-08-11 13:38:09,2026-08-11 13:38:09
219216,2663,OVUQ2,COMPRA,380,49.8533,11.3664,2026-08-11 13:53:14,2026-08-11 13:53:15,2026-08-11 13:53:15
219217,3254,RFNS7,COMPRA,5,92.8009,1.0905,2026-08-11 13:16:06,2026-08-11 13:16:09,2026-08-11 13:16:09
219218,1491,ACSV1,COMPRA,150,83.5287,2.1616,2026-08-11 13:48:05,2026-08-11 13:48:08,2026-08-11 13:48:08
219219,2508,GFDF2,COMPRA,105,95.7548,9.9668,2026-08-11 17:17:23,2026-08-11 17:17:26,2026-08-11 17:17:26
219220,2148,ZFBT3,COMPRA,395,93.2785,4.6823,2026-08-11 16:49:48,2026-08-11 16:49:48,2026-08-11 16:49:48
219221,3260,OXVD8,COMPRA,95,68.1728,11.7252,2026-08-11 10:19:53,2026-08-11 10:19:53,2026-08-11 10:19:53
219222,1429,PQUT9,COMPRA,420,82.3341,5.4357,2026-08-11 14:13:18,2026-08-11 14:13:21,2026-08-11 14:13:21
219223,1074,ICSU4,COMPRA,185,161.8914,8.7922,2026-08-11 12:38:02,2026-08-11 12:38:03,2026-08-11 12:38:03
219224,2838,ENRZ2,COMPRA,190,75.8048,7.9745,2026-08-11 10:12:41,2026-08-11 10:12:43,2026-08-11 10:12:43
219225,2272,NAOF3,COMPRA,160,65.3953,7.7174,2026-08-11 11:18:48,2026-08-11 11:18:50,2026-08-11 11:18:50
219226,3481,HCLJ8,COMPRA,425,90.2043,7.2858,2026-08-11 13:33:57,2026-08-11 13:33:59,2026-08-11 13:33:59
219227,1247,MJDL9,COMPRA,205,41.0567,4.2268,2026-08-11 16:49:05,2026-08-11 16:49:07,2026-08-11 16:49:07
219228,1892,JUDG8,COMPRA,360,109.6768,5.4142,2026-08-11 10:57:14,2026-08-11 10:57:14,2026-08-11 10:57:14
219229,1988,PBZM6,COMPRA,335,64.6369,11.7041,2026-08-11 12:13:06,2026-08-11 12:13:06,2026-08-11 12:13:06
219230,1207,KFSY2,COMPRA,435,127.1715,0.8778,2026-08-11 13:32:57,2026-08-11 13:32:58,2026-08-11 13:32:58
219231,2365,UYFJ9,COMPRA,470,91.7050,11.5619,2026-08-11 13:41:34,2026-08-11 13:41:37,2026-08-11 13:41:37
219232,2934,DGBT6,COMPRA,85,102.9698,3.5258,2026-08-11 17:00:15,2026-08-11 17:00:15,2026-08-11 17:00:15
219233,2150,DGBT6,COMPRA,300,81.1975,11.3163,2026-08-11 17:01:15,2026-08-11 17:01:17,2026-08-11 17:01:17
219234,1923,ICSU4,COMPRA,30,148.6781,12.5188,2026-08-11 17:08:26,2026-08-11 17:08:29,2026-08-11 17:08:29
219235,1617,NUJZ2,COMPRA,230,38.1824,9.6587,2026-08-11 12:48:30,2026-08-11 12:48:30,2026-08-11 12:48:30
219236,2720,ECQD7,COMPRA,125,76.0774,6.0661,2026-08-11 16:38:42,2026-08-11 16:38:44,2026-08-11 16:38:44
219237,1567,SUZL4,COMPRA,305,135.9487,12.6733,2026-08-11 13:42:45,2026-08-11 13:42:47,2026-08-11 13:42:47
219238,1310,KFSY2,COMPRA,490,119.3414,5.7772,2026-08-11 11:04:42,2026-08-11 11:04:42,2026-08-11 11:04:42
219239,1747,RDOA3,COMPRA,393,91.9190,9.6545,2026-08-11 16:57:34,2026-08-11 16:57:37,2026-08-11 16:57:37
219240,2144,TNHT4,COMPRA,35,113.0084,2.3521,2026-08-11 10:07:33,2026-08-11 10:07:35,2026-08-11 10:07:35
219241,1332,NREP8,COMPRA,234,138.2911,11.8413,2026-08-11 15:41:01,2026-08-11 15:41:01,2026-08-11 15:41:01
219242,3359,OEQA8,COMPRA,110,363.4529,7.2252,2026-08-11 14:48:29,2026-08-11 14:48:30,2026-08-11 14:48:30
219243,2984,UFMA7,COMPRA,9,135.8693,2.0585,2026-08-11 10:50:10,2026-08-11 10:50:11,2026-08-11 10:50:11
219244,2856,MOLF3,COMPRA,265,43.7457,10.9311,2026-08-11 13:43:10,2026-08-11 13:43:12,2026-08-11 13:43:12
219245,1069,BGNM6,COMPRA,467,80.8685,,2026-08-11 13:17:57,2026-08-11 13:17:59,2026-08-11 13:17:59
219246,2023,UQIQ7,VENDA,125,78.1469,1.8675,2026-08-11 14:05:43,2026-08-11 14:05:43,2026-08-11 14:05:43
219247,1671,CQJZ4,COMPRA,95,95.4386,11.7615,2026-08-11 10:49:05,2026-08-11 10:49:07,2026-08-11 10:49:07
219248,1564,SUZL4,COMPRA,390,133.3702,10.0835,2026-08-11 17:01:50,2026-08-11 17:01:53,2026-08-11 17:01:53
219249,1923,QTDZ2,COMPRA,300,40.1762,3.8354,2026-08-11 12:36:37,2026-08-11 12:36:40,2026-08-11 12:36:40
219250,1397,JIPR4,COMPRA,339,33.2042,8.1870,2026-08-11 14:20:50,2026-08-11 14:20:52,2026-08-11 14:20:52
219251,3108,YRWH3,COMPRA,110,157.0789,2.3492,2026-08-11 14:44:09,2026-08-11 14:44:09,2026-08-11 14:44:09
219252,3456,LQML9,COMPRA,5,131.2784,11.3665,2026-08-11 10:28:07,2026-08-11 10:28:08,2026-08-11 10:28:08
219253,2935,ICSU4,COMPRA,435,157.7347,0.2681,2026-08-11 12:07:40,2026-08-11 12:07:40,2026-08-11 12:07:40
219254,2613,OVUQ2,COMPRA,395,49.6772,8.6921,2026-08-11 10:19:50,2026-08-11 10:19:53,2026-08-11 10:19:53
219255,3302,RFNS7,COMPRA,42,106.1351,1.9079,2026-08-11 10:29:18,2026-08-11 10:29:21,2026-08-11 10:29:21
219256,1206,ICSU4,COMPRA,265,162.4910,10.3769,2026-08-11 17:26:37,2026-08-11 17:26:39,2026-08-11 17:26:39
219257,2680,FIUW1,COMPRA,65,122.6244,4.2789,2026-08-11 12:53:32,2026-08-11 12:53:34,2026-08-11 12:53:34
219258,2459,BOCS8,COMPRA,125,63.4163,10.4526,2026-08-11 12:41:04,2026-08-11 12:41:05,2026-08-11 12:41:05
219259,1964,QYBV3,COMPRA,420,85.3782,2.0909,2026-08-11 14:22:37,2026-08-11 14:22:40,2026-08-11 14:22:40
219260,1960,DEGN5,COMPRA,230,80.3743,5.0362,2026-08-11 11:54:46,2026-08-11 11:54:48,2026-08-11 11:54:48
219261,2172,RMRT1,COMPRA,145,123.9870,11.2052,2026-08-11 11:34:02,2026-08-11 11:34:03,2026-08-11 11:34:03
219262,3224,XOVY4,COMPRA,215,102.0061,9.7652,2026-08-11 14:42:47,2026-08-11 14:42:48,2026-08-11 14:42:48
219263,1932,PZUP8,COMPRA,115,192.8474,6.4014,2026-08-11 12:35:27,2026-08-11 12:35:28,2026-08-11 12:35:28
219264,3332,RSBT4,COMPRA,285,339.4254,10.7745,2026-08-11 16:28:25,2026-08-11 16:28:27,2026-08-11 16:28:27
219265,1777,ERTC4,COMPRA,375,48.5032,10.1960,2026-08-11 16:27:15,2026-08-11 16:27:15,2026-08-11 16:27:15
219266,3296,TXHR8,COMPRA,480,100.1323,0.8484,2026-08-11 12:25:43,2026-08-11 12:25:43,2026-08-11 12:25:43
219267,2381,DFGR7,COMPRA,176,80.6820,3.3275,2026-08-11 16:48:34,2026-08-11 16:48:34,2026-08-11 16:48:34
219268,1305,DHRM5,COMPRA,230,375.0816,9.2970,2026-08-11 17:19:34,2026-08-11 17:19:37,2026-08-11 17:19:37
219269,2945,XAVL3,COMPRA,260,219.0798,5.9661,2026-08-11 16:28:48,2026-08-11 16:28:48,2026-08-11 16:28:48
219270,2952,FYZB6,COMPRA,115,66.0427,3.9192,2026-08-11 10:12:15,2026-08-11 10:12:17,2026-08-11 10:12:17
219271,3448,JDJG6,COMPRA,360,79.4219,2.2084,2026-08-11 10:37:57,2026-08-11 10:38:00,2026-08-11 10:38:00
219272,1575,PZUP8,COMPRA,485,173.5872,0.9939,2026-08-11 14:35:40,2026-08-11 14:35:43,2026-08-11 14:35:43
219273,1651,QHFL8,COMPRA,335,150.3634,2.8410,2026-08-11 16:45:44,2026-08-11 16:45:44,2026-08-11 16:45:44
219274,1893,PBZM6,COMPRA,177,45.4470,1.2043,2026-08-11 16:24:32,2026-08-11 16:24:32,2026-08-11 16:24:32
219275,1476,UFMA7,COMPRA,465,130.2302,2.9672,2026-08-11 14:05:48,2026-08-11 14:05:48,2026-08-11 14:05:48
219276,1222,RYPL6,COMPRA,135,83.0278,12.7573,2026-08-11 13:26:17,2026-08-11 13:26:19,2026-08-11 13:26:19
219277,3507,MCMT2,COMPRA,170,91.6007,0.8870,2026-08-11 14:53:43,2026-08-11 14:53:44,2026-08-11 14:53:44
219278,1641,DQSN6,COMPRA,72,140.8495,5.4004,2026-08-11 16:56:00,2026-08-11 16:56:03,2026-08-11 16:56:03
219279,1946,DGBT6,COMPRA,230,80.9739,12.4584,2026-08-11 14:02:59,2026-08-11 14:03:01,2026-08-11 14:03:01
219280,1756,RDOA3,COMPRA,30,70.7449,0.8921,2026-08-11 13:18:26,2026-08-11 13:18:29,2026-08-11 13:18:29
219281,1330,YRWH3,COMPRA,310,173.5651,3.9123,2026-08-11 10:20:24,2026-08-11 10:20:25,2026-08-11 10:20:25
219282,1307,UFIU3,COMPRA,282,73.8124,1.8882,2026-08-11 11:57:45,2026-08-11 11:57:48,2026-08-11 11:57:48
219283,2877,QTHQ1,COMPRA,85,22.9994,10.0346,2026-08-11 15:34:33,2026-08-11 15:34:35,2026-08-11 15:34:35
219284,2640,OXVD8,COMPRA,385,71.1995,3.5261,2026-08-11 11:37:22,2026-08-11 11:37:23,2026-08-11 11:37:23
219285,1007,RMRT1,COMPRA,175,115.6316,11.6807,2026-08-11 11:21:32,2026-08-11 11:21:35,2026-08-11 11:21:35
219286,2012,OXVD8,COMPRA,374,71.2674,11.9460,2026-08-11 10:37:32,2026-08-11 10:37:32,2026-08-11 10:37:32
219287,3048,XLZM9,COMPRA,290,49.7626,5.9766,2026-08-11 12:07:58,2026-08-11 12:08:01,2026-08-11 12:08:01
219288,3451,RIET5,COMPRA,285,154.6101,2.3901,2026-08-11 16:41:06,2026-08-11 16:41:06,2026-08-11 16:41:06
219289,1295,UFMA7,COMPRA,90,153.8154,1.0630,2026-08-11 11:01:45,2026-08-11 11:01:46,2026-08-11 11:01:46
219290,2437,NPEM3,VENDA,175,82.8836,11.5794,2026-08-11 12:37:11,2026-08-11 12:37:13,2026-08-11 12:37:13
219291,3117,IJJK3,COMPRA,95,96.9440,5.8738,2026-08-11 16:01:18,2026-08-11 16:01:19,2026-08-11 16:01:19
219292,1737,RYPL6,COMPRA,15,70.4726,8.3492,2026-08-11 13:15:46,2026-08-11 13:15:49,2026-08-11 13:15:49
219293,1255,VLEB3,COMPRA,390,486.6207,8.5562,2026-08-11 14:45:09,2026-08-11 14:45:11,2026-08-11 14:45:11
219294,3121,FIUW1,COMPRA,70,114.3715,6.8088,2026-08-11 15:16:51,2026-08-11 15:16:52,2026-08-11 15:16:52
219295,2013,UFIU3,COMPRA,195,86.4189,6.1454,2026-08-11 14:50:36,2026-08-11 14:50:39,2026-08-11 14:50:39
219296,2165,XOVY4,COMPRA,379,79.9221,2.6029,2026-08-11 12:23:23,2026-08-11 12:23:24,2026-08-11 12:23:24
219297,1121,GKQC5,COMPRA,165,100.5483,7.9839,2026-08-11 16:36:47,2026-08-11 16:36:49,2026-08-11 16:36:49
219298,3345,RIET5,COMPRA,140,151.3683,1.5329,2026-08-11 15:21:30,2026-08-11 15:21:30,2026-08-11 15:21:30
219299,2868,QTHQ1,COMPRA,295,23.8347,12.1699,2026-08-11 13:14:12,2026-08-11 13:14:13,2026-08-11 13:14:13
219300,3183,UFMA7,COMPRA,335,151.0123,7.1446,2026-08-11 10:58:25,2026-08-11 10:58:27,2026-08-11 10:58:27
219301,1999,HVEX2,COMPRA,260,115.5405,3.5241,2026-08-11 16:12:21,2026-08-11 16:12:24,2026-08-11 16:12:24
219302,1591,HCZM2,COMPRA,225,516.7575,10.1933,2026-08-11 17:17:05,2026-08-11 17:17:06,2026-08-11 17:17:06
219303,1102,OVYL9,COMPRA,271,68.3637,8.6884,2026-08-11 11:54:07,2026-08-11 11:54:10,2026-08-11 11:54:10
219304,2760,AYFQ2,COMPRA,400,13.4109,9.0412,2026-08-11 13:13:02,2026-08-11 13:13:03,2026-08-11 13:13:03
219305,3038,ICSU4,COMPRA,255,135.0204,8.6920,2026-08-11 14:21:38,2026-08-11 14:21:40,2026-08-11 14:21:40
219306,1755,FIUW1,COMPRA,360,136.3739,4.1964,2026-08-11 14:43:00,2026-08-11 14:43:00,2026-08-11 14:43:00
219307,1436,RDOA3,COMPRA,30,91.5137,3.5193,2026-08-11 13:01:03,2026-08-11 13:01:06,2026-08-11 13:01:06
219308,3240,OXVD8,VENDA,449,73.6558,7.6489,2026-08-11 17:07:27,2026-08-11 17:07:29,2026-08-11 17:07:29
219309,2370,RFNS7,COMPRA,365,91.3818,5.4316,2026-08-11 11:33:42,2026-08-11 11:33:42,2026-08-11 11:33:42
219310,1660,YBZA3,COMPRA,450,22.2105,5.0273,2026-08-11 10:18:26,2026-08-11 10:18:28,2026-08-11 10:18:28
219311,1558,NREP8,COMPRA,270,123.0106,10.2537,2026-08-11 15:54:58,2026-08-11 15:54:58,2026-08-11 15:54:58
219312,2404,VLEB3,COMPRA,370,425.5502,12.6583,2026-08-11 13:31:41,2026-08-11 13:31:44,2026-08-11 13:31:44
219313,1801,NGIU9,COMPRA,190,122.5549,7.5938,2026-08-11 12:08:22,2026-08-11 12:08:22,2026-08-11 12:08:22
219314,2273,CQIL9,VENDA,130,42.5551,9.6592,2026-08-11 10:37:37,2026-08-11 10:37:37,2026-08-11 10:37:37
219315,1957,JIPA6,COMPRA,195,43.8545,9.2312,2026-08-11 12:07:28,2026-08-11 12:07:28,2026-08-11 12:07:28
219316,1789,XTVW5,COMPRA,330,83.1363,7.4093,2026-08-11 15:35:31,2026-08-11 15:35:31,2026-08-11 15:35:31
219317,1880,QYBV3,COMPRA,295,69.0298,5.4342,2026-08-11 16:29:02,2026-08-11 16:29:05,2026-08-11 16:29:05
219318,3292,XAVL3,COMPRA,60,171.3020,3.0927,2026-08-11 16:01:21,2026-08-11 16:01:24,2026-08-11 16:01:24
219319,2338,GAKD5,COMPRA,120,228.4571,2.0440,2026-08-11 11:23:21,2026-08-11 11:23:24,2026-08-11 11:23:24
219320,1438,XAVL3,COMPRA,350,222.4908,3.6384,2026-08-11 12:30:47,2026-08-11 12:30:48,2026-08-11 12:30:48
219321,1627,SUZL4,COMPRA,180,166.4943,12.1310,2026-08-11 11:03:21,2026-08-11 11:03:22,2026-08-11 11:03:22
219322,2060,IWFI1,COMPRA,55,133.4566,10.8486,2026-08-11 15:14:21,2026-08-11 15:14:22,2026-08-11 15:14:22
219323,2083,OEQA8,COMPRA,95,551.5293,0.3868,2026-08-11 14:21:22,2026-08-11 14:21:25,2026-08-11 14:21:25
219324,3501,QATW7,COMPRA,365,42.5825,11.0842,2026-08-11 10:02:37,2026-08-11 10:02:40,2026-08-11 10:02:40
219325,3214,QTHQ1,COMPRA,55,28.3653,11.6858,2026-08-11 11:36:50,2026-08-11 11:36:50,2026-08-11 11:36:50
219326,1091,YYLA4,COMPRA,82,185.4658,,2026-08-11 15:58:37,2026-08-11 15:58:38,2026-08-11 15:58:38
219327,2160,UYFJ9,COMPRA,113,88.5945,10.3044,2026-08-11 10:39:29,2026-08-11 10:39:30,2026-08-11 10:39:30
219328,3313,UFMA7,COMPRA,340,127.9074,1.0291,2026-08-11 17:22:00,2026-08-11 17:22:01,2026-08-11 17:22:01
219329,1330,DFGR7,COMPRA,10,98.1223,1.2598,2026-08-11 11:04:03,2026-08-11 11:04:06,2026-08-11 11:04:06
219330,3083,HJRH5,COMPRA,405,167.0573,8.4047,2026-08-11 14:46:34,2026-08-11 14:46:35,2026-08-11 14:46:35
219331,1847,TVCE9,COMPRA,400,66.0328,11.9312,2026-08-11 10:05:34,2026-08-11 10:05:37,2026-08-11 10:05:37
219332,2149,IPXK2,COMPRA,44,389.2780,11.0928,2026-08-11 10:38:46,2026-08-11 10:38:49,2026-08-11 10:38:49
219333,3440,IZTY4,COMPRA,425,34.8826,5.7043,2026-08-11 12:26:11,2026-08-11 12:26:12,2026-08-11 12:26:12
219334,2152,HVEX2,COMPRA,110,133.9789,4.5549,2026-08-11 10:13:31,2026-08-11 10:13:34,2026-08-11 10:13:34
219335,1389,HCLJ8,COMPRA,395,106.5819,2.6460,2026-08-11 12:32:12,2026-08-11 12:32:14,2026-08-11 12:32:14
219336,1041,ACSV1,COMPRA,80,95.8112,2.7559,2026-08-11 13:06:19,2026-08-11 13:06:19,2026-08-11 13:06:19
219337,2979,DFGR7,COMPRA,208,107.2033,3.9042,2026-08-11 17:02:35,2026-08-11 17:02:35,2026-08-11 17:02:35
219338,3131,DQSN6,COMPRA,365,143.1020,10.2067,2026-08-11 11:38:25,2026-08-11 11:38:25,2026-08-11 11:38:25
219339,1857,ERTC4,COMPRA,130,56.5754,2.6391,2026-08-11 17:30:13,2026-08-11 17:30:14,2026-08-11 17:30:14
219340,1074,ACSV1,COMPRA,160,103.7953,0.4802,2026-08-11 16:40:16,2026-08-11 16:40:19,2026-08-11 16:40:19
219341,1576,ZHTL2,COMPRA,320,69.3648,2.2381,2026-08-11 13:09:06,2026-08-11 13:09:06,2026-08-11 13:09:06
219342,1091,NREP8,COMPRA,150,147.7160,3.3229,2026-08-11 13:54:04,2026-08-11 13:54:04,2026-08-11 13:54:04
219343,3501,SUZL4,COMPRA,70,169.5816,1.4632,2026-08-11 16:00:26,2026-08-11 16:00:28,2026-08-11 16:00:28
219344,1312,NGIU9,COMPRA,230,133.2675,7.4668,2026-08-11 15:19:11,2026-08-11 15:19:13,2026-08-11 15:19:13
219345,2715,ACSV1,COMPRA,392,76.0440,0.0886,2026-08-11 15:07:09,2026-08-11 15:07:09,2026-08-11 15:07:09
219346,1788,WIPB2,COMPRA,415,122.4719,6.9051,2026-08-11 11:12:48,2026-08-11 11:12:48,2026-08-11 11:12:48
219347,2654,NWGB4,COMPRA,33,113.7980,6.1027,2026-08-11 12:14:18,2026-08-11 12:14:20,2026-08-11 12:14:20
219348,2342,WHMT3,COMPRA,20,107.9639,2.6389,2026-08-11 12:17:13,2026-08-11 12:17:16,2026-08-11 12:17:16
219349,1093,IWFI1,COMPRA,218,131.6782,3.8201,2026-08-11 15:43:07,2026-08-11 15:43:08,2026-08-11 15:43:08
219350,2192,WXQM6,COMPRA,325,59.6107,0.6513,2026-08-11 11:24:27,2026-08-11 11:24:28,2026-08-11 11:24:28
219351,1511,IPXK2,COMPRA,433,345.7989,6.2494,2026-08-11 10:20:35,2026-08-11 10:20:38,2026-08-11 10:20:38
219352,1817,MCMT2,COMPRA,55,81.1096,8.3236,2026-08-11 15:18:09,2026-08-11 15:18:09,2026-08-11 15:18:09
219353,1296,NAOF3,COMPRA,345,52.8766,11.8268,2026-08-11 16:48:34,2026-08-11 16:48:36,2026-08-11 16:48:36
219354,2594,QYBV3,VENDA,125,77.2290,6.7799,2026-08-11 11:54:04,2026-08-11 11:54:04,2026-08-11 11:54:04
219355,1552,IJJK3,COMPRA,465,131.6659,12.7594,2026-08-11 13:21:47,2026-08-11 13:21:48,2026-08-11 13:21:48
219356,2890,GULD2,COMPRA,233,145.7350,8.0859,2026-08-11 15:17:06,2026-08-11 15:17:07,2026-08-11 15:17:07
219357,3144,QATW7,COMPRA,85,41.2454,4.2320,2026-08-11 12:17:41,2026-08-11 12:17:41,2026-08-11 12:17:41
219358,2314,MGRR2,COMPRA,85,130.0510,8.1195,2026-08-11 11:59:34,2026-08-11 11:59:34,2026-08-11 11:59:34
219359,2460,DFGR7,COMPRA,245,102.8689,10.6820,2026-08-11 15:56:05,2026-08-11 15:56:07,2026-08-11 15:56:07
219360,3020,KQEO3,COMPRA,483,65.4185,5.3842,2026-08-11 15:35:56,2026-08-11 15:35:56,2026-08-11 15:35:56
219361,1301,GAKD5,COMPRA,487,287.9204,10.8319,2026-08-11 10:08:17,2026-08-11 10:08:17,2026-08-11 10:08:17
219362,1680,DMTZ8,COMPRA,405,158.2313,2.3287,2026-08-11 13:49:26,2026-08-11 13:49:29,2026-08-11 13:49:29
219363,1354,NPEM3,COMPRA,341,79.1150,5.3201,2026-08-11 16:50:00,2026-08-11 16:50:01,2026-08-11 16:50:01
219364,1546,NUJZ2,COMPRA,290,40.7260,7.7640,2026-08-11 17:16:48,2026-08-11 17:16:48,2026-08-11 17:16:48
219365,2252,SGBG8,COMPRA,472,78.2655,0.0865,2026-08-11 11:17:11,2026-08-11 11:17:13,2026-08-11 11:17:13
219366,1661,QTHQ1,COMPRA,145,18.7371,11.9170,2026-08-11 10:25:42,2026-08-11 10:25:45,2026-08-11 10:25:45
219367,1220,UFIU3,COMPRA,110,99.5983,6.5227,2026-08-11 10:52:33,2026-08-11 10:52:36,2026-08-11 10:52:36
219368,1039,AAUA7,COMPRA,235,126.7838,6.9431,2026-08-11 12:58:40,2026-08-11 12:58:42,2026-08-11 12:58:42
219369,2082,TVCE9,COMPRA,445,66.6075,0.9122,2026-08-11 11:12:47,2026-08-11 11:12:47,2026-08-11 11:12:47
219370,2965,GAKD5,COMPRA,354,300.8348,1.0090,2026-08-11 10:50:08,2026-08-11 10:50:08,2026-08-11 10:50:08
219371,1159,TNHT4,COMPRA,425,128.9965,7.0220,2026-08-11 17:02:49,2026-08-11 17:02:51,2026-08-11 17:02:51
219372,3503,YOWA1,COMPRA,205,63.8075,9.9559,2026-08-11 13:15:50,2026-08-11 13:15:53,2026-08-11 13:15:53
219373,1029,NQYT3,COMPRA,490,74.7042,1.1882,2026-08-11 12:14:37,2026-08-11 12:14:39,2026-08-11 12:14:39
219374,2422,ZFBT3,COMPRA,349,106.4787,11.9680,2026-08-11 15:56:28,2026-08-11 15:56:30,2026-08-11 15:56:30
219375,1743,JUDG8,COMPRA,374,87.7668,11.9656,2026-08-11 13:32:52,2026-08-11 13:32:55,2026-08-11 13:32:55
219376,1350,UVEY5,COMPRA,260,90.1720,10.0671,2026-08-11 13:45:46,2026-08-11 13:45:49,2026-08-11 13:45:49
219377,1913,PQUT9,COMPRA,145,76.1370,9.2624,2026-08-11 14:42:12,2026-08-11 14:42:15,2026-08-11 14:42:15
219378,1149,WMQZ6,COMPRA,5,60.4374,9.5830,2026-08-11 12:17:55,2026-08-11 12:17:58,2026-08-11 12:17:58
219379,3477,AAUA7,COMPRA,443,163.0783,8.6962,2026-08-11 13:39:18,2026-08-11 13:39:21,2026-08-11 13:39:21
219380,1690,TVCE9,COMPRA,40,60.8440,7.6612,2026-08-11 15:04:08,2026-08-11 15:04:11,2026-08-11 15:04:11
219381,2261,RYPL6,COMPRA,70,109.1070,6.5260,2026-08-11 16:16:41,2026-08-11 16:16:41,2026-08-11 16:16:41
219382,3182,GAKD5,COMPRA,385,319.6804,8.3424,2026-08-11 17:00:49,2026-08-11 17:00:50,2026-08-11 17:00:50
219383,1614,RMRT1,VENDA,15,100.4104,11.4872,2026-08-11 17:20:56,2026-08-11 17:20:56,2026-08-11 17:20:56
219384,3509,GAKD5,COMPRA,365,351.8794,11.8488,2026-08-11 15:10:07,2026-08-11 15:10:09,2026-08-11 15:10:09
219385,2268,TTHO3,COMPRA,424,32.5643,4.3844,2026-08-11 10:20:58,2026-08-11 10:21:01,2026-08-11 10:21:01
219386,3411,XAVL3,COMPRA,430,168.4945,9.3981,2026-08-11 16:45:45,2026-08-11 16:45:48,2026-08-11 16:45:48
219387,2982,SGBG8,COMPRA,235,89.0985,0.2057,2026-08-11 15:35:49,2026-08-11 15:35:52,2026-08-11 15:35:52
219388,1699,SUZL4,COMPRA,110,164.4372,2.5348,2026-08-11 17:22:08,2026-08-11 17:22:08,2026-08-11 17:22:08
219389,1657,RHXV4,COMPRA,190,78.1296,0.0661,2026-08-11 15:55:04,2026-08-11 15:55:04,2026-08-11 15:55:04
219390,2734,JIPA6,COMPRA,325,34.9725,6.5380,2026-08-11 16:57:52,2026-08-11 16:57:55,2026-08-11 16:57:55
219391,3019,AAUA7,COMPRA,450,105.7518,9.8744,2026-08-11 10:47:53,2026-08-11 10:47:54,2026-08-11 10:47:54
219392,2343,XAVL3,COMPRA,310,188.4795,6.5901,2026-08-11 15:13:10,2026-08-11 15:13:10,2026-08-11 15:13:10
219393,2348,YOWA1,COMPRA,494,54.5722,3.4929,2026-08-11 12:03:19,2026-08-11 12:03:22,2026-08-11 12:03:22
219394,1949,MOLF3,COMPRA,460,41.0218,6.8301,2026-08-11 17:18:04,2026-08-11 17:18:05,2026-08-11 17:18:05
219395,3062,TXHR8,COMPRA,395,88.7047,4.7810,2026-08-11 16:02:56,2026-08-11 16:02:59,2026-08-11 16:02:59
219396,2498,UYFJ9,COMPRA,355,110.5951,0.4243,2026-08-11 15:22:17,2026-08-11 15:22:17,2026-08-11 15:22:17
219397,1013,XLZM9,COMPRA,150,42.5432,0.8904,2026-08-11 11:52:26,2026-08-11 11:52:28,2026-08-11 11:52:28
219398,2080,XTVW5,VENDA,350,112.1965,1.5675,2026-08-11 15:17:22,2026-08-11 15:17:23,2026-08-11 15:17:23
219399,1336,EEYY9,COMPRA,84,164.8181,0.5092,2026-08-11 17:15:53,2026-08-11 17:15:54,2026-08-11 17:15:54
219400,1293,JJVW6,COMPRA,79,102.0026,3.4024,2026-08-11 15:18:48,2026-08-11 15:18:48,2026-08-11 15:18:48
219401,2200,CQJZ4,COMPRA,230,106.1345,11.1709,2026-08-11 11:47:03,2026-08-11 11:47:05,2026-08-11 11:47:05
219402,2293,OVUQ2,COMPRA,400,38.9933,10.4783,2026-08-11 10:12:56,2026-08-11 10:12:57,2026-08-11 10:12:57
219403,2537,NREP8,COMPRA,235,141.8082,4.4404,2026-08-11 15:12:18,2026-08-11 15:12:20,2026-08-11 15:12:20
219404,3326,PQUT9,COMPRA,135,84.4044,11.1107,2026-08-11 15:59:36,2026-08-11 15:59:38,2026-08-11 15:59:38
219405,1568,MCMT2,COMPRA,270,75.6855,2.2764,2026-08-11 14:39:14,2026-08-11 14:39:15,2026-08-11 14:39:15
219406,3008,RSBT4,COMPRA,35,423.8886,12.3624,2026-08-11 17:12:38,2026-08-11 17:12:40,2026-08-11 17:12:40
219407,2042,JIPR4,COMPRA,250,39.7389,12.2001,2026-08-11 12:11:30,2026-08-11 12:11:30,2026-08-11 12:11:30
219408,1681,BXFJ9,COMPRA,197,128.6375,12.5671,2026-08-11 13:41:50,2026-08-11 13:41:52,2026-08-11 13:41:52
219409,1179,MGRR2,COMPRA,10,151.4235,2.4533,2026-08-11 12:59:19,2026-08-11 12:59:21,2026-08-11 12:59:21
219410,3420,QTHQ1,COMPRA,55,20.0948,9.9161,2026-08-11 10:11:41,2026-08-11 10:11:42,2026-08-11 10:11:42
219411,1815,NGIU9,COMPRA,50,120.4347,9.9546,2026-08-11 16:42:24,2026-08-11 16:42:24,2026-08-11 16:42:24
219412,3046,XOVY4,VENDA,420,110.4359,11.2085,2026-08-11 10:41:50,2026-08-11 10:41:53,2026-08-11 10:41:53
219413,1085,BOCS8,COMPRA,475,59.8494,9.5256,2026-08-11 13:07:22,2026-08-11 13:07:25,2026-08-11 13:07:25
219414,1924,YOWA1,VENDA,240,50.3664,10.0287,2026-08-11 10:09:53,2026-08-11 10:09:54,2026-08-11 10:09:54
219415,3511,NWGB4,COMPRA,120,111.3584,12.6569,2026-08-11 12:18:37,2026-08-11 12:18:37,2026-08-11 12:18:37
219416,1148,ACSV1,COMPRA,65,113.8251,4.3864,2026-08-11 16:08:50,2026-08-11 16:08:53,2026-08-11 16:08:53
219417,2750,UQIQ7,COMPRA,220,101.5031,6.8670,2026-08-11 16:16:56,2026-08-11 16:16:57,2026-08-11 16:16:57
219418,1954,OEQA8,COMPRA,375,433.6285,2.8417,2026-08-11 14:16:19,2026-08-11 14:16:22,2026-08-11 14:16:22
219419,2775,RDOA3,COMPRA,60,76.4825,12.1628,2026-08-11 12:23:20,2026-08-11 12:23:23,2026-08-11 12:23:23
219420,3038,XTVW5,COMPRA,415,108.5681,6.5328,2026-08-11 16:46:26,2026-08-11 16:46:29,2026-08-11 16:46:29
219421,1180,ZAAS7,COMPRA,85,367.3501,1.3577,2026-08-11 16:54:21,2026-08-11 16:54:21,2026-08-11 16:54:21
219422,3451,ACSV1,COMPRA,20,123.6388,9.8529,2026-08-11 14:09:30,2026-08-11 14:09:33,2026-08-11 14:09:33
219423,2488,MCHX2,COMPRA,20,101.0480,4.5343,2026-08-11 11:57:34,2026-08-11 11:57:35,2026-08-11 11:57:35
219424,1730,UVEY5,COMPRA,20,74.7111,6.6067,2026-08-11 11:25:43,2026-08-11 11:25:44,2026-08-11 11:25:44
219425,1598,JUDG8,COMPRA,240,101.9021,3.7120,2026-08-11 10:26:40,2026-08-11 10:26:42,2026-08-11 10:26:42
219426,2172,AAUA7,COMPRA,30,139.3696,0.9208,2026-08-11 10:46:40,2026-08-11 10:46:40,2026-08-11 10:46:40
219427,2561,DSFC9,COMPRA,350,507.1269,3.8627,2026-08-11 14:03:14,2026-08-11 14:03:17,2026-08-11 14:03:17
219428,2722,DHRM5,COMPRA,360,257.5365,0.9862,2026-08-11 14:31:49,2026-08-11 14:31:52,2026-08-11 14:31:52
219429,2117,XTVW5,COMPRA,400,104.1159,5.2144,2026-08-11 13:35:49,2026-08-11 13:35:50,2026-08-11 13:35:50
219430,1150,JJVW6,COMPRA,320,103.7682,5.3029,2026-08-11 13:39:49,2026-08-11 13:39:52,2026-08-11 13:39:52
219431,2379,BOCS8,COMPRA,439,76.9361,10.0393,2026-08-11 13:38:58,2026-08-11 13:38:58,2026-08-11 13:38:58
219432,1004,PQUT9,COMPRA,480,103.2501,5.6563,2026-08-11 14:33:04,2026-08-11 14:33:07,2026-08-11 14:33:07
219433,1882,WHMT3,COMPRA,76,114.5758,7.8146,2026-08-11 14:23:33,2026-08-11 14:23:36,2026-08-11 14:23:36
219434,3046,MCMT2,COMPRA,82,109.1700,9.0112,2026-08-11 12:33:58,2026-08-11 12:34:00,2026-08-11 12:34:00
219435,3409,TVCE9,COMPRA,235,72.4181,4.4068,2026-08-11 11:50:18,2026-08-11 11:50:21,2026-08-11 11:50:21
219436,1325,AAWB3,COMPRA,160,194.0074,2.2662,2026-08-11 11:58:03,2026-08-11 11:58:05,2026-08-11 11:58:05
219437,1622,BGNM6,COMPRA,50,105.0320,4.1518,2026-08-11 10:41:51,2026-08-11 10:41:53,2026-08-11 10:41:53
219438,2460,IPXK2,VENDA,165,274.6263,8.6425,2026-08-11 12:56:07,2026-08-11 12:56:10,2026-08-11 12:56:10
219439,1477,PBZM6,COMPRA,10,62.2190,8.5791,2026-08-11 17:08:46,2026-08-11 17:08:49,2026-08-11 17:08:49
219440,3108,LIEG8,VENDA,8,112.6542,2.3035,2026-08-11 12:23:30,2026-08-11 12:23:31,2026-08-11 12:23:31
219441,1507,LIEG8,COMPRA,278,86.2320,4.6662,2026-08-11 10:06:19,2026-08-11 10:06:21,2026-08-11 10:06:21
219442,2172,HCLJ8,VENDA,60,95.7109,12.0004,2026-08-11 13:49:22,2026-08-11 13:49:22,2026-08-11 13:49:22
219443,2614,SRDU1,COMPRA,55,73.4175,10.2304,2026-08-11 10:59:05,2026-08-11 10:59:05,2026-08-11 10:59:05
219444,2871,BGNM6,COMPRA,21,102.4419,5.2717,2026-08-11 15:09:50,2026-08-11 15:09:50,2026-08-11 15:09:50
219445,2221,QHFL8,COMPRA,431,122.6526,2.1918,2026-08-11 14:47:09,2026-08-11 14:47:09,2026-08-11 14:47:09
219446,2835,HCZM2,COMPRA,455,415.2653,9.2765,2026-08-11 17:08:55,2026-08-11 17:08:58,2026-08-11 17:08:58
219447,1829,SVOZ4,COMPRA,55,57.2647,1.5749,2026-08-11 13:36:50,2026-08-11 13:36:52,2026-08-11 13:36:52
219448,2140,GKQC5,COMPRA,356,144.2081,6.8126,2026-08-11 16:09:37,2026-08-11 16:09:37,2026-08-11 16:09:37
219449,1641,BOCS8,COMPRA,385,66.2156,6.7972,2026-08-11 16:10:39,2026-08-11 16:10:39,2026-08-11 16:10:39
219450,2311,RMRT1,COMPRA,500,119.9936,12.2622,2026-08-11 10:37:07,2026-08-11 10:37:10,2026-08-11 10:37:10
219451,2360,UFMA7,COMPRA,165,178.6939,6.8448,2026-08-11 15:42:19,2026-08-11 15:42:20,2026-08-11 15:42:20
219452,1566,UQIQ7,COMPRA,65,95.1898,5.2460,2026-08-11 13:04:33,2026-08-11 13:04:34,2026-08-11 13:04:34
219453,1903,YCCK8,COMPRA,260,476.0056,5.5133,2026-08-11 15:01:30,2026-08-11 15:01:31,2026-08-11 15:01:31
219454,1490,IWAK1,COMPRA,445,97.9970,6.1956,2026-08-11 15:20:14,2026-08-11 15:20:14,2026-08-11 15:20:14
219455,1673,NAOF3,COMPRA,315,72.7744,5.5230,2026-08-11 12:07:27,2026-08-11 12:07:28,2026-08-11 12:07:28
219456,1441,TTHO3,COMPRA,70,31.9434,4.6121,2026-08-11 11:59:12,2026-08-11 11:59:13,2026-08-11 11:59:13
219457,2188,NREP8,COMPRA,400,115.6895,10.2490,2026-08-11 11:14:23,2026-08-11 11:14:23,2026-08-11 11:14:23
219458,2879,QEUC2,COMPRA,105,157.6787,8.7749,2026-08-11 14:26:04,2026-08-11 14:26:05,2026-08-11 14:26:05
219459,2828,ZHTL2,COMPRA,98,53.2781,3.9590,2026-08-11 15:24:05,2026-08-11 15:24:05,2026-08-11 15:24:05
219460,2400,FRGH8,COMPRA,465,92.0069,0.8854,2026-08-11 10:27:07,2026-08-11 10:27:08,2026-08-11 10:27:08
219461,2808,MCMT2,COMPRA,355,103.2547,8.0190,2026-08-11 11:01:54,2026-08-11 11:01:54,2026-08-11 11:01:54
219462,2904,TNHT4,COMPRA,95,121.7213,9.2455,2026-08-11 10:17:15,2026-08-11 10:17:17,2026-08-11 10:17:17
219463,2197,XLZM9,COMPRA,440,54.8465,10.0773,2026-08-11 11:56:12,2026-08-11 11:56:13,2026-08-11 11:56:13
219464,1858,GAKD5,COMPRA,385,284.6272,0.2230,2026-08-11 10:14:44,2026-08-11 10:14:47,2026-08-11 10:14:47
219465,2320,FYZB6,COMPRA,492,55.4524,3.4738,2026-08-11 10:17:34,2026-08-11 10:17:36,2026-08-11 10:17:36
219466,3087,PQUT9,COMPRA,55,103.3215,6.1001,2026-08-11 16:13:45,2026-08-11 16:13:46,2026-08-11 16:13:46
219467,1056,JDJG6,COMPRA,160,81.3646,0.9210,2026-08-11 11:14:44,2026-08-11 11:14:47,2026-08-11 11:14:47
219468,2396,NHYK8,COMPRA,395,58.5299,5.6824,2026-08-11 10:37:57,2026-08-11 10:37:59,2026-08-11 10:37:59
219469,2329,UFIU3,COMPRA,497,88.9293,1.3688,2026-08-11 14:19:57,2026-08-11 14:19:57,2026-08-11 14:19:57
219470,1024,UYFJ9,COMPRA,410,112.4030,9.5391,2026-08-11 13:39:48,2026-08-11 13:39:49,2026-08-11 13:39:49
219471,2693,IJJK3,COMPRA,160,111.5322,11.1185,2026-08-11 14:59:53,2026-08-11 14:59:55,2026-08-11 14:59:55
219472,2878,IWAK1,COMPRA,145,80.0860,11.0381,2026-08-11 15:23:30,2026-08-11 15:23:32,2026-08-11 15:23:32
219473,3246,NQYT3,COMPRA,95,51.6624,8.9197,2026-08-11 11:11:15,2026-08-11 11:11:17,2026-08-11 11:11:17
219474,1735,GKQC5,COMPRA,335,156.1292,10.7106,2026-08-11 10:17:44,2026-08-11 10:17:47,2026-08-11 10:17:47
219475,2796,DHRM5,COMPRA,150,306.4909,8.8620,2026-08-11 15:11:32,2026-08-11 15:11:34,2026-08-11 15:11:34
219476,1129,GAKD5,COMPRA,45,336.5145,1.3751,2026-08-11 16:57:44,2026-08-11 16:57:46,2026-08-11 16:57:46
219477,2622,BOCS8,COMPRA,480,67.5036,12.6029,2026-08-11 12:53:42,2026-08-11 12:53:45,2026-08-11 12:53:45
219478,1884,XOVY4,COMPRA,105,89.8771,7.6815,2026-08-11 17:05:24,2026-08-11 17:05:27,2026-08-11 17:05:27
219479,1375,NAOF3,COMPRA,95,57.7623,1.4014,2026-08-11 12:09:52,2026-08-11 12:09:52,2026-08-11 12:09:52
219480,1109,QHFL8,COMPRA,475,128.1862,10.6429,2026-08-11 11:05:35,2026-08-11 11:05:35,2026-08-11 11:05:35
219481,2031,JDJG6,COMPRA,270,70.5005,5.1914,2026-08-11 15:03:55,2026-08-11 15:03:57,2026-08-11 15:03:57
219482,2504,UYFJ9,COMPRA,250,74.5463,3.4209,2026-08-11 14:22:21,2026-08-11 14:22:24,2026-08-11 14:22:24
219483,2544,PZUP8,COMPRA,125,190.4955,11.9166,2026-08-11 16:51:10,2026-08-11 16:51:12,2026-08-11 16:51:12
219484,2390,KQEO3,COMPRA,239,68.8020,6.9042,2026-08-11 15:41:57,2026-08-11 15:41:57,2026-08-11 15:41:57
219485,1006,AAUA7,COMPRA,96,152.2365,6.9715,2026-08-11 15:38:34,2026-08-11 15:38:35,2026-08-11 15:38:35
219486,2278,AAWB3,COMPRA,160,179.5595,9.3590,2026-08-11 16:53:34,2026-08-11 16:53:36,2026-08-11 16:53:36
219487,1450,FIUW1,COMPRA,290,124.8713,10.2237,2026-08-11 13:30:32,2026-08-11 13:30:35,2026-08-11 13:30:35
219488,3333,ZHTL2,COMPRA,365,55.9106,5.1547,2026-08-11 10:05:24,2026-08-11 10:05:25,2026-08-11 10:05:25
219489,1178,ACSV1,COMPRA,75,94.0513,11.8440,2026-08-11 10:41:27,2026-08-11 10:41:29,2026-08-11 10:41:29
219490,2117,BSDJ7,COMPRA,240,188.7433,11.1658,2026-08-11 14:55:17,2026-08-11 14:55:17,2026-08-11 14:55:17
219491,3454,RSBT4,COMPRA,335,338.7037,0.0038,2026-08-11 15:07:37,2026-08-11 15:07:37,2026-08-11 15:07:37
219492,2287,JIPA6,COMPRA,35,42.8449,12.8154,2026-08-11 12:05:03,2026-08-11 12:05:04,2026-08-11 12:05:04
219493,2825,YIHC3,COMPRA,470,47.2634,12.7275,2026-08-11 11:30:27,2026-08-11 11:30:28,2026-08-11 11:30:28
219494,2536,SGBG8,COMPRA,185,87.9446,2.7234,2026-08-11 12:34:37,2026-08-11 12:34:40,2026-08-11 12:34:40
219495,1718,IJJK3,COMPRA,460,96.8596,4.4954,2026-08-11 12:54:21,2026-08-11 12:54:22,2026-08-11 12:54:22
219496,3371,IWFI1,COMPRA,50,160.1228,4.8619,2026-08-11 12:54:00,2026-08-11 12:54:00,2026-08-11 12:54:00
219497,1367,MGRR2,COMPRA,450,101.7205,10.6974,2026-08-11 17:20:49,2026-08-11 17:20:49,2026-08-11 17:20:49
219498,3146,WXFC8,COMPRA,321,99.0476,7.9634,2026-08-11 11:16:55,2026-08-11 11:16:55,2026-08-11 11:16:55
219499,2960,NAOF3,VENDA,370,57.2730,8.7127,2026-08-11 13:11:22,2026-08-11 13:11:24,2026-08-11 13:11:24
219500,1209,JUDG8,COMPRA,265,69.2498,12.3564,2026-08-11 15:59:57,2026-08-11 16:00:00,2026-08-11 16:00:00
219501,1833,QATW7,COMPRA,65,50.7866,10.8877,2026-08-11 11:47:24,2026-08-11 11:47:24,2026-08-11 11:47:24
219502,3530,SVOZ4,COMPRA,10,56.9843,11.6064,2026-08-11 10:19:37,2026-08-11 10:19:40,2026-08-11 10:19:40
219503,1136,DHRM5,COMPRA,85,258.6380,2.2171,2026-08-11 11:45:38,2026-08-11 11:45:40,2026-08-11 11:45:40
219504,2240,GULD2,COMPRA,195,143.6247,4.2519,2026-08-11 10:14:15,2026-08-11 10:14:15,2026-08-11 10:14:15
219505,1503,RMRT1,COMPRA,370,108.5128,0.6377,2026-08-11 15:13:18,2026-08-11 15:13:19,2026-08-11 15:13:19
219506,1762,PSEN6,COMPRA,325,157.8220,4.7065,2026-08-11 14:34:47,2026-08-11 14:34:49,2026-08-11 14:34:49
219507,1376,VLEB3,COMPRA,110,439.8059,0.9117,2026-08-11 10:50:01,2026-08-11 10:50:02,2026-08-11 10:50:02
219508,2668,LGKU6,COMPRA,373,71.4935,3.8012,2026-08-11 13:33:54,2026-08-11 13:33:55,2026-08-11 13:33:55
219509,1937,IJJK3,COMPRA,65,96.1006,7.5945,2026-08-11 16:34:40,2026-08-11 16:34:41,2026-08-11 16:34:41
219510,3497,CQIL9,COMPRA,454,34.5116,6.1670,2026-08-11 14:57:30,2026-08-11 14:57:31,2026-08-11 14:57:31
219511,3016,DSFC9,COMPRA,305,332.5318,5.0371,2026-08-11 13:28:50,2026-08-11 13:28:52,2026-08-11 13:28:52
219512,2421,NPEM3,COMPRA,120,84.4034,5.3228,2026-08-11 11:26:57,2026-08-11 11:26:58,2026-08-11 11:26:58
219513,3412,QATW7,COMPRA,330,56.9889,5.2410,2026-08-11 14:30:31,2026-08-11 14:30:32,2026-08-11 14:30:32
219514,2806,QQQS1,COMPRA,267,24.2700,8.9531,2026-08-11 15:52:51,2026-08-11 15:52:51,2026-08-11 15:52:51
219515,1418,BXFJ9,COMPRA,62,172.7551,1.1892,2026-08-11 10:04:20,2026-08-11 10:04:21,2026-08-11 10:04:21
219516,3039,YRWH3,COMPRA,85,238.6154,2.4952,2026-08-11 14:44:14,2026-08-11 14:44:14,2026-08-11 14:44:14
219517,2908,TTHO3,COMPRA,451,35.1820,9.0533,2026-08-11 12:21:06,2026-08-11 12:21:07,2026-08-11 12:21:07
219518,1700,AAUA7,COMPRA,485,142.1200,8.0942,2026-08-11 10:37:50,2026-08-11 10:37:51,2026-08-11 10:37:51
219519,1526,QYBV3,COMPRA,374,77.0641,0.1416,2026-08-11 11:00:01,2026-08-11 11:00:01,2026-08-11 11:00:01
219520,2302,ECQD7,COMPRA,185,101.2196,0.0445,2026-08-11 14:02:45,2026-08-11 14:02:48,2026-08-11 14:02:48
219521,3077,RSBT4,COMPRA,480,434.2831,6.8264,2026-08-11 14:09:35,2026-08-11 14:09:36,2026-08-11 14:09:36
219522,3178,IPXK2,VENDA,15,369.4387,1.0216,2026-08-11 14:09:25,2026-08-11 14:09:28,2026-08-11 14:09:28
219523,2809,HCZM2,COMPRA,165,452.6257,,2026-08-11 12:54:50,2026-08-11 12:54:53,2026-08-11 12:54:53
219524,3038,TTHO3,COMPRA,305,29.0731,8.1665,2026-08-11 16:59:01,2026-08-11 16:59:04,2026-08-11 16:59:04
219525,2200,DQSN6,COMPRA,110,135.1270,5.2783,2026-08-11 14:29:20,2026-08-11 14:29:21,2026-08-11 14:29:21
219526,2919,XLZM9,COMPRA,195,48.2134,2.3901,2026-08-11 12:18:32,2026-08-11 12:18:33,2026-08-11 12:18:33
219527,1378,IZTY4,COMPRA,415,37.3546,9.6617,2026-08-11 14:08:49,2026-08-11 14:08:51,2026-08-11 14:08:51
219528,2446,LCCH9,COMPRA,340,8.3990,9.2334,2026-08-11 16:28:38,2026-08-11 16:28:40,2026-08-11 16:28:40
219529,2885,JDJG6,COMPRA,295,67.0302,3.1186,2026-08-11 13:04:30,2026-08-11 13:04:30,2026-08-11 13:04:30
219530,1292,FYZB6,COMPRA,391,55.0827,12.6927,2026-08-11 14:17:16,2026-08-11 14:17:19,2026-08-11 14:17:19
219531,1826,TVCE9,COMPRA,500,60.3179,2.7702,2026-08-11 16:47:05,2026-08-11 16:47:06,2026-08-11 16:47:06
219532,3193,ZFBT3,COMPRA,260,111.2651,5.2006,2026-08-11 13:24:50,2026-08-11 13:24:50,2026-08-11 13:24:50
219533,1695,RDOA3,COMPRA,375,111.1656,8.1349,2026-08-11 11:51:08,2026-08-11 11:51:09,2026-08-11 11:51:09
219534,1096,KFSY2,COMPRA,195,127.0732,1.6803,2026-08-11 16:26:24,2026-08-11 16:26:27,2026-08-11 16:26:27
219535,2409,FIUW1,COMPRA,410,111.9055,10.8451,2026-08-11 12:21:43,2026-08-11 12:21:46,2026-08-11 12:21:46
219536,3420,OVUQ2,COMPRA,240,41.1001,0.7763,2026-08-11 12:08:28,2026-08-11 12:08:30,2026-08-11 12:08:30
219537,2884,NAOF3,COMPRA,150,50.1003,6.7592,2026-08-11 16:56:26,2026-08-11 16:56:27,2026-08-11 16:56:27
219538,2284,DGBT6,COMPRA,285,82.1479,0.1932,2026-08-11 10:35:09,2026-08-11 10:35:11,2026-08-11 10:35:11
219539,2340,NYGT6,COMPRA,438,82.7105,2.8101,2026-08-11 12:31:03,2026-08-11 12:31:04,2026-08-11 12:31:04
219540,2899,GKQC5,COMPRA,335,140.8119,6.0644,2026-08-11 14:31:31,2026-08-11 14:31:34,2026-08-11 14:31:34
219541,3028,JJVW6,COMPRA,23,124.6225,8.6874,2026-08-11 15:53:47,2026-08-11 15:53:48,2026-08-11 15:53:48
219542,1970,HJRH5,COMPRA,170,161.7150,1.6362,2026-08-11 17:12:45,2026-08-11 17:12:47,2026-08-11 17:12:47
219543,3072,HCZM2,COMPRA,200,526.8039,7.1251,2026-08-11 11:12:12,2026-08-11 11:12:13,2026-08-11 11:12:13
219544,1866,GKQC5,COMPRA,410,106.6973,1.7490,2026-08-11 15:12:55,2026-08-11 15:12:57,2026-08-11 15:12:57
219545,2442,QHFL8,COMPRA,213,124.4948,0.8368,2026-08-11 12:18:58,2026-08-11 12:18:59,2026-08-11 12:18:59
219546,3515,IZTY4,COMPRA,460,23.9036,6.4379,2026-08-11 10:19:14,2026-08-11 10:19:16,2026-08-11 10:19:16
219547,2833,ZFBT3,COMPRA,81,77.1400,3.7609,2026-08-11 14:45:53,2026-08-11 14:45:54,2026-08-11 14:45:54
219548,1390,IWFI1,COMPRA,495,181.4091,10.3766,2026-08-11 10:06:58,2026-08-11 10:06:59,2026-08-11 10:06:59
219549,3023,BSDJ7,COMPRA,220,250.7000,4.9005,2026-08-11 14:07:05,2026-08-11 14:07:05,2026-08-11 14:07:05
219550,3038,DEGN5,COMPRA,5,68.2962,10.2397,2026-08-11 11:02:57,2026-08-11 11:03:00,2026-08-11 11:03:00
219551,1150,SVOZ4,COMPRA,405,50.6120,10.1648,2026-08-11 13:50:13,2026-08-11 13:50:13,2026-08-11 13:50:13
219552,2994,UQIQ7,COMPRA,205,71.0765,8.3888,2026-08-11 12:37:00,2026-08-11 12:37:00,2026-08-11 12:37:00
219553,2695,GKQC5,COMPRA,322,101.6592,11.5996,2026-08-11 11:33:49,2026-08-11 11:33:51,2026-08-11 11:33:51
219554,2832,KHGP6,COMPRA,320,110.3281,9.5591,2026-08-11 13:29:29,2026-08-11 13:29:32,2026-08-11 13:29:32
219555,1211,IWFI1,COMPRA,161,152.0268,10.3189,2026-08-11 13:58:23,2026-08-11 13:58:24,2026-08-11 13:58:24
219556,1775,RYPL6,COMPRA,455,88.8257,6.7141,2026-08-11 15:26:57,2026-08-11 15:26:59,2026-08-11 15:26:59
219557,2489,NYGT6,COMPRA,335,98.3528,4.5079,2026-08-11 16:40:29,2026-08-11 16:40:32,2026-08-11 16:40:32
219558,2493,UQIQ7,COMPRA,65,97.4957,0.1878,2026-08-11 13:57:25,2026-08-11 13:57:25,2026-08-11 13:57:25
219559,2730,HCLJ8,COMPRA,245,128.3126,12.0559,2026-08-11 14:19:17,2026-08-11 14:19:20,2026-08-11 14:19:20
219560,1633,AAUA7,COMPRA,70,136.0685,11.3844,2026-08-11 14:32:54,2026-08-11 14:32:55,2026-08-11 14:32:55
219561,1044,BXFJ9,COMPRA,375,118.8761,4.5254,2026-08-11 14:12:59,2026-08-11 14:12:59,2026-08-11 14:12:59
219562,1001,UVEY5,COMPRA,335,104.2436,10.3881,2026-08-11 12:12:39,2026-08-11 12:12:42,2026-08-11 12:12:42
219563,1140,FIUW1,COMPRA,175,117.6997,11.1517,2026-08-11 15:37:25,2026-08-11 15:37:28,2026-08-11 15:37:28
219564,1470,JUDG8,COMPRA,190,97.7552,6.3940,2026-08-11 13:35:15,2026-08-11 13:35:17,2026-08-11 13:35:17
219565,3026,RDOA3,COMPRA,80,89.7309,10.5746,2026-08-11 13:43:57,2026-08-11 13:43:58,2026-08-11 13:43:58
219566,2903,RMRT1,COMPRA,85,120.5053,10.8283,2026-08-11 13:49:16,2026-08-11 13:49:19,2026-08-11 13:49:19
219567,1587,SVOZ4,COMPRA,205,52.5336,4.8922,2026-08-11 11:02:59,2026-08-11 11:02:59,2026-08-11 11:02:59
219568,3162,KHGP6,COMPRA,313,81.6384,0.5131,2026-08-11 15:36:42,2026-08-11 15:36:45,2026-08-11 15:36:45
219569,2464,YRWH3,COMPRA,60,199.0591,6.8224,2026-08-11 17:07:00,2026-08-11 17:07:03,2026-08-11 17:07:03
219570,3258,XAVL3,COMPRA,295,207.8083,5.2956,2026-08-11 10:18:53,2026-08-11 10:18:53,2026-08-11 10:18:53
219571,2040,BOCS8,COMPRA,70,51.8237,8.1049,2026-08-11 17:10:36,2026-08-11 17:10:36,2026-08-11 17:10:36
219572,1572,SUZL4,COMPRA,360,119.8243,8.3063,2026-08-11 12:58:05,2026-08-11 12:58:08,2026-08-11 12:58:08
219573,1314,MGRR2,COMPRA,70,115.6132,5.8347,2026-08-11 16:43:09,2026-08-11 16:43:10,2026-08-11 16:43:10
219574,1120,NPEM3,COMPRA,245,82.0074,1.5385,2026-08-11 15:33:16,2026-08-11 15:33:19,2026-08-11 15:33:19
219575,1808,XOVY4,COMPRA,300,83.8935,5.7380,2026-08-11 13:03:56,2026-08-11 13:03:57,2026-08-11 13:03:57
219576,2532,PZUP8,COMPRA,475,152.2697,8.3051,2026-08-11 10:04:35,2026-08-11 10:04:35,2026-08-11 10:04:35
219577,3233,ZYVN7,COMPRA,30,63.9446,7.4611,2026-08-11 10:52:08,2026-08-11 10:52:08,2026-08-11 10:52:08
219578,3501,NQYT3,COMPRA,450,61.4749,2.0722,2026-08-11 13:01:02,2026-08-11 13:01:04,2026-08-11 13:01:04
219579,2352,GULD2,COMPRA,380,139.0285,2.5424,2026-08-11 14:03:50,2026-08-11 14:03:51,2026-08-11 14:03:51
219580,2528,PQUT9,COMPRA,360,84.0097,6.2013,2026-08-11 14:33:09,2026-08-11 14:33:11,2026-08-11 14:33:11
219581,2267,EEYY9,COMPRA,305,119.9661,12.6878,2026-08-11 14:51:45,2026-08-11 14:51:45,2026-08-11 14:51:45
219582,1655,AAUA7,COMPRA,470,111.9270,12.7457,2026-08-11 17:26:13,2026-08-11 17:26:14,2026-08-11 17:26:14
219583,3263,MCMT2,COMPRA,5,118.4789,6.2481,2026-08-11 10:51:06,2026-08-11 10:51:07,2026-08-11 10:51:07
219584,2627,UVEY5,COMPRA,120,106.9237,9.9387,2026-08-11 16:07:31,2026-08-11 16:07:33,2026-08-11 16:07:33
219585,2850,OVYL9,COMPRA,10,83.2729,0.8090,2026-08-11 11:58:56,2026-08-11 11:58:59,2026-08-11 11:58:59
219586,2160,SGBG8,COMPRA,150,79.8447,7.8189,2026-08-11 12:09:08,2026-08-11 12:09:08,2026-08-11 12:09:08
219587,2296,IWFI1,COMPRA,295,155.3530,5.7820,2026-08-11 16:29:37,2026-08-11 16:29:39,2026-08-11 16:29:39
219588,1480,LCCH9,COMPRA,389,8.7867,11.2759,2026-08-11 15:47:44,2026-08-11 15:47:44,2026-08-11 15:47:44
219589,1251,EEYY9,COMPRA,389,123.2300,3.3563,2026-08-11 15:21:46,2026-08-11 15:21:49,2026-08-11 15:21:49
219590,2780,QYBV3,COMPRA,145,60.0000,0.5941,2026-08-11 12:50:03,2026-08-11 12:50:06,2026-08-11 12:50:06
219591,2499,LIEG8,COMPRA,230,87.7631,,2026-08-11 15:07:43,2026-08-11 15:07:45,2026-08-11 15:07:45
219592,3432,VLEB3,COMPRA,174,334.7938,2.4579,2026-08-11 11:40:26,2026-08-11 11:40:26,2026-08-11 11:40:26
219593,2778,ECQD7,COMPRA,360,101.1610,1.0871,2026-08-11 10:34:02,2026-08-11 10:34:04,2026-08-11 10:34:04
219594,2213,AAUA7,COMPRA,360,105.5033,4.2659,2026-08-11 10:53:46,2026-08-11 10:53:47,2026-08-11 10:53:47
219595,2047,HJRH5,COMPRA,265,179.5846,8.1946,2026-08-11 12:23:54,2026-08-11 12:23:55,2026-08-11 12:23:55
219596,3217,MJDL9,COMPRA,72,29.2445,8.9053,2026-08-11 16:03:32,2026-08-11 16:03:34,2026-08-11 16:03:34
219597,2759,LGKU6,COMPRA,125,76.3620,7.9487,2026-08-11 14:18:36,2026-08-11 14:18:38,2026-08-11 14:18:38
219598,1828,QTHQ1,COMPRA,495,23.2988,7.1910,2026-08-11 15:58:00,2026-08-11 15:58:00,2026-08-11 15:58:00
219599,2920,RMRT1,COMPRA,90,121.2779,11.8344,2026-08-11 13:48:52,2026-08-11 13:48:55,2026-08-11 13:48:55
219600,3277,CQIL9,COMPRA,498,36.4475,0.8489,2026-08-11 16:54:12,2026-08-11 16:54:14,2026-08-11 16:54:14
219601,2172,QQQS1,COMPRA,295,27.7531,12.6552,2026-08-11 15:32:30,2026-08-11 15:32:31,2026-08-11 15:32:31
219602,2697,CQIL9,COMPRA,45,31.3710,5.9017,2026-08-11 11:35:50,2026-08-11 11:35:52,2026-08-11 11:35:52
219603,2887,LQML9,COMPRA,95,137.9833,8.7411,2026-08-11 10:32:56,2026-08-11 10:32:58,2026-08-11 10:32:58
219604,2862,NWGB4,COMPRA,35,121.5108,9.8546,2026-08-11 13:20:29,2026-08-11 13:20:32,2026-08-11 13:20:32
219605,2346,HJRH5,COMPRA,275,132.8922,2.4554,2026-08-11 13:12:36,2026-08-11 13:12:36,2026-08-11 13:12:36
219606,1796,AYFQ2,COMPRA,440,9.1949,9.5941,2026-08-11 13:23:50,2026-08-11 13:23:52,2026-08-11 13:23:52
219607,1194,XAVL3,COMPRA,495,200.1740,9.1368,2026-08-11 17:15:05,2026-08-11 17:15:06,2026-08-11 17:15:06
219608,1173,LIEG8,COMPRA,322,93.4960,9.1275,2026-08-11 14:31:41,2026-08-11 14:31:41,2026-08-11 14:31:41
219609,3101,XLZM9,VENDA,313,44.9912,6.3134,2026-08-11 12:37:13,2026-08-11 12:37:14,2026-08-11 12:37:14
219610,1060,LQML9,COMPRA,65,111.9468,8.4137,2026-08-11 17:16:30,2026-08-11 17:16:32,2026-08-11 17:16:32
219611,2565,ECQD7,COMPRA,255,88.2003,5.0062,2026-08-11 10:49:27,2026-08-11 10:49:27,2026-08-11 10:49:27
219612,3279,DEGN5,COMPRA,245,106.3549,10.3625,2026-08-11 14:44:35,2026-08-11 14:44:35,2026-08-11 14:44:35
219613,1104,IPXK2,COMPRA,225,343.0889,5.8162,2026-08-11 15:02:21,2026-08-11 15:02:22,2026-08-11 15:02:22
219614,2613,KFSY2,COMPRA,320,95.9392,6.8782,2026-08-11 13:49:17,2026-08-11 13:49:20,2026-08-11 13:49:20
219615,2467,LQML9,VENDA,15,142.4534,6.1363,2026-08-11 10:13:24,2026-08-11 10:13:25,2026-08-11 10:13:25
219616,1865,YRWH3,COMPRA,120,144.8389,1.5784,2026-08-11 15:48:05,2026-08-11 15:48:06,2026-08-11 15:48:06
219617,1904,RFNS7,COMPRA,445,82.9243,3.7083,2026-08-11 10:58:24,2026-08-11 10:58:26,2026-08-11 10:58:26
219618,1050,KFSY2,COMPRA,300,123.2801,8.5213,2026-08-11 12:13:06,2026-08-11 12:13:06,2026-08-11 12:13:06
219619,1025,GKQC5,COMPRA,253,162.0001,2.8991,2026-08-11 17:22:38,2026-08-11 17:22:38,2026-08-11 17:22:38
219620,2141,DQSN6,COMPRA,210,137.7911,10.4607,2026-08-11 16:50:37,2026-08-11 16:50:37,2026-08-11 16:50:37
219621,1512,UQJU7,COMPRA,5,60.0000,6.3117,2026-08-11 15:43:06,2026-08-11 15:43:07,2026-08-11 15:43:07
219622,3530,OXVD8,COMPRA,195,72.9493,2.5327,2026-08-11 13:28:49,2026-08-11 13:28:49,2026-08-11 13:28:49
219623,3293,WXFC8,COMPRA,329,79.7211,6.7326,2026-08-11 10:40:46,2026-08-11 10:40:49,2026-08-11 10:40:49
219624,1406,PBZM6,COMPRA,123,67.4877,12.8700,2026-08-11 13:32:32,2026-08-11 13:32:35,2026-08-11 13:32:35
219625,1027,YBZA3,COMPRA,35,25.8572,12.8364,2026-08-11 15:28:49,2026-08-11 15:28:51,2026-08-11 15:28:51
219626,1984,DEGN5,COMPRA,75,92.0080,1.0856,2026-08-11 13:04:56,2026-08-11 13:04:57,2026-08-11 13:04:57
219627,1533,TBWG2,COMPRA,225,93.8042,0.5897,2026-08-11 17:11:06,2026-08-11 17:11:07,2026-08-11 17:11:07
219628,3395,TXHR8,COMPRA,15,83.9474,1.5089,2026-08-11 12:18:37,2026-08-11 12:18:39,2026-08-11 12:18:39
219629,1507,AYFQ2,COMPRA,280,11.0578,3.6474,2026-08-11 17:25:53,2026-08-11 17:25:56,2026-08-11 17:25:56
219630,1563,XLZM9,COMPRA,220,51.0061,3.6017,2026-08-11 11:47:30,2026-08-11 11:47:30,2026-08-11 11:47:30
219631,1716,DHRM5,COMPRA,30,271.8434,8.7683,2026-08-11 10:25:26,2026-08-11 10:25:28,2026-08-11 10:25:28
219632,1959,RHXV4,COMPRA,350,46.9048,12.0568,2026-08-11 12:37:29,2026-08-11 12:37:29,2026-08-11 12:37:29
219633,1147,DSFC9,COMPRA,395,470.9922,7.1832,2026-08-11 14:11:08,2026-08-11 14:11:09,2026-08-11 14:11:09
219634,3495,LIEG8,COMPRA,125,95.5823,10.2910,2026-08-11 15:15:53,2026-08-11 15:15:53,2026-08-11 15:15:53
219635,2538,GULD2,COMPRA,255,116.2736,12.0015,2026-08-11 14:59:15,2026-08-11 14:59:15,2026-08-11 14:59:15
219636,2150,NPEM3,VENDA,110,107.1117,12.5436,2026-08-11 16:46:14,2026-08-11 16:46:17,2026-08-11 16:46:17
219637,3121,XLZM9,COMPRA,390,60.8683,2.2365,2026-08-11 15:43:07,2026-08-11 15:43:09,2026-08-11 15:43:09
219638,1161,SGBG8,COMPRA,140,78.6303,8.3095,2026-08-11 14:04:47,2026-08-11 14:04:50,2026-08-11 14:04:50
219639,1686,BGNM6,COMPRA,210,90.9824,7.1842,2026-08-11 11:30:12,2026-08-11 11:30:13,2026-08-11 11:30:13
219640,2872,XOVY4,COMPRA,385,83.4455,8.7860,2026-08-11 14:45:23,2026-08-11 14:45:26,2026-08-11 14:45:26
219641,3342,XTVW5,COMPRA,210,118.6071,2.8735,2026-08-11 15:39:41,2026-08-11 15:39:44,2026-08-11 15:39:44
219642,3233,KQEO3,COMPRA,435,86.7783,2.0739,2026-08-11 13:02:14,2026-08-11 13:02:16,2026-08-11 13:02:16
219643,1878,ERTC4,COMPRA,425,59.2359,1.3739,2026-08-11 15:27:12,2026-08-11 15:27:15,2026-08-11 15:27:15
219644,3523,RYPL6,COMPRA,290,94.0064,12.4663,2026-08-11 16:22:45,2026-08-11 16:22:46,2026-08-11 16:22:46
219645,1250,GAKD5,COMPRA,60,246.1103,6.0873,2026-08-11 15:48:09,2026-08-11 15:48:11,2026-08-11 15:48:11
219646,1481,RIET5,COMPRA,275,155.8235,3.8572,2026-08-11 11:27:18,2026-08-11 11:27:19,2026-08-11 11:27:19
219647,3169,HJRH5,COMPRA,325,148.8652,6.3603,2026-08-11 13:14:57,2026-08-11 13:14:59,2026-08-11 13:14:59
219648,2476,FIUW1,COMPRA,250,112.3309,2.6384,2026-08-11 17:30:05,2026-08-11 17:30:06,2026-08-11 17:30:06
219649,1712,IPXK2,COMPRA,350,374.3918,,2026-08-11 11:13:08,2026-08-11 11:13:08,2026-08-11 11:13:08
219650,2852,KHGP6,COMPRA,335,94.7311,6.9320,2026-08-11 15:11:34,2026-08-11 15:11:35,2026-08-11 15:11:35
219651,2787,NAOF3,COMPRA,170,53.3594,7.7182,2026-08-11 14:50:00,2026-08-11 14:50:01,2026-08-11 14:50:01
219652,2051,QQQS1,VENDA,245,28.1921,5.7347,2026-08-11 12:14:41,2026-08-11 12:14:41,2026-08-11 12:14:41
219653,2573,XAVL3,COMPRA,110,193.3839,2.2260,2026-08-11 13:50:06,2026-08-11 13:50:07,2026-08-11 13:50:07
219654,3262,NUJZ2,VENDA,320,32.2548,3.5227,2026-08-11 11:36:06,2026-08-11 11:36:09,2026-08-11 11:36:09
219655,2443,GKQC5,COMPRA,437,131.0875,7.1537,2026-08-11 17:12:10,2026-08-11 17:12:13,2026-08-11 17:12:13
219656,1452,XPVA7,COMPRA,265,483.5896,6.0388,2026-08-11 10:01:45,2026-08-11 10:01:46,2026-08-11 10:01:46
219657,1121,QATW7,COMPRA,285,48.2373,4.0763,2026-08-11 12:21:48,2026-08-11 12:21:48,2026-08-11 12:21:48
219658,2047,DMTZ8,COMPRA,120,191.3108,7.0445,2026-08-11 13:30:34,2026-08-11 13:30:37,2026-08-11 13:30:37
219659,2871,RMRT1,COMPRA,126,92.4406,10.0126,2026-08-11 12:14:18,2026-08-11 12:14:18,2026-08-11 12:14:18
219660,2812,ZHTL2,COMPRA,435,77.2136,1.3408,2026-08-11 15:22:12,2026-08-11 15:22:14,2026-08-11 15:22:14
219661,2807,HCLJ8,COMPRA,120,137.9020,10.9739,2026-08-11 12:42:32,2026-08-11 12:42:32,2026-08-11 12:42:32
219662,3283,LCCH9,COMPRA,350,8.0260,4.2404,2026-08-11 16:55:27,2026-08-11 16:55:27,2026-08-11 16:55:27
219663,2438,NYGT6,COMPRA,169,105.0942,1.2182,2026-08-11 14:35:10,2026-08-11 14:35:10,2026-08-11 14:35:10
219664,3138,ZHTL2,COMPRA,85,48.0997,1.7202,2026-08-11 11:47:58,2026-08-11 11:47:58,2026-08-11 11:47:58
219665,2618,IWAK1,COMPRA,440,69.2626,10.1197,2026-08-11 15:17:53,2026-08-11 15:17:54,2026-08-11 15:17:54
219666,3525,ZHTL2,COMPRA,425,59.0624,8.4976,2026-08-11 14:24:05,2026-08-11 14:24:07,2026-08-11 14:24:07
219667,2848,ACSV1,VENDA,25,108.9455,11.0417,2026-08-11 16:04:15,2026-08-11 16:04:16,2026-08-11 16:04:16
219668,1241,IZTY4,COMPRA,385,26.8657,8.5150,2026-08-11 11:02:38,2026-08-11 11:02:39,2026-08-11 11:02:39
219669,1036,RMRT1,COMPRA,330,104.8472,4.7533,2026-08-11 11:11:01,2026-08-11 11:11:01,2026-08-11 11:11:01
219670,1083,WXQM6,VENDA,45,61.2740,5.2340,2026-08-11 12:11:49,2026-08-11 12:11:51,2026-08-11 12:11:51
219671,2712,ICSU4,COMPRA,177,117.9159,11.5321,2026-08-11 11:33:06,2026-08-11 11:33:09,2026-08-11 11:33:09
219672,3213,LQML9,COMPRA,370,137.4115,10.8456,2026-08-11 15:03:00,2026-08-11 15:03:00,2026-08-11 15:03:00
219673,2771,YBZA3,COMPRA,210,21.4998,2.5399,2026-08-11 10:32:08,2026-08-11 10:32:08,2026-08-11 10:32:08
219674,2010,YCCK8,COMPRA,335,460.7971,5.3571,2026-08-11 12:28:32,2026-08-11 12:28:32,2026-08-11 12:28:32
219675,1637,VLEB3,COMPRA,355,336.6256,2.2849,2026-08-11 16:16:37,2026-08-11 16:16:40,2026-08-11 16:16:40
219676,3078,JJVW6,COMPRA,180,150.3817,7.0513,2026-08-11 14:41:09,2026-08-11 14:41:09,2026-08-11 14:41:09
219677,1775,LQML9,COMPRA,160,137.3166,,2026-08-11 13:26:52,2026-08-11 13:26:52,2026-08-11 13:26:52
219678,2324,ECQD7,COMPRA,365,93.0503,0.5073,2026-08-11 15:17:03,2026-08-11 15:17:05,2026-08-11 15:17:05
219679,3386,WXFC8,COMPRA,285,69.5425,6.4022,2026-08-11 14:49:52,2026-08-11 14:49:52,2026-08-11 14:49:52
219680,3213,NWGB4,COMPRA,55,138.5026,2.2150,2026-08-11 14:59:48,2026-08-11 14:59:48,2026-08-11 14:59:48
219681,2074,IZTY4,COMPRA,285,27.5835,4.2779,2026-08-11 10:35:28,2026-08-11 10:35:31,2026-08-11 10:35:31
219682,2105,HVEX2,COMPRA,500,126.0280,8.5759,2026-08-11 15:47:34,2026-08-11 15:47:34,2026-08-11 15:47:34
219683,2458,GKQC5,COMPRA,282,150.9579,,2026-08-11 16:27:01,2026-08-11 16:27:03,2026-08-11 16:27:03
219684,3174,IWFI1,COMPRA,305,126.8706,5.3003,2026-08-11 13:33:46,2026-08-11 13:33:47,2026-08-11 13:33:47
219685,1053,HVEX2,COMPRA,163,132.7084,1.1351,2026-08-11 11:32:16,2026-08-11 11:32:19,2026-08-11 11:32:19
219686,2954,YOWA1,COMPRA,320,63.3626,10.3827,2026-08-11 15:46:16,2026-08-11 15:46:19,2026-08-11 15:46:19
219687,1772,ECQD7,COMPRA,140,72.5857,4.7790,2026-08-11 14:00:19,2026-08-11 14:00:21,2026-08-11 14:00:21
219688,2450,FIUW1,COMPRA,480,84.5724,6.5302,2026-08-11 16:54:16,2026-08-11 16:54:16,2026-08-11 16:54:16
219689,2422,QATW7,COMPRA,424,43.3392,8.2000,2026-08-11 13:42:36,2026-08-11 13:42:37,2026-08-11 13:42:37
219690,2441,YYLA4,COMPRA,230,173.7454,11.5430,2026-08-11 10:00:07,2026-08-11 10:00:08,2026-08-11 10:00:08
219691,2683,YFAH5,COMPRA,369,143.9601,3.1173,2026-08-11 14:58:26,2026-08-11 14:58:27,2026-08-11 14:58:27
219692,2536,QATW7,COMPRA,295,52.5948,8.1695,2026-08-11 12:23:56,2026-08-11 12:23:59,2026-08-11 12:23:59
219693,2330,TNHT4,COMPRA,320,123.5899,9.3298,2026-08-11 13:25:00,2026-08-11 13:25:01,2026-08-11 13:25:01
219694,2695,MWVU7,COMPRA,500,64.1058,5.4925,2026-08-11 10:47:17,2026-08-11 10:47:19,2026-08-11 10:47:19
219695,1490,QHFL8,COMPRA,15,181.6840,6.9575,2026-08-11 13:33:48,2026-08-11 13:33:51,2026-08-11 13:33:51
219696,2400,GULD2,COMPRA,481,151.0436,6.8521,2026-08-11 16:37:43,2026-08-11 16:37:43,2026-08-11 16:37:43
219697,3281,DEGN5,VENDA,95,96.2194,2.1291,2026-08-11 10:46:11,2026-08-11 10:46:14,2026-08-11 10:46:14
219698,3277,ICSU4,COMPRA,413,113.6711,11.0109,2026-08-11 15:14:11,2026-08-11 15:14:14,2026-08-11 15:14:14
219699,1699,NREP8,COMPRA,495,119.9736,1.5736,2026-08-11 13:46:22,2026-08-11 13:46:24,2026-08-11 13:46:24
219700,2794,BGNM6,COMPRA,365,99.0743,7.2223,2026-08-11 14:48:48,2026-08-11 14:48:50,2026-08-11 14:48:50
219701,2803,BSDJ7,COMPRA,95,287.7336,8.2032,2026-08-11 17:12:27,2026-08-11 17:12:28,2026-08-11 17:12:28
219702,2143,QHFL8,COMPRA,170,132.4299,6.0501,2026-08-11 12:05:16,2026-08-11 12:05:16,2026-08-11 12:05:16
219703,2852,QEUC2,COMPRA,500,163.0506,10.5343,2026-08-11 12:22:12,2026-08-11 12:22:15,2026-08-11 12:22:15
219704,1695,JIPR4,COMPRA,149,40.9282,1.7622,2026-08-11 12:44:29,2026-08-11 12:44:29,2026-08-11 12:44:29
219705,1933,OXVD8,COMPRA,180,60.9322,10.2574,2026-08-11 14:20:47,2026-08-11 14:20:50,2026-08-11 14:20:50
219706,3315,GFDF2,COMPRA,130,111.1949,3.2604,2026-08-11 13:55:51,2026-08-11 13:55:51,2026-08-11 13:55:51
219707,2461,SVOZ4,COMPRA,305,48.6446,6.2173,2026-08-11 14:56:22,2026-08-11 14:56:25,2026-08-11 14:56:25
219708,1259,WHMT3,COMPRA,40,95.9307,0.7619,2026-08-11 12:33:48,2026-08-11 12:33:51,2026-08-11 12:33:51
219709,3050,TBWG2,VENDA,305,93.3404,10.6396,2026-08-11 11:00:52,2026-08-11 11:00:54,2026-08-11 11:00:54
219710,3519,XOVY4,COMPRA,325,115.9393,12.3546,2026-08-11 10:13:01,2026-08-11 10:13:03,2026-08-11 10:13:03
219711,2108,XTVW5,COMPRA,55,82.9314,7.5074,2026-08-11 13:21:42,2026-08-11 13:21:43,2026-08-11 13:21:43
219712,2837,RMRT1,COMPRA,285,93.8277,2.2719,2026-08-11 16:29:17,2026-08-11 16:29:20,2026-08-11 16:29:20
219713,1306,AAUA7,COMPRA,480,164.2921,0.7369,2026-08-11 15:11:11,2026-08-11 15:11:14,2026-08-11 15:11:14
219714,1243,CQIL9,COMPRA,400,30.9401,0.6817,2026-08-11 10:57:02,2026-08-11 10:57:05,2026-08-11 10:57:05
219715,3383,JIPA6,COMPRA,280,34.6689,9.3561,2026-08-11 14:37:48,2026-08-11 14:37:48,2026-08-11 14:37:48
219716,2249,XTVW5,COMPRA,471,118.4239,2.0872,2026-08-11 10:39:17,2026-08-11 10:39:20,2026-08-11 10:39:20
219717,2357,IZTY4,COMPRA,345,34.8643,11.9259,2026-08-11 11:30:39,2026-08-11 11:30:41,2026-08-11 11:30:41
219718,2801,MOLF3,COMPRA,385,63.2073,4.1303,2026-08-11 10:31:49,2026-08-11 10:31:52,2026-08-11 10:31:52
219719,1025,ZAAS7,COMPRA,80,491.4825,3.5792,2026-08-11 14:26:10,2026-08-11 14:26:12,2026-08-11 14:26:12
219720,1217,HVEX2,COMPRA,194,149.2596,10.6696,2026-08-11 10:52:12,2026-08-11 10:52:15,2026-08-11 10:52:15
219721,2120,PZUP8,COMPRA,210,189.2710,6.5244,2026-08-11 14:05:52,2026-08-11 14:05:54,2026-08-11 14:05:54
219722,1096,NAOF3,COMPRA,80,79.8862,1.0100,2026-08-11 14:48:15,2026-08-11 14:48:16,2026-08-11 14:48:16
219723,1977,UCHR6,COMPRA,295,445.8898,3.4592,2026-08-11 17:29:48,2026-08-11 17:29:51,2026-08-11 17:29:51
219724,1063,NAOF3,COMPRA,175,79.4579,5.7231,2026-08-11 11:29:05,2026-08-11 11:29:06,2026-08-11 11:29:06
219725,1105,WHMT3,COMPRA,210,106.6709,9.5066,2026-08-11 12:23:44,2026-08-11 12:23:47,2026-08-11 12:23:47
219726,2362,XAVL3,COMPRA,230,164.9886,12.0638,2026-08-11 14:26:44,2026-08-11 14:26:45,2026-08-11 14:26:45
219727,3517,LCCH9,COMPRA,152,7.5971,3.6784,2026-08-11 13:07:56,2026-08-11 13:07:59,2026-08-11 13:07:59
219728,2622,OVYL9,VENDA,95,83.7779,6.3912,2026-08-11 13:13:37,2026-08-11 13:13:37,2026-08-11 13:13:37
219729,3068,NGIU9,COMPRA,165,93.2593,11.4331,2026-08-11 12:30:19,2026-08-11 12:30:21,2026-08-11 12:30:21
219730,2556,NYGT6,COMPRA,50,110.7512,2.4659,2026-08-11 10:56:49,2026-08-11 10:56:50,2026-08-11 10:56:50
219731,2057,TVCE9,COMPRA,135,72.0170,5.2847,2026-08-11 11:33:40,2026-08-11 11:33:40,2026-08-11 11:33:40
219732,1878,DFGR7,COMPRA,445,98.1502,5.8337,2026-08-11 10:51:27,2026-08-11 10:51:30,2026-08-11 10:51:30
219733,1177,ENRZ2,COMPRA,359,86.5870,4.9231,2026-08-11 13:07:57,2026-08-11 13:08:00,2026-08-11 13:08:00
219734,1138,BOCS8,COMPRA,305,57.1713,7.3383,2026-08-11 14:29:54,2026-08-11 14:29:55,2026-08-11 14:29:55
219735,1030,ERTC4,COMPRA,130,61.3021,12.5743,2026-08-11 14:31:05,2026-08-11 14:31:07,2026-08-11 14:31:07
219736,3167,UQJU7,COMPRA,169,60.0000,7.3872,2026-08-11 16:52:15,2026-08-11 16:52:16,2026-08-11 16:52:16
219737,2331,HCLJ8,COMPRA,471,137.7706,2.2824,2026-08-11 15:26:56,2026-08-11 15:26:57,2026-08-11 15:26:57
219738,3301,YCCK8,COMPRA,390,373.7317,0.1253,2026-08-11 14:04:05,2026-08-11 14:04:06,2026-08-11 14:04:06
219739,1097,RFNS7,COMPRA,410,105.8217,5.2049,2026-08-11 16:24:29,2026-08-11 16:24:31,2026-08-11 16:24:31
219740,3278,ACSV1,COMPRA,35,116.3485,2.1643,2026-08-11 11:24:05,2026-08-11 11:24:07,2026-08-11 11:24:07
219741,3086,UQIQ7,COMPRA,220,84.2249,6.1741,2026-08-11 11:03:49,2026-08-11 11:03:49,2026-08-11 11:03:49
219742,2953,NAOF3,COMPRA,245,49.1970,12.1236,2026-08-11 17:01:29,2026-08-11 17:01:32,2026-08-11 17:01:32
219743,1174,KQEO3,COMPRA,160,67.8032,3.3145,2026-08-11 13:55:57,2026-08-11 13:55:58,2026-08-11 13:55:58
219744,1249,TVCE9,COMPRA,192,66.7591,3.9112,2026-08-11 11:33:57,2026-08-11 11:33:59,2026-08-11 11:33:59
219745,1120,RHXV4,COMPRA,85,72.8448,5.8752,2026-08-11 15:47:14,2026-08-11 15:47:17,2026-08-11 15:47:17
219746,1607,WXQM6,COMPRA,90,56.4016,12.5101,2026-08-11 17:22:21,2026-08-11 17:22:21,2026-08-11 17:22:21
219747,3057,GFDF2,COMPRA,206,79.1503,0.0009,2026-08-11 15:28:26,2026-08-11 15:28:29,2026-08-11 15:28:29
219748,3491,WHMT3,COMPRA,440,87.9716,6.6333,2026-08-11 16:29:48,2026-08-11 16:29:51,2026-08-11 16:29:51
219749,1859,YCCK8,COMPRA,50,443.2289,10.6023,2026-08-11 14:42:39,2026-08-11 14:42:42,2026-08-11 14:42:42
219750,2526,JIPR4,COMPRA,208,33.3817,11.6433,2026-08-11 16:15:36,2026-08-11 16:15:37,2026-08-11 16:15:37
219751,2452,XOVY4,COMPRA,290,123.8902,6.8426,2026-08-11 12:28:59,2026-08-11 12:29:00,2026-08-11 12:29:00
219752,2071,PSEN6,COMPRA,385,163.5197,2.9360,2026-08-11 10:44:24,2026-08-11 10:44:25,2026-08-11 10:44:25
219753,3470,GKQC5,COMPRA,165,161.3939,5.5356,2026-08-11 16:02:56,2026-08-11 16:02:59,2026-08-11 16:02:59
219754,2753,PBZM6,COMPRA,415,51.7414,1.2078,2026-08-11 14:46:36,2026-08-11 14:46:37,2026-08-11 14:46:37
219755,3465,XOVY4,COMPRA,260,96.0693,3.5243,2026-08-11 11:22:38,2026-08-11 11:22:41,2026-08-11 11:22:41
219756,2750,JIPA6,COMPRA,265,42.2333,5.5106,2026-08-11 14:04:03,2026-08-11 14:04:06,2026-08-11 14:04:06
219757,1848,YCCK8,COMPRA,115,384.9600,3.9039,2026-08-11 16:28:57,2026-08-11 16:29:00,2026-08-11 16:29:00
219758,1021,TXHR8,COMPRA,312,104.4369,1.7886,2026-08-11 12:37:23,2026-08-11 12:37:24,2026-08-11 12:37:24
219759,2814,QTDZ2,COMPRA,265,57.2684,1.9927,2026-08-11 12:28:57,2026-08-11 12:28:58,2026-08-11 12:28:58
219760,1434,RDOA3,COMPRA,450,102.2778,10.1244,2026-08-11 16:20:05,2026-08-11 16:20:05,2026-08-11 16:20:05
219761,3176,GKQC5,COMPRA,410,113.7763,5.2878,2026-08-11 12:53:47,2026-08-11 12:53:47,2026-08-11 12:53:47
219762,2624,SVOZ4,COMPRA,85,45.8934,3.3815,2026-08-11 16:14:49,2026-08-11 16:14:52,2026-08-11 16:14:52
219763,3093,NYGT6,COMPRA,340,122.3736,12.5827,2026-08-11 11:04:48,2026-08-11 11:04:51,2026-08-11 11:04:51
219764,2167,RMRT1,COMPRA,160,102.9524,0.1436,2026-08-11 15:34:37,2026-08-11 15:34:38,2026-08-11 15:34:38
219765,2083,BSDJ7,COMPRA,172,267.9098,12.2360,2026-08-11 16:45:42,2026-08-11 16:45:45,2026-08-11 16:45:45
219766,2030,RSBT4,COMPRA,345,350.1456,6.4786,2026-08-11 12:16:25,2026-08-11 12:16:25,2026-08-11 12:16:25
219767,2280,PBZM6,COMPRA,228,52.7426,7.0313,2026-08-11 15:09:45,2026-08-11 15:09:47,2026-08-11 15:09:47
219768,1362,OVUQ2,COMPRA,500,37.9706,7.7661,2026-08-11 12:32:45,2026-08-11 12:32:48,2026-08-11 12:32:48
219769,2116,CQIL9,COMPRA,370,34.1339,5.6673,2026-08-11 13:03:46,2026-08-11 13:03:46,2026-08-11 13:03:46
219770,3312,DSFC9,COMPRA,475,382.3468,5.4861,2026-08-11 17:01:39,2026-08-11 17:01:39,2026-08-11 17:01:39
219771,2702,LGKU6,COMPRA,15,64.0699,3.4153,2026-08-11 10:13:40,2026-08-11 10:13:42,2026-08-11 10:13:42
219772,2521,LGKU6,COMPRA,405,92.4556,6.4828,2026-08-11 15:39:56,2026-08-11 15:39:56,2026-08-11 15:39:56
219773,2962,WMQZ6,COMPRA,460,79.0420,11.3572,2026-08-11 12:16:00,2026-08-11 12:16:03,2026-08-11 12:16:03
219774,1206,QYBV3,COMPRA,165,71.6698,7.3615,2026-08-11 13:40:49,2026-08-11 13:40:50,2026-08-11 13:40:50
219775,3097,TBWG2,COMPRA,390,92.4310,6.0252,2026-08-11 10:37:35,2026-08-11 10:37:37,2026-08-11 10:37:37
219776,3272,TVCE9,COMPRA,375,67.2268,7.8060,2026-08-11 12:21:45,2026-08-11 12:21:48,2026-08-11 12:21:48
219777,1989,PBZM6,COMPRA,299,48.8240,3.8381,2026-08-11 13:19:21,2026-08-11 13:19:23,2026-08-11 13:19:23
219778,3507,YCCK8,COMPRA,445,377.7594,5.9831,2026-08-11 10:26:46,2026-08-11 10:26:46,2026-08-11 10:26:46
219779,3305,DSFC9,COMPRA,180,513.3276,6.9555,2026-08-11 10:50:11,2026-08-11 10:50:11,2026-08-11 10:50:11
219780,1759,IZTY4,COMPRA,110,26.4764,1.1031,2026-08-11 15:32:06,2026-08-11 15:32:09,2026-08-11 15:32:09
219781,3025,KQEO3,VENDA,245,67.9903,4.8133,2026-08-11 16:04:01,2026-08-11 16:04:01,2026-08-11 16:04:01
219782,2806,HCZM2,COMPRA,466,524.8492,10.8200,2026-08-11 17:29:50,2026-08-11 17:29:53,2026-08-11 17:29:53
219783,3458,JDJG6,COMPRA,126,63.9413,2.8604,2026-08-11 16:45:48,2026-08-11 16:45:49,2026-08-11 16:45:49
219784,2263,UFIU3,COMPRA,300,68.9765,11.5782,2026-08-11 12:16:17,2026-08-11 12:16:18,2026-08-11 12:16:18
219785,2754,RYPL6,COMPRA,105,85.1298,9.3758,2026-08-11 16:14:53,2026-08-11 16:14:55,2026-08-11 16:14:55
219786,3216,MOLF3,COMPRA,358,57.2109,7.4993,2026-08-11 10:11:36,2026-08-11 10:11:36,2026-08-11 10:11:36
219787,3346,NAOF3,COMPRA,272,75.5275,11.2717,2026-08-11 14:12:40,2026-08-11 14:12:41,2026-08-11 14:12:41
219788,2998,MWVU7,COMPRA,330,93.4611,10.5464,2026-08-11 16:30:21,2026-08-11 16:30:24,2026-08-11 16:30:24
219789,2647,RSBT4,COMPRA,500,469.6819,2.6268,2026-08-11 15:26:46,2026-08-11 15:26:48,2026-08-11 15:26:48
219790,2889,JUDG8,COMPRA,215,69.4836,7.9764,2026-08-11 15:50:48,2026-08-11 15:50:51,2026-08-11 15:50:51
219791,1414,ZAAS7,COMPRA,480,464.2361,0.8766,2026-08-11 14:59:50,2026-08-11 14:59:51,2026-08-11 14:59:51
219792,2483,AYFQ2,COMPRA,110,14.0812,6.6461,2026-08-11 17:01:04,2026-08-11 17:01:07,2026-08-11 17:01:07
219793,2044,YOWA1,COMPRA,365,64.5387,4.0866,2026-08-11 13:24:22,2026-08-11 13:24:25,2026-08-11 13:24:25
219794,2230,QEUC2,COMPRA,100,178.0742,4.2003,2026-08-11 10:28:44,2026-08-11 10:28:44,2026-08-11 10:28:44
219795,1976,YIHC3,COMPRA,400,58.2907,4.8004,2026-08-11 15:34:52,2026-08-11 15:34:54,2026-08-11 15:34:54
219796,2555,MCHX2,COMPRA,25,111.7750,7.7155,2026-08-11 12:34:23,2026-08-11 12:34:23,2026-08-11 12:34:23
219797,2188,DSFC9,COMPRA,140,523.4835,12.6880,2026-08-11 15:30:58,2026-08-11 15:30:59,2026-08-11 15:30:59
219798,1345,MWVU7,COMPRA,175,61.8078,7.2795,2026-08-11 11:01:12,2026-08-11 11:01:13,2026-08-11 11:01:13
219799,2367,DFGR7,COMPRA,324,86.7127,5.8195,2026-08-11 12:57:28,2026-08-11 12:57:28,2026-08-11 12:57:28
219800,1781,SUZL4,COMPRA,410,132.1646,12.5110,2026-08-11 11:46:59,2026-08-11 11:47:00,2026-08-11 11:47:00
219801,3286,DMTZ8,COMPRA,160,163.6618,0.6297,2026-08-11 12:26:34,2026-08-11 12:26:34,2026-08-11 12:26:34
219802,1791,IWFI1,COMPRA,466,168.5703,9.7523,2026-08-11 11:41:25,2026-08-11 11:41:25,2026-08-11 11:41:25
219803,1150,DSFC9,COMPRA,125,410.6806,9.4164,2026-08-11 10:13:39,2026-08-11 10:13:39,2026-08-11 10:13:39
219804,2257,ACSV1,COMPRA,310,117.9412,7.5523,2026-08-11 14:52:27,2026-08-11 14:52:28,2026-08-11 14:52:28
219805,2553,TNHT4,COMPRA,240,111.9420,2.1056,2026-08-11 12:59:25,2026-08-11 12:59:26,2026-08-11 12:59:26
219806,1684,GKQC5,COMPRA,107,107.3587,3.1138,2026-08-11 17:24:01,2026-08-11 17:24:02,2026-08-11 17:24:02
219807,2838,HCZM2,VENDA,141,406.2051,0.1844,2026-08-11 16:50:19,2026-08-11 16:50:20,2026-08-11 16:50:20
219808,2634,PBZM6,COMPRA,80,54.4714,0.6219,2026-08-11 17:14:27,2026-08-11 17:14:27,2026-08-11 17:14:27
219809,3277,QTDZ2,COMPRA,285,57.9608,8.2463,2026-08-11 14:59:01,2026-08-11 14:59:03,2026-08-11 14:59:03
219810,1511,OVYL9,COMPRA,495,89.1005,11.4430,2026-08-11 12:19:56,2026-08-11 12:19:56,2026-08-11 12:19:56
219811,2333,DMTZ8,COMPRA,151,208.6930,5.7901,2026-08-11 13:57:13,2026-08-11 13:57:14,2026-08-11 13:57:14
219812,2896,NPEM3,COMPRA,250,117.9625,3.2189,2026-08-11 10:52:19,2026-08-11 10:52:20,2026-08-11 10:52:20
219813,1878,PQUT9,COMPRA,70,93.8112,3.4585,2026-08-11 14:21:04,2026-08-11 14:21:05,2026-08-11 14:21:05
219814,2616,OVYL9,COMPRA,223,78.0852,12.1727,2026-08-11 13:22:13,2026-08-11 13:22:16,2026-08-11 13:22:16
219815,1309,HCLJ8,COMPRA,32,122.7640,7.2084,2026-08-11 13:15:27,2026-08-11 13:15:30,2026-08-11 13:15:30
219816,1455,EEYY9,COMPRA,260,137.3627,7.0314,2026-08-11 16:42:17,2026-08-11 16:42:19,2026-08-11 16:42:19
219817,1996,UYFJ9,COMPRA,320,100.8239,1.2350,2026-08-11 17:08:11,2026-08-11 17:08:13,2026-08-11 17:08:13
219818,2608,RMRT1,COMPRA,470,121.3204,11.4576,2026-08-11 13:44:48,2026-08-11 13:44:48,2026-08-11 13:44:48
219819,2549,NREP8,COMPRA,30,123.1336,1.0866,2026-08-11 15:25:39,2026-08-11 15:25:42,2026-08-11 15:25:42
219820,2175,NWGB4,COMPRA,270,130.6188,10.3406,2026-08-11 15:37:29,2026-08-11 15:37:29,2026-08-11 15:37:29
219821,1549,GULD2,COMPRA,315,129.8976,3.4635,2026-08-11 11:02:39,2026-08-11 11:02:39,2026-08-11 11:02:39
219822,2125,WHMT3,COMPRA,265,123.0340,10.0511,2026-08-11 16:36:24,2026-08-11 16:36:25,2026-08-11 16:36:25
219823,3276,MWVU7,COMPRA,490,66.7603,4.9355,2026-08-11 14:38:42,2026-08-11 14:38:45,2026-08-11 14:38:45
219824,1782,WXQM6,COMPRA,270,54.0623,2.8403,2026-08-11 13:47:04,2026-08-11 13:47:04,2026-08-11 13:47:04
219825,1181,NQYT3,COMPRA,388,59.5480,12.0856,2026-08-11 16:47:31,2026-08-11 16:47:32,2026-08-11 16:47:32
219826,3333,NQYT3,COMPRA,430,54.5740,10.6091,2026-08-11 13:14:37,2026-08-11 13:14:38,2026-08-11 13:14:38
219827,1604,RYPL6,COMPRA,430,102.9065,4.4815,2026-08-11 11:17:44,2026-08-11 11:17:44,2026-08-11 11:17:44
219828,1162,NAOF3,VENDA,440,79.8092,6.5952,2026-08-11 13:30:56,2026-08-11 13:30:59,2026-08-11 13:30:59
219829,2038,UYFJ9,COMPRA,156,116.6479,8.7839,2026-08-11 10:48:29,2026-08-11 10:48:29,2026-08-11 10:48:29
219830,2063,BSDJ7,COMPRA,490,271.9991,5.2883,2026-08-11 12:22:54,2026-08-11 12:22:55,2026-08-11 12:22:55
219831,2638,UFIU3,COMPRA,275,83.4724,8.9552,2026-08-11 12:26:26,2026-08-11 12:26:28,2026-08-11 12:26:28
219832,2116,FIUW1,COMPRA,430,84.6777,0.1803,2026-08-11 14:50:30,2026-08-11 14:50:30,2026-08-11 14:50:30
219833,2580,JIPR4,COMPRA,15,27.7074,7.0717,2026-08-11 10:39:59,2026-08-11 10:39:59,2026-08-11 10:39:59
219834,3156,DQSN6,COMPRA,75,124.4172,11.4990,2026-08-11 11:46:27,2026-08-11 11:46:27,2026-08-11 11:46:27
219835,1539,QTHQ1,COMPRA,435,21.3020,12.5679,2026-08-11 14:22:46,2026-08-11 14:22:46,2026-08-11 14:22:46
219836,2917,JIPA6,COMPRA,490,28.6996,12.6076,2026-08-11 12:27:00,2026-08-11 12:27:01,2026-08-11 12:27:01
219837,2290,JJVW6,VENDA,17,145.6275,4.2762,2026-08-11 14:43:32,2026-08-11 14:43:34,2026-08-11 14:43:34
219838,1905,SRDU1,COMPRA,385,85.8929,6.3300,2026-08-11 15:55:36,2026-08-11 15:55:36,2026-08-11 15:55:36
219839,3128,JIPA6,COMPRA,255,38.9715,10.9879,2026-08-11 12:45:59,2026-08-11 12:45:59,2026-08-11 12:45:59
219840,1005,NQYT3,COMPRA,70,70.7038,9.5269,2026-08-11 14:04:53,2026-08-11 14:04:53,2026-08-11 14:04:53
219841,2366,GFDF2,COMPRA,230,90.1235,0.6314,2026-08-11 10:06:46,2026-08-11 10:06:48,2026-08-11 10:06:48
219842,1689,NUJZ2,COMPRA,280,36.4871,2.7264,2026-08-11 14:19:55,2026-08-11 14:19:58,2026-08-11 14:19:58
219843,3349,ECQD7,COMPRA,165,84.4886,11.1024,2026-08-11 15:07:59,2026-08-11 15:08:01,2026-08-11 15:08:01
219844,2781,ZHTL2,COMPRA,320,54.0774,,2026-08-11 10:32:53,2026-08-11 10:32:56,2026-08-11 10:32:56
219845,3056,UCHR6,COMPRA,310,468.2121,5.6869,2026-08-11 16:22:07,2026-08-11 16:22:07,2026-08-11 16:22:07
219846,2248,MGRR2,VENDA,100,156.7601,10.0123,2026-08-11 12:17:12,2026-08-11 12:17:14,2026-08-11 12:17:14
219847,3403,LCCH9,COMPRA,190,9.4588,2.7496,2026-08-11 14:31:21,2026-08-11 14:31:22,2026-08-11 14:31:22
219848,2252,RMRT1,COMPRA,415,84.3682,11.7220,2026-08-11 11:09:07,2026-08-11 11:09:09,2026-08-11 11:09:09
219849,2964,RIET5,COMPRA,271,128.8694,10.3687,2026-08-11 16:12:12,2026-08-11 16:12:13,2026-08-11 16:12:13
219850,2860,TBWG2,COMPRA,390,72.7007,3.2881,2026-08-11 10:40:58,2026-08-11 10:40:58,2026-08-11 10:40:58
219851,3408,IWAK1,COMPRA,185,83.1833,1.9676,2026-08-11 16:38:58,2026-08-11 16:39:00,2026-08-11 16:39:00
219852,2551,BOCS8,COMPRA,125,47.5579,9.6751,2026-08-11 17:06:42,2026-08-11 17:06:42,2026-08-11 17:06:42
219853,1359,UCHR6,COMPRA,240,517.0246,1.2127,2026-08-11 17:02:45,2026-08-11 17:02:46,2026-08-11 17:02:46
219854,2473,XTVW5,COMPRA,210,91.7493,1.0028,2026-08-11 14:54:46,2026-08-11 14:54:47,2026-08-11 14:54:47
219855,1001,RIET5,COMPRA,407,144.6180,9.5250,2026-08-11 17:18:02,2026-08-11 17:18:03,2026-08-11 17:18:03
219856,2006,NAOF3,COMPRA,430,79.1970,7.6938,2026-08-11 16:41:47,2026-08-11 16:41:49,2026-08-11 16:41:49
219857,1558,ERTC4,COMPRA,265,57.9641,1.7502,2026-08-11 10:16:37,2026-08-11 10:16:38,2026-08-11 10:16:38
219858,1271,XPVA7,COMPRA,170,487.1707,4.4745,2026-08-11 13:08:37,2026-08-11 13:08:37,2026-08-11 13:08:37
219859,2829,RSBT4,COMPRA,175,440.0948,0.7944,2026-08-11 15:30:49,2026-08-11 15:30:49,2026-08-11 15:30:49
219860,2772,JUDG8,COMPRA,347,66.5125,2.2333,2026-08-11 12:06:55,2026-08-11 12:06:57,2026-08-11 12:06:57
219861,3256,RFNS7,COMPRA,40,75.3951,1.9137,2026-08-11 11:13:56,2026-08-11 11:13:58,2026-08-11 11:13:58
219862,2252,QATW7,COMPRA,40,44.4212,8.0952,2026-08-11 11:11:55,2026-08-11 11:11:55,2026-08-11 11:11:55
219863,1749,WXFC8,COMPRA,10,98.1003,5.0648,2026-08-11 14:56:48,2026-08-11 14:56:48,2026-08-11 14:56:48
219864,1440,GAKD5,COMPRA,155,343.3629,0.9139,2026-08-11 16:21:29,2026-08-11 16:21:29,2026-08-11 16:21:29
219865,3521,HCLJ8,COMPRA,65,136.5526,6.5225,2026-08-11 17:09:32,2026-08-11 17:09:32,2026-08-11 17:09:32
219866,2437,PQUT9,COMPRA,135,75.9855,12.4530,2026-08-11 13:34:39,2026-08-11 13:34:39,2026-08-11 13:34:39
219867,3169,MOLF3,COMPRA,115,59.2793,0.1302,2026-08-11 15:29:11,2026-08-11 15:29:12,2026-08-11 15:29:12
219868,3091,YIHC3,COMPRA,480,78.1165,5.4701,2026-08-11 10:00:15,2026-08-11 10:00:17,2026-08-11 10:00:17
219869,2051,CQIL9,COMPRA,385,42.0303,5.4968,2026-08-11 14:42:51,2026-08-11 14:42:54,2026-08-11 14:42:54
219870,2577,NYGT6,COMPRA,84,104.6049,0.4830,2026-08-11 10:59:03,2026-08-11 10:59:06,2026-08-11 10:59:06
219871,1617,GKQC5,COMPRA,303,123.2436,2.6360,2026-08-11 16:33:56,2026-08-11 16:33:59,2026-08-11 16:33:59
219872,2125,KHGP6,COMPRA,12,80.7021,3.3170,2026-08-11 11:03:54,2026-08-11 11:03:56,2026-08-11 11:03:56
219873,2003,QQQS1,COMPRA,90,22.1324,10.0630,2026-08-11 13:00:42,2026-08-11 13:00:45,2026-08-11 13:00:45
219874,1030,YCCK8,COMPRA,60,421.9232,4.7925,2026-08-11 15:09:14,2026-08-11 15:09:15,2026-08-11 15:09:15
219875,1851,YYLA4,COMPRA,500,181.5997,,2026-08-11 16:25:16,2026-08-11 16:25:17,2026-08-11 16:25:17
219876,2406,IPXK2,COMPRA,384,258.1801,9.4827,2026-08-11 16:38:35,2026-08-11 16:38:35,2026-08-11 16:38:35
219877,3325,ACSV1,COMPRA,375,123.0777,2.8509,2026-08-11 12:38:42,2026-08-11 12:38:44,2026-08-11 12:38:44
219878,3401,TBWG2,COMPRA,365,83.4143,0.7397,2026-08-11 12:05:36,2026-08-11 12:05:36,2026-08-11 12:05:36
219879,3482,IWFI1,COMPRA,75,175.2245,4.4231,2026-08-11 11:03:49,2026-08-11 11:03:52,2026-08-11 11:03:52
219880,1578,SRDU1,COMPRA,5,86.4881,6.0020,2026-08-11 16:36:46,2026-08-11 16:36:49,2026-08-11 16:36:49
219881,2653,MCHX2,COMPRA,22,112.6307,9.1079,2026-08-11 13:08:55,2026-08-11 13:08:58,2026-08-11 13:08:58
219882,2809,WIPB2,COMPRA,372,98.1421,6.4667,2026-08-11 10:56:00,2026-08-11 10:56:00,2026-08-11 10:56:00
219883,2924,RIET5,COMPRA,270,125.1606,1.1497,2026-08-11 12:43:21,2026-08-11 12:43:21,2026-08-11 12:43:21
219884,1355,CQJZ4,COMPRA,135,101.5314,2.0849,2026-08-11 17:10:08,2026-08-11 17:10:10,2026-08-11 17:10:10
219885,2656,KHGP6,COMPRA,427,108.2922,9.9021,2026-08-11 12:45:56,2026-08-11 12:45:58,2026-08-11 12:45:58
219886,3519,SGBG8,COMPRA,485,87.8110,3.0531,2026-08-11 16:55:51,2026-08-11 16:55:52,2026-08-11 16:55:52
219887,2433,IJJK3,COMPRA,315,95.5912,7.9928,2026-08-11 15:22:25,2026-08-11 15:22:28,2026-08-11 15:22:28
219888,1570,SGBG8,COMPRA,226,102.2983,5.3250,2026-08-11 11:58:20,2026-08-11 11:58:22,2026-08-11 11:58:22
219889,1200,QYBV3,COMPRA,185,68.7666,,2026-08-11 12:59:05,2026-08-11 12:59:07,2026-08-11 12:59:07
219890,2333,TNHT4,COMPRA,255,116.2269,8.2409,2026-08-11 10:55:12,2026-08-11 10:55:13,2026-08-11 10:55:13
219891,1963,CQJZ4,COMPRA,46,108.4007,6.3331,2026-08-11 10:12:06,2026-08-11 10:12:08,2026-08-11 10:12:08
219892,1467,ZHTL2,COMPRA,351,56.4119,8.8411,2026-08-11 10:55:15,2026-08-11 10:55:15,2026-08-11 10:55:15
219893,2712,AAUA7,COMPRA,245,147.7675,4.8851,2026-08-11 14:35:51,2026-08-11 14:35:54,2026-08-11 14:35:54
219894,2174,IZTY4,COMPRA,285,25.5534,4.4745,2026-08-11 13:32:09,2026-08-11 13:32:09,2026-08-11 13:32:09
219895,3457,YBZA3,COMPRA,390,28.6928,2.6839,2026-08-11 12:45:59,2026-08-11 12:46:01,2026-08-11 12:46:01
219896,1783,XAVL3,COMPRA,320,220.5750,9.3025,2026-08-11 12:17:51,2026-08-11 12:17:53,2026-08-11 12:17:53
219897,2954,JJVW6,COMPRA,45,106.1133,9.3571,2026-08-11 13:17:13,2026-08-11 13:17:13,2026-08-11 13:17:13
219898,1357,GULD2,COMPRA,225,158.3611,1.8721,2026-08-11 17:03:31,2026-08-11 17:03:34,2026-08-11 17:03:34
219899,3008,LCCH9,COMPRA,120,8.2072,0.6715,2026-08-11 12:59:21,2026-08-11 12:59:21,2026-08-11 12:59:21
219900,2626,YBZA3,COMPRA,390,27.6801,4.3802,2026-08-11 15:59:41,2026-08-11 15:59:42,2026-08-11 15:59:42
219901,2988,UFIU3,COMPRA,500,89.6817,3.4045,2026-08-11 15:50:30,2026-08-11 15:50:30,2026-08-11 15:50:30
219902,2745,SGBG8,COMPRA,105,71.8807,10.1556,2026-08-11 15:29:31,2026-08-11 15:29:34,2026-08-11 15:29:34
219903,2139,LGKU6,COMPRA,295,86.9867,10.3508,2026-08-11 13:23:31,2026-08-11 13:23:31,2026-08-11 13:23:31
219904,3176,AYFQ2,COMPRA,345,12.5978,2.3881,2026-08-11 12:10:12,2026-08-11 12:10:13,2026-08-11 12:10:13
219905,1691,SRDU1,COMPRA,160,99.4468,,2026-08-11 10:07:02,2026-08-11 10:07:05,2026-08-11 10:07:05
219906,1439,QTHQ1,COMPRA,235,25.6537,2.4511,2026-08-11 13:44:51,2026-08-11 13:44:54,2026-08-11 13:44:54
219907,1170,JDJG6,COMPRA,10,75.3183,9.1737,2026-08-11 13:59:37,2026-08-11 13:59:37,2026-08-11 13:59:37
219908,1058,NHYK8,COMPRA,15,58.1505,,2026-08-11 17:02:40,2026-08-11 17:02:42,2026-08-11 17:02:42
219909,3292,ZAAS7,COMPRA,410,433.2635,2.0493,2026-08-11 10:13:37,2026-08-11 10:13:39,2026-08-11 10:13:39
219910,1216,PBZM6,COMPRA,240,65.0291,8.1157,2026-08-11 13:45:39,2026-08-11 13:45:40,2026-08-11 13:45:40
219911,2572,MJDL9,COMPRA,40,27.5039,11.1792,2026-08-11 14:27:25,2026-08-11 14:27:28,2026-08-11 14:27:28
219912,1366,QTDZ2,COMPRA,257,50.8343,2.4631,2026-08-11 10:38:20,2026-08-11 10:38:23,2026-08-11 10:38:23
219913,2535,ECQD7,COMPRA,285,77.5145,3.6526,2026-08-11 16:37:08,2026-08-11 16:37:10,2026-08-11 16:37:10
219914,2990,TNHT4,COMPRA,265,136.8942,1.5906,2026-08-11 15:32:29,2026-08-11 15:32:31,2026-08-11 15:32:31
219915,1522,OEQA8,COMPRA,360,533.7122,5.4158,2026-08-11 17:10:50,2026-08-11 17:10:52,2026-08-11 17:10:52
219916,2883,IWFI1,COMPRA,205,135.7145,9.3971,2026-08-11 10:52:24,2026-08-11 10:52:24,2026-08-11 10:52:24
219917,3513,MWVU7,COMPRA,80,78.4096,8.0101,2026-08-11 13:42:12,2026-08-11 13:42:15,2026-08-11 13:42:15
219918,3190,YRWH3,COMPRA,455,171.3193,6.6429,2026-08-11 13:26:55,2026-08-11 13:26:55,2026-08-11 13:26:55
219919,1617,BOCS8,COMPRA,440,65.7232,10.9465,2026-08-11 10:32:31,2026-08-11 10:32:33,2026-08-11 10:32:33
219920,1483,LQML9,COMPRA,105,136.3106,9.0403,2026-08-11 11:05:24,2026-08-11 11:05:24,2026-08-11 11:05:24
219921,3438,JUDG8,COMPRA,115,84.2393,4.3687,2026-08-11 10:18:57,2026-08-11 10:18:57,2026-08-11 10:18:57
219922,2066,WIPB2,COMPRA,350,90.3255,10.2275,2026-08-11 13:59:29,2026-08-11 13:59:32,2026-08-11 13:59:32
219923,2326,ICSU4,COMPRA,105,169.5121,9.9986,2026-08-11 17:03:49,2026-08-11 17:03:52,2026-08-11 17:03:52
219924,1433,FYZB6,COMPRA,390,55.9296,12.0854,2026-08-11 17:00:53,2026-08-11 17:00:54,2026-08-11 17:00:54
219925,1904,NAOF3,COMPRA,150,56.5248,7.4156,2026-08-11 10:50:44,2026-08-11 10:50:47,2026-08-11 10:50:47
219926,2789,AYFQ2,COMPRA,365,10.9977,9.2514,2026-08-11 15:10:44,2026-08-11 15:10:45,2026-08-11 15:10:45
219927,3320,NYGT6,COMPRA,120,95.1689,0.9902,2026-08-11 16:52:03,2026-08-11 16:52:04,2026-08-11 16:52:04
219928,2275,OVUQ2,COMPRA,405,53.1941,7.7342,2026-08-11 17:16:26,2026-08-11 17:16:28,2026-08-11 17:16:28
219929,1550,GFDF2,COMPRA,200,94.2001,12.3691,2026-08-11 10:33:30,2026-08-11 10:33:33,2026-08-11 10:33:33
219930,1591,JJVW6,COMPRA,450,140.0286,2.4272,2026-08-11 12:39:08,2026-08-11 12:39:09,2026-08-11 12:39:09
219931,1121,HCLJ8,COMPRA,175,125.5294,11.6860,2026-08-11 14:23:10,2026-08-11 14:23:13,2026-08-11 14:23:13
219932,1735,OVUQ2,COMPRA,277,40.0261,12.6761,2026-08-11 16:08:16,2026-08-11 16:08:17,2026-08-11 16:08:17
219933,3488,KHGP6,COMPRA,160,101.4483,6.5064,2026-08-11 11:42:12,2026-08-11 11:42:15,2026-08-11 11:42:15
219934,2869,RHXV4,COMPRA,335,61.4901,12.7485,2026-08-11 11:07:06,2026-08-11 11:07:09,2026-08-11 11:07:09
219935,1553,QEUC2,COMPRA,25,145.7273,,2026-08-11 15:50:58,2026-08-11 15:51:00,2026-08-11 15:51:00
219936,2114,DHRM5,COMPRA,295,306.3600,9.4696,2026-08-11 12:37:51,2026-08-11 12:37:54,2026-08-11 12:37:54
219937,2790,UQJU7,COMPRA,35,61.1847,12.5237,2026-08-11 15:25:27,2026-08-11 15:25:29,2026-08-11 15:25:29
219938,2276,IWAK1,COMPRA,72,96.4817,0.6854,2026-08-11 15:44:39,2026-08-11 15:44:41,2026-08-11 15:44:41
219939,2460,YFAH5,COMPRA,290,179.9121,3.0207,2026-08-11 11:32:30,2026-08-11 11:32:33,2026-08-11 11:32:33
219940,2122,CQIL9,COMPRA,205,28.4048,6.2736,2026-08-11 17:14:16,2026-08-11 17:14:17,2026-08-11 17:14:17
219941,1129,RDOA3,COMPRA,230,72.5054,2.0371,2026-08-11 17:12:26,2026-08-11 17:12:26,2026-08-11 17:12:26
219942,3372,XTVW5,COMPRA,45,123.5624,10.3639,2026-08-11 14:27:51,2026-08-11 14:27:54,2026-08-11 14:27:54
219943,3317,DGBT6,COMPRA,37,95.2739,6.7493,2026-08-11 13:12:16,2026-08-11 13:12:19,2026-08-11 13:12:19
219944,2837,YRWH3,COMPRA,245,197.5733,1.8713,2026-08-11 17:25:44,2026-08-11 17:25:44,2026-08-11 17:25:44
219945,3227,AAUA7,COMPRA,100,159.8113,3.6477,2026-08-11 14:31:38,2026-08-11 14:31:39,2026-08-11 14:31:39
219946,1735,YFAH5,COMPRA,62,131.1628,12.5397,2026-08-11 16:04:46,2026-08-11 16:04:47,2026-08-11 16:04:47
219947,1177,XAVL3,COMPRA,175,187.7611,8.3438,2026-08-11 14:47:15,2026-08-11 14:47:16,2026-08-11 14:47:16
219948,1543,JJVW6,COMPRA,285,153.3987,12.6647,2026-08-11 15:12:07,2026-08-11 15:12:10,2026-08-11 15:12:10
219949,2496,YRWH3,COMPRA,35,191.8156,5.8019,2026-08-11 17:10:57,2026-08-11 17:11:00,2026-08-11 17:11:00
219950,2067,BGNM6,COMPRA,289,116.0324,6.7492,2026-08-11 11:57:45,2026-08-11 11:57:46,2026-08-11 11:57:46
219951,2643,RIET5,COMPRA,75,125.8291,12.0753,2026-08-11 14:21:53,2026-08-11 14:21:54,2026-08-11 14:21:54
219952,1372,QYBV3,COMPRA,266,69.7979,0.5118,2026-08-11 12:53:23,2026-08-11 12:53:25,2026-08-11 12:53:25
219953,1728,UQJU7,COMPRA,225,78.5820,2.8491,2026-08-11 16:32:36,2026-08-11 16:32:36,2026-08-11 16:32:36
219954,1750,PSEN6,COMPRA,170,204.4446,10.6741,2026-08-11 11:28:23,2026-08-11 11:28:23,2026-08-11 11:28:23
219955,1329,VLEB3,COMPRA,230,409.4388,,2026-08-11 11:42:48,2026-08-11 11:42:50,2026-08-11 11:42:50
219956,2409,CQJZ4,COMPRA,110,67.9629,5.2282,2026-08-11 11:52:06,2026-08-11 11:52:07,2026-08-11 11:52:07
219957,2757,DHRM5,COMPRA,30,366.7282,7.2308,2026-08-11 12:20:45,2026-08-11 12:20:48,2026-08-11 12:20:48
219958,2286,PZUP8,COMPRA,305,191.1733,3.9388,2026-08-11 15:08:41,2026-08-11 15:08:42,2026-08-11 15:08:42
219959,1794,NPEM3,VENDA,40,117.1751,8.1726,2026-08-11 11:50:20,2026-08-11 11:50:21,2026-08-11 11:50:21
219960,2323,UQIQ7,COMPRA,400,87.3489,0.1152,2026-08-11 13:30:11,2026-08-11 13:30:11,2026-08-11 13:30:11
219961,3416,OVYL9,COMPRA,85,87.5942,2.9850,2026-08-11 11:55:23,2026-08-11 11:55:26,2026-08-11 11:55:26
219962,3054,CQIL9,COMPRA,450,34.1949,11.2491,2026-08-11 13:54:01,2026-08-11 13:54:02,2026-08-11 13:54:02
219963,2581,YFAH5,COMPRA,450,141.6500,6.9135,2026-08-11 14:10:11,2026-08-11 14:10:14,2026-08-11 14:10:14
219964,1744,JIPA6,VENDA,315,43.5943,11.6294,2026-08-11 16:56:18,2026-08-11 16:56:21,2026-08-11 16:56:21
219965,2222,OEQA8,COMPRA,432,412.7833,9.1839,2026-08-11 16:17:18,2026-08-11 16:17:21,2026-08-11 16:17:21
219966,1083,ZAAS7,COMPRA,55,395.6148,12.8937,2026-08-11 16:59:17,2026-08-11 16:59:18,2026-08-11 16:59:18
219967,3247,MCHX2,COMPRA,25,127.7260,6.6563,2026-08-11 16:58:06,2026-08-11 16:58:08,2026-08-11 16:58:08
219968,1860,QATW7,VENDA,265,45.2964,4.6223,2026-08-11 16:19:30,2026-08-11 16:19:33,2026-08-11 16:19:33
219969,1815,SVOZ4,COMPRA,360,50.1274,5.9072,2026-08-11 15:21:43,2026-08-11 15:21:43,2026-08-11 15:21:43
219970,1674,SVOZ4,COMPRA,173,55.3950,5.6818,2026-08-11 14:46:24,2026-08-11 14:46:24,2026-08-11 14:46:24
219971,3325,JIPR4,COMPRA,480,31.3734,10.9481,2026-08-11 13:20:05,2026-08-11 13:20:05,2026-08-11 13:20:05
219972,1673,KHGP6,COMPRA,350,89.3232,8.9843,2026-08-11 12:09:15,2026-08-11 12:09:17,2026-08-11 12:09:17
219973,3398,GKQC5,COMPRA,25,109.2919,10.6526,2026-08-11 16:11:50,2026-08-11 16:11:52,2026-08-11 16:11:52
219974,2685,NUJZ2,COMPRA,450,28.2141,0.5018,2026-08-11 11:50:27,2026-08-11 11:50:29,2026-08-11 11:50:29
219975,2243,QHFL8,COMPRA,265,126.0617,3.9996,2026-08-11 16:22:56,2026-08-11 16:22:56,2026-08-11 16:22:56
219976,1282,QTHQ1,COMPRA,85,18.4374,0.7150,2026-08-11 14:13:04,2026-08-11 14:13:06,2026-08-11 14:13:06
219977,1328,QTHQ1,COMPRA,95,22.9014,2.0808,2026-08-11 15:12:58,2026-08-11 15:13:00,2026-08-11 15:13:00
219978,3029,DGBT6,COMPRA,485,70.6837,11.5185,2026-08-11 16:29:11,2026-08-11 16:29:14,2026-08-11 16:29:14
219979,1508,TBWG2,VENDA,65,74.4589,1.8923,2026-08-11 14:16:20,2026-08-11 14:16:20,2026-08-11 14:16:20
219980,3261,ZAAS7,COMPRA,195,314.5898,4.1558,2026-08-11 10:34:39,2026-08-11 10:34:41,2026-08-11 10:34:41
219981,1174,DFGR7,COMPRA,65,99.3897,9.7152,2026-08-11 16:45:59,2026-08-11 16:46:01,2026-08-11 16:46:01
219982,1198,BOCS8,COMPRA,40,60.3043,12.3962,2026-08-11 10:29:37,2026-08-11 10:29:39,2026-08-11 10:29:39
219983,3129,WMQZ6,COMPRA,500,85.0736,2.7341,2026-08-11 11:52:51,2026-08-11 11:52:54,2026-08-11 11:52:54
219984,3452,SUZL4,COMPRA,335,163.3161,3.2089,2026-08-11 10:54:09,2026-08-11 10:54:10,2026-08-11 10:54:10
219985,2726,KQEO3,COMPRA,430,87.8980,11.2592,2026-08-11 17:00:04,2026-08-11 17:00:06,2026-08-11 17:00:06
219986,1184,TBWG2,COMPRA,130,98.3151,11.3329,2026-08-11 14:13:33,2026-08-11 14:13:36,2026-08-11 14:13:36
219987,1716,MGRR2,COMPRA,495,100.3249,11.2201,2026-08-11 12:50:16,2026-08-11 12:50:16,2026-08-11 12:50:16
219988,1755,DGBT6,COMPRA,80,87.0888,12.6789,2026-08-11 16:04:59,2026-08-11 16:05:02,2026-08-11 16:05:02
219989,1454,PSEN6,COMPRA,100,227.2382,10.9240,2026-08-11 10:55:29,2026-08-11 10:55:31,2026-08-11 10:55:31
219990,2802,MOLF3,COMPRA,290,41.9943,12.3370,2026-08-11 17:28:52,2026-08-11 17:28:53,2026-08-11 17:28:53
219991,3503,JUDG8,COMPRA,60,82.5630,2.6998,2026-08-11 17:21:02,2026-08-11 17:21:04,2026-08-11 17:21:04
219992,1568,FRGH8,COMPRA,426,96.4835,7.8773,2026-08-11 10:51:41,2026-08-11 10:51:41,2026-08-11 10:51:41
219993,1434,AAUA7,COMPRA,185,166.3692,10.0795,2026-08-11 13:55:16,2026-08-11 13:55:17,2026-08-11 13:55:17
219994,2285,UFIU3,VENDA,145,88.0829,8.2366,2026-08-11 17:20:16,2026-08-11 17:20:19,2026-08-11 17:20:19
219995,2904,ERTC4,COMPRA,405,42.0995,9.0312,2026-08-11 12:04:22,2026-08-11 12:04:25,2026-08-11 12:04:25
219996,1892,UQIQ7,VENDA,356,65.6492,12.7689,2026-08-11 13:58:37,2026-08-11 13:58:38,2026-08-11 13:58:38
219997,2877,WMQZ6,COMPRA,205,78.8795,9.7056,2026-08-11 15:45:25,2026-08-11 15:45:27,2026-08-11 15:45:27
219998,2374,NGIU9,COMPRA,370,109.8384,10.1126,2026-08-11 15:11:17,2026-08-11 15:11:17,2026-08-11 15:11:17
219999,1492,RDOA3,COMPRA,225,113.0189,1.7342,2026-08-11 15:32:08,2026-08-11 15:32:08,2026-08-11 15:32:08
220000,3142,PBZM6,COMPRA,65,58.8006,3.6339,2026-08-11 17:20:39,2026-08-11 17:20:42,2026-08-11 17:20:42
220001,1727,OEQA8,COMPRA,210,448.0397,1.6777,2026-08-11 10:34:30,2026-08-11 10:34:30,2026-08-11 10:34:30
220002,2770,QQQS1,COMPRA,15,20.1545,0.8457,2026-08-11 13:44:51,2026-08-11 13:44:52,2026-08-11 13:44:52
220003,3325,XPVA7,COMPRA,340,553.6190,10.7245,2026-08-11 11:18:29,2026-08-11 11:18:32,2026-08-11 11:18:32
220004,2128,WMQZ6,COMPRA,5,68.3052,11.7086,2026-08-11 16:33:25,2026-08-11 16:33:25,2026-08-11 16:33:25
220005,2958,HCZM2,VENDA,102,462.1886,4.7209,2026-08-11 12:36:09,2026-08-11 12:36:11,2026-08-11 12:36:11
220006,2312,WIPB2,COMPRA,35,90.0718,12.3450,2026-08-11 10:03:28,2026-08-11 10:03:31,2026-08-11 10:03:31
220007,2913,ERTC4,COMPRA,50,54.4655,11.7083,2026-08-11 16:31:29,2026-08-11 16:31:29,2026-08-11 16:31:29
220008,1282,NHYK8,COMPRA,170,75.9274,7.8120,2026-08-11 17:06:55,2026-08-11 17:06:55,2026-08-11 17:06:55
220009,1855,NUJZ2,COMPRA,50,28.2536,10.3259,2026-08-11 13:38:48,2026-08-11 13:38:51,2026-08-11 13:38:51
220010,1111,PQUT9,COMPRA,190,65.0122,8.3160,2026-08-11 12:50:21,2026-08-11 12:50:21,2026-08-11 12:50:21
220011,1826,ICSU4,COMPRA,285,140.0953,9.5249,2026-08-11 13:55:13,2026-08-11 13:55:15,2026-08-11 13:55:15
220012,2270,IJJK3,COMPRA,380,129.7367,8.8338,2026-08-11 15:59:15,2026-08-11 15:59:16,2026-08-11 15:59:16
220013,2547,OEQA8,COMPRA,375,446.2196,8.6192,2026-08-11 15:32:23,2026-08-11 15:32:24,2026-08-11 15:32:24
220014,3177,PBZM6,COMPRA,445,55.6671,0.9636,2026-08-11 11:51:57,2026-08-11 11:52:00,2026-08-11 11:52:00
220015,3260,NUJZ2,COMPRA,260,29.9545,7.2527,2026-08-11 12:38:25,2026-08-11 12:38:27,2026-08-11 12:38:27
220016,1180,DSFC9,COMPRA,124,401.2234,0.9311,2026-08-11 10:46:24,2026-08-11 10:46:25,2026-08-11 10:46:25
220017,3316,YBZA3,COMPRA,185,22.6365,2.2727,2026-08-11 10:18:28,2026-08-11 10:18:28,2026-08-11 10:18:28
220018,1120,NHYK8,COMPRA,260,81.9936,12.6432,2026-08-11 12:57:30,2026-08-11 12:57:33,2026-08-11 12:57:33
220019,1558,UCHR6,COMPRA,210,388.3923,5.4801,2026-08-11 12:35:49,2026-08-11 12:35:52,2026-08-11 12:35:52
220020,2059,NREP8,COMPRA,85,120.6409,,2026-08-11 15:41:27,2026-08-11 15:41:28,2026-08-11 15:41:28
220021,2619,YYLA4,COMPRA,25,218.9613,7.2032,2026-08-11 14:42:54,2026-08-11 14:42:54,2026-08-11 14:42:54
220022,2108,JUDG8,COMPRA,132,96.5460,6.2297,2026-08-11 13:26:49,2026-08-11 13:26:51,2026-08-11 13:26:51
220023,3511,HJRH5,COMPRA,185,156.0552,2.4777,2026-08-11 10:30:49,2026-08-11 10:30:51,2026-08-11 10:30:51
220024,2841,SRDU1,COMPRA,275,71.2028,8.6831,2026-08-11 15:35:51,2026-08-11 15:35:51,2026-08-11 15:35:51
220025,2146,FYZB6,COMPRA,256,56.8803,10.4886,2026-08-11 17:13:42,2026-08-11 17:13:43,2026-08-11 17:13:43
220026,1410,BGNM6,COMPRA,440,84.1749,3.4082,2026-08-11 13:12:08,2026-08-11 13:12:10,2026-08-11 13:12:10
220027,2911,GAKD5,COMPRA,239,226.9130,12.8104,2026-08-11 14:57:19,2026-08-11 14:57:20,2026-08-11 14:57:20
220028,2786,DHRM5,COMPRA,275,384.7352,11.9429,2026-08-11 16:07:04,2026-08-11 16:07:06,2026-08-11 16:07:06
220029,1125,IZTY4,COMPRA,301,31.5853,3.8953,2026-08-11 12:50:00,2026-08-11 12:50:03,2026-08-11 12:50:03
220030,2522,YOWA1,COMPRA,5,66.0842,6.0118,2026-08-11 10:38:37,2026-08-11 10:38:37,2026-08-11 10:38:37
220031,1603,ZAAS7,COMPRA,200,464.0192,3.2327,2026-08-11 16:49:14,2026-08-11 16:49:16,2026-08-11 16:49:16
220032,1708,RHXV4,COMPRA,390,52.9467,6.3267,2026-08-11 10:32:33,2026-08-11 10:32:35,2026-08-11 10:32:35
220033,3490,FRGH8,COMPRA,55,88.2561,1.0591,2026-08-11 10:02:50,2026-08-11 10:02:51,2026-08-11 10:02:51
220034,1780,PSEN6,COMPRA,195,205.3839,11.5055,2026-08-11 14:52:19,2026-08-11 14:52:22,2026-08-11 14:52:22
220035,2852,RYPL6,COMPRA,390,75.2469,11.9655,2026-08-11 13:56:50,2026-08-11 13:56:51,2026-08-11 13:56:51
220036,2466,ICSU4,COMPRA,350,138.0183,8.5974,2026-08-11 10:55:23,2026-08-11 10:55:24,2026-08-11 10:55:24
220037,1757,PSEN6,COMPRA,300,222.7933,11.5826,2026-08-11 14:26:17,2026-08-11 14:26:20,2026-08-11 14:26:20
220038,1004,PSEN6,COMPRA,250,230.4109,7.2042,2026-08-11 12:36:22,2026-08-11 12:36:23,2026-08-11 12:36:23
220039,3203,IPXK2,COMPRA,225,318.7816,3.6221,2026-08-11 14:25:23,2026-08-11 14:25:25,2026-08-11 14:25:25
220040,2477,UQIQ7,COMPRA,175,95.1436,2.1112,2026-08-11 12:35:51,2026-08-11 12:35:53,2026-08-11 12:35:53
220041,1385,BGNM6,COMPRA,125,116.3573,11.3195,2026-08-11 13:17:11,2026-08-11 13:17:14,2026-08-11 13:17:14
220042,2649,SGBG8,COMPRA,425,74.5669,2.2801,2026-08-11 13:35:48,2026-08-11 13:35:50,2026-08-11 13:35:50
220043,1039,YRWH3,COMPRA,230,216.1766,8.7028,2026-08-11 12:05:57,2026-08-11 12:05:59,2026-08-11 12:05:59
220044,2739,XOVY4,COMPRA,315,85.6546,8.6207,2026-08-11 12:37:19,2026-08-11 12:37:21,2026-08-11 12:37:21
220045,2285,IWFI1,COMPRA,165,206.3892,2.8188,2026-08-11 11:48:26,2026-08-11 11:48:26,2026-08-11 11:48:26
220046,1271,QEUC2,COMPRA,60,176.9351,7.5141,2026-08-11 17:08:28,2026-08-11 17:08:29,2026-08-11 17:08:29
220047,1252,EEYY9,COMPRA,460,171.5643,5.0487,2026-08-11 12:13:50,2026-08-11 12:13:51,2026-08-11 12:13:51
220048,2960,ECQD7,COMPRA,455,96.2180,2.0633,2026-08-11 16:29:11,2026-08-11 16:29:12,2026-08-11 16:29:12
220049,2933,OVYL9,COMPRA,360,82.9089,6.9065,2026-08-11 10:44:37,2026-08-11 10:44:37,2026-08-11 10:44:37
220050,2220,WMQZ6,COMPRA,67,69.2741,11.7319,2026-08-11 17:24:53,2026-08-11 17:24:55,2026-08-11 17:24:55
220051,2893,LCCH9,COMPRA,210,7.0775,2.5296,2026-08-11 15:19:24,2026-08-11 15:19:25,2026-08-11 15:19:25
220052,2180,UFMA7,COMPRA,300,199.4946,7.3187,2026-08-11 10:17:39,2026-08-11 10:17:41,2026-08-11 10:17:41
220053,3103,YYLA4,VENDA,170,148.3945,6.5643,2026-08-11 14:11:42,2026-08-11 14:11:42,2026-08-11 14:11:42
220054,1136,XTVW5,COMPRA,6,106.2033,4.6598,2026-08-11 13:05:10,2026-08-11 13:05:13,2026-08-11 13:05:13
220055,3062,BGNM6,COMPRA,490,103.7026,6.4198,2026-08-11 13:40:26,2026-08-11 13:40:28,2026-08-11 13:40:28
220056,2918,HCLJ8,COMPRA,456,89.0329,3.4650,2026-08-11 13:17:13,2026-08-11 13:17:13,2026-08-11 13:17:13
220057,2231,FRGH8,COMPRA,125,82.8013,8.3030,2026-08-11 10:47:45,2026-08-11 10:47:45,2026-08-11 10:47:45
220058,2066,MCHX2,COMPRA,258,105.5472,3.8772,2026-08-11 10:41:14,2026-08-11 10:41:16,2026-08-11 10:41:16
220059,1850,HCZM2,COMPRA,305,417.1040,7.9618,2026-08-11 13:33:24,2026-08-11 13:33:24,2026-08-11 13:33:24
220060,3093,MCMT2,COMPRA,350,72.6913,0.3864,2026-08-11 13:12:37,2026-08-11 13:12:39,2026-08-11 13:12:39
220061,2738,NUJZ2,COMPRA,66,25.7924,5.6772,2026-08-11 15:51:24,2026-08-11 15:51:24,2026-08-11 15:51:24
220062,2694,ICSU4,COMPRA,340,147.4669,4.2782,2026-08-11 12:28:38,2026-08-11 12:28:41,2026-08-11 12:28:41
220063,1250,OXVD8,COMPRA,465,75.0032,7.3113,2026-08-11 16:40:13,2026-08-11 16:40:14,2026-08-11 16:40:14
220064,3480,XTVW5,COMPRA,265,97.6868,8.2960,2026-08-11 14:45:41,2026-08-11 14:45:41,2026-08-11 14:45:41
220065,1285,GKQC5,COMPRA,78,148.5582,2.2559,2026-08-11 12:25:01,2026-08-11 12:25:01,2026-08-11 12:25:01
220066,1205,EEYY9,COMPRA,480,169.1347,0.7425,2026-08-11 11:51:48,2026-08-11 11:51:50,2026-08-11 11:51:50
220067,2331,RIET5,COMPRA,215,175.4956,10.2441,2026-08-11 14:46:12,2026-08-11 14:46:13,2026-08-11 14:46:13
220068,1617,GULD2,COMPRA,450,117.9527,2.7856,2026-08-11 13:05:28,2026-08-11 13:05:28,2026-08-11 13:05:28
220069,1039,HCLJ8,COMPRA,85,91.1014,8.6239,2026-08-11 14:35:14,2026-08-11 14:35:16,2026-08-11 14:35:16
220070,2013,DHRM5,COMPRA,435,377.8258,3.5560,2026-08-11 13:38:54,2026-08-11 13:38:56,2026-08-11 13:38:56
220071,1672,BGNM6,COMPRA,285,78.4944,9.0347,2026-08-11 10:54:22,2026-08-11 10:54:22,2026-08-11 10:54:22
220072,1783,VLEB3,COMPRA,22,371.0483,0.4309,2026-08-11 13:47:14,2026-08-11 13:47:16,2026-08-11 13:47:16
220073,1515,NGIU9,COMPRA,421,123.9394,0.5029,2026-08-11 16:41:50,2026-08-11 16:41:52,2026-08-11 16:41:52
220074,1347,PBZM6,COMPRA,270,48.5209,8.0350,2026-08-11 17:14:12,2026-08-11 17:14:14,2026-08-11 17:14:14
220075,2437,NREP8,COMPRA,444,153.1779,4.4513,2026-08-11 10:29:53,2026-08-11 10:29:56,2026-08-11 10:29:56
220076,1166,HJRH5,COMPRA,410,148.6759,10.8806,2026-08-11 16:55:28,2026-08-11 16:55:31,2026-08-11 16:55:31
220077,1054,DQSN6,COMPRA,465,115.2917,4.8264,2026-08-11 13:27:28,2026-08-11 13:27:30,2026-08-11 13:27:30
220078,1209,JIPR4,COMPRA,235,32.3450,11.1511,2026-08-11 12:08:11,2026-08-11 12:08:12,2026-08-11 12:08:12
220079,3075,DFGR7,COMPRA,55,93.9972,12.5473,2026-08-11 12:22:36,2026-08-11 12:22:37,2026-08-11 12:22:37
220080,3018,UQIQ7,COMPRA,285,72.0161,8.3070,2026-08-11 16:31:31,2026-08-11 16:31:32,2026-08-11 16:31:32
220081,2797,IWAK1,COMPRA,295,86.3890,7.7293,2026-08-11 14:12:11,2026-08-11 14:12:13,2026-08-11 14:12:13
220082,2499,RYPL6,COMPRA,40,95.7985,11.1872,2026-08-11 15:40:43,2026-08-11 15:40:43,2026-08-11 15:40:43
220083,1026,AYFQ2,COMPRA,95,13.6709,7.2465,2026-08-11 10:50:53,2026-08-11 10:50:54,2026-08-11 10:50:54
220084,2791,RDOA3,COMPRA,90,106.5385,0.6615,2026-08-11 11:51:07,2026-08-11 11:51:07,2026-08-11 11:51:07
220085,1756,QYBV3,COMPRA,200,79.5258,7.9603,2026-08-11 11:57:25,2026-08-11 11:57:28,2026-08-11 11:57:28
220086,2898,NAOF3,COMPRA,289,65.6516,6.8079,2026-08-11 13:25:52,2026-08-11 13:25:54,2026-08-11 13:25:54
220087,2343,PQUT9,COMPRA,243,101.8409,4.9501,2026-08-11 10:45:52,2026-08-11 10:45:54,2026-08-11 10:45:54
220088,2006,IZTY4,COMPRA,30,33.4161,12.5636,2026-08-11 14:06:48,2026-08-11 14:06:48,2026-08-11 14:06:48
220089,1252,DGBT6,COMPRA,450,79.8881,6.3605,2026-08-11 12:14:34,2026-08-11 12:14:36,2026-08-11 12:14:36
220090,3262,BOCS8,COMPRA,337,64.0647,1.1819,2026-08-11 14:58:04,2026-08-11 14:58:07,2026-08-11 14:58:07
220091,1908,DGBT6,COMPRA,405,105.8182,3.4004,2026-08-11 10:02:09,2026-08-11 10:02:10,2026-08-11 10:02:10
220092,2286,UQJU7,COMPRA,485,64.2436,6.4054,2026-08-11 14:18:53,2026-08-11 14:18:55,2026-08-11 14:18:55
220093,1070,KHGP6,COMPRA,393,115.3817,5.9961,2026-08-11 11:04:14,2026-08-11 11:04:15,2026-08-11 11:04:15
220094,1697,ERTC4,COMPRA,379,48.5729,0.0387,2026-08-11 10:42:36,2026-08-11 10:42:37,2026-08-11 10:42:37
220095,1786,FYZB6,COMPRA,290,54.2345,6.7204,2026-08-11 11:40:50,2026-08-11 11:40:52,2026-08-11 11:40:52
220096,2140,JIPA6,COMPRA,145,44.2974,1.5017,2026-08-11 14:59:08,2026-08-11 14:59:08,2026-08-11 14:59:08
220097,2789,QYBV3,COMPRA,25,85.0647,9.6267,2026-08-11 11:48:08,2026-08-11 11:48:08,2026-08-11 11:48:08
220098,1724,LQML9,COMPRA,250,165.1211,12.4135,2026-08-11 12:18:57,2026-08-11 12:18:58,2026-08-11 12:18:58
220099,1823,YOWA1,COMPRA,85,54.0440,3.1801,2026-08-11 11:29:44,2026-08-11 11:29:46,2026-08-11 11:29:46
220100,3148,ACSV1,COMPRA,265,115.3626,3.8103,2026-08-11 15:32:53,2026-08-11 15:32:56,2026-08-11 15:32:56
220101,3404,JIPA6,COMPRA,210,43.3117,0.8130,2026-08-11 14:24:47,2026-08-11 14:24:49,2026-08-11 14:24:49
220102,1881,EEYY9,COMPRA,290,181.4129,10.4463,2026-08-11 11:06:50,2026-08-11 11:06:50,2026-08-11 11:06:50
220103,3014,JUDG8,COMPRA,100,93.8237,10.1157,2026-08-11 11:00:35,2026-08-11 11:00:36,2026-08-11 11:00:36
220104,2373,LIEG8,COMPRA,455,82.4561,6.7378,2026-08-11 13:13:24,2026-08-11 13:13:24,2026-08-11 13:13:24
220105,2476,OXVD8,COMPRA,125,64.5135,9.5879,2026-08-11 16:00:17,2026-08-11 16:00:19,2026-08-11 16:00:19
220106,2233,BXFJ9,COMPRA,470,130.1220,5.6038,2026-08-11 10:25:03,2026-08-11 10:25:04,2026-08-11 10:25:04
220107,1100,ZFBT3,COMPRA,465,107.0770,11.3291,2026-08-11 14:33:39,2026-08-11 14:33:40,2026-08-11 14:33:40
220108,1774,TXHR8,COMPRA,441,106.4552,11.7636,2026-08-11 15:11:12,2026-08-11 15:11:12,2026-08-11 15:11:12
220109,1003,MCHX2,COMPRA,285,109.7676,3.3129,2026-08-11 13:34:35,2026-08-11 13:34:35,2026-08-11 13:34:35
220110,1817,QTHQ1,COMPRA,450,25.0567,1.4949,2026-08-11 13:58:06,2026-08-11 13:58:06,2026-08-11 13:58:06
220111,1355,RIET5,COMPRA,318,173.1009,1.2778,2026-08-11 15:02:01,2026-08-11 15:02:01,2026-08-11 15:02:01
220112,1248,JUDG8,COMPRA,40,72.4512,6.7121,2026-08-11 12:51:30,2026-08-11 12:51:33,2026-08-11 12:51:33
220113,3031,DQSN6,COMPRA,195,133.0718,8.0662,2026-08-11 13:23:08,2026-08-11 13:23:09,2026-08-11 13:23:09
220114,2850,KFSY2,COMPRA,200,104.3601,5.1474,2026-08-11 14:59:15,2026-08-11 14:59:16,2026-08-11 14:59:16
220115,1930,NHYK8,COMPRA,3,72.5013,10.7122,2026-08-11 12:23:16,2026-08-11 12:23:17,2026-08-11 12:23:17
220116,3433,QTDZ2,COMPRA,5,61.9435,8.5403,2026-08-11 14:17:45,2026-08-11 14:17:46,2026-08-11 14:17:46
220117,3489,EEYY9,COMPRA,310,188.4363,3.8096,2026-08-11 15:41:38,2026-08-11 15:41:41,2026-08-11 15:41:41
220118,2373,SGBG8,COMPRA,110,63.9808,11.8330,2026-08-11 12:31:22,2026-08-11 12:31:23,2026-08-11 12:31:23
220119,2851,DHRM5,COMPRA,180,374.0856,8.2150,2026-08-11 13:06:58,2026-08-11 13:06:59,2026-08-11 13:06:59
220120,2976,GULD2,COMPRA,245,124.1798,8.8439,2026-08-11 16:52:46,2026-08-11 16:52:47,2026-08-11 16:52:47
220121,1916,QEUC2,COMPRA,20,148.3711,1.1598,2026-08-11 14:19:04,2026-08-11 14:19:06,2026-08-11 14:19:06
220122,2065,HCLJ8,COMPRA,320,112.9026,6.9750,2026-08-11 10:23:36,2026-08-11 10:23:39,2026-08-11 10:23:39
220123,2008,RMRT1,COMPRA,119,125.0922,4.5939,2026-08-11 13:39:14,2026-08-11 13:39:17,2026-08-11 13:39:17
220124,2679,MGRR2,COMPRA,100,131.7181,4.2629,2026-08-11 11:34:22,2026-08-11 11:34:23,2026-08-11 11:34:23
220125,2944,RYPL6,COMPRA,55,103.3903,4.8256,2026-08-11 10:19:10,2026-08-11 10:19:13,2026-08-11 10:19:13
220126,2470,CQJZ4,COMPRA,259,88.4389,11.3475,2026-08-11 11:11:49,2026-08-11 11:11:50,2026-08-11 11:11:50
220127,1492,FIUW1,COMPRA,360,129.7689,7.8109,2026-08-11 15:42:32,2026-08-11 15:42:35,2026-08-11 15:42:35
220128,2062,OXVD8,COMPRA,235,71.0554,5.4893,2026-08-11 17:10:20,2026-08-11 17:10:20,2026-08-11 17:10:20
220129,2188,HVEX2,COMPRA,210,149.4037,9.8669,2026-08-11 13:25:54,2026-08-11 13:25:56,2026-08-11 13:25:56
220130,1190,GFDF2,COMPRA,210,93.5279,10.0112,2026-08-11 11:48:27,2026-08-11 11:48:27,2026-08-11 11:48:27
220131,2896,LCCH9,COMPRA,280,6.9747,10.4919,2026-08-11 11:09:06,2026-08-11 11:09:07,2026-08-11 11:09:07
220132,2646,GAKD5,COMPRA,370,219.0495,11.7331,2026-08-11 12:34:45,2026-08-11 12:34:47,2026-08-11 12:34:47
220133,3129,BSDJ7,COMPRA,275,212.7078,3.9716,2026-08-11 16:48:10,2026-08-11 16:48:11,2026-08-11 16:48:11
220134,2529,UQJU7,COMPRA,150,60.0000,1.4690,2026-08-11 11:36:50,2026-08-11 11:36:50,2026-08-11 11:36:50
220135,2467,XOVY4,COMPRA,110,96.4490,6.2581,2026-08-11 13:58:08,2026-08-11 13:58:11,2026-08-11 13:58:11
220136,2535,UCHR6,COMPRA,130,410.0125,4.2856,2026-08-11 16:23:33,2026-08-11 16:23:36,2026-08-11 16:23:36
220137,1640,LCCH9,COMPRA,428,6.8985,3.9378,2026-08-11 10:21:14,2026-08-11 10:21:16,2026-08-11 10:21:16
220138,1307,WIPB2,VENDA,371,128.7908,7.6261,2026-08-11 10:16:54,2026-08-11 10:16:56,2026-08-11 10:16:56
220139,1551,XAVL3,COMPRA,340,177.1356,7.6165,2026-08-11 14:14:29,2026-08-11 14:14:30,2026-08-11 14:14:30
220140,1584,XLZM9,COMPRA,243,56.0282,0.1691,2026-08-11 11:20:10,2026-08-11 11:20:13,2026-08-11 11:20:13
220141,1340,PBZM6,COMPRA,430,64.2845,8.5589,2026-08-11 15:53:40,2026-08-11 15:53:40,2026-08-11 15:53:40
220142,1995,UCHR6,COMPRA,40,414.8235,0.9192,2026-08-11 13:58:47,2026-08-11 13:58:50,2026-08-11 13:58:50
220143,1540,FRGH8,COMPRA,300,86.4306,9.0165,2026-08-11 16:54:22,2026-08-11 16:54:24,2026-08-11 16:54:24
220144,1122,DHRM5,COMPRA,275,241.6840,7.7119,2026-08-11 17:30:32,2026-08-11 17:30:35,2026-08-11 17:30:35
220145,1103,JJVW6,COMPRA,250,103.2405,0.1682,2026-08-11 11:02:39,2026-08-11 11:02:39,2026-08-11 11:02:39
220146,2396,QHFL8,COMPRA,310,129.3229,6.8318,2026-08-11 14:17:07,2026-08-11 14:17:10,2026-08-11 14:17:10
220147,2684,SVOZ4,VENDA,28,48.8001,12.2186,2026-08-11 15:32:03,2026-08-11 15:32:06,2026-08-11 15:32:06
220148,1312,RIET5,COMPRA,405,174.5258,11.5413,2026-08-11 12:37:21,2026-08-11 12:37:23,2026-08-11 12:37:23
220149,2203,PBZM6,COMPRA,290,67.1915,2.7183,2026-08-11 17:03:24,2026-08-11 17:03:24,2026-08-11 17:03:24
220150,3221,WHMT3,COMPRA,135,128.5161,7.9914,2026-08-11 12:00:34,2026-08-11 12:00:34,2026-08-11 12:00:34
220151,1209,RDOA3,COMPRA,480,105.5526,10.9339,2026-08-11 10:18:57,2026-08-11 10:18:59,2026-08-11 10:18:59
220152,3117,FYZB6,COMPRA,190,84.3988,9.8917,2026-08-11 13:28:19,2026-08-11 13:28:21,2026-08-11 13:28:21
220153,2475,NQYT3,COMPRA,290,52.2122,1.3623,2026-08-11 11:13:19,2026-08-11 11:13:22,2026-08-11 11:13:22
220154,3200,NUJZ2,COMPRA,135,39.7593,11.9735,2026-08-11 10:55:27,2026-08-11 10:55:29,2026-08-11 10:55:29
220155,3269,NUJZ2,COMPRA,280,25.5819,12.6332,2026-08-11 16:14:45,2026-08-11 16:14:48,2026-08-11 16:14:48
220156,2485,UVEY5,COMPRA,244,71.7659,4.0157,2026-08-11 15:54:43,2026-08-11 15:54:46,2026-08-11 15:54:46
220157,2776,QYBV3,COMPRA,395,76.7605,,2026-08-11 10:11:43,2026-08-11 10:11:44,2026-08-11 10:11:44
220158,1095,CQIL9,COMPRA,270,35.2763,1.8448,2026-08-11 16:03:46,2026-08-11 16:03:49,2026-08-11 16:03:49
220159,1630,SGBG8,COMPRA,325,70.2637,8.6559,2026-08-11 15:32:44,2026-08-11 15:32:47,2026-08-11 15:32:47
220160,2895,IPXK2,COMPRA,245,248.7726,0.9916,2026-08-11 16:09:58,2026-08-11 16:09:58,2026-08-11 16:09:58
220161,2182,AAWB3,COMPRA,25,160.4848,7.7320,2026-08-11 17:02:25,2026-08-11 17:02:25,2026-08-11 17:02:25
220162,1647,AAUA7,COMPRA,119,139.3986,12.1551,2026-08-11 10:54:08,2026-08-11 10:54:08,2026-08-11 10:54:08
220163,2494,UVEY5,COMPRA,105,69.8885,3.6156,2026-08-11 10:08:05,2026-08-11 10:08:08,2026-08-11 10:08:08
220164,3281,NUJZ2,COMPRA,105,32.0132,0.5185,2026-08-11 10:40:17,2026-08-11 10:40:19,2026-08-11 10:40:19
220165,1564,KHGP6,COMPRA,455,116.9637,4.2712,2026-08-11 17:00:47,2026-08-11 17:00:50,2026-08-11 17:00:50
220166,2666,KFSY2,COMPRA,65,118.2939,7.5978,2026-08-11 13:18:12,2026-08-11 13:18:15,2026-08-11 13:18:15
220167,2301,XAVL3,COMPRA,98,147.3373,5.5077,2026-08-11 12:54:04,2026-08-11 12:54:05,2026-08-11 12:54:05
220168,2460,SVOZ4,COMPRA,80,50.1856,10.1446,2026-08-11 14:18:53,2026-08-11 14:18:54,2026-08-11 14:18:54
220169,1650,YYLA4,COMPRA,105,236.9603,4.1425,2026-08-11 11:48:43,2026-08-11 11:48:46,2026-08-11 11:48:46
220170,2789,SUZL4,COMPRA,80,150.0759,11.2786,2026-08-11 14:32:44,2026-08-11 14:32:44,2026-08-11 14:32:44
220171,1025,IPXK2,COMPRA,485,244.2891,7.9055,2026-08-11 15:20:24,2026-08-11 15:20:24,2026-08-11 15:20:24
220172,2187,MCHX2,COMPRA,80,131.8752,5.0446,2026-08-11 13:45:22,2026-08-11 13:45:25,2026-08-11 13:45:25
220173,2334,LIEG8,COMPRA,70,93.9500,11.8423,2026-08-11 13:32:51,2026-08-11 13:32:54,2026-08-11 13:32:54
220174,2850,XLZM9,COMPRA,5,47.8980,1.4956,2026-08-11 14:48:13,2026-08-11 14:48:14,2026-08-11 14:48:14
220175,2784,TXHR8,COMPRA,215,83.9307,7.8080,2026-08-11 14:48:13,2026-08-11 14:48:16,2026-08-11 14:48:16
220176,2466,ZFBT3,COMPRA,410,128.3660,11.2111,2026-08-11 14:12:00,2026-08-11 14:12:02,2026-08-11 14:12:02
220177,2731,JDJG6,COMPRA,400,57.3687,5.1641,2026-08-11 15:31:59,2026-08-11 15:31:59,2026-08-11 15:31:59
220178,2681,DQSN6,COMPRA,415,149.5499,6.4245,2026-08-11 15:31:00,2026-08-11 15:31:01,2026-08-11 15:31:01
220179,3297,BXFJ9,COMPRA,180,191.9778,4.6329,2026-08-11 16:04:35,2026-08-11 16:04:35,2026-08-11 16:04:35
220180,2666,YCCK8,COMPRA,375,408.4441,0.1431,2026-08-11 16:32:29,2026-08-11 16:32:31,2026-08-11 16:32:31
220181,3456,BXFJ9,COMPRA,210,150.3054,0.3028,2026-08-11 14:30:54,2026-08-11 14:30:57,2026-08-11 14:30:57
220182,1621,YOWA1,COMPRA,40,44.9448,2.3024,2026-08-11 10:13:08,2026-08-11 10:13:09,2026-08-11 10:13:09
220183,2905,ENRZ2,COMPRA,455,78.0099,3.4614,2026-08-11 12:34:23,2026-08-11 12:34:24,2026-08-11 12:34:24
220184,2370,WIPB2,COMPRA,229,109.5458,5.3308,2026-08-11 11:03:20,2026-08-11 11:03:23,2026-08-11 11:03:23
220185,1232,WMQZ6,COMPRA,185,90.9209,11.7896,2026-08-11 15:12:47,2026-08-11 15:12:47,2026-08-11 15:12:47
220186,3496,SVOZ4,COMPRA,315,36.5955,7.5437,2026-08-11 10:22:36,2026-08-11 10:22:38,2026-08-11 10:22:38
220187,1424,SVOZ4,COMPRA,380,50.6158,12.6525,2026-08-11 16:08:01,2026-08-11 16:08:01,2026-08-11 16:08:01
220188,1774,PBZM6,COMPRA,363,74.3244,8.9321,2026-08-11 15:22:54,2026-08-11 15:22:56,2026-08-11 15:22:56
220189,2545,ECQD7,COMPRA,303,112.8836,4.8491,2026-08-11 14:08:38,2026-08-11 14:08:38,2026-08-11 14:08:38
220190,1303,MJDL9,COMPRA,110,40.6116,5.4158,2026-08-11 10:00:07,2026-08-11 10:00:07,2026-08-11 10:00:07
220191,2846,DFGR7,COMPRA,455,114.0558,7.1091,2026-08-11 15:30:16,2026-08-11 15:30:17,2026-08-11 15:30:17
220192,3000,RMRT1,COMPRA,490,98.1546,9.2736,2026-08-11 12:11:43,2026-08-11 12:11:44,2026-08-11 12:11:44
220193,1117,DQSN6,COMPRA,370,152.6703,9.3507,2026-08-11 16:28:53,2026-08-11 16:28:56,2026-08-11 16:28:56
220194,1498,OXVD8,COMPRA,100,94.1791,11.9695,2026-08-11 14:08:37,2026-08-11 14:08:40,2026-08-11 14:08:40
220195,3080,SRDU1,COMPRA,50,70.5623,6.5244,2026-08-11 11:25:54,2026-08-11 11:25:57,2026-08-11 11:25:57
220196,2887,LQML9,COMPRA,415,140.5031,3.4068,2026-08-11 17:11:32,2026-08-11 17:11:33,2026-08-11 17:11:33
220197,1367,RFNS7,COMPRA,167,99.2297,2.3917,2026-08-11 10:25:05,2026-08-11 10:25:05,2026-08-11 10:25:05
220198,3030,BSDJ7,COMPRA,60,296.7990,6.3391,2026-08-11 13:28:47,2026-08-11 13:28:49,2026-08-11 13:28:49
220199,2052,UYFJ9,COMPRA,255,76.5078,11.5998,2026-08-11 10:48:19,2026-08-11 10:48:21,2026-08-11 10:48:21
220200,2102,MCHX2,COMPRA,440,117.1075,4.3844,2026-08-11 17:04:23,2026-08-11 17:04:26,2026-08-11 17:04:26
220201,1918,RFNS7,COMPRA,480,96.6487,11.1440,2026-08-11 10:53:04,2026-08-11 10:53:05,2026-08-11 10:53:05
220202,1579,UYFJ9,COMPRA,185,80.1265,1.7300,2026-08-11 11:33:45,2026-08-11 11:33:47,2026-08-11 11:33:47
220203,2908,MCMT2,COMPRA,255,113.9834,12.6342,2026-08-11 13:47:15,2026-08-11 13:47:15,2026-08-11 13:47:15
220204,2553,FRGH8,COMPRA,35,77.2050,9.2333,2026-08-11 11:19:43,2026-08-11 11:19:45,2026-08-11 11:19:45
220205,2080,UYFJ9,COMPRA,413,108.8697,9.9125,2026-08-11 15:54:37,2026-08-11 15:54:38,2026-08-11 15:54:38
220206,3255,WMQZ6,COMPRA,450,79.5388,10.3126,2026-08-11 15:20:52,2026-08-11 15:20:55,2026-08-11 15:20:55
220207,2335,AYFQ2,COMPRA,138,14.2029,8.7923,2026-08-11 12:35:27,2026-08-11 12:35:30,2026-08-11 12:35:30
220208,2847,QYBV3,COMPRA,344,60.0000,3.2271,2026-08-11 11:22:03,2026-08-11 11:22:04,2026-08-11 11:22:04
220209,1613,AAWB3,COMPRA,420,205.1913,5.5283,2026-08-11 17:15:57,2026-08-11 17:15:58,2026-08-11 17:15:58
220210,2122,TBWG2,COMPRA,290,74.7205,3.2476,2026-08-11 16:18:33,2026-08-11 16:18:35,2026-08-11 16:18:35
220211,2642,IJJK3,COMPRA,300,97.5568,3.3286,2026-08-11 13:02:58,2026-08-11 13:03:00,2026-08-11 13:03:00
220212,1126,ZFBT3,COMPRA,105,89.7680,12.7269,2026-08-11 12:05:18,2026-08-11 12:05:20,2026-08-11 12:05:20
220213,1978,QEUC2,COMPRA,300,136.0603,1.6781,2026-08-11 11:16:39,2026-08-11 11:16:41,2026-08-11 11:16:41
220214,1340,QQQS1,COMPRA,251,25.2327,2.5914,2026-08-11 14:49:25,2026-08-11 14:49:27,2026-08-11 14:49:27
220215,3278,TBWG2,COMPRA,430,80.9238,1.2330,2026-08-11 11:03:08,2026-08-11 11:03:08,2026-08-11 11:03:08
220216,2373,YFAH5,COMPRA,245,151.8912,4.0640,2026-08-11 16:31:07,2026-08-11 16:31:07,2026-08-11 16:31:07
220217,1528,UFMA7,COMPRA,150,148.0749,1.1503,2026-08-11 15:00:29,2026-08-11 15:00:31,2026-08-11 15:00:31
220218,1180,YBZA3,COMPRA,159,28.8831,10.0597,2026-08-11 12:14:54,2026-08-11 12:14:57,2026-08-11 12:14:57
220219,3124,TNHT4,COMPRA,80,95.3428,2.0797,2026-08-11 14:57:27,2026-08-11 14:57:29,2026-08-11 14:57:29
220220,3242,RMRT1,COMPRA,55,114.8104,3.5647,2026-08-11 12:34:34,2026-08-11 12:34:34,2026-08-11 12:34:34
220221,2695,QYBV3,COMPRA,159,62.7528,7.4358,2026-08-11 13:08:12,2026-08-11 13:08:12,2026-08-11 13:08:12
220222,1112,IZTY4,COMPRA,205,30.4640,3.0286,2026-08-11 16:19:44,2026-08-11 16:19:45,2026-08-11 16:19:45
220223,1547,UFMA7,COMPRA,305,136.2459,4.1243,2026-08-11 12:44:32,2026-08-11 12:44:32,2026-08-11 12:44:32
220224,3043,AYFQ2,COMPRA,105,9.7615,3.9951,2026-08-11 13:02:03,2026-08-11 13:02:05,2026-08-11 13:02:05
220225,2911,NWGB4,COMPRA,145,121.7006,1.4291,2026-08-11 14:46:26,2026-08-11 14:46:28,2026-08-11 14:46:28
220226,3526,FIUW1,COMPRA,35,116.7265,2.7430,2026-08-11 12:49:44,2026-08-11 12:49:45,2026-08-11 12:49:45
220227,1692,ZAAS7,COMPRA,400,348.8860,11.5004,2026-08-11 12:00:38,2026-08-11 12:00:41,2026-08-11 12:00:41
220228,2806,NAOF3,COMPRA,56,77.5504,4.5397,2026-08-11 12:37:08,2026-08-11 12:37:09,2026-08-11 12:37:09
220229,3475,YOWA1,COMPRA,370,67.4216,3.8548,2026-08-11 10:09:20,2026-08-11 10:09:21,2026-08-11 10:09:21
220230,1170,UQJU7,COMPRA,390,64.8060,4.7976,2026-08-11 10:28:51,2026-08-11 10:28:54,2026-08-11 10:28:54
220231,1333,WMQZ6,COMPRA,375,96.1404,11.1597,2026-08-11 15:20:13,2026-08-11 15:20:16,2026-08-11 15:20:16
220232,2718,NWGB4,COMPRA,275,126.6199,10.9351,2026-08-11 15:32:48,2026-08-11 15:32:48,2026-08-11 15:32:48
220233,1389,SVOZ4,COMPRA,375,37.3181,8.1126,2026-08-11 15:44:40,2026-08-11 15:44:43,2026-08-11 15:44:43
220234,1247,MOLF3,COMPRA,385,49.7256,12.5217,2026-08-11 15:55:20,2026-08-11 15:55:21,2026-08-11 15:55:21
220235,3504,PSEN6,COMPRA,60,199.0307,8.3912,2026-08-11 12:48:08,2026-08-11 12:48:11,2026-08-11 12:48:11
220236,2494,UYFJ9,COMPRA,470,83.7846,2.1521,2026-08-11 15:26:09,2026-08-11 15:26:10,2026-08-11 15:26:10
220237,2839,GFDF2,COMPRA,375,104.0268,8.6539,2026-08-11 14:22:01,2026-08-11 14:22:04,2026-08-11 14:22:04
220238,1514,DHRM5,COMPRA,498,281.0264,4.1725,2026-08-11 17:12:12,2026-08-11 17:12:15,2026-08-11 17:12:15
220239,1739,JUDG8,COMPRA,71,101.0488,8.5031,2026-08-11 10:21:46,2026-08-11 10:21:48,2026-08-11 10:21:48
220240,1223,SVOZ4,COMPRA,50,53.7262,0.3504,2026-08-11 11:44:13,2026-08-11 11:44:13,2026-08-11 11:44:13
220241,1552,XOVY4,COMPRA,305,106.9018,4.0131,2026-08-11 10:41:52,2026-08-11 10:41:54,2026-08-11 10:41:54
220242,1463,DFGR7,COMPRA,480,76.9002,10.4557,2026-08-11 15:23:30,2026-08-11 15:23:30,2026-08-11 15:23:30
220243,1344,FIUW1,COMPRA,65,135.1477,2.0151,2026-08-11 14:16:45,2026-08-11 14:16:46,2026-08-11 14:16:46
220244,1231,MOLF3,COMPRA,281,59.4424,1.8624,2026-08-11 11:33:43,2026-08-11 11:33:46,2026-08-11 11:33:46
220245,1315,EEYY9,COMPRA,10,120.3294,4.9915,2026-08-11 16:28:27,2026-08-11 16:28:29,2026-08-11 16:28:29
220246,1465,TTHO3,COMPRA,410,27.7706,3.5200,2026-08-11 14:03:45,2026-08-11 14:03:45,2026-08-11 14:03:45
220247,2564,SVOZ4,COMPRA,455,48.3915,6.0623,2026-08-11 12:18:03,2026-08-11 12:18:06,2026-08-11 12:18:06
220248,2111,DEGN5,COMPRA,355,80.1857,8.3814,2026-08-11 12:07:07,2026-08-11 12:07:08,2026-08-11 12:07:08
220249,1918,VLEB3,COMPRA,335,472.0807,12.0674,2026-08-11 15:21:17,2026-08-11 15:21:17,2026-08-11 15:21:17
220250,3333,LQML9,COMPRA,151,130.1241,1.5319,2026-08-11 12:50:51,2026-08-11 12:50:52,2026-08-11 12:50:52
220251,1299,JIPA6,COMPRA,131,38.2679,9.2941,2026-08-11 16:32:56,2026-08-11 16:32:56,2026-08-11 16:32:56
220252,1657,DQSN6,COMPRA,435,123.1424,7.5558,2026-08-11 12:48:34,2026-08-11 12:48:37,2026-08-11 12:48:37
220253,2130,RMRT1,COMPRA,190,96.3047,3.4087,2026-08-11 14:52:29,2026-08-11 14:52:29,2026-08-11 14:52:29
220254,3064,FYZB6,COMPRA,295,86.1383,9.0014,2026-08-11 11:21:58,2026-08-11 11:22:01,2026-08-11 11:22:01
220255,3443,XPVA7,COMPRA,435,482.9261,3.9784,2026-08-11 12:35:20,2026-08-11 12:35:23,2026-08-11 12:35:23
220256,3415,ZHTL2,COMPRA,315,66.8624,9.3235,2026-08-11 12:27:20,2026-08-11 12:27:23,2026-08-11 12:27:23
220257,2604,YIHC3,COMPRA,395,61.4055,7.1759,2026-08-11 14:23:27,2026-08-11 14:23:29,2026-08-11 14:23:29
220258,2006,NGIU9,COMPRA,495,102.8432,9.7889,2026-08-11 17:27:05,2026-08-11 17:27:05,2026-08-11 17:27:05
220259,2334,UFMA7,COMPRA,5,178.0983,9.0231,2026-08-11 15:14:27,2026-08-11 15:14:28,2026-08-11 15:14:28
220260,1664,BSDJ7,COMPRA,220,264.7956,6.8117,2026-08-11 16:41:25,2026-08-11 16:41:28,2026-08-11 16:41:28
220261,3306,JIPA6,COMPRA,360,42.2412,11.5852,2026-08-11 10:16:52,2026-08-11 10:16:53,2026-08-11 10:16:53
220262,1236,MWVU7,COMPRA,495,60.0000,4.7949,2026-08-11 12:53:26,2026-08-11 12:53:29,2026-08-11 12:53:29
220263,2105,OEQA8,COMPRA,205,545.9120,10.9408,2026-08-11 11:19:35,2026-08-11 11:19:35,2026-08-11 11:19:35
220264,3266,NUJZ2,COMPRA,280,39.7109,2.0815,2026-08-11 12:45:55,2026-08-11 12:45:55,2026-08-11 12:45:55
220265,3071,ERTC4,COMPRA,275,50.6319,0.6191,2026-08-11 13:55:33,2026-08-11 13:55:35,2026-08-11 13:55:35
220266,1762,GULD2,VENDA,105,130.4777,8.4714,2026-08-11 11:09:17,2026-08-11 11:09:17,2026-08-11 11:09:17
220267,2863,AAWB3,COMPRA,465,174.9817,11.8460,2026-08-11 13:02:48,2026-08-11 13:02:49,2026-08-11 13:02:49
220268,2451,WHMT3,COMPRA,10,94.0198,0.8185,2026-08-11 13:09:15,2026-08-11 13:09:16,2026-08-11 13:09:16
220269,1133,IWFI1,COMPRA,165,179.3266,5.5510,2026-08-11 10:31:14,2026-08-11 10:31:17,2026-08-11 10:31:17
220270,1920,DEGN5,COMPRA,280,101.8590,3.9038,2026-08-11 13:37:48,2026-08-11 13:37:50,2026-08-11 13:37:50
220271,1310,UYFJ9,COMPRA,180,106.3268,7.8597,2026-08-11 10:12:36,2026-08-11 10:12:36,2026-08-11 10:12:36
220272,2848,QHFL8,COMPRA,275,140.0553,4.1012,2026-08-11 15:22:24,2026-08-11 15:22:25,2026-08-11 15:22:25
220273,3439,PSEN6,COMPRA,235,159.8573,10.2631,2026-08-11 14:59:45,2026-08-11 14:59:47,2026-08-11 14:59:47
220274,2445,QEUC2,COMPRA,495,162.7673,12.3529,2026-08-11 13:45:35,2026-08-11 13:45:38,2026-08-11 13:45:38
220275,2858,OVYL9,COMPRA,130,72.5160,8.8446,2026-08-11 12:57:54,2026-08-11 12:57:56,2026-08-11 12:57:56
220276,1583,DFGR7,COMPRA,370,79.0375,1.1107,2026-08-11 13:51:08,2026-08-11 13:51:10,2026-08-11 13:51:10
220277,3296,MCHX2,COMPRA,38,86.2071,1.7108,2026-08-11 15:15:26,2026-08-11 15:15:28,2026-08-11 15:15:28
220278,1479,UVEY5,COMPRA,425,88.3184,4.7696,2026-08-11 14:18:39,2026-08-11 14:18:39,2026-08-11 14:18:39
220279,3446,MOLF3,COMPRA,50,64.9874,10.9816,2026-08-11 13:49:53,2026-08-11 13:49:53,2026-08-11 13:49:53
220280,3265,NHYK8,COMPRA,195,58.5560,3.5113,2026-08-11 15:57:52,2026-08-11 15:57:53,2026-08-11 15:57:53
220281,3149,LGKU6,COMPRA,290,85.5807,2.0297,2026-08-11 11:12:21,2026-08-11 11:12:23,2026-08-11 11:12:23
220282,1853,SRDU1,COMPRA,5,79.8045,5.9450,2026-08-11 15:49:50,2026-08-11 15:49:50,2026-08-11 15:49:50
220283,1545,TNHT4,COMPRA,205,139.3981,0.8658,2026-08-11 11:35:08,2026-08-11 11:35:09,2026-08-11 11:35:09
220284,2114,QYBV3,COMPRA,411,78.1115,2.6246,2026-08-11 14:11:55,2026-08-11 14:11:55,2026-08-11 14:11:55
220285,2774,GAKD5,COMPRA,315,312.1263,6.6393,2026-08-11 15:36:36,2026-08-11 15:36:36,2026-08-11 15:36:36
220286,1602,UQIQ7,COMPRA,140,87.7190,0.0764,2026-08-11 12:45:17,2026-08-11 12:45:19,2026-08-11 12:45:19
220287,1410,ICSU4,COMPRA,440,141.1581,12.7075,2026-08-11 15:19:06,2026-08-11 15:19:06,2026-08-11 15:19:06
220288,2754,LCCH9,COMPRA,370,8.1636,8.9615,2026-08-11 16:14:03,2026-08-11 16:14:06,2026-08-11 16:14:06
220289,1586,NAOF3,VENDA,375,50.7431,3.8584,2026-08-11 10:09:18,2026-08-11 10:09:21,2026-08-11 10:09:21
220290,1067,YBZA3,COMPRA,280,27.1850,4.7341,2026-08-11 11:19:21,2026-08-11 11:19:23,2026-08-11 11:19:23
220291,1025,TBWG2,COMPRA,385,72.6562,11.8237,2026-08-11 17:24:36,2026-08-11 17:24:36,2026-08-11 17:24:36
220292,2570,UFIU3,COMPRA,490,93.6368,7.0186,2026-08-11 17:09:38,2026-08-11 17:09:40,2026-08-11 17:09:40
220293,2248,RFNS7,COMPRA,332,99.1343,10.0221,2026-08-11 15:09:09,2026-08-11 15:09:09,2026-08-11 15:09:09
220294,2961,ERTC4,COMPRA,35,42.8237,0.1855,2026-08-11 11:28:32,2026-08-11 11:28:35,2026-08-11 11:28:35
220295,1171,YFAH5,COMPRA,200,143.8484,6.2330,2026-08-11 13:40:42,2026-08-11 13:40:42,2026-08-11 13:40:42
220296,2525,NREP8,COMPRA,390,152.0505,3.0567,2026-08-11 12:10:19,2026-08-11 12:10:22,2026-08-11 12:10:22
220297,1395,SUZL4,COMPRA,483,145.2506,6.2276,2026-08-11 14:45:47,2026-08-11 14:45:47,2026-08-11 14:45:47
220298,2811,DHRM5,COMPRA,370,284.4556,10.7790,2026-08-11 17:22:03,2026-08-11 17:22:03,2026-08-11 17:22:03
220299,2495,HCZM2,COMPRA,85,498.4503,9.1613,2026-08-11 10:06:15,2026-08-11 10:06:16,2026-08-11 10:06:16
220300,2210,UQIQ7,COMPRA,245,77.1984,1.6476,2026-08-11 11:44:07,2026-08-11 11:44:08,2026-08-11 11:44:08
220301,2378,ECQD7,COMPRA,235,99.0331,4.1915,2026-08-11 16:53:25,2026-08-11 16:53:28,2026-08-11 16:53:28
220302,2992,OEQA8,COMPRA,215,521.4294,12.5879,2026-08-11 17:22:03,2026-08-11 17:22:04,2026-08-11 17:22:04
220303,3304,RSBT4,COMPRA,120,385.4179,6.1530,2026-08-11 15:42:53,2026-08-11 15:42:54,2026-08-11 15:42:54
220304,3054,RHXV4,COMPRA,325,67.7895,0.9236,2026-08-11 12:28:43,2026-08-11 12:28:45,2026-08-11 12:28:45
220305,1791,ZAAS7,COMPRA,330,511.4315,12.7120,2026-08-11 11:16:14,2026-08-11 11:16:15,2026-08-11 11:16:15
220306,1202,DGBT6,COMPRA,125,99.6347,7.8971,2026-08-11 10:04:13,2026-08-11 10:04:15,2026-08-11 10:04:15
220307,3514,TTHO3,COMPRA,190,42.6964,10.9994,2026-08-11 14:00:00,2026-08-11 14:00:00,2026-08-11 14:00:00
220308,2727,NAOF3,COMPRA,40,63.2641,5.6442,2026-08-11 14:27:03,2026-08-11 14:27:03,2026-08-11 14:27:03
220309,3335,RMRT1,COMPRA,395,88.7193,4.4880,2026-08-11 11:23:34,2026-08-11 11:23:34,2026-08-11 11:23:34
220310,1149,DSFC9,COMPRA,345,387.6186,8.6695,2026-08-11 12:42:32,2026-08-11 12:42:35,2026-08-11 12:42:35
220311,2251,VLEB3,COMPRA,110,336.2823,3.1370,2026-08-11 12:30:41,2026-08-11 12:30:41,2026-08-11 12:30:41
220312,1062,SVOZ4,COMPRA,160,37.7455,1.1232,2026-08-11 17:17:19,2026-08-11 17:17:19,2026-08-11 17:17:19
220313,2426,ZHTL2,COMPRA,205,77.6129,1.9456,2026-08-11 17:14:54,2026-08-11 17:14:56,2026-08-11 17:14:56
220314,2304,JUDG8,COMPRA,270,105.4500,12.1689,2026-08-11 10:54:10,2026-08-11 10:54:11,2026-08-11 10:54:11
220315,3152,KQEO3,VENDA,490,57.2931,12.2941,2026-08-11 16:19:43,2026-08-11 16:19:44,2026-08-11 16:19:44
220316,2400,YBZA3,COMPRA,340,24.0389,10.7553,2026-08-11 11:56:10,2026-08-11 11:56:12,2026-08-11 11:56:12
220317,2109,FIUW1,VENDA,100,119.1901,9.7137,2026-08-11 12:54:31,2026-08-11 12:54:31,2026-08-11 12:54:31
220318,3129,PZUP8,COMPRA,51,131.4300,8.6970,2026-08-11 14:29:14,2026-08-11 14:29:16,2026-08-11 14:29:16
220319,2541,YIHC3,COMPRA,385,58.8557,0.9972,2026-08-11 13:21:39,2026-08-11 13:21:40,2026-08-11 13:21:40
220320,2717,SGBG8,VENDA,115,86.0240,10.3312,2026-08-11 14:19:31,2026-08-11 14:19:33,2026-08-11 14:19:33
220321,3003,MGRR2,COMPRA,470,106.9283,7.9779,2026-08-11 12:13:04,2026-08-11 12:13:05,2026-08-11 12:13:05
220322,3135,NREP8,COMPRA,145,122.0271,6.2027,2026-08-11 14:57:05,2026-08-11 14:57:05,2026-08-11 14:57:05
220323,2397,MWVU7,VENDA,23,88.0522,2.8487,2026-08-11 11:46:52,2026-08-11 11:46:52,2026-08-11 11:46:52
220324,2335,FYZB6,COMPRA,230,63.4187,,2026-08-11 14:04:16,2026-08-11 14:04:17,2026-08-11 14:04:17
220325,2495,TBWG2,COMPRA,345,75.1483,11.6532,2026-08-11 14:23:07,2026-08-11 14:23:09,2026-08-11 14:23:09
220326,2714,VLEB3,COMPRA,395,357.0161,12.0155,2026-08-11 14:36:05,2026-08-11 14:36:06,2026-08-11 14:36:06
220327,1659,DQSN6,COMPRA,250,103.2113,9.7191,2026-08-11 13:33:26,2026-08-11 13:33:26,2026-08-11 13:33:26
220328,3513,ENRZ2,COMPRA,374,83.4138,9.7069,2026-08-11 12:03:04,2026-08-11 12:03:06,2026-08-11 12:03:06
220329,3269,QTHQ1,COMPRA,440,25.0288,10.5420,2026-08-11 14:55:05,2026-08-11 14:55:07,2026-08-11 14:55:07
220330,1186,ECQD7,COMPRA,450,71.1424,5.9125,2026-08-11 12:08:46,2026-08-11 12:08:46,2026-08-11 12:08:46
220331,2437,PZUP8,COMPRA,245,137.9382,7.1217,2026-08-11 12:51:57,2026-08-11 12:51:58,2026-08-11 12:51:58
220332,2562,SVOZ4,COMPRA,215,50.6718,6.3897,2026-08-11 10:49:56,2026-08-11 10:49:56,2026-08-11 10:49:56
220333,1227,QQQS1,COMPRA,255,26.3027,11.9259,2026-08-11 16:51:46,2026-08-11 16:51:48,2026-08-11 16:51:48
220334,2712,LCCH9,COMPRA,385,6.9356,8.9906,2026-08-11 11:50:43,2026-08-11 11:50:44,2026-08-11 11:50:44
220335,3014,AAWB3,COMPRA,255,165.6447,2.1721,2026-08-11 14:32:41,2026-08-11 14:32:44,2026-08-11 14:32:44
220336,2525,MCHX2,COMPRA,125,129.0832,8.9245,2026-08-11 12:22:03,2026-08-11 12:22:05,2026-08-11 12:22:05
220337,1865,BOCS8,COMPRA,215,75.2424,0.2907,2026-08-11 14:31:45,2026-08-11 14:31:47,2026-08-11 14:31:47
220338,2480,LCCH9,COMPRA,170,9.4549,1.4017,2026-08-11 13:09:54,2026-08-11 13:09:57,2026-08-11 13:09:57
220339,2561,XOVY4,COMPRA,35,81.6144,3.8307,2026-08-11 14:49:32,2026-08-11 14:49:33,2026-08-11 14:49:33
220340,1830,DEGN5,COMPRA,365,77.4532,12.7827,2026-08-11 17:15:26,2026-08-11 17:15:27,2026-08-11 17:15:27
220341,2720,AYFQ2,COMPRA,413,10.3317,5.2485,2026-08-11 15:10:34,2026-08-11 15:10:34,2026-08-11 15:10:34
220342,2957,XOVY4,COMPRA,359,110.4338,10.7225,2026-08-11 11:25:44,2026-08-11 11:25:46,2026-08-11 11:25:46
220343,2366,TNHT4,COMPRA,77,118.0559,11.9733,2026-08-11 14:16:08,2026-08-11 14:16:09,2026-08-11 14:16:09
220344,1162,DGBT6,COMPRA,415,83.5252,9.9389,2026-08-11 14:11:45,2026-08-11 14:11:48,2026-08-11 14:11:48
220345,1689,OXVD8,COMPRA,226,65.2108,11.5744,2026-08-11 14:04:09,2026-08-11 14:04:11,2026-08-11 14:04:11
220346,1069,WXFC8,COMPRA,316,92.0263,10.5165,2026-08-11 14:00:03,2026-08-11 14:00:05,2026-08-11 14:00:05
220347,1727,UQIQ7,COMPRA,150,97.6991,3.1873,2026-08-11 15:59:22,2026-08-11 15:59:22,2026-08-11 15:59:22
220348,3003,NAOF3,COMPRA,370,77.3174,11.7147,2026-08-11 16:18:29,2026-08-11 16:18:30,2026-08-11 16:18:30
220349,1360,GKQC5,COMPRA,345,136.1732,6.4074,2026-08-11 13:30:10,2026-08-11 13:30:12,2026-08-11 13:30:12
220350,1542,ZHTL2,COMPRA,410,71.1590,0.7208,2026-08-11 13:36:24,2026-08-11 13:36:25,2026-08-11 13:36:25
220351,2709,RIET5,COMPRA,75,133.5828,8.8406,2026-08-11 16:50:01,2026-08-11 16:50:04,2026-08-11 16:50:04
220352,3360,XLZM9,COMPRA,410,59.2277,9.6265,2026-08-11 13:32:38,2026-08-11 13:32:38,2026-08-11 13:32:38
220353,2601,HCLJ8,COMPRA,55,106.1494,4.4821,2026-08-11 17:29:02,2026-08-11 17:29:02,2026-08-11 17:29:02
220354,2422,MGRR2,COMPRA,25,110.4417,10.6831,2026-08-11 10:15:46,2026-08-11 10:15:46,2026-08-11 10:15:46
220355,1696,FYZB6,COMPRA,160,84.9037,2.7180,2026-08-11 13:05:58,2026-08-11 13:06:00,2026-08-11 13:06:00
220356,2090,ERTC4,COMPRA,5,59.5438,3.6300,2026-08-11 17:17:39,2026-08-11 17:17:42,2026-08-11 17:17:42
220357,3179,UYFJ9,COMPRA,100,83.5763,1.8272,2026-08-11 14:26:21,2026-08-11 14:26:23,2026-08-11 14:26:23
220358,3225,MWVU7,COMPRA,450,60.0000,3.9682,2026-08-11 14:02:01,2026-08-11 14:02:03,2026-08-11 14:02:03
220359,1536,PZUP8,COMPRA,298,126.5412,0.7397,2026-08-11 15:06:19,2026-08-11 15:06:19,2026-08-11 15:06:19
220360,1092,SGBG8,COMPRA,65,98.3567,8.0941,2026-08-11 14:03:09,2026-08-11 14:03:10,2026-08-11 14:03:10
220361,1425,RIET5,COMPRA,435,148.9013,12.6844,2026-08-11 16:37:11,2026-08-11 16:37:14,2026-08-11 16:37:14
220362,1111,OVUQ2,COMPRA,480,56.6573,6.1386,2026-08-11 15:01:26,2026-08-11 15:01:27,2026-08-11 15:01:27
220363,2064,QTHQ1,COMPRA,445,22.3195,6.4805,2026-08-11 13:28:19,2026-08-11 13:28:21,2026-08-11 13:28:21
220364,1391,HCLJ8,COMPRA,145,132.9922,10.8241,2026-08-11 13:04:35,2026-08-11 13:04:35,2026-08-11 13:04:35
220365,1279,WXFC8,COMPRA,238,75.4426,9.5359,2026-08-11 15:50:09,2026-08-11 15:50:11,2026-08-11 15:50:11
220366,2631,RMRT1,COMPRA,4,97.8898,1.7022,2026-08-11 15:32:33,2026-08-11 15:32:33,2026-08-11 15:32:33
220367,3361,JUDG8,COMPRA,180,92.4209,5.9573,2026-08-11 14:26:07,2026-08-11 14:26:07,2026-08-11 14:26:07
220368,1260,HVEX2,COMPRA,255,107.3622,2.7986,2026-08-11 11:41:08,2026-08-11 11:41:09,2026-08-11 11:41:09
220369,2578,HCZM2,COMPRA,365,509.8312,7.9524,2026-08-11 11:32:28,2026-08-11 11:32:31,2026-08-11 11:32:31
220370,3229,QHFL8,COMPRA,260,159.8827,7.9309,2026-08-11 12:48:09,2026-08-11 12:48:09,2026-08-11 12:48:09
220371,2528,KFSY2,COMPRA,115,90.1658,,2026-08-11 16:30:56,2026-08-11 16:30:57,2026-08-11 16:30:57
220372,1808,IZTY4,COMPRA,485,38.6574,11.9173,2026-08-11 13:07:10,2026-08-11 13:07:12,2026-08-11 13:07:12
220373,1599,MCHX2,COMPRA,498,109.8836,11.1904,2026-08-11 12:30:04,2026-08-11 12:30:06,2026-08-11 12:30:06
220374,1593,MCHX2,COMPRA,20,111.0693,0.8961,2026-08-11 10:20:45,2026-08-11 10:20:45,2026-08-11 10:20:45
220375,1737,KFSY2,COMPRA,370,90.8725,1.8428,2026-08-11 17:11:09,2026-08-11 17:11:12,2026-08-11 17:11:12
220376,2609,OVYL9,COMPRA,265,85.0019,7.7751,2026-08-11 13:16:52,2026-08-11 13:16:52,2026-08-11 13:16:52
220377,2922,WXFC8,VENDA,75,105.3900,8.6752,2026-08-11 12:46:05,2026-08-11 12:46:07,2026-08-11 12:46:07
220378,1275,QYBV3,COMPRA,160,75.1583,3.2185,2026-08-11 15:19:48,2026-08-11 15:19:50,2026-08-11 15:19:50
220379,2658,CQIL9,COMPRA,100,45.7393,0.0473,2026-08-11 15:34:54,2026-08-11 15:34:55,2026-08-11 15:34:55
220380,1849,GKQC5,COMPRA,130,156.6276,6.7161,2026-08-11 13:58:51,2026-08-11 13:58:51,2026-08-11 13:58:51
220381,1581,NWGB4,COMPRA,342,111.3945,11.9535,2026-08-11 14:59:04,2026-08-11 14:59:05,2026-08-11 14:59:05
220382,2538,FYZB6,COMPRA,135,61.7743,6.5778,2026-08-11 11:11:56,2026-08-11 11:11:57,2026-08-11 11:11:57
220383,3381,TNHT4,COMPRA,275,143.2928,3.4778,2026-08-11 11:08:18,2026-08-11 11:08:19,2026-08-11 11:08:19
220384,1618,QEUC2,COMPRA,230,145.8102,11.4411,2026-08-11 14:04:33,2026-08-11 14:04:36,2026-08-11 14:04:36
220385,1216,TXHR8,COMPRA,460,65.1247,1.0083,2026-08-11 10:42:22,2026-08-11 10:42:25,2026-08-11 10:42:25
220386,1591,RFNS7,COMPRA,310,84.8120,1.9219,2026-08-11 11:00:41,2026-08-11 11:00:42,2026-08-11 11:00:42
220387,2912,NHYK8,COMPRA,215,73.9061,,2026-08-11 14:40:23,2026-08-11 14:40:26,2026-08-11 14:40:26
220388,2465,WXQM6,COMPRA,190,42.9034,2.0450,2026-08-11 10:25:55,2026-08-11 10:25:58,2026-08-11 10:25:58
220389,1389,WXFC8,COMPRA,290,85.3182,0.2884,2026-08-11 16:10:00,2026-08-11 16:10:00,2026-08-11 16:10:00
220390,2360,ACSV1,COMPRA,60,120.3638,3.7395,2026-08-11 13:48:08,2026-08-11 13:48:11,2026-08-11 13:48:11
220391,2447,JUDG8,COMPRA,27,83.0347,8.4739,2026-08-11 12:27:11,2026-08-11 12:27:13,2026-08-11 12:27:13
220392,2469,QQQS1,COMPRA,450,23.1101,8.8711,2026-08-11 11:13:24,2026-08-11 11:13:26,2026-08-11 11:13:26
220393,2554,WHMT3,COMPRA,65,86.8417,0.9904,2026-08-11 15:29:18,2026-08-11 15:29:19,2026-08-11 15:29:19
220394,3017,QTHQ1,COMPRA,215,22.0604,1.6980,2026-08-11 16:07:18,2026-08-11 16:07:20,2026-08-11 16:07:20
220395,2742,CQIL9,COMPRA,370,42.3631,10.1204,2026-08-11 14:03:34,2026-08-11 14:03:35,2026-08-11 14:03:35
220396,2897,NYGT6,COMPRA,85,110.1629,4.0702,2026-08-11 17:15:14,2026-08-11 17:15:14,2026-08-11 17:15:14
220397,1096,TXHR8,COMPRA,160,98.6350,10.7680,2026-08-11 17:03:41,2026-08-11 17:03:42,2026-08-11 17:03:42
220398,1138,VLEB3,COMPRA,300,355.1657,3.4978,2026-08-11 15:46:09,2026-08-11 15:46:11,2026-08-11 15:46:11
220399,3299,QHFL8,COMPRA,50,150.6666,1.0632,2026-08-11 12:03:14,2026-08-11 12:03:14,2026-08-11 12:03:14
220400,3392,NHYK8,COMPRA,67,66.9101,10.0392,2026-08-11 15:04:15,2026-08-11 15:04:16,2026-08-11 15:04:16
220401,1374,TNHT4,COMPRA,159,96.6014,10.3500,2026-08-11 13:51:51,2026-08-11 13:51:51,2026-08-11 13:51:51
220402,1031,KFSY2,COMPRA,365,104.8318,12.0249,2026-08-11 11:19:50,2026-08-11 11:19:50,2026-08-11 11:19:50
220403,2119,JJVW6,VENDA,145,157.7549,0.0355,2026-08-11 15:25:50,2026-08-11 15:25:53,2026-08-11 15:25:53
220404,1536,TTHO3,COMPRA,150,35.7260,3.2859,2026-08-11 13:06:58,2026-08-11 13:06:58,2026-08-11 13:06:58
220405,1012,YCCK8,COMPRA,25,356.2956,8.2379,2026-08-11 13:30:31,2026-08-11 13:30:33,2026-08-11 13:30:33
220406,2514,AAWB3,COMPRA,50,135.4723,6.8772,2026-08-11 10:06:40,2026-08-11 10:06:41,2026-08-11 10:06:41
220407,2243,ZYVN7,COMPRA,400,78.7512,3.3849,2026-08-11 16:49:58,2026-08-11 16:49:59,2026-08-11 16:49:59
220408,1218,CQJZ4,COMPRA,166,79.3871,6.5393,2026-08-11 14:34:58,2026-08-11 14:35:00,2026-08-11 14:35:00
220409,1783,QATW7,COMPRA,245,45.0050,7.3455,2026-08-11 10:55:34,2026-08-11 10:55:34,2026-08-11 10:55:34
220410,3170,JIPR4,VENDA,355,33.3044,12.8140,2026-08-11 13:12:34,2026-08-11 13:12:37,2026-08-11 13:12:37
220411,1743,ERTC4,COMPRA,410,45.3520,3.9016,2026-08-11 14:22:37,2026-08-11 14:22:39,2026-08-11 14:22:39
220412,1697,OEQA8,COMPRA,280,529.5436,8.8434,2026-08-11 13:34:00,2026-08-11 13:34:01,2026-08-11 13:34:01
220413,2451,CQIL9,COMPRA,262,37.2413,5.4151,2026-08-11 11:50:40,2026-08-11 11:50:43,2026-08-11 11:50:43
220414,2618,XPVA7,COMPRA,295,423.3556,6.1163,2026-08-11 17:23:08,2026-08-11 17:23:09,2026-08-11 17:23:09
220415,1973,TVCE9,COMPRA,10,61.8025,2.2552,2026-08-11 11:04:14,2026-08-11 11:04:15,2026-08-11 11:04:15
220416,1875,XAVL3,COMPRA,15,158.5914,0.6262,2026-08-11 16:53:22,2026-08-11 16:53:23,2026-08-11 16:53:23
220417,1333,ECQD7,COMPRA,430,115.0626,12.3993,2026-08-11 15:54:24,2026-08-11 15:54:25,2026-08-11 15:54:25
220418,3485,FRGH8,COMPRA,120,82.1305,0.0314,2026-08-11 12:57:34,2026-08-11 12:57:34,2026-08-11 12:57:34
220419,3237,HCLJ8,COMPRA,155,113.3898,7.0260,2026-08-11 15:33:33,2026-08-11 15:33:34,2026-08-11 15:33:34
220420,1194,ICSU4,COMPRA,150,115.1035,12.2666,2026-08-11 17:04:14,2026-08-11 17:04:15,2026-08-11 17:04:15
220421,3005,LQML9,COMPRA,90,125.9156,4.9885,2026-08-11 11:32:55,2026-08-11 11:32:55,2026-08-11 11:32:55
220422,2661,QEUC2,COMPRA,110,206.1653,0.2377,2026-08-11 15:48:14,2026-08-11 15:48:17,2026-08-11 15:48:17
220423,2887,OVYL9,COMPRA,350,85.7062,6.3944,2026-08-11 12:04:02,2026-08-11 12:04:05,2026-08-11 12:04:05
220424,2893,XAVL3,COMPRA,460,176.5489,12.0534,2026-08-11 15:29:47,2026-08-11 15:29:50,2026-08-11 15:29:50
220425,1928,XPVA7,COMPRA,155,443.4899,9.3234,2026-08-11 10:00:12,2026-08-11 10:00:14,2026-08-11 10:00:14
220426,3363,DHRM5,COMPRA,435,343.2367,8.1336,2026-08-11 13:26:28,2026-08-11 13:26:29,2026-08-11 13:26:29
220427,2479,QATW7,COMPRA,240,46.6694,5.8848,2026-08-11 15:02:40,2026-08-11 15:02:41,2026-08-11 15:02:41
220428,3130,DHRM5,COMPRA,343,245.2828,11.2288,2026-08-11 16:48:38,2026-08-11 16:48:40,2026-08-11 16:48:40
220429,1343,WMQZ6,COMPRA,15,73.2819,11.2262,2026-08-11 12:12:45,2026-08-11 12:12:46,2026-08-11 12:12:46
220430,2804,IJJK3,COMPRA,235,130.7635,10.0528,2026-08-11 15:41:33,2026-08-11 15:41:35,2026-08-11 15:41:35
220431,3183,OEQA8,COMPRA,50,434.2524,6.8806,2026-08-11 16:06:36,2026-08-11 16:06:38,2026-08-11 16:06:38
220432,2048,ICSU4,COMPRA,250,126.7715,8.1666,2026-08-11 16:44:02,2026-08-11 16:44:02,2026-08-11 16:44:02
220433,1725,DGBT6,COMPRA,115,109.8668,3.4186,2026-08-11 11:48:15,2026-08-11 11:48:17,2026-08-11 11:48:17
220434,1365,WIPB2,COMPRA,435,138.4160,4.5419,2026-08-11 11:59:51,2026-08-11 11:59:54,2026-08-11 11:59:54
220435,1874,QQQS1,VENDA,118,25.5701,10.7788,2026-08-11 14:56:19,2026-08-11 14:56:20,2026-08-11 14:56:20
220436,3074,KFSY2,COMPRA,485,116.4815,5.9429,2026-08-11 15:33:56,2026-08-11 15:33:57,2026-08-11 15:33:57
220437,1006,DFGR7,COMPRA,105,107.5065,9.9138,2026-08-11 15:58:52,2026-08-11 15:58:53,2026-08-11 15:58:53
220438,1785,MCMT2,COMPRA,345,98.3998,3.5684,2026-08-11 10:08:20,2026-08-11 10:08:20,2026-08-11 10:08:20
220439,3261,RMRT1,COMPRA,325,77.5498,9.8850,2026-08-11 11:05:13,2026-08-11 11:05:16,2026-08-11 11:05:16
220440,2617,CQIL9,COMPRA,300,37.6794,6.2141,2026-08-11 11:50:37,2026-08-11 11:50:40,2026-08-11 11:50:40
220441,2672,DSFC9,COMPRA,330,490.7930,12.6613,2026-08-11 14:24:57,2026-08-11 14:24:58,2026-08-11 14:24:58
220442,1499,UVEY5,COMPRA,235,89.6673,11.3677,2026-08-11 13:14:53,2026-08-11 13:14:56,2026-08-11 13:14:56
220443,1604,YYLA4,COMPRA,265,180.3484,9.0961,2026-08-11 16:46:42,2026-08-11 16:46:45,2026-08-11 16:46:45
220444,1566,ERTC4,COMPRA,385,61.0869,12.0941,2026-08-11 16:55:59,2026-08-11 16:56:00,2026-08-11 16:56:00
220445,2999,DFGR7,COMPRA,300,103.6277,5.2949,2026-08-11 10:00:40,2026-08-11 10:00:40,2026-08-11 10:00:40
220446,2715,RFNS7,COMPRA,20,104.8574,5.9361,2026-08-11 12:23:30,2026-08-11 12:23:32,2026-08-11 12:23:32
220447,1330,YYLA4,COMPRA,405,149.1984,12.7053,2026-08-11 14:28:54,2026-08-11 14:28:57,2026-08-11 14:28:57
220448,2749,MCHX2,COMPRA,435,94.0311,7.1517,2026-08-11 12:18:57,2026-08-11 12:18:58,2026-08-11 12:18:58
220449,1044,EEYY9,COMPRA,130,178.9166,5.9476,2026-08-11 12:56:25,2026-08-11 12:56:25,2026-08-11 12:56:25
220450,1019,FRGH8,COMPRA,45,61.0522,0.6450,2026-08-11 11:32:51,2026-08-11 11:32:51,2026-08-11 11:32:51
220451,2484,RSBT4,COMPRA,205,480.6796,4.2973,2026-08-11 14:31:06,2026-08-11 14:31:08,2026-08-11 14:31:08
220452,3492,ICSU4,COMPRA,450,118.7868,0.6553,2026-08-11 14:03:27,2026-08-11 14:03:30,2026-08-11 14:03:30
220453,3303,MCMT2,COMPRA,85,80.6333,1.0286,2026-08-11 16:34:30,2026-08-11 16:34:31,2026-08-11 16:34:31
220454,1347,VLEB3,COMPRA,215,414.2431,1.4595,2026-08-11 12:09:18,2026-08-11 12:09:19,2026-08-11 12:09:19
220455,2066,RYPL6,COMPRA,170,69.7498,5.0865,2026-08-11 10:16:26,2026-08-11 10:16:26,2026-08-11 10:16:26
220456,3254,UQJU7,COMPRA,335,75.3319,7.4154,2026-08-11 12:10:34,2026-08-11 12:10:37,2026-08-11 12:10:37
220457,1535,GAKD5,COMPRA,100,285.1836,2.1580,2026-08-11 14:26:47,2026-08-11 14:26:50,2026-08-11 14:26:50
220458,2239,AAWB3,COMPRA,165,159.6839,8.5579,2026-08-11 15:10:31,2026-08-11 15:10:34,2026-08-11 15:10:34
220459,1098,MCMT2,COMPRA,215,102.2752,4.1042,2026-08-11 16:49:27,2026-08-11 16:49:28,2026-08-11 16:49:28
220460,1734,DSFC9,COMPRA,265,480.6429,7.2485,2026-08-11 12:13:22,2026-08-11 12:13:25,2026-08-11 12:13:25
220461,3464,PZUP8,COMPRA,430,151.6141,3.3698,2026-08-11 17:28:21,2026-08-11 17:28:21,2026-08-11 17:28:21
220462,1461,NAOF3,COMPRA,140,78.8870,,2026-08-11 11:55:00,2026-08-11 11:55:00,2026-08-11 11:55:00
220463,2941,QYBV3,COMPRA,25,87.9211,11.0571,2026-08-11 16:45:13,2026-08-11 16:45:15,2026-08-11 16:45:15
220464,1901,JDJG6,COMPRA,360,89.1672,1.0967,2026-08-11 10:34:21,2026-08-11 10:34:22,2026-08-11 10:34:22
220465,3141,GFDF2,COMPRA,270,107.8065,0.3792,2026-08-11 13:11:01,2026-08-11 13:11:02,2026-08-11 13:11:02
220466,1015,QHFL8,VENDA,340,159.0603,6.7525,2026-08-11 14:23:32,2026-08-11 14:23:35,2026-08-11 14:23:35
220467,2950,GAKD5,COMPRA,127,250.0988,9.7092,2026-08-11 11:25:33,2026-08-11 11:25:33,2026-08-11 11:25:33
220468,1107,QYBV3,COMPRA,370,68.5070,6.2599,2026-08-11 14:04:47,2026-08-11 14:04:50,2026-08-11 14:04:50
220469,1799,NAOF3,COMPRA,172,80.7605,1.6474,2026-08-11 11:16:24,2026-08-11 11:16:24,2026-08-11 11:16:24
220470,3224,XTVW5,COMPRA,200,100.5671,6.4371,2026-08-11 12:00:06,2026-08-11 12:00:09,2026-08-11 12:00:09
220471,2130,IPXK2,COMPRA,161,387.7369,1.8707,2026-08-11 14:40:51,2026-08-11 14:40:51,2026-08-11 14:40:51
220472,3229,MGRR2,COMPRA,40,143.0496,8.5994,2026-08-11 15:04:40,2026-08-11 15:04:41,2026-08-11 15:04:41
220473,2420,RYPL6,COMPRA,290,86.1744,4.9169,2026-08-11 15:55:20,2026-08-11 15:55:23,2026-08-11 15:55:23
220474,1927,MOLF3,COMPRA,422,58.4715,0.0140,2026-08-11 13:55:01,2026-08-11 13:55:01,2026-08-11 13:55:01
220475,1677,XOVY4,COMPRA,145,98.1975,10.8961,2026-08-11 16:44:55,2026-08-11 16:44:58,2026-08-11 16:44:58
220476,1644,KQEO3,COMPRA,30,90.8675,3.9520,2026-08-11 17:28:33,2026-08-11 17:28:34,2026-08-11 17:28:34
220477,2508,JUDG8,COMPRA,30,94.3335,12.4891,2026-08-11 11:11:02,2026-08-11 11:11:02,2026-08-11 11:11:02
220478,2935,ERTC4,COMPRA,450,52.9648,5.2738,2026-08-11 16:54:19,2026-08-11 16:54:20,2026-08-11 16:54:20
220479,2933,ERTC4,COMPRA,330,45.0882,12.6524,2026-08-11 15:04:41,2026-08-11 15:04:41,2026-08-11 15:04:41
220480,2485,UQIQ7,COMPRA,220,93.0571,,2026-08-11 11:59:29,2026-08-11 11:59:31,2026-08-11 11:59:31
220481,2002,NQYT3,COMPRA,140,74.7080,1.8881,2026-08-11 12:15:12,2026-08-11 12:15:14,2026-08-11 12:15:14
220482,2882,NGIU9,COMPRA,135,124.3705,9.7759,2026-08-11 11:00:10,2026-08-11 11:00:13,2026-08-11 11:00:13
220483,3048,LQML9,COMPRA,35,166.2142,11.3932,2026-08-11 11:07:11,2026-08-11 11:07:13,2026-08-11 11:07:13
220484,2783,KFSY2,COMPRA,361,132.5445,10.6393,2026-08-11 15:28:01,2026-08-11 15:28:02,2026-08-11 15:28:02
220485,1252,IJJK3,COMPRA,455,102.3223,10.3268,2026-08-11 17:09:19,2026-08-11 17:09:21,2026-08-11 17:09:21
220486,3297,PSEN6,COMPRA,360,156.9075,8.9538,2026-08-11 10:53:20,2026-08-11 10:53:21,2026-08-11 10:53:21
220487,2688,KFSY2,COMPRA,285,120.9451,5.7383,2026-08-11 11:30:30,2026-08-11 11:30:32,2026-08-11 11:30:32
220488,1060,FRGH8,COMPRA,205,95.2155,9.8586,2026-08-11 15:27:59,2026-08-11 15:27:59,2026-08-11 15:27:59
220489,2640,HVEX2,COMPRA,265,116.3108,2.8475,2026-08-11 10:57:20,2026-08-11 10:57:22,2026-08-11 10:57:22
220490,1946,UVEY5,COMPRA,255,100.5425,2.4435,2026-08-11 14:07:39,2026-08-11 14:07:42,2026-08-11 14:07:42
220491,2388,NHYK8,COMPRA,40,74.9992,1.5399,2026-08-11 15:32:31,2026-08-11 15:32:34,2026-08-11 15:32:34
220492,2187,UYFJ9,COMPRA,291,80.8037,0.6269,2026-08-11 16:19:40,2026-08-11 16:19:42,2026-08-11 16:19:42
220493,1314,YRWH3,COMPRA,295,208.9353,3.0022,2026-08-11 16:05:43,2026-08-11 16:05:44,2026-08-11 16:05:44
220494,1282,SVOZ4,COMPRA,70,44.3783,,2026-08-11 16:59:25,2026-08-11 16:59:28,2026-08-11 16:59:28
220495,2345,YFAH5,COMPRA,420,156.2057,10.3789,2026-08-11 11:54:54,2026-08-11 11:54:56,2026-08-11 11:54:56
220496,2769,NAOF3,COMPRA,485,74.5829,6.8301,2026-08-11 15:44:31,2026-08-11 15:44:32,2026-08-11 15:44:32
220497,1653,RIET5,COMPRA,410,157.9698,1.3196,2026-08-11 13:59:28,2026-08-11 13:59:29,2026-08-11 13:59:29
220498,3037,IJJK3,COMPRA,340,134.4310,5.7725,2026-08-11 16:35:37,2026-08-11 16:35:39,2026-08-11 16:35:39
220499,3354,NQYT3,COMPRA,491,66.3129,5.2934,2026-08-11 10:44:35,2026-08-11 10:44:37,2026-08-11 10:44:37
220500,2238,GKQC5,COMPRA,190,156.4635,10.3898,2026-08-11 11:36:25,2026-08-11 11:36:25,2026-08-11 11:36:25
220501,2489,XAVL3,COMPRA,460,202.0222,5.8512,2026-08-11 10:56:34,2026-08-11 10:56:36,2026-08-11 10:56:36
220502,3489,RDOA3,COMPRA,405,104.8185,12.5388,2026-08-11 10:15:33,2026-08-11 10:15:34,2026-08-11 10:15:34
220503,3476,BXFJ9,COMPRA,175,123.2193,11.4781,2026-08-11 13:11:54,2026-08-11 13:11:54,2026-08-11 13:11:54
220504,2815,CQJZ4,COMPRA,20,100.6834,9.5742,2026-08-11 10:09:40,2026-08-11 10:09:42,2026-08-11 10:09:42
220505,1792,MJDL9,VENDA,30,33.4572,6.2206,2026-08-11 15:40:58,2026-08-11 15:41:00,2026-08-11 15:41:00
220506,2299,GFDF2,COMPRA,89,95.3912,6.2458,2026-08-11 11:41:20,2026-08-11 11:41:23,2026-08-11 11:41:23
220507,1863,MCMT2,COMPRA,65,117.2078,9.0096,2026-08-11 17:18:26,2026-08-11 17:18:27,2026-08-11 17:18:27
220508,2574,IWFI1,COMPRA,220,165.0922,6.4339,2026-08-11 14:25:59,2026-08-11 14:26:01,2026-08-11 14:26:01
220509,1542,RMRT1,COMPRA,5,97.7008,12.7781,2026-08-11 17:17:20,2026-08-11 17:17:20,2026-08-11 17:17:20
220510,1048,MOLF3,COMPRA,325,45.8563,5.7208,2026-08-11 11:35:11,2026-08-11 11:35:13,2026-08-11 11:35:13
220511,2638,NQYT3,COMPRA,230,65.7156,5.4705,2026-08-11 17:22:20,2026-08-11 17:22:21,2026-08-11 17:22:21
220512,2368,ICSU4,COMPRA,341,119.0952,7.8650,2026-08-11 10:56:26,2026-08-11 10:56:28,2026-08-11 10:56:28
220513,2970,GAKD5,COMPRA,47,223.1425,6.9738,2026-08-11 15:54:15,2026-08-11 15:54:15,2026-08-11 15:54:15
220514,1611,QEUC2,COMPRA,40,185.1657,10.3056,2026-08-11 15:04:14,2026-08-11 15:04:14,2026-08-11 15:04:14
220515,2229,HCZM2,VENDA,470,405.7882,5.7682,2026-08-11 13:35:52,2026-08-11 13:35:52,2026-08-11 13:35:52
220516,2028,DGBT6,COMPRA,125,71.1761,8.2938,2026-08-11 11:39:55,2026-08-11 11:39:55,2026-08-11 11:39:55
220517,3371,XLZM9,COMPRA,196,47.4451,4.8834,2026-08-11 13:51:15,2026-08-11 13:51:16,2026-08-11 13:51:16
220518,2857,OVYL9,COMPRA,280,87.6159,3.6090,2026-08-11 14:40:11,2026-08-11 14:40:14,2026-08-11 14:40:14
220519,1216,QTDZ2,COMPRA,500,52.8731,1.2381,2026-08-11 15:42:27,2026-08-11 15:42:27,2026-08-11 15:42:27
220520,3030,IZTY4,COMPRA,90,38.0727,0.7274,2026-08-11 17:11:12,2026-08-11 17:11:13,2026-08-11 17:11:13
220521,1505,XOVY4,COMPRA,415,98.3276,5.7611,2026-08-11 11:36:12,2026-08-11 11:36:13,2026-08-11 11:36:13
220522,1208,TTHO3,COMPRA,70,32.6623,4.7087,2026-08-11 16:59:11,2026-08-11 16:59:13,2026-08-11 16:59:13
220523,1429,YCCK8,COMPRA,181,315.4061,12.7101,2026-08-11 11:17:16,2026-08-11 11:17:16,2026-08-11 11:17:16
220524,2032,UYFJ9,COMPRA,310,112.4393,11.6280,2026-08-11 14:41:07,2026-08-11 14:41:09,2026-08-11 14:41:09
220525,3390,RSBT4,COMPRA,268,471.6418,2.6796,2026-08-11 12:24:13,2026-08-11 12:24:13,2026-08-11 12:24:13
220526,3413,BOCS8,COMPRA,360,53.6955,9.4270,2026-08-11 11:22:46,2026-08-11 11:22:46,2026-08-11 11:22:46
220527,2770,RDOA3,COMPRA,86,72.7446,9.7957,2026-08-11 15:47:42,2026-08-11 15:47:45,2026-08-11 15:47:45
220528,1797,NQYT3,COMPRA,500,72.3353,0.9614,2026-08-11 12:56:01,2026-08-11 12:56:04,2026-08-11 12:56:04
220529,2798,YYLA4,COMPRA,365,183.7779,9.3237,2026-08-11 15:35:31,2026-08-11 15:35:34,2026-08-11 15:35:34
220530,2527,NPEM3,COMPRA,480,114.2297,6.3377,2026-08-11 14:39:14,2026-08-11 14:39:16,2026-08-11 14:39:16
220531,1233,NUJZ2,COMPRA,420,33.6206,5.1122,2026-08-11 16:29:34,2026-08-11 16:29:35,2026-08-11 16:29:35
220532,1670,EEYY9,COMPRA,110,193.3636,8.1003,2026-08-11 10:40:29,2026-08-11 10:40:32,2026-08-11 10:40:32
220533,1586,TNHT4,COMPRA,349,95.2226,11.1490,2026-08-11 13:52:57,2026-08-11 13:52:57,2026-08-11 13:52:57
220534,1573,JDJG6,COMPRA,231,86.8521,3.2861,2026-08-11 16:02:27,2026-08-11 16:02:30,2026-08-11 16:02:30
220535,1014,NYGT6,COMPRA,365,103.7168,2.9093,2026-08-11 11:58:16,2026-08-11 11:58:17,2026-08-11 11:58:17
220536,3211,TXHR8,COMPRA,275,97.7489,9.3993,2026-08-11 14:27:41,2026-08-11 14:27:43,2026-08-11 14:27:43
220537,1872,MWVU7,COMPRA,485,89.5552,10.6795,2026-08-11 12:41:50,2026-08-11 12:41:51,2026-08-11 12:41:51
220538,2594,JIPA6,COMPRA,30,29.6950,4.2259,2026-08-11 11:38:32,2026-08-11 11:38:33,2026-08-11 11:38:33
220539,1301,IWFI1,COMPRA,335,131.1031,5.5734,2026-08-11 17:05:05,2026-08-11 17:05:08,2026-08-11 17:05:08
220540,3021,ZFBT3,COMPRA,10,101.2098,3.5240,2026-08-11 16:07:36,2026-08-11 16:07:39,2026-08-11 16:07:39
220541,3228,RHXV4,COMPRA,130,69.2418,10.2465,2026-08-11 13:29:37,2026-08-11 13:29:39,2026-08-11 13:29:39
220542,2261,SVOZ4,COMPRA,440,38.2458,,2026-08-11 11:09:59,2026-08-11 11:10:00,2026-08-11 11:10:00
220543,1050,OEQA8,COMPRA,305,509.4569,10.3735,2026-08-11 13:01:22,2026-08-11 13:01:23,2026-08-11 13:01:23
220544,3215,JJVW6,COMPRA,384,102.0041,12.7667,2026-08-11 14:40:02,2026-08-11 14:40:05,2026-08-11 14:40:05
220545,2548,ZFBT3,COMPRA,409,126.4019,2.8911,2026-08-11 16:02:52,2026-08-11 16:02:52,2026-08-11 16:02:52
220546,2973,JIPR4,COMPRA,108,27.8526,2.1885,2026-08-11 15:09:04,2026-08-11 15:09:05,2026-08-11 15:09:05
220547,3315,YFAH5,COMPRA,115,193.4974,1.2783,2026-08-11 14:10:58,2026-08-11 14:11:00,2026-08-11 14:11:00
220548,3284,AAUA7,COMPRA,470,111.3578,2.3654,2026-08-11 11:17:59,2026-08-11 11:17:59,2026-08-11 11:17:59
220549,3400,DGBT6,COMPRA,100,103.7291,3.8266,2026-08-11 16:30:19,2026-08-11 16:30:21,2026-08-11 16:30:21
220550,2560,ZYVN7,COMPRA,140,66.7502,0.2508,2026-08-11 17:18:11,2026-08-11 17:18:14,2026-08-11 17:18:14
220551,1221,QHFL8,COMPRA,464,174.7164,11.9425,2026-08-11 11:01:52,2026-08-11 11:01:54,2026-08-11 11:01:54
220552,1975,UFMA7,COMPRA,100,141.1780,0.5120,2026-08-11 14:56:43,2026-08-11 14:56:43,2026-08-11 14:56:43
220553,1494,IWAK1,COMPRA,263,87.4945,8.2179,2026-08-11 11:16:17,2026-08-11 11:16:19,2026-08-11 11:16:19
220554,1260,HJRH5,COMPRA,270,152.9047,1.4275,2026-08-11 13:35:57,2026-08-11 13:36:00,2026-08-11 13:36:00
220555,2704,YIHC3,COMPRA,265,52.3851,2.0458,2026-08-11 16:50:02,2026-08-11 16:50:02,2026-08-11 16:50:02
220556,2791,ECQD7,COMPRA,30,91.2175,9.6187,2026-08-11 15:15:20,2026-08-11 15:15:22,2026-08-11 15:15:22
220557,1225,YRWH3,COMPRA,455,236.8007,11.5039,2026-08-11 11:35:41,2026-08-11 11:35:44,2026-08-11 11:35:44
220558,1412,DFGR7,COMPRA,445,91.6918,6.4612,2026-08-11 12:08:23,2026-08-11 12:08:26,2026-08-11 12:08:26
220559,2309,JDJG6,COMPRA,400,65.7336,12.3908,2026-08-11 11:28:53,2026-08-11 11:28:53,2026-08-11 11:28:53
220560,2228,JUDG8,COMPRA,200,89.9740,11.0217,2026-08-11 15:28:18,2026-08-11 15:28:20,2026-08-11 15:28:20
220561,2095,ZAAS7,COMPRA,135,471.1547,6.8160,2026-08-11 10:27:03,2026-08-11 10:27:06,2026-08-11 10:27:06
220562,1188,YFAH5,COMPRA,130,143.8769,3.9689,2026-08-11 17:01:06,2026-08-11 17:01:07,2026-08-11 17:01:07
220563,2167,WIPB2,COMPRA,45,106.4549,1.2646,2026-08-11 10:06:32,2026-08-11 10:06:33,2026-08-11 10:06:33
220564,2267,TVCE9,COMPRA,340,73.3627,9.4748,2026-08-11 16:37:12,2026-08-11 16:37:13,2026-08-11 16:37:13
220565,2817,YRWH3,COMPRA,15,193.5858,1.7265,2026-08-11 13:04:26,2026-08-11 13:04:29,2026-08-11 13:04:29
220566,2859,WIPB2,COMPRA,325,134.8988,10.9735,2026-08-11 15:05:54,2026-08-11 15:05:54,2026-08-11 15:05:54
220567,3150,ZFBT3,COMPRA,400,125.9338,9.2237,2026-08-11 13:43:34,2026-08-11 13:43:36,2026-08-11 13:43:36
220568,2632,VLEB3,COMPRA,190,440.4868,1.9309,2026-08-11 15:18:51,2026-08-11 15:18:53,2026-08-11 15:18:53
220569,2157,FIUW1,COMPRA,495,101.4659,10.4264,2026-08-11 11:10:24,2026-08-11 11:10:24,2026-08-11 11:10:24
220570,1152,PBZM6,COMPRA,430,65.4579,1.6074,2026-08-11 14:56:27,2026-08-11 14:56:28,2026-08-11 14:56:28
220571,1317,WXQM6,COMPRA,425,44.3435,5.4489,2026-08-11 12:42:20,2026-08-11 12:42:22,2026-08-11 12:42:22
220572,2822,WHMT3,COMPRA,451,107.9059,2.1815,2026-08-11 14:26:51,2026-08-11 14:26:51,2026-08-11 14:26:51
220573,3048,UCHR6,VENDA,45,441.5249,10.8290,2026-08-11 13:37:42,2026-08-11 13:37:43,2026-08-11 13:37:43
220574,3095,UYFJ9,COMPRA,420,110.4518,,2026-08-11 16:42:47,2026-08-11 16:42:49,2026-08-11 16:42:49
220575,2986,BGNM6,COMPRA,47,105.1272,3.6487,2026-08-11 15:49:42,2026-08-11 15:49:43,2026-08-11 15:49:43
220576,2648,ERTC4,COMPRA,235,57.3403,1.3263,2026-08-11 13:21:12,2026-08-11 13:21:13,2026-08-11 13:21:13
220577,1427,VLEB3,COMPRA,480,335.9805,8.6227,2026-08-11 12:04:33,2026-08-11 12:04:36,2026-08-11 12:04:36
220578,2799,XAVL3,COMPRA,30,230.3411,1.1441,2026-08-11 12:02:48,2026-08-11 12:02:51,2026-08-11 12:02:51
220579,3411,LGKU6,VENDA,440,72.2319,3.0313,2026-08-11 12:50:13,2026-08-11 12:50:15,2026-08-11 12:50:15
220580,1732,OVUQ2,COMPRA,92,57.1411,0.8234,2026-08-11 15:56:22,2026-08-11 15:56:25,2026-08-11 15:56:25
220581,3501,IZTY4,COMPRA,55,31.2338,9.7681,2026-08-11 13:54:34,2026-08-11 13:54:37,2026-08-11 13:54:37
220582,2103,NHYK8,COMPRA,375,59.0456,1.3044,2026-08-11 14:00:41,2026-08-11 14:00:41,2026-08-11 14:00:41
220583,1549,SUZL4,COMPRA,495,149.1712,0.6902,2026-08-11 14:47:50,2026-08-11 14:47:53,2026-08-11 14:47:53
220584,2394,PZUP8,COMPRA,146,171.7647,7.7232,2026-08-11 12:42:45,2026-08-11 12:42:46,2026-08-11 12:42:46
220585,2161,NHYK8,COMPRA,495,75.8691,8.8256,2026-08-11 13:03:32,2026-08-11 13:03:33,2026-08-11 13:03:33
220586,2023,RMRT1,COMPRA,179,113.8298,7.0708,2026-08-11 11:12:55,2026-08-11 11:12:55,2026-08-11 11:12:55
220587,1854,DHRM5,COMPRA,121,265.8508,5.1712,2026-08-11 17:09:14,2026-08-11 17:09:15,2026-08-11 17:09:15
220588,3023,ZAAS7,COMPRA,140,356.1792,2.3302,2026-08-11 10:49:08,2026-08-11 10:49:08,2026-08-11 10:49:08
220589,2634,FRGH8,COMPRA,253,72.1513,0.5096,2026-08-11 15:10:06,2026-08-11 15:10:06,2026-08-11 15:10:06
220590,1941,JIPR4,COMPRA,100,28.3097,0.5461,2026-08-11 10:55:55,2026-08-11 10:55:57,2026-08-11 10:55:57
220591,1209,NHYK8,COMPRA,135,78.2667,11.2057,2026-08-11 10:13:13,2026-08-11 10:13:14,2026-08-11 10:13:14
220592,2312,BGNM6,COMPRA,430,81.4733,5.4784,2026-08-11 10:43:08,2026-08-11 10:43:10,2026-08-11 10:43:10
220593,1650,XAVL3,COMPRA,47,218.2066,10.2306,2026-08-11 15:37:54,2026-08-11 15:37:57,2026-08-11 15:37:57
220594,1478,AYFQ2,COMPRA,335,14.8550,7.9719,2026-08-11 11:35:21,2026-08-11 11:35:22,2026-08-11 11:35:22
220595,1969,GFDF2,VENDA,300,108.3536,2.8078,2026-08-11 11:55:29,2026-08-11 11:55:31,2026-08-11 11:55:31
220596,2368,NYGT6,COMPRA,70,92.8914,4.7640,2026-08-11 12:24:01,2026-08-11 12:24:03,2026-08-11 12:24:03
220597,1692,MJDL9,COMPRA,405,32.2171,8.9259,2026-08-11 16:05:09,2026-08-11 16:05:11,2026-08-11 16:05:11
220598,3340,IWFI1,COMPRA,25,193.7030,2.3397,2026-08-11 13:26:10,2026-08-11 13:26:10,2026-08-11 13:26:10
220599,1948,WMQZ6,VENDA,103,73.9705,2.8506,2026-08-11 12:10:57,2026-08-11 12:11:00,2026-08-11 12:11:00
220600,3364,NGIU9,COMPRA,300,127.2709,0.6682,2026-08-11 13:43:02,2026-08-11 13:43:05,2026-08-11 13:43:05
220601,2005,MWVU7,COMPRA,395,70.1152,1.4731,2026-08-11 11:38:47,2026-08-11 11:38:49,2026-08-11 11:38:49
220602,1391,ENRZ2,COMPRA,460,114.6295,3.8251,2026-08-11 10:39:46,2026-08-11 10:39:47,2026-08-11 10:39:47
220603,2867,NQYT3,COMPRA,340,69.7501,8.9511,2026-08-11 12:58:07,2026-08-11 12:58:07,2026-08-11 12:58:07
220604,1563,CQJZ4,COMPRA,345,96.2366,11.6103,2026-08-11 11:08:08,2026-08-11 11:08:11,2026-08-11 11:08:11
220605,1980,FIUW1,COMPRA,346,130.9101,4.3154,2026-08-11 16:39:08,2026-08-11 16:39:09,2026-08-11 16:39:09
220606,1473,LGKU6,COMPRA,435,81.1211,1.2597,2026-08-11 13:56:19,2026-08-11 13:56:19,2026-08-11 13:56:19
220607,2966,DHRM5,COMPRA,95,344.0154,9.8094,2026-08-11 16:27:24,2026-08-11 16:27:24,2026-08-11 16:27:24
220608,3055,XAVL3,COMPRA,125,188.6562,2.4714,2026-08-11 10:23:50,2026-08-11 10:23:51,2026-08-11 10:23:51
220609,2508,LIEG8,COMPRA,450,94.0606,8.4395,2026-08-11 12:22:12,2026-08-11 12:22:15,2026-08-11 12:22:15
220610,2818,GKQC5,COMPRA,245,151.2989,2.4880,2026-08-11 10:40:07,2026-08-11 10:40:08,2026-08-11 10:40:08
220611,2817,JIPA6,COMPRA,389,30.4690,3.7059,2026-08-11 14:18:25,2026-08-11 14:18:26,2026-08-11 14:18:26
220612,1397,CQIL9,COMPRA,421,44.3613,0.5789,2026-08-11 10:01:42,2026-08-11 10:01:43,2026-08-11 10:01:43
220613,2228,WXFC8,COMPRA,40,83.0032,2.3635,2026-08-11 12:14:04,2026-08-11 12:14:04,2026-08-11 12:14:04
220614,1722,ICSU4,COMPRA,455,170.9078,4.8521,2026-08-11 17:26:04,2026-08-11 17:26:07,2026-08-11 17:26:07
220615,1063,ICSU4,COMPRA,480,107.4854,11.8864,2026-08-11 11:24:02,2026-08-11 11:24:02,2026-08-11 11:24:02
220616,2380,TVCE9,COMPRA,279,78.2474,6.3738,2026-08-11 14:02:41,2026-08-11 14:02:42,2026-08-11 14:02:42
220617,2438,CQIL9,COMPRA,355,43.3820,10.7583,2026-08-11 10:00:42,2026-08-11 10:00:45,2026-08-11 10:00:45
220618,2661,MJDL9,COMPRA,480,40.1208,5.6821,2026-08-11 17:29:56,2026-08-11 17:29:56,2026-08-11 17:29:56
220619,1751,WMQZ6,COMPRA,10,60.5511,9.2073,2026-08-11 15:26:59,2026-08-11 15:27:00,2026-08-11 15:27:00
220620,2516,FRGH8,COMPRA,75,84.7498,12.5517,2026-08-11 15:38:47,2026-08-11 15:38:47,2026-08-11 15:38:47
220621,1903,PQUT9,COMPRA,180,88.0934,11.7885,2026-08-11 13:13:55,2026-08-11 13:13:57,2026-08-11 13:13:57
220622,2296,MJDL9,COMPRA,123,42.3586,4.2378,2026-08-11 15:25:52,2026-08-11 15:25:55,2026-08-11 15:25:55
220623,2145,JJVW6,COMPRA,250,114.5606,10.6059,2026-08-11 12:07:47,2026-08-11 12:07:47,2026-08-11 12:07:47
220624,3469,XTVW5,COMPRA,80,106.6156,12.4946,2026-08-11 15:33:18,2026-08-11 15:33:18,2026-08-11 15:33:18
220625,3179,MCMT2,COMPRA,155,85.0033,6.0971,2026-08-11 10:57:52,2026-08-11 10:57:55,2026-08-11 10:57:55
220626,3070,OVUQ2,VENDA,235,48.4575,4.5164,2026-08-11 16:27:54,2026-08-11 16:27:54,2026-08-11 16:27:54
220627,1377,JIPR4,COMPRA,210,28.0993,7.4573,2026-08-11 17:26:53,2026-08-11 17:26:55,2026-08-11 17:26:55
220628,2778,WXFC8,COMPRA,135,87.8593,10.9767,2026-08-11 13:41:56,2026-08-11 13:41:58,2026-08-11 13:41:58
220629,3204,RFNS7,COMPRA,160,99.4093,7.2581,2026-08-11 16:25:31,2026-08-11 16:25:31,2026-08-11 16:25:31
220630,2490,KQEO3,COMPRA,345,66.8205,4.2568,2026-08-11 11:12:45,2026-08-11 11:12:47,2026-08-11 11:12:47
220631,2604,SRDU1,COMPRA,420,90.5244,1.5961,2026-08-11 11:01:18,2026-08-11 11:01:21,2026-08-11 11:01:21
220632,1930,QTDZ2,COMPRA,234,44.3007,4.4908,2026-08-11 10:17:43,2026-08-11 10:17:44,2026-08-11 10:17:44
220633,1815,YYLA4,COMPRA,375,156.3273,3.8395,2026-08-11 11:08:53,2026-08-11 11:08:55,2026-08-11 11:08:55
220634,3103,WXQM6,COMPRA,215,56.6040,8.1994,2026-08-11 14:18:20,2026-08-11 14:18:20,2026-08-11 14:18:20
220635,3507,MCHX2,COMPRA,112,88.1083,11.5795,2026-08-11 16:00:31,2026-08-11 16:00:33,2026-08-11 16:00:33
220636,2077,CQJZ4,COMPRA,182,97.6997,5.9224,2026-08-11 10:38:35,2026-08-11 10:38:37,2026-08-11 10:38:37
220637,2202,FIUW1,COMPRA,280,132.1584,2.0406,2026-08-11 13:02:05,2026-08-11 13:02:08,2026-08-11 13:02:08
220638,1142,MCMT2,COMPRA,315,111.9406,8.7377,2026-08-11 15:38:08,2026-08-11 15:38:08,2026-08-11 15:38:08
220639,3530,LIEG8,COMPRA,60,111.0895,3.8546,2026-08-11 10:16:06,2026-08-11 10:16:09,2026-08-11 10:16:09
220640,2883,UCHR6,COMPRA,240,521.6628,9.9484,2026-08-11 10:40:06,2026-08-11 10:40:06,2026-08-11 10:40:06
220641,2459,MWVU7,COMPRA,420,80.5573,7.4069,2026-08-11 11:28:28,2026-08-11 11:28:30,2026-08-11 11:28:30
220642,1208,RIET5,COMPRA,310,143.4367,6.2363,2026-08-11 13:49:56,2026-08-11 13:49:56,2026-08-11 13:49:56
220643,1112,IZTY4,COMPRA,190,38.1055,3.8080,2026-08-11 17:14:44,2026-08-11 17:14:46,2026-08-11 17:14:46
220644,1429,KQEO3,COMPRA,375,68.6110,12.2849,2026-08-11 17:06:14,2026-08-11 17:06:15,2026-08-11 17:06:15
220645,1088,NGIU9,COMPRA,200,96.0322,4.5845,2026-08-11 16:34:03,2026-08-11 16:34:03,2026-08-11 16:34:03
220646,2081,PZUP8,COMPRA,55,187.7613,10.0989,2026-08-11 10:28:31,2026-08-11 10:28:32,2026-08-11 10:28:32
220647,2575,LIEG8,COMPRA,325,82.9834,10.8970,2026-08-11 12:52:25,2026-08-11 12:52:28,2026-08-11 12:52:28
220648,1895,MWVU7,COMPRA,145,91.0960,5.8483,2026-08-11 15:47:45,2026-08-11 15:47:47,2026-08-11 15:47:47
220649,1705,BGNM6,COMPRA,190,92.8783,10.7803,2026-08-11 10:10:11,2026-08-11 10:10:12,2026-08-11 10:10:12
220650,2100,ENRZ2,COMPRA,365,85.7704,6.6970,2026-08-11 16:24:48,2026-08-11 16:24:51,2026-08-11 16:24:51
220651,2585,LCCH9,VENDA,105,7.4173,2.0281,2026-08-11 12:38:47,2026-08-11 12:38:49,2026-08-11 12:38:49
220652,1207,WXQM6,COMPRA,269,42.7376,9.2530,2026-08-11 14:32:58,2026-08-11 14:32:58,2026-08-11 14:32:58
220653,2815,QQQS1,COMPRA,395,26.5028,9.9377,2026-08-11 12:13:59,2026-08-11 12:14:02,2026-08-11 12:14:02
220654,1372,OEQA8,COMPRA,245,368.1076,5.9434,2026-08-11 13:06:40,2026-08-11 13:06:43,2026-08-11 13:06:43
220655,2436,ACSV1,COMPRA,107,109.3305,5.8265,2026-08-11 14:21:54,2026-08-11 14:21:55,2026-08-11 14:21:55
220656,1719,DFGR7,COMPRA,470,78.8177,3.7773,2026-08-11 11:20:21,2026-08-11 11:20:24,2026-08-11 11:20:24
220657,2031,PSEN6,COMPRA,335,192.1655,5.4680,2026-08-11 13:12:57,2026-08-11 13:12:57,2026-08-11 13:12:57
220658,1840,JDJG6,COMPRA,390,80.9662,11.4034,2026-08-11 17:06:36,2026-08-11 17:06:36,2026-08-11 17:06:36
220659,2270,LCCH9,COMPRA,320,7.7021,7.5949,2026-08-11 10:33:59,2026-08-11 10:34:01,2026-08-11 10:34:01
220660,2031,XAVL3,COMPRA,150,170.2011,4.7271,2026-08-11 11:28:03,2026-08-11 11:28:06,2026-08-11 11:28:06
220661,2894,UCHR6,COMPRA,470,376.9606,1.5197,2026-08-11 12:07:33,2026-08-11 12:07:33,2026-08-11 12:07:33
220662,1442,GKQC5,COMPRA,119,145.6092,0.1821,2026-08-11 10:57:25,2026-08-11 10:57:28,2026-08-11 10:57:28
220663,1116,GFDF2,COMPRA,55,68.4401,4.4296,2026-08-11 13:35:19,2026-08-11 13:35:20,2026-08-11 13:35:20
220664,2982,RSBT4,COMPRA,230,341.7556,4.0005,2026-08-11 17:00:13,2026-08-11 17:00:14,2026-08-11 17:00:14
220665,1288,QATW7,COMPRA,435,41.6190,8.7349,2026-08-11 13:38:34,2026-08-11 13:38:37,2026-08-11 13:38:37
220666,1946,SUZL4,COMPRA,30,126.3278,0.9603,2026-08-11 14:32:57,2026-08-11 14:32:57,2026-08-11 14:32:57
220667,1714,OXVD8,COMPRA,395,90.6117,9.7089,2026-08-11 12:51:32,2026-08-11 12:51:32,2026-08-11 12:51:32
220668,2353,IWFI1,COMPRA,125,131.5437,11.9631,2026-08-11 11:17:11,2026-08-11 11:17:12,2026-08-11 11:17:12
220669,2059,NUJZ2,COMPRA,480,37.4138,0.7658,2026-08-11 16:14:58,2026-08-11 16:14:59,2026-08-11 16:14:59
220670,2842,YFAH5,COMPRA,115,197.7460,0.7496,2026-08-11 17:29:58,2026-08-11 17:30:01,2026-08-11 17:30:01
220671,3405,BOCS8,COMPRA,440,58.9915,7.5736,2026-08-11 15:56:55,2026-08-11 15:56:55,2026-08-11 15:56:55
220672,1962,NPEM3,COMPRA,10,89.0656,6.0226,2026-08-11 10:09:34,2026-08-11 10:09:36,2026-08-11 10:09:36
220673,1208,GAKD5,COMPRA,99,311.4743,5.1195,2026-08-11 12:34:24,2026-08-11 12:34:24,2026-08-11 12:34:24
220674,2056,FRGH8,COMPRA,12,64.9065,8.0367,2026-08-11 14:06:26,2026-08-11 14:06:26,2026-08-11 14:06:26
220675,1116,QQQS1,COMPRA,390,26.2403,9.2486,2026-08-11 11:38:32,2026-08-11 11:38:34,2026-08-11 11:38:34
220676,3008,RYPL6,COMPRA,350,107.5727,0.4811,2026-08-11 17:15:14,2026-08-11 17:15:16,2026-08-11 17:15:16
220677,2270,IPXK2,COMPRA,6,343.2252,11.8287,2026-08-11 11:43:30,2026-08-11 11:43:30,2026-08-11 11:43:30
220678,2460,ICSU4,COMPRA,495,161.2531,6.7267,2026-08-11 16:01:09,2026-08-11 16:01:11,2026-08-11 16:01:11
220679,1560,XAVL3,COMPRA,268,185.1927,5.0553,2026-08-11 11:13:09,2026-08-11 11:13:11,2026-08-11 11:13:11
220680,2081,NHYK8,COMPRA,60,63.5579,4.3592,2026-08-11 14:39:37,2026-08-11 14:39:40,2026-08-11 14:39:40
220681,2175,FIUW1,COMPRA,140,86.1541,3.2237,2026-08-11 12:59:56,2026-08-11 12:59:56,2026-08-11 12:59:56
220682,1258,IWFI1,COMPRA,290,155.8175,6.0577,2026-08-11 15:03:18,2026-08-11 15:03:21,2026-08-11 15:03:21
220683,2170,UCHR6,COMPRA,495,367.8767,7.8315,2026-08-11 15:57:55,2026-08-11 15:57:58,2026-08-11 15:57:58
220684,1607,YIHC3,COMPRA,280,57.7408,8.1253,2026-08-11 16:05:17,2026-08-11 16:05:20,2026-08-11 16:05:20
220685,1719,PZUP8,COMPRA,210,128.7939,6.7036,2026-08-11 14:18:44,2026-08-11 14:18:44,2026-08-11 14:18:44
220686,2939,RDOA3,COMPRA,455,98.1174,12.7700,2026-08-11 15:30:37,2026-08-11 15:30:39,2026-08-11 15:30:39
220687,1660,RHXV4,COMPRA,125,51.7541,5.1880,2026-08-11 10:26:15,2026-08-11 10:26:16,2026-08-11 10:26:16
220688,2698,WXQM6,COMPRA,105,54.1612,4.6452,2026-08-11 13:06:23,2026-08-11 13:06:23,2026-08-11 13:06:23
220689,2125,LGKU6,COMPRA,295,77.5731,10.9544,2026-08-11 15:09:16,2026-08-11 15:09:16,2026-08-11 15:09:16
220690,1973,JJVW6,COMPRA,78,101.7424,9.8157,2026-08-11 10:05:28,2026-08-11 10:05:30,2026-08-11 10:05:30
220691,2441,QTDZ2,COMPRA,405,58.7638,2.6024,2026-08-11 17:21:22,2026-08-11 17:21:23,2026-08-11 17:21:23
220692,3483,UFIU3,COMPRA,350,76.4202,3.6434,2026-08-11 13:55:38,2026-08-11 13:55:38,2026-08-11 13:55:38
220693,2471,ZAAS7,COMPRA,302,485.8725,0.8142,2026-08-11 10:44:34,2026-08-11 10:44:35,2026-08-11 10:44:35
220694,3341,PBZM6,COMPRA,418,58.4317,8.2757,2026-08-11 11:37:33,2026-08-11 11:37:33,2026-08-11 11:37:33
220695,2976,OXVD8,COMPRA,265,99.6369,11.3864,2026-08-11 10:46:26,2026-08-11 10:46:27,2026-08-11 10:46:27
220696,1772,XTVW5,COMPRA,465,85.4732,9.1915,2026-08-11 13:44:31,2026-08-11 13:44:34,2026-08-11 13:44:34
220697,2606,NHYK8,COMPRA,315,77.3714,10.3827,2026-08-11 16:54:41,2026-08-11 16:54:44,2026-08-11 16:54:44
220698,1506,BSDJ7,COMPRA,435,226.8637,6.6078,2026-08-11 10:30:26,2026-08-11 10:30:28,2026-08-11 10:30:28
220699,2930,IJJK3,COMPRA,207,100.8957,7.1333,2026-08-11 16:18:56,2026-08-11 16:18:58,2026-08-11 16:18:58
220700,1935,PZUP8,COMPRA,265,139.9590,4.2061,2026-08-11 17:00:15,2026-08-11 17:00:16,2026-08-11 17:00:16
220701,2850,XLZM9,COMPRA,200,57.7741,6.2605,2026-08-11 11:38:36,2026-08-11 11:38:39,2026-08-11 11:38:39
220702,2818,SVOZ4,COMPRA,70,39.7623,0.5459,2026-08-11 10:17:35,2026-08-11 10:17:35,2026-08-11 10:17:35
220703,1263,NQYT3,COMPRA,266,59.0940,8.3615,2026-08-11 15:02:01,2026-08-11 15:02:01,2026-08-11 15:02:01
220704,2479,TTHO3,COMPRA,495,37.5415,11.5725,2026-08-11 10:36:45,2026-08-11 10:36:46,2026-08-11 10:36:46
220705,1744,IZTY4,COMPRA,170,30.4448,3.7508,2026-08-11 11:20:32,2026-08-11 11:20:34,2026-08-11 11:20:34
220706,2577,MCHX2,COMPRA,410,87.9447,1.2368,2026-08-11 15:57:50,2026-08-11 15:57:53,2026-08-11 15:57:53
220707,1876,JUDG8,COMPRA,225,76.4080,5.8040,2026-08-11 11:27:47,2026-08-11 11:27:50,2026-08-11 11:27:50
220708,2497,ZHTL2,COMPRA,480,56.3633,0.5982,2026-08-11 12:46:53,2026-08-11 12:46:55,2026-08-11 12:46:55
220709,2082,ECQD7,VENDA,335,99.5954,2.2650,2026-08-11 14:32:34,2026-08-11 14:32:36,2026-08-11 14:32:36
220710,3023,NHYK8,COMPRA,395,82.4454,1.7061,2026-08-11 10:14:20,2026-08-11 10:14:20,2026-08-11 10:14:20
220711,1581,RSBT4,COMPRA,499,322.1161,0.7959,2026-08-11 12:27:45,2026-08-11 12:27:48,2026-08-11 12:27:48
220712,2125,DEGN5,COMPRA,500,100.8530,0.4518,2026-08-11 12:24:24,2026-08-11 12:24:27,2026-08-11 12:24:27
220713,1503,OXVD8,COMPRA,470,80.7601,3.5411,2026-08-11 15:13:12,2026-08-11 15:13:13,2026-08-11 15:13:13
220714,1473,PQUT9,COMPRA,435,76.0058,0.7507,2026-08-11 10:04:33,2026-08-11 10:04:35,2026-08-11 10:04:35
220715,3184,JUDG8,COMPRA,100,100.6604,8.4534,2026-08-11 14:38:36,2026-08-11 14:38:38,2026-08-11 14:38:38
220716,1207,AAWB3,COMPRA,30,177.5655,3.9266,2026-08-11 11:31:50,2026-08-11 11:31:50,2026-08-11 11:31:50
220717,3115,BSDJ7,COMPRA,215,298.6967,11.2702,2026-08-11 11:09:18,2026-08-11 11:09:19,2026-08-11 11:09:19
220718,1354,NQYT3,COMPRA,220,53.4794,6.0217,2026-08-11 15:41:47,2026-08-11 15:41:50,2026-08-11 15:41:50
220719,2587,GULD2,COMPRA,500,128.6266,10.8728,2026-08-11 10:54:52,2026-08-11 10:54:55,2026-08-11 10:54:55
220720,2227,AAUA7,COMPRA,80,106.4597,12.3722,2026-08-11 12:24:58,2026-08-11 12:24:58,2026-08-11 12:24:58
220721,2101,ZFBT3,COMPRA,80,112.0020,9.5520,2026-08-11 11:25:22,2026-08-11 11:25:25,2026-08-11 11:25:25
220722,3492,UCHR6,COMPRA,3,325.8879,7.2730,2026-08-11 16:23:44,2026-08-11 16:23:47,2026-08-11 16:23:47
220723,2023,MJDL9,COMPRA,332,38.6408,9.3497,2026-08-11 12:13:21,2026-08-11 12:13:22,2026-08-11 12:13:22
220724,2385,PZUP8,COMPRA,385,146.7010,0.8936,2026-08-11 12:31:11,2026-08-11 12:31:13,2026-08-11 12:31:13
220725,1848,ZAAS7,COMPRA,300,438.0767,1.2148,2026-08-11 16:41:57,2026-08-11 16:42:00,2026-08-11 16:42:00
220726,2926,HVEX2,COMPRA,498,149.1766,7.2893,2026-08-11 12:16:34,2026-08-11 12:16:35,2026-08-11 12:16:35
220727,2562,IPXK2,COMPRA,125,317.4897,4.1219,2026-08-11 12:20:01,2026-08-11 12:20:04,2026-08-11 12:20:04
220728,1957,NREP8,COMPRA,385,122.6924,6.5096,2026-08-11 10:00:40,2026-08-11 10:00:42,2026-08-11 10:00:42
220729,1941,UQJU7,COMPRA,135,72.8783,11.0532,2026-08-11 10:33:24,2026-08-11 10:33:25,2026-08-11 10:33:25
220730,3186,YRWH3,COMPRA,230,166.9547,10.7571,2026-08-11 16:00:46,2026-08-11 16:00:46,2026-08-11 16:00:46
220731,2764,DMTZ8,COMPRA,75,214.3246,3.8221,2026-08-11 17:14:01,2026-08-11 17:14:02,2026-08-11 17:14:02
220732,1993,WMQZ6,COMPRA,90,67.3038,6.3128,2026-08-11 10:44:22,2026-08-11 10:44:22,2026-08-11 10:44:22
220733,2993,HJRH5,COMPRA,347,156.9969,10.1240,2026-08-11 11:45:19,2026-08-11 11:45:22,2026-08-11 11:45:22
220734,1826,TBWG2,COMPRA,320,87.9171,9.8669,2026-08-11 15:22:31,2026-08-11 15:22:32,2026-08-11 15:22:32
220735,1628,KQEO3,COMPRA,485,62.1290,1.1382,2026-08-11 17:26:27,2026-08-11 17:26:30,2026-08-11 17:26:30
220736,2548,KQEO3,COMPRA,385,74.8517,1.0633,2026-08-11 17:03:06,2026-08-11 17:03:09,2026-08-11 17:03:09
220737,3262,AAUA7,COMPRA,180,127.7626,6.7165,2026-08-11 12:08:41,2026-08-11 12:08:43,2026-08-11 12:08:43
220738,2845,ZHTL2,COMPRA,275,78.1799,9.9509,2026-08-11 15:55:44,2026-08-11 15:55:46,2026-08-11 15:55:46
220739,2239,GFDF2,COMPRA,25,97.3045,4.8896,2026-08-11 12:43:20,2026-08-11 12:43:23,2026-08-11 12:43:23
220740,2859,MJDL9,COMPRA,120,34.6681,12.3310,2026-08-11 11:15:36,2026-08-11 11:15:39,2026-08-11 11:15:39
220741,1769,QQQS1,COMPRA,305,20.9981,3.0202,2026-08-11 14:55:44,2026-08-11 14:55:46,2026-08-11 14:55:46
220742,3089,XTVW5,COMPRA,350,91.4892,6.9997,2026-08-11 12:50:56,2026-08-11 12:50:57,2026-08-11 12:50:57
220743,1814,DHRM5,COMPRA,170,320.7413,5.8036,2026-08-11 10:27:56,2026-08-11 10:27:59,2026-08-11 10:27:59
220744,3491,HCZM2,COMPRA,290,421.5235,4.6025,2026-08-11 10:32:58,2026-08-11 10:33:01,2026-08-11 10:33:01
220745,2707,JJVW6,COMPRA,410,156.5616,4.5290,2026-08-11 12:41:13,2026-08-11 12:41:14,2026-08-11 12:41:14
220746,2146,NHYK8,COMPRA,159,52.6042,7.7739,2026-08-11 14:00:54,2026-08-11 14:00:54,2026-08-11 14:00:54
220747,2377,SVOZ4,COMPRA,15,38.1355,11.5080,2026-08-11 10:30:39,2026-08-11 10:30:42,2026-08-11 10:30:42
220748,2326,YIHC3,COMPRA,165,51.1206,4.5506,2026-08-11 13:54:06,2026-08-11 13:54:08,2026-08-11 13:54:08
220749,2056,RYPL6,COMPRA,400,97.3393,5.1132,2026-08-11 12:31:58,2026-08-11 12:32:01,2026-08-11 12:32:01
220750,2931,NYGT6,COMPRA,25,109.5936,3.2847,2026-08-11 15:19:13,2026-08-11 15:19:13,2026-08-11 15:19:13
220751,3221,NYGT6,COMPRA,145,113.9642,11.5076,2026-08-11 15:34:51,2026-08-11 15:34:53,2026-08-11 15:34:53
220752,3353,DEGN5,COMPRA,105,77.0906,4.9669,2026-08-11 11:03:02,2026-08-11 11:03:05,2026-08-11 11:03:05
220753,3401,DGBT6,COMPRA,255,72.6457,11.4713,2026-08-11 14:39:02,2026-08-11 14:39:04,2026-08-11 14:39:04
220754,1020,ICSU4,COMPRA,315,113.9399,7.5771,2026-08-11 11:03:18,2026-08-11 11:03:18,2026-08-11 11:03:18
220755,2653,AAUA7,COMPRA,240,164.5039,1.1048,2026-08-11 16:12:37,2026-08-11 16:12:39,2026-08-11 16:12:39
220756,2701,UQIQ7,COMPRA,345,69.0022,8.5438,2026-08-11 17:11:05,2026-08-11 17:11:08,2026-08-11 17:11:08
220757,2820,PQUT9,COMPRA,125,88.1489,8.7358,2026-08-11 10:01:28,2026-08-11 10:01:30,2026-08-11 10:01:30
220758,2545,NUJZ2,COMPRA,481,29.0525,1.6303,2026-08-11 12:27:31,2026-08-11 12:27:33,2026-08-11 12:27:33
220759,3185,GKQC5,COMPRA,485,125.9831,3.9053,2026-08-11 13:43:29,2026-08-11 13:43:29,2026-08-11 13:43:29
220760,3111,GKQC5,COMPRA,85,122.0968,5.3936,2026-08-11 10:16:30,2026-08-11 10:16:32,2026-08-11 10:16:32
220761,1227,OVUQ2,COMPRA,75,42.2493,9.8937,2026-08-11 15:19:34,2026-08-11 15:19:35,2026-08-11 15:19:35
220762,1503,RHXV4,COMPRA,99,65.8614,3.3866,2026-08-11 17:05:21,2026-08-11 17:05:21,2026-08-11 17:05:21
220763,1647,BOCS8,COMPRA,457,73.8508,11.5827,2026-08-11 11:17:53,2026-08-11 11:17:53,2026-08-11 11:17:53
220764,1776,HVEX2,COMPRA,1,138.3965,0.1284,2026-08-11 10:29:29,2026-08-11 10:29:29,2026-08-11 10:29:29
220765,3083,NGIU9,COMPRA,445,108.9472,10.1217,2026-08-11 10:18:27,2026-08-11 10:18:27,2026-08-11 10:18:27
220766,1969,IWFI1,VENDA,215,132.5038,5.5252,2026-08-11 10:20:56,2026-08-11 10:20:58,2026-08-11 10:20:58
220767,2531,NPEM3,COMPRA,95,94.4140,2.6015,2026-08-11 12:11:58,2026-08-11 12:11:59,2026-08-11 12:11:59
220768,2482,QYBV3,COMPRA,461,88.3241,0.4573,2026-08-11 14:52:05,2026-08-11 14:52:07,2026-08-11 14:52:07
220769,3172,YOWA1,COMPRA,125,57.8132,1.6269,2026-08-11 16:59:52,2026-08-11 16:59:54,2026-08-11 16:59:54
220770,1363,JDJG6,COMPRA,410,83.3366,6.5848,2026-08-11 16:29:31,2026-08-11 16:29:31,2026-08-11 16:29:31
220771,1294,XLZM9,COMPRA,255,62.4918,3.9288,2026-08-11 16:20:57,2026-08-11 16:20:59,2026-08-11 16:20:59
220772,2021,ENRZ2,COMPRA,355,115.3053,0.0707,2026-08-11 16:43:16,2026-08-11 16:43:18,2026-08-11 16:43:18
220773,3348,TBWG2,COMPRA,330,70.7237,9.0630,2026-08-11 12:11:04,2026-08-11 12:11:05,2026-08-11 12:11:05
220774,3516,ECQD7,COMPRA,390,82.2225,9.3789,2026-08-11 16:02:22,2026-08-11 16:02:23,2026-08-11 16:02:23
220775,2460,DQSN6,COMPRA,100,108.0130,8.6595,2026-08-11 10:39:50,2026-08-11 10:39:50,2026-08-11 10:39:50
220776,2581,KFSY2,COMPRA,125,101.9318,6.0080,2026-08-11 16:45:02,2026-08-11 16:45:05,2026-08-11 16:45:05
220777,2499,NPEM3,COMPRA,110,87.2866,3.7976,2026-08-11 11:42:03,2026-08-11 11:42:04,2026-08-11 11:42:04
220778,1525,ZHTL2,COMPRA,465,63.5533,4.5592,2026-08-11 14:16:17,2026-08-11 14:16:20,2026-08-11 14:16:20
218551,1175,FIUW1,COMPRA,7,128.0642,2.8215,2026-08-11 10:47:47,2026-08-11 10:47:48,2026-08-11 10:47:48
