id_transacao,id_conta,ticker,tipo_operacao,quantidade,preco_unitario,taxa_corretagem,data_operacao,created_at,updated_at
211591,3505,IWFI1,COMPRA,125,188.4764,2.3828,2026-08-07 11:04:09,2026-08-07 11:04:11,2026-08-07 11:04:11
211592,2535,FRGH8,VENDA,155,81.4610,11.5669,2026-08-07 14:00:58,2026-08-07 14:01:00,2026-08-07 14:01:00
211593,1165,MCMT2,COMPRA,329,105.4354,10.5465,2026-08-07 11:03:47,2026-08-07 11:03:50,2026-08-07 11:03:50
211594,1443,SUZL4,COMPRA,105,114.8111,6.4149,2026-08-07 13:26:19,2026-08-07 13:26:21,2026-08-07 13:26:21
211595,1181,CQIL9,COMPRA,290,29.5084,7.7659,2026-08-07 16:32:27,2026-08-07 16:32:27,2026-08-07 16:32:27
211596,2771,MCMT2,COMPRA,475,99.3059,10.6872,2026-08-07 11:21:48,2026-08-07 11:21:48,2026-08-07 11:21:48
211597,2310,OEQA8,COMPRA,300,491.4616,5.4020,2026-08-07 11:32:03,2026-08-07 11:32:06,2026-08-07 11:32:06
211598,2831,JUDG8,COMPRA,340,100.1478,11.0593,2026-08-07 16:54:47,2026-08-07 16:54:48,2026-08-07 16:54:48
211599,2638,ICSU4,COMPRA,325,124.1081,,2026-08-07 11:39:07,2026-08-07 11:39:09,2026-08-07 11:39:09
211600,3430,UCHR6,COMPRA,270,453.4052,4.2967,2026-08-07 17:17:51,2026-08-07 17:17:52,2026-08-07 17:17:52
211601,3476,BGNM6,COMPRA,445,121.3838,3.3606,2026-08-07 11:22:57,2026-08-07 11:22:58,2026-08-07 11:22:58
211602,1546,DSFC9,COMPRA,230,441.5292,10.4142,2026-08-07 13:48:41,2026-08-07 13:48:42,2026-08-07 13:48:42
211603,3105,BOCS8,COMPRA,330,48.2903,11.7148,2026-08-07 11:00:10,2026-08-07 11:00:13,2026-08-07 11:00:13
211604,2939,GAKD5,COMPRA,415,325.8952,6.6895,2026-08-07 15:11:00,2026-08-07 15:11:01,2026-08-07 15:11:01
211605,3495,RHXV4,COMPRA,310,59.9606,9.2755,2026-08-07 10:14:47,2026-08-07 10:14:50,2026-08-07 10:14:50
211606,2383,JIPA6,COMPRA,223,41.4248,9.8253,2026-08-07 15:48:11,2026-08-07 15:48:12,2026-08-07 15:48:12
211607,2773,SGBG8,COMPRA,80,72.0747,1.5989,2026-08-07 17:25:35,2026-08-07 17:25:37,2026-08-07 17:25:37
211608,2039,RMRT1,COMPRA,155,115.3637,0.8490,2026-08-07 12:44:58,2026-08-07 12:44:58,2026-08-07 12:44:58
211609,2709,LGKU6,COMPRA,135,93.8911,4.6067,2026-08-07 12:16:04,2026-08-07 12:16:05,2026-08-07 12:16:05
211610,1669,ICSU4,COMPRA,470,144.9331,9.9970,2026-08-07 14:59:46,2026-08-07 14:59:48,2026-08-07 14:59:48
211611,3050,XPVA7,COMPRA,200,488.2598,8.5022,2026-08-07 10:08:03,2026-08-07 10:08:05,2026-08-07 10:08:05
211612,1786,XAVL3,COMPRA,475,188.5397,9.1306,2026-08-07 16:36:34,2026-08-07 16:36:37,2026-08-07 16:36:37
211613,2831,WMQZ6,COMPRA,475,89.7274,6.6655,2026-08-07 17:14:03,2026-08-07 17:14:05,2026-08-07 17:14:05
211614,1047,DSFC9,COMPRA,50,442.1553,5.5932,2026-08-07 16:26:55,2026-08-07 16:26:58,2026-08-07 16:26:58
211615,2725,TNHT4,COMPRA,460,130.0017,5.8235,2026-08-07 15:05:46,2026-08-07 15:05:49,2026-08-07 15:05:49
211616,2699,GAKD5,COMPRA,430,314.7176,0.5686,2026-08-07 12:20:56,2026-08-07 12:20:59,2026-08-07 12:20:59
211617,1298,JDJG6,COMPRA,411,73.2731,6.0450,2026-08-07 15:17:07,2026-08-07 15:17:07,2026-08-07 15:17:07
211618,3323,NREP8,COMPRA,155,155.5253,8.2637,2026-08-07 13:10:51,2026-08-07 13:10:51,2026-08-07 13:10:51
211619,2336,OVYL9,COMPRA,485,66.8182,5.2672,2026-08-07 15:12:30,2026-08-07 15:12:31,2026-08-07 15:12:31
211620,3516,WXQM6,COMPRA,355,61.3268,8.5566,2026-08-07 12:43:13,2026-08-07 12:43:13,2026-08-07 12:43:13
211621,1285,DHRM5,COMPRA,110,293.6935,6.4699,2026-08-07 10:01:45,2026-08-07 10:01:48,2026-08-07 10:01:48
211622,3237,BXFJ9,COMPRA,485,187.5000,4.1085,2026-08-07 14:30:09,2026-08-07 14:30:10,2026-08-07 14:30:10
211623,1637,OEQA8,COMPRA,445,363.5538,2.6410,2026-08-07 10:59:07,2026-08-07 10:59:10,2026-08-07 10:59:10
211624,3483,HCZM2,COMPRA,280,527.9045,4.4393,2026-08-07 10:46:49,2026-08-07 10:46:49,2026-08-07 10:46:49
211625,1174,YFAH5,COMPRA,15,163.0213,12.4553,2026-08-07 13:16:45,2026-08-07 13:16:46,2026-08-07 13:16:46
211626,2477,SVOZ4,COMPRA,30,49.5145,2.6933,2026-08-07 11:04:26,2026-08-07 11:04:29,2026-08-07 11:04:29
211627,1990,UFIU3,COMPRA,65,84.8265,9.5190,2026-08-07 10:07:26,2026-08-07 10:07:29,2026-08-07 10:07:29
211628,3095,RYPL6,COMPRA,415,70.8434,8.3951,2026-08-07 10:33:08,2026-08-07 10:33:10,2026-08-07 10:33:10
211629,1925,IPXK2,COMPRA,480,351.0323,5.3234,2026-08-07 16:24:17,2026-08-07 16:24:18,2026-08-07 16:24:18
211630,1586,NUJZ2,COMPRA,374,30.2292,4.0747,2026-08-07 14:09:01,2026-08-07 14:09:03,2026-08-07 14:09:03
211631,2097,QEUC2,COMPRA,404,170.4997,6.5600,2026-08-07 10:50:11,2026-08-07 10:50:14,2026-08-07 10:50:14
211632,2483,SUZL4,COMPRA,188,151.8960,10.2926,2026-08-07 16:23:06,2026-08-07 16:23:07,2026-08-07 16:23:07
211633,1029,YCCK8,COMPRA,245,475.7082,10.1395,2026-08-07 12:09:05,2026-08-07 12:09:05,2026-08-07 12:09:05
211634,1828,RFNS7,COMPRA,395,87.2762,4.4667,2026-08-07 14:10:21,2026-08-07 14:10:23,2026-08-07 14:10:23
211635,1447,ECQD7,COMPRA,40,100.3077,7.8330,2026-08-07 11:37:02,2026-08-07 11:37:05,2026-08-07 11:37:05
211636,1576,XAVL3,COMPRA,365,206.6901,10.1874,2026-08-07 14:32:41,2026-08-07 14:32:44,2026-08-07 14:32:44
211637,1736,UFIU3,COMPRA,415,103.2919,11.4840,2026-08-07 12:28:16,2026-08-07 12:28:18,2026-08-07 12:28:18
211638,1057,ACSV1,COMPRA,125,113.5103,10.1701,2026-08-07 11:45:43,2026-08-07 11:45:46,2026-08-07 11:45:46
211639,3317,BGNM6,COMPRA,300,107.6751,5.1288,2026-08-07 14:37:04,2026-08-07 14:37:06,2026-08-07 14:37:06
211640,2726,ERTC4,COMPRA,330,40.5313,10.3074,2026-08-07 16:40:38,2026-08-07 16:40:39,2026-08-07 16:40:39
211641,1886,NUJZ2,COMPRA,485,25.2646,12.1998,2026-08-07 10:34:01,2026-08-07 10:34:03,2026-08-07 10:34:03
211642,1978,NGIU9,COMPRA,160,107.1624,11.0700,2026-08-07 16:37:19,2026-08-07 16:37:22,2026-08-07 16:37:22
211643,2664,KFSY2,COMPRA,153,113.5160,3.1384,2026-08-07 15:02:15,2026-08-07 15:02:18,2026-08-07 15:02:18
211644,1192,GAKD5,COMPRA,230,214.4373,0.4811,2026-08-07 10:04:21,2026-08-07 10:04:21,2026-08-07 10:04:21
211645,1853,YCCK8,COMPRA,250,378.3849,3.2965,2026-08-07 10:36:01,2026-08-07 10:36:03,2026-08-07 10:36:03
211646,1410,YIHC3,COMPRA,129,47.8036,10.2197,2026-08-07 17:28:37,2026-08-07 17:28:40,2026-08-07 17:28:40
211647,2430,PSEN6,COMPRA,240,189.9170,8.5120,2026-08-07 12:35:31,2026-08-07 12:35:31,2026-08-07 12:35:31
211648,2865,DHRM5,COMPRA,285,371.2518,12.7676,2026-08-07 17:19:39,2026-08-07 17:19:41,2026-08-07 17:19:41
211649,2546,LGKU6,COMPRA,480,61.1844,5.2951,2026-08-07 11:33:05,2026-08-07 11:33:08,2026-08-07 11:33:08
211650,2647,QYBV3,COMPRA,345,76.8706,10.3814,2026-08-07 12:10:22,2026-08-07 12:10:22,2026-08-07 12:10:22
211651,2030,XTVW5,COMPRA,435,87.8625,9.3203,2026-08-07 16:36:17,2026-08-07 16:36:17,2026-08-07 16:36:17
211652,1142,PSEN6,COMPRA,185,160.6930,8.8239,2026-08-07 10:37:53,2026-08-07 10:37:53,2026-08-07 10:37:53
211653,2286,ZYVN7,COMPRA,95,60.0000,10.8747,2026-08-07 12:52:51,2026-08-07 12:52:54,2026-08-07 12:52:54
211654,2745,XOVY4,COMPRA,35,121.3967,10.5084,2026-08-07 11:35:38,2026-08-07 11:35:39,2026-08-07 11:35:39
211655,1406,OEQA8,COMPRA,280,510.5020,8.4664,2026-08-07 16:02:36,2026-08-07 16:02:36,2026-08-07 16:02:36
211656,3068,CQJZ4,COMPRA,365,110.1697,12.6491,2026-08-07 17:16:15,2026-08-07 17:16:17,2026-08-07 17:16:17
211657,2341,MJDL9,COMPRA,16,40.2705,0.8915,2026-08-07 11:48:40,2026-08-07 11:48:43,2026-08-07 11:48:43
211658,2520,WIPB2,COMPRA,420,90.4444,8.9421,2026-08-07 13:33:46,2026-08-07 13:33:47,2026-08-07 13:33:47
211659,3505,LGKU6,COMPRA,355,72.5968,12.3449,2026-08-07 13:11:08,2026-08-07 13:11:09,2026-08-07 13:11:09
211660,3156,YIHC3,COMPRA,120,52.9404,8.2814,2026-08-07 12:41:16,2026-08-07 12:41:19,2026-08-07 12:41:19
211661,1793,WMQZ6,COMPRA,455,85.7822,10.2410,2026-08-07 16:26:03,2026-08-07 16:26:05,2026-08-07 16:26:05
211662,2483,DQSN6,COMPRA,390,161.0710,9.9036,2026-08-07 11:01:48,2026-08-07 11:01:51,2026-08-07 11:01:51
211663,1127,QEUC2,COMPRA,310,172.6317,12.0068,2026-08-07 15:40:35,2026-08-07 15:40:36,2026-08-07 15:40:36
211664,2377,ICSU4,COMPRA,190,132.0324,3.6969,2026-08-07 12:50:57,2026-08-07 12:50:59,2026-08-07 12:50:59
211665,2352,OVUQ2,COMPRA,435,51.4058,2.7640,2026-08-07 15:36:22,2026-08-07 15:36:22,2026-08-07 15:36:22
211666,1214,ACSV1,COMPRA,200,92.0277,6.6496,2026-08-07 16:32:45,2026-08-07 16:32:46,2026-08-07 16:32:46
211667,1591,DMTZ8,COMPRA,280,148.9897,7.5562,2026-08-07 13:18:22,2026-08-07 13:18:25,2026-08-07 13:18:25
211668,3155,PBZM6,COMPRA,454,46.3842,9.1846,2026-08-07 15:10:38,2026-08-07 15:10:40,2026-08-07 15:10:40
211669,1641,UFIU3,COMPRA,45,83.4326,5.8537,2026-08-07 10:54:27,2026-08-07 10:54:28,2026-08-07 10:54:28
211670,3074,XOVY4,COMPRA,296,108.4694,3.1430,2026-08-07 17:08:24,2026-08-07 17:08:25,2026-08-07 17:08:25
211671,3338,QEUC2,COMPRA,305,205.4499,11.1446,2026-08-07 10:04:26,2026-08-07 10:04:27,2026-08-07 10:04:27
211672,1012,CQIL9,COMPRA,463,41.7856,0.9232,2026-08-07 10:04:49,2026-08-07 10:04:51,2026-08-07 10:04:51
211673,2767,UCHR6,COMPRA,350,402.8456,12.4531,2026-08-07 10:20:40,2026-08-07 10:20:41,2026-08-07 10:20:41
211674,2253,QTDZ2,COMPRA,390,54.0487,5.5159,2026-08-07 17:09:33,2026-08-07 17:09:36,2026-08-07 17:09:36
211675,2293,XAVL3,COMPRA,115,181.7238,1.9851,2026-08-07 16:05:34,2026-08-07 16:05:34,2026-08-07 16:05:34
211676,3120,DHRM5,COMPRA,179,316.3285,2.9985,2026-08-07 12:52:03,2026-08-07 12:52:04,2026-08-07 12:52:04
211677,1385,JIPR4,COMPRA,460,29.5868,8.3653,2026-08-07 17:00:59,2026-08-07 17:01:01,2026-08-07 17:01:01
211678,2096,UVEY5,COMPRA,330,98.6802,5.1590,2026-08-07 11:18:27,2026-08-07 11:18:30,2026-08-07 11:18:30
211679,1512,SVOZ4,COMPRA,1,44.0978,11.7809,2026-08-07 15:23:15,2026-08-07 15:23:15,2026-08-07 15:23:15
211680,1443,UFMA7,COMPRA,465,198.4396,0.4963,2026-08-07 15:50:05,2026-08-07 15:50:05,2026-08-07 15:50:05
211681,2645,NUJZ2,COMPRA,180,29.6689,5.0629,2026-08-07 17:04:02,2026-08-07 17:04:04,2026-08-07 17:04:04
211682,1054,RIET5,COMPRA,380,123.1293,9.7138,2026-08-07 17:09:38,2026-08-07 17:09:40,2026-08-07 17:09:40
211683,3212,IJJK3,COMPRA,425,110.0552,4.0762,2026-08-07 10:57:57,2026-08-07 10:57:57,2026-08-07 10:57:57
211684,1476,BOCS8,COMPRA,270,62.7355,4.9198,2026-08-07 13:06:13,2026-08-07 13:06:15,2026-08-07 13:06:15
211685,2028,IWAK1,VENDA,75,98.4518,9.7213,2026-08-07 13:02:02,2026-08-07 13:02:03,2026-08-07 13:02:03
211686,2712,FRGH8,COMPRA,445,63.4528,1.1653,2026-08-07 10:48:14,2026-08-07 10:48:17,2026-08-07 10:48:17
211687,2804,YRWH3,COMPRA,15,164.3264,3.9233,2026-08-07 13:23:25,2026-08-07 13:23:25,2026-08-07 13:23:25
211688,3393,NPEM3,COMPRA,93,123.5265,3.7293,2026-08-07 16:40:59,2026-08-07 16:40:59,2026-08-07 16:40:59
211689,3089,IJJK3,COMPRA,210,88.4247,2.5867,2026-08-07 12:54:14,2026-08-07 12:54:16,2026-08-07 12:54:16
211690,2556,IZTY4,COMPRA,324,35.1387,5.7209,2026-08-07 11:33:16,2026-08-07 11:33:16,2026-08-07 11:33:16
211691,3184,KQEO3,COMPRA,285,87.5815,3.1042,2026-08-07 15:25:21,2026-08-07 15:25:24,2026-08-07 15:25:24
211692,3144,DSFC9,COMPRA,280,338.2300,7.0338,2026-08-07 11:30:57,2026-08-07 11:30:59,2026-08-07 11:30:59
211693,1772,AAWB3,COMPRA,140,185.6296,0.5464,2026-08-07 17:20:53,2026-08-07 17:20:55,2026-08-07 17:20:55
211694,2460,QHFL8,COMPRA,275,176.5695,9.8131,2026-08-07 10:15:34,2026-08-07 10:15:34,2026-08-07 10:15:34
211695,1255,WXQM6,COMPRA,315,37.5826,3.3223,2026-08-07 15:00:23,2026-08-07 15:00:24,2026-08-07 15:00:24
211696,1023,YCCK8,COMPRA,121,379.6229,3.5140,2026-08-07 14:23:33,2026-08-07 14:23:34,2026-08-07 14:23:34
211697,1691,DSFC9,COMPRA,440,321.2596,10.5575,2026-08-07 15:54:04,2026-08-07 15:54:07,2026-08-07 15:54:07
211698,2533,ZAAS7,COMPRA,450,360.1008,4.5580,2026-08-07 15:00:54,2026-08-07 15:00:56,2026-08-07 15:00:56
211699,3360,LGKU6,COMPRA,175,71.2381,9.1775,2026-08-07 17:21:43,2026-08-07 17:21:43,2026-08-07 17:21:43
211700,2903,HJRH5,COMPRA,110,129.9896,7.9011,2026-08-07 15:42:12,2026-08-07 15:42:15,2026-08-07 15:42:15
211701,2133,JIPR4,COMPRA,345,33.9097,7.5950,2026-08-07 15:08:25,2026-08-07 15:08:26,2026-08-07 15:08:26
211702,3377,BXFJ9,COMPRA,300,123.3790,8.3237,2026-08-07 13:10:23,2026-08-07 13:10:23,2026-08-07 13:10:23
211703,2523,OEQA8,COMPRA,465,458.1704,8.0239,2026-08-07 13:02:33,2026-08-07 13:02:35,2026-08-07 13:02:35
211704,1662,RHXV4,COMPRA,399,47.9813,6.3984,2026-08-07 14:43:16,2026-08-07 14:43:16,2026-08-07 14:43:16
211705,1969,MJDL9,COMPRA,45,34.1618,6.2886,2026-08-07 10:06:58,2026-08-07 10:07:00,2026-08-07 10:07:00
211706,3254,ZAAS7,COMPRA,445,506.3072,7.2365,2026-08-07 14:11:50,2026-08-07 14:11:51,2026-08-07 14:11:51
211707,2471,PBZM6,COMPRA,217,68.4470,1.4625,2026-08-07 11:00:31,2026-08-07 11:00:32,2026-08-07 11:00:32
211708,2135,MCHX2,COMPRA,242,134.7826,11.1551,2026-08-07 16:50:10,2026-08-07 16:50:12,2026-08-07 16:50:12
211709,1008,EEYY9,COMPRA,9,157.5267,1.6908,2026-08-07 14:48:33,2026-08-07 14:48:35,2026-08-07 14:48:35
211710,3186,FRGH8,COMPRA,284,67.9398,12.4560,2026-08-07 12:29:03,2026-08-07 12:29:05,2026-08-07 12:29:05
211711,1103,XOVY4,COMPRA,260,85.9915,2.9437,2026-08-07 16:43:50,2026-08-07 16:43:51,2026-08-07 16:43:51
211712,2962,YFAH5,COMPRA,105,165.8416,12.2216,2026-08-07 17:04:32,2026-08-07 17:04:35,2026-08-07 17:04:35
211713,1646,NYGT6,COMPRA,65,118.7309,1.8963,2026-08-07 13:40:18,2026-08-07 13:40:19,2026-08-07 13:40:19
211714,3473,JJVW6,COMPRA,445,138.6720,10.3136,2026-08-07 10:56:53,2026-08-07 10:56:56,2026-08-07 10:56:56
211715,2163,MCHX2,COMPRA,445,131.8043,0.4223,2026-08-07 17:03:55,2026-08-07 17:03:56,2026-08-07 17:03:56
211716,1446,DQSN6,COMPRA,425,124.1129,10.1388,2026-08-07 15:55:00,2026-08-07 15:55:01,2026-08-07 15:55:01
211717,1692,RIET5,COMPRA,80,152.0256,8.8676,2026-08-07 11:15:41,2026-08-07 11:15:41,2026-08-07 11:15:41
211718,1362,GKQC5,COMPRA,335,130.1251,8.4032,2026-08-07 16:28:49,2026-08-07 16:28:49,2026-08-07 16:28:49
211719,3342,UQIQ7,COMPRA,69,97.4631,2.0626,2026-08-07 13:52:52,2026-08-07 13:52:53,2026-08-07 13:52:53
211720,2126,MJDL9,COMPRA,445,28.5829,0.1304,2026-08-07 16:01:39,2026-08-07 16:01:39,2026-08-07 16:01:39
211721,2440,MGRR2,COMPRA,122,156.8658,8.9822,2026-08-07 12:17:22,2026-08-07 12:17:25,2026-08-07 12:17:25
211722,3225,QATW7,COMPRA,305,61.8208,2.7460,2026-08-07 14:48:47,2026-08-07 14:48:49,2026-08-07 14:48:49
211723,2127,XTVW5,COMPRA,410,99.7468,3.4486,2026-08-07 10:02:28,2026-08-07 10:02:30,2026-08-07 10:02:30
211724,2175,RYPL6,COMPRA,175,100.7787,6.2735,2026-08-07 14:26:51,2026-08-07 14:26:54,2026-08-07 14:26:54
211725,2526,ZAAS7,COMPRA,180,446.6518,11.7892,2026-08-07 17:25:34,2026-08-07 17:25:37,2026-08-07 17:25:37
211726,3030,ZAAS7,COMPRA,60,440.2822,6.4174,2026-08-07 14:53:23,2026-08-07 14:53:25,2026-08-07 14:53:25
211727,2338,LQML9,COMPRA,414,134.4006,1.5331,2026-08-07 15:59:30,2026-08-07 15:59:30,2026-08-07 15:59:30
211728,1192,DHRM5,COMPRA,72,278.0950,5.1484,2026-08-07 15:34:00,2026-08-07 15:34:00,2026-08-07 15:34:00
211729,1825,BSDJ7,COMPRA,53,293.2888,1.8743,2026-08-07 12:44:30,2026-08-07 12:44:32,2026-08-07 12:44:32
211730,3231,ENRZ2,COMPRA,30,108.5196,6.2941,2026-08-07 12:17:53,2026-08-07 12:17:54,2026-08-07 12:17:54
211731,1989,OVYL9,COMPRA,402,90.2465,11.5300,2026-08-07 12:08:08,2026-08-07 12:08:11,2026-08-07 12:08:11
211732,1820,BGNM6,COMPRA,5,89.8137,6.4788,2026-08-07 11:37:12,2026-08-07 11:37:14,2026-08-07 11:37:14
211733,2671,DEGN5,COMPRA,455,106.9423,11.8506,2026-08-07 14:08:36,2026-08-07 14:08:37,2026-08-07 14:08:37
211734,2094,RDOA3,COMPRA,321,84.5350,5.1546,2026-08-07 13:24:03,2026-08-07 13:24:06,2026-08-07 13:24:06
211735,2903,TTHO3,COMPRA,115,38.6988,11.2088,2026-08-07 13:53:12,2026-08-07 13:53:14,2026-08-07 13:53:14
211736,2132,MCHX2,COMPRA,425,105.2948,8.3781,2026-08-07 10:44:28,2026-08-07 10:44:30,2026-08-07 10:44:30
211737,3181,AYFQ2,COMPRA,65,10.2173,5.8192,2026-08-07 11:17:25,2026-08-07 11:17:26,2026-08-07 11:17:26
211738,3088,EEYY9,COMPRA,18,176.7013,9.7341,2026-08-07 12:37:04,2026-08-07 12:37:06,2026-08-07 12:37:06
211739,1328,ERTC4,COMPRA,351,56.3575,2.9773,2026-08-07 17:20:20,2026-08-07 17:20:22,2026-08-07 17:20:22
211740,3109,UYFJ9,COMPRA,310,102.5827,5.2033,2026-08-07 13:14:05,2026-08-07 13:14:08,2026-08-07 13:14:08
211741,3353,XPVA7,COMPRA,300,498.3421,,2026-08-07 10:32:12,2026-08-07 10:32:14,2026-08-07 10:32:14
211742,1740,XLZM9,COMPRA,465,60.0602,12.3328,2026-08-07 16:35:11,2026-08-07 16:35:12,2026-08-07 16:35:12
211743,2930,JIPA6,COMPRA,284,42.8572,0.4184,2026-08-07 10:34:09,2026-08-07 10:34:11,2026-08-07 10:34:11
211744,2451,JIPR4,COMPRA,175,36.5899,6.7506,2026-08-07 17:04:04,2026-08-07 17:04:04,2026-08-07 17:04:04
211745,2890,HJRH5,COMPRA,385,178.0152,5.2370,2026-08-07 16:17:47,2026-08-07 16:17:50,2026-08-07 16:17:50
211746,3303,TNHT4,COMPRA,255,123.0957,2.1112,2026-08-07 10:53:37,2026-08-07 10:53:39,2026-08-07 10:53:39
211747,2201,MCHX2,COMPRA,490,93.8749,3.1111,2026-08-07 13:15:25,2026-08-07 13:15:27,2026-08-07 13:15:27
211748,2060,ERTC4,COMPRA,370,46.4956,2.5069,2026-08-07 13:23:04,2026-08-07 13:23:04,2026-08-07 13:23:04
211749,3146,PBZM6,COMPRA,130,53.8004,8.1787,2026-08-07 14:57:54,2026-08-07 14:57:54,2026-08-07 14:57:54
211750,1309,KQEO3,COMPRA,115,85.0831,0.9306,2026-08-07 12:01:36,2026-08-07 12:01:39,2026-08-07 12:01:39
211751,2431,YOWA1,COMPRA,25,49.2639,,2026-08-07 16:22:07,2026-08-07 16:22:07,2026-08-07 16:22:07
211752,2914,IPXK2,COMPRA,485,347.8355,12.5363,2026-08-07 11:25:13,2026-08-07 11:25:14,2026-08-07 11:25:14
211753,3058,UQIQ7,COMPRA,225,74.7964,5.0987,2026-08-07 15:28:57,2026-08-07 15:28:57,2026-08-07 15:28:57
211754,1194,XAVL3,COMPRA,165,152.3464,5.6438,2026-08-07 14:17:00,2026-08-07 14:17:03,2026-08-07 14:17:03
211755,1297,IJJK3,COMPRA,475,102.5973,4.9565,2026-08-07 10:29:50,2026-08-07 10:29:51,2026-08-07 10:29:51
211756,1457,NGIU9,COMPRA,50,132.3863,1.3626,2026-08-07 14:23:58,2026-08-07 14:23:59,2026-08-07 14:23:59
211757,3287,TBWG2,COMPRA,335,68.3665,5.1857,2026-08-07 15:35:47,2026-08-07 15:35:48,2026-08-07 15:35:48
211758,3446,PBZM6,COMPRA,470,62.6454,3.0390,2026-08-07 15:02:21,2026-08-07 15:02:22,2026-08-07 15:02:22
211759,1158,ZAAS7,COMPRA,455,423.9984,12.7723,2026-08-07 12:10:26,2026-08-07 12:10:28,2026-08-07 12:10:28
211760,3275,GAKD5,COMPRA,305,333.7376,8.0082,2026-08-07 15:33:28,2026-08-07 15:33:28,2026-08-07 15:33:28
211761,1756,MCHX2,COMPRA,380,120.3822,10.3871,2026-08-07 12:13:26,2026-08-07 12:13:26,2026-08-07 12:13:26
211762,3477,BSDJ7,VENDA,50,273.1183,0.7865,2026-08-07 14:57:40,2026-08-07 14:57:40,2026-08-07 14:57:40
211763,3018,ZAAS7,COMPRA,25,375.8810,10.0716,2026-08-07 11:26:03,2026-08-07 11:26:05,2026-08-07 11:26:05
211764,1302,QEUC2,COMPRA,340,201.4067,7.3611,2026-08-07 15:33:30,2026-08-07 15:33:33,2026-08-07 15:33:33
211765,2576,YFAH5,COMPRA,342,154.1473,6.5817,2026-08-07 10:08:21,2026-08-07 10:08:24,2026-08-07 10:08:24
211766,1944,CQJZ4,COMPRA,205,91.3604,7.3238,2026-08-07 11:26:09,2026-08-07 11:26:10,2026-08-07 11:26:10
211767,3518,PZUP8,COMPRA,495,163.2649,10.7344,2026-08-07 10:38:14,2026-08-07 10:38:15,2026-08-07 10:38:15
211768,2377,OVYL9,COMPRA,18,77.8419,2.1842,2026-08-07 10:01:20,2026-08-07 10:01:20,2026-08-07 10:01:20
211769,2565,HJRH5,COMPRA,472,151.3244,0.7720,2026-08-07 12:56:10,2026-08-07 12:56:12,2026-08-07 12:56:12
211770,2383,VLEB3,COMPRA,425,387.4967,2.7550,2026-08-07 13:05:45,2026-08-07 13:05:46,2026-08-07 13:05:46
211771,2421,BOCS8,COMPRA,460,60.0539,3.4481,2026-08-07 11:56:39,2026-08-07 11:56:40,2026-08-07 11:56:40
211772,1983,ZHTL2,COMPRA,485,54.8104,11.8150,2026-08-07 14:01:04,2026-08-07 14:01:05,2026-08-07 14:01:05
211773,2705,XTVW5,COMPRA,415,85.8519,2.5775,2026-08-07 12:03:22,2026-08-07 12:03:24,2026-08-07 12:03:24
211774,2531,BXFJ9,COMPRA,405,160.5434,1.6667,2026-08-07 14:45:27,2026-08-07 14:45:29,2026-08-07 14:45:29
211775,3287,XLZM9,COMPRA,490,63.5724,3.3625,2026-08-07 10:24:03,2026-08-07 10:24:03,2026-08-07 10:24:03
211776,1175,FRGH8,COMPRA,490,73.9013,0.1082,2026-08-07 16:28:41,2026-08-07 16:28:44,2026-08-07 16:28:44
211777,1648,UFMA7,COMPRA,470,145.0255,10.5200,2026-08-07 17:07:28,2026-08-07 17:07:30,2026-08-07 17:07:30
211778,2013,XTVW5,COMPRA,255,125.5114,4.8032,2026-08-07 12:17:42,2026-08-07 12:17:43,2026-08-07 12:17:43
211779,1912,ERTC4,COMPRA,115,57.2089,3.2267,2026-08-07 17:01:00,2026-08-07 17:01:01,2026-08-07 17:01:01
211780,1164,IZTY4,COMPRA,370,29.1776,2.2924,2026-08-07 12:49:35,2026-08-07 12:49:36,2026-08-07 12:49:36
211781,1423,NUJZ2,COMPRA,270,38.4057,5.0019,2026-08-07 11:57:43,2026-08-07 11:57:45,2026-08-07 11:57:45
211782,2605,IWFI1,COMPRA,180,162.6604,1.0618,2026-08-07 11:23:17,2026-08-07 11:23:17,2026-08-07 11:23:17
211783,2521,XAVL3,COMPRA,490,192.4510,1.1800,2026-08-07 12:29:00,2026-08-07 12:29:03,2026-08-07 12:29:03
211784,3046,TBWG2,COMPRA,145,66.4727,8.9348,2026-08-07 17:08:12,2026-08-07 17:08:12,2026-08-07 17:08:12
211785,1686,ZAAS7,COMPRA,465,367.7410,6.6479,2026-08-07 12:28:49,2026-08-07 12:28:52,2026-08-07 12:28:52
211786,2685,SUZL4,COMPRA,265,127.0051,5.9083,2026-08-07 17:29:40,2026-08-07 17:29:41,2026-08-07 17:29:41
211787,2428,PBZM6,COMPRA,145,74.2171,8.4694,2026-08-07 11:03:53,2026-08-07 11:03:55,2026-08-07 11:03:55
211788,2386,PQUT9,COMPRA,395,96.8055,4.9777,2026-08-07 16:13:14,2026-08-07 16:13:14,2026-08-07 16:13:14
211789,1265,MGRR2,COMPRA,201,146.9448,11.6232,2026-08-07 10:18:22,2026-08-07 10:18:23,2026-08-07 10:18:23
211790,2656,NUJZ2,COMPRA,265,30.7645,1.1205,2026-08-07 13:42:53,2026-08-07 13:42:56,2026-08-07 13:42:56
211791,1629,FYZB6,COMPRA,116,64.0781,0.1130,2026-08-07 10:52:37,2026-08-07 10:52:38,2026-08-07 10:52:38
211792,1054,YIHC3,COMPRA,432,65.4578,8.3848,2026-08-07 10:41:31,2026-08-07 10:41:33,2026-08-07 10:41:33
211793,3111,TBWG2,COMPRA,90,69.4494,12.0057,2026-08-07 14:23:31,2026-08-07 14:23:33,2026-08-07 14:23:33
211794,2226,JIPR4,COMPRA,195,33.8137,3.3897,2026-08-07 17:17:17,2026-08-07 17:17:20,2026-08-07 17:17:20
211795,2954,IWAK1,COMPRA,459,73.2576,12.8980,2026-08-07 17:23:34,2026-08-07 17:23:35,2026-08-07 17:23:35
211796,1863,SRDU1,COMPRA,20,87.9291,2.7293,2026-08-07 14:56:43,2026-08-07 14:56:44,2026-08-07 14:56:44
211797,1433,IPXK2,VENDA,225,284.7182,10.1314,2026-08-07 17:22:26,2026-08-07 17:22:28,2026-08-07 17:22:28
211798,1914,WHMT3,COMPRA,210,118.0211,4.9456,2026-08-07 16:35:25,2026-08-07 16:35:28,2026-08-07 16:35:28
211799,2190,UFIU3,COMPRA,450,84.4036,2.2020,2026-08-07 15:00:44,2026-08-07 15:00:44,2026-08-07 15:00:44
211800,2490,EEYY9,COMPRA,130,193.2240,11.7531,2026-08-07 14:32:51,2026-08-07 14:32:51,2026-08-07 14:32:51
211801,3377,EEYY9,COMPRA,285,160.5601,3.4619,2026-08-07 16:20:45,2026-08-07 16:20:46,2026-08-07 16:20:46
211802,1139,JIPA6,COMPRA,110,30.0765,0.3385,2026-08-07 13:47:18,2026-08-07 13:47:21,2026-08-07 13:47:21
211803,1902,UVEY5,COMPRA,260,92.5987,1.4396,2026-08-07 12:07:38,2026-08-07 12:07:41,2026-08-07 12:07:41
211804,1681,PQUT9,COMPRA,110,102.3189,1.4605,2026-08-07 12:22:06,2026-08-07 12:22:06,2026-08-07 12:22:06
211805,1012,YCCK8,COMPRA,85,363.0173,1.5783,2026-08-07 13:51:24,2026-08-07 13:51:24,2026-08-07 13:51:24
211806,3499,NREP8,COMPRA,110,135.8652,1.1669,2026-08-07 12:08:33,2026-08-07 12:08:36,2026-08-07 12:08:36
211807,1655,BSDJ7,COMPRA,285,229.0949,3.7308,2026-08-07 15:09:53,2026-08-07 15:09:55,2026-08-07 15:09:55
211808,1058,VLEB3,COMPRA,56,386.1469,3.9086,2026-08-07 12:33:11,2026-08-07 12:33:14,2026-08-07 12:33:14
211809,2147,LIEG8,COMPRA,490,86.3530,9.5793,2026-08-07 17:28:55,2026-08-07 17:28:55,2026-08-07 17:28:55
211810,1284,UVEY5,COMPRA,45,65.8025,1.9089,2026-08-07 14:15:46,2026-08-07 14:15:47,2026-08-07 14:15:47
211811,1801,GKQC5,COMPRA,55,155.9532,6.2122,2026-08-07 15:34:43,2026-08-07 15:34:46,2026-08-07 15:34:46
211812,2121,AAWB3,COMPRA,240,217.3188,3.5470,2026-08-07 12:14:56,2026-08-07 12:14:59,2026-08-07 12:14:59
211813,3260,HJRH5,COMPRA,240,182.6928,0.1619,2026-08-07 15:15:02,2026-08-07 15:15:02,2026-08-07 15:15:02
211814,1886,TNHT4,COMPRA,97,107.2423,6.9219,2026-08-07 15:18:14,2026-08-07 15:18:16,2026-08-07 15:18:16
211815,3107,GULD2,VENDA,225,148.2840,8.2893,2026-08-07 11:36:47,2026-08-07 11:36:49,2026-08-07 11:36:49
211816,2102,GKQC5,COMPRA,15,122.1340,12.0317,2026-08-07 13:44:27,2026-08-07 13:44:27,2026-08-07 13:44:27
211817,1499,YYLA4,COMPRA,117,180.1550,12.0799,2026-08-07 10:32:54,2026-08-07 10:32:54,2026-08-07 10:32:54
211818,2506,RHXV4,COMPRA,185,49.3202,5.1961,2026-08-07 14:29:00,2026-08-07 14:29:02,2026-08-07 14:29:02
211819,1871,HVEX2,COMPRA,493,114.0348,11.4793,2026-08-07 13:42:55,2026-08-07 13:42:56,2026-08-07 13:42:56
211820,3140,HVEX2,COMPRA,435,166.8306,2.7574,2026-08-07 11:09:58,2026-08-07 11:10:00,2026-08-07 11:10:00
211821,1191,DMTZ8,COMPRA,180,153.7526,9.4703,2026-08-07 15:37:38,2026-08-07 15:37:40,2026-08-07 15:37:40
211822,1322,IJJK3,COMPRA,250,93.6012,5.6842,2026-08-07 17:04:14,2026-08-07 17:04:16,2026-08-07 17:04:16
211823,2130,RFNS7,COMPRA,365,90.0402,10.4920,2026-08-07 14:35:18,2026-08-07 14:35:18,2026-08-07 14:35:18
211824,1412,NYGT6,COMPRA,440,106.0952,12.1443,2026-08-07 14:02:15,2026-08-07 14:02:15,2026-08-07 14:02:15
211825,1152,IPXK2,COMPRA,375,360.9659,9.2255,2026-08-07 11:35:21,2026-08-07 11:35:21,2026-08-07 11:35:21
211826,1362,OVUQ2,COMPRA,365,50.5215,1.4215,2026-08-07 15:57:58,2026-08-07 15:57:59,2026-08-07 15:57:59
211827,2981,OVYL9,COMPRA,411,80.0166,12.0010,2026-08-07 16:45:59,2026-08-07 16:46:02,2026-08-07 16:46:02
211828,3494,WMQZ6,COMPRA,345,82.8335,7.3631,2026-08-07 11:13:42,2026-08-07 11:13:42,2026-08-07 11:13:42
211829,2933,RSBT4,COMPRA,290,494.2519,9.6621,2026-08-07 12:25:29,2026-08-07 12:25:31,2026-08-07 12:25:31
211830,2132,WXQM6,COMPRA,285,57.5198,11.7880,2026-08-07 17:08:16,2026-08-07 17:08:19,2026-08-07 17:08:19
211831,1225,DMTZ8,COMPRA,230,198.5645,8.6681,2026-08-07 15:36:30,2026-08-07 15:36:31,2026-08-07 15:36:31
211832,2444,WXFC8,COMPRA,210,107.4162,1.2490,2026-08-07 14:54:17,2026-08-07 14:54:18,2026-08-07 14:54:18
211833,1912,WHMT3,COMPRA,50,126.6847,3.9676,2026-08-07 10:26:59,2026-08-07 10:27:02,2026-08-07 10:27:02
211834,1432,QEUC2,COMPRA,470,201.8182,9.8417,2026-08-07 10:34:18,2026-08-07 10:34:19,2026-08-07 10:34:19
211835,1001,OVUQ2,COMPRA,315,50.1522,5.1808,2026-08-07 17:19:55,2026-08-07 17:19:55,2026-08-07 17:19:55
211836,2956,FRGH8,COMPRA,380,93.2007,6.6750,2026-08-07 13:04:23,2026-08-07 13:04:23,2026-08-07 13:04:23
211837,1037,JJVW6,COMPRA,295,150.8449,1.5282,2026-08-07 16:46:47,2026-08-07 16:46:47,2026-08-07 16:46:47
211838,1046,HCZM2,COMPRA,389,485.1386,3.9009,2026-08-07 15:36:59,2026-08-07 15:36:59,2026-08-07 15:36:59
211839,3336,FYZB6,COMPRA,110,73.9188,4.2053,2026-08-07 14:31:52,2026-08-07 14:31:53,2026-08-07 14:31:53
211840,3044,LQML9,COMPRA,130,125.9242,12.2512,2026-08-07 13:57:15,2026-08-07 13:57:15,2026-08-07 13:57:15
211841,2122,HVEX2,COMPRA,44,117.2052,8.4782,2026-08-07 17:21:39,2026-08-07 17:21:41,2026-08-07 17:21:41
211842,2996,QYBV3,COMPRA,363,79.7878,0.2167,2026-08-07 15:41:57,2026-08-07 15:41:57,2026-08-07 15:41:57
211843,1519,SGBG8,COMPRA,233,103.0722,3.6354,2026-08-07 14:39:18,2026-08-07 14:39:18,2026-08-07 14:39:18
211844,2046,TTHO3,COMPRA,55,32.2325,2.1718,2026-08-07 16:56:44,2026-08-07 16:56:44,2026-08-07 16:56:44
211845,2792,LQML9,COMPRA,62,110.9447,4.8465,2026-08-07 10:19:08,2026-08-07 10:19:10,2026-08-07 10:19:10
211846,2349,XAVL3,COMPRA,408,177.8152,8.1656,2026-08-07 15:59:40,2026-08-07 15:59:42,2026-08-07 15:59:42
211847,3003,JJVW6,COMPRA,480,112.8534,6.7142,2026-08-07 10:22:03,2026-08-07 10:22:06,2026-08-07 10:22:06
211848,1660,QTDZ2,COMPRA,250,46.7083,2.3177,2026-08-07 16:30:59,2026-08-07 16:30:59,2026-08-07 16:30:59
211849,2491,PZUP8,VENDA,325,163.7010,12.3733,2026-08-07 16:18:11,2026-08-07 16:18:14,2026-08-07 16:18:14
211850,3480,NAOF3,COMPRA,315,79.9219,0.6443,2026-08-07 17:05:36,2026-08-07 17:05:39,2026-08-07 17:05:39
211851,2565,XPVA7,COMPRA,35,447.4819,12.8590,2026-08-07 17:27:44,2026-08-07 17:27:45,2026-08-07 17:27:45
211852,1197,WIPB2,COMPRA,480,115.8396,10.3415,2026-08-07 10:01:49,2026-08-07 10:01:49,2026-08-07 10:01:49
211853,1211,NWGB4,COMPRA,275,132.9021,10.5883,2026-08-07 11:01:20,2026-08-07 11:01:21,2026-08-07 11:01:21
211854,3331,WMQZ6,COMPRA,475,60.2532,3.7326,2026-08-07 12:14:54,2026-08-07 12:14:57,2026-08-07 12:14:57
211855,3341,QEUC2,COMPRA,90,215.9445,3.1703,2026-08-07 12:31:34,2026-08-07 12:31:35,2026-08-07 12:31:35
211856,3190,SGBG8,COMPRA,40,69.0956,12.6183,2026-08-07 17:17:24,2026-08-07 17:17:26,2026-08-07 17:17:26
211857,2285,UFIU3,COMPRA,405,91.6106,4.3977,2026-08-07 10:38:12,2026-08-07 10:38:14,2026-08-07 10:38:14
211858,1861,HJRH5,COMPRA,285,142.1375,6.8946,2026-08-07 16:32:31,2026-08-07 16:32:34,2026-08-07 16:32:34
211859,1868,RSBT4,COMPRA,249,326.0792,1.1395,2026-08-07 15:03:13,2026-08-07 15:03:13,2026-08-07 15:03:13
211860,3012,DMTZ8,COMPRA,50,134.5605,6.6213,2026-08-07 13:33:57,2026-08-07 13:33:58,2026-08-07 13:33:58
211861,2164,ZAAS7,COMPRA,135,476.9971,12.3767,2026-08-07 12:51:53,2026-08-07 12:51:54,2026-08-07 12:51:54
211862,1658,JIPR4,COMPRA,492,33.8387,12.4519,2026-08-07 16:35:17,2026-08-07 16:35:18,2026-08-07 16:35:18
211863,3417,ZAAS7,COMPRA,45,391.1806,8.9758,2026-08-07 15:40:29,2026-08-07 15:40:30,2026-08-07 15:40:30
211864,1576,SUZL4,COMPRA,290,146.6050,5.6870,2026-08-07 15:32:21,2026-08-07 15:32:21,2026-08-07 15:32:21
211865,2405,UQJU7,COMPRA,124,86.1284,3.8027,2026-08-07 11:46:54,2026-08-07 11:46:54,2026-08-07 11:46:54
211866,1171,LQML9,COMPRA,344,164.3064,6.7693,2026-08-07 16:33:37,2026-08-07 16:33:40,2026-08-07 16:33:40
211867,1421,NGIU9,COMPRA,185,115.6470,10.5305,2026-08-07 11:27:30,2026-08-07 11:27:32,2026-08-07 11:27:32
211868,2468,UQJU7,COMPRA,160,70.9791,0.3884,2026-08-07 17:25:53,2026-08-07 17:25:53,2026-08-07 17:25:53
211869,3226,RSBT4,COMPRA,485,437.5983,10.9636,2026-08-07 12:11:15,2026-08-07 12:11:18,2026-08-07 12:11:18
211870,3509,FRGH8,COMPRA,60,80.6581,5.9008,2026-08-07 15:09:30,2026-08-07 15:09:33,2026-08-07 15:09:33
211871,1263,PSEN6,COMPRA,400,229.7934,9.2085,2026-08-07 14:08:01,2026-08-07 14:08:02,2026-08-07 14:08:02
211872,3121,UYFJ9,COMPRA,230,76.6424,3.7379,2026-08-07 13:26:45,2026-08-07 13:26:45,2026-08-07 13:26:45
211873,2322,CQJZ4,COMPRA,475,97.0143,8.9705,2026-08-07 11:21:02,2026-08-07 11:21:05,2026-08-07 11:21:05
211874,2927,RDOA3,COMPRA,280,108.9329,2.8425,2026-08-07 13:14:35,2026-08-07 13:14:37,2026-08-07 13:14:37
211875,1534,ECQD7,COMPRA,250,82.8217,9.3722,2026-08-07 15:44:34,2026-08-07 15:44:34,2026-08-07 15:44:34
211876,1864,AAUA7,COMPRA,125,104.8813,0.1138,2026-08-07 10:34:47,2026-08-07 10:34:47,2026-08-07 10:34:47
211877,1590,LIEG8,COMPRA,295,118.1047,5.8161,2026-08-07 14:03:27,2026-08-07 14:03:29,2026-08-07 14:03:29
211878,1119,ZAAS7,COMPRA,200,332.9168,0.9438,2026-08-07 16:13:41,2026-08-07 16:13:42,2026-08-07 16:13:42
211879,2720,NHYK8,COMPRA,7,62.2558,3.7383,2026-08-07 15:09:52,2026-08-07 15:09:53,2026-08-07 15:09:53
211880,3004,AAUA7,COMPRA,220,126.5013,9.6480,2026-08-07 10:27:07,2026-08-07 10:27:10,2026-08-07 10:27:10
211881,1666,SUZL4,COMPRA,115,150.6499,3.2197,2026-08-07 13:01:46,2026-08-07 13:01:48,2026-08-07 13:01:48
211882,1698,CQJZ4,COMPRA,355,91.4464,12.7528,2026-08-07 12:37:22,2026-08-07 12:37:25,2026-08-07 12:37:25
211883,2202,QTHQ1,COMPRA,5,23.9634,6.4518,2026-08-07 13:14:58,2026-08-07 13:15:01,2026-08-07 13:15:01
211884,3461,YRWH3,COMPRA,180,168.6892,6.0445,2026-08-07 11:01:38,2026-08-07 11:01:40,2026-08-07 11:01:40
211885,1510,GAKD5,COMPRA,215,334.4444,0.6745,2026-08-07 10:39:55,2026-08-07 10:39:55,2026-08-07 10:39:55
211886,2090,ZAAS7,COMPRA,215,429.9366,0.9370,2026-08-07 14:05:08,2026-08-07 14:05:10,2026-08-07 14:05:10
211887,1699,RYPL6,COMPRA,330,85.1246,10.0222,2026-08-07 15:58:37,2026-08-07 15:58:37,2026-08-07 15:58:37
211888,2734,SGBG8,COMPRA,415,89.4691,,2026-08-07 11:17:05,2026-08-07 11:17:08,2026-08-07 11:17:08
211889,2673,KQEO3,COMPRA,195,78.2845,12.7623,2026-08-07 12:06:12,2026-08-07 12:06:13,2026-08-07 12:06:13
211890,3130,QTHQ1,COMPRA,340,18.5989,11.7229,2026-08-07 14:00:19,2026-08-07 14:00:19,2026-08-07 14:00:19
211891,1816,ZHTL2,COMPRA,170,65.2497,7.1430,2026-08-07 17:02:00,2026-08-07 17:02:02,2026-08-07 17:02:02
211892,1134,ICSU4,COMPRA,355,156.3726,12.4010,2026-08-07 10:41:22,2026-08-07 10:41:22,2026-08-07 10:41:22
211893,2162,ZYVN7,COMPRA,383,69.3137,12.7992,2026-08-07 13:09:09,2026-08-07 13:09:12,2026-08-07 13:09:12
211894,3116,NWGB4,COMPRA,160,159.7622,12.6050,2026-08-07 16:50:05,2026-08-07 16:50:06,2026-08-07 16:50:06
211895,2668,YFAH5,COMPRA,240,199.8820,6.8966,2026-08-07 15:33:09,2026-08-07 15:33:11,2026-08-07 15:33:11
211896,3023,CQIL9,COMPRA,260,44.7992,10.6970,2026-08-07 15:29:58,2026-08-07 15:29:58,2026-08-07 15:29:58
211897,2017,TVCE9,COMPRA,385,69.5616,4.8517,2026-08-07 10:54:45,2026-08-07 10:54:48,2026-08-07 10:54:48
211898,3285,UQIQ7,VENDA,260,72.2521,1.5803,2026-08-07 15:51:55,2026-08-07 15:51:56,2026-08-07 15:51:56
211899,2770,UCHR6,COMPRA,89,438.9020,9.5643,2026-08-07 16:20:09,2026-08-07 16:20:11,2026-08-07 16:20:11
211900,2585,NREP8,COMPRA,40,119.6467,1.0818,2026-08-07 11:37:13,2026-08-07 11:37:16,2026-08-07 11:37:16
211901,1818,TBWG2,COMPRA,495,63.1121,6.6450,2026-08-07 14:19:54,2026-08-07 14:19:55,2026-08-07 14:19:55
211902,2795,IWFI1,COMPRA,355,134.2834,7.6416,2026-08-07 15:38:30,2026-08-07 15:38:33,2026-08-07 15:38:33
211903,1134,XOVY4,COMPRA,155,124.9630,7.3964,2026-08-07 14:02:32,2026-08-07 14:02:32,2026-08-07 14:02:32
211904,1097,ZYVN7,COMPRA,495,64.3274,11.3615,2026-08-07 16:23:15,2026-08-07 16:23:16,2026-08-07 16:23:16
211905,2335,TXHR8,COMPRA,145,91.3655,12.2167,2026-08-07 15:42:19,2026-08-07 15:42:21,2026-08-07 15:42:21
211906,3387,HJRH5,COMPRA,445,165.0797,7.6531,2026-08-07 16:36:04,2026-08-07 16:36:07,2026-08-07 16:36:07
211907,1845,FRGH8,COMPRA,355,80.1917,7.2668,2026-08-07 10:24:57,2026-08-07 10:24:57,2026-08-07 10:24:57
211908,2295,TXHR8,COMPRA,80,98.1480,9.5770,2026-08-07 11:48:03,2026-08-07 11:48:03,2026-08-07 11:48:03
211909,2015,RMRT1,COMPRA,455,114.7197,9.0398,2026-08-07 12:27:46,2026-08-07 12:27:47,2026-08-07 12:27:47
211910,2560,WHMT3,COMPRA,465,94.3367,5.7489,2026-08-07 15:36:17,2026-08-07 15:36:17,2026-08-07 15:36:17
211911,1459,KFSY2,COMPRA,201,130.0842,3.2422,2026-08-07 10:15:39,2026-08-07 10:15:39,2026-08-07 10:15:39
211912,2319,QHFL8,COMPRA,35,173.2517,9.4235,2026-08-07 14:49:28,2026-08-07 14:49:30,2026-08-07 14:49:30
211913,3367,OXVD8,COMPRA,100,65.9050,1.9003,2026-08-07 10:42:48,2026-08-07 10:42:49,2026-08-07 10:42:49
211914,2436,ZYVN7,COMPRA,350,72.8712,1.4165,2026-08-07 12:23:18,2026-08-07 12:23:19,2026-08-07 12:23:19
211915,2179,JJVW6,COMPRA,80,143.7922,2.9617,2026-08-07 10:48:31,2026-08-07 10:48:32,2026-08-07 10:48:32
211916,3030,SRDU1,COMPRA,213,90.3248,3.7310,2026-08-07 14:18:39,2026-08-07 14:18:40,2026-08-07 14:18:40
211917,1244,JDJG6,COMPRA,85,82.0409,4.2807,2026-08-07 16:30:42,2026-08-07 16:30:43,2026-08-07 16:30:43
211918,1562,PBZM6,COMPRA,180,70.5803,0.2342,2026-08-07 11:52:32,2026-08-07 11:52:34,2026-08-07 11:52:34
211919,1845,JDJG6,VENDA,195,63.9214,7.6543,2026-08-07 11:19:16,2026-08-07 11:19:16,2026-08-07 11:19:16
211920,3337,YIHC3,COMPRA,60,57.5401,2.5502,2026-08-07 10:26:57,2026-08-07 10:26:59,2026-08-07 10:26:59
211921,2944,BXFJ9,COMPRA,470,127.4625,1.7078,2026-08-07 12:30:50,2026-08-07 12:30:52,2026-08-07 12:30:52
211922,3050,XAVL3,COMPRA,240,224.1166,6.9003,2026-08-07 12:31:04,2026-08-07 12:31:07,2026-08-07 12:31:07
211923,1780,NAOF3,COMPRA,405,68.9921,3.5925,2026-08-07 17:06:42,2026-08-07 17:06:45,2026-08-07 17:06:45
211924,2368,OVUQ2,COMPRA,420,50.6632,5.5854,2026-08-07 16:22:53,2026-08-07 16:22:53,2026-08-07 16:22:53
211925,2853,IWAK1,VENDA,115,75.5355,5.5511,2026-08-07 13:53:28,2026-08-07 13:53:29,2026-08-07 13:53:29
211926,1182,JDJG6,COMPRA,5,82.2843,5.8421,2026-08-07 16:46:15,2026-08-07 16:46:17,2026-08-07 16:46:17
211927,1572,WXFC8,COMPRA,110,73.9381,3.4934,2026-08-07 13:13:02,2026-08-07 13:13:05,2026-08-07 13:13:05
211928,1520,ZYVN7,COMPRA,455,60.0732,2.4385,2026-08-07 10:59:48,2026-08-07 10:59:48,2026-08-07 10:59:48
211929,1634,NREP8,COMPRA,195,102.4001,0.6801,2026-08-07 11:10:38,2026-08-07 11:10:39,2026-08-07 11:10:39
211930,2857,LGKU6,COMPRA,305,97.8659,4.8713,2026-08-07 11:53:05,2026-08-07 11:53:08,2026-08-07 11:53:08
211931,3031,SRDU1,COMPRA,500,95.0315,2.4985,2026-08-07 12:23:34,2026-08-07 12:23:36,2026-08-07 12:23:36
211932,2103,DHRM5,COMPRA,290,328.5266,0.8332,2026-08-07 16:14:07,2026-08-07 16:14:10,2026-08-07 16:14:10
211933,1161,MOLF3,COMPRA,120,49.9686,6.9580,2026-08-07 16:25:21,2026-08-07 16:25:24,2026-08-07 16:25:24
211934,1951,NQYT3,COMPRA,375,54.8458,10.8346,2026-08-07 14:13:00,2026-08-07 14:13:00,2026-08-07 14:13:00
211935,1664,MCHX2,COMPRA,155,134.9215,3.3805,2026-08-07 16:35:47,2026-08-07 16:35:50,2026-08-07 16:35:50
211936,2161,YCCK8,COMPRA,340,422.8353,10.4782,2026-08-07 13:17:18,2026-08-07 13:17:20,2026-08-07 13:17:20
211937,2956,RMRT1,COMPRA,157,108.9262,11.5441,2026-08-07 13:46:14,2026-08-07 13:46:15,2026-08-07 13:46:15
211938,1476,ECQD7,COMPRA,480,110.5648,9.6721,2026-08-07 12:03:05,2026-08-07 12:03:05,2026-08-07 12:03:05
211939,1387,UVEY5,COMPRA,420,97.3789,5.6660,2026-08-07 13:11:41,2026-08-07 13:11:41,2026-08-07 13:11:41
211940,1847,UCHR6,COMPRA,375,415.9747,5.4073,2026-08-07 13:16:57,2026-08-07 13:17:00,2026-08-07 13:17:00
211941,2541,LCCH9,COMPRA,287,10.3233,1.2319,2026-08-07 12:18:01,2026-08-07 12:18:03,2026-08-07 12:18:03
211942,2851,SRDU1,COMPRA,245,100.4832,9.4221,2026-08-07 14:33:39,2026-08-07 14:33:41,2026-08-07 14:33:41
211943,2844,KFSY2,COMPRA,190,90.5413,11.6778,2026-08-07 10:18:45,2026-08-07 10:18:45,2026-08-07 10:18:45
211944,1125,UQJU7,COMPRA,90,89.0587,11.3401,2026-08-07 10:43:18,2026-08-07 10:43:19,2026-08-07 10:43:19
211945,2258,TVCE9,COMPRA,435,52.2741,4.9477,2026-08-07 15:01:48,2026-08-07 15:01:50,2026-08-07 15:01:50
211946,1757,MJDL9,COMPRA,155,32.3451,8.0641,2026-08-07 10:26:16,2026-08-07 10:26:17,2026-08-07 10:26:17
211947,1741,ERTC4,COMPRA,381,50.4853,11.4298,2026-08-07 12:26:22,2026-08-07 12:26:25,2026-08-07 12:26:25
211948,1879,VLEB3,COMPRA,55,458.2368,0.4783,2026-08-07 10:57:58,2026-08-07 10:57:59,2026-08-07 10:57:59
211949,1835,ACSV1,COMPRA,405,111.6944,7.2952,2026-08-07 16:42:20,2026-08-07 16:42:20,2026-08-07 16:42:20
211950,2237,HVEX2,COMPRA,416,104.7240,0.2035,2026-08-07 16:59:36,2026-08-07 16:59:36,2026-08-07 16:59:36
211951,2982,MCMT2,COMPRA,493,85.1960,9.8747,2026-08-07 12:27:53,2026-08-07 12:27:56,2026-08-07 12:27:56
211952,2383,XAVL3,COMPRA,265,213.9987,4.7611,2026-08-07 13:34:33,2026-08-07 13:34:34,2026-08-07 13:34:34
211953,3472,QTDZ2,COMPRA,430,38.0499,5.3367,2026-08-07 17:13:46,2026-08-07 17:13:46,2026-08-07 17:13:46
211954,3383,NWGB4,COMPRA,335,144.6502,7.8530,2026-08-07 13:06:48,2026-08-07 13:06:51,2026-08-07 13:06:51
211955,3112,AYFQ2,COMPRA,280,10.2392,11.4471,2026-08-07 15:03:25,2026-08-07 15:03:27,2026-08-07 15:03:27
211956,2330,VLEB3,COMPRA,265,379.2629,1.0307,2026-08-07 16:59:02,2026-08-07 16:59:02,2026-08-07 16:59:02
211957,2475,RSBT4,COMPRA,405,401.1221,6.1417,2026-08-07 13:35:58,2026-08-07 13:35:58,2026-08-07 13:35:58
211958,2773,SVOZ4,COMPRA,95,42.2478,12.0028,2026-08-07 12:57:17,2026-08-07 12:57:18,2026-08-07 12:57:18
211959,1835,MCMT2,COMPRA,20,83.7629,5.2820,2026-08-07 16:57:16,2026-08-07 16:57:17,2026-08-07 16:57:17
211960,2477,EEYY9,COMPRA,251,185.9400,9.7730,2026-08-07 16:33:38,2026-08-07 16:33:38,2026-08-07 16:33:38
211961,1837,KHGP6,COMPRA,155,106.3459,12.7618,2026-08-07 10:39:36,2026-08-07 10:39:38,2026-08-07 10:39:38
211962,2605,DFGR7,COMPRA,120,107.4654,11.1548,2026-08-07 16:08:37,2026-08-07 16:08:39,2026-08-07 16:08:39
211963,1901,YOWA1,COMPRA,66,51.7739,0.7536,2026-08-07 13:20:14,2026-08-07 13:20:16,2026-08-07 13:20:16
211964,1347,OVUQ2,COMPRA,142,38.3697,4.4499,2026-08-07 14:01:03,2026-08-07 14:01:04,2026-08-07 14:01:04
211965,2714,KHGP6,COMPRA,480,97.2504,10.4989,2026-08-07 14:43:23,2026-08-07 14:43:24,2026-08-07 14:43:24
211966,3351,RHXV4,VENDA,100,58.4041,7.9903,2026-08-07 13:47:19,2026-08-07 13:47:20,2026-08-07 13:47:20
211967,2392,DGBT6,COMPRA,342,87.4943,6.1825,2026-08-07 15:17:20,2026-08-07 15:17:23,2026-08-07 15:17:23
211968,1241,ICSU4,COMPRA,495,146.3691,2.0937,2026-08-07 11:25:24,2026-08-07 11:25:27,2026-08-07 11:25:27
211969,1622,FYZB6,COMPRA,185,56.7064,10.5465,2026-08-07 11:21:28,2026-08-07 11:21:31,2026-08-07 11:21:31
211970,2689,GULD2,COMPRA,37,139.6482,0.5565,2026-08-07 10:07:41,2026-08-07 10:07:42,2026-08-07 10:07:42
211971,2212,AAUA7,COMPRA,10,162.2189,4.2836,2026-08-07 10:09:10,2026-08-07 10:09:12,2026-08-07 10:09:12
211972,2978,SRDU1,COMPRA,460,90.9731,3.6168,2026-08-07 15:36:09,2026-08-07 15:36:12,2026-08-07 15:36:12
211973,2865,IPXK2,COMPRA,380,271.3462,12.8265,2026-08-07 11:26:48,2026-08-07 11:26:51,2026-08-07 11:26:51
211974,2565,SVOZ4,COMPRA,280,35.1993,10.1302,2026-08-07 13:04:48,2026-08-07 13:04:48,2026-08-07 13:04:48
211975,1919,DSFC9,COMPRA,455,370.5170,11.8904,2026-08-07 15:19:44,2026-08-07 15:19:44,2026-08-07 15:19:44
211976,1071,QTDZ2,COMPRA,135,62.1920,9.2629,2026-08-07 17:08:15,2026-08-07 17:08:15,2026-08-07 17:08:15
211977,1579,SVOZ4,COMPRA,160,53.8945,9.8896,2026-08-07 14:41:57,2026-08-07 14:42:00,2026-08-07 14:42:00
211978,2514,TTHO3,COMPRA,205,31.5284,0.0874,2026-08-07 17:23:18,2026-08-07 17:23:19,2026-08-07 17:23:19
211979,3341,QTHQ1,COMPRA,185,21.8385,1.3642,2026-08-07 11:42:41,2026-08-07 11:42:44,2026-08-07 11:42:44
211980,3367,WHMT3,COMPRA,340,91.2500,3.3750,2026-08-07 11:57:36,2026-08-07 11:57:39,2026-08-07 11:57:39
211981,1506,QEUC2,COMPRA,419,203.8983,7.1265,2026-08-07 10:54:53,2026-08-07 10:54:53,2026-08-07 10:54:53
211982,2938,BOCS8,COMPRA,500,51.0629,3.6505,2026-08-07 14:36:51,2026-08-07 14:36:52,2026-08-07 14:36:52
211983,1980,QTDZ2,COMPRA,232,39.8753,9.6663,2026-08-07 15:36:59,2026-08-07 15:36:59,2026-08-07 15:36:59
211984,1851,GFDF2,COMPRA,45,76.6702,5.9196,2026-08-07 15:20:35,2026-08-07 15:20:36,2026-08-07 15:20:36
211985,1418,IWAK1,COMPRA,175,89.6828,8.2246,2026-08-07 11:05:18,2026-08-07 11:05:19,2026-08-07 11:05:19
211986,2698,LIEG8,COMPRA,280,98.5189,2.9743,2026-08-07 16:42:52,2026-08-07 16:42:52,2026-08-07 16:42:52
211987,1042,ZYVN7,COMPRA,100,75.4641,1.0130,2026-08-07 11:34:16,2026-08-07 11:34:16,2026-08-07 11:34:16
211988,2722,UFMA7,COMPRA,445,156.9496,1.3687,2026-08-07 14:53:39,2026-08-07 14:53:42,2026-08-07 14:53:42
211989,2211,MGRR2,COMPRA,20,155.5170,7.0850,2026-08-07 11:06:22,2026-08-07 11:06:22,2026-08-07 11:06:22
211990,1234,QTDZ2,COMPRA,165,60.1030,3.0226,2026-08-07 14:18:05,2026-08-07 14:18:08,2026-08-07 14:18:08
211991,2315,NHYK8,COMPRA,355,77.3243,2.5572,2026-08-07 16:44:22,2026-08-07 16:44:25,2026-08-07 16:44:25
211992,3410,NWGB4,COMPRA,301,99.8727,10.9980,2026-08-07 16:52:28,2026-08-07 16:52:31,2026-08-07 16:52:31
211993,2337,YOWA1,VENDA,95,47.5781,11.9103,2026-08-07 17:28:01,2026-08-07 17:28:04,2026-08-07 17:28:04
211994,3288,OVYL9,COMPRA,10,60.0000,7.3457,2026-08-07 12:55:57,2026-08-07 12:55:59,2026-08-07 12:55:59
211995,3083,XTVW5,COMPRA,432,115.0824,4.6803,2026-08-07 14:16:18,2026-08-07 14:16:21,2026-08-07 14:16:21
211996,2371,ZAAS7,COMPRA,165,358.8919,11.3522,2026-08-07 10:12:36,2026-08-07 10:12:39,2026-08-07 10:12:39
211997,1215,HCZM2,COMPRA,130,443.3533,4.0228,2026-08-07 13:07:00,2026-08-07 13:07:01,2026-08-07 13:07:01
211998,2797,DQSN6,COMPRA,395,122.8415,8.5616,2026-08-07 11:13:28,2026-08-07 11:13:29,2026-08-07 11:13:29
211999,1761,DEGN5,COMPRA,381,107.9588,2.9309,2026-08-07 12:55:37,2026-08-07 12:55:37,2026-08-07 12:55:37
212000,3464,AYFQ2,COMPRA,283,10.2610,11.9450,2026-08-07 15:07:33,2026-08-07 15:07:34,2026-08-07 15:07:34
212001,1688,YOWA1,COMPRA,180,69.0664,1.6646,2026-08-07 10:12:32,2026-08-07 10:12:32,2026-08-07 10:12:32
212002,1589,WMQZ6,COMPRA,135,78.4340,5.1072,2026-08-07 11:19:58,2026-08-07 11:19:59,2026-08-07 11:19:59
212003,2072,MCMT2,COMPRA,91,91.2691,11.3817,2026-08-07 15:45:53,2026-08-07 15:45:54,2026-08-07 15:45:54
212004,2145,YIHC3,COMPRA,60,64.2087,4.6301,2026-08-07 15:11:29,2026-08-07 15:11:31,2026-08-07 15:11:31
212005,2377,GULD2,COMPRA,479,115.7339,3.9745,2026-08-07 13:42:46,2026-08-07 13:42:48,2026-08-07 13:42:48
212006,1346,NUJZ2,COMPRA,175,40.5453,12.5653,2026-08-07 13:12:01,2026-08-07 13:12:04,2026-08-07 13:12:04
212007,3390,QHFL8,COMPRA,175,169.3517,4.2527,2026-08-07 16:00:59,2026-08-07 16:01:02,2026-08-07 16:01:02
212008,3478,LCCH9,COMPRA,330,8.2143,7.8519,2026-08-07 16:30:34,2026-08-07 16:30:35,2026-08-07 16:30:35
212009,1264,MCHX2,COMPRA,445,94.0262,10.6934,2026-08-07 15:36:04,2026-08-07 15:36:07,2026-08-07 15:36:07
212010,3063,DQSN6,COMPRA,225,159.9261,12.2322,2026-08-07 11:32:45,2026-08-07 11:32:45,2026-08-07 11:32:45
212011,1385,GAKD5,COMPRA,330,338.9938,7.4703,2026-08-07 12:48:43,2026-08-07 12:48:45,2026-08-07 12:48:45
212012,2657,NUJZ2,COMPRA,360,41.6269,1.7969,2026-08-07 14:25:19,2026-08-07 14:25:21,2026-08-07 14:25:21
212013,2079,UFMA7,COMPRA,65,186.6142,9.7536,2026-08-07 11:29:09,2026-08-07 11:29:10,2026-08-07 11:29:10
212014,1051,ENRZ2,COMPRA,450,79.5828,7.7173,2026-08-07 15:25:36,2026-08-07 15:25:37,2026-08-07 15:25:37
212015,1551,YFAH5,COMPRA,460,189.9804,5.3792,2026-08-07 10:24:57,2026-08-07 10:24:59,2026-08-07 10:24:59
212016,3123,DQSN6,COMPRA,360,152.4917,2.1270,2026-08-07 14:22:48,2026-08-07 14:22:49,2026-08-07 14:22:49
212017,2457,BXFJ9,COMPRA,180,180.4750,9.1498,2026-08-07 10:55:44,2026-08-07 10:55:45,2026-08-07 10:55:45
212018,1339,GKQC5,COMPRA,425,105.9213,8.7179,2026-08-07 13:59:43,2026-08-07 13:59:46,2026-08-07 13:59:46
212019,3299,UVEY5,VENDA,160,95.4717,0.1835,2026-08-07 15:14:04,2026-08-07 15:14:05,2026-08-07 15:14:05
212020,2325,HJRH5,COMPRA,185,164.2525,2.5755,2026-08-07 11:45:43,2026-08-07 11:45:46,2026-08-07 11:45:46
212021,2398,HCLJ8,COMPRA,170,127.9406,7.3214,2026-08-07 15:45:32,2026-08-07 15:45:33,2026-08-07 15:45:33
212022,1633,DEGN5,COMPRA,82,89.2198,2.1242,2026-08-07 12:12:52,2026-08-07 12:12:53,2026-08-07 12:12:53
212023,3332,QHFL8,COMPRA,120,144.2561,5.8670,2026-08-07 12:34:04,2026-08-07 12:34:07,2026-08-07 12:34:07
212024,2734,LGKU6,COMPRA,284,73.4979,12.7206,2026-08-07 15:00:57,2026-08-07 15:01:00,2026-08-07 15:01:00
212025,1136,RHXV4,COMPRA,320,57.2594,2.8117,2026-08-07 10:34:19,2026-08-07 10:34:22,2026-08-07 10:34:22
212026,2032,NGIU9,COMPRA,425,119.8867,0.8631,2026-08-07 14:14:15,2026-08-07 14:14:18,2026-08-07 14:14:18
212027,2888,AAWB3,COMPRA,440,179.1256,7.7309,2026-08-07 16:21:55,2026-08-07 16:21:57,2026-08-07 16:21:57
212028,3349,XTVW5,COMPRA,140,89.4795,12.5025,2026-08-07 15:26:13,2026-08-07 15:26:14,2026-08-07 15:26:14
212029,1868,UQIQ7,COMPRA,195,93.7412,7.2945,2026-08-07 13:12:08,2026-08-07 13:12:10,2026-08-07 13:12:10
212030,3333,NQYT3,COMPRA,210,58.4869,7.2766,2026-08-07 16:10:05,2026-08-07 16:10:08,2026-08-07 16:10:08
212031,1586,RHXV4,COMPRA,140,73.1862,3.9519,2026-08-07 10:23:34,2026-08-07 10:23:34,2026-08-07 10:23:34
212032,1784,DMTZ8,COMPRA,65,155.2278,10.5857,2026-08-07 14:33:55,2026-08-07 14:33:56,2026-08-07 14:33:56
212033,3162,QTHQ1,VENDA,105,18.3662,5.9187,2026-08-07 16:59:08,2026-08-07 16:59:11,2026-08-07 16:59:11
212034,2026,JIPR4,COMPRA,110,30.7891,11.7210,2026-08-07 15:18:54,2026-08-07 15:18:55,2026-08-07 15:18:55
212035,1516,YFAH5,COMPRA,225,189.5467,0.3101,2026-08-07 16:21:08,2026-08-07 16:21:11,2026-08-07 16:21:11
212036,1796,VLEB3,COMPRA,445,301.9173,9.1450,2026-08-07 16:44:22,2026-08-07 16:44:22,2026-08-07 16:44:22
212037,1409,DFGR7,COMPRA,60,89.0143,0.5676,2026-08-07 14:19:58,2026-08-07 14:20:01,2026-08-07 14:20:01
212038,1862,ZAAS7,COMPRA,495,320.6120,7.0768,2026-08-07 15:28:10,2026-08-07 15:28:13,2026-08-07 15:28:13
212039,1130,AAWB3,COMPRA,20,195.0501,11.3981,2026-08-07 11:44:36,2026-08-07 11:44:37,2026-08-07 11:44:37
212040,3273,SGBG8,COMPRA,277,83.1251,12.1721,2026-08-07 16:40:07,2026-08-07 16:40:09,2026-08-07 16:40:09
212041,2928,XLZM9,COMPRA,452,43.5071,3.6866,2026-08-07 13:36:15,2026-08-07 13:36:17,2026-08-07 13:36:17
212042,3348,ICSU4,COMPRA,435,119.1854,1.7895,2026-08-07 15:04:24,2026-08-07 15:04:24,2026-08-07 15:04:24
212043,1996,MGRR2,COMPRA,305,156.4747,6.5926,2026-08-07 11:41:31,2026-08-07 11:41:34,2026-08-07 11:41:34
212044,2668,ENRZ2,COMPRA,169,95.9358,2.9844,2026-08-07 17:20:59,2026-08-07 17:21:01,2026-08-07 17:21:01
212045,1856,BXFJ9,COMPRA,215,122.7875,10.8956,2026-08-07 16:19:13,2026-08-07 16:19:14,2026-08-07 16:19:14
212046,2127,NGIU9,COMPRA,305,86.7376,0.2002,2026-08-07 15:06:19,2026-08-07 15:06:21,2026-08-07 15:06:21
212047,2497,ZHTL2,COMPRA,30,70.8027,5.2456,2026-08-07 14:11:43,2026-08-07 14:11:46,2026-08-07 14:11:46
212048,1262,ACSV1,COMPRA,180,106.8734,12.4446,2026-08-07 17:17:05,2026-08-07 17:17:07,2026-08-07 17:17:07
212049,1559,SRDU1,COMPRA,110,98.7746,1.5964,2026-08-07 12:14:09,2026-08-07 12:14:09,2026-08-07 12:14:09
212050,2500,GAKD5,COMPRA,202,330.8090,6.6555,2026-08-07 13:21:16,2026-08-07 13:21:17,2026-08-07 13:21:17
212051,1963,NPEM3,COMPRA,490,76.9257,11.1272,2026-08-07 14:34:03,2026-08-07 14:34:06,2026-08-07 14:34:06
212052,1843,PBZM6,COMPRA,35,74.3083,4.8009,2026-08-07 11:21:48,2026-08-07 11:21:51,2026-08-07 11:21:51
212053,1942,UQIQ7,COMPRA,360,85.9608,12.1223,2026-08-07 10:35:33,2026-08-07 10:35:36,2026-08-07 10:35:36
212054,2580,HVEX2,COMPRA,220,142.2414,9.7120,2026-08-07 13:11:52,2026-08-07 13:11:52,2026-08-07 13:11:52
212055,3237,ZAAS7,COMPRA,85,520.9975,2.0594,2026-08-07 13:34:29,2026-08-07 13:34:30,2026-08-07 13:34:30
212056,3240,WIPB2,COMPRA,3,93.5446,5.8673,2026-08-07 14:12:34,2026-08-07 14:12:34,2026-08-07 14:12:34
212057,1540,QATW7,COMPRA,465,44.8595,3.3312,2026-08-07 16:25:07,2026-08-07 16:25:09,2026-08-07 16:25:09
212058,2609,HJRH5,VENDA,45,188.9735,3.0501,2026-08-07 16:12:51,2026-08-07 16:12:54,2026-08-07 16:12:54
212059,2885,DQSN6,COMPRA,335,108.2871,12.2594,2026-08-07 11:59:17,2026-08-07 11:59:17,2026-08-07 11:59:17
212060,3003,NHYK8,COMPRA,35,83.0982,3.4369,2026-08-07 12:26:44,2026-08-07 12:26:44,2026-08-07 12:26:44
212061,1338,RSBT4,COMPRA,190,408.2335,7.5149,2026-08-07 16:34:05,2026-08-07 16:34:08,2026-08-07 16:34:08
212062,1454,QTDZ2,COMPRA,34,62.8315,12.7984,2026-08-07 13:43:21,2026-08-07 13:43:21,2026-08-07 13:43:21
212063,1417,ZYVN7,COMPRA,115,85.7465,6.2799,2026-08-07 12:35:30,2026-08-07 12:35:32,2026-08-07 12:35:32
212064,1305,UQIQ7,COMPRA,331,98.8041,5.1901,2026-08-07 13:26:15,2026-08-07 13:26:17,2026-08-07 13:26:17
212065,1110,LIEG8,COMPRA,330,106.9939,9.9686,2026-08-07 15:41:19,2026-08-07 15:41:21,2026-08-07 15:41:21
212066,2274,LCCH9,COMPRA,250,6.6642,8.0667,2026-08-07 15:31:22,2026-08-07 15:31:22,2026-08-07 15:31:22
212067,1966,UFMA7,COMPRA,220,197.0175,8.6497,2026-08-07 15:11:24,2026-08-07 15:11:25,2026-08-07 15:11:25
212068,2936,LQML9,COMPRA,174,136.7928,4.5500,2026-08-07 17:27:32,2026-08-07 17:27:32,2026-08-07 17:27:32
212069,3183,UVEY5,COMPRA,140,103.7665,4.8862,2026-08-07 16:54:03,2026-08-07 16:54:04,2026-08-07 16:54:04
212070,2059,MJDL9,COMPRA,265,29.7935,11.9109,2026-08-07 10:12:40,2026-08-07 10:12:42,2026-08-07 10:12:42
212071,2262,RYPL6,COMPRA,40,69.9078,8.1078,2026-08-07 11:43:03,2026-08-07 11:43:05,2026-08-07 11:43:05
212072,2561,YYLA4,COMPRA,495,208.3085,0.6294,2026-08-07 11:19:34,2026-08-07 11:19:36,2026-08-07 11:19:36
212073,2684,SVOZ4,COMPRA,225,44.1234,8.6856,2026-08-07 13:26:33,2026-08-07 13:26:34,2026-08-07 13:26:34
212074,1742,IJJK3,VENDA,375,113.4065,11.5338,2026-08-07 16:08:31,2026-08-07 16:08:34,2026-08-07 16:08:34
212075,2967,YYLA4,COMPRA,202,160.1878,5.5805,2026-08-07 13:59:31,2026-08-07 13:59:31,2026-08-07 13:59:31
212076,2514,YRWH3,COMPRA,495,203.2921,8.9244,2026-08-07 14:01:25,2026-08-07 14:01:28,2026-08-07 14:01:28
212077,1557,ENRZ2,COMPRA,215,117.7916,6.5279,2026-08-07 12:16:16,2026-08-07 12:16:19,2026-08-07 12:16:19
212078,2079,EEYY9,COMPRA,165,131.0565,4.8106,2026-08-07 16:30:27,2026-08-07 16:30:29,2026-08-07 16:30:29
212079,1033,RIET5,COMPRA,275,109.7149,1.1164,2026-08-07 10:33:04,2026-08-07 10:33:05,2026-08-07 10:33:05
212080,2801,MCMT2,COMPRA,440,81.4637,1.0681,2026-08-07 16:39:10,2026-08-07 16:39:10,2026-08-07 16:39:10
212081,2988,ENRZ2,COMPRA,310,111.1706,1.2724,2026-08-07 14:36:13,2026-08-07 14:36:15,2026-08-07 14:36:15
212082,1353,FRGH8,COMPRA,45,60.0000,1.1840,2026-08-07 13:11:33,2026-08-07 13:11:33,2026-08-07 13:11:33
212083,1121,JIPA6,COMPRA,170,31.4825,8.6175,2026-08-07 15:18:55,2026-08-07 15:18:57,2026-08-07 15:18:57
212084,1732,MCMT2,COMPRA,278,93.1477,0.8627,2026-08-07 10:18:24,2026-08-07 10:18:24,2026-08-07 10:18:24
212085,1541,PZUP8,VENDA,60,137.7856,3.7362,2026-08-07 13:49:58,2026-08-07 13:49:58,2026-08-07 13:49:58
212086,2667,MOLF3,COMPRA,90,56.3330,1.5703,2026-08-07 14:29:45,2026-08-07 14:29:46,2026-08-07 14:29:46
212087,1234,ERTC4,COMPRA,350,59.8973,3.1466,2026-08-07 13:47:42,2026-08-07 13:47:43,2026-08-07 13:47:43
212088,1819,UQIQ7,COMPRA,480,74.7225,5.5916,2026-08-07 11:06:50,2026-08-07 11:06:51,2026-08-07 11:06:51
212089,2678,XPVA7,COMPRA,430,566.4389,12.4137,2026-08-07 12:44:08,2026-08-07 12:44:09,2026-08-07 12:44:09
212090,2358,ICSU4,COMPRA,265,126.3297,12.5940,2026-08-07 16:10:53,2026-08-07 16:10:55,2026-08-07 16:10:55
212091,2236,ZYVN7,COMPRA,440,81.0824,7.4141,2026-08-07 16:34:37,2026-08-07 16:34:38,2026-08-07 16:34:38
212092,1229,CQIL9,COMPRA,145,38.8029,5.9301,2026-08-07 15:53:18,2026-08-07 15:53:19,2026-08-07 15:53:19
212093,2795,PQUT9,COMPRA,255,78.5267,4.0807,2026-08-07 15:47:16,2026-08-07 15:47:16,2026-08-07 15:47:16
212094,1755,WXQM6,COMPRA,140,39.0631,11.0511,2026-08-07 15:20:46,2026-08-07 15:20:47,2026-08-07 15:20:47
212095,2646,RMRT1,COMPRA,219,119.5466,9.7069,2026-08-07 12:52:29,2026-08-07 12:52:30,2026-08-07 12:52:30
212096,2132,TBWG2,COMPRA,245,75.9742,1.6796,2026-08-07 13:44:58,2026-08-07 13:45:00,2026-08-07 13:45:00
212097,2043,GFDF2,COMPRA,126,98.9674,6.9783,2026-08-07 16:24:38,2026-08-07 16:24:39,2026-08-07 16:24:39
212098,1929,DSFC9,COMPRA,285,391.1637,4.0476,2026-08-07 13:36:16,2026-08-07 13:36:18,2026-08-07 13:36:18
212099,2378,SVOZ4,COMPRA,35,39.0400,3.6037,2026-08-07 15:30:20,2026-08-07 15:30:20,2026-08-07 15:30:20
212100,2756,YYLA4,COMPRA,95,224.1786,1.1224,2026-08-07 15:00:42,2026-08-07 15:00:42,2026-08-07 15:00:42
212101,2219,AAWB3,COMPRA,255,149.7658,11.3857,2026-08-07 16:15:05,2026-08-07 16:15:07,2026-08-07 16:15:07
212102,3205,AYFQ2,COMPRA,336,9.0785,9.5906,2026-08-07 11:30:43,2026-08-07 11:30:43,2026-08-07 11:30:43
212103,1117,MGRR2,COMPRA,470,151.7263,12.2927,2026-08-07 17:15:18,2026-08-07 17:15:19,2026-08-07 17:15:19
212104,3078,UFIU3,COMPRA,165,68.0709,2.5343,2026-08-07 11:41:52,2026-08-07 11:41:54,2026-08-07 11:41:54
212105,2220,RHXV4,COMPRA,255,55.8236,2.3590,2026-08-07 13:25:02,2026-08-07 13:25:02,2026-08-07 13:25:02
212106,1963,MGRR2,COMPRA,296,154.9533,4.9838,2026-08-07 10:11:21,2026-08-07 10:11:23,2026-08-07 10:11:23
212107,2384,TBWG2,COMPRA,150,91.4987,0.8753,2026-08-07 15:08:45,2026-08-07 15:08:47,2026-08-07 15:08:47
212108,1187,EEYY9,COMPRA,15,146.9960,1.1675,2026-08-07 11:22:16,2026-08-07 11:22:19,2026-08-07 11:22:19
212109,2957,UFMA7,COMPRA,187,130.9514,6.8496,2026-08-07 14:48:22,2026-08-07 14:48:22,2026-08-07 14:48:22
212110,2473,ZAAS7,COMPRA,345,441.9534,12.8532,2026-08-07 13:13:48,2026-08-07 13:13:51,2026-08-07 13:13:51
212111,3492,NHYK8,COMPRA,275,61.5171,7.2000,2026-08-07 11:26:02,2026-08-07 11:26:02,2026-08-07 11:26:02
212112,3252,DEGN5,COMPRA,85,83.2189,2.7587,2026-08-07 15:06:41,2026-08-07 15:06:42,2026-08-07 15:06:42
212113,1526,XTVW5,COMPRA,105,100.6922,5.7486,2026-08-07 13:02:53,2026-08-07 13:02:56,2026-08-07 13:02:56
212114,2300,BSDJ7,COMPRA,408,183.5677,5.2213,2026-08-07 13:33:25,2026-08-07 13:33:26,2026-08-07 13:33:26
212115,2250,ECQD7,COMPRA,305,114.2384,10.3260,2026-08-07 14:50:07,2026-08-07 14:50:09,2026-08-07 14:50:09
212116,2696,ZHTL2,COMPRA,470,75.7091,11.4939,2026-08-07 13:00:46,2026-08-07 13:00:49,2026-08-07 13:00:49
212117,1828,SVOZ4,COMPRA,5,35.9379,8.3781,2026-08-07 15:50:45,2026-08-07 15:50:45,2026-08-07 15:50:45
212118,1259,YIHC3,COMPRA,285,66.5272,5.1011,2026-08-07 12:20:53,2026-08-07 12:20:54,2026-08-07 12:20:54
212119,1495,JIPR4,COMPRA,245,31.1897,11.3958,2026-08-07 15:17:28,2026-08-07 15:17:29,2026-08-07 15:17:29
212120,3242,QATW7,COMPRA,314,60.1412,6.3920,2026-08-07 13:30:16,2026-08-07 13:30:17,2026-08-07 13:30:17
212121,1948,XPVA7,COMPRA,335,552.5683,4.8055,2026-08-07 15:55:30,2026-08-07 15:55:33,2026-08-07 15:55:33
212122,1561,ERTC4,COMPRA,95,52.4366,11.3496,2026-08-07 10:00:49,2026-08-07 10:00:50,2026-08-07 10:00:50
212123,1914,NUJZ2,COMPRA,85,39.2949,8.6874,2026-08-07 15:54:20,2026-08-07 15:54:21,2026-08-07 15:54:21
212124,3043,XAVL3,COMPRA,120,157.6217,3.8322,2026-08-07 16:35:47,2026-08-07 16:35:49,2026-08-07 16:35:49
212125,2015,LQML9,COMPRA,296,127.9509,2.6122,2026-08-07 11:07:47,2026-08-07 11:07:50,2026-08-07 11:07:50
212126,3221,RDOA3,COMPRA,360,86.1091,6.6928,2026-08-07 13:16:16,2026-08-07 13:16:19,2026-08-07 13:16:19
212127,2834,IWFI1,COMPRA,288,145.0592,6.8382,2026-08-07 12:10:13,2026-08-07 12:10:15,2026-08-07 12:10:15
212128,3473,JIPR4,COMPRA,150,30.8599,4.8148,2026-08-07 11:02:14,2026-08-07 11:02:15,2026-08-07 11:02:15
212129,2657,CQIL9,COMPRA,465,34.9950,1.1588,2026-08-07 13:55:35,2026-08-07 13:55:37,2026-08-07 13:55:37
212130,3053,FRGH8,COMPRA,350,88.3520,6.3472,2026-08-07 16:39:57,2026-08-07 16:40:00,2026-08-07 16:40:00
212131,2443,WXFC8,COMPRA,360,93.1883,4.9550,2026-08-07 13:47:02,2026-08-07 13:47:02,2026-08-07 13:47:02
212132,2654,FRGH8,COMPRA,82,90.4264,7.0625,2026-08-07 13:25:39,2026-08-07 13:25:40,2026-08-07 13:25:40
212133,1738,CQIL9,COMPRA,300,44.8303,0.4535,2026-08-07 17:14:05,2026-08-07 17:14:08,2026-08-07 17:14:08
212134,2065,OEQA8,COMPRA,185,385.5099,9.9684,2026-08-07 14:10:16,2026-08-07 14:10:17,2026-08-07 14:10:17
212135,2554,SVOZ4,COMPRA,355,36.4788,10.9857,2026-08-07 15:33:10,2026-08-07 15:33:13,2026-08-07 15:33:13
212136,1075,RMRT1,COMPRA,298,77.2042,1.9784,2026-08-07 13:26:12,2026-08-07 13:26:15,2026-08-07 13:26:15
212137,1258,FYZB6,COMPRA,275,66.4371,3.1452,2026-08-07 14:35:53,2026-08-07 14:35:53,2026-08-07 14:35:53
212138,3079,JJVW6,COMPRA,280,161.5761,11.6913,2026-08-07 17:11:43,2026-08-07 17:11:46,2026-08-07 17:11:46
212139,1031,TNHT4,COMPRA,130,111.4554,10.0180,2026-08-07 17:22:21,2026-08-07 17:22:24,2026-08-07 17:22:24
212140,2242,SUZL4,COMPRA,405,143.9193,8.8144,2026-08-07 14:10:39,2026-08-07 14:10:40,2026-08-07 14:10:40
212141,3125,ENRZ2,COMPRA,410,89.8250,5.4268,2026-08-07 11:01:53,2026-08-07 11:01:54,2026-08-07 11:01:54
212142,1132,IPXK2,COMPRA,468,311.6200,11.5179,2026-08-07 10:55:39,2026-08-07 10:55:40,2026-08-07 10:55:40
212143,1158,AAUA7,COMPRA,155,125.1151,1.8214,2026-08-07 14:04:37,2026-08-07 14:04:40,2026-08-07 14:04:40
212144,2826,XLZM9,COMPRA,390,60.0626,4.2093,2026-08-07 14:39:23,2026-08-07 14:39:24,2026-08-07 14:39:24
212145,2718,TTHO3,COMPRA,290,28.6634,2.6319,2026-08-07 15:32:39,2026-08-07 15:32:41,2026-08-07 15:32:41
212146,1131,TVCE9,COMPRA,270,69.1889,6.9699,2026-08-07 11:34:54,2026-08-07 11:34:56,2026-08-07 11:34:56
212147,2460,TXHR8,COMPRA,455,66.9294,9.9963,2026-08-07 14:11:57,2026-08-07 14:11:59,2026-08-07 14:11:59
212148,2846,UYFJ9,COMPRA,130,107.3644,12.4922,2026-08-07 17:09:49,2026-08-07 17:09:50,2026-08-07 17:09:50
212149,2707,RHXV4,COMPRA,180,50.4491,0.0575,2026-08-07 15:54:33,2026-08-07 15:54:33,2026-08-07 15:54:33
212150,3196,TBWG2,COMPRA,10,90.4997,10.4620,2026-08-07 11:50:39,2026-08-07 11:50:39,2026-08-07 11:50:39
212151,1644,IZTY4,COMPRA,120,24.9841,4.5817,2026-08-07 15:58:43,2026-08-07 15:58:44,2026-08-07 15:58:44
212152,2873,NQYT3,COMPRA,315,68.0633,1.4013,2026-08-07 16:21:49,2026-08-07 16:21:49,2026-08-07 16:21:49
212153,2970,PZUP8,COMPRA,250,129.5483,9.7665,2026-08-07 12:29:31,2026-08-07 12:29:33,2026-08-07 12:29:33
212154,1946,DFGR7,COMPRA,305,82.5700,4.3670,2026-08-07 13:11:36,2026-08-07 13:11:38,2026-08-07 13:11:38
212155,3420,NYGT6,COMPRA,320,97.8420,10.1914,2026-08-07 16:56:45,2026-08-07 16:56:48,2026-08-07 16:56:48
212156,1972,EEYY9,VENDA,10,122.9043,11.3732,2026-08-07 16:36:27,2026-08-07 16:36:29,2026-08-07 16:36:29
212157,3403,KQEO3,COMPRA,258,76.3526,8.8072,2026-08-07 12:02:51,2026-08-07 12:02:53,2026-08-07 12:02:53
212158,2571,WMQZ6,COMPRA,142,74.6759,0.7839,2026-08-07 16:27:09,2026-08-07 16:27:09,2026-08-07 16:27:09
212159,2041,HCLJ8,COMPRA,190,130.1347,11.1831,2026-08-07 13:49:22,2026-08-07 13:49:22,2026-08-07 13:49:22
212160,1225,KFSY2,COMPRA,177,118.6407,4.2243,2026-08-07 13:18:47,2026-08-07 13:18:47,2026-08-07 13:18:47
212161,1382,YRWH3,COMPRA,470,237.4064,9.6573,2026-08-07 12:13:41,2026-08-07 12:13:44,2026-08-07 12:13:44
212162,1553,IZTY4,COMPRA,315,25.3331,8.7454,2026-08-07 15:22:19,2026-08-07 15:22:20,2026-08-07 15:22:20
212163,2718,TBWG2,COMPRA,35,93.7999,0.4838,2026-08-07 14:44:46,2026-08-07 14:44:46,2026-08-07 14:44:46
212164,1910,WXQM6,COMPRA,190,55.2652,7.8688,2026-08-07 16:19:00,2026-08-07 16:19:02,2026-08-07 16:19:02
212165,1688,UCHR6,COMPRA,235,500.4930,7.9843,2026-08-07 16:03:44,2026-08-07 16:03:44,2026-08-07 16:03:44
212166,2503,DGBT6,COMPRA,80,97.3036,4.6847,2026-08-07 14:36:51,2026-08-07 14:36:54,2026-08-07 14:36:54
212167,2002,NGIU9,COMPRA,95,115.5211,8.9554,2026-08-07 13:16:44,2026-08-07 13:16:45,2026-08-07 13:16:45
212168,2814,UVEY5,COMPRA,475,97.8006,0.0741,2026-08-07 10:00:49,2026-08-07 10:00:51,2026-08-07 10:00:51
212169,1837,RYPL6,COMPRA,240,109.0659,8.3390,2026-08-07 13:27:19,2026-08-07 13:27:20,2026-08-07 13:27:20
212170,2548,IWFI1,COMPRA,380,165.9350,7.7346,2026-08-07 15:54:31,2026-08-07 15:54:33,2026-08-07 15:54:33
212171,1734,LIEG8,COMPRA,75,105.1565,3.1856,2026-08-07 10:53:52,2026-08-07 10:53:53,2026-08-07 10:53:53
212172,3085,ZFBT3,COMPRA,34,103.6127,10.7814,2026-08-07 16:43:49,2026-08-07 16:43:51,2026-08-07 16:43:51
212173,1060,WMQZ6,COMPRA,201,96.0407,12.1597,2026-08-07 10:50:47,2026-08-07 10:50:50,2026-08-07 10:50:50
212174,2403,IZTY4,COMPRA,40,32.8474,4.6503,2026-08-07 15:33:47,2026-08-07 15:33:48,2026-08-07 15:33:48
212175,1403,ECQD7,COMPRA,65,96.4370,12.0079,2026-08-07 14:54:57,2026-08-07 14:55:00,2026-08-07 14:55:00
212176,1586,JUDG8,COMPRA,250,69.0446,6.5466,2026-08-07 15:38:45,2026-08-07 15:38:45,2026-08-07 15:38:45
212177,1060,EEYY9,COMPRA,80,154.4374,5.7525,2026-08-07 12:32:39,2026-08-07 12:32:41,2026-08-07 12:32:41
212178,2300,YCCK8,COMPRA,455,364.4845,12.8260,2026-08-07 10:14:51,2026-08-07 10:14:51,2026-08-07 10:14:51
212179,2502,IPXK2,COMPRA,303,252.9375,8.1546,2026-08-07 12:53:37,2026-08-07 12:53:38,2026-08-07 12:53:38
212180,1384,OVUQ2,COMPRA,465,55.1805,7.5566,2026-08-07 11:15:26,2026-08-07 11:15:28,2026-08-07 11:15:28
212181,1351,LGKU6,COMPRA,460,61.3548,9.5609,2026-08-07 15:53:27,2026-08-07 15:53:29,2026-08-07 15:53:29
212182,1674,LGKU6,COMPRA,275,68.1755,3.8032,2026-08-07 14:40:49,2026-08-07 14:40:49,2026-08-07 14:40:49
212183,2219,NQYT3,COMPRA,150,50.2760,3.8832,2026-08-07 15:17:57,2026-08-07 15:18:00,2026-08-07 15:18:00
212184,1726,SRDU1,COMPRA,33,72.8822,11.3012,2026-08-07 17:10:47,2026-08-07 17:10:49,2026-08-07 17:10:49
212185,1027,WXFC8,COMPRA,370,100.7223,2.1129,2026-08-07 14:13:40,2026-08-07 14:13:42,2026-08-07 14:13:42
212186,1292,TTHO3,COMPRA,35,40.4233,6.4998,2026-08-07 13:27:06,2026-08-07 13:27:07,2026-08-07 13:27:07
212187,1790,BXFJ9,COMPRA,220,149.3881,7.1484,2026-08-07 16:26:16,2026-08-07 16:26:18,2026-08-07 16:26:18
212188,2636,NQYT3,COMPRA,355,68.6134,8.3033,2026-08-07 14:11:13,2026-08-07 14:11:16,2026-08-07 14:11:16
212189,2566,MJDL9,COMPRA,20,33.7621,7.9626,2026-08-07 14:49:11,2026-08-07 14:49:11,2026-08-07 14:49:11
212190,1474,RYPL6,COMPRA,440,103.3036,11.5626,2026-08-07 11:38:14,2026-08-07 11:38:16,2026-08-07 11:38:16
212191,1150,PSEN6,COMPRA,491,197.3771,,2026-08-07 15:07:06,2026-08-07 15:07:09,2026-08-07 15:07:09
212192,1294,SUZL4,COMPRA,211,137.7033,6.0312,2026-08-07 14:42:22,2026-08-07 14:42:22,2026-08-07 14:42:22
212193,1167,YFAH5,COMPRA,135,186.4614,11.8276,2026-08-07 10:07:46,2026-08-07 10:07:48,2026-08-07 10:07:48
212194,1760,TNHT4,COMPRA,400,109.3246,2.4113,2026-08-07 15:24:23,2026-08-07 15:24:26,2026-08-07 15:24:26
212195,2661,UFMA7,COMPRA,120,137.0653,3.0749,2026-08-07 12:08:11,2026-08-07 12:08:11,2026-08-07 12:08:11
212196,3437,HCLJ8,COMPRA,240,137.0774,9.6215,2026-08-07 12:54:15,2026-08-07 12:54:15,2026-08-07 12:54:15
212197,1876,ZAAS7,COMPRA,377,450.1751,4.5761,2026-08-07 16:24:38,2026-08-07 16:24:41,2026-08-07 16:24:41
212198,1837,NHYK8,COMPRA,495,54.1737,10.1393,2026-08-07 15:50:40,2026-08-07 15:50:40,2026-08-07 15:50:40
212199,2720,AAWB3,COMPRA,250,216.9558,9.8530,2026-08-07 11:47:30,2026-08-07 11:47:30,2026-08-07 11:47:30
212200,2301,RSBT4,COMPRA,130,496.5642,1.5193,2026-08-07 10:22:50,2026-08-07 10:22:50,2026-08-07 10:22:50
212201,2477,DEGN5,COMPRA,220,102.5802,9.8094,2026-08-07 15:46:40,2026-08-07 15:46:41,2026-08-07 15:46:41
212202,2980,QTHQ1,COMPRA,146,25.9231,8.9772,2026-08-07 14:42:59,2026-08-07 14:43:00,2026-08-07 14:43:00
212203,3504,AYFQ2,COMPRA,420,14.1165,2.1535,2026-08-07 12:59:15,2026-08-07 12:59:15,2026-08-07 12:59:15
212204,1805,QHFL8,COMPRA,80,153.5841,8.8760,2026-08-07 16:42:52,2026-08-07 16:42:52,2026-08-07 16:42:52
212205,3181,PQUT9,COMPRA,465,85.4385,7.2544,2026-08-07 17:00:24,2026-08-07 17:00:27,2026-08-07 17:00:27
212206,2662,RIET5,COMPRA,137,137.1797,12.7501,2026-08-07 14:57:59,2026-08-07 14:58:02,2026-08-07 14:58:02
212207,2671,XPVA7,VENDA,305,497.2744,2.5123,2026-08-07 10:36:03,2026-08-07 10:36:06,2026-08-07 10:36:06
212208,3279,SGBG8,COMPRA,385,93.2570,11.2955,2026-08-07 13:11:08,2026-08-07 13:11:08,2026-08-07 13:11:08
212209,1951,UVEY5,COMPRA,495,84.5981,4.1702,2026-08-07 15:55:30,2026-08-07 15:55:33,2026-08-07 15:55:33
212210,3090,OVYL9,COMPRA,284,77.3131,9.2628,2026-08-07 14:45:56,2026-08-07 14:45:59,2026-08-07 14:45:59
212211,1303,BGNM6,COMPRA,10,88.2034,4.3105,2026-08-07 11:33:36,2026-08-07 11:33:37,2026-08-07 11:33:37
212212,2385,QTDZ2,COMPRA,155,56.3266,3.2097,2026-08-07 10:39:40,2026-08-07 10:39:41,2026-08-07 10:39:41
212213,2611,QTDZ2,COMPRA,20,43.2379,6.5125,2026-08-07 15:40:13,2026-08-07 15:40:16,2026-08-07 15:40:16
212214,1943,RIET5,COMPRA,365,179.9924,3.3326,2026-08-07 13:05:59,2026-08-07 13:06:02,2026-08-07 13:06:02
212215,2778,XLZM9,COMPRA,200,53.7361,2.9695,2026-08-07 12:19:58,2026-08-07 12:20:00,2026-08-07 12:20:00
212216,2128,NYGT6,COMPRA,405,100.7585,7.4662,2026-08-07 10:18:58,2026-08-07 10:18:58,2026-08-07 10:18:58
212217,2962,TXHR8,COMPRA,330,71.7661,9.5287,2026-08-07 15:18:36,2026-08-07 15:18:36,2026-08-07 15:18:36
212218,1570,GKQC5,COMPRA,340,103.1068,0.0956,2026-08-07 10:43:38,2026-08-07 10:43:39,2026-08-07 10:43:39
212219,2012,BXFJ9,COMPRA,300,135.9781,4.0345,2026-08-07 12:03:09,2026-08-07 12:03:10,2026-08-07 12:03:10
212220,2932,MCHX2,COMPRA,125,96.6375,10.0879,2026-08-07 14:47:19,2026-08-07 14:47:19,2026-08-07 14:47:19
212221,2398,XOVY4,COMPRA,490,77.0697,11.0892,2026-08-07 13:21:39,2026-08-07 13:21:42,2026-08-07 13:21:42
212222,2886,MCHX2,COMPRA,220,121.4765,3.9164,2026-08-07 14:51:08,2026-08-07 14:51:10,2026-08-07 14:51:10
212223,2656,QHFL8,COMPRA,500,166.6716,1.2470,2026-08-07 14:48:29,2026-08-07 14:48:31,2026-08-07 14:48:31
212224,2512,YCCK8,COMPRA,420,433.5083,4.6401,2026-08-07 11:05:51,2026-08-07 11:05:51,2026-08-07 11:05:51
212225,3000,ECQD7,COMPRA,190,95.2719,3.9501,2026-08-07 10:51:06,2026-08-07 10:51:08,2026-08-07 10:51:08
212226,2806,RHXV4,COMPRA,494,76.4345,0.4954,2026-08-07 17:27:42,2026-08-07 17:27:44,2026-08-07 17:27:44
212227,2476,OVYL9,COMPRA,385,71.4475,5.5893,2026-08-07 13:27:48,2026-08-07 13:27:50,2026-08-07 13:27:50
212228,2705,QYBV3,COMPRA,500,63.5823,0.9306,2026-08-07 12:07:25,2026-08-07 12:07:28,2026-08-07 12:07:28
212229,2025,OVUQ2,COMPRA,5,37.5138,2.5326,2026-08-07 11:20:13,2026-08-07 11:20:16,2026-08-07 11:20:16
212230,2525,UFMA7,COMPRA,340,144.3795,2.8925,2026-08-07 15:58:02,2026-08-07 15:58:04,2026-08-07 15:58:04
212231,3462,ECQD7,COMPRA,270,108.1913,1.8691,2026-08-07 11:14:08,2026-08-07 11:14:08,2026-08-07 11:14:08
212232,3239,VLEB3,COMPRA,368,361.3395,10.3126,2026-08-07 11:33:33,2026-08-07 11:33:35,2026-08-07 11:33:35
212233,1079,HCLJ8,COMPRA,470,90.7767,1.1812,2026-08-07 15:53:59,2026-08-07 15:53:59,2026-08-07 15:53:59
212234,2103,MJDL9,COMPRA,125,36.6214,0.3987,2026-08-07 15:55:21,2026-08-07 15:55:24,2026-08-07 15:55:24
212235,2673,OXVD8,COMPRA,315,68.0935,11.9078,2026-08-07 12:13:45,2026-08-07 12:13:48,2026-08-07 12:13:48
212236,2505,DSFC9,COMPRA,93,464.4858,6.6024,2026-08-07 10:22:47,2026-08-07 10:22:48,2026-08-07 10:22:48
212237,1945,XPVA7,COMPRA,80,508.1920,12.1746,2026-08-07 11:53:03,2026-08-07 11:53:04,2026-08-07 11:53:04
212238,3458,LGKU6,COMPRA,10,67.0736,9.0677,2026-08-07 16:42:45,2026-08-07 16:42:48,2026-08-07 16:42:48
212239,2980,EEYY9,COMPRA,445,144.2941,8.6793,2026-08-07 10:15:18,2026-08-07 10:15:18,2026-08-07 10:15:18
212240,2964,UFMA7,COMPRA,185,187.6270,12.1013,2026-08-07 11:24:31,2026-08-07 11:24:32,2026-08-07 11:24:32
212241,2376,VLEB3,COMPRA,480,372.8387,1.2660,2026-08-07 14:32:35,2026-08-07 14:32:38,2026-08-07 14:32:38
212242,2724,OEQA8,COMPRA,200,409.1937,2.3886,2026-08-07 17:25:54,2026-08-07 17:25:56,2026-08-07 17:25:56
212243,1656,NYGT6,COMPRA,60,82.8341,11.0857,2026-08-07 12:28:29,2026-08-07 12:28:29,2026-08-07 12:28:29
212244,1595,QYBV3,COMPRA,345,60.0000,3.4389,2026-08-07 16:03:27,2026-08-07 16:03:27,2026-08-07 16:03:27
212245,2550,NUJZ2,COMPRA,65,37.3763,5.4828,2026-08-07 15:57:48,2026-08-07 15:57:51,2026-08-07 15:57:51
212246,1284,ZYVN7,COMPRA,45,74.2015,10.1042,2026-08-07 14:02:26,2026-08-07 14:02:28,2026-08-07 14:02:28
212247,1407,UCHR6,COMPRA,145,331.7991,10.2773,2026-08-07 16:13:42,2026-08-07 16:13:42,2026-08-07 16:13:42
212248,1877,YIHC3,COMPRA,250,75.8755,12.0124,2026-08-07 13:16:47,2026-08-07 13:16:50,2026-08-07 13:16:50
212249,2510,TVCE9,COMPRA,68,69.2823,10.0513,2026-08-07 13:24:22,2026-08-07 13:24:23,2026-08-07 13:24:23
212250,3425,TVCE9,VENDA,155,51.2393,10.6602,2026-08-07 10:49:48,2026-08-07 10:49:49,2026-08-07 10:49:49
212251,1744,LQML9,COMPRA,66,110.9723,0.1612,2026-08-07 10:37:17,2026-08-07 10:37:18,2026-08-07 10:37:18
212252,2618,JJVW6,COMPRA,260,123.5665,2.4056,2026-08-07 14:20:24,2026-08-07 14:20:24,2026-08-07 14:20:24
212253,1394,RIET5,COMPRA,250,162.5524,5.5827,2026-08-07 15:43:07,2026-08-07 15:43:08,2026-08-07 15:43:08
212254,1816,UQJU7,COMPRA,325,84.2358,8.7381,2026-08-07 16:43:47,2026-08-07 16:43:48,2026-08-07 16:43:48
212255,1764,RDOA3,COMPRA,398,104.6697,0.6128,2026-08-07 13:19:03,2026-08-07 13:19:06,2026-08-07 13:19:06
212256,1464,JJVW6,COMPRA,495,162.9768,8.7386,2026-08-07 11:04:29,2026-08-07 11:04:30,2026-08-07 11:04:30
212257,3030,WHMT3,COMPRA,311,135.4952,6.6138,2026-08-07 12:52:45,2026-08-07 12:52:46,2026-08-07 12:52:46
212258,3518,UFMA7,COMPRA,495,180.0615,10.2723,2026-08-07 15:34:48,2026-08-07 15:34:49,2026-08-07 15:34:49
212259,1442,XTVW5,COMPRA,131,117.8693,6.8354,2026-08-07 13:29:24,2026-08-07 13:29:24,2026-08-07 13:29:24
212260,1674,FIUW1,COMPRA,380,118.4468,3.8154,2026-08-07 14:06:17,2026-08-07 14:06:20,2026-08-07 14:06:20
212261,2644,JDJG6,COMPRA,115,72.3129,11.2638,2026-08-07 16:16:58,2026-08-07 16:16:58,2026-08-07 16:16:58
212262,2931,GAKD5,COMPRA,230,248.3805,3.6276,2026-08-07 13:48:59,2026-08-07 13:49:01,2026-08-07 13:49:01
212263,3131,TTHO3,COMPRA,220,36.4429,1.3888,2026-08-07 16:18:04,2026-08-07 16:18:07,2026-08-07 16:18:07
212264,2982,YIHC3,COMPRA,415,73.0664,5.9044,2026-08-07 12:35:17,2026-08-07 12:35:20,2026-08-07 12:35:20
212265,2430,KFSY2,VENDA,244,106.2553,8.2070,2026-08-07 16:43:08,2026-08-07 16:43:09,2026-08-07 16:43:09
212266,1640,ZAAS7,COMPRA,469,459.1266,9.0934,2026-08-07 15:53:16,2026-08-07 15:53:19,2026-08-07 15:53:19
212267,1895,NHYK8,COMPRA,375,67.4897,7.8391,2026-08-07 10:38:36,2026-08-07 10:38:36,2026-08-07 10:38:36
212268,3112,ICSU4,VENDA,125,114.3768,8.2692,2026-08-07 15:48:19,2026-08-07 15:48:19,2026-08-07 15:48:19
212269,2841,IZTY4,COMPRA,446,35.8702,3.7431,2026-08-07 11:37:32,2026-08-07 11:37:34,2026-08-07 11:37:34
212270,1622,ECQD7,COMPRA,440,80.2621,12.6019,2026-08-07 17:21:30,2026-08-07 17:21:32,2026-08-07 17:21:32
212271,1917,TBWG2,COMPRA,439,72.2804,10.9513,2026-08-07 10:46:51,2026-08-07 10:46:52,2026-08-07 10:46:52
212272,2584,CQJZ4,COMPRA,155,79.6924,9.1688,2026-08-07 10:38:48,2026-08-07 10:38:49,2026-08-07 10:38:49
212273,1922,UFIU3,COMPRA,105,89.5031,10.8530,2026-08-07 12:56:22,2026-08-07 12:56:25,2026-08-07 12:56:25
212274,1585,GULD2,COMPRA,299,128.4753,9.6584,2026-08-07 10:48:30,2026-08-07 10:48:31,2026-08-07 10:48:31
212275,1406,HVEX2,COMPRA,475,164.4893,3.9568,2026-08-07 14:19:07,2026-08-07 14:19:10,2026-08-07 14:19:10
212276,1948,AAUA7,COMPRA,60,139.2925,3.5993,2026-08-07 15:22:23,2026-08-07 15:22:23,2026-08-07 15:22:23
212277,1729,IWFI1,COMPRA,85,146.4701,3.6246,2026-08-07 10:07:06,2026-08-07 10:07:07,2026-08-07 10:07:07
212278,1368,ECQD7,COMPRA,102,109.0417,10.3939,2026-08-07 10:09:25,2026-08-07 10:09:27,2026-08-07 10:09:27
212279,1781,OVUQ2,COMPRA,170,45.0414,7.8098,2026-08-07 12:23:13,2026-08-07 12:23:16,2026-08-07 12:23:16
212280,3466,JDJG6,COMPRA,260,63.6421,11.8557,2026-08-07 13:48:41,2026-08-07 13:48:42,2026-08-07 13:48:42
212281,2073,GAKD5,COMPRA,464,228.6702,11.1109,2026-08-07 11:29:41,2026-08-07 11:29:43,2026-08-07 11:29:43
212282,1429,RFNS7,COMPRA,165,77.1922,0.0938,2026-08-07 12:57:58,2026-08-07 12:58:01,2026-08-07 12:58:01
212283,3509,RMRT1,COMPRA,400,110.3121,9.4304,2026-08-07 17:02:52,2026-08-07 17:02:53,2026-08-07 17:02:53
212284,3040,LQML9,COMPRA,440,139.1366,11.6955,2026-08-07 14:13:32,2026-08-07 14:13:32,2026-08-07 14:13:32
212285,1708,AAWB3,COMPRA,15,205.7462,2.3519,2026-08-07 16:32:08,2026-08-07 16:32:11,2026-08-07 16:32:11
212286,2322,JUDG8,COMPRA,490,101.2715,2.5424,2026-08-07 15:43:04,2026-08-07 15:43:07,2026-08-07 15:43:07
212287,1699,IWFI1,COMPRA,23,181.8121,5.1275,2026-08-07 10:35:38,2026-08-07 10:35:38,2026-08-07 10:35:38
212288,3256,DSFC9,COMPRA,360,527.9893,1.4934,2026-08-07 11:46:17,2026-08-07 11:46:17,2026-08-07 11:46:17
212289,2842,ZYVN7,COMPRA,55,63.9584,1.2665,2026-08-07 13:00:24,2026-08-07 13:00:26,2026-08-07 13:00:26
212290,1372,NQYT3,COMPRA,135,60.7258,2.9827,2026-08-07 10:46:16,2026-08-07 10:46:19,2026-08-07 10:46:19
212291,2933,WMQZ6,COMPRA,300,81.7259,4.7132,2026-08-07 12:59:06,2026-08-07 12:59:09,2026-08-07 12:59:09
212292,2663,ZAAS7,COMPRA,87,319.5975,0.8780,2026-08-07 13:55:16,2026-08-07 13:55:18,2026-08-07 13:55:18
212293,1180,YCCK8,COMPRA,190,493.0516,2.2822,2026-08-07 17:24:17,2026-08-07 17:24:18,2026-08-07 17:24:18
212294,2567,GULD2,COMPRA,7,131.6482,7.7255,2026-08-07 10:21:34,2026-08-07 10:21:37,2026-08-07 10:21:37
212295,2128,RYPL6,COMPRA,490,102.9061,0.7422,2026-08-07 14:57:27,2026-08-07 14:57:29,2026-08-07 14:57:29
212296,2583,QATW7,COMPRA,145,44.7826,5.8537,2026-08-07 12:06:27,2026-08-07 12:06:29,2026-08-07 12:06:29
212297,2320,RFNS7,COMPRA,295,71.1248,10.2899,2026-08-07 11:59:45,2026-08-07 11:59:48,2026-08-07 11:59:48
212298,1788,OVUQ2,COMPRA,50,52.6548,8.8327,2026-08-07 10:55:53,2026-08-07 10:55:53,2026-08-07 10:55:53
212299,2838,ACSV1,COMPRA,380,94.3134,10.6258,2026-08-07 14:51:31,2026-08-07 14:51:33,2026-08-07 14:51:33
212300,3101,KHGP6,COMPRA,35,120.9087,5.0366,2026-08-07 10:26:30,2026-08-07 10:26:33,2026-08-07 10:26:33
212301,2424,LGKU6,COMPRA,149,76.8449,9.0378,2026-08-07 13:01:40,2026-08-07 13:01:41,2026-08-07 13:01:41
212302,2118,KFSY2,COMPRA,395,110.1188,6.9121,2026-08-07 10:43:34,2026-08-07 10:43:37,2026-08-07 10:43:37
212303,3494,QTHQ1,COMPRA,375,25.8715,9.5987,2026-08-07 12:08:03,2026-08-07 12:08:05,2026-08-07 12:08:05
212304,2282,XOVY4,COMPRA,485,77.2457,12.1230,2026-08-07 14:36:58,2026-08-07 14:37:01,2026-08-07 14:37:01
212305,2205,WIPB2,COMPRA,90,129.9057,11.1551,2026-08-07 13:49:02,2026-08-07 13:49:02,2026-08-07 13:49:02
212306,3124,AAUA7,COMPRA,190,109.0468,1.7847,2026-08-07 15:32:15,2026-08-07 15:32:17,2026-08-07 15:32:17
212307,1082,QQQS1,COMPRA,160,28.3028,4.5367,2026-08-07 16:59:50,2026-08-07 16:59:52,2026-08-07 16:59:52
212308,3457,ZAAS7,COMPRA,150,469.2530,7.3299,2026-08-07 15:14:32,2026-08-07 15:14:35,2026-08-07 15:14:35
212309,2159,NREP8,COMPRA,290,148.5443,1.2360,2026-08-07 11:21:44,2026-08-07 11:21:45,2026-08-07 11:21:45
212310,3500,RSBT4,COMPRA,255,342.5948,8.5887,2026-08-07 10:36:45,2026-08-07 10:36:46,2026-08-07 10:36:46
212311,2552,FIUW1,COMPRA,455,90.4393,0.6468,2026-08-07 13:28:58,2026-08-07 13:28:58,2026-08-07 13:28:58
212312,2076,SUZL4,COMPRA,260,120.0411,4.9604,2026-08-07 15:22:38,2026-08-07 15:22:39,2026-08-07 15:22:39
212313,2436,RIET5,COMPRA,460,160.6181,6.9935,2026-08-07 11:39:15,2026-08-07 11:39:16,2026-08-07 11:39:16
212314,2480,IWFI1,COMPRA,160,168.8203,1.4869,2026-08-07 15:01:12,2026-08-07 15:01:12,2026-08-07 15:01:12
212315,3078,OXVD8,COMPRA,245,95.5837,7.5508,2026-08-07 15:35:32,2026-08-07 15:35:34,2026-08-07 15:35:34
212316,1335,NWGB4,COMPRA,92,157.5714,7.8688,2026-08-07 15:21:06,2026-08-07 15:21:09,2026-08-07 15:21:09
212317,2613,AAUA7,COMPRA,235,165.3202,9.4682,2026-08-07 16:52:02,2026-08-07 16:52:04,2026-08-07 16:52:04
212318,2182,IWFI1,COMPRA,385,139.8305,4.2228,2026-08-07 10:03:01,2026-08-07 10:03:04,2026-08-07 10:03:04
212319,1715,NAOF3,COMPRA,418,73.0353,0.4602,2026-08-07 14:29:55,2026-08-07 14:29:58,2026-08-07 14:29:58
212320,2277,RIET5,COMPRA,495,134.6184,2.4163,2026-08-07 14:32:04,2026-08-07 14:32:06,2026-08-07 14:32:06
212321,2936,NYGT6,COMPRA,190,103.4348,12.8687,2026-08-07 11:58:45,2026-08-07 11:58:48,2026-08-07 11:58:48
212322,3387,DEGN5,COMPRA,66,83.2964,5.8828,2026-08-07 16:05:34,2026-08-07 16:05:37,2026-08-07 16:05:37
212323,2307,QTHQ1,COMPRA,453,24.9636,6.6743,2026-08-07 16:02:31,2026-08-07 16:02:31,2026-08-07 16:02:31
212324,2741,IPXK2,COMPRA,405,263.2756,2.0813,2026-08-07 16:17:05,2026-08-07 16:17:06,2026-08-07 16:17:06
212325,1642,YIHC3,COMPRA,36,52.4100,8.9008,2026-08-07 11:06:33,2026-08-07 11:06:36,2026-08-07 11:06:36
212326,1691,GULD2,COMPRA,163,126.5232,0.3328,2026-08-07 16:48:29,2026-08-07 16:48:32,2026-08-07 16:48:32
212327,1842,WHMT3,COMPRA,185,125.0676,2.4025,2026-08-07 15:47:28,2026-08-07 15:47:30,2026-08-07 15:47:30
212328,1035,BSDJ7,COMPRA,320,212.5446,12.7928,2026-08-07 12:13:30,2026-08-07 12:13:32,2026-08-07 12:13:32
212329,2828,AYFQ2,COMPRA,350,9.5059,11.5454,2026-08-07 12:46:24,2026-08-07 12:46:24,2026-08-07 12:46:24
212330,1887,ZAAS7,COMPRA,110,364.1395,1.5100,2026-08-07 12:27:44,2026-08-07 12:27:46,2026-08-07 12:27:46
212331,2619,MCMT2,COMPRA,230,109.3806,12.3913,2026-08-07 15:12:02,2026-08-07 15:12:03,2026-08-07 15:12:03
212332,1158,JJVW6,COMPRA,479,158.9303,12.0053,2026-08-07 13:53:29,2026-08-07 13:53:29,2026-08-07 13:53:29
212333,1538,FYZB6,COMPRA,390,75.0433,4.8471,2026-08-07 15:31:24,2026-08-07 15:31:24,2026-08-07 15:31:24
212334,2504,WXFC8,COMPRA,15,99.6918,4.1090,2026-08-07 14:44:46,2026-08-07 14:44:49,2026-08-07 14:44:49
212335,1380,QEUC2,COMPRA,20,217.0484,1.3592,2026-08-07 16:26:40,2026-08-07 16:26:43,2026-08-07 16:26:43
212336,1546,ZHTL2,COMPRA,240,62.7997,10.4889,2026-08-07 12:30:45,2026-08-07 12:30:45,2026-08-07 12:30:45
212337,1226,SRDU1,COMPRA,480,93.3667,9.6135,2026-08-07 16:58:13,2026-08-07 16:58:16,2026-08-07 16:58:16
212338,1425,ECQD7,COMPRA,466,87.1596,11.5833,2026-08-07 14:10:28,2026-08-07 14:10:29,2026-08-07 14:10:29
212339,1111,XPVA7,COMPRA,25,575.2379,10.8469,2026-08-07 12:54:04,2026-08-07 12:54:05,2026-08-07 12:54:05
212340,3176,ECQD7,COMPRA,433,103.0880,3.3842,2026-08-07 12:30:06,2026-08-07 12:30:07,2026-08-07 12:30:07
212341,2820,KFSY2,COMPRA,265,109.4965,5.7590,2026-08-07 15:54:19,2026-08-07 15:54:21,2026-08-07 15:54:21
212342,2605,QATW7,COMPRA,175,56.9813,8.6374,2026-08-07 16:35:48,2026-08-07 16:35:49,2026-08-07 16:35:49
212343,2535,IZTY4,COMPRA,480,33.7340,9.0785,2026-08-07 12:55:03,2026-08-07 12:55:04,2026-08-07 12:55:04
212344,1942,FRGH8,COMPRA,265,85.7675,2.3207,2026-08-07 15:27:55,2026-08-07 15:27:56,2026-08-07 15:27:56
212345,2668,ECQD7,COMPRA,245,102.1616,3.4796,2026-08-07 11:21:19,2026-08-07 11:21:20,2026-08-07 11:21:20
212346,3110,UFIU3,COMPRA,171,76.9270,5.5617,2026-08-07 13:40:38,2026-08-07 13:40:39,2026-08-07 13:40:39
212347,1851,XTVW5,COMPRA,330,133.3364,5.9234,2026-08-07 10:45:56,2026-08-07 10:45:59,2026-08-07 10:45:59
212348,1938,QQQS1,COMPRA,370,27.3804,12.0053,2026-08-07 13:07:32,2026-08-07 13:07:32,2026-08-07 13:07:32
212349,3128,WHMT3,COMPRA,70,88.4450,6.8131,2026-08-07 14:26:44,2026-08-07 14:26:44,2026-08-07 14:26:44
212350,3029,KQEO3,COMPRA,365,75.6964,1.5438,2026-08-07 11:06:17,2026-08-07 11:06:20,2026-08-07 11:06:20
212351,2316,TVCE9,COMPRA,20,71.7263,1.0272,2026-08-07 16:33:24,2026-08-07 16:33:25,2026-08-07 16:33:25
212352,2348,HJRH5,COMPRA,312,130.0996,5.3011,2026-08-07 17:11:42,2026-08-07 17:11:45,2026-08-07 17:11:45
212353,1616,AAWB3,COMPRA,350,141.4285,0.5774,2026-08-07 12:52:11,2026-08-07 12:52:11,2026-08-07 12:52:11
212354,2003,AYFQ2,COMPRA,396,14.2266,8.6661,2026-08-07 17:26:38,2026-08-07 17:26:38,2026-08-07 17:26:38
212355,1731,UFMA7,COMPRA,355,138.4644,6.8290,2026-08-07 15:03:33,2026-08-07 15:03:33,2026-08-07 15:03:33
212356,2857,SRDU1,COMPRA,10,105.1386,7.6135,2026-08-07 11:17:11,2026-08-07 11:17:13,2026-08-07 11:17:13
212357,2653,HJRH5,COMPRA,465,162.5453,7.9667,2026-08-07 12:57:45,2026-08-07 12:57:45,2026-08-07 12:57:45
212358,2270,DSFC9,VENDA,422,344.4332,4.6526,2026-08-07 16:29:28,2026-08-07 16:29:30,2026-08-07 16:29:30
212359,1894,LQML9,COMPRA,210,147.6345,12.1875,2026-08-07 17:23:49,2026-08-07 17:23:51,2026-08-07 17:23:51
212360,1936,IPXK2,COMPRA,30,378.5479,9.2555,2026-08-07 13:35:39,2026-08-07 13:35:42,2026-08-07 13:35:42
212361,2725,NAOF3,COMPRA,445,69.9456,0.4450,2026-08-07 13:51:14,2026-08-07 13:51:14,2026-08-07 13:51:14
212362,1154,TTHO3,COMPRA,365,30.4989,6.8383,2026-08-07 10:09:30,2026-08-07 10:09:32,2026-08-07 10:09:32
212363,1144,QTDZ2,COMPRA,195,42.3311,8.3585,2026-08-07 15:04:38,2026-08-07 15:04:40,2026-08-07 15:04:40
212364,2013,TBWG2,COMPRA,455,98.7691,9.4889,2026-08-07 15:19:48,2026-08-07 15:19:48,2026-08-07 15:19:48
212365,3310,EEYY9,COMPRA,225,171.8057,11.8749,2026-08-07 10:06:49,2026-08-07 10:06:50,2026-08-07 10:06:50
212366,2946,PBZM6,COMPRA,325,59.8173,9.8256,2026-08-07 16:04:01,2026-08-07 16:04:03,2026-08-07 16:04:03
212367,2280,HCLJ8,COMPRA,265,93.0284,7.3161,2026-08-07 11:05:47,2026-08-07 11:05:47,2026-08-07 11:05:47
212368,2310,LIEG8,COMPRA,95,84.4672,12.7863,2026-08-07 16:42:28,2026-08-07 16:42:30,2026-08-07 16:42:30
212369,2688,UCHR6,COMPRA,460,408.7382,11.3515,2026-08-07 16:56:42,2026-08-07 16:56:44,2026-08-07 16:56:44
212370,1167,YYLA4,COMPRA,150,217.4852,7.0450,2026-08-07 12:22:43,2026-08-07 12:22:45,2026-08-07 12:22:45
212371,1798,ZHTL2,COMPRA,425,70.5436,4.4791,2026-08-07 10:15:51,2026-08-07 10:15:53,2026-08-07 10:15:53
212372,2206,YIHC3,COMPRA,110,55.2196,1.9476,2026-08-07 15:29:25,2026-08-07 15:29:27,2026-08-07 15:29:27
212373,2557,WXQM6,COMPRA,290,54.8474,9.6398,2026-08-07 15:50:30,2026-08-07 15:50:31,2026-08-07 15:50:31
212374,2219,LCCH9,COMPRA,475,7.6251,10.6987,2026-08-07 11:00:14,2026-08-07 11:00:17,2026-08-07 11:00:17
212375,3510,ZAAS7,COMPRA,450,405.9711,12.1134,2026-08-07 16:48:43,2026-08-07 16:48:46,2026-08-07 16:48:46
212376,1678,NREP8,COMPRA,345,132.5410,2.5761,2026-08-07 10:58:38,2026-08-07 10:58:39,2026-08-07 10:58:39
212377,2603,HVEX2,COMPRA,15,140.5550,0.3901,2026-08-07 11:06:45,2026-08-07 11:06:48,2026-08-07 11:06:48
212378,3395,WIPB2,COMPRA,471,103.7316,2.7078,2026-08-07 14:36:45,2026-08-07 14:36:45,2026-08-07 14:36:45
212379,3160,IPXK2,COMPRA,500,259.0614,11.4923,2026-08-07 10:33:25,2026-08-07 10:33:28,2026-08-07 10:33:28
212380,1511,PZUP8,COMPRA,25,173.6817,3.7089,2026-08-07 15:59:43,2026-08-07 15:59:45,2026-08-07 15:59:45
212381,1152,XLZM9,COMPRA,260,43.2054,9.5783,2026-08-07 12:30:02,2026-08-07 12:30:02,2026-08-07 12:30:02
212382,1589,DGBT6,COMPRA,30,80.0483,9.2671,2026-08-07 10:25:22,2026-08-07 10:25:22,2026-08-07 10:25:22
212383,2753,OVYL9,COMPRA,390,69.0063,9.5945,2026-08-07 16:49:54,2026-08-07 16:49:56,2026-08-07 16:49:56
212384,2234,IZTY4,COMPRA,65,31.6087,9.3046,2026-08-07 11:08:31,2026-08-07 11:08:31,2026-08-07 11:08:31
212385,1166,MJDL9,COMPRA,65,30.2160,,2026-08-07 14:17:00,2026-08-07 14:17:02,2026-08-07 14:17:02
212386,2891,PZUP8,COMPRA,70,129.5599,0.1973,2026-08-07 13:43:31,2026-08-07 13:43:32,2026-08-07 13:43:32
212387,1144,TBWG2,COMPRA,315,70.0298,3.0676,2026-08-07 17:22:07,2026-08-07 17:22:07,2026-08-07 17:22:07
212388,2365,MCMT2,COMPRA,10,114.1865,8.4679,2026-08-07 14:15:43,2026-08-07 14:15:46,2026-08-07 14:15:46
212389,2028,QEUC2,COMPRA,255,150.6781,2.9058,2026-08-07 15:09:35,2026-08-07 15:09:37,2026-08-07 15:09:37
212390,2857,LCCH9,COMPRA,90,9.8180,9.0336,2026-08-07 13:17:25,2026-08-07 13:17:28,2026-08-07 13:17:28
212391,2617,DQSN6,COMPRA,500,138.2868,0.8659,2026-08-07 13:34:16,2026-08-07 13:34:17,2026-08-07 13:34:17
212392,1986,TTHO3,COMPRA,130,29.4172,12.7694,2026-08-07 12:04:18,2026-08-07 12:04:20,2026-08-07 12:04:20
212393,2936,QATW7,VENDA,335,44.7813,2.7273,2026-08-07 17:25:01,2026-08-07 17:25:02,2026-08-07 17:25:02
212394,3076,LGKU6,COMPRA,120,82.8630,8.4583,2026-08-07 12:28:24,2026-08-07 12:28:24,2026-08-07 12:28:24
212395,2992,RHXV4,COMPRA,500,59.7833,3.9399,2026-08-07 17:05:26,2026-08-07 17:05:27,2026-08-07 17:05:27
212396,3499,MCHX2,COMPRA,220,128.0156,1.2747,2026-08-07 14:42:03,2026-08-07 14:42:03,2026-08-07 14:42:03
212397,2384,BGNM6,COMPRA,86,83.6664,11.2050,2026-08-07 13:00:22,2026-08-07 13:00:23,2026-08-07 13:00:23
212398,3495,UCHR6,COMPRA,430,457.6728,7.2153,2026-08-07 15:32:20,2026-08-07 15:32:23,2026-08-07 15:32:23
212399,1319,MGRR2,COMPRA,120,114.8023,2.3715,2026-08-07 13:00:37,2026-08-07 13:00:40,2026-08-07 13:00:40
212400,3178,LGKU6,COMPRA,315,94.7205,5.6565,2026-08-07 12:37:54,2026-08-07 12:37:56,2026-08-07 12:37:56
212401,1471,RHXV4,COMPRA,165,50.2594,9.3289,2026-08-07 16:42:11,2026-08-07 16:42:11,2026-08-07 16:42:11
212402,1467,OVYL9,COMPRA,379,78.1725,2.2812,2026-08-07 13:13:20,2026-08-07 13:13:23,2026-08-07 13:13:23
212403,1287,MGRR2,COMPRA,150,129.5690,9.6003,2026-08-07 16:29:06,2026-08-07 16:29:07,2026-08-07 16:29:07
212404,1955,SGBG8,COMPRA,455,98.2438,8.7327,2026-08-07 13:44:53,2026-08-07 13:44:55,2026-08-07 13:44:55
212405,1789,QQQS1,COMPRA,432,21.7695,6.9424,2026-08-07 14:46:14,2026-08-07 14:46:17,2026-08-07 14:46:17
212406,2464,HVEX2,COMPRA,20,163.6394,,2026-08-07 16:34:15,2026-08-07 16:34:17,2026-08-07 16:34:17
212407,3442,WHMT3,COMPRA,160,111.0608,12.4528,2026-08-07 13:14:37,2026-08-07 13:14:37,2026-08-07 13:14:37
212408,2450,ECQD7,COMPRA,255,85.4835,12.7765,2026-08-07 11:17:25,2026-08-07 11:17:27,2026-08-07 11:17:27
212409,1653,BGNM6,COMPRA,140,128.4875,11.6804,2026-08-07 10:30:26,2026-08-07 10:30:26,2026-08-07 10:30:26
212410,2507,UQIQ7,COMPRA,25,85.1713,10.6745,2026-08-07 15:19:19,2026-08-07 15:19:22,2026-08-07 15:19:22
212411,1983,WHMT3,COMPRA,355,135.7685,1.5539,2026-08-07 15:23:47,2026-08-07 15:23:49,2026-08-07 15:23:49
212412,3094,XPVA7,COMPRA,300,410.2158,12.8702,2026-08-07 13:28:27,2026-08-07 13:28:30,2026-08-07 13:28:30
212413,1955,SRDU1,COMPRA,270,73.6602,12.5747,2026-08-07 11:14:37,2026-08-07 11:14:40,2026-08-07 11:14:40
212414,2159,MOLF3,COMPRA,420,50.8648,7.4694,2026-08-07 12:23:31,2026-08-07 12:23:32,2026-08-07 12:23:32
212415,1083,XLZM9,COMPRA,235,56.3277,4.0313,2026-08-07 16:14:37,2026-08-07 16:14:38,2026-08-07 16:14:38
212416,1738,WMQZ6,COMPRA,400,63.8435,12.3822,2026-08-07 12:17:17,2026-08-07 12:17:17,2026-08-07 12:17:17
212417,2617,DSFC9,COMPRA,250,464.4310,0.0513,2026-08-07 12:38:45,2026-08-07 12:38:46,2026-08-07 12:38:46
212418,3017,QQQS1,COMPRA,86,28.1884,8.2609,2026-08-07 16:04:54,2026-08-07 16:04:55,2026-08-07 16:04:55
212419,2430,UQJU7,COMPRA,314,76.5079,6.5594,2026-08-07 13:06:03,2026-08-07 13:06:03,2026-08-07 13:06:03
212420,1314,PQUT9,COMPRA,445,86.9730,2.1682,2026-08-07 13:42:30,2026-08-07 13:42:32,2026-08-07 13:42:32
212421,1384,RYPL6,COMPRA,230,84.1643,3.9370,2026-08-07 16:47:49,2026-08-07 16:47:51,2026-08-07 16:47:51
212422,3500,YIHC3,COMPRA,434,76.1660,2.0533,2026-08-07 15:37:36,2026-08-07 15:37:38,2026-08-07 15:37:38
212423,1689,KHGP6,COMPRA,225,86.8277,1.6519,2026-08-07 11:45:03,2026-08-07 11:45:05,2026-08-07 11:45:05
212424,1066,FYZB6,COMPRA,36,79.3659,11.3812,2026-08-07 16:46:51,2026-08-07 16:46:51,2026-08-07 16:46:51
212425,1289,FYZB6,COMPRA,135,54.4519,4.0955,2026-08-07 15:44:51,2026-08-07 15:44:54,2026-08-07 15:44:54
212426,2767,IWAK1,COMPRA,445,70.2677,5.2959,2026-08-07 13:17:30,2026-08-07 13:17:30,2026-08-07 13:17:30
212427,1917,RDOA3,COMPRA,293,114.8594,7.8147,2026-08-07 13:56:21,2026-08-07 13:56:23,2026-08-07 13:56:23
212428,3390,YYLA4,COMPRA,485,169.0505,1.6196,2026-08-07 16:33:31,2026-08-07 16:33:34,2026-08-07 16:33:34
212429,2271,LGKU6,COMPRA,295,88.2240,6.1776,2026-08-07 16:49:59,2026-08-07 16:50:00,2026-08-07 16:50:00
212430,1271,LCCH9,COMPRA,225,9.5715,11.7300,2026-08-07 16:11:31,2026-08-07 16:11:34,2026-08-07 16:11:34
212431,2866,BXFJ9,COMPRA,305,181.9855,4.3154,2026-08-07 12:34:35,2026-08-07 12:34:37,2026-08-07 12:34:37
212432,2240,PQUT9,COMPRA,245,62.9763,10.7587,2026-08-07 12:25:53,2026-08-07 12:25:55,2026-08-07 12:25:55
212433,2351,XOVY4,COMPRA,345,118.0342,9.3846,2026-08-07 17:03:32,2026-08-07 17:03:32,2026-08-07 17:03:32
212434,1250,TXHR8,COMPRA,480,72.4021,11.6438,2026-08-07 14:26:50,2026-08-07 14:26:53,2026-08-07 14:26:53
212435,3153,NAOF3,COMPRA,380,60.9930,2.2052,2026-08-07 14:36:20,2026-08-07 14:36:23,2026-08-07 14:36:23
212436,2910,IJJK3,COMPRA,280,110.8149,11.3589,2026-08-07 10:56:28,2026-08-07 10:56:31,2026-08-07 10:56:31
212437,2265,MJDL9,COMPRA,55,31.3191,4.8146,2026-08-07 14:40:14,2026-08-07 14:40:16,2026-08-07 14:40:16
212438,2802,RSBT4,COMPRA,60,410.2506,9.5299,2026-08-07 12:07:43,2026-08-07 12:07:46,2026-08-07 12:07:46
212439,3170,HJRH5,COMPRA,120,131.4916,12.4528,2026-08-07 13:50:55,2026-08-07 13:50:55,2026-08-07 13:50:55
212440,3260,LGKU6,COMPRA,240,61.0762,7.9294,2026-08-07 15:39:21,2026-08-07 15:39:23,2026-08-07 15:39:23
212441,2696,WHMT3,COMPRA,310,129.0791,10.3114,2026-08-07 15:24:39,2026-08-07 15:24:40,2026-08-07 15:24:40
212442,2320,ICSU4,COMPRA,460,165.8060,2.2528,2026-08-07 13:11:07,2026-08-07 13:11:08,2026-08-07 13:11:08
212443,1737,QQQS1,COMPRA,440,18.9783,9.9629,2026-08-07 16:05:22,2026-08-07 16:05:25,2026-08-07 16:05:25
212444,3054,MCHX2,COMPRA,235,91.5951,0.7435,2026-08-07 11:15:36,2026-08-07 11:15:39,2026-08-07 11:15:39
212445,3368,AAUA7,COMPRA,97,124.8084,5.6380,2026-08-07 11:19:08,2026-08-07 11:19:08,2026-08-07 11:19:08
212446,1755,JUDG8,COMPRA,35,103.2110,3.9901,2026-08-07 17:26:16,2026-08-07 17:26:18,2026-08-07 17:26:18
212447,3073,TNHT4,COMPRA,375,139.9396,9.3448,2026-08-07 12:06:08,2026-08-07 12:06:09,2026-08-07 12:06:09
212448,2668,ZFBT3,COMPRA,361,93.7548,11.6832,2026-08-07 14:07:45,2026-08-07 14:07:47,2026-08-07 14:07:47
212449,1976,ZHTL2,COMPRA,145,61.5418,4.1160,2026-08-07 14:53:37,2026-08-07 14:53:40,2026-08-07 14:53:40
212450,1249,KHGP6,COMPRA,270,89.5425,8.9766,2026-08-07 14:04:46,2026-08-07 14:04:47,2026-08-07 14:04:47
212451,3133,TBWG2,COMPRA,370,99.7893,4.1446,2026-08-07 15:07:30,2026-08-07 15:07:32,2026-08-07 15:07:32
212452,1976,LGKU6,COMPRA,60,77.6338,10.4689,2026-08-07 14:22:13,2026-08-07 14:22:14,2026-08-07 14:22:14
212453,2852,UYFJ9,COMPRA,315,103.1868,0.3502,2026-08-07 17:11:04,2026-08-07 17:11:07,2026-08-07 17:11:07
212454,1954,JIPA6,COMPRA,235,41.1036,8.9155,2026-08-07 16:56:00,2026-08-07 16:56:00,2026-08-07 16:56:00
212455,2273,ZHTL2,COMPRA,420,51.4421,12.0124,2026-08-07 14:12:17,2026-08-07 14:12:17,2026-08-07 14:12:17
212456,1636,QEUC2,COMPRA,415,158.6825,5.9371,2026-08-07 13:45:30,2026-08-07 13:45:32,2026-08-07 13:45:32
212457,1853,JUDG8,COMPRA,485,76.4389,6.6416,2026-08-07 17:27:36,2026-08-07 17:27:36,2026-08-07 17:27:36
212458,2775,QTHQ1,COMPRA,440,26.4737,4.6926,2026-08-07 12:03:33,2026-08-07 12:03:33,2026-08-07 12:03:33
212459,3204,TVCE9,COMPRA,235,78.8976,5.1564,2026-08-07 11:53:44,2026-08-07 11:53:44,2026-08-07 11:53:44
212460,2184,NWGB4,COMPRA,65,113.9187,5.7876,2026-08-07 11:43:22,2026-08-07 11:43:25,2026-08-07 11:43:25
212461,1921,TVCE9,COMPRA,135,74.0468,8.9477,2026-08-07 12:43:50,2026-08-07 12:43:52,2026-08-07 12:43:52
212462,2136,UQIQ7,COMPRA,280,89.4900,6.0217,2026-08-07 14:28:08,2026-08-07 14:28:09,2026-08-07 14:28:09
212463,2455,FYZB6,COMPRA,180,56.2549,6.3125,2026-08-07 13:59:00,2026-08-07 13:59:03,2026-08-07 13:59:03
212464,3488,TTHO3,COMPRA,10,34.2438,1.4979,2026-08-07 11:37:03,2026-08-07 11:37:03,2026-08-07 11:37:03
212465,2358,QYBV3,COMPRA,215,87.7289,9.7097,2026-08-07 12:11:52,2026-08-07 12:11:52,2026-08-07 12:11:52
212466,2391,GFDF2,COMPRA,496,68.0218,3.0918,2026-08-07 15:53:29,2026-08-07 15:53:31,2026-08-07 15:53:31
212467,2865,TBWG2,COMPRA,115,93.3246,9.4901,2026-08-07 10:31:55,2026-08-07 10:31:58,2026-08-07 10:31:58
212468,2722,QHFL8,COMPRA,290,139.9982,0.8845,2026-08-07 11:52:02,2026-08-07 11:52:02,2026-08-07 11:52:02
212469,2133,IJJK3,COMPRA,237,120.9304,3.5547,2026-08-07 14:41:13,2026-08-07 14:41:13,2026-08-07 14:41:13
212470,3013,NREP8,COMPRA,230,105.3781,9.0451,2026-08-07 13:11:44,2026-08-07 13:11:46,2026-08-07 13:11:46
212471,2248,WXFC8,COMPRA,265,68.7219,12.8845,2026-08-07 17:24:42,2026-08-07 17:24:42,2026-08-07 17:24:42
212472,2431,PSEN6,COMPRA,85,203.7203,2.8013,2026-08-07 11:54:16,2026-08-07 11:54:17,2026-08-07 11:54:17
212473,1507,DEGN5,COMPRA,57,105.0852,2.8392,2026-08-07 12:01:00,2026-08-07 12:01:02,2026-08-07 12:01:02
212474,1136,WXQM6,COMPRA,431,48.7295,1.8621,2026-08-07 12:21:05,2026-08-07 12:21:08,2026-08-07 12:21:08
212475,2719,GAKD5,COMPRA,445,254.0533,7.0308,2026-08-07 16:51:48,2026-08-07 16:51:49,2026-08-07 16:51:49
212476,3045,ACSV1,COMPRA,460,123.4646,1.4659,2026-08-07 10:05:32,2026-08-07 10:05:34,2026-08-07 10:05:34
212477,3485,QTDZ2,COMPRA,435,54.3665,10.1397,2026-08-07 17:08:14,2026-08-07 17:08:14,2026-08-07 17:08:14
212478,2311,YYLA4,COMPRA,90,176.6912,10.6414,2026-08-07 12:21:32,2026-08-07 12:21:32,2026-08-07 12:21:32
212479,1692,GULD2,COMPRA,25,121.4220,11.5621,2026-08-07 11:57:31,2026-08-07 11:57:34,2026-08-07 11:57:34
212480,1635,RHXV4,COMPRA,15,58.3237,11.2736,2026-08-07 15:51:35,2026-08-07 15:51:38,2026-08-07 15:51:38
212481,1049,ZFBT3,COMPRA,205,121.0609,4.3464,2026-08-07 11:35:13,2026-08-07 11:35:16,2026-08-07 11:35:16
212482,2037,BGNM6,COMPRA,99,101.9193,7.9766,2026-08-07 17:00:41,2026-08-07 17:00:41,2026-08-07 17:00:41
212483,2841,UCHR6,COMPRA,45,370.9983,8.0694,2026-08-07 12:28:16,2026-08-07 12:28:16,2026-08-07 12:28:16
212484,1536,RIET5,COMPRA,65,123.6544,8.4502,2026-08-07 16:14:30,2026-08-07 16:14:30,2026-08-07 16:14:30
212485,1095,RMRT1,COMPRA,330,124.3117,2.4732,2026-08-07 13:45:45,2026-08-07 13:45:46,2026-08-07 13:45:46
212486,2696,TBWG2,VENDA,34,97.3587,7.1616,2026-08-07 16:53:46,2026-08-07 16:53:49,2026-08-07 16:53:49
212487,1355,YYLA4,COMPRA,306,166.9037,5.2655,2026-08-07 16:48:04,2026-08-07 16:48:04,2026-08-07 16:48:04
212488,1498,CQIL9,COMPRA,167,31.5456,9.3839,2026-08-07 12:37:28,2026-08-07 12:37:29,2026-08-07 12:37:29
212489,2999,NUJZ2,COMPRA,205,32.5227,4.3695,2026-08-07 14:23:31,2026-08-07 14:23:32,2026-08-07 14:23:32
212490,3344,QYBV3,COMPRA,120,73.0003,10.9387,2026-08-07 17:13:44,2026-08-07 17:13:45,2026-08-07 17:13:45
212491,1265,YIHC3,COMPRA,350,48.0879,,2026-08-07 10:16:55,2026-08-07 10:16:57,2026-08-07 10:16:57
212492,3456,DEGN5,COMPRA,35,87.6236,3.4863,2026-08-07 11:03:27,2026-08-07 11:03:27,2026-08-07 11:03:27
212493,3486,TVCE9,COMPRA,125,74.4995,11.9658,2026-08-07 13:23:24,2026-08-07 13:23:25,2026-08-07 13:23:25
212494,2436,CQJZ4,COMPRA,265,75.6011,9.1948,2026-08-07 12:02:10,2026-08-07 12:02:13,2026-08-07 12:02:13
212495,2060,WIPB2,COMPRA,30,137.8579,10.1399,2026-08-07 11:58:24,2026-08-07 11:58:26,2026-08-07 11:58:26
212496,2640,PQUT9,COMPRA,340,93.0271,12.1419,2026-08-07 16:32:09,2026-08-07 16:32:09,2026-08-07 16:32:09
212497,2856,QATW7,COMPRA,90,45.5571,5.5158,2026-08-07 17:15:52,2026-08-07 17:15:52,2026-08-07 17:15:52
212498,1665,JDJG6,COMPRA,498,59.7840,11.4310,2026-08-07 16:55:18,2026-08-07 16:55:21,2026-08-07 16:55:21
212499,2083,LIEG8,COMPRA,130,84.2740,7.5559,2026-08-07 14:39:29,2026-08-07 14:39:31,2026-08-07 14:39:31
212500,1947,YIHC3,COMPRA,45,65.7925,3.9196,2026-08-07 17:15:37,2026-08-07 17:15:38,2026-08-07 17:15:38
212501,1337,NYGT6,COMPRA,15,91.0186,12.2724,2026-08-07 17:27:21,2026-08-07 17:27:22,2026-08-07 17:27:22
212502,2153,YYLA4,COMPRA,245,225.2396,8.0299,2026-08-07 10:29:25,2026-08-07 10:29:28,2026-08-07 10:29:28
212503,2399,LIEG8,COMPRA,210,106.1452,2.4024,2026-08-07 11:11:31,2026-08-07 11:11:34,2026-08-07 11:11:34
212504,3284,OEQA8,COMPRA,70,401.9929,8.4553,2026-08-07 11:36:10,2026-08-07 11:36:10,2026-08-07 11:36:10
212505,2999,ICSU4,COMPRA,60,110.1699,3.2004,2026-08-07 17:17:12,2026-08-07 17:17:14,2026-08-07 17:17:14
212506,1469,TVCE9,COMPRA,275,71.5281,9.2641,2026-08-07 13:42:53,2026-08-07 13:42:54,2026-08-07 13:42:54
212507,2978,XPVA7,COMPRA,225,479.4717,5.5392,2026-08-07 12:22:12,2026-08-07 12:22:12,2026-08-07 12:22:12
212508,1499,PQUT9,COMPRA,60,96.8961,6.9860,2026-08-07 12:32:58,2026-08-07 12:33:01,2026-08-07 12:33:01
212509,2590,RYPL6,COMPRA,125,94.8316,11.5250,2026-08-07 13:00:16,2026-08-07 13:00:17,2026-08-07 13:00:17
212510,3470,ECQD7,COMPRA,495,81.0143,10.3675,2026-08-07 14:55:48,2026-08-07 14:55:49,2026-08-07 14:55:49
212511,1772,QYBV3,VENDA,496,62.4190,7.9945,2026-08-07 16:06:57,2026-08-07 16:06:59,2026-08-07 16:06:59
212512,1177,JIPR4,COMPRA,30,26.4886,7.5042,2026-08-07 10:03:37,2026-08-07 10:03:37,2026-08-07 10:03:37
212513,1772,YYLA4,COMPRA,500,191.0057,0.7412,2026-08-07 16:52:55,2026-08-07 16:52:56,2026-08-07 16:52:56
212514,1701,QEUC2,COMPRA,355,138.7703,6.7839,2026-08-07 16:29:02,2026-08-07 16:29:03,2026-08-07 16:29:03
212515,2310,RFNS7,COMPRA,285,86.8475,1.2612,2026-08-07 13:19:24,2026-08-07 13:19:24,2026-08-07 13:19:24
212516,1805,PSEN6,COMPRA,40,239.8622,1.3007,2026-08-07 15:43:29,2026-08-07 15:43:31,2026-08-07 15:43:31
212517,1338,RDOA3,COMPRA,440,100.5022,4.6938,2026-08-07 13:01:49,2026-08-07 13:01:52,2026-08-07 13:01:52
212518,3235,ZFBT3,COMPRA,145,111.4929,12.0286,2026-08-07 12:10:00,2026-08-07 12:10:01,2026-08-07 12:10:01
212519,3036,BOCS8,COMPRA,465,48.4997,10.8311,2026-08-07 12:21:26,2026-08-07 12:21:28,2026-08-07 12:21:28
212520,1721,RYPL6,COMPRA,40,103.6380,0.9266,2026-08-07 14:17:12,2026-08-07 14:17:12,2026-08-07 14:17:12
212521,2514,YOWA1,COMPRA,380,56.7947,12.4052,2026-08-07 11:13:09,2026-08-07 11:13:12,2026-08-07 11:13:12
212522,1798,ZAAS7,COMPRA,360,337.5547,9.7487,2026-08-07 16:12:25,2026-08-07 16:12:28,2026-08-07 16:12:28
212523,1931,VLEB3,COMPRA,265,431.6511,8.3123,2026-08-07 11:37:11,2026-08-07 11:37:11,2026-08-07 11:37:11
212524,2423,FYZB6,COMPRA,320,84.6600,8.4370,2026-08-07 14:26:26,2026-08-07 14:26:28,2026-08-07 14:26:28
212525,3361,TNHT4,COMPRA,405,146.4698,12.7106,2026-08-07 12:07:27,2026-08-07 12:07:30,2026-08-07 12:07:30
212526,3122,NUJZ2,COMPRA,50,30.5841,10.4554,2026-08-07 11:59:02,2026-08-07 11:59:02,2026-08-07 11:59:02
212527,1843,BOCS8,COMPRA,185,76.8261,12.2072,2026-08-07 17:14:05,2026-08-07 17:14:08,2026-08-07 17:14:08
212528,1847,FIUW1,COMPRA,185,85.4079,3.9737,2026-08-07 16:35:37,2026-08-07 16:35:38,2026-08-07 16:35:38
212529,3002,TVCE9,COMPRA,280,60.8260,7.6792,2026-08-07 13:40:42,2026-08-07 13:40:42,2026-08-07 13:40:42
212530,1724,PSEN6,COMPRA,114,158.1742,0.3052,2026-08-07 14:11:22,2026-08-07 14:11:25,2026-08-07 14:11:25
212531,2905,NHYK8,COMPRA,105,75.9629,7.2300,2026-08-07 10:21:07,2026-08-07 10:21:08,2026-08-07 10:21:08
212532,1101,BXFJ9,COMPRA,400,171.7105,7.6881,2026-08-07 13:20:20,2026-08-07 13:20:23,2026-08-07 13:20:23
212533,1470,RIET5,VENDA,190,176.1981,2.6950,2026-08-07 16:43:21,2026-08-07 16:43:22,2026-08-07 16:43:22
212534,1989,QEUC2,COMPRA,200,168.1064,9.5344,2026-08-07 16:54:35,2026-08-07 16:54:36,2026-08-07 16:54:36
212535,2959,RMRT1,COMPRA,74,91.6768,7.7571,2026-08-07 10:25:56,2026-08-07 10:25:58,2026-08-07 10:25:58
212536,1833,UFMA7,COMPRA,490,197.2690,3.0928,2026-08-07 13:24:00,2026-08-07 13:24:02,2026-08-07 13:24:02
212537,2685,XPVA7,COMPRA,5,433.3252,3.3417,2026-08-07 17:25:23,2026-08-07 17:25:23,2026-08-07 17:25:23
212538,1887,HCLJ8,COMPRA,5,85.6487,6.7330,2026-08-07 11:35:48,2026-08-07 11:35:49,2026-08-07 11:35:49
212539,2995,TNHT4,COMPRA,135,126.3863,6.7637,2026-08-07 16:59:09,2026-08-07 16:59:11,2026-08-07 16:59:11
212540,3130,UFIU3,COMPRA,295,102.8849,5.8127,2026-08-07 10:02:38,2026-08-07 10:02:39,2026-08-07 10:02:39
212541,1704,IWFI1,COMPRA,180,138.0644,7.1622,2026-08-07 15:09:14,2026-08-07 15:09:16,2026-08-07 15:09:16
212542,3177,JIPA6,COMPRA,260,31.5181,0.6198,2026-08-07 15:23:53,2026-08-07 15:23:54,2026-08-07 15:23:54
212543,2837,PZUP8,COMPRA,315,132.8671,4.6817,2026-08-07 15:52:46,2026-08-07 15:52:46,2026-08-07 15:52:46
212544,1872,WXFC8,COMPRA,235,77.9631,12.4564,2026-08-07 10:42:15,2026-08-07 10:42:18,2026-08-07 10:42:18
212545,2707,XLZM9,COMPRA,90,45.8279,12.2322,2026-08-07 12:03:17,2026-08-07 12:03:20,2026-08-07 12:03:20
212546,2824,ICSU4,COMPRA,250,113.9694,10.5952,2026-08-07 11:15:38,2026-08-07 11:15:38,2026-08-07 11:15:38
212547,2776,PSEN6,COMPRA,140,158.3542,6.5595,2026-08-07 16:10:10,2026-08-07 16:10:13,2026-08-07 16:10:13
212548,1971,GFDF2,COMPRA,290,77.4336,2.1480,2026-08-07 12:26:51,2026-08-07 12:26:53,2026-08-07 12:26:53
212549,2928,RFNS7,COMPRA,85,105.4045,5.9787,2026-08-07 15:34:57,2026-08-07 15:34:59,2026-08-07 15:34:59
212550,2090,XTVW5,COMPRA,220,103.2983,5.8409,2026-08-07 10:32:05,2026-08-07 10:32:08,2026-08-07 10:32:08
212551,1739,RYPL6,COMPRA,335,71.2326,8.1661,2026-08-07 16:39:12,2026-08-07 16:39:15,2026-08-07 16:39:15
212552,1451,UQIQ7,COMPRA,240,69.1356,11.0791,2026-08-07 15:19:11,2026-08-07 15:19:13,2026-08-07 15:19:13
212553,2525,YYLA4,COMPRA,330,156.0720,9.5700,2026-08-07 15:51:37,2026-08-07 15:51:38,2026-08-07 15:51:38
212554,3370,ZYVN7,COMPRA,485,69.2977,6.9221,2026-08-07 17:30:36,2026-08-07 17:30:36,2026-08-07 17:30:36
212555,1938,WXFC8,COMPRA,360,94.1432,7.8257,2026-08-07 12:58:47,2026-08-07 12:58:49,2026-08-07 12:58:49
212556,3082,QTDZ2,COMPRA,250,60.7753,7.4038,2026-08-07 13:06:36,2026-08-07 13:06:37,2026-08-07 13:06:37
212557,2174,DEGN5,COMPRA,78,74.3793,1.4252,2026-08-07 13:02:29,2026-08-07 13:02:32,2026-08-07 13:02:32
212558,3469,SGBG8,COMPRA,219,81.0745,9.8569,2026-08-07 16:33:53,2026-08-07 16:33:56,2026-08-07 16:33:56
212559,1475,QQQS1,COMPRA,130,24.7608,3.5324,2026-08-07 17:07:13,2026-08-07 17:07:13,2026-08-07 17:07:13
212560,1003,DSFC9,COMPRA,31,395.2838,2.3076,2026-08-07 17:21:31,2026-08-07 17:21:33,2026-08-07 17:21:33
212561,3137,RFNS7,COMPRA,345,85.9623,5.3808,2026-08-07 14:22:18,2026-08-07 14:22:20,2026-08-07 14:22:20
212562,3072,MCHX2,COMPRA,120,93.2477,3.5209,2026-08-07 11:17:10,2026-08-07 11:17:10,2026-08-07 11:17:10
212563,1532,KHGP6,COMPRA,53,113.2348,6.7601,2026-08-07 13:47:41,2026-08-07 13:47:42,2026-08-07 13:47:42
212564,3416,WMQZ6,COMPRA,67,67.9882,1.0114,2026-08-07 14:29:05,2026-08-07 14:29:07,2026-08-07 14:29:07
212565,1873,NPEM3,COMPRA,75,112.6106,7.3602,2026-08-07 17:15:52,2026-08-07 17:15:53,2026-08-07 17:15:53
212566,3180,UYFJ9,COMPRA,364,94.8361,0.6114,2026-08-07 13:59:27,2026-08-07 13:59:30,2026-08-07 13:59:30
212567,2642,IJJK3,COMPRA,198,113.7804,3.0232,2026-08-07 17:22:51,2026-08-07 17:22:51,2026-08-07 17:22:51
212568,2741,IZTY4,COMPRA,191,29.9556,8.9360,2026-08-07 11:15:14,2026-08-07 11:15:17,2026-08-07 11:15:17
212569,2674,TBWG2,COMPRA,90,92.2901,9.9804,2026-08-07 10:01:31,2026-08-07 10:01:32,2026-08-07 10:01:32
212570,2637,DGBT6,COMPRA,370,69.1609,2.2844,2026-08-07 17:30:24,2026-08-07 17:30:26,2026-08-07 17:30:26
212571,3332,FRGH8,COMPRA,450,66.8066,3.1800,2026-08-07 12:37:38,2026-08-07 12:37:39,2026-08-07 12:37:39
212572,1636,XPVA7,COMPRA,480,452.7701,8.6198,2026-08-07 11:36:09,2026-08-07 11:36:11,2026-08-07 11:36:11
212573,1378,VLEB3,VENDA,85,423.8671,3.0083,2026-08-07 17:17:04,2026-08-07 17:17:06,2026-08-07 17:17:06
212574,2004,TXHR8,COMPRA,325,73.9903,10.1767,2026-08-07 11:54:15,2026-08-07 11:54:18,2026-08-07 11:54:18
212575,2549,DSFC9,COMPRA,359,365.0254,10.6894,2026-08-07 11:53:28,2026-08-07 11:53:29,2026-08-07 11:53:29
212576,2792,XAVL3,COMPRA,95,198.9769,0.0072,2026-08-07 11:01:20,2026-08-07 11:01:20,2026-08-07 11:01:20
212577,2032,HVEX2,COMPRA,64,114.8355,3.2876,2026-08-07 17:04:01,2026-08-07 17:04:01,2026-08-07 17:04:01
212578,2228,ECQD7,COMPRA,103,70.5359,1.5136,2026-08-07 13:15:12,2026-08-07 13:15:14,2026-08-07 13:15:14
212579,1017,OXVD8,COMPRA,290,66.4991,2.2898,2026-08-07 15:45:05,2026-08-07 15:45:06,2026-08-07 15:45:06
212580,3436,OVYL9,COMPRA,150,86.7328,11.8099,2026-08-07 11:36:20,2026-08-07 11:36:21,2026-08-07 11:36:21
212581,1026,XAVL3,COMPRA,155,161.7854,5.4198,2026-08-07 16:50:11,2026-08-07 16:50:14,2026-08-07 16:50:14
212582,3196,HVEX2,COMPRA,365,119.6176,7.7034,2026-08-07 15:00:33,2026-08-07 15:00:34,2026-08-07 15:00:34
212583,1544,RMRT1,COMPRA,185,84.5185,12.3561,2026-08-07 11:29:35,2026-08-07 11:29:35,2026-08-07 11:29:35
212584,3467,BGNM6,COMPRA,155,123.8539,7.3675,2026-08-07 11:56:33,2026-08-07 11:56:35,2026-08-07 11:56:35
212585,1116,RYPL6,COMPRA,445,78.0455,9.2187,2026-08-07 11:03:15,2026-08-07 11:03:16,2026-08-07 11:03:16
212586,3424,GFDF2,COMPRA,395,104.7365,9.6059,2026-08-07 15:01:07,2026-08-07 15:01:07,2026-08-07 15:01:07
212587,2763,HCZM2,COMPRA,475,464.9930,7.6789,2026-08-07 12:47:43,2026-08-07 12:47:43,2026-08-07 12:47:43
212588,1776,FIUW1,COMPRA,300,112.6877,3.1740,2026-08-07 13:18:14,2026-08-07 13:18:14,2026-08-07 13:18:14
212589,2870,RMRT1,COMPRA,70,95.6117,3.5610,2026-08-07 12:44:11,2026-08-07 12:44:11,2026-08-07 12:44:11
212590,1065,XTVW5,COMPRA,300,113.3216,0.6903,2026-08-07 14:24:36,2026-08-07 14:24:37,2026-08-07 14:24:37
212591,2743,ZYVN7,COMPRA,237,82.8197,9.4779,2026-08-07 15:47:59,2026-08-07 15:48:02,2026-08-07 15:48:02
212592,1836,DGBT6,COMPRA,210,101.4560,1.6634,2026-08-07 15:54:33,2026-08-07 15:54:33,2026-08-07 15:54:33
212593,1812,WXQM6,COMPRA,350,58.2771,9.8379,2026-08-07 17:22:58,2026-08-07 17:22:58,2026-08-07 17:22:58
212594,1337,ECQD7,COMPRA,231,109.4176,1.2689,2026-08-07 14:49:41,2026-08-07 14:49:41,2026-08-07 14:49:41
212595,2215,NPEM3,COMPRA,180,107.4559,9.3940,2026-08-07 16:35:01,2026-08-07 16:35:02,2026-08-07 16:35:02
212596,2487,WIPB2,COMPRA,355,107.3427,8.0300,2026-08-07 15:11:34,2026-08-07 15:11:35,2026-08-07 15:11:35
212597,2120,NUJZ2,COMPRA,442,27.7454,2.2278,2026-08-07 16:48:42,2026-08-07 16:48:43,2026-08-07 16:48:43
212598,3262,UCHR6,COMPRA,205,327.6295,0.5486,2026-08-07 12:21:13,2026-08-07 12:21:15,2026-08-07 12:21:15
212599,1186,GKQC5,COMPRA,285,129.8412,5.0830,2026-08-07 11:12:45,2026-08-07 11:12:48,2026-08-07 11:12:48
212600,1250,RYPL6,COMPRA,470,98.7098,5.3654,2026-08-07 11:46:06,2026-08-07 11:46:08,2026-08-07 11:46:08
212601,1904,HCLJ8,COMPRA,410,116.5654,8.8589,2026-08-07 16:37:05,2026-08-07 16:37:06,2026-08-07 16:37:06
212602,2860,ERTC4,COMPRA,195,50.6831,8.2565,2026-08-07 13:40:48,2026-08-07 13:40:48,2026-08-07 13:40:48
212603,2193,WXQM6,COMPRA,265,47.3759,12.3785,2026-08-07 11:32:20,2026-08-07 11:32:20,2026-08-07 11:32:20
212604,3155,QQQS1,COMPRA,195,27.1410,4.5614,2026-08-07 17:22:05,2026-08-07 17:22:05,2026-08-07 17:22:05
212605,1102,ECQD7,COMPRA,450,91.7138,11.9862,2026-08-07 10:27:04,2026-08-07 10:27:07,2026-08-07 10:27:07
212606,2868,DFGR7,COMPRA,460,79.0962,7.1179,2026-08-07 13:50:06,2026-08-07 13:50:08,2026-08-07 13:50:08
212607,3478,QEUC2,COMPRA,165,149.9430,1.7351,2026-08-07 13:43:58,2026-08-07 13:44:01,2026-08-07 13:44:01
212608,2311,NUJZ2,COMPRA,10,37.6829,10.2942,2026-08-07 16:50:00,2026-08-07 16:50:01,2026-08-07 16:50:01
212609,3133,YYLA4,COMPRA,195,226.1917,9.9580,2026-08-07 14:27:37,2026-08-07 14:27:37,2026-08-07 14:27:37
212610,1924,SRDU1,COMPRA,415,81.7066,,2026-08-07 14:47:58,2026-08-07 14:47:59,2026-08-07 14:47:59
212611,1849,UVEY5,COMPRA,169,65.9260,11.0830,2026-08-07 10:22:11,2026-08-07 10:22:14,2026-08-07 10:22:14
212612,1105,XAVL3,COMPRA,385,165.0541,8.4259,2026-08-07 15:53:05,2026-08-07 15:53:08,2026-08-07 15:53:08
212613,2244,QQQS1,COMPRA,181,26.7628,4.4919,2026-08-07 13:16:43,2026-08-07 13:16:45,2026-08-07 13:16:45
212614,1490,NUJZ2,COMPRA,425,26.1373,7.8002,2026-08-07 15:31:45,2026-08-07 15:31:46,2026-08-07 15:31:46
212615,2535,ZHTL2,COMPRA,290,78.1634,0.1626,2026-08-07 16:28:32,2026-08-07 16:28:35,2026-08-07 16:28:35
212616,1898,NWGB4,COMPRA,105,154.8033,4.2763,2026-08-07 10:46:48,2026-08-07 10:46:49,2026-08-07 10:46:49
212617,2746,SUZL4,COMPRA,420,143.9259,8.9268,2026-08-07 13:48:42,2026-08-07 13:48:43,2026-08-07 13:48:43
212618,2864,TBWG2,VENDA,20,81.6328,8.4512,2026-08-07 10:03:58,2026-08-07 10:04:00,2026-08-07 10:04:00
212619,1265,IPXK2,COMPRA,145,286.0107,4.9927,2026-08-07 13:22:42,2026-08-07 13:22:45,2026-08-07 13:22:45
212620,2623,PBZM6,COMPRA,275,57.0422,4.3704,2026-08-07 13:27:57,2026-08-07 13:27:59,2026-08-07 13:27:59
212621,1448,CQJZ4,COMPRA,485,78.5355,0.5063,2026-08-07 10:14:02,2026-08-07 10:14:03,2026-08-07 10:14:03
212622,2733,RYPL6,COMPRA,65,103.2965,4.7798,2026-08-07 14:47:38,2026-08-07 14:47:40,2026-08-07 14:47:40
212623,2794,JJVW6,COMPRA,26,109.4246,6.0463,2026-08-07 15:39:05,2026-08-07 15:39:05,2026-08-07 15:39:05
212624,2585,LCCH9,COMPRA,110,9.7392,8.3104,2026-08-07 11:25:27,2026-08-07 11:25:29,2026-08-07 11:25:29
212625,2714,DGBT6,COMPRA,185,75.2030,11.0098,2026-08-07 15:56:17,2026-08-07 15:56:19,2026-08-07 15:56:19
212626,2873,QEUC2,COMPRA,210,167.7209,5.5359,2026-08-07 12:17:42,2026-08-07 12:17:43,2026-08-07 12:17:43
212627,2112,YCCK8,COMPRA,375,398.3705,3.3488,2026-08-07 12:37:15,2026-08-07 12:37:18,2026-08-07 12:37:18
212628,3132,SGBG8,COMPRA,15,80.6352,3.8030,2026-08-07 17:26:22,2026-08-07 17:26:24,2026-08-07 17:26:24
212629,2457,DGBT6,COMPRA,112,104.3230,0.8495,2026-08-07 11:35:07,2026-08-07 11:35:08,2026-08-07 11:35:08
212630,1360,XAVL3,COMPRA,400,178.4333,5.8600,2026-08-07 14:34:38,2026-08-07 14:34:39,2026-08-07 14:34:39
212631,1858,ZHTL2,COMPRA,70,61.4079,9.0355,2026-08-07 13:00:41,2026-08-07 13:00:41,2026-08-07 13:00:41
212632,1803,HJRH5,COMPRA,235,138.3175,9.2621,2026-08-07 14:07:59,2026-08-07 14:08:02,2026-08-07 14:08:02
212633,1978,JDJG6,COMPRA,165,74.7312,11.5318,2026-08-07 13:23:57,2026-08-07 13:24:00,2026-08-07 13:24:00
212634,2437,BOCS8,COMPRA,310,65.2338,6.2790,2026-08-07 17:02:23,2026-08-07 17:02:23,2026-08-07 17:02:23
212635,1080,IZTY4,COMPRA,100,28.3772,11.4086,2026-08-07 10:16:54,2026-08-07 10:16:57,2026-08-07 10:16:57
212636,2248,UCHR6,COMPRA,233,330.2034,0.3337,2026-08-07 14:16:55,2026-08-07 14:16:57,2026-08-07 14:16:57
212637,1190,WMQZ6,COMPRA,352,63.2130,11.6416,2026-08-07 15:50:24,2026-08-07 15:50:25,2026-08-07 15:50:25
212638,2589,NREP8,COMPRA,365,154.7554,8.2743,2026-08-07 14:49:52,2026-08-07 14:49:52,2026-08-07 14:49:52
212639,1355,GULD2,COMPRA,340,163.4166,2.2002,2026-08-07 13:53:14,2026-08-07 13:53:14,2026-08-07 13:53:14
212640,1227,QATW7,COMPRA,215,41.8086,8.5054,2026-08-07 10:10:41,2026-08-07 10:10:42,2026-08-07 10:10:42
212641,2512,BXFJ9,COMPRA,15,147.7674,5.6183,2026-08-07 14:29:23,2026-08-07 14:29:25,2026-08-07 14:29:25
212642,1743,NYGT6,COMPRA,215,96.3016,8.6852,2026-08-07 13:13:01,2026-08-07 13:13:01,2026-08-07 13:13:01
212643,2449,VLEB3,COMPRA,10,320.9494,0.9184,2026-08-07 14:28:41,2026-08-07 14:28:43,2026-08-07 14:28:43
212644,2283,KHGP6,COMPRA,87,106.9275,2.5797,2026-08-07 13:29:00,2026-08-07 13:29:00,2026-08-07 13:29:00
212645,1085,QTHQ1,COMPRA,473,26.7854,1.9327,2026-08-07 15:03:46,2026-08-07 15:03:47,2026-08-07 15:03:47
212646,2191,FYZB6,COMPRA,320,84.8925,,2026-08-07 17:01:50,2026-08-07 17:01:50,2026-08-07 17:01:50
212647,2884,NYGT6,COMPRA,190,84.8739,0.5857,2026-08-07 11:50:06,2026-08-07 11:50:06,2026-08-07 11:50:06
212648,1796,DSFC9,COMPRA,340,417.2710,5.4033,2026-08-07 17:11:44,2026-08-07 17:11:47,2026-08-07 17:11:47
212649,1285,OEQA8,COMPRA,210,426.6697,2.1214,2026-08-07 12:04:02,2026-08-07 12:04:05,2026-08-07 12:04:05
212650,2378,NWGB4,COMPRA,435,98.8825,8.4962,2026-08-07 15:18:56,2026-08-07 15:18:56,2026-08-07 15:18:56
212651,3069,SVOZ4,COMPRA,155,56.0377,10.6349,2026-08-07 16:51:41,2026-08-07 16:51:44,2026-08-07 16:51:44
212652,1761,KHGP6,COMPRA,80,96.1909,1.3785,2026-08-07 15:59:21,2026-08-07 15:59:21,2026-08-07 15:59:21
212653,2349,WXFC8,COMPRA,232,85.8433,,2026-08-07 10:32:37,2026-08-07 10:32:38,2026-08-07 10:32:38
212654,1255,YYLA4,COMPRA,260,155.1407,3.8482,2026-08-07 13:23:57,2026-08-07 13:23:57,2026-08-07 13:23:57
212655,1378,GFDF2,COMPRA,365,72.7775,8.6423,2026-08-07 14:46:12,2026-08-07 14:46:13,2026-08-07 14:46:13
212656,1874,WXQM6,COMPRA,40,51.1327,10.0714,2026-08-07 13:25:58,2026-08-07 13:26:00,2026-08-07 13:26:00
212657,3020,GAKD5,COMPRA,415,282.9582,0.0092,2026-08-07 12:14:03,2026-08-07 12:14:03,2026-08-07 12:14:03
212658,1309,ACSV1,COMPRA,465,82.5643,2.2377,2026-08-07 15:40:21,2026-08-07 15:40:24,2026-08-07 15:40:24
212659,3080,ZAAS7,COMPRA,220,449.9438,8.5446,2026-08-07 10:12:42,2026-08-07 10:12:44,2026-08-07 10:12:44
212660,1843,LCCH9,COMPRA,435,9.0350,5.1376,2026-08-07 16:05:04,2026-08-07 16:05:04,2026-08-07 16:05:04
212661,3012,LIEG8,COMPRA,341,80.9549,5.0015,2026-08-07 15:02:16,2026-08-07 15:02:16,2026-08-07 15:02:16
212662,3032,AAWB3,COMPRA,125,187.1194,1.0821,2026-08-07 10:21:22,2026-08-07 10:21:23,2026-08-07 10:21:23
212663,1788,FRGH8,COMPRA,120,83.4548,11.0958,2026-08-07 13:22:56,2026-08-07 13:22:57,2026-08-07 13:22:57
212664,3431,UVEY5,COMPRA,135,69.4692,8.0137,2026-08-07 11:11:00,2026-08-07 11:11:02,2026-08-07 11:11:02
212665,3003,NPEM3,COMPRA,375,113.9004,7.3777,2026-08-07 14:35:43,2026-08-07 14:35:45,2026-08-07 14:35:45
212666,2996,MCHX2,COMPRA,295,91.2810,9.3858,2026-08-07 11:44:33,2026-08-07 11:44:33,2026-08-07 11:44:33
212667,1038,UFMA7,COMPRA,267,147.7605,10.8168,2026-08-07 10:13:29,2026-08-07 10:13:31,2026-08-07 10:13:31
212668,2753,UVEY5,COMPRA,150,102.7262,4.2878,2026-08-07 11:57:43,2026-08-07 11:57:45,2026-08-07 11:57:45
212669,1482,SRDU1,VENDA,200,72.1966,11.6113,2026-08-07 16:57:37,2026-08-07 16:57:40,2026-08-07 16:57:40
212670,3482,AYFQ2,COMPRA,95,13.1764,7.9844,2026-08-07 12:29:57,2026-08-07 12:30:00,2026-08-07 12:30:00
212671,3125,ECQD7,COMPRA,218,77.1192,5.0190,2026-08-07 10:40:11,2026-08-07 10:40:12,2026-08-07 10:40:12
212672,3242,NAOF3,COMPRA,193,80.2987,10.8271,2026-08-07 13:33:19,2026-08-07 13:33:19,2026-08-07 13:33:19
212673,3039,YFAH5,COMPRA,75,175.1536,11.6820,2026-08-07 10:43:33,2026-08-07 10:43:34,2026-08-07 10:43:34
212674,2777,FYZB6,COMPRA,119,81.0842,7.0370,2026-08-07 14:37:05,2026-08-07 14:37:08,2026-08-07 14:37:08
212675,2131,IPXK2,COMPRA,200,340.4464,9.6729,2026-08-07 11:14:33,2026-08-07 11:14:34,2026-08-07 11:14:34
212676,3163,TNHT4,COMPRA,300,151.3635,12.3171,2026-08-07 13:11:59,2026-08-07 13:12:02,2026-08-07 13:12:02
212677,1848,QYBV3,COMPRA,175,61.8361,7.6892,2026-08-07 12:11:29,2026-08-07 12:11:29,2026-08-07 12:11:29
212678,1973,DMTZ8,COMPRA,55,159.2157,8.1311,2026-08-07 13:23:10,2026-08-07 13:23:13,2026-08-07 13:23:13
212679,3054,WXQM6,COMPRA,280,49.8421,0.9033,2026-08-07 12:25:29,2026-08-07 12:25:29,2026-08-07 12:25:29
212680,1142,HCZM2,COMPRA,90,541.6968,12.6899,2026-08-07 14:53:42,2026-08-07 14:53:43,2026-08-07 14:53:43
212681,2808,OVUQ2,COMPRA,154,52.4230,10.4736,2026-08-07 10:22:12,2026-08-07 10:22:12,2026-08-07 10:22:12
212682,1011,OVYL9,COMPRA,235,60.0000,0.5855,2026-08-07 15:50:58,2026-08-07 15:51:00,2026-08-07 15:51:00
212683,1056,AAUA7,COMPRA,329,110.7412,1.4389,2026-08-07 10:20:32,2026-08-07 10:20:34,2026-08-07 10:20:34
212684,3292,WXQM6,COMPRA,64,51.9994,0.9176,2026-08-07 10:55:03,2026-08-07 10:55:03,2026-08-07 10:55:03
212685,2372,ERTC4,COMPRA,355,55.6109,8.6068,2026-08-07 12:41:17,2026-08-07 12:41:17,2026-08-07 12:41:17
212686,2535,BSDJ7,COMPRA,425,270.8915,5.9250,2026-08-07 11:47:03,2026-08-07 11:47:03,2026-08-07 11:47:03
212687,2059,XPVA7,COMPRA,308,569.0926,9.0755,2026-08-07 10:00:17,2026-08-07 10:00:19,2026-08-07 10:00:19
212688,1513,MOLF3,COMPRA,425,64.1601,7.4779,2026-08-07 13:49:16,2026-08-07 13:49:19,2026-08-07 13:49:19
212689,3208,MGRR2,COMPRA,120,114.8449,7.6563,2026-08-07 12:46:43,2026-08-07 12:46:43,2026-08-07 12:46:43
212690,2500,QEUC2,COMPRA,125,179.8537,0.4900,2026-08-07 10:03:22,2026-08-07 10:03:24,2026-08-07 10:03:24
212691,2673,RSBT4,COMPRA,410,477.2155,0.3888,2026-08-07 11:19:20,2026-08-07 11:19:22,2026-08-07 11:19:22
212692,1689,LGKU6,COMPRA,305,75.7561,2.2282,2026-08-07 10:35:17,2026-08-07 10:35:17,2026-08-07 10:35:17
212693,2253,HCZM2,COMPRA,475,440.1445,12.4260,2026-08-07 16:22:54,2026-08-07 16:22:56,2026-08-07 16:22:56
212694,1737,OEQA8,COMPRA,285,440.6594,2.8000,2026-08-07 16:01:08,2026-08-07 16:01:11,2026-08-07 16:01:11
212695,3087,MJDL9,COMPRA,80,32.8790,11.6093,2026-08-07 13:49:32,2026-08-07 13:49:35,2026-08-07 13:49:35
212696,1151,IZTY4,COMPRA,15,34.5553,6.7648,2026-08-07 10:58:56,2026-08-07 10:58:58,2026-08-07 10:58:58
212697,3429,MGRR2,COMPRA,321,104.6361,7.8158,2026-08-07 10:23:11,2026-08-07 10:23:12,2026-08-07 10:23:12
212698,3246,WHMT3,COMPRA,300,124.1786,6.9800,2026-08-07 14:42:32,2026-08-07 14:42:34,2026-08-07 14:42:34
212699,2182,QATW7,COMPRA,190,55.7731,6.1724,2026-08-07 15:15:58,2026-08-07 15:15:58,2026-08-07 15:15:58
212700,1114,HCLJ8,COMPRA,480,129.4271,1.5317,2026-08-07 13:26:38,2026-08-07 13:26:38,2026-08-07 13:26:38
212701,1495,OVYL9,COMPRA,495,60.0000,3.7048,2026-08-07 16:08:12,2026-08-07 16:08:15,2026-08-07 16:08:15
212702,1816,OEQA8,COMPRA,364,357.7341,11.1506,2026-08-07 12:25:12,2026-08-07 12:25:15,2026-08-07 12:25:15
212703,2083,QYBV3,COMPRA,50,70.0498,7.0126,2026-08-07 15:19:17,2026-08-07 15:19:20,2026-08-07 15:19:20
212704,2650,UQJU7,COMPRA,225,78.6817,7.9738,2026-08-07 16:01:50,2026-08-07 16:01:50,2026-08-07 16:01:50
212705,1073,OXVD8,COMPRA,20,83.2184,3.0752,2026-08-07 12:48:47,2026-08-07 12:48:49,2026-08-07 12:48:49
212706,1242,RFNS7,COMPRA,385,98.7324,2.8397,2026-08-07 14:29:49,2026-08-07 14:29:49,2026-08-07 14:29:49
212707,1288,TBWG2,COMPRA,150,72.1361,2.1686,2026-08-07 12:48:03,2026-08-07 12:48:06,2026-08-07 12:48:06
212708,2695,QHFL8,COMPRA,188,144.7590,10.5546,2026-08-07 14:21:45,2026-08-07 14:21:45,2026-08-07 14:21:45
212709,1975,UVEY5,COMPRA,160,85.2059,11.0204,2026-08-07 11:27:28,2026-08-07 11:27:31,2026-08-07 11:27:31
212710,1534,BGNM6,COMPRA,250,120.4010,11.8145,2026-08-07 16:53:44,2026-08-07 16:53:46,2026-08-07 16:53:46
212711,1688,ZYVN7,COMPRA,325,86.7227,9.1509,2026-08-07 10:18:55,2026-08-07 10:18:57,2026-08-07 10:18:57
212712,1184,GULD2,COMPRA,110,148.1893,12.3613,2026-08-07 16:21:15,2026-08-07 16:21:17,2026-08-07 16:21:17
212713,3490,YCCK8,COMPRA,485,478.8842,9.5741,2026-08-07 10:21:11,2026-08-07 10:21:11,2026-08-07 10:21:11
212714,3100,CQIL9,COMPRA,390,31.2666,4.4727,2026-08-07 14:23:58,2026-08-07 14:24:00,2026-08-07 14:24:00
212715,1563,SVOZ4,COMPRA,195,41.1049,9.9283,2026-08-07 13:04:06,2026-08-07 13:04:09,2026-08-07 13:04:09
212716,3256,TXHR8,COMPRA,285,70.2209,0.1939,2026-08-07 15:52:04,2026-08-07 15:52:06,2026-08-07 15:52:06
212717,1134,XAVL3,COMPRA,255,200.5598,12.4628,2026-08-07 11:00:05,2026-08-07 11:00:05,2026-08-07 11:00:05
212718,1375,YRWH3,COMPRA,171,167.3133,3.3268,2026-08-07 12:42:34,2026-08-07 12:42:34,2026-08-07 12:42:34
212719,2944,NHYK8,COMPRA,370,66.3767,0.8145,2026-08-07 10:36:51,2026-08-07 10:36:51,2026-08-07 10:36:51
212720,1563,UYFJ9,COMPRA,330,85.8774,12.5171,2026-08-07 13:27:45,2026-08-07 13:27:46,2026-08-07 13:27:46
212721,3479,ZFBT3,COMPRA,345,98.4813,11.7250,2026-08-07 17:11:41,2026-08-07 17:11:41,2026-08-07 17:11:41
212722,1963,SUZL4,VENDA,165,129.9037,7.3964,2026-08-07 16:34:03,2026-08-07 16:34:06,2026-08-07 16:34:06
212723,1522,RIET5,COMPRA,209,117.2822,3.7494,2026-08-07 10:16:33,2026-08-07 10:16:34,2026-08-07 10:16:34
212724,3394,LIEG8,COMPRA,480,75.4277,0.5678,2026-08-07 10:17:46,2026-08-07 10:17:49,2026-08-07 10:17:49
212725,3367,UVEY5,COMPRA,410,87.2040,7.8599,2026-08-07 17:17:04,2026-08-07 17:17:05,2026-08-07 17:17:05
212726,1499,MJDL9,COMPRA,260,40.8591,9.1434,2026-08-07 16:07:34,2026-08-07 16:07:36,2026-08-07 16:07:36
212727,2454,NWGB4,COMPRA,90,150.7190,11.7313,2026-08-07 15:32:16,2026-08-07 15:32:19,2026-08-07 15:32:19
212728,1599,DHRM5,COMPRA,150,340.4625,4.4680,2026-08-07 12:19:47,2026-08-07 12:19:48,2026-08-07 12:19:48
212729,3266,HCZM2,COMPRA,90,454.9171,7.7159,2026-08-07 14:32:48,2026-08-07 14:32:48,2026-08-07 14:32:48
212730,3008,AYFQ2,COMPRA,352,10.1060,1.9509,2026-08-07 13:32:12,2026-08-07 13:32:13,2026-08-07 13:32:13
212731,2563,ZYVN7,COMPRA,206,73.4476,0.6031,2026-08-07 15:19:54,2026-08-07 15:19:55,2026-08-07 15:19:55
212732,2339,LQML9,COMPRA,170,119.0279,7.4328,2026-08-07 13:19:51,2026-08-07 13:19:51,2026-08-07 13:19:51
212733,2258,DHRM5,COMPRA,100,330.1256,9.9348,2026-08-07 17:20:11,2026-08-07 17:20:13,2026-08-07 17:20:13
212734,1297,LCCH9,COMPRA,29,8.8328,2.3327,2026-08-07 11:27:28,2026-08-07 11:27:30,2026-08-07 11:27:30
212735,1874,PBZM6,COMPRA,345,62.4303,11.4477,2026-08-07 16:53:52,2026-08-07 16:53:55,2026-08-07 16:53:55
212736,2250,GFDF2,COMPRA,52,109.9819,3.6044,2026-08-07 14:49:12,2026-08-07 14:49:12,2026-08-07 14:49:12
212737,1310,FYZB6,COMPRA,320,74.4684,2.2369,2026-08-07 12:34:41,2026-08-07 12:34:42,2026-08-07 12:34:42
212738,1040,GKQC5,COMPRA,290,162.1022,7.4895,2026-08-07 10:13:06,2026-08-07 10:13:07,2026-08-07 10:13:07
212739,2195,ICSU4,COMPRA,290,167.8665,2.0762,2026-08-07 15:07:43,2026-08-07 15:07:44,2026-08-07 15:07:44
212740,3314,XAVL3,COMPRA,30,199.2963,9.4273,2026-08-07 11:22:28,2026-08-07 11:22:31,2026-08-07 11:22:31
212741,2657,IJJK3,COMPRA,60,103.1825,5.4791,2026-08-07 14:38:13,2026-08-07 14:38:13,2026-08-07 14:38:13
212742,2531,NPEM3,COMPRA,225,84.3945,0.3154,2026-08-07 13:21:09,2026-08-07 13:21:10,2026-08-07 13:21:10
212743,1405,UCHR6,COMPRA,310,364.0671,12.7178,2026-08-07 13:08:12,2026-08-07 13:08:13,2026-08-07 13:08:13
212744,2908,IZTY4,COMPRA,125,25.9518,11.4371,2026-08-07 16:52:31,2026-08-07 16:52:31,2026-08-07 16:52:31
212745,1054,UFIU3,COMPRA,440,104.8921,2.7794,2026-08-07 16:09:06,2026-08-07 16:09:08,2026-08-07 16:09:08
212746,2462,IWFI1,COMPRA,42,208.7007,8.2353,2026-08-07 10:18:57,2026-08-07 10:19:00,2026-08-07 10:19:00
212747,3127,MJDL9,COMPRA,425,39.8978,12.4049,2026-08-07 11:39:40,2026-08-07 11:39:43,2026-08-07 11:39:43
212748,1232,QHFL8,COMPRA,450,153.5633,3.5249,2026-08-07 15:54:37,2026-08-07 15:54:40,2026-08-07 15:54:40
212749,1691,MCMT2,COMPRA,312,87.6706,0.6748,2026-08-07 10:22:11,2026-08-07 10:22:13,2026-08-07 10:22:13
212750,1540,UQIQ7,COMPRA,240,70.8559,9.8196,2026-08-07 15:44:21,2026-08-07 15:44:23,2026-08-07 15:44:23
212751,3328,SVOZ4,COMPRA,315,45.8378,0.0774,2026-08-07 15:29:33,2026-08-07 15:29:36,2026-08-07 15:29:36
212752,2053,UQIQ7,COMPRA,225,99.9726,12.2904,2026-08-07 12:53:35,2026-08-07 12:53:37,2026-08-07 12:53:37
212753,1689,SGBG8,COMPRA,295,63.7420,8.3701,2026-08-07 11:29:32,2026-08-07 11:29:35,2026-08-07 11:29:35
212754,3009,DFGR7,COMPRA,170,110.7675,12.3378,2026-08-07 14:07:53,2026-08-07 14:07:53,2026-08-07 14:07:53
212755,3061,ICSU4,COMPRA,275,163.1994,8.2456,2026-08-07 17:20:29,2026-08-07 17:20:29,2026-08-07 17:20:29
212756,2255,AYFQ2,COMPRA,71,12.0247,5.5699,2026-08-07 13:41:39,2026-08-07 13:41:39,2026-08-07 13:41:39
212757,3090,WMQZ6,COMPRA,335,60.0000,3.9687,2026-08-07 12:13:47,2026-08-07 12:13:47,2026-08-07 12:13:47
212758,1226,EEYY9,COMPRA,440,189.2969,2.6135,2026-08-07 15:16:29,2026-08-07 15:16:29,2026-08-07 15:16:29
212759,3304,EEYY9,COMPRA,20,146.1563,10.3485,2026-08-07 10:36:13,2026-08-07 10:36:16,2026-08-07 10:36:16
212760,1366,SRDU1,COMPRA,195,66.6441,11.0545,2026-08-07 11:51:48,2026-08-07 11:51:49,2026-08-07 11:51:49
212761,1683,NAOF3,COMPRA,420,68.0508,5.4013,2026-08-07 16:59:18,2026-08-07 16:59:18,2026-08-07 16:59:18
212762,2326,JUDG8,COMPRA,390,92.6486,5.9440,2026-08-07 16:39:29,2026-08-07 16:39:32,2026-08-07 16:39:32
212763,1359,RIET5,COMPRA,180,139.2744,5.8306,2026-08-07 11:11:07,2026-08-07 11:11:10,2026-08-07 11:11:10
212764,2630,MCHX2,COMPRA,108,109.6295,5.3811,2026-08-07 13:33:28,2026-08-07 13:33:28,2026-08-07 13:33:28
212765,2701,UFMA7,COMPRA,410,204.8458,5.2069,2026-08-07 11:54:13,2026-08-07 11:54:14,2026-08-07 11:54:14
212766,1811,LIEG8,COMPRA,135,81.0608,7.7304,2026-08-07 16:21:24,2026-08-07 16:21:25,2026-08-07 16:21:25
212767,2109,ACSV1,COMPRA,88,111.7242,8.0897,2026-08-07 14:39:49,2026-08-07 14:39:52,2026-08-07 14:39:52
212768,1185,BOCS8,COMPRA,370,71.4060,7.1385,2026-08-07 11:26:40,2026-08-07 11:26:42,2026-08-07 11:26:42
212769,1034,IPXK2,COMPRA,150,331.1631,0.0418,2026-08-07 12:16:35,2026-08-07 12:16:37,2026-08-07 12:16:37
212770,2725,FRGH8,COMPRA,224,62.1155,5.0478,2026-08-07 14:35:56,2026-08-07 14:35:58,2026-08-07 14:35:58
212771,2035,ZYVN7,COMPRA,330,87.9448,7.2052,2026-08-07 17:02:10,2026-08-07 17:02:12,2026-08-07 17:02:12
212772,1925,LGKU6,COMPRA,280,85.1717,0.7589,2026-08-07 11:44:49,2026-08-07 11:44:52,2026-08-07 11:44:52
212773,1232,FYZB6,COMPRA,230,76.4402,4.4501,2026-08-07 15:47:38,2026-08-07 15:47:39,2026-08-07 15:47:39
212774,3084,WXFC8,COMPRA,215,95.8703,11.3918,2026-08-07 13:16:43,2026-08-07 13:16:46,2026-08-07 13:16:46
212775,3306,UQJU7,COMPRA,300,70.2511,2.8971,2026-08-07 13:32:04,2026-08-07 13:32:06,2026-08-07 13:32:06
212776,2781,IPXK2,COMPRA,395,333.9316,12.2675,2026-08-07 17:04:23,2026-08-07 17:04:23,2026-08-07 17:04:23
212777,1581,WXFC8,COMPRA,35,82.5081,9.9730,2026-08-07 14:25:05,2026-08-07 14:25:05,2026-08-07 14:25:05
212778,2914,YRWH3,COMPRA,335,145.0365,5.0690,2026-08-07 12:54:29,2026-08-07 12:54:30,2026-08-07 12:54:30
212779,2904,HJRH5,COMPRA,265,192.8110,9.2068,2026-08-07 13:28:14,2026-08-07 13:28:17,2026-08-07 13:28:17
212780,1980,ERTC4,COMPRA,175,58.0962,1.0963,2026-08-07 12:19:25,2026-08-07 12:19:27,2026-08-07 12:19:27
212781,2766,FRGH8,COMPRA,125,88.9636,9.7693,2026-08-07 10:48:28,2026-08-07 10:48:29,2026-08-07 10:48:29
212782,1604,XTVW5,COMPRA,171,113.9529,12.6164,2026-08-07 14:11:57,2026-08-07 14:11:59,2026-08-07 14:11:59
212783,1478,IJJK3,COMPRA,315,129.5429,5.8159,2026-08-07 10:27:19,2026-08-07 10:27:19,2026-08-07 10:27:19
212784,2686,DGBT6,COMPRA,380,102.5695,11.8164,2026-08-07 14:19:51,2026-08-07 14:19:54,2026-08-07 14:19:54
212785,3265,HJRH5,COMPRA,185,145.8538,8.7045,2026-08-07 11:49:14,2026-08-07 11:49:16,2026-08-07 11:49:16
212786,1224,ZHTL2,COMPRA,130,49.1730,5.8127,2026-08-07 12:18:17,2026-08-07 12:18:18,2026-08-07 12:18:18
212787,2241,ERTC4,COMPRA,445,60.7368,11.0662,2026-08-07 16:30:32,2026-08-07 16:30:34,2026-08-07 16:30:34
212788,2568,ECQD7,COMPRA,290,75.9341,9.2068,2026-08-07 11:30:34,2026-08-07 11:30:36,2026-08-07 11:30:36
212789,1753,HCLJ8,COMPRA,315,95.7593,2.3681,2026-08-07 12:41:13,2026-08-07 12:41:13,2026-08-07 12:41:13
212790,2695,UQIQ7,VENDA,174,68.5404,6.6328,2026-08-07 12:37:28,2026-08-07 12:37:29,2026-08-07 12:37:29
212791,1476,DMTZ8,COMPRA,375,177.8825,7.3042,2026-08-07 17:19:20,2026-08-07 17:19:21,2026-08-07 17:19:21
212792,3388,QTDZ2,COMPRA,395,42.1636,1.1776,2026-08-07 13:06:08,2026-08-07 13:06:08,2026-08-07 13:06:08
212793,3364,OEQA8,COMPRA,342,428.6320,12.1695,2026-08-07 10:46:32,2026-08-07 10:46:32,2026-08-07 10:46:32
212794,3317,MGRR2,COMPRA,390,119.7915,3.1220,2026-08-07 15:36:09,2026-08-07 15:36:10,2026-08-07 15:36:10
212795,1303,UQIQ7,COMPRA,255,85.7143,3.5412,2026-08-07 14:29:32,2026-08-07 14:29:34,2026-08-07 14:29:34
212796,1428,BSDJ7,COMPRA,310,228.9267,2.9779,2026-08-07 11:39:01,2026-08-07 11:39:01,2026-08-07 11:39:01
212797,2412,GFDF2,COMPRA,255,78.4841,6.1391,2026-08-07 14:59:23,2026-08-07 14:59:25,2026-08-07 14:59:25
212798,2846,HJRH5,COMPRA,145,150.0598,5.8387,2026-08-07 17:16:14,2026-08-07 17:16:16,2026-08-07 17:16:16
212799,1342,MCMT2,COMPRA,5,92.0821,11.5260,2026-08-07 14:22:16,2026-08-07 14:22:17,2026-08-07 14:22:17
212800,2337,LIEG8,COMPRA,350,96.8788,2.1264,2026-08-07 15:16:29,2026-08-07 15:16:29,2026-08-07 15:16:29
212801,2974,RSBT4,COMPRA,196,327.1768,2.3151,2026-08-07 14:45:02,2026-08-07 14:45:03,2026-08-07 14:45:03
212802,3258,ENRZ2,COMPRA,428,95.3854,9.0268,2026-08-07 15:17:45,2026-08-07 15:17:45,2026-08-07 15:17:45
212803,2800,QATW7,COMPRA,470,47.7074,8.8093,2026-08-07 11:11:05,2026-08-07 11:11:07,2026-08-07 11:11:07
212804,3119,UCHR6,COMPRA,127,326.9043,9.0444,2026-08-07 13:20:14,2026-08-07 13:20:15,2026-08-07 13:20:15
212805,1255,GAKD5,COMPRA,275,299.7187,10.6710,2026-08-07 16:04:40,2026-08-07 16:04:43,2026-08-07 16:04:43
212806,1242,ZFBT3,COMPRA,25,90.8390,8.5395,2026-08-07 11:07:27,2026-08-07 11:07:30,2026-08-07 11:07:30
212807,1448,TBWG2,COMPRA,190,71.4227,8.2646,2026-08-07 15:05:16,2026-08-07 15:05:19,2026-08-07 15:05:19
212808,2952,RHXV4,COMPRA,235,76.0701,6.5954,2026-08-07 13:31:52,2026-08-07 13:31:53,2026-08-07 13:31:53
212809,1649,UQIQ7,COMPRA,50,64.6643,6.0364,2026-08-07 16:29:28,2026-08-07 16:29:30,2026-08-07 16:29:30
212810,2756,PSEN6,COMPRA,455,186.7913,5.5246,2026-08-07 12:49:49,2026-08-07 12:49:50,2026-08-07 12:49:50
212811,1081,OXVD8,COMPRA,475,61.0393,11.7664,2026-08-07 11:31:36,2026-08-07 11:31:36,2026-08-07 11:31:36
212812,2743,NPEM3,VENDA,160,83.3250,2.8330,2026-08-07 17:08:01,2026-08-07 17:08:04,2026-08-07 17:08:04
212813,2597,FIUW1,COMPRA,475,83.9153,11.7081,2026-08-07 17:28:17,2026-08-07 17:28:18,2026-08-07 17:28:18
212814,3404,ENRZ2,COMPRA,229,118.0752,2.8704,2026-08-07 13:04:45,2026-08-07 13:04:48,2026-08-07 13:04:48
212815,1372,XLZM9,COMPRA,266,54.7933,10.6140,2026-08-07 12:15:18,2026-08-07 12:15:21,2026-08-07 12:15:21
212816,2674,NWGB4,COMPRA,340,150.0887,11.3593,2026-08-07 15:43:41,2026-08-07 15:43:41,2026-08-07 15:43:41
212817,2729,SGBG8,COMPRA,235,62.5832,8.4863,2026-08-07 12:43:31,2026-08-07 12:43:31,2026-08-07 12:43:31
212818,2084,DFGR7,COMPRA,440,96.2890,0.2159,2026-08-07 10:11:35,2026-08-07 10:11:36,2026-08-07 10:11:36
212819,2923,QTDZ2,COMPRA,180,40.1022,8.5477,2026-08-07 13:59:46,2026-08-07 13:59:49,2026-08-07 13:59:49
212820,2450,PQUT9,COMPRA,120,63.0387,12.4936,2026-08-07 12:41:20,2026-08-07 12:41:21,2026-08-07 12:41:21
212821,2218,AAUA7,COMPRA,95,117.5271,8.7557,2026-08-07 10:49:39,2026-08-07 10:49:41,2026-08-07 10:49:41
212822,1613,HVEX2,COMPRA,362,128.8391,5.0288,2026-08-07 15:10:11,2026-08-07 15:10:13,2026-08-07 15:10:13
212823,1078,DFGR7,COMPRA,70,113.4246,5.1743,2026-08-07 15:51:01,2026-08-07 15:51:02,2026-08-07 15:51:02
212824,3244,FRGH8,COMPRA,38,91.4668,6.8533,2026-08-07 10:01:29,2026-08-07 10:01:32,2026-08-07 10:01:32
212825,2590,XAVL3,COMPRA,255,148.0002,12.2278,2026-08-07 14:39:31,2026-08-07 14:39:31,2026-08-07 14:39:31
212826,2661,QQQS1,COMPRA,263,23.6266,5.2820,2026-08-07 16:17:08,2026-08-07 16:17:11,2026-08-07 16:17:11
212827,1874,IWAK1,COMPRA,475,88.2753,6.3696,2026-08-07 11:45:46,2026-08-07 11:45:48,2026-08-07 11:45:48
212828,3411,HCZM2,COMPRA,75,360.2159,12.2720,2026-08-07 12:25:08,2026-08-07 12:25:08,2026-08-07 12:25:08
212829,2848,ZHTL2,COMPRA,35,73.4653,10.2383,2026-08-07 12:44:29,2026-08-07 12:44:32,2026-08-07 12:44:32
212830,1401,XPVA7,COMPRA,365,361.8654,10.2711,2026-08-07 14:27:08,2026-08-07 14:27:08,2026-08-07 14:27:08
212831,3087,LQML9,COMPRA,360,159.8025,5.8126,2026-08-07 12:00:05,2026-08-07 12:00:05,2026-08-07 12:00:05
212832,1917,KHGP6,COMPRA,130,95.6694,12.5142,2026-08-07 15:45:44,2026-08-07 15:45:45,2026-08-07 15:45:45
212833,3360,IPXK2,COMPRA,320,257.1157,12.6014,2026-08-07 16:21:36,2026-08-07 16:21:36,2026-08-07 16:21:36
212834,2955,NQYT3,COMPRA,66,65.9665,4.1444,2026-08-07 13:24:12,2026-08-07 13:24:13,2026-08-07 13:24:13
212835,1919,GKQC5,COMPRA,105,145.6561,10.3102,2026-08-07 16:02:40,2026-08-07 16:02:43,2026-08-07 16:02:43
212836,1971,ZFBT3,COMPRA,465,103.9299,6.4326,2026-08-07 13:39:28,2026-08-07 13:39:30,2026-08-07 13:39:30
212837,1731,QQQS1,COMPRA,440,21.0699,1.7484,2026-08-07 13:28:20,2026-08-07 13:28:21,2026-08-07 13:28:21
212838,1134,ECQD7,COMPRA,450,79.4366,3.5734,2026-08-07 10:46:30,2026-08-07 10:46:32,2026-08-07 10:46:32
212839,1790,MCMT2,COMPRA,405,83.7802,11.1854,2026-08-07 16:02:19,2026-08-07 16:02:21,2026-08-07 16:02:21
212840,2806,CQJZ4,COMPRA,2,71.6894,10.9500,2026-08-07 13:20:38,2026-08-07 13:20:38,2026-08-07 13:20:38
212841,3275,UCHR6,COMPRA,405,459.2030,10.3111,2026-08-07 11:28:31,2026-08-07 11:28:32,2026-08-07 11:28:32
212842,1059,UFIU3,COMPRA,485,94.9746,7.3481,2026-08-07 11:41:53,2026-08-07 11:41:54,2026-08-07 11:41:54
212843,2618,WIPB2,COMPRA,325,85.2587,11.0246,2026-08-07 15:42:25,2026-08-07 15:42:28,2026-08-07 15:42:28
212844,3306,HCZM2,COMPRA,75,383.3391,9.6683,2026-08-07 17:18:18,2026-08-07 17:18:18,2026-08-07 17:18:18
212845,3448,GAKD5,COMPRA,256,229.8259,7.7800,2026-08-07 14:03:07,2026-08-07 14:03:10,2026-08-07 14:03:10
212846,1199,WMQZ6,COMPRA,100,83.6086,1.0749,2026-08-07 12:30:12,2026-08-07 12:30:14,2026-08-07 12:30:14
212847,2975,YFAH5,VENDA,370,202.3018,9.5167,2026-08-07 17:10:25,2026-08-07 17:10:27,2026-08-07 17:10:27
212848,1686,FIUW1,COMPRA,415,105.5962,7.7859,2026-08-07 15:20:01,2026-08-07 15:20:01,2026-08-07 15:20:01
212849,1955,ENRZ2,COMPRA,220,83.2304,8.7197,2026-08-07 10:04:27,2026-08-07 10:04:29,2026-08-07 10:04:29
212850,3289,KFSY2,COMPRA,435,113.6963,12.5683,2026-08-07 15:27:30,2026-08-07 15:27:31,2026-08-07 15:27:31
212851,3486,RIET5,COMPRA,145,177.6398,8.1713,2026-08-07 14:57:34,2026-08-07 14:57:37,2026-08-07 14:57:37
212852,3188,VLEB3,COMPRA,425,338.3088,1.4244,2026-08-07 14:01:34,2026-08-07 14:01:37,2026-08-07 14:01:37
212853,2924,BXFJ9,COMPRA,45,176.8237,9.9236,2026-08-07 12:40:54,2026-08-07 12:40:56,2026-08-07 12:40:56
212854,1335,YOWA1,COMPRA,195,66.9157,5.3084,2026-08-07 16:38:07,2026-08-07 16:38:09,2026-08-07 16:38:09
212855,1092,WXFC8,COMPRA,450,66.7498,9.8226,2026-08-07 13:31:02,2026-08-07 13:31:03,2026-08-07 13:31:03
212856,1740,UFMA7,COMPRA,420,154.1309,2.4153,2026-08-07 10:45:33,2026-08-07 10:45:33,2026-08-07 10:45:33
212857,1657,WHMT3,COMPRA,300,130.0598,5.4650,2026-08-07 11:46:58,2026-08-07 11:47:01,2026-08-07 11:47:01
212858,2603,ENRZ2,COMPRA,400,107.3537,5.7397,2026-08-07 11:32:56,2026-08-07 11:32:57,2026-08-07 11:32:57
212859,2883,YOWA1,COMPRA,225,63.5109,5.0689,2026-08-07 11:52:57,2026-08-07 11:52:57,2026-08-07 11:52:57
212860,1872,KHGP6,COMPRA,500,117.7596,4.2753,2026-08-07 12:30:29,2026-08-07 12:30:29,2026-08-07 12:30:29
212861,2884,DHRM5,COMPRA,470,341.9050,11.3279,2026-08-07 10:25:27,2026-08-07 10:25:30,2026-08-07 10:25:30
212862,2154,DSFC9,COMPRA,200,449.5572,1.1420,2026-08-07 15:43:52,2026-08-07 15:43:55,2026-08-07 15:43:55
212863,2479,DHRM5,COMPRA,450,335.8218,5.0874,2026-08-07 10:11:01,2026-08-07 10:11:04,2026-08-07 10:11:04
212864,2470,XAVL3,COMPRA,270,139.8897,4.3123,2026-08-07 13:16:49,2026-08-07 13:16:49,2026-08-07 13:16:49
212865,1409,SGBG8,COMPRA,185,76.8733,7.7692,2026-08-07 10:33:33,2026-08-07 10:33:33,2026-08-07 10:33:33
212866,1786,SUZL4,COMPRA,470,116.9028,0.1044,2026-08-07 16:38:53,2026-08-07 16:38:54,2026-08-07 16:38:54
212867,1677,IZTY4,COMPRA,130,28.1075,7.7054,2026-08-07 16:50:31,2026-08-07 16:50:31,2026-08-07 16:50:31
212868,2718,UFIU3,COMPRA,130,86.3311,8.9489,2026-08-07 15:51:43,2026-08-07 15:51:46,2026-08-07 15:51:46
212869,2920,GKQC5,COMPRA,378,138.4302,7.8382,2026-08-07 11:16:15,2026-08-07 11:16:15,2026-08-07 11:16:15
212870,3425,QATW7,COMPRA,205,52.0007,6.3711,2026-08-07 11:01:59,2026-08-07 11:02:00,2026-08-07 11:02:00
212871,2404,WXFC8,COMPRA,175,72.2384,6.5317,2026-08-07 17:07:50,2026-08-07 17:07:50,2026-08-07 17:07:50
212872,2176,ZAAS7,COMPRA,95,340.8584,7.4211,2026-08-07 14:22:54,2026-08-07 14:22:57,2026-08-07 14:22:57
212873,1529,QYBV3,COMPRA,410,60.0000,0.1242,2026-08-07 10:35:24,2026-08-07 10:35:27,2026-08-07 10:35:27
212874,3316,PBZM6,COMPRA,130,73.9945,2.5415,2026-08-07 15:51:08,2026-08-07 15:51:11,2026-08-07 15:51:11
212875,1838,WXFC8,COMPRA,80,80.1180,12.6750,2026-08-07 10:48:14,2026-08-07 10:48:16,2026-08-07 10:48:16
212876,3220,OVUQ2,COMPRA,460,45.7140,0.3026,2026-08-07 10:32:37,2026-08-07 10:32:37,2026-08-07 10:32:37
212877,2211,LQML9,COMPRA,250,176.0418,8.2980,2026-08-07 15:04:05,2026-08-07 15:04:08,2026-08-07 15:04:08
212878,1653,UQIQ7,COMPRA,270,64.7852,6.3831,2026-08-07 14:52:34,2026-08-07 14:52:35,2026-08-07 14:52:35
212879,2588,OVYL9,VENDA,100,86.9308,3.7753,2026-08-07 11:33:40,2026-08-07 11:33:42,2026-08-07 11:33:42
212880,2087,FYZB6,COMPRA,429,60.4761,1.8375,2026-08-07 11:52:35,2026-08-07 11:52:35,2026-08-07 11:52:35
212881,1207,XTVW5,COMPRA,475,99.0735,6.7090,2026-08-07 12:19:57,2026-08-07 12:20:00,2026-08-07 12:20:00
212882,3054,JIPA6,COMPRA,460,38.4304,5.3060,2026-08-07 13:53:43,2026-08-07 13:53:46,2026-08-07 13:53:46
212883,1260,BGNM6,VENDA,130,119.3414,12.4050,2026-08-07 12:34:23,2026-08-07 12:34:23,2026-08-07 12:34:23
212884,2087,BGNM6,COMPRA,85,94.6972,4.8270,2026-08-07 10:44:27,2026-08-07 10:44:27,2026-08-07 10:44:27
212885,2036,CQJZ4,COMPRA,490,92.2467,8.2387,2026-08-07 13:50:31,2026-08-07 13:50:33,2026-08-07 13:50:33
212886,2720,FIUW1,COMPRA,140,95.8812,11.7560,2026-08-07 11:03:59,2026-08-07 11:04:01,2026-08-07 11:04:01
212887,3145,TTHO3,COMPRA,485,31.2050,5.5659,2026-08-07 10:57:39,2026-08-07 10:57:41,2026-08-07 10:57:41
212888,2174,UVEY5,COMPRA,387,91.1070,10.7161,2026-08-07 15:23:13,2026-08-07 15:23:15,2026-08-07 15:23:15
212889,1436,BGNM6,COMPRA,15,80.4896,2.5804,2026-08-07 17:11:51,2026-08-07 17:11:54,2026-08-07 17:11:54
212890,1734,HCLJ8,COMPRA,175,113.4811,1.3860,2026-08-07 10:50:31,2026-08-07 10:50:33,2026-08-07 10:50:33
212891,2830,SUZL4,COMPRA,200,138.3876,7.5744,2026-08-07 14:39:13,2026-08-07 14:39:16,2026-08-07 14:39:16
212892,2616,OXVD8,COMPRA,481,82.8036,4.2097,2026-08-07 15:02:35,2026-08-07 15:02:37,2026-08-07 15:02:37
212893,1378,OXVD8,COMPRA,180,98.5116,4.2084,2026-08-07 10:08:29,2026-08-07 10:08:30,2026-08-07 10:08:30
212894,2022,HJRH5,COMPRA,416,164.4283,5.1580,2026-08-07 13:07:14,2026-08-07 13:07:14,2026-08-07 13:07:14
212895,2902,OVYL9,COMPRA,15,65.9108,4.3147,2026-08-07 14:21:43,2026-08-07 14:21:44,2026-08-07 14:21:44
212896,3485,PBZM6,VENDA,110,58.3277,3.2918,2026-08-07 17:16:11,2026-08-07 17:16:14,2026-08-07 17:16:14
212897,3480,SVOZ4,COMPRA,315,35.0961,0.0245,2026-08-07 11:21:53,2026-08-07 11:21:54,2026-08-07 11:21:54
212898,3232,ACSV1,COMPRA,160,79.1253,0.2030,2026-08-07 12:52:03,2026-08-07 12:52:06,2026-08-07 12:52:06
212899,1953,HJRH5,COMPRA,408,124.0480,0.0817,2026-08-07 15:41:41,2026-08-07 15:41:42,2026-08-07 15:41:42
212900,2631,JIPA6,COMPRA,460,31.6060,2.9095,2026-08-07 14:11:35,2026-08-07 14:11:36,2026-08-07 14:11:36
212901,1468,NQYT3,COMPRA,140,71.8193,11.8708,2026-08-07 10:41:06,2026-08-07 10:41:08,2026-08-07 10:41:08
212902,1975,JJVW6,COMPRA,115,109.5403,1.8301,2026-08-07 14:21:36,2026-08-07 14:21:37,2026-08-07 14:21:37
212903,1294,QHFL8,COMPRA,275,172.8752,12.5368,2026-08-07 10:43:21,2026-08-07 10:43:24,2026-08-07 10:43:24
212904,1156,GULD2,COMPRA,290,152.1329,1.0629,2026-08-07 15:16:36,2026-08-07 15:16:36,2026-08-07 15:16:36
212905,1870,MJDL9,COMPRA,215,27.9091,1.6307,2026-08-07 10:43:14,2026-08-07 10:43:16,2026-08-07 10:43:16
212906,1695,RSBT4,COMPRA,265,394.2554,3.2791,2026-08-07 11:05:29,2026-08-07 11:05:32,2026-08-07 11:05:32
212907,1107,NWGB4,COMPRA,470,114.0246,1.0765,2026-08-07 15:03:42,2026-08-07 15:03:44,2026-08-07 15:03:44
212908,2237,UQIQ7,COMPRA,135,71.2449,12.0063,2026-08-07 15:25:10,2026-08-07 15:25:12,2026-08-07 15:25:12
212909,1355,BOCS8,COMPRA,280,68.3087,10.0371,2026-08-07 10:49:23,2026-08-07 10:49:25,2026-08-07 10:49:25
212910,1721,YIHC3,COMPRA,410,51.2341,4.2649,2026-08-07 13:44:06,2026-08-07 13:44:09,2026-08-07 13:44:09
212911,1919,VLEB3,COMPRA,380,318.2990,7.0729,2026-08-07 15:17:17,2026-08-07 15:17:18,2026-08-07 15:17:18
212912,2357,UFMA7,COMPRA,433,155.0524,3.1556,2026-08-07 11:07:44,2026-08-07 11:07:47,2026-08-07 11:07:47
212913,1696,LGKU6,COMPRA,385,60.3128,4.2504,2026-08-07 11:51:10,2026-08-07 11:51:10,2026-08-07 11:51:10
212914,3281,EEYY9,COMPRA,165,196.9858,5.2823,2026-08-07 12:46:49,2026-08-07 12:46:49,2026-08-07 12:46:49
212915,2022,MGRR2,COMPRA,180,140.6657,4.9047,2026-08-07 16:16:07,2026-08-07 16:16:10,2026-08-07 16:16:10
212916,1078,HCZM2,COMPRA,450,526.0762,4.3065,2026-08-07 11:28:41,2026-08-07 11:28:41,2026-08-07 11:28:41
212917,1392,OVUQ2,COMPRA,245,52.1337,9.2981,2026-08-07 14:10:38,2026-08-07 14:10:39,2026-08-07 14:10:39
212918,1963,QHFL8,COMPRA,250,137.7269,1.0849,2026-08-07 12:40:41,2026-08-07 12:40:43,2026-08-07 12:40:43
212919,3492,IJJK3,COMPRA,190,93.8360,8.5947,2026-08-07 16:54:15,2026-08-07 16:54:17,2026-08-07 16:54:17
212920,3266,OVUQ2,COMPRA,230,44.3762,9.7624,2026-08-07 11:50:57,2026-08-07 11:51:00,2026-08-07 11:51:00
212921,1147,PZUP8,COMPRA,341,187.7640,3.9170,2026-08-07 16:05:56,2026-08-07 16:05:58,2026-08-07 16:05:58
212922,1387,QTHQ1,COMPRA,60,22.0046,2.9770,2026-08-07 11:12:27,2026-08-07 11:12:27,2026-08-07 11:12:27
212923,1239,HJRH5,COMPRA,128,179.5819,5.4916,2026-08-07 16:29:13,2026-08-07 16:29:13,2026-08-07 16:29:13
212924,1213,NQYT3,COMPRA,323,61.1407,1.6358,2026-08-07 10:01:50,2026-08-07 10:01:53,2026-08-07 10:01:53
212925,2013,SUZL4,COMPRA,30,123.3933,1.6840,2026-08-07 14:29:35,2026-08-07 14:29:36,2026-08-07 14:29:36
212926,2543,AYFQ2,COMPRA,445,12.0558,11.2209,2026-08-07 17:28:16,2026-08-07 17:28:18,2026-08-07 17:28:18
212927,1285,BGNM6,COMPRA,430,111.1714,1.2503,2026-08-07 14:05:21,2026-08-07 14:05:24,2026-08-07 14:05:24
212928,2088,AYFQ2,COMPRA,55,11.7276,0.7625,2026-08-07 14:03:22,2026-08-07 14:03:24,2026-08-07 14:03:24
212929,3324,YRWH3,COMPRA,15,189.2603,0.5816,2026-08-07 16:21:44,2026-08-07 16:21:45,2026-08-07 16:21:45
212930,2040,MGRR2,COMPRA,35,144.0351,3.9723,2026-08-07 13:27:14,2026-08-07 13:27:14,2026-08-07 13:27:14
212931,2770,MJDL9,COMPRA,500,40.2858,6.9733,2026-08-07 16:43:08,2026-08-07 16:43:11,2026-08-07 16:43:11
212932,1480,HJRH5,COMPRA,254,198.6354,2.5916,2026-08-07 11:13:29,2026-08-07 11:13:31,2026-08-07 11:13:31
212933,2345,SRDU1,COMPRA,310,101.0330,11.8728,2026-08-07 15:21:05,2026-08-07 15:21:08,2026-08-07 15:21:08
212934,3293,FRGH8,COMPRA,145,86.1307,8.8241,2026-08-07 15:20:26,2026-08-07 15:20:27,2026-08-07 15:20:27
212935,2227,ERTC4,COMPRA,420,59.6219,11.9039,2026-08-07 11:28:56,2026-08-07 11:28:56,2026-08-07 11:28:56
212936,3438,HVEX2,COMPRA,51,104.2714,5.1094,2026-08-07 17:11:26,2026-08-07 17:11:26,2026-08-07 17:11:26
212937,3299,ACSV1,COMPRA,110,123.3224,10.5905,2026-08-07 11:57:34,2026-08-07 11:57:36,2026-08-07 11:57:36
212938,1112,IWAK1,COMPRA,375,61.6841,6.7765,2026-08-07 12:54:31,2026-08-07 12:54:32,2026-08-07 12:54:32
212939,1655,NAOF3,COMPRA,116,79.0831,5.9241,2026-08-07 14:14:27,2026-08-07 14:14:29,2026-08-07 14:14:29
212940,1369,DFGR7,COMPRA,270,102.0588,8.6402,2026-08-07 14:14:54,2026-08-07 14:14:55,2026-08-07 14:14:55
212941,2079,CQJZ4,COMPRA,390,99.0226,10.5259,2026-08-07 16:01:45,2026-08-07 16:01:45,2026-08-07 16:01:45
212942,3159,IPXK2,COMPRA,225,292.3010,8.6116,2026-08-07 16:54:11,2026-08-07 16:54:14,2026-08-07 16:54:14
212943,2518,SUZL4,COMPRA,205,119.3464,12.5835,2026-08-07 10:28:48,2026-08-07 10:28:48,2026-08-07 10:28:48
212944,2914,EEYY9,COMPRA,407,154.5146,7.7528,2026-08-07 15:41:16,2026-08-07 15:41:18,2026-08-07 15:41:18
212945,2609,XLZM9,COMPRA,280,56.3654,4.2539,2026-08-07 10:04:43,2026-08-07 10:04:43,2026-08-07 10:04:43
212946,1601,NYGT6,COMPRA,385,126.4149,3.4536,2026-08-07 12:14:52,2026-08-07 12:14:54,2026-08-07 12:14:54
212947,3021,RDOA3,COMPRA,55,83.8312,2.3322,2026-08-07 12:06:57,2026-08-07 12:06:57,2026-08-07 12:06:57
212948,1905,PZUP8,COMPRA,335,195.0318,4.7919,2026-08-07 13:11:58,2026-08-07 13:11:58,2026-08-07 13:11:58
212949,2118,OVUQ2,COMPRA,214,46.8520,9.2609,2026-08-07 12:55:12,2026-08-07 12:55:13,2026-08-07 12:55:13
212950,1966,LQML9,COMPRA,180,106.8855,6.0499,2026-08-07 14:12:17,2026-08-07 14:12:19,2026-08-07 14:12:19
212951,2027,WXFC8,COMPRA,340,81.3527,5.9781,2026-08-07 11:02:09,2026-08-07 11:02:10,2026-08-07 11:02:10
212952,3435,RDOA3,COMPRA,375,81.2170,9.8726,2026-08-07 12:35:33,2026-08-07 12:35:33,2026-08-07 12:35:33
212953,1806,XOVY4,COMPRA,380,109.5976,10.4676,2026-08-07 16:36:42,2026-08-07 16:36:42,2026-08-07 16:36:42
212954,3482,HCLJ8,COMPRA,55,114.2572,7.6081,2026-08-07 16:29:55,2026-08-07 16:29:57,2026-08-07 16:29:57
212955,1044,SUZL4,COMPRA,143,113.6426,12.4212,2026-08-07 10:37:01,2026-08-07 10:37:04,2026-08-07 10:37:04
212956,3308,ZFBT3,COMPRA,295,105.3790,11.3320,2026-08-07 15:45:00,2026-08-07 15:45:02,2026-08-07 15:45:02
212957,2129,XPVA7,COMPRA,375,563.3740,1.2636,2026-08-07 11:07:55,2026-08-07 11:07:57,2026-08-07 11:07:57
212958,3358,ZAAS7,COMPRA,400,354.9875,5.4918,2026-08-07 11:53:01,2026-08-07 11:53:01,2026-08-07 11:53:01
212959,1299,AYFQ2,COMPRA,217,9.7446,11.0593,2026-08-07 11:08:27,2026-08-07 11:08:28,2026-08-07 11:08:28
212960,1081,BGNM6,COMPRA,220,97.2392,5.6869,2026-08-07 14:09:24,2026-08-07 14:09:25,2026-08-07 14:09:25
212961,2137,PZUP8,COMPRA,390,123.8935,6.1383,2026-08-07 14:54:09,2026-08-07 14:54:12,2026-08-07 14:54:12
212962,1466,UVEY5,COMPRA,25,102.6318,7.9100,2026-08-07 16:53:31,2026-08-07 16:53:31,2026-08-07 16:53:31
212963,2077,XLZM9,COMPRA,70,65.8249,1.4092,2026-08-07 10:51:16,2026-08-07 10:51:18,2026-08-07 10:51:18
212964,2430,PZUP8,COMPRA,310,184.4564,8.5417,2026-08-07 14:23:28,2026-08-07 14:23:31,2026-08-07 14:23:31
212965,2356,FIUW1,COMPRA,85,100.4104,12.8115,2026-08-07 11:30:41,2026-08-07 11:30:44,2026-08-07 11:30:44
212966,1974,QTDZ2,COMPRA,105,56.5176,4.9267,2026-08-07 11:07:23,2026-08-07 11:07:23,2026-08-07 11:07:23
212967,2250,LIEG8,COMPRA,470,73.8868,5.9087,2026-08-07 16:23:24,2026-08-07 16:23:25,2026-08-07 16:23:25
212968,3198,ENRZ2,COMPRA,310,97.8863,10.6961,2026-08-07 10:08:40,2026-08-07 10:08:42,2026-08-07 10:08:42
212969,2365,TNHT4,COMPRA,420,97.0718,2.6851,2026-08-07 14:46:27,2026-08-07 14:46:29,2026-08-07 14:46:29
212970,2205,BGNM6,COMPRA,85,93.5408,11.7263,2026-08-07 10:39:05,2026-08-07 10:39:05,2026-08-07 10:39:05
212971,2779,QYBV3,COMPRA,370,74.7691,3.9949,2026-08-07 17:30:45,2026-08-07 17:30:47,2026-08-07 17:30:47
212972,1750,JIPA6,COMPRA,410,46.0531,12.1164,2026-08-07 17:07:50,2026-08-07 17:07:51,2026-08-07 17:07:51
212973,1168,UYFJ9,COMPRA,78,77.2271,2.4964,2026-08-07 12:23:59,2026-08-07 12:23:59,2026-08-07 12:23:59
212974,2277,UYFJ9,COMPRA,401,80.6894,0.6644,2026-08-07 12:56:23,2026-08-07 12:56:24,2026-08-07 12:56:24
212975,2910,QQQS1,VENDA,309,21.3763,9.2417,2026-08-07 10:02:40,2026-08-07 10:02:40,2026-08-07 10:02:40
212976,1666,JJVW6,COMPRA,165,121.1144,4.1850,2026-08-07 13:38:53,2026-08-07 13:38:54,2026-08-07 13:38:54
212977,1058,NGIU9,COMPRA,90,98.3916,10.2137,2026-08-07 16:53:05,2026-08-07 16:53:05,2026-08-07 16:53:05
212978,3223,RYPL6,COMPRA,65,77.2196,10.3501,2026-08-07 15:45:12,2026-08-07 15:45:15,2026-08-07 15:45:15
212979,1400,UQIQ7,COMPRA,187,64.5641,11.1831,2026-08-07 14:56:20,2026-08-07 14:56:23,2026-08-07 14:56:23
212980,3119,BXFJ9,COMPRA,270,165.8909,8.1042,2026-08-07 15:49:21,2026-08-07 15:49:22,2026-08-07 15:49:22
212981,1449,KHGP6,COMPRA,210,87.3390,10.4277,2026-08-07 13:33:10,2026-08-07 13:33:11,2026-08-07 13:33:11
212982,3412,XPVA7,COMPRA,5,509.0325,8.0371,2026-08-07 11:13:39,2026-08-07 11:13:42,2026-08-07 11:13:42
212983,2243,HCZM2,COMPRA,70,516.4122,4.1804,2026-08-07 16:58:15,2026-08-07 16:58:15,2026-08-07 16:58:15
212984,3027,NREP8,COMPRA,230,131.5608,8.1069,2026-08-07 14:15:43,2026-08-07 14:15:44,2026-08-07 14:15:44
212985,1935,RHXV4,COMPRA,240,62.0568,7.4858,2026-08-07 10:36:19,2026-08-07 10:36:19,2026-08-07 10:36:19
212986,3432,ZYVN7,COMPRA,210,60.0000,1.5512,2026-08-07 12:00:06,2026-08-07 12:00:07,2026-08-07 12:00:07
212987,1347,QTHQ1,COMPRA,255,22.5802,8.4386,2026-08-07 14:39:05,2026-08-07 14:39:06,2026-08-07 14:39:06
212988,3256,ZHTL2,COMPRA,115,70.9965,9.1586,2026-08-07 10:56:33,2026-08-07 10:56:36,2026-08-07 10:56:36
212989,3367,MJDL9,COMPRA,130,27.4142,4.5401,2026-08-07 13:39:52,2026-08-07 13:39:52,2026-08-07 13:39:52
212990,2176,NYGT6,COMPRA,290,99.3394,11.3403,2026-08-07 12:04:03,2026-08-07 12:04:03,2026-08-07 12:04:03
212991,1225,AAWB3,COMPRA,500,173.3261,9.4349,2026-08-07 10:39:20,2026-08-07 10:39:20,2026-08-07 10:39:20
212992,1615,WHMT3,COMPRA,300,115.4871,3.5257,2026-08-07 15:33:57,2026-08-07 15:33:58,2026-08-07 15:33:58
212993,1846,CQIL9,COMPRA,315,34.2364,3.8470,2026-08-07 17:03:35,2026-08-07 17:03:35,2026-08-07 17:03:35
212994,1268,XOVY4,COMPRA,10,80.9786,10.8571,2026-08-07 14:20:30,2026-08-07 14:20:30,2026-08-07 14:20:30
212995,2252,GULD2,COMPRA,385,121.4455,2.2129,2026-08-07 11:43:42,2026-08-07 11:43:42,2026-08-07 11:43:42
212996,2726,RFNS7,VENDA,270,83.5475,10.2374,2026-08-07 12:44:20,2026-08-07 12:44:23,2026-08-07 12:44:23
212997,2675,OXVD8,COMPRA,18,99.8657,3.1593,2026-08-07 14:39:33,2026-08-07 14:39:33,2026-08-07 14:39:33
212998,1769,UQJU7,COMPRA,270,60.0000,5.9477,2026-08-07 12:32:13,2026-08-07 12:32:13,2026-08-07 12:32:13
212999,3032,FIUW1,COMPRA,38,94.0459,12.1839,2026-08-07 16:44:40,2026-08-07 16:44:40,2026-08-07 16:44:40
213000,3117,ZHTL2,COMPRA,215,70.4158,,2026-08-07 13:58:27,2026-08-07 13:58:28,2026-08-07 13:58:28
213001,1842,KFSY2,COMPRA,142,90.7353,1.6599,2026-08-07 14:07:56,2026-08-07 14:07:58,2026-08-07 14:07:58
213002,3042,SVOZ4,COMPRA,230,44.7968,11.0406,2026-08-07 10:04:12,2026-08-07 10:04:13,2026-08-07 10:04:13
213003,2023,NGIU9,COMPRA,294,131.7858,,2026-08-07 14:32:49,2026-08-07 14:32:50,2026-08-07 14:32:50
213004,2768,KFSY2,COMPRA,175,126.1292,4.6915,2026-08-07 10:35:10,2026-08-07 10:35:13,2026-08-07 10:35:13
213005,1986,LGKU6,COMPRA,75,74.3787,3.5962,2026-08-07 16:33:43,2026-08-07 16:33:44,2026-08-07 16:33:44
213006,2964,ZFBT3,COMPRA,260,79.8555,5.5030,2026-08-07 14:51:13,2026-08-07 14:51:15,2026-08-07 14:51:15
213007,1497,SGBG8,COMPRA,45,92.4617,9.3249,2026-08-07 16:51:16,2026-08-07 16:51:16,2026-08-07 16:51:16
213008,1191,UYFJ9,COMPRA,250,85.2294,9.2319,2026-08-07 14:43:09,2026-08-07 14:43:09,2026-08-07 14:43:09
213009,2810,BOCS8,COMPRA,140,66.4401,6.7295,2026-08-07 14:40:06,2026-08-07 14:40:08,2026-08-07 14:40:08
213010,3052,NUJZ2,COMPRA,309,29.9812,11.2998,2026-08-07 15:48:21,2026-08-07 15:48:21,2026-08-07 15:48:21
213011,1649,YCCK8,COMPRA,460,431.0402,3.6933,2026-08-07 12:59:40,2026-08-07 12:59:42,2026-08-07 12:59:42
213012,2987,JDJG6,COMPRA,80,88.5550,7.9269,2026-08-07 15:25:40,2026-08-07 15:25:42,2026-08-07 15:25:42
213013,1878,AAWB3,VENDA,65,145.0798,4.7510,2026-08-07 11:51:41,2026-08-07 11:51:41,2026-08-07 11:51:41
213014,2443,JJVW6,COMPRA,185,129.2147,0.1534,2026-08-07 14:02:15,2026-08-07 14:02:17,2026-08-07 14:02:17
213015,2459,QQQS1,COMPRA,65,18.2669,8.2960,2026-08-07 10:39:34,2026-08-07 10:39:36,2026-08-07 10:39:36
213016,2896,JJVW6,COMPRA,260,107.3164,5.9864,2026-08-07 16:54:09,2026-08-07 16:54:09,2026-08-07 16:54:09
213017,1166,QATW7,COMPRA,285,43.9902,9.8643,2026-08-07 14:34:49,2026-08-07 14:34:50,2026-08-07 14:34:50
213018,1570,MGRR2,COMPRA,300,129.9837,6.5181,2026-08-07 14:31:51,2026-08-07 14:31:53,2026-08-07 14:31:53
213019,1635,IWFI1,COMPRA,146,193.5114,5.5925,2026-08-07 17:24:12,2026-08-07 17:24:15,2026-08-07 17:24:15
213020,3022,ECQD7,VENDA,190,91.6420,12.5936,2026-08-07 10:43:07,2026-08-07 10:43:09,2026-08-07 10:43:09
213021,1546,HJRH5,COMPRA,52,122.4540,12.8877,2026-08-07 16:33:27,2026-08-07 16:33:29,2026-08-07 16:33:29
213022,2340,QTHQ1,COMPRA,135,19.9543,7.3989,2026-08-07 12:13:55,2026-08-07 12:13:56,2026-08-07 12:13:56
213023,1008,DSFC9,COMPRA,408,529.0089,1.7720,2026-08-07 12:14:28,2026-08-07 12:14:29,2026-08-07 12:14:29
213024,2044,ERTC4,COMPRA,370,55.1356,,2026-08-07 14:54:02,2026-08-07 14:54:04,2026-08-07 14:54:04
213025,3150,KHGP6,COMPRA,470,88.7030,0.0191,2026-08-07 11:00:47,2026-08-07 11:00:50,2026-08-07 11:00:50
213026,3516,UCHR6,COMPRA,265,455.9237,2.6825,2026-08-07 11:57:37,2026-08-07 11:57:39,2026-08-07 11:57:39
213027,2444,ACSV1,COMPRA,410,77.4165,8.0867,2026-08-07 14:07:22,2026-08-07 14:07:23,2026-08-07 14:07:23
213028,1586,SVOZ4,COMPRA,255,56.3218,5.0715,2026-08-07 14:43:46,2026-08-07 14:43:46,2026-08-07 14:43:46
213029,1175,ZAAS7,COMPRA,125,406.1833,0.6133,2026-08-07 11:13:14,2026-08-07 11:13:17,2026-08-07 11:13:17
213030,2815,PBZM6,COMPRA,55,47.7362,0.8225,2026-08-07 15:41:39,2026-08-07 15:41:39,2026-08-07 15:41:39
213031,1064,UYFJ9,COMPRA,160,110.5330,5.6467,2026-08-07 10:32:15,2026-08-07 10:32:18,2026-08-07 10:32:18
213032,1382,RDOA3,COMPRA,350,75.4658,7.8451,2026-08-07 16:01:41,2026-08-07 16:01:42,2026-08-07 16:01:42
213033,2402,FYZB6,COMPRA,455,57.9258,1.5822,2026-08-07 12:10:45,2026-08-07 12:10:48,2026-08-07 12:10:48
213034,2030,RMRT1,VENDA,345,80.6938,9.4598,2026-08-07 14:00:55,2026-08-07 14:00:58,2026-08-07 14:00:58
213035,1918,ZFBT3,COMPRA,245,79.9391,,2026-08-07 11:49:50,2026-08-07 11:49:51,2026-08-07 11:49:51
213036,1650,IWFI1,COMPRA,200,205.3869,9.3541,2026-08-07 16:13:26,2026-08-07 16:13:26,2026-08-07 16:13:26
213037,2262,UCHR6,COMPRA,285,375.7247,8.5715,2026-08-07 13:03:26,2026-08-07 13:03:27,2026-08-07 13:03:27
213038,2206,XPVA7,COMPRA,190,414.9692,6.3159,2026-08-07 12:41:36,2026-08-07 12:41:38,2026-08-07 12:41:38
213039,3015,MCMT2,COMPRA,42,120.4404,4.8300,2026-08-07 11:53:08,2026-08-07 11:53:08,2026-08-07 11:53:08
213040,3239,PZUP8,COMPRA,260,185.3889,0.1135,2026-08-07 15:20:55,2026-08-07 15:20:57,2026-08-07 15:20:57
213041,1333,WXFC8,COMPRA,81,73.0368,8.7227,2026-08-07 13:20:54,2026-08-07 13:20:56,2026-08-07 13:20:56
213042,3237,GULD2,COMPRA,350,172.5964,4.0089,2026-08-07 17:18:55,2026-08-07 17:18:58,2026-08-07 17:18:58
213043,1614,NYGT6,COMPRA,210,127.8449,10.3480,2026-08-07 13:17:29,2026-08-07 13:17:31,2026-08-07 13:17:31
213044,2785,YRWH3,COMPRA,80,195.5561,6.0649,2026-08-07 11:30:10,2026-08-07 11:30:13,2026-08-07 11:30:13
213045,1979,RMRT1,COMPRA,75,85.6537,4.1229,2026-08-07 11:12:09,2026-08-07 11:12:10,2026-08-07 11:12:10
213046,1770,ECQD7,COMPRA,193,82.7367,9.0930,2026-08-07 16:03:05,2026-08-07 16:03:08,2026-08-07 16:03:08
213047,1836,RMRT1,COMPRA,75,86.5454,11.1626,2026-08-07 12:02:42,2026-08-07 12:02:42,2026-08-07 12:02:42
213048,3025,GFDF2,COMPRA,470,91.0780,2.9440,2026-08-07 11:53:08,2026-08-07 11:53:08,2026-08-07 11:53:08
213049,1647,IWAK1,COMPRA,15,93.0027,10.6278,2026-08-07 14:10:47,2026-08-07 14:10:49,2026-08-07 14:10:49
213050,3069,NREP8,COMPRA,455,111.0675,6.3840,2026-08-07 13:36:51,2026-08-07 13:36:52,2026-08-07 13:36:52
213051,1158,YFAH5,COMPRA,265,193.4417,6.1954,2026-08-07 13:05:45,2026-08-07 13:05:47,2026-08-07 13:05:47
213052,2811,IWAK1,COMPRA,305,94.1776,2.4403,2026-08-07 15:52:11,2026-08-07 15:52:13,2026-08-07 15:52:13
213053,3019,QQQS1,COMPRA,125,25.5851,10.7932,2026-08-07 17:09:01,2026-08-07 17:09:03,2026-08-07 17:09:03
213054,2734,FYZB6,COMPRA,140,65.7566,7.6220,2026-08-07 12:45:35,2026-08-07 12:45:38,2026-08-07 12:45:38
213055,2110,LIEG8,COMPRA,185,88.6246,10.3295,2026-08-07 14:17:59,2026-08-07 14:18:01,2026-08-07 14:18:01
213056,1911,SGBG8,COMPRA,75,62.3479,7.8185,2026-08-07 15:23:06,2026-08-07 15:23:09,2026-08-07 15:23:09
213057,3190,AAWB3,COMPRA,95,147.3533,8.1496,2026-08-07 16:03:16,2026-08-07 16:03:18,2026-08-07 16:03:18
213058,1721,XOVY4,COMPRA,240,104.5724,2.0429,2026-08-07 14:04:58,2026-08-07 14:04:58,2026-08-07 14:04:58
213059,2590,QTDZ2,COMPRA,205,60.0846,1.3533,2026-08-07 13:28:31,2026-08-07 13:28:34,2026-08-07 13:28:34
213060,2706,JUDG8,COMPRA,340,77.7438,0.6017,2026-08-07 13:09:29,2026-08-07 13:09:30,2026-08-07 13:09:30
213061,1168,OXVD8,COMPRA,455,60.5477,12.1082,2026-08-07 12:01:32,2026-08-07 12:01:33,2026-08-07 12:01:33
213062,2046,OVYL9,COMPRA,275,88.1116,2.8836,2026-08-07 17:06:29,2026-08-07 17:06:32,2026-08-07 17:06:32
213063,2225,NHYK8,COMPRA,241,80.8931,9.3329,2026-08-07 16:34:48,2026-08-07 16:34:50,2026-08-07 16:34:50
213064,3078,RFNS7,COMPRA,20,87.2540,12.6293,2026-08-07 12:23:18,2026-08-07 12:23:18,2026-08-07 12:23:18
213065,1232,JUDG8,COMPRA,350,100.4333,1.2148,2026-08-07 14:44:25,2026-08-07 14:44:27,2026-08-07 14:44:27
213066,2530,DGBT6,COMPRA,410,77.9426,9.2291,2026-08-07 14:07:56,2026-08-07 14:07:58,2026-08-07 14:07:58
213067,2561,MJDL9,COMPRA,25,37.0620,12.2260,2026-08-07 15:07:23,2026-08-07 15:07:23,2026-08-07 15:07:23
213068,3039,GULD2,COMPRA,165,173.3228,7.2937,2026-08-07 16:05:18,2026-08-07 16:05:18,2026-08-07 16:05:18
213069,2221,XPVA7,COMPRA,320,428.0503,9.6014,2026-08-07 10:44:35,2026-08-07 10:44:37,2026-08-07 10:44:37
213070,1712,LGKU6,COMPRA,105,76.4828,12.1087,2026-08-07 10:23:37,2026-08-07 10:23:37,2026-08-07 10:23:37
213071,2468,OVUQ2,COMPRA,10,50.4351,9.4074,2026-08-07 15:05:23,2026-08-07 15:05:23,2026-08-07 15:05:23
213072,1977,UYFJ9,COMPRA,295,99.5402,10.2139,2026-08-07 14:28:17,2026-08-07 14:28:19,2026-08-07 14:28:19
213073,1142,PBZM6,COMPRA,235,63.4695,9.6372,2026-08-07 15:25:59,2026-08-07 15:26:02,2026-08-07 15:26:02
213074,2567,YFAH5,COMPRA,155,204.4384,11.1277,2026-08-07 16:27:55,2026-08-07 16:27:55,2026-08-07 16:27:55
213075,2986,RDOA3,COMPRA,435,109.4601,5.5800,2026-08-07 14:53:30,2026-08-07 14:53:30,2026-08-07 14:53:30
213076,1749,UYFJ9,COMPRA,155,111.1550,0.5307,2026-08-07 11:42:28,2026-08-07 11:42:29,2026-08-07 11:42:29
213077,3425,DSFC9,COMPRA,115,406.7023,10.2310,2026-08-07 15:26:49,2026-08-07 15:26:49,2026-08-07 15:26:49
213078,1146,QEUC2,COMPRA,391,153.4180,11.8870,2026-08-07 12:50:55,2026-08-07 12:50:57,2026-08-07 12:50:57
213079,3077,YOWA1,COMPRA,5,52.8906,8.8984,2026-08-07 17:09:17,2026-08-07 17:09:17,2026-08-07 17:09:17
213080,3093,AAWB3,COMPRA,90,204.1733,3.0051,2026-08-07 13:08:16,2026-08-07 13:08:18,2026-08-07 13:08:18
213081,3135,QTHQ1,COMPRA,295,26.4623,5.8934,2026-08-07 14:02:08,2026-08-07 14:02:08,2026-08-07 14:02:08
213082,2322,TVCE9,COMPRA,340,61.7175,7.0808,2026-08-07 15:37:36,2026-08-07 15:37:39,2026-08-07 15:37:39
213083,3292,DFGR7,COMPRA,470,109.8623,8.4990,2026-08-07 10:06:10,2026-08-07 10:06:12,2026-08-07 10:06:12
213084,2844,FIUW1,COMPRA,330,86.1488,6.2892,2026-08-07 13:04:32,2026-08-07 13:04:32,2026-08-07 13:04:32
213085,1768,SVOZ4,COMPRA,140,48.7977,4.4597,2026-08-07 17:22:17,2026-08-07 17:22:20,2026-08-07 17:22:20
213086,1833,DFGR7,COMPRA,320,82.8266,5.7242,2026-08-07 13:51:17,2026-08-07 13:51:20,2026-08-07 13:51:20
213087,3442,SGBG8,COMPRA,230,99.7841,7.0832,2026-08-07 13:17:11,2026-08-07 13:17:13,2026-08-07 13:17:13
213088,3068,SUZL4,COMPRA,330,118.2738,3.3569,2026-08-07 15:17:18,2026-08-07 15:17:18,2026-08-07 15:17:18
213089,2650,NPEM3,COMPRA,180,107.8592,9.1646,2026-08-07 17:16:09,2026-08-07 17:16:10,2026-08-07 17:16:10
213090,3204,QATW7,COMPRA,145,38.1325,10.7143,2026-08-07 12:10:55,2026-08-07 12:10:57,2026-08-07 12:10:57
213091,2564,KFSY2,COMPRA,27,98.6106,0.7507,2026-08-07 10:06:06,2026-08-07 10:06:08,2026-08-07 10:06:08
213092,1243,IWFI1,COMPRA,220,185.0356,4.3811,2026-08-07 15:21:48,2026-08-07 15:21:50,2026-08-07 15:21:50
213093,1590,YCCK8,COMPRA,385,463.0562,1.9944,2026-08-07 14:04:13,2026-08-07 14:04:15,2026-08-07 14:04:15
213094,2842,UVEY5,COMPRA,117,92.2938,1.9306,2026-08-07 11:06:31,2026-08-07 11:06:33,2026-08-07 11:06:33
213095,2093,UVEY5,COMPRA,255,78.3493,5.2183,2026-08-07 14:22:32,2026-08-07 14:22:35,2026-08-07 14:22:35
213096,1125,DEGN5,COMPRA,80,100.1099,1.9996,2026-08-07 10:56:39,2026-08-07 10:56:40,2026-08-07 10:56:40
213097,1326,WIPB2,VENDA,450,109.4187,6.2588,2026-08-07 11:32:37,2026-08-07 11:32:40,2026-08-07 11:32:40
213098,1670,ZHTL2,COMPRA,305,62.2441,9.9696,2026-08-07 16:58:29,2026-08-07 16:58:30,2026-08-07 16:58:30
213099,1721,NGIU9,COMPRA,131,82.2103,8.3573,2026-08-07 17:21:44,2026-08-07 17:21:46,2026-08-07 17:21:46
213100,1510,OVUQ2,COMPRA,340,58.7517,1.2941,2026-08-07 11:36:42,2026-08-07 11:36:42,2026-08-07 11:36:42
213101,1706,RIET5,COMPRA,487,173.7565,6.7220,2026-08-07 11:56:56,2026-08-07 11:56:57,2026-08-07 11:56:57
213102,3072,NWGB4,COMPRA,380,154.6033,7.9042,2026-08-07 11:09:13,2026-08-07 11:09:15,2026-08-07 11:09:15
213103,1124,QQQS1,COMPRA,147,26.8410,1.1566,2026-08-07 16:33:38,2026-08-07 16:33:40,2026-08-07 16:33:40
213104,1307,HJRH5,COMPRA,420,184.1926,4.0056,2026-08-07 16:31:40,2026-08-07 16:31:42,2026-08-07 16:31:42
213105,3394,YFAH5,COMPRA,470,167.4653,11.0235,2026-08-07 12:22:31,2026-08-07 12:22:31,2026-08-07 12:22:31
213106,1487,YCCK8,COMPRA,375,333.1094,7.1457,2026-08-07 14:58:12,2026-08-07 14:58:14,2026-08-07 14:58:14
213107,1634,WMQZ6,COMPRA,170,62.9230,11.2418,2026-08-07 10:59:04,2026-08-07 10:59:05,2026-08-07 10:59:05
213108,1166,KQEO3,COMPRA,200,71.0371,10.7476,2026-08-07 11:41:09,2026-08-07 11:41:11,2026-08-07 11:41:11
213109,1365,HJRH5,COMPRA,345,165.9882,7.1230,2026-08-07 13:42:23,2026-08-07 13:42:24,2026-08-07 13:42:24
213110,3405,DQSN6,COMPRA,175,147.1284,0.8097,2026-08-07 14:22:26,2026-08-07 14:22:26,2026-08-07 14:22:26
213111,1033,LQML9,COMPRA,325,107.5781,4.1219,2026-08-07 10:07:50,2026-08-07 10:07:50,2026-08-07 10:07:50
213112,1192,NWGB4,COMPRA,160,110.3253,1.5294,2026-08-07 15:34:39,2026-08-07 15:34:39,2026-08-07 15:34:39
213113,1199,FRGH8,COMPRA,50,80.6175,10.9218,2026-08-07 12:01:51,2026-08-07 12:01:54,2026-08-07 12:01:54
213114,1469,RMRT1,COMPRA,235,112.7316,2.7637,2026-08-07 15:19:00,2026-08-07 15:19:00,2026-08-07 15:19:00
213115,3276,HCLJ8,COMPRA,445,120.3555,10.5024,2026-08-07 15:02:14,2026-08-07 15:02:17,2026-08-07 15:02:17
213116,3412,HJRH5,COMPRA,95,162.8622,0.8419,2026-08-07 15:19:38,2026-08-07 15:19:39,2026-08-07 15:19:39
213117,2949,OEQA8,COMPRA,400,477.5413,10.8053,2026-08-07 11:47:24,2026-08-07 11:47:26,2026-08-07 11:47:26
213118,2747,UVEY5,COMPRA,195,103.8405,8.8450,2026-08-07 15:59:34,2026-08-07 15:59:36,2026-08-07 15:59:36
213119,1831,PQUT9,COMPRA,280,64.3431,5.6098,2026-08-07 11:06:26,2026-08-07 11:06:28,2026-08-07 11:06:28
213120,2299,ECQD7,COMPRA,275,75.2450,12.6173,2026-08-07 13:38:33,2026-08-07 13:38:34,2026-08-07 13:38:34
213121,2867,PBZM6,COMPRA,295,63.7699,12.3992,2026-08-07 11:54:12,2026-08-07 11:54:13,2026-08-07 11:54:13
213122,2343,YFAH5,COMPRA,295,192.5485,6.9718,2026-08-07 13:26:03,2026-08-07 13:26:03,2026-08-07 13:26:03
213123,2563,PBZM6,COMPRA,467,54.4426,0.0489,2026-08-07 10:28:56,2026-08-07 10:28:57,2026-08-07 10:28:57
213124,3454,YFAH5,COMPRA,465,130.2715,6.8669,2026-08-07 15:09:15,2026-08-07 15:09:18,2026-08-07 15:09:18
213125,3295,TTHO3,COMPRA,495,38.3067,3.9622,2026-08-07 11:48:50,2026-08-07 11:48:50,2026-08-07 11:48:50
213126,1175,XTVW5,COMPRA,315,100.5437,6.2950,2026-08-07 10:44:01,2026-08-07 10:44:04,2026-08-07 10:44:04
213127,2248,CQJZ4,COMPRA,120,78.0019,1.5518,2026-08-07 14:25:27,2026-08-07 14:25:30,2026-08-07 14:25:30
213128,2237,PQUT9,COMPRA,225,98.7258,7.9423,2026-08-07 17:02:34,2026-08-07 17:02:36,2026-08-07 17:02:36
213129,2413,NWGB4,COMPRA,60,113.7652,8.3619,2026-08-07 17:27:00,2026-08-07 17:27:01,2026-08-07 17:27:01
213130,2096,BSDJ7,COMPRA,500,293.6443,8.5839,2026-08-07 16:58:24,2026-08-07 16:58:25,2026-08-07 16:58:25
213131,3203,WIPB2,COMPRA,237,84.9704,9.4440,2026-08-07 17:24:52,2026-08-07 17:24:52,2026-08-07 17:24:52
213132,1779,NQYT3,COMPRA,360,60.2321,4.8127,2026-08-07 10:39:06,2026-08-07 10:39:08,2026-08-07 10:39:08
213133,3408,FIUW1,COMPRA,175,130.0408,4.2261,2026-08-07 16:45:49,2026-08-07 16:45:49,2026-08-07 16:45:49
213134,2872,CQJZ4,COMPRA,70,94.5641,2.6251,2026-08-07 15:41:39,2026-08-07 15:41:41,2026-08-07 15:41:41
213135,1477,TVCE9,COMPRA,375,82.7891,11.5383,2026-08-07 12:35:00,2026-08-07 12:35:00,2026-08-07 12:35:00
213136,2270,ZAAS7,COMPRA,465,355.4406,3.4027,2026-08-07 12:12:09,2026-08-07 12:12:11,2026-08-07 12:12:11
213137,2283,RMRT1,COMPRA,312,99.7832,6.3471,2026-08-07 12:39:59,2026-08-07 12:39:59,2026-08-07 12:39:59
213138,3301,MCMT2,COMPRA,55,78.0430,6.6625,2026-08-07 14:52:34,2026-08-07 14:52:34,2026-08-07 14:52:34
213139,3319,VLEB3,COMPRA,310,433.7960,6.9063,2026-08-07 17:20:52,2026-08-07 17:20:52,2026-08-07 17:20:52
213140,3050,MCMT2,COMPRA,295,91.1629,11.7469,2026-08-07 14:35:15,2026-08-07 14:35:15,2026-08-07 14:35:15
213141,1524,SGBG8,COMPRA,315,84.7016,6.4611,2026-08-07 13:44:10,2026-08-07 13:44:11,2026-08-07 13:44:11
213142,2482,JIPA6,COMPRA,325,32.1271,1.1022,2026-08-07 11:34:02,2026-08-07 11:34:04,2026-08-07 11:34:04
213143,2525,YCCK8,COMPRA,85,346.5936,2.9601,2026-08-07 16:27:37,2026-08-07 16:27:39,2026-08-07 16:27:39
213144,2299,RSBT4,COMPRA,225,384.7519,1.5000,2026-08-07 13:20:31,2026-08-07 13:20:34,2026-08-07 13:20:34
213145,1921,RYPL6,COMPRA,135,102.9090,1.0040,2026-08-07 11:26:31,2026-08-07 11:26:32,2026-08-07 11:26:32
213146,1231,BOCS8,COMPRA,287,71.6297,7.4154,2026-08-07 16:02:58,2026-08-07 16:02:59,2026-08-07 16:02:59
213147,1123,OXVD8,COMPRA,405,72.8939,7.8552,2026-08-07 15:49:11,2026-08-07 15:49:14,2026-08-07 15:49:14
213148,2087,DMTZ8,COMPRA,175,176.1749,4.1178,2026-08-07 11:18:57,2026-08-07 11:18:57,2026-08-07 11:18:57
213149,2085,OXVD8,COMPRA,55,74.6350,9.3203,2026-08-07 17:29:23,2026-08-07 17:29:26,2026-08-07 17:29:26
213150,3490,ZHTL2,COMPRA,350,65.5283,12.3777,2026-08-07 10:39:55,2026-08-07 10:39:55,2026-08-07 10:39:55
213151,3383,SUZL4,COMPRA,295,134.6047,9.7256,2026-08-07 11:21:16,2026-08-07 11:21:19,2026-08-07 11:21:19
213152,3042,GAKD5,COMPRA,133,260.5967,4.6600,2026-08-07 15:40:36,2026-08-07 15:40:38,2026-08-07 15:40:38
213153,1547,QQQS1,COMPRA,210,21.5564,6.2628,2026-08-07 16:27:00,2026-08-07 16:27:01,2026-08-07 16:27:01
213154,1913,MCHX2,COMPRA,335,126.9321,6.9522,2026-08-07 11:42:45,2026-08-07 11:42:46,2026-08-07 11:42:46
213155,1177,IPXK2,COMPRA,449,245.5793,9.3835,2026-08-07 16:19:26,2026-08-07 16:19:27,2026-08-07 16:19:27
213156,3311,FRGH8,COMPRA,145,71.0388,2.2792,2026-08-07 16:14:27,2026-08-07 16:14:27,2026-08-07 16:14:27
213157,2841,HCZM2,COMPRA,410,532.4568,5.7445,2026-08-07 10:50:37,2026-08-07 10:50:40,2026-08-07 10:50:40
213158,3278,QATW7,COMPRA,200,46.4562,3.7747,2026-08-07 13:11:42,2026-08-07 13:11:45,2026-08-07 13:11:45
213159,2035,QEUC2,COMPRA,291,180.5200,6.6216,2026-08-07 10:18:12,2026-08-07 10:18:13,2026-08-07 10:18:13
213160,1107,LGKU6,COMPRA,470,74.2834,6.1143,2026-08-07 15:58:54,2026-08-07 15:58:56,2026-08-07 15:58:56
213161,2775,WMQZ6,COMPRA,280,83.2921,4.5528,2026-08-07 11:31:49,2026-08-07 11:31:51,2026-08-07 11:31:51
213162,3061,XTVW5,COMPRA,434,107.7291,9.5620,2026-08-07 14:35:42,2026-08-07 14:35:43,2026-08-07 14:35:43
213163,2342,FRGH8,COMPRA,130,75.2289,8.1685,2026-08-07 11:27:37,2026-08-07 11:27:39,2026-08-07 11:27:39
213164,2407,TVCE9,COMPRA,195,71.9824,12.0976,2026-08-07 15:01:33,2026-08-07 15:01:33,2026-08-07 15:01:33
213165,3100,IJJK3,COMPRA,35,90.6509,6.5559,2026-08-07 15:29:46,2026-08-07 15:29:47,2026-08-07 15:29:47
213166,1218,QTDZ2,COMPRA,75,56.3333,12.5139,2026-08-07 16:36:52,2026-08-07 16:36:54,2026-08-07 16:36:54
213167,1071,PBZM6,COMPRA,10,72.7209,9.1514,2026-08-07 14:27:53,2026-08-07 14:27:53,2026-08-07 14:27:53
213168,1466,JUDG8,COMPRA,325,96.9526,0.7457,2026-08-07 12:25:16,2026-08-07 12:25:18,2026-08-07 12:25:18
213169,2210,ENRZ2,COMPRA,465,92.9763,10.0817,2026-08-07 11:25:18,2026-08-07 11:25:19,2026-08-07 11:25:19
213170,3036,SRDU1,COMPRA,310,84.1641,5.8194,2026-08-07 10:11:28,2026-08-07 10:11:29,2026-08-07 10:11:29
213171,2613,ZAAS7,COMPRA,5,462.9943,1.8761,2026-08-07 14:02:26,2026-08-07 14:02:28,2026-08-07 14:02:28
213172,3027,ZHTL2,COMPRA,350,72.6442,1.6517,2026-08-07 14:20:27,2026-08-07 14:20:28,2026-08-07 14:20:28
213173,1101,ENRZ2,COMPRA,225,117.0688,9.8010,2026-08-07 17:14:08,2026-08-07 17:14:10,2026-08-07 17:14:10
213174,3063,ZYVN7,COMPRA,25,82.9046,4.1045,2026-08-07 10:28:03,2026-08-07 10:28:04,2026-08-07 10:28:04
213175,1468,DGBT6,COMPRA,250,84.5623,10.8555,2026-08-07 16:34:26,2026-08-07 16:34:27,2026-08-07 16:34:27
213176,1712,TTHO3,COMPRA,330,27.1012,3.6620,2026-08-07 16:50:49,2026-08-07 16:50:51,2026-08-07 16:50:51
213177,2449,WMQZ6,COMPRA,430,71.3794,3.7385,2026-08-07 13:33:26,2026-08-07 13:33:26,2026-08-07 13:33:26
213178,2384,ZFBT3,COMPRA,420,128.2322,9.5353,2026-08-07 12:11:46,2026-08-07 12:11:47,2026-08-07 12:11:47
213179,1677,PSEN6,VENDA,360,242.4899,0.0632,2026-08-07 11:24:09,2026-08-07 11:24:10,2026-08-07 11:24:10
213180,2997,YRWH3,COMPRA,169,225.3211,8.5668,2026-08-07 17:00:03,2026-08-07 17:00:04,2026-08-07 17:00:04
213181,2393,LQML9,COMPRA,420,173.0708,7.1356,2026-08-07 15:38:53,2026-08-07 15:38:53,2026-08-07 15:38:53
213182,2958,SVOZ4,COMPRA,355,56.3924,3.2052,2026-08-07 11:44:15,2026-08-07 11:44:15,2026-08-07 11:44:15
213183,1503,NGIU9,COMPRA,235,99.4666,1.9727,2026-08-07 17:01:20,2026-08-07 17:01:22,2026-08-07 17:01:22
213184,2915,XPVA7,COMPRA,125,450.7902,11.9942,2026-08-07 10:01:01,2026-08-07 10:01:01,2026-08-07 10:01:01
213185,2503,IWFI1,COMPRA,440,174.7839,9.2253,2026-08-07 15:27:42,2026-08-07 15:27:45,2026-08-07 15:27:45
213186,1785,TNHT4,COMPRA,25,100.5566,10.0346,2026-08-07 10:53:31,2026-08-07 10:53:33,2026-08-07 10:53:33
213187,1890,LIEG8,COMPRA,455,108.5431,8.1412,2026-08-07 17:03:53,2026-08-07 17:03:56,2026-08-07 17:03:56
213188,2418,NGIU9,COMPRA,64,94.0205,5.7450,2026-08-07 11:41:03,2026-08-07 11:41:05,2026-08-07 11:41:05
213189,3160,DFGR7,COMPRA,330,111.1079,4.9015,2026-08-07 16:38:59,2026-08-07 16:39:02,2026-08-07 16:39:02
213190,2460,NWGB4,COMPRA,50,127.3138,0.2499,2026-08-07 10:20:14,2026-08-07 10:20:17,2026-08-07 10:20:17
213191,3511,DGBT6,COMPRA,459,104.8933,4.1306,2026-08-07 13:39:52,2026-08-07 13:39:54,2026-08-07 13:39:54
213192,1008,JJVW6,VENDA,420,114.0804,10.9923,2026-08-07 15:28:49,2026-08-07 15:28:52,2026-08-07 15:28:52
213193,2462,NYGT6,COMPRA,220,92.4469,9.0561,2026-08-07 15:39:55,2026-08-07 15:39:55,2026-08-07 15:39:55
213194,1811,YIHC3,COMPRA,170,66.2385,11.3858,2026-08-07 16:23:25,2026-08-07 16:23:28,2026-08-07 16:23:28
213195,3176,TXHR8,COMPRA,470,74.7071,11.4965,2026-08-07 12:58:13,2026-08-07 12:58:15,2026-08-07 12:58:15
213196,3030,RYPL6,COMPRA,266,76.2032,3.3852,2026-08-07 11:07:30,2026-08-07 11:07:31,2026-08-07 11:07:31
213197,2821,HCZM2,COMPRA,210,348.5274,3.4819,2026-08-07 10:26:41,2026-08-07 10:26:44,2026-08-07 10:26:44
213198,1153,RDOA3,VENDA,135,108.8408,10.5172,2026-08-07 11:52:59,2026-08-07 11:53:02,2026-08-07 11:53:02
213199,1381,DFGR7,COMPRA,187,116.5654,4.3228,2026-08-07 17:29:21,2026-08-07 17:29:24,2026-08-07 17:29:24
213200,2126,RSBT4,COMPRA,14,488.8202,0.7679,2026-08-07 13:13:08,2026-08-07 13:13:11,2026-08-07 13:13:11
213201,2317,ZFBT3,COMPRA,310,122.8261,10.1996,2026-08-07 14:47:32,2026-08-07 14:47:35,2026-08-07 14:47:35
213202,1634,DGBT6,COMPRA,490,112.6125,9.1852,2026-08-07 13:29:53,2026-08-07 13:29:54,2026-08-07 13:29:54
213203,3337,ZHTL2,COMPRA,420,67.8851,4.7187,2026-08-07 17:10:28,2026-08-07 17:10:28,2026-08-07 17:10:28
213204,2476,QATW7,COMPRA,265,55.9709,12.5569,2026-08-07 16:34:21,2026-08-07 16:34:22,2026-08-07 16:34:22
213205,1513,SRDU1,COMPRA,450,99.1329,5.6251,2026-08-07 15:53:13,2026-08-07 15:53:13,2026-08-07 15:53:13
213206,1941,PQUT9,COMPRA,495,83.1184,3.2118,2026-08-07 16:34:52,2026-08-07 16:34:52,2026-08-07 16:34:52
213207,3351,DEGN5,COMPRA,55,88.2128,0.7613,2026-08-07 17:19:31,2026-08-07 17:19:32,2026-08-07 17:19:32
213208,2636,OVYL9,COMPRA,280,62.8372,8.4336,2026-08-07 12:39:12,2026-08-07 12:39:12,2026-08-07 12:39:12
213209,1378,GAKD5,COMPRA,390,286.9003,7.0262,2026-08-07 11:42:22,2026-08-07 11:42:24,2026-08-07 11:42:24
213210,2878,GKQC5,VENDA,72,120.8055,12.6158,2026-08-07 15:31:48,2026-08-07 15:31:51,2026-08-07 15:31:51
213211,2733,RMRT1,VENDA,105,89.9167,6.1458,2026-08-07 11:29:33,2026-08-07 11:29:35,2026-08-07 11:29:35
213212,3108,QYBV3,COMPRA,355,60.0000,6.0030,2026-08-07 16:00:20,2026-08-07 16:00:21,2026-08-07 16:00:21
213213,2804,SVOZ4,COMPRA,160,54.2632,1.0536,2026-08-07 12:04:44,2026-08-07 12:04:45,2026-08-07 12:04:45
213214,2030,NAOF3,COMPRA,469,72.3594,0.2726,2026-08-07 16:39:09,2026-08-07 16:39:11,2026-08-07 16:39:11
213215,3399,QYBV3,COMPRA,290,80.7187,0.0835,2026-08-07 13:49:38,2026-08-07 13:49:39,2026-08-07 13:49:39
213216,1417,TVCE9,COMPRA,180,62.8289,7.1113,2026-08-07 17:27:29,2026-08-07 17:27:30,2026-08-07 17:27:30
213217,2652,QTHQ1,COMPRA,269,22.4412,0.3373,2026-08-07 13:32:30,2026-08-07 13:32:33,2026-08-07 13:32:33
213218,2916,RIET5,COMPRA,170,141.9936,2.2416,2026-08-07 16:51:03,2026-08-07 16:51:05,2026-08-07 16:51:05
213219,2593,GKQC5,COMPRA,250,144.8706,12.4633,2026-08-07 16:32:35,2026-08-07 16:32:37,2026-08-07 16:32:37
213220,2270,ICSU4,COMPRA,185,168.4586,7.5494,2026-08-07 13:00:29,2026-08-07 13:00:30,2026-08-07 13:00:30
213221,3277,MCMT2,COMPRA,225,83.2037,2.8245,2026-08-07 11:23:07,2026-08-07 11:23:09,2026-08-07 11:23:09
213222,1023,QEUC2,COMPRA,285,212.9595,10.8087,2026-08-07 14:06:16,2026-08-07 14:06:18,2026-08-07 14:06:18
213223,1042,GFDF2,COMPRA,103,103.4544,0.1080,2026-08-07 10:13:07,2026-08-07 10:13:08,2026-08-07 10:13:08
213224,1954,NGIU9,COMPRA,168,86.7044,10.1835,2026-08-07 10:03:16,2026-08-07 10:03:19,2026-08-07 10:03:19
213225,2237,WIPB2,COMPRA,107,118.5572,11.6827,2026-08-07 11:42:46,2026-08-07 11:42:46,2026-08-07 11:42:46
213226,2319,IWAK1,COMPRA,221,95.4911,0.7035,2026-08-07 10:56:47,2026-08-07 10:56:49,2026-08-07 10:56:49
213227,2814,SRDU1,COMPRA,115,104.4465,0.8467,2026-08-07 16:20:19,2026-08-07 16:20:19,2026-08-07 16:20:19
213228,1141,ECQD7,COMPRA,120,113.4417,11.8435,2026-08-07 17:21:21,2026-08-07 17:21:22,2026-08-07 17:21:22
213229,1243,MGRR2,COMPRA,205,148.0444,12.0861,2026-08-07 11:35:15,2026-08-07 11:35:18,2026-08-07 11:35:18
213230,3394,NYGT6,COMPRA,140,100.3069,2.1950,2026-08-07 12:23:06,2026-08-07 12:23:06,2026-08-07 12:23:06
213231,2822,MCMT2,COMPRA,125,98.4422,2.4556,2026-08-07 12:29:29,2026-08-07 12:29:32,2026-08-07 12:29:32
213232,1271,ERTC4,COMPRA,354,55.2378,3.7769,2026-08-07 13:57:33,2026-08-07 13:57:35,2026-08-07 13:57:35
213233,2343,QTDZ2,COMPRA,175,48.3862,11.2867,2026-08-07 13:29:07,2026-08-07 13:29:07,2026-08-07 13:29:07
213234,2317,NQYT3,COMPRA,375,56.8203,11.3728,2026-08-07 16:27:50,2026-08-07 16:27:50,2026-08-07 16:27:50
213235,3407,ENRZ2,VENDA,25,99.7008,4.3118,2026-08-07 13:28:01,2026-08-07 13:28:03,2026-08-07 13:28:03
213236,3259,RDOA3,COMPRA,140,94.1837,6.3600,2026-08-07 12:11:16,2026-08-07 12:11:17,2026-08-07 12:11:17
213237,2402,ZFBT3,COMPRA,420,96.9943,2.8031,2026-08-07 10:12:24,2026-08-07 10:12:24,2026-08-07 10:12:24
213238,1606,DQSN6,COMPRA,390,135.7443,1.7937,2026-08-07 10:22:27,2026-08-07 10:22:30,2026-08-07 10:22:30
213239,1828,RMRT1,COMPRA,445,94.3470,4.8247,2026-08-07 12:52:27,2026-08-07 12:52:29,2026-08-07 12:52:29
213240,2249,ENRZ2,COMPRA,355,108.8292,4.9617,2026-08-07 10:39:57,2026-08-07 10:39:59,2026-08-07 10:39:59
213241,2488,OVUQ2,COMPRA,155,56.8029,6.8098,2026-08-07 11:19:11,2026-08-07 11:19:13,2026-08-07 11:19:13
213242,1174,KFSY2,VENDA,80,110.0939,7.6048,2026-08-07 16:35:16,2026-08-07 16:35:17,2026-08-07 16:35:17
213243,2674,RMRT1,COMPRA,168,113.8942,12.0134,2026-08-07 10:25:20,2026-08-07 10:25:22,2026-08-07 10:25:22
213244,3016,SUZL4,COMPRA,380,136.7243,6.5611,2026-08-07 15:52:34,2026-08-07 15:52:36,2026-08-07 15:52:36
213245,1531,TBWG2,COMPRA,492,92.4754,8.3895,2026-08-07 14:27:12,2026-08-07 14:27:13,2026-08-07 14:27:13
213246,2333,YFAH5,COMPRA,200,183.1613,8.6233,2026-08-07 13:25:28,2026-08-07 13:25:31,2026-08-07 13:25:31
213247,2816,YCCK8,COMPRA,75,342.3214,10.0273,2026-08-07 14:25:17,2026-08-07 14:25:20,2026-08-07 14:25:20
213248,2479,WMQZ6,COMPRA,205,72.1720,10.6748,2026-08-07 10:08:12,2026-08-07 10:08:15,2026-08-07 10:08:15
213249,2310,NAOF3,COMPRA,124,57.5263,3.5052,2026-08-07 16:43:22,2026-08-07 16:43:25,2026-08-07 16:43:25
213250,2292,EEYY9,COMPRA,50,163.7495,1.3734,2026-08-07 10:46:15,2026-08-07 10:46:15,2026-08-07 10:46:15
213251,3296,GULD2,COMPRA,412,139.9210,3.8133,2026-08-07 15:18:12,2026-08-07 15:18:14,2026-08-07 15:18:14
213252,2958,YYLA4,COMPRA,100,237.6775,10.4553,2026-08-07 10:07:40,2026-08-07 10:07:43,2026-08-07 10:07:43
213253,2574,UQJU7,COMPRA,129,69.1409,5.5195,2026-08-07 11:59:16,2026-08-07 11:59:19,2026-08-07 11:59:19
213254,2621,RMRT1,COMPRA,345,122.3505,0.9799,2026-08-07 11:29:16,2026-08-07 11:29:19,2026-08-07 11:29:19
213255,1190,LGKU6,COMPRA,320,65.4505,8.2491,2026-08-07 12:47:07,2026-08-07 12:47:08,2026-08-07 12:47:08
213256,3250,XLZM9,COMPRA,390,58.2204,12.5169,2026-08-07 13:39:10,2026-08-07 13:39:12,2026-08-07 13:39:12
213257,1967,SGBG8,COMPRA,435,78.4325,9.1120,2026-08-07 13:58:23,2026-08-07 13:58:23,2026-08-07 13:58:23
213258,1839,NWGB4,COMPRA,290,143.3694,11.0585,2026-08-07 15:46:54,2026-08-07 15:46:56,2026-08-07 15:46:56
213259,2366,JUDG8,COMPRA,50,96.5619,0.2424,2026-08-07 13:16:45,2026-08-07 13:16:48,2026-08-07 13:16:48
213260,2157,AYFQ2,COMPRA,275,11.6037,11.3909,2026-08-07 10:34:58,2026-08-07 10:34:59,2026-08-07 10:34:59
213261,1857,CQIL9,COMPRA,470,35.9911,6.5171,2026-08-07 12:46:51,2026-08-07 12:46:53,2026-08-07 12:46:53
213262,2016,TXHR8,COMPRA,85,101.2213,5.8277,2026-08-07 14:01:55,2026-08-07 14:01:55,2026-08-07 14:01:55
213263,1932,FRGH8,COMPRA,70,75.4176,7.2498,2026-08-07 13:49:50,2026-08-07 13:49:50,2026-08-07 13:49:50
213264,3033,DGBT6,COMPRA,375,110.8858,12.4014,2026-08-07 11:35:46,2026-08-07 11:35:47,2026-08-07 11:35:47
213265,1845,YFAH5,COMPRA,370,147.7440,,2026-08-07 15:51:03,2026-08-07 15:51:04,2026-08-07 15:51:04
213266,1185,AAWB3,COMPRA,39,218.2160,1.6257,2026-08-07 13:41:53,2026-08-07 13:41:55,2026-08-07 13:41:55
213267,2965,HCLJ8,COMPRA,190,121.7428,5.3732,2026-08-07 14:08:11,2026-08-07 14:08:11,2026-08-07 14:08:11
213268,3376,YCCK8,COMPRA,193,412.8709,1.7859,2026-08-07 10:07:42,2026-08-07 10:07:43,2026-08-07 10:07:43
213269,1587,ERTC4,COMPRA,45,45.5436,7.5109,2026-08-07 13:13:31,2026-08-07 13:13:31,2026-08-07 13:13:31
213270,1200,QTDZ2,COMPRA,295,48.9505,12.7778,2026-08-07 12:03:15,2026-08-07 12:03:16,2026-08-07 12:03:16
213271,3043,TNHT4,COMPRA,330,114.6760,7.6089,2026-08-07 15:22:58,2026-08-07 15:23:01,2026-08-07 15:23:01
213272,2606,ECQD7,COMPRA,145,85.3924,10.7990,2026-08-07 12:54:10,2026-08-07 12:54:13,2026-08-07 12:54:13
213273,1791,QHFL8,COMPRA,238,160.5021,5.7264,2026-08-07 15:27:18,2026-08-07 15:27:18,2026-08-07 15:27:18
213274,3075,QATW7,COMPRA,445,42.4858,6.6232,2026-08-07 16:15:40,2026-08-07 16:15:41,2026-08-07 16:15:41
213275,2290,WHMT3,COMPRA,480,87.7434,11.4031,2026-08-07 11:17:50,2026-08-07 11:17:50,2026-08-07 11:17:50
213276,3146,JIPR4,COMPRA,205,37.7558,9.8717,2026-08-07 15:43:29,2026-08-07 15:43:32,2026-08-07 15:43:32
213277,3363,QTHQ1,COMPRA,235,22.7358,10.6454,2026-08-07 11:19:41,2026-08-07 11:19:41,2026-08-07 11:19:41
213278,2999,BOCS8,COMPRA,315,73.1100,9.0107,2026-08-07 14:13:57,2026-08-07 14:13:57,2026-08-07 14:13:57
213279,3232,JDJG6,COMPRA,205,64.6852,5.0984,2026-08-07 11:48:36,2026-08-07 11:48:38,2026-08-07 11:48:38
213280,2040,ZYVN7,COMPRA,220,83.4134,4.4818,2026-08-07 16:16:47,2026-08-07 16:16:48,2026-08-07 16:16:48
213281,1587,HVEX2,COMPRA,180,111.2514,1.2730,2026-08-07 16:41:50,2026-08-07 16:41:53,2026-08-07 16:41:53
213282,3464,RYPL6,COMPRA,210,87.7945,11.8388,2026-08-07 13:28:43,2026-08-07 13:28:44,2026-08-07 13:28:44
213283,1317,JDJG6,COMPRA,290,63.6909,1.5757,2026-08-07 14:42:06,2026-08-07 14:42:06,2026-08-07 14:42:06
213284,2537,IZTY4,COMPRA,70,25.4395,5.4660,2026-08-07 15:35:09,2026-08-07 15:35:12,2026-08-07 15:35:12
213285,1738,PZUP8,COMPRA,495,159.0717,12.8789,2026-08-07 13:06:19,2026-08-07 13:06:22,2026-08-07 13:06:22
213286,2863,AAWB3,COMPRA,415,197.8530,10.9413,2026-08-07 10:17:32,2026-08-07 10:17:32,2026-08-07 10:17:32
213287,3397,JIPR4,COMPRA,245,35.5235,3.3435,2026-08-07 10:11:55,2026-08-07 10:11:55,2026-08-07 10:11:55
213288,1195,ZHTL2,COMPRA,420,51.9249,1.1760,2026-08-07 15:18:50,2026-08-07 15:18:50,2026-08-07 15:18:50
213289,1836,JIPA6,COMPRA,390,38.9433,4.3493,2026-08-07 14:22:51,2026-08-07 14:22:52,2026-08-07 14:22:52
213290,2568,QQQS1,COMPRA,455,17.8796,5.8041,2026-08-07 12:56:06,2026-08-07 12:56:07,2026-08-07 12:56:07
213291,1627,TBWG2,COMPRA,55,72.7930,9.4027,2026-08-07 16:37:00,2026-08-07 16:37:03,2026-08-07 16:37:03
213292,2625,VLEB3,COMPRA,400,362.8691,2.7691,2026-08-07 14:01:38,2026-08-07 14:01:38,2026-08-07 14:01:38
213293,1486,UYFJ9,COMPRA,470,111.4368,3.5629,2026-08-07 16:32:08,2026-08-07 16:32:08,2026-08-07 16:32:08
213294,1758,IJJK3,COMPRA,305,97.6144,12.8727,2026-08-07 10:32:25,2026-08-07 10:32:28,2026-08-07 10:32:28
213295,2237,DEGN5,COMPRA,490,84.8533,12.8576,2026-08-07 12:23:02,2026-08-07 12:23:02,2026-08-07 12:23:02
213296,2002,TTHO3,COMPRA,170,33.3804,2.7914,2026-08-07 15:25:29,2026-08-07 15:25:30,2026-08-07 15:25:30
213297,1243,MCHX2,COMPRA,85,121.0535,7.8278,2026-08-07 11:06:56,2026-08-07 11:06:58,2026-08-07 11:06:58
213298,2802,LQML9,COMPRA,435,108.7713,2.3505,2026-08-07 13:15:08,2026-08-07 13:15:08,2026-08-07 13:15:08
213299,1792,TNHT4,COMPRA,20,117.9698,6.1055,2026-08-07 14:28:19,2026-08-07 14:28:20,2026-08-07 14:28:20
213300,2030,ZYVN7,COMPRA,355,86.9910,4.9958,2026-08-07 10:54:14,2026-08-07 10:54:14,2026-08-07 10:54:14
213301,2777,GAKD5,COMPRA,27,296.1507,0.6844,2026-08-07 16:50:33,2026-08-07 16:50:36,2026-08-07 16:50:36
213302,2388,ZAAS7,COMPRA,99,346.5415,8.3925,2026-08-07 12:33:46,2026-08-07 12:33:47,2026-08-07 12:33:47
213303,2568,UQJU7,COMPRA,490,70.2178,10.1930,2026-08-07 17:03:41,2026-08-07 17:03:41,2026-08-07 17:03:41
213304,2857,UQIQ7,COMPRA,390,89.0441,5.1137,2026-08-07 15:05:33,2026-08-07 15:05:35,2026-08-07 15:05:35
213305,1888,PQUT9,COMPRA,465,75.6356,6.4905,2026-08-07 11:42:07,2026-08-07 11:42:09,2026-08-07 11:42:09
213306,2620,IWAK1,COMPRA,145,70.9130,0.7973,2026-08-07 15:44:19,2026-08-07 15:44:21,2026-08-07 15:44:21
213307,2175,ZHTL2,COMPRA,95,47.9490,2.9833,2026-08-07 11:43:49,2026-08-07 11:43:52,2026-08-07 11:43:52
213308,2830,TVCE9,COMPRA,370,76.5484,2.8195,2026-08-07 10:38:32,2026-08-07 10:38:33,2026-08-07 10:38:33
213309,2031,PBZM6,COMPRA,13,70.2044,5.2287,2026-08-07 14:28:34,2026-08-07 14:28:35,2026-08-07 14:28:35
213310,2370,XPVA7,COMPRA,120,472.5753,11.5259,2026-08-07 12:29:16,2026-08-07 12:29:17,2026-08-07 12:29:17
213311,2809,KHGP6,COMPRA,437,106.3167,0.3379,2026-08-07 12:42:57,2026-08-07 12:42:57,2026-08-07 12:42:57
213312,2311,IWFI1,COMPRA,94,154.4364,1.9697,2026-08-07 12:06:17,2026-08-07 12:06:18,2026-08-07 12:06:18
213313,3213,ICSU4,COMPRA,225,134.6130,8.6109,2026-08-07 10:41:53,2026-08-07 10:41:53,2026-08-07 10:41:53
213314,2501,ZHTL2,COMPRA,370,77.1014,1.6030,2026-08-07 12:15:08,2026-08-07 12:15:10,2026-08-07 12:15:10
213315,2875,NPEM3,COMPRA,20,93.9514,3.4742,2026-08-07 16:48:41,2026-08-07 16:48:41,2026-08-07 16:48:41
213316,2585,FRGH8,COMPRA,327,86.5839,4.6307,2026-08-07 15:13:03,2026-08-07 15:13:04,2026-08-07 15:13:04
213317,1760,ENRZ2,COMPRA,280,98.1680,2.6862,2026-08-07 10:41:08,2026-08-07 10:41:10,2026-08-07 10:41:10
213318,2899,RHXV4,COMPRA,250,66.9546,8.0161,2026-08-07 13:46:17,2026-08-07 13:46:18,2026-08-07 13:46:18
213319,2072,NHYK8,COMPRA,91,80.6509,11.4956,2026-08-07 16:13:07,2026-08-07 16:13:08,2026-08-07 16:13:08
213320,1654,KFSY2,COMPRA,170,111.9580,6.7226,2026-08-07 11:32:33,2026-08-07 11:32:36,2026-08-07 11:32:36
213321,3067,SRDU1,COMPRA,370,64.6783,4.4140,2026-08-07 12:13:20,2026-08-07 12:13:20,2026-08-07 12:13:20
213322,1195,YYLA4,COMPRA,5,220.3435,2.7662,2026-08-07 14:44:40,2026-08-07 14:44:41,2026-08-07 14:44:41
213323,1176,UYFJ9,COMPRA,55,78.9895,8.8345,2026-08-07 14:44:56,2026-08-07 14:44:58,2026-08-07 14:44:58
213324,1226,IWAK1,COMPRA,345,95.6619,8.3721,2026-08-07 17:13:44,2026-08-07 17:13:44,2026-08-07 17:13:44
213325,2427,PSEN6,COMPRA,5,195.5017,7.2881,2026-08-07 16:40:19,2026-08-07 16:40:21,2026-08-07 16:40:21
213326,3313,LQML9,COMPRA,385,171.8882,8.1052,2026-08-07 11:02:39,2026-08-07 11:02:42,2026-08-07 11:02:42
213327,2679,VLEB3,COMPRA,288,414.7892,7.9536,2026-08-07 16:27:57,2026-08-07 16:27:59,2026-08-07 16:27:59
213328,1384,GFDF2,COMPRA,35,76.5571,1.0587,2026-08-07 12:58:56,2026-08-07 12:58:57,2026-08-07 12:58:57
213329,1273,OEQA8,COMPRA,160,497.4541,6.8907,2026-08-07 14:07:00,2026-08-07 14:07:00,2026-08-07 14:07:00
213330,3217,WMQZ6,COMPRA,295,93.6197,11.7461,2026-08-07 14:45:52,2026-08-07 14:45:52,2026-08-07 14:45:52
213331,1289,UQIQ7,COMPRA,295,67.3015,8.4850,2026-08-07 12:43:35,2026-08-07 12:43:38,2026-08-07 12:43:38
213332,1841,AAUA7,COMPRA,25,140.2011,0.3988,2026-08-07 14:21:53,2026-08-07 14:21:55,2026-08-07 14:21:55
213333,2850,DEGN5,COMPRA,105,65.6592,10.2565,2026-08-07 14:27:44,2026-08-07 14:27:44,2026-08-07 14:27:44
213334,3469,QATW7,COMPRA,180,53.5138,11.8750,2026-08-07 16:10:26,2026-08-07 16:10:29,2026-08-07 16:10:29
213335,1116,NAOF3,COMPRA,145,64.5229,3.4570,2026-08-07 12:04:32,2026-08-07 12:04:35,2026-08-07 12:04:35
213336,2595,LGKU6,COMPRA,300,98.3517,11.5794,2026-08-07 15:23:07,2026-08-07 15:23:07,2026-08-07 15:23:07
213337,3212,DQSN6,COMPRA,155,147.7049,5.4845,2026-08-07 10:49:19,2026-08-07 10:49:20,2026-08-07 10:49:20
213338,2964,IZTY4,COMPRA,79,26.2000,10.3362,2026-08-07 11:28:26,2026-08-07 11:28:26,2026-08-07 11:28:26
213339,2547,ENRZ2,COMPRA,488,89.0724,3.5267,2026-08-07 12:08:54,2026-08-07 12:08:54,2026-08-07 12:08:54
213340,3226,ICSU4,COMPRA,410,114.5020,4.9237,2026-08-07 17:03:47,2026-08-07 17:03:48,2026-08-07 17:03:48
213341,1257,NAOF3,COMPRA,123,54.9709,10.2086,2026-08-07 15:24:37,2026-08-07 15:24:40,2026-08-07 15:24:40
213342,1727,ENRZ2,COMPRA,479,79.7815,12.5261,2026-08-07 10:37:33,2026-08-07 10:37:36,2026-08-07 10:37:36
213343,2841,FIUW1,COMPRA,455,127.7964,12.2574,2026-08-07 11:39:42,2026-08-07 11:39:44,2026-08-07 11:39:44
213344,1606,NHYK8,COMPRA,325,77.0219,12.5705,2026-08-07 13:56:04,2026-08-07 13:56:04,2026-08-07 13:56:04
213345,3460,AYFQ2,COMPRA,320,11.5806,2.9920,2026-08-07 12:06:48,2026-08-07 12:06:49,2026-08-07 12:06:49
213346,2773,FIUW1,COMPRA,485,95.3787,7.6634,2026-08-07 16:55:17,2026-08-07 16:55:20,2026-08-07 16:55:20
213347,3273,XTVW5,COMPRA,170,131.5926,3.7940,2026-08-07 10:10:44,2026-08-07 10:10:47,2026-08-07 10:10:47
213348,2137,ZFBT3,COMPRA,175,84.5017,9.9110,2026-08-07 15:58:24,2026-08-07 15:58:27,2026-08-07 15:58:27
213349,2881,BSDJ7,COMPRA,188,234.6834,7.9305,2026-08-07 10:56:11,2026-08-07 10:56:12,2026-08-07 10:56:12
213350,2574,ACSV1,COMPRA,250,87.5616,6.7627,2026-08-07 12:55:33,2026-08-07 12:55:35,2026-08-07 12:55:35
213351,1938,TVCE9,COMPRA,135,79.9713,8.4174,2026-08-07 10:55:19,2026-08-07 10:55:19,2026-08-07 10:55:19
213352,3411,AAWB3,COMPRA,265,162.0044,6.9014,2026-08-07 10:28:11,2026-08-07 10:28:14,2026-08-07 10:28:14
213353,2559,WXQM6,COMPRA,145,46.5785,4.0809,2026-08-07 17:17:40,2026-08-07 17:17:42,2026-08-07 17:17:42
213354,3036,LQML9,VENDA,328,129.6946,6.0636,2026-08-07 13:13:20,2026-08-07 13:13:21,2026-08-07 13:13:21
213355,1029,IWAK1,COMPRA,485,81.4907,5.7499,2026-08-07 15:54:05,2026-08-07 15:54:05,2026-08-07 15:54:05
213356,1974,PQUT9,COMPRA,132,86.7706,4.2383,2026-08-07 16:07:17,2026-08-07 16:07:18,2026-08-07 16:07:18
213357,3110,MCHX2,COMPRA,55,132.4131,10.0829,2026-08-07 12:57:44,2026-08-07 12:57:44,2026-08-07 12:57:44
213358,1238,RMRT1,COMPRA,415,109.1584,7.2265,2026-08-07 16:17:47,2026-08-07 16:17:50,2026-08-07 16:17:50
213359,3403,GULD2,COMPRA,430,151.1363,1.9729,2026-08-07 15:17:14,2026-08-07 15:17:17,2026-08-07 15:17:17
213360,1805,BGNM6,COMPRA,30,83.2443,9.2924,2026-08-07 15:47:13,2026-08-07 15:47:16,2026-08-07 15:47:16
213361,2073,LQML9,COMPRA,385,116.4043,2.3584,2026-08-07 14:05:22,2026-08-07 14:05:23,2026-08-07 14:05:23
213362,3397,ZHTL2,COMPRA,255,62.6429,0.0450,2026-08-07 12:40:29,2026-08-07 12:40:32,2026-08-07 12:40:32
213363,1834,BSDJ7,COMPRA,95,298.0197,2.0494,2026-08-07 10:55:47,2026-08-07 10:55:49,2026-08-07 10:55:49
213364,1065,WXQM6,COMPRA,40,56.7896,5.7030,2026-08-07 14:44:59,2026-08-07 14:45:01,2026-08-07 14:45:01
213365,1074,PBZM6,COMPRA,390,52.9094,9.4806,2026-08-07 16:26:47,2026-08-07 16:26:49,2026-08-07 16:26:49
213366,2450,HJRH5,COMPRA,240,147.1699,12.0118,2026-08-07 16:02:26,2026-08-07 16:02:27,2026-08-07 16:02:27
213367,1138,ZHTL2,COMPRA,375,78.2177,7.1405,2026-08-07 16:07:36,2026-08-07 16:07:37,2026-08-07 16:07:37
213368,3306,IJJK3,COMPRA,25,132.9907,7.6238,2026-08-07 13:59:26,2026-08-07 13:59:27,2026-08-07 13:59:27
213369,2662,PSEN6,COMPRA,110,177.5215,6.2597,2026-08-07 10:02:34,2026-08-07 10:02:37,2026-08-07 10:02:37
213370,2054,NHYK8,COMPRA,420,66.0007,5.5190,2026-08-07 15:57:05,2026-08-07 15:57:08,2026-08-07 15:57:08
213371,1400,XLZM9,COMPRA,380,47.8626,1.6362,2026-08-07 11:09:38,2026-08-07 11:09:40,2026-08-07 11:09:40
213372,2244,UFIU3,COMPRA,295,75.7794,3.8499,2026-08-07 11:40:55,2026-08-07 11:40:57,2026-08-07 11:40:57
213373,1571,HVEX2,COMPRA,170,116.3923,1.2401,2026-08-07 17:14:14,2026-08-07 17:14:14,2026-08-07 17:14:14
213374,3290,IWFI1,COMPRA,30,132.5469,7.0362,2026-08-07 14:47:30,2026-08-07 14:47:31,2026-08-07 14:47:31
213375,1548,DQSN6,COMPRA,13,116.9028,3.3106,2026-08-07 10:12:49,2026-08-07 10:12:51,2026-08-07 10:12:51
213376,3353,CQIL9,COMPRA,255,42.8069,0.0047,2026-08-07 14:18:50,2026-08-07 14:18:50,2026-08-07 14:18:50
213377,2169,PQUT9,COMPRA,200,85.7856,6.5668,2026-08-07 15:59:47,2026-08-07 15:59:47,2026-08-07 15:59:47
213378,2914,SGBG8,COMPRA,185,96.7723,0.1388,2026-08-07 13:28:08,2026-08-07 13:28:10,2026-08-07 13:28:10
213379,2800,NAOF3,COMPRA,19,55.0892,6.2980,2026-08-07 16:41:43,2026-08-07 16:41:44,2026-08-07 16:41:44
213380,3335,QHFL8,COMPRA,384,121.1416,0.7625,2026-08-07 14:02:59,2026-08-07 14:03:02,2026-08-07 14:03:02
213381,1826,UYFJ9,COMPRA,385,97.2630,11.3565,2026-08-07 10:02:52,2026-08-07 10:02:55,2026-08-07 10:02:55
213382,1596,HCLJ8,COMPRA,230,114.1350,10.7166,2026-08-07 15:43:33,2026-08-07 15:43:34,2026-08-07 15:43:34
213383,2679,PZUP8,COMPRA,225,195.0637,4.4362,2026-08-07 10:21:52,2026-08-07 10:21:55,2026-08-07 10:21:55
213384,3172,ZHTL2,COMPRA,40,59.5504,5.8767,2026-08-07 15:18:38,2026-08-07 15:18:38,2026-08-07 15:18:38
213385,2704,NUJZ2,COMPRA,290,37.2430,10.0401,2026-08-07 16:19:33,2026-08-07 16:19:33,2026-08-07 16:19:33
213386,3247,LIEG8,COMPRA,475,77.0730,5.0046,2026-08-07 12:24:54,2026-08-07 12:24:55,2026-08-07 12:24:55
213387,2600,LIEG8,COMPRA,205,113.6981,2.6228,2026-08-07 10:23:11,2026-08-07 10:23:11,2026-08-07 10:23:11
213388,1112,XAVL3,VENDA,220,190.9498,1.2179,2026-08-07 14:12:05,2026-08-07 14:12:08,2026-08-07 14:12:08
213389,3368,GKQC5,COMPRA,398,115.5058,2.1271,2026-08-07 16:00:59,2026-08-07 16:01:00,2026-08-07 16:01:00
213390,2980,NGIU9,COMPRA,420,120.4162,12.3074,2026-08-07 13:41:24,2026-08-07 13:41:27,2026-08-07 13:41:27
213391,3322,BOCS8,COMPRA,20,75.9577,6.9098,2026-08-07 16:58:41,2026-08-07 16:58:41,2026-08-07 16:58:41
213392,1738,KQEO3,COMPRA,105,68.7051,2.7303,2026-08-07 14:25:57,2026-08-07 14:26:00,2026-08-07 14:26:00
213393,2048,PBZM6,COMPRA,212,51.5438,5.8639,2026-08-07 10:44:21,2026-08-07 10:44:23,2026-08-07 10:44:23
213394,2276,GFDF2,COMPRA,450,91.2871,5.0868,2026-08-07 17:04:28,2026-08-07 17:04:28,2026-08-07 17:04:28
213395,1383,ENRZ2,COMPRA,444,95.5647,5.2941,2026-08-07 16:26:53,2026-08-07 16:26:53,2026-08-07 16:26:53
213396,2971,GULD2,COMPRA,455,114.8015,11.0642,2026-08-07 10:04:37,2026-08-07 10:04:38,2026-08-07 10:04:38
213397,1363,ZYVN7,COMPRA,394,80.5125,8.4452,2026-08-07 10:54:57,2026-08-07 10:54:57,2026-08-07 10:54:57
213398,2960,ZAAS7,COMPRA,457,389.4023,2.3248,2026-08-07 15:14:00,2026-08-07 15:14:00,2026-08-07 15:14:00
213399,2747,KQEO3,COMPRA,230,83.5334,0.2277,2026-08-07 10:44:22,2026-08-07 10:44:22,2026-08-07 10:44:22
213400,3471,QTHQ1,COMPRA,300,19.8028,11.4654,2026-08-07 13:17:17,2026-08-07 13:17:17,2026-08-07 13:17:17
213401,1104,GFDF2,COMPRA,140,91.6526,0.5019,2026-08-07 10:38:04,2026-08-07 10:38:04,2026-08-07 10:38:04
213402,1619,MGRR2,COMPRA,360,132.2693,4.6621,2026-08-07 16:56:41,2026-08-07 16:56:41,2026-08-07 16:56:41
213403,1937,TTHO3,COMPRA,165,42.5332,8.7082,2026-08-07 16:37:30,2026-08-07 16:37:30,2026-08-07 16:37:30
213404,2309,NUJZ2,COMPRA,340,36.1922,7.0017,2026-08-07 15:00:46,2026-08-07 15:00:46,2026-08-07 15:00:46
213405,2611,MGRR2,COMPRA,40,117.2962,9.9279,2026-08-07 15:40:04,2026-08-07 15:40:06,2026-08-07 15:40:06
213406,1346,UQJU7,COMPRA,360,63.9924,3.5226,2026-08-07 14:54:25,2026-08-07 14:54:26,2026-08-07 14:54:26
213407,1360,DSFC9,COMPRA,435,346.3625,3.2627,2026-08-07 12:14:35,2026-08-07 12:14:35,2026-08-07 12:14:35
213408,3399,SGBG8,COMPRA,325,82.1240,3.0090,2026-08-07 16:30:28,2026-08-07 16:30:28,2026-08-07 16:30:28
213409,2548,QHFL8,COMPRA,290,123.2200,10.8068,2026-08-07 10:43:42,2026-08-07 10:43:43,2026-08-07 10:43:43
213410,2560,SGBG8,COMPRA,150,91.1387,9.4027,2026-08-07 14:38:19,2026-08-07 14:38:21,2026-08-07 14:38:21
213411,1436,RHXV4,COMPRA,400,65.4397,5.3251,2026-08-07 16:35:08,2026-08-07 16:35:10,2026-08-07 16:35:10
213412,2330,BGNM6,COMPRA,75,91.8642,9.4738,2026-08-07 13:13:58,2026-08-07 13:14:00,2026-08-07 13:14:00
213413,2498,NQYT3,COMPRA,475,74.0759,12.4423,2026-08-07 16:14:53,2026-08-07 16:14:54,2026-08-07 16:14:54
213414,1384,DEGN5,VENDA,190,102.9295,9.2274,2026-08-07 10:52:50,2026-08-07 10:52:51,2026-08-07 10:52:51
213415,1430,UFMA7,COMPRA,420,125.2995,8.2739,2026-08-07 10:39:26,2026-08-07 10:39:27,2026-08-07 10:39:27
213416,2022,GULD2,COMPRA,445,109.8992,12.6580,2026-08-07 17:02:44,2026-08-07 17:02:46,2026-08-07 17:02:46
213417,2438,GULD2,COMPRA,495,168.3236,4.3247,2026-08-07 10:46:17,2026-08-07 10:46:19,2026-08-07 10:46:19
213418,3133,JJVW6,COMPRA,325,165.8197,6.4608,2026-08-07 10:30:27,2026-08-07 10:30:30,2026-08-07 10:30:30
213419,2779,DMTZ8,COMPRA,360,175.7925,10.1039,2026-08-07 17:27:23,2026-08-07 17:27:25,2026-08-07 17:27:25
213420,3249,RFNS7,COMPRA,285,107.5014,1.0381,2026-08-07 15:51:59,2026-08-07 15:52:01,2026-08-07 15:52:01
213421,1862,KQEO3,COMPRA,175,88.5551,2.8806,2026-08-07 15:58:51,2026-08-07 15:58:52,2026-08-07 15:58:52
213422,1381,UQIQ7,COMPRA,415,90.1702,3.8293,2026-08-07 10:17:21,2026-08-07 10:17:22,2026-08-07 10:17:22
213423,1152,BOCS8,COMPRA,266,61.8330,4.4472,2026-08-07 16:35:15,2026-08-07 16:35:18,2026-08-07 16:35:18
213424,2139,QQQS1,COMPRA,225,27.6074,1.7936,2026-08-07 11:31:46,2026-08-07 11:31:46,2026-08-07 11:31:46
213425,2371,FYZB6,VENDA,100,54.3031,11.5433,2026-08-07 14:38:09,2026-08-07 14:38:12,2026-08-07 14:38:12
213426,2033,YCCK8,COMPRA,40,424.1931,9.9946,2026-08-07 14:54:13,2026-08-07 14:54:16,2026-08-07 14:54:16
213427,1365,FRGH8,COMPRA,415,88.0736,4.3649,2026-08-07 10:52:05,2026-08-07 10:52:08,2026-08-07 10:52:08
213428,1782,RMRT1,COMPRA,15,103.4226,7.8732,2026-08-07 13:57:39,2026-08-07 13:57:39,2026-08-07 13:57:39
213429,3414,OXVD8,COMPRA,235,66.6899,5.0509,2026-08-07 16:24:42,2026-08-07 16:24:45,2026-08-07 16:24:45
213430,3046,DSFC9,COMPRA,5,337.7815,10.6074,2026-08-07 10:41:30,2026-08-07 10:41:32,2026-08-07 10:41:32
213431,1466,TVCE9,COMPRA,267,78.2641,4.4726,2026-08-07 10:43:06,2026-08-07 10:43:08,2026-08-07 10:43:08
213432,2423,ACSV1,COMPRA,120,105.1904,11.2062,2026-08-07 12:55:13,2026-08-07 12:55:13,2026-08-07 12:55:13
213433,3037,DSFC9,COMPRA,440,419.4633,1.5885,2026-08-07 17:15:33,2026-08-07 17:15:33,2026-08-07 17:15:33
213434,1148,ECQD7,COMPRA,245,96.4834,10.8453,2026-08-07 12:18:35,2026-08-07 12:18:36,2026-08-07 12:18:36
213435,2425,CQIL9,VENDA,3,45.4618,4.9382,2026-08-07 17:01:17,2026-08-07 17:01:19,2026-08-07 17:01:19
213436,1772,YIHC3,COMPRA,364,50.4289,,2026-08-07 13:28:10,2026-08-07 13:28:12,2026-08-07 13:28:12
213437,3149,UFIU3,COMPRA,60,88.6047,12.6654,2026-08-07 10:35:32,2026-08-07 10:35:35,2026-08-07 10:35:35
213438,1332,DMTZ8,COMPRA,85,156.5380,8.4740,2026-08-07 16:08:08,2026-08-07 16:08:11,2026-08-07 16:08:11
213439,3305,GULD2,COMPRA,320,139.0897,,2026-08-07 14:28:54,2026-08-07 14:28:56,2026-08-07 14:28:56
213440,1598,ZYVN7,COMPRA,315,69.0434,7.4963,2026-08-07 13:34:31,2026-08-07 13:34:31,2026-08-07 13:34:31
213441,2519,ENRZ2,COMPRA,360,81.3026,4.1253,2026-08-07 11:38:19,2026-08-07 11:38:20,2026-08-07 11:38:20
213442,3359,JJVW6,COMPRA,220,155.3235,11.6110,2026-08-07 10:17:25,2026-08-07 10:17:25,2026-08-07 10:17:25
213443,2473,TXHR8,VENDA,210,69.1000,0.5971,2026-08-07 13:01:01,2026-08-07 13:01:04,2026-08-07 13:01:04
213444,1781,XPVA7,COMPRA,290,418.4539,12.4932,2026-08-07 11:53:33,2026-08-07 11:53:36,2026-08-07 11:53:36
213445,2835,EEYY9,COMPRA,380,129.4745,11.7589,2026-08-07 14:49:59,2026-08-07 14:50:00,2026-08-07 14:50:00
213446,2611,BOCS8,COMPRA,435,63.1877,9.7140,2026-08-07 16:55:47,2026-08-07 16:55:49,2026-08-07 16:55:49
213447,3188,IWFI1,COMPRA,200,202.1556,1.7892,2026-08-07 15:44:31,2026-08-07 15:44:34,2026-08-07 15:44:34
213448,1990,DSFC9,COMPRA,90,415.2693,0.3645,2026-08-07 12:26:04,2026-08-07 12:26:06,2026-08-07 12:26:06
213449,1520,ACSV1,COMPRA,230,86.6673,12.3579,2026-08-07 12:37:47,2026-08-07 12:37:50,2026-08-07 12:37:50
213450,1961,DEGN5,COMPRA,130,86.9542,5.8468,2026-08-07 12:43:48,2026-08-07 12:43:48,2026-08-07 12:43:48
213451,1112,RHXV4,COMPRA,20,68.4722,4.6040,2026-08-07 12:50:32,2026-08-07 12:50:33,2026-08-07 12:50:33
213452,1472,QEUC2,VENDA,417,211.4774,8.3592,2026-08-07 13:07:32,2026-08-07 13:07:34,2026-08-07 13:07:34
213453,2254,JIPA6,COMPRA,425,37.0448,0.9089,2026-08-07 15:25:46,2026-08-07 15:25:47,2026-08-07 15:25:47
213454,2372,ZHTL2,COMPRA,415,71.3059,6.5289,2026-08-07 14:29:05,2026-08-07 14:29:07,2026-08-07 14:29:07
213455,2245,QATW7,VENDA,100,38.6075,9.0939,2026-08-07 16:20:55,2026-08-07 16:20:58,2026-08-07 16:20:58
213456,1253,UVEY5,COMPRA,110,78.6416,6.6054,2026-08-07 12:56:09,2026-08-07 12:56:09,2026-08-07 12:56:09
213457,2751,YFAH5,COMPRA,430,126.6523,0.7810,2026-08-07 10:06:16,2026-08-07 10:06:18,2026-08-07 10:06:18
213458,2174,JDJG6,COMPRA,315,70.5043,4.8479,2026-08-07 10:40:48,2026-08-07 10:40:49,2026-08-07 10:40:49
213459,2561,MCHX2,COMPRA,150,94.1348,10.8894,2026-08-07 10:32:10,2026-08-07 10:32:11,2026-08-07 10:32:11
213460,2805,SUZL4,COMPRA,405,122.9364,11.8855,2026-08-07 16:49:53,2026-08-07 16:49:55,2026-08-07 16:49:55
213461,2010,XLZM9,COMPRA,315,42.4721,1.1968,2026-08-07 15:15:54,2026-08-07 15:15:54,2026-08-07 15:15:54
213462,1770,YIHC3,COMPRA,24,54.7686,8.1832,2026-08-07 13:41:18,2026-08-07 13:41:19,2026-08-07 13:41:19
213463,1221,NGIU9,COMPRA,250,130.1311,2.1302,2026-08-07 13:27:28,2026-08-07 13:27:29,2026-08-07 13:27:29
213464,1049,MOLF3,COMPRA,408,61.5367,3.8442,2026-08-07 13:25:25,2026-08-07 13:25:25,2026-08-07 13:25:25
213465,3473,QTDZ2,COMPRA,275,56.3414,1.0499,2026-08-07 11:11:27,2026-08-07 11:11:27,2026-08-07 11:11:27
213466,3184,LGKU6,COMPRA,470,76.0654,1.6103,2026-08-07 15:28:48,2026-08-07 15:28:50,2026-08-07 15:28:50
213467,2741,RIET5,COMPRA,100,123.0018,1.0337,2026-08-07 12:59:10,2026-08-07 12:59:13,2026-08-07 12:59:13
213468,3062,JIPR4,COMPRA,370,40.7972,8.0216,2026-08-07 17:01:21,2026-08-07 17:01:21,2026-08-07 17:01:21
213469,1388,YFAH5,COMPRA,430,161.0196,6.3892,2026-08-07 10:26:07,2026-08-07 10:26:10,2026-08-07 10:26:10
213470,1121,SVOZ4,COMPRA,405,44.2187,3.8836,2026-08-07 17:07:11,2026-08-07 17:07:12,2026-08-07 17:07:12
213471,2236,MCMT2,COMPRA,295,75.0200,,2026-08-07 16:28:08,2026-08-07 16:28:09,2026-08-07 16:28:09
213472,3035,MCHX2,COMPRA,105,99.0331,6.5533,2026-08-07 13:20:49,2026-08-07 13:20:49,2026-08-07 13:20:49
213473,2264,MGRR2,COMPRA,480,139.4882,5.9226,2026-08-07 15:42:07,2026-08-07 15:42:08,2026-08-07 15:42:08
213474,2826,TXHR8,COMPRA,415,106.0959,1.4783,2026-08-07 14:53:35,2026-08-07 14:53:36,2026-08-07 14:53:36
213475,1950,HCLJ8,COMPRA,230,123.8290,0.9765,2026-08-07 11:15:58,2026-08-07 11:15:58,2026-08-07 11:15:58
213476,1698,FRGH8,COMPRA,45,76.1905,5.4917,2026-08-07 16:54:24,2026-08-07 16:54:25,2026-08-07 16:54:25
213477,1379,XAVL3,COMPRA,400,220.5802,7.6270,2026-08-07 10:37:39,2026-08-07 10:37:40,2026-08-07 10:37:40
213478,1425,UCHR6,COMPRA,50,365.7328,9.9651,2026-08-07 16:49:32,2026-08-07 16:49:35,2026-08-07 16:49:35
213479,1725,NREP8,COMPRA,475,98.0395,11.7879,2026-08-07 12:22:10,2026-08-07 12:22:10,2026-08-07 12:22:10
213480,3178,ZFBT3,COMPRA,106,122.6557,3.5201,2026-08-07 10:48:29,2026-08-07 10:48:30,2026-08-07 10:48:30
213481,1243,OVYL9,COMPRA,345,71.3923,0.3106,2026-08-07 10:25:39,2026-08-07 10:25:42,2026-08-07 10:25:42
213482,1400,YOWA1,COMPRA,475,45.1997,11.2498,2026-08-07 16:03:43,2026-08-07 16:03:46,2026-08-07 16:03:46
213483,1318,UQIQ7,COMPRA,364,72.5285,12.2760,2026-08-07 11:41:31,2026-08-07 11:41:31,2026-08-07 11:41:31
213484,1061,SVOZ4,COMPRA,79,46.1024,7.1172,2026-08-07 11:49:24,2026-08-07 11:49:24,2026-08-07 11:49:24
213485,2894,NQYT3,COMPRA,175,60.3264,5.0707,2026-08-07 11:03:28,2026-08-07 11:03:30,2026-08-07 11:03:30
213486,2336,NAOF3,COMPRA,115,73.5505,6.8184,2026-08-07 17:05:45,2026-08-07 17:05:47,2026-08-07 17:05:47
213487,2553,PZUP8,COMPRA,400,175.3259,5.9092,2026-08-07 12:01:53,2026-08-07 12:01:56,2026-08-07 12:01:56
213488,1640,OEQA8,COMPRA,375,536.4014,8.6864,2026-08-07 14:33:14,2026-08-07 14:33:14,2026-08-07 14:33:14
213489,2963,NYGT6,COMPRA,265,94.4516,11.1493,2026-08-07 16:08:39,2026-08-07 16:08:42,2026-08-07 16:08:42
213490,1681,ENRZ2,COMPRA,450,85.4237,7.4301,2026-08-07 10:29:07,2026-08-07 10:29:07,2026-08-07 10:29:07
213491,2052,ZFBT3,COMPRA,10,128.3185,5.9624,2026-08-07 11:26:40,2026-08-07 11:26:42,2026-08-07 11:26:42
213492,2922,NREP8,COMPRA,375,126.7075,3.0401,2026-08-07 10:35:24,2026-08-07 10:35:24,2026-08-07 10:35:24
213493,1746,JJVW6,COMPRA,115,146.7035,8.7983,2026-08-07 12:02:59,2026-08-07 12:03:01,2026-08-07 12:03:01
213494,3110,PQUT9,COMPRA,402,77.7870,8.3840,2026-08-07 10:04:41,2026-08-07 10:04:43,2026-08-07 10:04:43
213495,1739,ZYVN7,COMPRA,19,70.4889,2.6096,2026-08-07 10:53:21,2026-08-07 10:53:21,2026-08-07 10:53:21
213496,2085,RHXV4,COMPRA,457,60.2789,8.0511,2026-08-07 11:47:33,2026-08-07 11:47:34,2026-08-07 11:47:34
213497,3070,YIHC3,COMPRA,40,59.2275,11.9784,2026-08-07 13:23:06,2026-08-07 13:23:06,2026-08-07 13:23:06
213498,1651,XOVY4,COMPRA,405,124.0241,12.7660,2026-08-07 12:30:53,2026-08-07 12:30:53,2026-08-07 12:30:53
213499,3200,HVEX2,COMPRA,467,111.0134,5.0038,2026-08-07 10:44:17,2026-08-07 10:44:20,2026-08-07 10:44:20
213500,3178,ZHTL2,COMPRA,5,75.0039,0.9272,2026-08-07 11:04:18,2026-08-07 11:04:19,2026-08-07 11:04:19
213501,1869,HCZM2,COMPRA,175,522.0398,5.2777,2026-08-07 10:11:30,2026-08-07 10:11:31,2026-08-07 10:11:31
213502,1187,UVEY5,COMPRA,236,85.0981,7.5965,2026-08-07 14:04:14,2026-08-07 14:04:16,2026-08-07 14:04:16
213503,2688,RMRT1,COMPRA,480,114.9304,3.6644,2026-08-07 11:34:17,2026-08-07 11:34:17,2026-08-07 11:34:17
213504,2836,TNHT4,COMPRA,365,115.5589,5.2131,2026-08-07 16:16:24,2026-08-07 16:16:25,2026-08-07 16:16:25
213505,3228,UCHR6,COMPRA,130,474.5111,6.9035,2026-08-07 17:04:42,2026-08-07 17:04:43,2026-08-07 17:04:43
213506,1620,XPVA7,COMPRA,45,418.1029,4.4440,2026-08-07 13:44:24,2026-08-07 13:44:25,2026-08-07 13:44:25
213507,1744,ENRZ2,COMPRA,10,76.9523,9.0191,2026-08-07 13:38:22,2026-08-07 13:38:22,2026-08-07 13:38:22
213508,2222,QQQS1,COMPRA,65,17.3400,5.4711,2026-08-07 12:50:11,2026-08-07 12:50:12,2026-08-07 12:50:12
213509,2129,BGNM6,COMPRA,370,116.5031,0.0341,2026-08-07 16:50:35,2026-08-07 16:50:35,2026-08-07 16:50:35
213510,2894,DEGN5,COMPRA,405,67.5591,5.5853,2026-08-07 13:34:49,2026-08-07 13:34:49,2026-08-07 13:34:49
213511,2948,ZAAS7,COMPRA,280,435.9637,2.3554,2026-08-07 15:08:52,2026-08-07 15:08:55,2026-08-07 15:08:55
213512,1703,FIUW1,COMPRA,25,82.8775,8.0785,2026-08-07 11:57:10,2026-08-07 11:57:10,2026-08-07 11:57:10
213513,1203,ZYVN7,COMPRA,165,80.0165,9.8418,2026-08-07 14:40:59,2026-08-07 14:41:02,2026-08-07 14:41:02
213514,2524,BOCS8,COMPRA,390,53.4682,10.9443,2026-08-07 16:54:28,2026-08-07 16:54:29,2026-08-07 16:54:29
213515,2639,KHGP6,COMPRA,110,106.3500,11.5438,2026-08-07 12:51:55,2026-08-07 12:51:55,2026-08-07 12:51:55
213516,1261,JDJG6,COMPRA,91,81.3064,12.3657,2026-08-07 13:22:40,2026-08-07 13:22:43,2026-08-07 13:22:43
213517,1122,FYZB6,COMPRA,340,55.5371,9.1492,2026-08-07 16:55:48,2026-08-07 16:55:51,2026-08-07 16:55:51
213518,2685,SUZL4,COMPRA,190,142.8117,3.6915,2026-08-07 12:22:14,2026-08-07 12:22:14,2026-08-07 12:22:14
213519,1596,TXHR8,COMPRA,121,82.9277,8.8783,2026-08-07 14:39:40,2026-08-07 14:39:42,2026-08-07 14:39:42
213520,2560,QTHQ1,COMPRA,85,17.8451,1.1880,2026-08-07 10:37:29,2026-08-07 10:37:30,2026-08-07 10:37:30
213521,2738,DGBT6,COMPRA,429,104.7153,11.3969,2026-08-07 10:04:02,2026-08-07 10:04:02,2026-08-07 10:04:02
213522,3303,FIUW1,COMPRA,461,118.7196,7.4016,2026-08-07 16:40:00,2026-08-07 16:40:03,2026-08-07 16:40:03
213523,1185,UQIQ7,COMPRA,310,98.2176,1.0150,2026-08-07 13:08:18,2026-08-07 13:08:18,2026-08-07 13:08:18
213524,2168,AAUA7,COMPRA,450,161.7779,4.0998,2026-08-07 10:11:10,2026-08-07 10:11:11,2026-08-07 10:11:11
213525,2501,BXFJ9,COMPRA,55,139.9836,5.2205,2026-08-07 11:55:28,2026-08-07 11:55:31,2026-08-07 11:55:31
213526,3250,JDJG6,COMPRA,350,87.5770,10.6284,2026-08-07 11:23:19,2026-08-07 11:23:19,2026-08-07 11:23:19
213527,2066,QATW7,COMPRA,207,57.5360,2.2683,2026-08-07 10:40:41,2026-08-07 10:40:44,2026-08-07 10:40:44
213528,2806,ENRZ2,COMPRA,320,106.0628,12.7380,2026-08-07 11:12:54,2026-08-07 11:12:54,2026-08-07 11:12:54
213529,2314,DMTZ8,COMPRA,60,188.0535,9.2438,2026-08-07 12:25:44,2026-08-07 12:25:47,2026-08-07 12:25:47
213530,1904,LIEG8,COMPRA,165,89.3287,8.9239,2026-08-07 14:28:06,2026-08-07 14:28:09,2026-08-07 14:28:09
213531,1738,ZHTL2,COMPRA,105,59.9159,1.5447,2026-08-07 11:58:10,2026-08-07 11:58:11,2026-08-07 11:58:11
213532,2880,MCHX2,COMPRA,495,140.1537,5.3614,2026-08-07 13:15:12,2026-08-07 13:15:15,2026-08-07 13:15:15
213533,3219,WIPB2,COMPRA,433,84.6374,7.9980,2026-08-07 15:34:02,2026-08-07 15:34:05,2026-08-07 15:34:05
213534,3299,YFAH5,COMPRA,182,126.3602,10.2681,2026-08-07 11:49:00,2026-08-07 11:49:01,2026-08-07 11:49:01
213535,3237,MCHX2,COMPRA,95,85.5189,9.0898,2026-08-07 10:41:16,2026-08-07 10:41:16,2026-08-07 10:41:16
213536,2703,YYLA4,COMPRA,80,227.9883,3.0713,2026-08-07 12:50:06,2026-08-07 12:50:07,2026-08-07 12:50:07
213537,1017,QEUC2,COMPRA,385,168.2418,5.0983,2026-08-07 11:23:34,2026-08-07 11:23:35,2026-08-07 11:23:35
213538,2170,PZUP8,COMPRA,145,126.3781,3.6624,2026-08-07 14:39:02,2026-08-07 14:39:04,2026-08-07 14:39:04
213539,1857,RYPL6,COMPRA,330,70.2566,6.3713,2026-08-07 12:42:58,2026-08-07 12:42:58,2026-08-07 12:42:58
213540,2801,MOLF3,COMPRA,155,52.8948,5.6448,2026-08-07 12:03:41,2026-08-07 12:03:41,2026-08-07 12:03:41
213541,2207,RMRT1,COMPRA,145,119.2889,7.8543,2026-08-07 15:36:05,2026-08-07 15:36:06,2026-08-07 15:36:06
213542,2399,DSFC9,COMPRA,310,426.3365,12.2007,2026-08-07 14:06:25,2026-08-07 14:06:27,2026-08-07 14:06:27
213543,3209,OVYL9,COMPRA,180,82.3071,2.4976,2026-08-07 14:02:17,2026-08-07 14:02:18,2026-08-07 14:02:18
213544,2062,NHYK8,COMPRA,167,73.3211,11.9963,2026-08-07 12:39:42,2026-08-07 12:39:45,2026-08-07 12:39:45
213545,2419,WMQZ6,COMPRA,25,89.7068,0.9623,2026-08-07 15:05:19,2026-08-07 15:05:21,2026-08-07 15:05:21
213546,3216,IWAK1,COMPRA,405,94.8352,5.7006,2026-08-07 15:37:32,2026-08-07 15:37:33,2026-08-07 15:37:33
213547,2957,PQUT9,COMPRA,370,83.0227,3.1418,2026-08-07 10:13:52,2026-08-07 10:13:53,2026-08-07 10:13:53
213548,2424,NWGB4,COMPRA,201,108.0433,9.2703,2026-08-07 16:30:52,2026-08-07 16:30:55,2026-08-07 16:30:55
213549,1691,SVOZ4,COMPRA,85,38.2980,12.3821,2026-08-07 15:17:06,2026-08-07 15:17:07,2026-08-07 15:17:07
213550,2172,HCLJ8,COMPRA,380,128.8679,7.1930,2026-08-07 15:29:10,2026-08-07 15:29:11,2026-08-07 15:29:11
213551,3100,YCCK8,COMPRA,25,357.1524,0.6161,2026-08-07 17:26:09,2026-08-07 17:26:09,2026-08-07 17:26:09
213552,3189,YCCK8,COMPRA,145,457.7433,0.6615,2026-08-07 14:57:50,2026-08-07 14:57:51,2026-08-07 14:57:51
213553,3174,LGKU6,COMPRA,410,92.3147,12.5536,2026-08-07 16:05:13,2026-08-07 16:05:14,2026-08-07 16:05:14
213554,2546,YOWA1,COMPRA,107,59.1734,5.8162,2026-08-07 14:54:41,2026-08-07 14:54:44,2026-08-07 14:54:44
213555,1011,ECQD7,COMPRA,275,80.7650,2.5326,2026-08-07 11:25:24,2026-08-07 11:25:27,2026-08-07 11:25:27
213556,3090,DEGN5,COMPRA,270,77.2447,3.1765,2026-08-07 10:24:30,2026-08-07 10:24:32,2026-08-07 10:24:32
213557,3483,SRDU1,COMPRA,220,70.3806,12.2296,2026-08-07 12:08:41,2026-08-07 12:08:42,2026-08-07 12:08:42
213558,1116,UFIU3,COMPRA,410,72.2887,2.0972,2026-08-07 16:11:56,2026-08-07 16:11:59,2026-08-07 16:11:59
213559,1206,GFDF2,COMPRA,410,96.5204,8.9263,2026-08-07 13:12:24,2026-08-07 13:12:24,2026-08-07 13:12:24
213560,3436,AAUA7,COMPRA,220,121.9159,8.7619,2026-08-07 16:50:07,2026-08-07 16:50:09,2026-08-07 16:50:09
213561,1502,WIPB2,COMPRA,468,107.3735,3.9700,2026-08-07 15:02:21,2026-08-07 15:02:24,2026-08-07 15:02:24
213562,1652,ERTC4,COMPRA,50,59.7714,11.6482,2026-08-07 11:27:58,2026-08-07 11:28:01,2026-08-07 11:28:01
213563,1655,XTVW5,VENDA,250,80.7817,5.6132,2026-08-07 13:26:45,2026-08-07 13:26:45,2026-08-07 13:26:45
213564,2779,LQML9,COMPRA,113,162.4901,11.5912,2026-08-07 12:42:43,2026-08-07 12:42:44,2026-08-07 12:42:44
213565,3419,KHGP6,COMPRA,30,96.0029,8.4490,2026-08-07 16:09:25,2026-08-07 16:09:26,2026-08-07 16:09:26
213566,1960,QATW7,COMPRA,155,38.6632,5.4233,2026-08-07 10:39:27,2026-08-07 10:39:28,2026-08-07 10:39:28
213567,1806,OEQA8,COMPRA,170,461.7084,6.6165,2026-08-07 15:27:31,2026-08-07 15:27:33,2026-08-07 15:27:33
213568,3226,XTVW5,COMPRA,113,116.4231,3.4756,2026-08-07 16:19:27,2026-08-07 16:19:28,2026-08-07 16:19:28
213569,1556,NPEM3,COMPRA,134,85.3726,2.0012,2026-08-07 12:53:44,2026-08-07 12:53:45,2026-08-07 12:53:45
213570,2790,GAKD5,COMPRA,175,328.1723,11.9419,2026-08-07 14:53:58,2026-08-07 14:53:58,2026-08-07 14:53:58
213571,2138,JIPA6,COMPRA,260,33.5633,10.1855,2026-08-07 13:52:50,2026-08-07 13:52:52,2026-08-07 13:52:52
213572,1246,GFDF2,COMPRA,275,79.6454,2.8131,2026-08-07 10:45:24,2026-08-07 10:45:27,2026-08-07 10:45:27
213573,3315,HCZM2,COMPRA,110,345.3963,6.6701,2026-08-07 10:06:13,2026-08-07 10:06:13,2026-08-07 10:06:13
213574,1611,NREP8,COMPRA,145,122.1803,8.4038,2026-08-07 13:58:17,2026-08-07 13:58:19,2026-08-07 13:58:19
213575,1138,GKQC5,COMPRA,23,157.7785,6.6438,2026-08-07 12:35:45,2026-08-07 12:35:46,2026-08-07 12:35:46
213576,3132,QTHQ1,COMPRA,75,17.4015,3.2117,2026-08-07 13:42:24,2026-08-07 13:42:24,2026-08-07 13:42:24
213577,1420,HCZM2,COMPRA,175,473.6844,3.8725,2026-08-07 12:31:10,2026-08-07 12:31:12,2026-08-07 12:31:12
213578,3026,IJJK3,VENDA,175,116.7093,9.9110,2026-08-07 11:05:01,2026-08-07 11:05:04,2026-08-07 11:05:04
213579,2556,AAUA7,COMPRA,420,167.1794,8.5252,2026-08-07 17:11:11,2026-08-07 17:11:13,2026-08-07 17:11:13
213580,1051,DEGN5,COMPRA,40,88.7711,1.7143,2026-08-07 12:51:32,2026-08-07 12:51:33,2026-08-07 12:51:33
213581,1392,KHGP6,COMPRA,35,112.9619,12.6981,2026-08-07 10:09:50,2026-08-07 10:09:52,2026-08-07 10:09:52
213582,2583,ENRZ2,COMPRA,205,122.5836,12.0578,2026-08-07 12:54:35,2026-08-07 12:54:38,2026-08-07 12:54:38
213583,1216,IPXK2,COMPRA,215,350.3254,8.2064,2026-08-07 13:23:52,2026-08-07 13:23:53,2026-08-07 13:23:53
213584,1816,QTDZ2,VENDA,200,43.2286,5.5168,2026-08-07 10:02:31,2026-08-07 10:02:32,2026-08-07 10:02:32
213585,2966,JIPR4,COMPRA,230,34.4815,2.3646,2026-08-07 15:32:44,2026-08-07 15:32:45,2026-08-07 15:32:45
213586,1439,UQJU7,COMPRA,490,60.0000,3.8334,2026-08-07 17:21:03,2026-08-07 17:21:05,2026-08-07 17:21:05
213587,1727,JIPR4,COMPRA,153,37.7104,10.0487,2026-08-07 16:50:22,2026-08-07 16:50:22,2026-08-07 16:50:22
213588,1318,DQSN6,COMPRA,365,117.2321,5.5022,2026-08-07 13:58:32,2026-08-07 13:58:32,2026-08-07 13:58:32
213589,1342,DSFC9,COMPRA,497,453.2257,10.1525,2026-08-07 14:47:42,2026-08-07 14:47:45,2026-08-07 14:47:45
213590,1798,UFMA7,COMPRA,440,128.6545,10.4311,2026-08-07 15:58:52,2026-08-07 15:58:53,2026-08-07 15:58:53
213591,2709,QATW7,COMPRA,190,48.2779,8.4063,2026-08-07 12:26:05,2026-08-07 12:26:08,2026-08-07 12:26:08
213592,1634,IJJK3,COMPRA,290,123.2912,11.1964,2026-08-07 16:27:53,2026-08-07 16:27:54,2026-08-07 16:27:54
213593,3437,AAUA7,COMPRA,270,142.5549,6.5399,2026-08-07 14:20:00,2026-08-07 14:20:01,2026-08-07 14:20:01
213594,2126,CQJZ4,COMPRA,405,68.8680,5.0054,2026-08-07 15:00:15,2026-08-07 15:00:17,2026-08-07 15:00:17
213595,2565,ENRZ2,COMPRA,205,115.8252,11.7326,2026-08-07 15:32:17,2026-08-07 15:32:18,2026-08-07 15:32:18
213596,2496,GULD2,COMPRA,226,173.9839,2.3593,2026-08-07 11:17:41,2026-08-07 11:17:42,2026-08-07 11:17:42
213597,3325,JUDG8,COMPRA,375,107.6939,1.4021,2026-08-07 10:10:29,2026-08-07 10:10:31,2026-08-07 10:10:31
213598,1997,TTHO3,COMPRA,285,39.4391,10.5032,2026-08-07 16:18:47,2026-08-07 16:18:50,2026-08-07 16:18:50
213599,2211,HJRH5,COMPRA,275,131.7887,8.9695,2026-08-07 13:53:59,2026-08-07 13:54:01,2026-08-07 13:54:01
213600,3370,NPEM3,COMPRA,425,106.3181,12.3731,2026-08-07 16:20:53,2026-08-07 16:20:53,2026-08-07 16:20:53
213601,1881,LIEG8,COMPRA,360,99.4080,4.5295,2026-08-07 13:32:38,2026-08-07 13:32:40,2026-08-07 13:32:40
213602,2126,TBWG2,COMPRA,235,73.4780,11.8109,2026-08-07 16:03:40,2026-08-07 16:03:43,2026-08-07 16:03:43
213603,2428,PZUP8,COMPRA,290,123.1714,2.6259,2026-08-07 16:20:31,2026-08-07 16:20:33,2026-08-07 16:20:33
213604,1616,QYBV3,COMPRA,158,74.5600,2.8626,2026-08-07 15:03:50,2026-08-07 15:03:53,2026-08-07 15:03:53
213605,2655,ZYVN7,COMPRA,319,60.0000,10.6211,2026-08-07 16:46:32,2026-08-07 16:46:35,2026-08-07 16:46:35
213606,3420,HJRH5,COMPRA,390,147.4011,6.9518,2026-08-07 15:21:20,2026-08-07 15:21:22,2026-08-07 15:21:22
213607,2876,BGNM6,COMPRA,470,128.0548,3.2300,2026-08-07 12:05:27,2026-08-07 12:05:29,2026-08-07 12:05:29
213608,2050,LCCH9,COMPRA,375,9.4965,8.3280,2026-08-07 10:18:08,2026-08-07 10:18:10,2026-08-07 10:18:10
213609,1175,CQIL9,COMPRA,25,45.6746,3.1686,2026-08-07 12:09:38,2026-08-07 12:09:39,2026-08-07 12:09:39
213610,1249,AAUA7,COMPRA,405,128.3101,2.9578,2026-08-07 10:31:13,2026-08-07 10:31:15,2026-08-07 10:31:15
213611,1335,NYGT6,COMPRA,490,101.3433,10.1017,2026-08-07 16:52:38,2026-08-07 16:52:39,2026-08-07 16:52:39
213612,3450,KQEO3,COMPRA,335,71.7882,7.4703,2026-08-07 11:46:14,2026-08-07 11:46:16,2026-08-07 11:46:16
213613,2409,LCCH9,COMPRA,175,6.8088,4.1612,2026-08-07 13:51:36,2026-08-07 13:51:36,2026-08-07 13:51:36
213614,3414,WIPB2,COMPRA,90,87.3091,9.8538,2026-08-07 12:03:14,2026-08-07 12:03:17,2026-08-07 12:03:17
213615,2712,AYFQ2,COMPRA,390,9.8690,2.9650,2026-08-07 12:27:39,2026-08-07 12:27:42,2026-08-07 12:27:42
213616,2407,QEUC2,VENDA,155,214.2725,0.9381,2026-08-07 11:56:40,2026-08-07 11:56:41,2026-08-07 11:56:41
213617,1392,SGBG8,COMPRA,210,65.5011,4.4352,2026-08-07 12:15:16,2026-08-07 12:15:18,2026-08-07 12:15:18
213618,3274,ACSV1,COMPRA,65,98.3299,7.0225,2026-08-07 12:02:20,2026-08-07 12:02:20,2026-08-07 12:02:20
213619,2459,JIPR4,COMPRA,140,40.8584,2.3475,2026-08-07 17:17:22,2026-08-07 17:17:25,2026-08-07 17:17:25
213620,3284,AYFQ2,COMPRA,465,12.0805,8.4853,2026-08-07 15:26:04,2026-08-07 15:26:05,2026-08-07 15:26:05
213621,2027,PZUP8,COMPRA,2,173.5964,7.6904,2026-08-07 16:38:06,2026-08-07 16:38:09,2026-08-07 16:38:09
213622,3243,XTVW5,COMPRA,35,92.3026,0.6945,2026-08-07 13:01:53,2026-08-07 13:01:54,2026-08-07 13:01:54
213623,1825,CQJZ4,COMPRA,233,93.5138,5.7310,2026-08-07 12:51:59,2026-08-07 12:52:02,2026-08-07 12:52:02
213624,3210,HCLJ8,COMPRA,265,91.5158,5.1398,2026-08-07 10:44:45,2026-08-07 10:44:45,2026-08-07 10:44:45
213625,2875,LGKU6,COMPRA,490,61.6521,8.7235,2026-08-07 12:41:49,2026-08-07 12:41:50,2026-08-07 12:41:50
213626,2866,UFMA7,COMPRA,185,205.0920,4.6610,2026-08-07 14:05:38,2026-08-07 14:05:38,2026-08-07 14:05:38
213627,2969,TXHR8,COMPRA,445,69.3452,11.0219,2026-08-07 16:02:03,2026-08-07 16:02:05,2026-08-07 16:02:05
213628,1612,UQIQ7,COMPRA,75,78.4400,5.9016,2026-08-07 15:20:38,2026-08-07 15:20:39,2026-08-07 15:20:39
213629,1929,ACSV1,COMPRA,275,124.1621,4.4658,2026-08-07 17:07:15,2026-08-07 17:07:16,2026-08-07 17:07:16
213630,2133,XPVA7,COMPRA,75,575.5248,11.0485,2026-08-07 13:18:49,2026-08-07 13:18:49,2026-08-07 13:18:49
213631,3408,DGBT6,VENDA,452,101.0088,7.5391,2026-08-07 16:42:48,2026-08-07 16:42:50,2026-08-07 16:42:50
213632,3381,XPVA7,COMPRA,155,360.4758,11.4967,2026-08-07 14:08:29,2026-08-07 14:08:31,2026-08-07 14:08:31
213633,2466,QQQS1,COMPRA,95,26.1107,0.1412,2026-08-07 14:14:07,2026-08-07 14:14:07,2026-08-07 14:14:07
213634,2483,UQJU7,COMPRA,195,86.6806,0.4104,2026-08-07 15:51:49,2026-08-07 15:51:52,2026-08-07 15:51:52
213635,1250,NREP8,COMPRA,335,138.1167,1.0948,2026-08-07 15:01:03,2026-08-07 15:01:03,2026-08-07 15:01:03
213636,1003,TXHR8,COMPRA,130,106.1698,4.5697,2026-08-07 14:33:22,2026-08-07 14:33:22,2026-08-07 14:33:22
213637,3176,FRGH8,COMPRA,390,65.4921,9.3536,2026-08-07 17:08:27,2026-08-07 17:08:30,2026-08-07 17:08:30
213638,1641,TNHT4,COMPRA,135,143.3151,8.9282,2026-08-07 11:31:19,2026-08-07 11:31:22,2026-08-07 11:31:22
213639,1485,NREP8,COMPRA,355,138.4687,6.8486,2026-08-07 16:55:16,2026-08-07 16:55:18,2026-08-07 16:55:18
213640,2221,IJJK3,COMPRA,175,102.7947,0.4327,2026-08-07 10:11:19,2026-08-07 10:11:22,2026-08-07 10:11:22
213641,1655,FRGH8,COMPRA,350,87.7596,0.9173,2026-08-07 17:01:15,2026-08-07 17:01:17,2026-08-07 17:01:17
213642,3518,ZHTL2,COMPRA,383,60.4622,10.7589,2026-08-07 14:28:15,2026-08-07 14:28:17,2026-08-07 14:28:17
213643,1148,CQJZ4,COMPRA,390,94.9095,6.9692,2026-08-07 17:15:36,2026-08-07 17:15:36,2026-08-07 17:15:36
213644,1974,YYLA4,COMPRA,90,203.5019,11.5604,2026-08-07 10:14:50,2026-08-07 10:14:51,2026-08-07 10:14:51
213645,3236,OXVD8,COMPRA,45,90.4525,5.2436,2026-08-07 11:16:53,2026-08-07 11:16:55,2026-08-07 11:16:55
213646,3161,BXFJ9,COMPRA,345,142.0280,10.1994,2026-08-07 15:46:59,2026-08-07 15:47:02,2026-08-07 15:47:02
213647,2582,NHYK8,COMPRA,120,83.4417,0.8146,2026-08-07 10:54:11,2026-08-07 10:54:13,2026-08-07 10:54:13
213648,3302,JIPA6,COMPRA,435,44.3275,0.2932,2026-08-07 13:34:18,2026-08-07 13:34:18,2026-08-07 13:34:18
213649,2358,ACSV1,COMPRA,87,85.2543,3.9657,2026-08-07 10:57:56,2026-08-07 10:57:58,2026-08-07 10:57:58
213650,2073,OVUQ2,COMPRA,365,60.7898,0.1870,2026-08-07 11:44:24,2026-08-07 11:44:26,2026-08-07 11:44:26
213651,2617,XTVW5,COMPRA,18,81.7030,7.7804,2026-08-07 12:47:15,2026-08-07 12:47:18,2026-08-07 12:47:18
213652,1764,WIPB2,COMPRA,410,92.2991,8.1747,2026-08-07 15:41:49,2026-08-07 15:41:50,2026-08-07 15:41:50
213653,1818,ZFBT3,COMPRA,250,125.9739,11.5151,2026-08-07 11:43:37,2026-08-07 11:43:40,2026-08-07 11:43:40
213654,1964,TNHT4,COMPRA,220,127.8413,11.1732,2026-08-07 10:22:55,2026-08-07 10:22:58,2026-08-07 10:22:58
213655,3458,FIUW1,COMPRA,470,136.9310,2.1814,2026-08-07 10:17:07,2026-08-07 10:17:07,2026-08-07 10:17:07
213656,2468,RMRT1,COMPRA,240,117.3462,4.4097,2026-08-07 10:15:48,2026-08-07 10:15:48,2026-08-07 10:15:48
213657,1060,AAUA7,COMPRA,440,126.9905,5.4328,2026-08-07 11:51:31,2026-08-07 11:51:34,2026-08-07 11:51:34
213658,2728,NHYK8,COMPRA,304,70.0134,7.1374,2026-08-07 11:55:49,2026-08-07 11:55:52,2026-08-07 11:55:52
213659,1910,XTVW5,COMPRA,45,122.2361,2.1362,2026-08-07 17:17:47,2026-08-07 17:17:47,2026-08-07 17:17:47
213660,1401,JUDG8,COMPRA,335,107.6078,11.7044,2026-08-07 10:47:07,2026-08-07 10:47:07,2026-08-07 10:47:07
213661,1034,DFGR7,COMPRA,110,102.5126,3.4467,2026-08-07 11:06:10,2026-08-07 11:06:10,2026-08-07 11:06:10
213662,2049,AYFQ2,COMPRA,205,13.5566,1.4807,2026-08-07 14:35:06,2026-08-07 14:35:08,2026-08-07 14:35:08
213663,2040,RIET5,COMPRA,285,149.2712,12.8061,2026-08-07 12:29:47,2026-08-07 12:29:50,2026-08-07 12:29:50
213664,3043,VLEB3,COMPRA,465,428.4625,5.7343,2026-08-07 13:43:31,2026-08-07 13:43:31,2026-08-07 13:43:31
213665,1618,TXHR8,COMPRA,415,67.2299,0.8724,2026-08-07 12:16:14,2026-08-07 12:16:17,2026-08-07 12:16:17
213666,2201,SGBG8,COMPRA,260,91.7125,4.2599,2026-08-07 15:21:52,2026-08-07 15:21:54,2026-08-07 15:21:54
213667,1490,NGIU9,COMPRA,350,86.7727,9.3051,2026-08-07 16:57:40,2026-08-07 16:57:40,2026-08-07 16:57:40
213668,1165,NPEM3,COMPRA,355,120.0055,2.3156,2026-08-07 17:07:01,2026-08-07 17:07:03,2026-08-07 17:07:03
213669,1534,MJDL9,COMPRA,365,36.3811,6.5575,2026-08-07 11:13:43,2026-08-07 11:13:46,2026-08-07 11:13:46
213670,2367,LQML9,COMPRA,175,151.7668,6.1502,2026-08-07 10:42:28,2026-08-07 10:42:31,2026-08-07 10:42:31
213671,1212,QTHQ1,COMPRA,290,28.1771,5.9199,2026-08-07 16:25:31,2026-08-07 16:25:34,2026-08-07 16:25:34
213672,1738,DSFC9,COMPRA,5,461.5681,8.2459,2026-08-07 16:11:58,2026-08-07 16:11:58,2026-08-07 16:11:58
213673,1592,NYGT6,COMPRA,321,101.0648,12.7837,2026-08-07 13:54:00,2026-08-07 13:54:02,2026-08-07 13:54:02
213674,3371,UYFJ9,COMPRA,305,92.0498,8.1680,2026-08-07 12:12:56,2026-08-07 12:12:59,2026-08-07 12:12:59
213675,2969,HVEX2,COMPRA,405,154.9151,2.2502,2026-08-07 12:23:34,2026-08-07 12:23:36,2026-08-07 12:23:36
213676,2723,ICSU4,COMPRA,115,172.2994,12.0064,2026-08-07 11:27:08,2026-08-07 11:27:08,2026-08-07 11:27:08
213677,2869,NYGT6,COMPRA,185,99.2671,1.1986,2026-08-07 10:31:10,2026-08-07 10:31:10,2026-08-07 10:31:10
213678,2307,NHYK8,COMPRA,130,78.3920,4.8657,2026-08-07 13:03:55,2026-08-07 13:03:58,2026-08-07 13:03:58
213679,1957,MGRR2,COMPRA,440,147.6487,7.2488,2026-08-07 12:12:33,2026-08-07 12:12:36,2026-08-07 12:12:36
213680,2831,LCCH9,COMPRA,130,7.9793,0.4403,2026-08-07 16:23:24,2026-08-07 16:23:24,2026-08-07 16:23:24
213681,1386,YIHC3,COMPRA,105,76.3102,9.0292,2026-08-07 16:32:23,2026-08-07 16:32:26,2026-08-07 16:32:26
213682,1817,AAUA7,COMPRA,495,162.1139,1.8071,2026-08-07 10:39:52,2026-08-07 10:39:52,2026-08-07 10:39:52
213683,1901,ICSU4,COMPRA,425,146.8234,6.8862,2026-08-07 15:53:28,2026-08-07 15:53:29,2026-08-07 15:53:29
213684,3157,NWGB4,VENDA,160,108.9565,3.1413,2026-08-07 11:18:59,2026-08-07 11:19:02,2026-08-07 11:19:02
213685,2680,UQJU7,COMPRA,275,64.1258,12.8457,2026-08-07 13:08:21,2026-08-07 13:08:21,2026-08-07 13:08:21
213686,1497,ZFBT3,COMPRA,30,83.5768,12.4801,2026-08-07 17:27:43,2026-08-07 17:27:43,2026-08-07 17:27:43
213687,3174,YYLA4,COMPRA,115,204.2352,7.9964,2026-08-07 14:23:45,2026-08-07 14:23:48,2026-08-07 14:23:48
213688,1758,IWAK1,COMPRA,15,84.5354,8.8224,2026-08-07 13:38:53,2026-08-07 13:38:53,2026-08-07 13:38:53
213689,2209,UVEY5,COMPRA,275,66.6802,6.9578,2026-08-07 13:58:52,2026-08-07 13:58:52,2026-08-07 13:58:52
213690,1531,DGBT6,COMPRA,175,96.1922,7.6101,2026-08-07 15:03:54,2026-08-07 15:03:54,2026-08-07 15:03:54
213691,3392,IWAK1,COMPRA,70,72.6563,0.3242,2026-08-07 10:00:38,2026-08-07 10:00:39,2026-08-07 10:00:39
213692,2527,QTHQ1,COMPRA,29,24.8976,3.0837,2026-08-07 13:14:35,2026-08-07 13:14:37,2026-08-07 13:14:37
213693,2215,GFDF2,COMPRA,393,87.8134,6.0896,2026-08-07 10:59:44,2026-08-07 10:59:47,2026-08-07 10:59:47
213694,2237,JDJG6,COMPRA,380,67.2662,1.1832,2026-08-07 11:23:01,2026-08-07 11:23:02,2026-08-07 11:23:02
213695,1555,NQYT3,COMPRA,480,71.6924,0.3570,2026-08-07 14:56:06,2026-08-07 14:56:07,2026-08-07 14:56:07
213696,3385,HVEX2,COMPRA,55,129.5179,1.2992,2026-08-07 10:51:26,2026-08-07 10:51:26,2026-08-07 10:51:26
213697,1986,YCCK8,COMPRA,380,334.0405,3.0514,2026-08-07 16:52:41,2026-08-07 16:52:43,2026-08-07 16:52:43
213698,1964,LCCH9,COMPRA,472,8.2550,10.9817,2026-08-07 16:19:35,2026-08-07 16:19:36,2026-08-07 16:19:36
213699,2537,QHFL8,COMPRA,365,144.0529,1.1541,2026-08-07 10:10:36,2026-08-07 10:10:37,2026-08-07 10:10:37
213700,1672,NGIU9,COMPRA,276,119.2108,11.2759,2026-08-07 12:29:00,2026-08-07 12:29:03,2026-08-07 12:29:03
213701,2926,UQIQ7,COMPRA,239,76.9302,7.5931,2026-08-07 10:05:42,2026-08-07 10:05:45,2026-08-07 10:05:45
213702,1977,KFSY2,COMPRA,310,101.5308,7.1199,2026-08-07 14:14:54,2026-08-07 14:14:55,2026-08-07 14:14:55
213703,1253,SUZL4,COMPRA,400,158.1304,9.3523,2026-08-07 11:14:53,2026-08-07 11:14:56,2026-08-07 11:14:56
213704,2800,XPVA7,COMPRA,315,407.1698,9.5193,2026-08-07 10:02:14,2026-08-07 10:02:14,2026-08-07 10:02:14
213705,1003,GFDF2,COMPRA,5,84.6033,1.0778,2026-08-07 12:49:13,2026-08-07 12:49:14,2026-08-07 12:49:14
213706,1027,TXHR8,COMPRA,440,103.7591,7.1623,2026-08-07 12:24:27,2026-08-07 12:24:30,2026-08-07 12:24:30
213707,2432,UFMA7,COMPRA,455,191.1979,11.0257,2026-08-07 10:11:46,2026-08-07 10:11:49,2026-08-07 10:11:49
213708,2855,NGIU9,COMPRA,295,106.7837,5.1227,2026-08-07 17:05:28,2026-08-07 17:05:29,2026-08-07 17:05:29
213709,1287,MGRR2,VENDA,140,146.4915,1.9680,2026-08-07 14:47:23,2026-08-07 14:47:25,2026-08-07 14:47:25
213710,2909,LGKU6,COMPRA,208,70.2525,12.6600,2026-08-07 17:26:22,2026-08-07 17:26:22,2026-08-07 17:26:22
213711,1684,NQYT3,COMPRA,80,70.1175,10.7867,2026-08-07 11:50:32,2026-08-07 11:50:33,2026-08-07 11:50:33
213712,2503,KHGP6,COMPRA,95,85.3446,10.3232,2026-08-07 12:27:53,2026-08-07 12:27:54,2026-08-07 12:27:54
213713,1333,NPEM3,COMPRA,305,117.6906,8.7587,2026-08-07 14:25:37,2026-08-07 14:25:37,2026-08-07 14:25:37
213714,1764,AAUA7,COMPRA,400,108.6565,0.9725,2026-08-07 16:54:19,2026-08-07 16:54:21,2026-08-07 16:54:21
213715,1520,IWFI1,COMPRA,365,177.2289,1.3180,2026-08-07 16:26:59,2026-08-07 16:27:01,2026-08-07 16:27:01
213716,1764,FRGH8,COMPRA,285,74.8277,5.4177,2026-08-07 13:25:07,2026-08-07 13:25:07,2026-08-07 13:25:07
213717,1577,UFMA7,COMPRA,460,149.4343,2.8295,2026-08-07 10:54:35,2026-08-07 10:54:35,2026-08-07 10:54:35
213718,1994,AAWB3,COMPRA,62,172.3720,12.1707,2026-08-07 13:57:32,2026-08-07 13:57:34,2026-08-07 13:57:34
213719,1325,IJJK3,COMPRA,145,103.5055,1.7559,2026-08-07 11:45:16,2026-08-07 11:45:17,2026-08-07 11:45:17
213720,1437,DSFC9,COMPRA,85,492.2071,1.4313,2026-08-07 15:53:48,2026-08-07 15:53:50,2026-08-07 15:53:50
213721,2912,VLEB3,COMPRA,235,438.6694,3.4235,2026-08-07 12:12:16,2026-08-07 12:12:16,2026-08-07 12:12:16
213722,1381,WIPB2,COMPRA,270,113.5884,3.2037,2026-08-07 10:51:58,2026-08-07 10:52:00,2026-08-07 10:52:00
213723,3144,UCHR6,COMPRA,430,335.8017,11.3278,2026-08-07 16:26:59,2026-08-07 16:27:01,2026-08-07 16:27:01
213724,3054,CQJZ4,COMPRA,290,90.9057,1.1510,2026-08-07 14:03:01,2026-08-07 14:03:01,2026-08-07 14:03:01
213725,2587,NGIU9,COMPRA,41,84.2788,0.9867,2026-08-07 15:46:20,2026-08-07 15:46:21,2026-08-07 15:46:21
213726,1061,BXFJ9,COMPRA,350,137.6868,7.8615,2026-08-07 13:18:02,2026-08-07 13:18:04,2026-08-07 13:18:04
213727,1269,LGKU6,COMPRA,210,60.6231,7.6658,2026-08-07 10:25:46,2026-08-07 10:25:47,2026-08-07 10:25:47
213728,1319,ECQD7,COMPRA,115,81.8431,4.2602,2026-08-07 14:51:07,2026-08-07 14:51:10,2026-08-07 14:51:10
213729,1175,RFNS7,COMPRA,205,107.5664,11.6578,2026-08-07 13:21:18,2026-08-07 13:21:18,2026-08-07 13:21:18
213730,1452,OVYL9,COMPRA,275,69.2890,10.5811,2026-08-07 10:20:59,2026-08-07 10:21:02,2026-08-07 10:21:02
213731,2611,BXFJ9,COMPRA,455,121.1845,9.0233,2026-08-07 17:23:31,2026-08-07 17:23:31,2026-08-07 17:23:31
213732,2414,BSDJ7,COMPRA,192,285.6605,3.3053,2026-08-07 16:14:38,2026-08-07 16:14:38,2026-08-07 16:14:38
213733,1261,UVEY5,COMPRA,165,67.6265,2.2424,2026-08-07 12:09:07,2026-08-07 12:09:08,2026-08-07 12:09:08
213734,3034,NHYK8,COMPRA,160,79.7800,8.1543,2026-08-07 10:54:44,2026-08-07 10:54:45,2026-08-07 10:54:45
213735,1394,LGKU6,COMPRA,70,97.9679,8.5072,2026-08-07 12:18:02,2026-08-07 12:18:04,2026-08-07 12:18:04
213736,2330,UYFJ9,COMPRA,425,80.7569,7.1973,2026-08-07 10:21:37,2026-08-07 10:21:39,2026-08-07 10:21:39
213737,3197,NUJZ2,COMPRA,355,38.4507,8.4193,2026-08-07 13:44:03,2026-08-07 13:44:06,2026-08-07 13:44:06
213738,2509,JUDG8,COMPRA,480,67.2880,12.8161,2026-08-07 10:27:54,2026-08-07 10:27:56,2026-08-07 10:27:56
213739,1172,BOCS8,COMPRA,445,47.6831,10.9562,2026-08-07 16:21:39,2026-08-07 16:21:41,2026-08-07 16:21:41
213740,2129,RSBT4,COMPRA,381,476.0205,8.2286,2026-08-07 10:23:41,2026-08-07 10:23:44,2026-08-07 10:23:44
213741,2574,DQSN6,COMPRA,475,133.0436,4.5577,2026-08-07 14:22:46,2026-08-07 14:22:48,2026-08-07 14:22:48
213742,1099,QYBV3,COMPRA,421,60.0000,7.1550,2026-08-07 11:25:01,2026-08-07 11:25:02,2026-08-07 11:25:02
213743,3401,BOCS8,COMPRA,245,56.4011,10.0986,2026-08-07 14:47:13,2026-08-07 14:47:16,2026-08-07 14:47:16
213744,2820,ZYVN7,COMPRA,395,76.3773,0.2653,2026-08-07 14:55:59,2026-08-07 14:56:01,2026-08-07 14:56:01
213745,2580,DGBT6,COMPRA,20,74.2079,3.8053,2026-08-07 11:36:28,2026-08-07 11:36:28,2026-08-07 11:36:28
213746,1154,XTVW5,COMPRA,490,132.4463,5.1166,2026-08-07 13:11:06,2026-08-07 13:11:08,2026-08-07 13:11:08
213747,1081,RIET5,COMPRA,75,120.9404,7.1050,2026-08-07 10:26:49,2026-08-07 10:26:50,2026-08-07 10:26:50
213748,2509,CQIL9,COMPRA,85,36.5872,7.6631,2026-08-07 13:36:49,2026-08-07 13:36:51,2026-08-07 13:36:51
213749,1290,MOLF3,COMPRA,470,60.0464,10.1231,2026-08-07 16:05:50,2026-08-07 16:05:51,2026-08-07 16:05:51
213750,1132,ZYVN7,COMPRA,435,60.2060,8.8292,2026-08-07 13:56:23,2026-08-07 13:56:24,2026-08-07 13:56:24
213751,1056,ZFBT3,COMPRA,230,93.7609,6.5052,2026-08-07 15:52:59,2026-08-07 15:53:01,2026-08-07 15:53:01
213752,1976,ZAAS7,COMPRA,160,366.8922,10.2811,2026-08-07 12:27:30,2026-08-07 12:27:33,2026-08-07 12:27:33
213753,3163,EEYY9,COMPRA,195,150.3304,1.1630,2026-08-07 16:44:18,2026-08-07 16:44:18,2026-08-07 16:44:18
213754,3170,WXQM6,COMPRA,100,60.3425,0.5944,2026-08-07 16:44:18,2026-08-07 16:44:19,2026-08-07 16:44:19
213755,1156,NHYK8,COMPRA,75,80.3492,3.5126,2026-08-07 14:47:10,2026-08-07 14:47:11,2026-08-07 14:47:11
213756,2889,PBZM6,COMPRA,299,62.7702,12.1374,2026-08-07 11:07:24,2026-08-07 11:07:26,2026-08-07 11:07:26
213757,2275,QHFL8,COMPRA,245,121.7180,4.5470,2026-08-07 15:56:49,2026-08-07 15:56:51,2026-08-07 15:56:51
213758,3271,YCCK8,COMPRA,430,474.9708,5.7392,2026-08-07 10:54:36,2026-08-07 10:54:36,2026-08-07 10:54:36
213759,2414,HVEX2,VENDA,310,141.8175,2.5975,2026-08-07 13:14:59,2026-08-07 13:15:00,2026-08-07 13:15:00
213760,3427,YCCK8,COMPRA,335,483.1252,1.9763,2026-08-07 12:57:41,2026-08-07 12:57:42,2026-08-07 12:57:42
213761,1711,ZAAS7,COMPRA,490,449.9389,11.0801,2026-08-07 10:27:17,2026-08-07 10:27:18,2026-08-07 10:27:18
213762,3416,NYGT6,COMPRA,100,117.7749,4.1969,2026-08-07 13:56:24,2026-08-07 13:56:24,2026-08-07 13:56:24
213763,3377,WXFC8,COMPRA,10,72.6724,11.1099,2026-08-07 14:19:13,2026-08-07 14:19:16,2026-08-07 14:19:16
213764,2302,LCCH9,COMPRA,245,7.3684,8.8890,2026-08-07 15:11:05,2026-08-07 15:11:08,2026-08-07 15:11:08
213765,1546,YYLA4,COMPRA,195,237.9528,9.6236,2026-08-07 10:24:35,2026-08-07 10:24:36,2026-08-07 10:24:36
213766,1360,QATW7,COMPRA,15,49.9348,2.5661,2026-08-07 12:38:36,2026-08-07 12:38:37,2026-08-07 12:38:37
213767,2077,NAOF3,COMPRA,230,56.9108,0.9668,2026-08-07 12:10:12,2026-08-07 12:10:15,2026-08-07 12:10:15
213768,2325,YOWA1,COMPRA,100,48.8632,0.8735,2026-08-07 14:02:22,2026-08-07 14:02:24,2026-08-07 14:02:24
213769,1275,MJDL9,COMPRA,275,34.6009,7.7089,2026-08-07 17:01:24,2026-08-07 17:01:24,2026-08-07 17:01:24
213770,3446,QTHQ1,COMPRA,20,25.3205,12.7184,2026-08-07 12:07:15,2026-08-07 12:07:17,2026-08-07 12:07:17
213771,3293,NUJZ2,COMPRA,45,36.8848,9.7850,2026-08-07 14:41:49,2026-08-07 14:41:49,2026-08-07 14:41:49
213772,1215,TBWG2,COMPRA,279,89.8117,0.7456,2026-08-07 16:02:13,2026-08-07 16:02:16,2026-08-07 16:02:16
213773,1044,GFDF2,COMPRA,390,99.3962,2.1994,2026-08-07 11:59:33,2026-08-07 11:59:35,2026-08-07 11:59:35
213774,3169,NWGB4,COMPRA,485,101.7730,11.7514,2026-08-07 17:26:08,2026-08-07 17:26:09,2026-08-07 17:26:09
213775,2400,AAWB3,COMPRA,265,193.2230,12.2372,2026-08-07 10:29:08,2026-08-07 10:29:09,2026-08-07 10:29:09
213776,3434,MOLF3,COMPRA,315,56.5657,9.0058,2026-08-07 14:55:06,2026-08-07 14:55:06,2026-08-07 14:55:06
213777,1318,ECQD7,COMPRA,465,91.4533,12.2069,2026-08-07 15:55:28,2026-08-07 15:55:30,2026-08-07 15:55:30
213778,3270,SGBG8,COMPRA,145,90.6401,1.7744,2026-08-07 16:53:36,2026-08-07 16:53:37,2026-08-07 16:53:37
213779,3421,PSEN6,VENDA,260,212.4815,9.5244,2026-08-07 12:52:57,2026-08-07 12:53:00,2026-08-07 12:53:00
213780,2718,XTVW5,COMPRA,410,82.9598,9.1735,2026-08-07 15:47:00,2026-08-07 15:47:02,2026-08-07 15:47:02
213781,2122,UQIQ7,COMPRA,280,101.4071,1.9324,2026-08-07 11:36:44,2026-08-07 11:36:46,2026-08-07 11:36:46
213782,2088,NPEM3,COMPRA,80,97.7752,10.8680,2026-08-07 10:28:40,2026-08-07 10:28:43,2026-08-07 10:28:43
213783,2357,NGIU9,COMPRA,165,111.2211,2.6686,2026-08-07 12:29:44,2026-08-07 12:29:46,2026-08-07 12:29:46
213784,3107,JUDG8,COMPRA,360,94.7499,11.5367,2026-08-07 16:10:40,2026-08-07 16:10:43,2026-08-07 16:10:43
213785,2023,LQML9,COMPRA,35,128.7323,4.3251,2026-08-07 12:56:12,2026-08-07 12:56:12,2026-08-07 12:56:12
213786,2773,DHRM5,COMPRA,480,275.1392,6.9872,2026-08-07 17:10:47,2026-08-07 17:10:47,2026-08-07 17:10:47
213787,3186,CQIL9,COMPRA,380,45.3903,1.5042,2026-08-07 11:25:50,2026-08-07 11:25:50,2026-08-07 11:25:50
213788,1436,GULD2,COMPRA,250,115.2076,4.7183,2026-08-07 15:57:44,2026-08-07 15:57:47,2026-08-07 15:57:47
213789,2503,DQSN6,COMPRA,315,127.3566,8.8948,2026-08-07 13:57:22,2026-08-07 13:57:24,2026-08-07 13:57:24
213790,2681,RIET5,COMPRA,165,148.1912,11.8641,2026-08-07 10:26:57,2026-08-07 10:26:59,2026-08-07 10:26:59
213791,1416,YIHC3,COMPRA,180,62.4631,1.3366,2026-08-07 12:33:57,2026-08-07 12:33:59,2026-08-07 12:33:59
213792,3183,EEYY9,COMPRA,378,171.4125,2.7944,2026-08-07 13:57:21,2026-08-07 13:57:24,2026-08-07 13:57:24
213793,3456,ZHTL2,COMPRA,383,77.4569,2.9253,2026-08-07 11:17:33,2026-08-07 11:17:35,2026-08-07 11:17:35
213794,3382,RSBT4,COMPRA,255,477.3758,3.4090,2026-08-07 11:03:43,2026-08-07 11:03:44,2026-08-07 11:03:44
213795,3091,SVOZ4,COMPRA,405,36.7885,5.9340,2026-08-07 15:28:08,2026-08-07 15:28:11,2026-08-07 15:28:11
213796,3145,PSEN6,COMPRA,189,170.2115,8.8075,2026-08-07 11:06:09,2026-08-07 11:06:10,2026-08-07 11:06:10
213797,2526,RSBT4,COMPRA,430,346.3340,9.7870,2026-08-07 12:18:48,2026-08-07 12:18:49,2026-08-07 12:18:49
213798,1222,XTVW5,COMPRA,95,103.7760,8.2088,2026-08-07 15:32:55,2026-08-07 15:32:58,2026-08-07 15:32:58
213799,2033,NQYT3,COMPRA,45,61.8371,11.9868,2026-08-07 14:51:08,2026-08-07 14:51:09,2026-08-07 14:51:09
213800,1020,MCHX2,VENDA,125,127.6847,9.9574,2026-08-07 10:04:13,2026-08-07 10:04:16,2026-08-07 10:04:16
213801,2428,GKQC5,COMPRA,495,139.7347,5.2056,2026-08-07 15:28:13,2026-08-07 15:28:16,2026-08-07 15:28:16
213802,3018,CQJZ4,COMPRA,30,91.3349,11.8486,2026-08-07 14:05:00,2026-08-07 14:05:02,2026-08-07 14:05:02
213803,3195,XAVL3,VENDA,89,168.4836,0.8549,2026-08-07 16:38:36,2026-08-07 16:38:39,2026-08-07 16:38:39
213804,2542,PZUP8,COMPRA,35,159.1830,8.6158,2026-08-07 16:19:49,2026-08-07 16:19:52,2026-08-07 16:19:52
213805,2143,ECQD7,COMPRA,480,89.7924,8.5579,2026-08-07 12:33:45,2026-08-07 12:33:45,2026-08-07 12:33:45
213806,2881,ENRZ2,COMPRA,235,95.8156,6.7464,2026-08-07 12:03:16,2026-08-07 12:03:19,2026-08-07 12:03:19
213807,2774,RDOA3,COMPRA,370,107.8205,12.7904,2026-08-07 10:06:52,2026-08-07 10:06:53,2026-08-07 10:06:53
213808,1100,LGKU6,COMPRA,315,98.4700,3.0884,2026-08-07 12:13:47,2026-08-07 12:13:50,2026-08-07 12:13:50
213809,3115,XTVW5,COMPRA,395,106.8406,12.1479,2026-08-07 14:06:28,2026-08-07 14:06:28,2026-08-07 14:06:28
213810,2369,YCCK8,COMPRA,365,314.2578,5.8954,2026-08-07 14:48:46,2026-08-07 14:48:49,2026-08-07 14:48:49
213811,2485,ZAAS7,COMPRA,15,425.0130,7.1241,2026-08-07 15:55:12,2026-08-07 15:55:15,2026-08-07 15:55:15
213812,2856,YOWA1,COMPRA,120,65.9947,6.3244,2026-08-07 13:51:31,2026-08-07 13:51:32,2026-08-07 13:51:32
213813,2926,ECQD7,COMPRA,360,82.6034,8.8586,2026-08-07 15:52:13,2026-08-07 15:52:14,2026-08-07 15:52:14
213814,2686,DGBT6,COMPRA,445,111.2806,6.2289,2026-08-07 15:46:51,2026-08-07 15:46:52,2026-08-07 15:46:52
213815,2719,SUZL4,COMPRA,210,120.0850,6.4176,2026-08-07 12:23:53,2026-08-07 12:23:55,2026-08-07 12:23:55
213816,1959,RMRT1,COMPRA,489,120.7465,6.3907,2026-08-07 10:39:37,2026-08-07 10:39:39,2026-08-07 10:39:39
213817,3068,DQSN6,COMPRA,390,147.4198,0.7044,2026-08-07 13:14:25,2026-08-07 13:14:28,2026-08-07 13:14:28
213818,3160,SRDU1,COMPRA,360,89.4755,5.6031,2026-08-07 12:18:13,2026-08-07 12:18:15,2026-08-07 12:18:15
213819,1360,FIUW1,COMPRA,90,131.0760,6.4466,2026-08-07 11:50:56,2026-08-07 11:50:58,2026-08-07 11:50:58
213820,2233,XPVA7,COMPRA,127,369.9948,8.6825,2026-08-07 14:45:12,2026-08-07 14:45:15,2026-08-07 14:45:15
213821,2198,PQUT9,COMPRA,60,64.8849,5.9083,2026-08-07 13:37:37,2026-08-07 13:37:38,2026-08-07 13:37:38
213822,2030,QQQS1,COMPRA,59,27.7124,0.7416,2026-08-07 15:00:37,2026-08-07 15:00:40,2026-08-07 15:00:40
213823,1629,YIHC3,COMPRA,295,76.8579,1.3639,2026-08-07 17:03:04,2026-08-07 17:03:05,2026-08-07 17:03:05
213824,2545,MCMT2,COMPRA,155,73.3492,11.4167,2026-08-07 12:10:48,2026-08-07 12:10:51,2026-08-07 12:10:51
213825,2811,NREP8,COMPRA,395,150.8061,5.8744,2026-08-07 12:41:30,2026-08-07 12:41:33,2026-08-07 12:41:33
213826,1407,TBWG2,COMPRA,150,61.6849,10.5935,2026-08-07 11:18:04,2026-08-07 11:18:07,2026-08-07 11:18:07
213827,2824,TBWG2,COMPRA,300,92.3868,12.5109,2026-08-07 13:54:59,2026-08-07 13:54:59,2026-08-07 13:54:59
213828,3315,QEUC2,COMPRA,235,204.8115,0.2319,2026-08-07 13:52:56,2026-08-07 13:52:58,2026-08-07 13:52:58
213829,2294,RMRT1,COMPRA,145,117.3545,9.6997,2026-08-07 11:40:19,2026-08-07 11:40:21,2026-08-07 11:40:21
213830,1657,QHFL8,COMPRA,430,145.0053,5.9370,2026-08-07 10:55:04,2026-08-07 10:55:07,2026-08-07 10:55:07
213831,1877,UQJU7,COMPRA,340,78.3898,1.6379,2026-08-07 14:21:05,2026-08-07 14:21:08,2026-08-07 14:21:08
213832,2949,OXVD8,COMPRA,50,72.1829,4.4937,2026-08-07 13:19:43,2026-08-07 13:19:45,2026-08-07 13:19:45
213833,2561,BXFJ9,COMPRA,345,123.8163,1.7973,2026-08-07 12:39:27,2026-08-07 12:39:30,2026-08-07 12:39:30
213834,3240,BGNM6,COMPRA,187,110.0907,8.1334,2026-08-07 15:03:19,2026-08-07 15:03:22,2026-08-07 15:03:22
213835,2002,MCHX2,COMPRA,8,110.5877,8.8928,2026-08-07 12:39:13,2026-08-07 12:39:14,2026-08-07 12:39:14
213836,2651,DEGN5,COMPRA,305,65.5410,1.2568,2026-08-07 15:14:22,2026-08-07 15:14:24,2026-08-07 15:14:24
213837,1611,BSDJ7,COMPRA,345,190.7549,1.4583,2026-08-07 17:12:10,2026-08-07 17:12:12,2026-08-07 17:12:12
213838,1504,QYBV3,COMPRA,170,87.8829,6.6473,2026-08-07 11:27:31,2026-08-07 11:27:32,2026-08-07 11:27:32
213839,3001,GKQC5,COMPRA,265,121.8099,5.4578,2026-08-07 11:12:33,2026-08-07 11:12:35,2026-08-07 11:12:35
213840,2121,LIEG8,COMPRA,275,112.1660,0.3099,2026-08-07 16:10:08,2026-08-07 16:10:11,2026-08-07 16:10:11
213841,2349,NAOF3,COMPRA,195,68.4967,0.7023,2026-08-07 15:05:46,2026-08-07 15:05:46,2026-08-07 15:05:46
213842,1834,UQJU7,COMPRA,415,76.6817,7.9508,2026-08-07 14:07:49,2026-08-07 14:07:49,2026-08-07 14:07:49
213843,1090,TTHO3,COMPRA,304,34.9322,9.4990,2026-08-07 16:35:31,2026-08-07 16:35:31,2026-08-07 16:35:31
213844,2273,CQIL9,COMPRA,130,35.6893,7.6680,2026-08-07 16:42:22,2026-08-07 16:42:25,2026-08-07 16:42:25
213845,3422,TXHR8,COMPRA,415,75.5057,11.9138,2026-08-07 11:51:39,2026-08-07 11:51:41,2026-08-07 11:51:41
213846,2917,EEYY9,COMPRA,200,184.8249,0.6533,2026-08-07 11:05:57,2026-08-07 11:05:57,2026-08-07 11:05:57
213847,2544,MGRR2,COMPRA,471,158.9280,11.2030,2026-08-07 17:03:44,2026-08-07 17:03:45,2026-08-07 17:03:45
213848,1409,CQIL9,COMPRA,210,35.4346,12.7238,2026-08-07 13:44:19,2026-08-07 13:44:22,2026-08-07 13:44:22
213849,2733,LCCH9,COMPRA,455,7.6259,1.3513,2026-08-07 12:42:59,2026-08-07 12:43:01,2026-08-07 12:43:01
213850,2803,GFDF2,COMPRA,450,85.5011,0.7728,2026-08-07 10:14:48,2026-08-07 10:14:51,2026-08-07 10:14:51
213851,2511,SRDU1,COMPRA,90,71.3021,7.7855,2026-08-07 12:28:57,2026-08-07 12:28:59,2026-08-07 12:28:59
213852,2359,TTHO3,COMPRA,430,26.9870,7.3235,2026-08-07 11:44:26,2026-08-07 11:44:28,2026-08-07 11:44:28
213853,2698,DFGR7,COMPRA,205,115.1242,11.7688,2026-08-07 10:15:09,2026-08-07 10:15:09,2026-08-07 10:15:09
213854,1469,DFGR7,COMPRA,245,98.6208,4.0633,2026-08-07 11:07:15,2026-08-07 11:07:16,2026-08-07 11:07:16
213855,1094,NPEM3,COMPRA,80,90.8715,7.4539,2026-08-07 10:42:47,2026-08-07 10:42:49,2026-08-07 10:42:49
213856,1207,JIPR4,COMPRA,315,32.7569,2.2895,2026-08-07 13:33:45,2026-08-07 13:33:48,2026-08-07 13:33:48
213857,1498,PQUT9,COMPRA,440,97.7817,1.3459,2026-08-07 11:38:59,2026-08-07 11:38:59,2026-08-07 11:38:59
213858,2535,OEQA8,COMPRA,345,444.9792,10.8925,2026-08-07 13:47:16,2026-08-07 13:47:18,2026-08-07 13:47:18
213859,1751,OVUQ2,COMPRA,55,51.9918,2.6228,2026-08-07 15:07:59,2026-08-07 15:08:00,2026-08-07 15:08:00
213860,2031,NGIU9,COMPRA,122,115.6205,0.9918,2026-08-07 12:24:16,2026-08-07 12:24:18,2026-08-07 12:24:18
213861,1342,DFGR7,COMPRA,5,106.0831,1.0560,2026-08-07 12:39:40,2026-08-07 12:39:41,2026-08-07 12:39:41
213862,2059,YYLA4,COMPRA,400,197.8747,9.6935,2026-08-07 14:09:04,2026-08-07 14:09:04,2026-08-07 14:09:04
213863,2702,LCCH9,COMPRA,345,8.1129,2.0356,2026-08-07 16:48:32,2026-08-07 16:48:32,2026-08-07 16:48:32
213864,1024,GULD2,COMPRA,107,123.6615,12.1127,2026-08-07 10:57:20,2026-08-07 10:57:21,2026-08-07 10:57:21
213865,1469,TNHT4,COMPRA,335,121.9800,12.0406,2026-08-07 12:08:02,2026-08-07 12:08:04,2026-08-07 12:08:04
213866,1916,TBWG2,COMPRA,415,73.5162,9.7866,2026-08-07 16:42:25,2026-08-07 16:42:25,2026-08-07 16:42:25
213867,1500,WXQM6,COMPRA,40,38.5247,10.2178,2026-08-07 12:02:54,2026-08-07 12:02:55,2026-08-07 12:02:55
213868,1779,VLEB3,COMPRA,85,315.5054,2.3410,2026-08-07 14:07:15,2026-08-07 14:07:15,2026-08-07 14:07:15
213869,1802,TNHT4,COMPRA,355,125.4002,2.9434,2026-08-07 16:18:53,2026-08-07 16:18:54,2026-08-07 16:18:54
213870,2511,RHXV4,COMPRA,295,75.2658,6.2803,2026-08-07 11:54:01,2026-08-07 11:54:01,2026-08-07 11:54:01
213871,2188,GFDF2,COMPRA,160,97.4777,4.2777,2026-08-07 13:46:19,2026-08-07 13:46:19,2026-08-07 13:46:19
213872,1027,MCMT2,COMPRA,225,111.1978,4.8541,2026-08-07 10:36:25,2026-08-07 10:36:27,2026-08-07 10:36:27
213873,1273,XTVW5,COMPRA,390,96.0277,2.7102,2026-08-07 11:49:24,2026-08-07 11:49:25,2026-08-07 11:49:25
213874,1125,AAUA7,COMPRA,470,143.8203,2.5543,2026-08-07 14:14:21,2026-08-07 14:14:23,2026-08-07 14:14:23
213875,1733,TVCE9,COMPRA,20,62.7316,10.0067,2026-08-07 15:16:20,2026-08-07 15:16:21,2026-08-07 15:16:21
213876,1021,RYPL6,COMPRA,10,71.6933,7.1007,2026-08-07 14:50:34,2026-08-07 14:50:34,2026-08-07 14:50:34
213877,2969,ZHTL2,COMPRA,370,67.1969,2.0134,2026-08-07 12:52:12,2026-08-07 12:52:15,2026-08-07 12:52:15
213878,1953,UQJU7,COMPRA,70,60.0000,0.8073,2026-08-07 10:24:33,2026-08-07 10:24:36,2026-08-07 10:24:36
213879,2980,KHGP6,COMPRA,386,86.0688,1.4453,2026-08-07 14:04:41,2026-08-07 14:04:43,2026-08-07 14:04:43
213880,2908,NREP8,COMPRA,399,128.9056,3.6043,2026-08-07 15:16:29,2026-08-07 15:16:29,2026-08-07 15:16:29
213881,1897,MCHX2,COMPRA,23,112.4436,9.1423,2026-08-07 15:24:59,2026-08-07 15:25:01,2026-08-07 15:25:01
213882,2886,GAKD5,COMPRA,425,292.6672,4.4003,2026-08-07 12:52:29,2026-08-07 12:52:29,2026-08-07 12:52:29
213883,3022,LQML9,COMPRA,129,149.0444,3.4561,2026-08-07 11:49:15,2026-08-07 11:49:17,2026-08-07 11:49:17
213884,1525,IJJK3,COMPRA,125,128.6384,2.3330,2026-08-07 16:26:05,2026-08-07 16:26:06,2026-08-07 16:26:06
213885,3438,IWAK1,COMPRA,491,64.2465,1.4164,2026-08-07 14:34:58,2026-08-07 14:34:58,2026-08-07 14:34:58
213886,3420,LQML9,VENDA,210,141.8031,8.0261,2026-08-07 16:07:22,2026-08-07 16:07:24,2026-08-07 16:07:24
213887,3063,PBZM6,COMPRA,20,74.2016,2.2092,2026-08-07 16:48:14,2026-08-07 16:48:16,2026-08-07 16:48:16
213888,1837,CQJZ4,COMPRA,365,73.4205,7.5580,2026-08-07 13:04:49,2026-08-07 13:04:50,2026-08-07 13:04:50
213889,2602,ERTC4,COMPRA,285,48.0518,7.8583,2026-08-07 14:36:39,2026-08-07 14:36:42,2026-08-07 14:36:42
213890,2049,YFAH5,COMPRA,227,182.0075,9.3159,2026-08-07 12:37:53,2026-08-07 12:37:54,2026-08-07 12:37:54
213891,2740,XTVW5,COMPRA,110,121.2394,3.6845,2026-08-07 13:58:43,2026-08-07 13:58:46,2026-08-07 13:58:46
213892,2914,DFGR7,COMPRA,355,99.2891,6.2427,2026-08-07 14:57:41,2026-08-07 14:57:44,2026-08-07 14:57:44
213893,1877,PSEN6,COMPRA,60,226.6419,1.6237,2026-08-07 16:59:06,2026-08-07 16:59:07,2026-08-07 16:59:07
213894,1838,UCHR6,COMPRA,345,399.5905,3.3444,2026-08-07 17:25:38,2026-08-07 17:25:40,2026-08-07 17:25:40
213895,1227,OXVD8,COMPRA,180,84.3745,12.8678,2026-08-07 10:59:01,2026-08-07 10:59:03,2026-08-07 10:59:03
213896,3420,NUJZ2,COMPRA,305,28.8209,10.5126,2026-08-07 13:38:18,2026-08-07 13:38:19,2026-08-07 13:38:19
213897,1909,AYFQ2,COMPRA,410,9.0119,9.1253,2026-08-07 13:16:52,2026-08-07 13:16:55,2026-08-07 13:16:55
213898,2762,QQQS1,COMPRA,480,18.0299,,2026-08-07 10:47:35,2026-08-07 10:47:35,2026-08-07 10:47:35
213899,2065,ZFBT3,COMPRA,250,108.9960,6.9460,2026-08-07 13:46:48,2026-08-07 13:46:50,2026-08-07 13:46:50
213900,3342,OVUQ2,COMPRA,405,42.9110,7.6837,2026-08-07 11:02:13,2026-08-07 11:02:15,2026-08-07 11:02:15
213901,1732,QHFL8,COMPRA,355,177.5837,11.0855,2026-08-07 13:04:04,2026-08-07 13:04:07,2026-08-07 13:04:07
213902,1838,SGBG8,COMPRA,365,90.6170,6.9944,2026-08-07 10:45:04,2026-08-07 10:45:06,2026-08-07 10:45:06
213903,2888,FYZB6,COMPRA,375,65.9811,9.2799,2026-08-07 14:20:15,2026-08-07 14:20:18,2026-08-07 14:20:18
213904,2792,IWAK1,COMPRA,125,102.2837,0.0006,2026-08-07 11:05:52,2026-08-07 11:05:55,2026-08-07 11:05:55
213905,2493,BXFJ9,COMPRA,425,118.0434,10.0090,2026-08-07 16:21:41,2026-08-07 16:21:44,2026-08-07 16:21:44
213906,1629,TXHR8,COMPRA,175,89.9798,8.1108,2026-08-07 10:48:19,2026-08-07 10:48:21,2026-08-07 10:48:21
213907,2806,HJRH5,COMPRA,95,189.5391,10.1474,2026-08-07 16:48:02,2026-08-07 16:48:04,2026-08-07 16:48:04
213908,1077,CQIL9,COMPRA,80,28.6704,6.0621,2026-08-07 10:44:37,2026-08-07 10:44:37,2026-08-07 10:44:37
213909,1985,TVCE9,COMPRA,205,82.3870,3.0247,2026-08-07 14:06:25,2026-08-07 14:06:28,2026-08-07 14:06:28
213910,1736,RHXV4,COMPRA,172,49.8992,2.2442,2026-08-07 14:02:28,2026-08-07 14:02:29,2026-08-07 14:02:29
213911,1798,XPVA7,COMPRA,45,569.9696,1.2668,2026-08-07 13:47:45,2026-08-07 13:47:47,2026-08-07 13:47:47
213912,1218,YOWA1,COMPRA,370,58.9965,1.4120,2026-08-07 10:06:42,2026-08-07 10:06:45,2026-08-07 10:06:45
213913,1962,TNHT4,COMPRA,470,150.8024,9.4687,2026-08-07 15:58:18,2026-08-07 15:58:19,2026-08-07 15:58:19
213914,1864,DMTZ8,COMPRA,95,160.8582,2.7095,2026-08-07 15:59:57,2026-08-07 15:59:58,2026-08-07 15:59:58
213915,2756,KQEO3,COMPRA,461,64.4940,3.6059,2026-08-07 16:51:31,2026-08-07 16:51:32,2026-08-07 16:51:32
213916,3149,XOVY4,COMPRA,30,107.6427,3.2077,2026-08-07 13:59:06,2026-08-07 13:59:08,2026-08-07 13:59:08
213917,1219,MCHX2,COMPRA,465,111.3542,1.6306,2026-08-07 16:53:23,2026-08-07 16:53:24,2026-08-07 16:53:24
213918,2030,YFAH5,COMPRA,448,204.7331,4.0571,2026-08-07 12:54:22,2026-08-07 12:54:25,2026-08-07 12:54:25
213919,1918,OXVD8,COMPRA,225,67.7132,1.0406,2026-08-07 12:31:34,2026-08-07 12:31:34,2026-08-07 12:31:34
213920,2487,DQSN6,COMPRA,270,112.7223,10.4531,2026-08-07 14:16:52,2026-08-07 14:16:53,2026-08-07 14:16:53
213921,1190,NHYK8,COMPRA,220,77.7254,4.3103,2026-08-07 10:32:03,2026-08-07 10:32:04,2026-08-07 10:32:04
213922,1500,QATW7,COMPRA,480,50.3773,0.9332,2026-08-07 12:19:02,2026-08-07 12:19:05,2026-08-07 12:19:05
213923,1896,ZYVN7,COMPRA,375,73.9409,11.4363,2026-08-07 17:26:27,2026-08-07 17:26:27,2026-08-07 17:26:27
213924,2816,ZAAS7,COMPRA,61,443.6165,11.3587,2026-08-07 13:20:58,2026-08-07 13:20:59,2026-08-07 13:20:59
213925,1919,MCHX2,COMPRA,70,97.7069,11.1051,2026-08-07 10:54:31,2026-08-07 10:54:33,2026-08-07 10:54:33
213926,2281,WHMT3,COMPRA,165,116.0065,9.1927,2026-08-07 16:31:08,2026-08-07 16:31:09,2026-08-07 16:31:09
213927,1749,MCMT2,COMPRA,210,98.2579,5.2960,2026-08-07 11:58:30,2026-08-07 11:58:32,2026-08-07 11:58:32
213928,1337,UQIQ7,COMPRA,235,97.1108,0.3285,2026-08-07 13:41:18,2026-08-07 13:41:18,2026-08-07 13:41:18
213929,1062,IZTY4,COMPRA,135,25.4495,9.4185,2026-08-07 14:12:32,2026-08-07 14:12:35,2026-08-07 14:12:35
213930,1353,DGBT6,COMPRA,225,107.7107,5.9787,2026-08-07 11:59:22,2026-08-07 11:59:22,2026-08-07 11:59:22
213931,1929,NQYT3,COMPRA,145,60.5196,5.8909,2026-08-07 11:52:03,2026-08-07 11:52:05,2026-08-07 11:52:05
213932,1990,RYPL6,COMPRA,348,87.1489,7.4460,2026-08-07 12:40:04,2026-08-07 12:40:06,2026-08-07 12:40:06
213933,2960,NAOF3,COMPRA,370,56.5357,10.8374,2026-08-07 13:46:17,2026-08-07 13:46:17,2026-08-07 13:46:17
213934,2080,PBZM6,COMPRA,324,66.4035,2.8910,2026-08-07 16:08:59,2026-08-07 16:09:01,2026-08-07 16:09:01
213935,1563,OXVD8,COMPRA,334,80.2924,4.7616,2026-08-07 15:59:24,2026-08-07 15:59:25,2026-08-07 15:59:25
213936,3233,DGBT6,COMPRA,260,84.5529,11.7158,2026-08-07 11:39:41,2026-08-07 11:39:44,2026-08-07 11:39:44
213937,3281,HCLJ8,COMPRA,400,128.1237,1.8315,2026-08-07 16:58:31,2026-08-07 16:58:32,2026-08-07 16:58:32
213938,2530,ZFBT3,COMPRA,490,92.8831,1.5829,2026-08-07 11:31:18,2026-08-07 11:31:21,2026-08-07 11:31:21
213939,1661,RDOA3,COMPRA,405,84.1289,9.6907,2026-08-07 15:16:19,2026-08-07 15:16:21,2026-08-07 15:16:21
213940,1177,DGBT6,COMPRA,75,72.9705,7.9063,2026-08-07 14:37:15,2026-08-07 14:37:15,2026-08-07 14:37:15
213941,2961,MOLF3,COMPRA,25,42.2180,3.2851,2026-08-07 13:26:58,2026-08-07 13:27:00,2026-08-07 13:27:00
213942,2088,IWFI1,COMPRA,380,174.1327,11.2995,2026-08-07 16:52:42,2026-08-07 16:52:44,2026-08-07 16:52:44
213943,2170,NREP8,COMPRA,430,114.0132,2.7734,2026-08-07 13:24:23,2026-08-07 13:24:26,2026-08-07 13:24:26
213944,3451,SGBG8,COMPRA,390,67.3161,11.5495,2026-08-07 12:10:50,2026-08-07 12:10:52,2026-08-07 12:10:52
213945,1615,UCHR6,COMPRA,275,371.4219,6.1532,2026-08-07 11:28:00,2026-08-07 11:28:02,2026-08-07 11:28:02
213946,1630,AYFQ2,COMPRA,80,11.0996,12.2043,2026-08-07 14:46:21,2026-08-07 14:46:23,2026-08-07 14:46:23
213947,1948,CQJZ4,COMPRA,150,68.6838,0.1155,2026-08-07 15:28:57,2026-08-07 15:28:57,2026-08-07 15:28:57
213948,2657,JIPR4,COMPRA,480,38.8632,3.3580,2026-08-07 14:42:53,2026-08-07 14:42:56,2026-08-07 14:42:56
213949,2653,ACSV1,COMPRA,140,76.6995,2.9750,2026-08-07 11:56:01,2026-08-07 11:56:02,2026-08-07 11:56:02
213950,1470,NGIU9,COMPRA,215,101.8944,10.3504,2026-08-07 12:25:52,2026-08-07 12:25:52,2026-08-07 12:25:52
213951,1091,AYFQ2,COMPRA,285,10.2788,2.1076,2026-08-07 16:48:05,2026-08-07 16:48:06,2026-08-07 16:48:06
213952,1326,LGKU6,COMPRA,242,67.7312,12.2638,2026-08-07 17:28:15,2026-08-07 17:28:16,2026-08-07 17:28:16
213953,1656,HJRH5,COMPRA,455,150.6256,12.6890,2026-08-07 10:08:44,2026-08-07 10:08:47,2026-08-07 10:08:47
213954,1843,FRGH8,COMPRA,275,91.7774,1.4628,2026-08-07 16:27:02,2026-08-07 16:27:05,2026-08-07 16:27:05
213955,2728,NQYT3,COMPRA,345,48.4366,5.9396,2026-08-07 11:05:32,2026-08-07 11:05:32,2026-08-07 11:05:32
213956,3145,YIHC3,COMPRA,282,52.6110,6.0496,2026-08-07 11:56:25,2026-08-07 11:56:26,2026-08-07 11:56:26
213957,3209,KQEO3,COMPRA,240,59.0842,,2026-08-07 13:09:00,2026-08-07 13:09:03,2026-08-07 13:09:03
213958,3174,JDJG6,COMPRA,325,85.6982,12.4541,2026-08-07 16:07:05,2026-08-07 16:07:08,2026-08-07 16:07:08
213959,2713,ZAAS7,COMPRA,185,495.6528,1.9262,2026-08-07 12:24:40,2026-08-07 12:24:42,2026-08-07 12:24:42
213960,2948,MGRR2,COMPRA,25,121.0094,9.0086,2026-08-07 15:42:33,2026-08-07 15:42:35,2026-08-07 15:42:35
213961,3077,NHYK8,COMPRA,460,82.4379,0.0775,2026-08-07 12:03:40,2026-08-07 12:03:42,2026-08-07 12:03:42
213962,2393,JUDG8,COMPRA,65,98.7498,5.6420,2026-08-07 13:37:03,2026-08-07 13:37:06,2026-08-07 13:37:06
213963,3217,TTHO3,COMPRA,375,28.3574,8.1404,2026-08-07 16:42:25,2026-08-07 16:42:26,2026-08-07 16:42:26
213964,1255,SUZL4,COMPRA,410,126.0986,3.1007,2026-08-07 16:31:41,2026-08-07 16:31:41,2026-08-07 16:31:41
213965,2547,DFGR7,COMPRA,475,109.2161,10.8783,2026-08-07 16:31:40,2026-08-07 16:31:40,2026-08-07 16:31:40
213966,1667,SGBG8,COMPRA,230,87.4825,11.4681,2026-08-07 12:46:22,2026-08-07 12:46:23,2026-08-07 12:46:23
213967,2638,FIUW1,COMPRA,40,113.9662,9.9339,2026-08-07 16:23:57,2026-08-07 16:24:00,2026-08-07 16:24:00
213968,2973,NYGT6,COMPRA,470,109.8048,7.2377,2026-08-07 16:35:38,2026-08-07 16:35:40,2026-08-07 16:35:40
213969,3345,LIEG8,COMPRA,500,118.5797,5.7062,2026-08-07 17:28:23,2026-08-07 17:28:26,2026-08-07 17:28:26
213970,1550,ZYVN7,COMPRA,440,84.6805,5.7917,2026-08-07 12:10:49,2026-08-07 12:10:51,2026-08-07 12:10:51
213971,2344,BOCS8,COMPRA,375,64.7569,2.9948,2026-08-07 10:01:24,2026-08-07 10:01:27,2026-08-07 10:01:27
213972,1184,NQYT3,COMPRA,20,56.7298,5.6942,2026-08-07 16:03:17,2026-08-07 16:03:20,2026-08-07 16:03:20
213973,3343,NGIU9,COMPRA,285,116.6375,7.5505,2026-08-07 15:57:13,2026-08-07 15:57:15,2026-08-07 15:57:15
213974,1495,DSFC9,COMPRA,15,505.4978,0.1652,2026-08-07 13:41:29,2026-08-07 13:41:32,2026-08-07 13:41:32
213975,1730,UVEY5,VENDA,65,92.8723,11.8534,2026-08-07 17:16:04,2026-08-07 17:16:06,2026-08-07 17:16:06
213976,1273,PQUT9,COMPRA,60,72.2278,10.5933,2026-08-07 11:34:04,2026-08-07 11:34:06,2026-08-07 11:34:06
213977,2918,GKQC5,COMPRA,200,119.7409,8.0245,2026-08-07 13:02:17,2026-08-07 13:02:19,2026-08-07 13:02:19
213978,1440,AAUA7,COMPRA,285,167.6156,6.3057,2026-08-07 15:30:02,2026-08-07 15:30:03,2026-08-07 15:30:03
213979,2031,HJRH5,COMPRA,145,165.1713,9.5457,2026-08-07 11:42:50,2026-08-07 11:42:53,2026-08-07 11:42:53
213980,3321,OVUQ2,COMPRA,400,41.1523,2.5880,2026-08-07 15:40:11,2026-08-07 15:40:14,2026-08-07 15:40:14
213981,2649,SGBG8,COMPRA,225,98.9850,5.2591,2026-08-07 13:29:19,2026-08-07 13:29:21,2026-08-07 13:29:21
213982,2632,HCLJ8,COMPRA,455,100.9027,1.6223,2026-08-07 14:45:21,2026-08-07 14:45:23,2026-08-07 14:45:23
213983,2254,NUJZ2,COMPRA,310,27.4924,4.7314,2026-08-07 10:14:28,2026-08-07 10:14:28,2026-08-07 10:14:28
213984,1060,YOWA1,COMPRA,190,62.6691,6.0564,2026-08-07 11:15:37,2026-08-07 11:15:40,2026-08-07 11:15:40
213985,3126,ZAAS7,COMPRA,455,467.0160,12.7104,2026-08-07 14:18:42,2026-08-07 14:18:43,2026-08-07 14:18:43
213986,3148,ECQD7,COMPRA,305,76.5537,3.2192,2026-08-07 15:27:26,2026-08-07 15:27:29,2026-08-07 15:27:29
213987,3248,SUZL4,COMPRA,370,119.9805,6.9581,2026-08-07 12:44:31,2026-08-07 12:44:31,2026-08-07 12:44:31
213988,2570,OVYL9,COMPRA,90,73.2904,7.3795,2026-08-07 14:51:56,2026-08-07 14:51:56,2026-08-07 14:51:56
213989,2196,UFMA7,COMPRA,350,133.0809,9.1498,2026-08-07 17:13:23,2026-08-07 17:13:26,2026-08-07 17:13:26
213990,3079,RFNS7,COMPRA,65,103.8934,1.7555,2026-08-07 10:12:18,2026-08-07 10:12:18,2026-08-07 10:12:18
213991,3088,AAWB3,COMPRA,5,166.0245,7.3833,2026-08-07 14:02:02,2026-08-07 14:02:05,2026-08-07 14:02:05
213992,1647,XOVY4,COMPRA,420,103.7039,3.7828,2026-08-07 14:35:13,2026-08-07 14:35:16,2026-08-07 14:35:16
213993,2379,TNHT4,COMPRA,340,116.2222,6.5585,2026-08-07 11:04:27,2026-08-07 11:04:29,2026-08-07 11:04:29
213994,3230,ACSV1,COMPRA,485,97.9596,9.2030,2026-08-07 12:15:04,2026-08-07 12:15:07,2026-08-07 12:15:07
213995,2954,XTVW5,COMPRA,230,85.5461,11.4881,2026-08-07 11:59:56,2026-08-07 11:59:59,2026-08-07 11:59:59
213996,2143,HJRH5,COMPRA,185,161.9881,3.7676,2026-08-07 13:59:33,2026-08-07 13:59:35,2026-08-07 13:59:35
213997,2099,RFNS7,COMPRA,360,65.6639,0.2927,2026-08-07 17:19:09,2026-08-07 17:19:11,2026-08-07 17:19:11
213998,2057,OXVD8,COMPRA,390,92.6641,3.1881,2026-08-07 16:28:20,2026-08-07 16:28:20,2026-08-07 16:28:20
213999,3438,RDOA3,COMPRA,35,80.0527,1.0357,2026-08-07 16:29:06,2026-08-07 16:29:06,2026-08-07 16:29:06
214000,1631,ACSV1,COMPRA,240,75.4052,2.7859,2026-08-07 16:16:59,2026-08-07 16:17:01,2026-08-07 16:17:01
214001,2885,DSFC9,COMPRA,300,330.6795,12.5307,2026-08-07 15:12:31,2026-08-07 15:12:34,2026-08-07 15:12:34
214002,3355,XLZM9,COMPRA,360,52.8606,6.0630,2026-08-07 14:30:45,2026-08-07 14:30:46,2026-08-07 14:30:46
214003,1132,DHRM5,COMPRA,190,296.3803,4.4895,2026-08-07 15:26:52,2026-08-07 15:26:53,2026-08-07 15:26:53
214004,2331,TVCE9,COMPRA,195,61.7337,3.1894,2026-08-07 15:24:49,2026-08-07 15:24:52,2026-08-07 15:24:52
214005,3167,SGBG8,COMPRA,481,77.2872,2.1150,2026-08-07 12:25:38,2026-08-07 12:25:38,2026-08-07 12:25:38
214006,1168,VLEB3,COMPRA,59,401.9108,11.8876,2026-08-07 10:31:55,2026-08-07 10:31:58,2026-08-07 10:31:58
214007,1849,PBZM6,COMPRA,470,52.6479,0.8161,2026-08-07 12:22:10,2026-08-07 12:22:11,2026-08-07 12:22:11
214008,2380,PQUT9,COMPRA,235,77.2004,1.6248,2026-08-07 16:09:12,2026-08-07 16:09:15,2026-08-07 16:09:15
214009,2161,RSBT4,COMPRA,85,328.2397,6.3487,2026-08-07 14:11:04,2026-08-07 14:11:07,2026-08-07 14:11:07
214010,3227,UYFJ9,COMPRA,360,72.6847,8.4291,2026-08-07 14:45:09,2026-08-07 14:45:11,2026-08-07 14:45:11
214011,3462,WXQM6,COMPRA,120,59.9035,0.6524,2026-08-07 14:13:49,2026-08-07 14:13:52,2026-08-07 14:13:52
214012,1115,AAWB3,COMPRA,220,149.1595,5.6955,2026-08-07 12:39:54,2026-08-07 12:39:56,2026-08-07 12:39:56
214013,1749,UFIU3,COMPRA,243,104.6979,8.1116,2026-08-07 17:10:27,2026-08-07 17:10:30,2026-08-07 17:10:30
214014,1843,NHYK8,VENDA,60,77.7554,5.1743,2026-08-07 11:22:40,2026-08-07 11:22:40,2026-08-07 11:22:40
214015,1271,JIPA6,COMPRA,351,44.4950,4.5984,2026-08-07 11:37:22,2026-08-07 11:37:24,2026-08-07 11:37:24
214016,2676,IJJK3,COMPRA,395,121.7178,9.2963,2026-08-07 13:40:07,2026-08-07 13:40:10,2026-08-07 13:40:10
214017,1232,TBWG2,COMPRA,440,85.8507,9.8806,2026-08-07 16:41:16,2026-08-07 16:41:19,2026-08-07 16:41:19
214018,3022,LQML9,COMPRA,275,137.3727,7.4554,2026-08-07 11:12:04,2026-08-07 11:12:04,2026-08-07 11:12:04
214019,1825,IWFI1,COMPRA,345,191.3713,8.3906,2026-08-07 13:13:41,2026-08-07 13:13:41,2026-08-07 13:13:41
214020,1467,OVYL9,COMPRA,375,65.5111,2.1741,2026-08-07 16:29:14,2026-08-07 16:29:16,2026-08-07 16:29:16
214021,1384,GAKD5,COMPRA,315,238.9214,7.2476,2026-08-07 11:48:41,2026-08-07 11:48:41,2026-08-07 11:48:41
214022,3443,WXQM6,COMPRA,200,53.9899,9.0445,2026-08-07 13:20:09,2026-08-07 13:20:09,2026-08-07 13:20:09
214023,2171,QYBV3,COMPRA,25,64.1027,8.4713,2026-08-07 15:26:08,2026-08-07 15:26:09,2026-08-07 15:26:09
214024,1589,OVUQ2,COMPRA,42,49.1473,1.4696,2026-08-07 12:50:55,2026-08-07 12:50:58,2026-08-07 12:50:58
214025,2590,CQJZ4,COMPRA,110,96.7356,10.5700,2026-08-07 17:11:52,2026-08-07 17:11:55,2026-08-07 17:11:55
214026,2573,NREP8,COMPRA,205,136.8163,3.7030,2026-08-07 11:13:49,2026-08-07 11:13:52,2026-08-07 11:13:52
214027,1535,ZFBT3,COMPRA,425,123.8244,1.6586,2026-08-07 14:15:20,2026-08-07 14:15:21,2026-08-07 14:15:21
214028,2963,RHXV4,COMPRA,445,59.4511,6.9366,2026-08-07 17:09:43,2026-08-07 17:09:44,2026-08-07 17:09:44
214029,2330,PQUT9,COMPRA,440,64.4360,11.3679,2026-08-07 15:34:16,2026-08-07 15:34:17,2026-08-07 15:34:17
214030,1033,QHFL8,COMPRA,470,138.4912,0.2780,2026-08-07 10:42:00,2026-08-07 10:42:00,2026-08-07 10:42:00
214031,1236,YYLA4,COMPRA,195,206.5253,3.1703,2026-08-07 14:08:29,2026-08-07 14:08:30,2026-08-07 14:08:30
214032,1834,EEYY9,COMPRA,475,164.9336,7.1539,2026-08-07 11:18:03,2026-08-07 11:18:03,2026-08-07 11:18:03
214033,2784,RMRT1,COMPRA,30,125.9561,2.0803,2026-08-07 10:05:53,2026-08-07 10:05:53,2026-08-07 10:05:53
214034,1507,RSBT4,COMPRA,115,370.8604,2.9086,2026-08-07 14:52:56,2026-08-07 14:52:58,2026-08-07 14:52:58
214035,1170,UCHR6,COMPRA,20,503.8519,4.0173,2026-08-07 12:08:26,2026-08-07 12:08:27,2026-08-07 12:08:27
214036,3330,KFSY2,COMPRA,325,113.5558,12.8696,2026-08-07 13:36:05,2026-08-07 13:36:05,2026-08-07 13:36:05
214037,3099,SUZL4,COMPRA,310,169.7471,10.1861,2026-08-07 14:05:50,2026-08-07 14:05:50,2026-08-07 14:05:50
214038,2272,TNHT4,COMPRA,120,133.2476,2.9659,2026-08-07 13:32:29,2026-08-07 13:32:30,2026-08-07 13:32:30
214039,2786,KQEO3,COMPRA,195,66.0036,8.1272,2026-08-07 14:30:40,2026-08-07 14:30:43,2026-08-07 14:30:43
214040,3143,YCCK8,COMPRA,345,397.5709,12.1530,2026-08-07 10:49:31,2026-08-07 10:49:31,2026-08-07 10:49:31
214041,2505,RFNS7,COMPRA,5,74.6519,3.0303,2026-08-07 14:53:08,2026-08-07 14:53:11,2026-08-07 14:53:11
214042,1895,WIPB2,COMPRA,90,120.4985,11.4178,2026-08-07 12:48:05,2026-08-07 12:48:06,2026-08-07 12:48:06
214043,2063,YRWH3,COMPRA,350,164.4800,9.6779,2026-08-07 11:02:56,2026-08-07 11:02:59,2026-08-07 11:02:59
214044,1184,QATW7,COMPRA,173,41.8232,2.6851,2026-08-07 14:17:36,2026-08-07 14:17:37,2026-08-07 14:17:37
214045,1292,PQUT9,COMPRA,175,97.1251,8.4139,2026-08-07 14:17:54,2026-08-07 14:17:56,2026-08-07 14:17:56
214046,1098,WMQZ6,COMPRA,180,76.3033,6.2657,2026-08-07 11:33:05,2026-08-07 11:33:07,2026-08-07 11:33:07
214047,2763,XOVY4,VENDA,73,112.9194,9.5926,2026-08-07 10:47:43,2026-08-07 10:47:45,2026-08-07 10:47:45
214048,1254,DGBT6,COMPRA,470,68.9908,8.5552,2026-08-07 12:03:19,2026-08-07 12:03:19,2026-08-07 12:03:19
214049,2252,YYLA4,COMPRA,160,226.0141,3.1404,2026-08-07 11:14:45,2026-08-07 11:14:47,2026-08-07 11:14:47
214050,1255,MCHX2,COMPRA,425,123.0205,2.8184,2026-08-07 17:05:56,2026-08-07 17:05:58,2026-08-07 17:05:58
214051,1830,MJDL9,COMPRA,377,31.0910,10.6777,2026-08-07 15:02:26,2026-08-07 15:02:28,2026-08-07 15:02:28
214052,3026,RYPL6,COMPRA,326,82.8838,7.4074,2026-08-07 16:45:01,2026-08-07 16:45:01,2026-08-07 16:45:01
214053,3454,UCHR6,COMPRA,425,377.0121,7.8331,2026-08-07 12:57:28,2026-08-07 12:57:30,2026-08-07 12:57:30
214054,2964,LQML9,VENDA,463,138.3023,4.3392,2026-08-07 16:37:06,2026-08-07 16:37:06,2026-08-07 16:37:06
214055,3518,PSEN6,COMPRA,165,226.5698,11.6763,2026-08-07 17:23:43,2026-08-07 17:23:45,2026-08-07 17:23:45
214056,2164,XAVL3,COMPRA,400,223.7446,5.7095,2026-08-07 13:36:30,2026-08-07 13:36:30,2026-08-07 13:36:30
214057,1241,NHYK8,COMPRA,430,52.8390,1.9537,2026-08-07 11:29:15,2026-08-07 11:29:17,2026-08-07 11:29:17
214058,2127,EEYY9,COMPRA,200,165.9943,2.0552,2026-08-07 13:23:27,2026-08-07 13:23:27,2026-08-07 13:23:27
214059,1765,NHYK8,COMPRA,320,64.6831,5.4013,2026-08-07 13:20:26,2026-08-07 13:20:29,2026-08-07 13:20:29
214060,1739,QQQS1,COMPRA,475,23.2785,8.5231,2026-08-07 11:12:25,2026-08-07 11:12:25,2026-08-07 11:12:25
214061,2522,WMQZ6,COMPRA,305,65.1429,9.4476,2026-08-07 17:07:08,2026-08-07 17:07:08,2026-08-07 17:07:08
214062,2098,LQML9,COMPRA,290,110.4846,2.7389,2026-08-07 17:15:50,2026-08-07 17:15:50,2026-08-07 17:15:50
214063,2910,LCCH9,COMPRA,60,9.9604,12.7655,2026-08-07 11:33:08,2026-08-07 11:33:10,2026-08-07 11:33:10
214064,3308,SGBG8,COMPRA,305,64.2563,7.8043,2026-08-07 10:20:31,2026-08-07 10:20:31,2026-08-07 10:20:31
214065,3256,MJDL9,COMPRA,320,28.5283,11.0204,2026-08-07 14:26:30,2026-08-07 14:26:33,2026-08-07 14:26:33
214066,1591,RSBT4,COMPRA,60,419.0887,0.4195,2026-08-07 15:58:41,2026-08-07 15:58:43,2026-08-07 15:58:43
214067,2578,IWFI1,COMPRA,345,175.6770,0.9132,2026-08-07 15:55:20,2026-08-07 15:55:23,2026-08-07 15:55:23
214068,3431,UCHR6,VENDA,240,427.8267,8.3083,2026-08-07 17:04:19,2026-08-07 17:04:22,2026-08-07 17:04:22
214069,2367,LGKU6,COMPRA,370,74.2118,1.1167,2026-08-07 12:43:21,2026-08-07 12:43:21,2026-08-07 12:43:21
214070,2903,NGIU9,COMPRA,330,108.0929,2.9179,2026-08-07 17:12:45,2026-08-07 17:12:47,2026-08-07 17:12:47
214071,1406,DMTZ8,COMPRA,299,133.5796,10.6282,2026-08-07 13:31:55,2026-08-07 13:31:55,2026-08-07 13:31:55
214072,3207,JIPR4,COMPRA,230,31.9060,3.5125,2026-08-07 13:00:15,2026-08-07 13:00:17,2026-08-07 13:00:17
214073,2956,QTHQ1,COMPRA,10,23.4728,12.0002,2026-08-07 10:58:34,2026-08-07 10:58:35,2026-08-07 10:58:35
214074,1243,KQEO3,COMPRA,465,74.7750,12.7829,2026-08-07 15:36:20,2026-08-07 15:36:20,2026-08-07 15:36:20
214075,3177,NUJZ2,COMPRA,485,34.2456,5.4058,2026-08-07 11:22:39,2026-08-07 11:22:39,2026-08-07 11:22:39
214076,3137,TXHR8,VENDA,290,94.4960,4.8119,2026-08-07 13:28:07,2026-08-07 13:28:08,2026-08-07 13:28:08
214077,2129,TXHR8,COMPRA,440,97.0802,12.3496,2026-08-07 13:59:50,2026-08-07 13:59:50,2026-08-07 13:59:50
214078,1329,VLEB3,COMPRA,265,432.4694,10.6583,2026-08-07 13:20:45,2026-08-07 13:20:48,2026-08-07 13:20:48
214079,2055,LIEG8,COMPRA,455,97.4706,11.9011,2026-08-07 17:26:19,2026-08-07 17:26:19,2026-08-07 17:26:19
214080,2927,UFIU3,COMPRA,325,67.1215,7.6226,2026-08-07 12:44:29,2026-08-07 12:44:29,2026-08-07 12:44:29
214081,2295,IPXK2,COMPRA,425,389.6740,10.6090,2026-08-07 15:44:58,2026-08-07 15:45:00,2026-08-07 15:45:00
214082,2604,RSBT4,COMPRA,350,477.9592,8.6581,2026-08-07 12:28:46,2026-08-07 12:28:47,2026-08-07 12:28:47
214083,1231,TVCE9,COMPRA,20,76.8575,4.7849,2026-08-07 17:26:19,2026-08-07 17:26:20,2026-08-07 17:26:20
214084,2373,FIUW1,COMPRA,120,88.2445,6.5063,2026-08-07 15:40:09,2026-08-07 15:40:10,2026-08-07 15:40:10
214085,2433,KHGP6,COMPRA,384,83.3948,12.5713,2026-08-07 13:10:59,2026-08-07 13:11:00,2026-08-07 13:11:00
214086,1335,YOWA1,COMPRA,335,58.6510,7.2688,2026-08-07 16:09:13,2026-08-07 16:09:13,2026-08-07 16:09:13
214087,1961,ERTC4,COMPRA,237,40.4764,12.0326,2026-08-07 16:14:08,2026-08-07 16:14:09,2026-08-07 16:14:09
214088,2229,MJDL9,COMPRA,290,38.7539,12.1770,2026-08-07 10:07:19,2026-08-07 10:07:19,2026-08-07 10:07:19
214089,2677,QEUC2,COMPRA,105,178.0233,7.8883,2026-08-07 11:25:07,2026-08-07 11:25:07,2026-08-07 11:25:07
214090,2814,IPXK2,COMPRA,339,318.0363,7.4715,2026-08-07 11:16:26,2026-08-07 11:16:29,2026-08-07 11:16:29
214091,2501,NWGB4,COMPRA,15,140.8875,7.1200,2026-08-07 17:03:03,2026-08-07 17:03:06,2026-08-07 17:03:06
214092,2573,FYZB6,COMPRA,125,58.3808,3.9836,2026-08-07 16:43:33,2026-08-07 16:43:35,2026-08-07 16:43:35
214093,2764,ACSV1,COMPRA,357,109.4149,2.2305,2026-08-07 13:56:20,2026-08-07 13:56:22,2026-08-07 13:56:22
214094,1827,LCCH9,COMPRA,15,9.2028,2.8690,2026-08-07 15:29:28,2026-08-07 15:29:31,2026-08-07 15:29:31
214095,2202,DGBT6,COMPRA,389,106.4207,2.7085,2026-08-07 12:29:37,2026-08-07 12:29:38,2026-08-07 12:29:38
214096,1225,DEGN5,COMPRA,285,78.6293,0.3389,2026-08-07 12:19:19,2026-08-07 12:19:22,2026-08-07 12:19:22
214097,1651,SRDU1,COMPRA,242,92.8837,3.4508,2026-08-07 10:52:36,2026-08-07 10:52:39,2026-08-07 10:52:39
214098,2062,TBWG2,COMPRA,300,72.2206,9.8565,2026-08-07 14:34:59,2026-08-07 14:35:00,2026-08-07 14:35:00
214099,2699,LGKU6,COMPRA,355,66.4027,12.6381,2026-08-07 13:27:23,2026-08-07 13:27:25,2026-08-07 13:27:25
214100,1572,AAWB3,COMPRA,440,176.3309,12.5497,2026-08-07 11:55:39,2026-08-07 11:55:42,2026-08-07 11:55:42
214101,2414,IWFI1,COMPRA,225,185.9643,8.2227,2026-08-07 12:43:41,2026-08-07 12:43:43,2026-08-07 12:43:43
214102,3118,QTDZ2,COMPRA,65,60.0958,11.8023,2026-08-07 16:00:36,2026-08-07 16:00:36,2026-08-07 16:00:36
214103,2610,GULD2,COMPRA,380,143.0055,4.9907,2026-08-07 10:08:13,2026-08-07 10:08:14,2026-08-07 10:08:14
214104,3185,LGKU6,COMPRA,320,64.8911,5.0308,2026-08-07 13:33:18,2026-08-07 13:33:21,2026-08-07 13:33:21
214105,2573,DQSN6,COMPRA,250,133.4493,3.2581,2026-08-07 12:26:46,2026-08-07 12:26:46,2026-08-07 12:26:46
214106,1619,NREP8,COMPRA,400,130.8209,2.6334,2026-08-07 16:31:32,2026-08-07 16:31:33,2026-08-07 16:31:33
214107,3396,ECQD7,COMPRA,310,100.0495,12.5935,2026-08-07 11:19:48,2026-08-07 11:19:50,2026-08-07 11:19:50
214108,2372,WIPB2,COMPRA,155,106.4149,5.3959,2026-08-07 10:18:47,2026-08-07 10:18:50,2026-08-07 10:18:50
214109,1902,JJVW6,COMPRA,475,159.1021,3.6493,2026-08-07 17:02:14,2026-08-07 17:02:15,2026-08-07 17:02:15
214110,2513,LGKU6,COMPRA,230,98.1271,3.1233,2026-08-07 16:18:20,2026-08-07 16:18:23,2026-08-07 16:18:23
214111,1355,AAWB3,COMPRA,75,137.2952,8.5092,2026-08-07 15:15:43,2026-08-07 15:15:43,2026-08-07 15:15:43
214112,2727,OVYL9,COMPRA,225,75.5791,6.7594,2026-08-07 10:34:08,2026-08-07 10:34:09,2026-08-07 10:34:09
214113,1228,GULD2,COMPRA,321,162.8381,7.7944,2026-08-07 14:22:46,2026-08-07 14:22:46,2026-08-07 14:22:46
214114,1844,BOCS8,COMPRA,228,77.3238,7.1567,2026-08-07 11:53:42,2026-08-07 11:53:43,2026-08-07 11:53:43
214115,1138,LQML9,COMPRA,140,110.2518,8.8241,2026-08-07 10:29:01,2026-08-07 10:29:01,2026-08-07 10:29:01
214116,2992,PSEN6,COMPRA,115,157.7401,6.5885,2026-08-07 16:45:48,2026-08-07 16:45:49,2026-08-07 16:45:49
214117,3455,WIPB2,VENDA,195,130.6040,12.6747,2026-08-07 10:46:33,2026-08-07 10:46:35,2026-08-07 10:46:35
214118,2666,UVEY5,COMPRA,250,74.1449,4.5642,2026-08-07 16:09:57,2026-08-07 16:09:57,2026-08-07 16:09:57
214119,1575,ICSU4,COMPRA,445,124.2190,1.8356,2026-08-07 11:59:03,2026-08-07 11:59:05,2026-08-07 11:59:05
214120,2660,UQIQ7,COMPRA,140,79.0754,4.7482,2026-08-07 13:40:19,2026-08-07 13:40:22,2026-08-07 13:40:22
214121,2026,TBWG2,COMPRA,345,78.4372,0.8700,2026-08-07 11:05:45,2026-08-07 11:05:47,2026-08-07 11:05:47
214122,1627,NQYT3,COMPRA,195,49.7794,7.1451,2026-08-07 10:30:29,2026-08-07 10:30:31,2026-08-07 10:30:31
214123,1209,RIET5,COMPRA,170,138.0057,7.3766,2026-08-07 13:14:12,2026-08-07 13:14:12,2026-08-07 13:14:12
214124,2769,NWGB4,COMPRA,250,149.9052,10.2011,2026-08-07 17:16:14,2026-08-07 17:16:14,2026-08-07 17:16:14
214125,1985,RMRT1,COMPRA,315,123.9908,7.4915,2026-08-07 16:10:39,2026-08-07 16:10:39,2026-08-07 16:10:39
214126,2172,UQIQ7,COMPRA,445,72.0431,8.6614,2026-08-07 13:26:54,2026-08-07 13:26:55,2026-08-07 13:26:55
214127,1235,MOLF3,COMPRA,280,58.1951,3.3515,2026-08-07 11:22:15,2026-08-07 11:22:18,2026-08-07 11:22:18
214128,1030,VLEB3,COMPRA,315,421.8860,4.0921,2026-08-07 16:05:50,2026-08-07 16:05:52,2026-08-07 16:05:52
214129,3301,WHMT3,COMPRA,160,100.7387,3.2511,2026-08-07 14:58:12,2026-08-07 14:58:12,2026-08-07 14:58:12
214130,1961,LGKU6,COMPRA,475,77.1566,4.5497,2026-08-07 16:42:09,2026-08-07 16:42:09,2026-08-07 16:42:09
214131,2038,MCMT2,COMPRA,65,89.2343,6.0889,2026-08-07 12:20:41,2026-08-07 12:20:41,2026-08-07 12:20:41
214132,1169,OVUQ2,COMPRA,315,49.3273,6.0689,2026-08-07 13:40:12,2026-08-07 13:40:12,2026-08-07 13:40:12
214133,2703,SUZL4,COMPRA,140,148.6630,10.0795,2026-08-07 17:24:00,2026-08-07 17:24:01,2026-08-07 17:24:01
214134,1164,JIPR4,COMPRA,35,30.4917,9.7544,2026-08-07 11:29:21,2026-08-07 11:29:24,2026-08-07 11:29:24
214135,2586,UVEY5,COMPRA,380,86.8704,4.3528,2026-08-07 12:28:25,2026-08-07 12:28:27,2026-08-07 12:28:27
214136,2139,CQIL9,COMPRA,320,35.2284,0.2830,2026-08-07 13:30:40,2026-08-07 13:30:41,2026-08-07 13:30:41
214137,3279,PSEN6,COMPRA,370,214.9436,9.0256,2026-08-07 11:56:44,2026-08-07 11:56:47,2026-08-07 11:56:47
214138,1026,FIUW1,COMPRA,301,100.5423,7.0081,2026-08-07 15:33:39,2026-08-07 15:33:39,2026-08-07 15:33:39
214139,1987,AAUA7,COMPRA,483,142.0223,8.5622,2026-08-07 11:08:09,2026-08-07 11:08:09,2026-08-07 11:08:09
214140,3427,WHMT3,COMPRA,455,94.1448,1.8560,2026-08-07 11:56:07,2026-08-07 11:56:09,2026-08-07 11:56:09
214141,3324,DGBT6,COMPRA,464,96.4320,5.3009,2026-08-07 11:27:28,2026-08-07 11:27:30,2026-08-07 11:27:30
214142,2350,PSEN6,COMPRA,438,167.1274,12.1678,2026-08-07 10:28:21,2026-08-07 10:28:24,2026-08-07 10:28:24
214143,1808,BXFJ9,COMPRA,60,162.3983,5.2297,2026-08-07 14:58:55,2026-08-07 14:58:55,2026-08-07 14:58:55
214144,2666,MCMT2,COMPRA,385,89.6102,8.3625,2026-08-07 14:59:45,2026-08-07 14:59:46,2026-08-07 14:59:46
214145,2620,BOCS8,COMPRA,160,48.4678,11.8238,2026-08-07 13:26:08,2026-08-07 13:26:09,2026-08-07 13:26:09
214146,1065,QHFL8,COMPRA,40,171.0443,12.7418,2026-08-07 10:52:56,2026-08-07 10:52:57,2026-08-07 10:52:57
214147,3200,LQML9,COMPRA,345,163.1321,10.6608,2026-08-07 12:42:10,2026-08-07 12:42:11,2026-08-07 12:42:11
214148,1803,NGIU9,COMPRA,320,90.8921,2.7885,2026-08-07 11:53:32,2026-08-07 11:53:34,2026-08-07 11:53:34
214149,3491,DFGR7,COMPRA,475,106.0241,2.4879,2026-08-07 17:24:02,2026-08-07 17:24:05,2026-08-07 17:24:05
214150,3403,LQML9,COMPRA,15,157.7787,11.5812,2026-08-07 11:38:08,2026-08-07 11:38:09,2026-08-07 11:38:09
214151,2158,GAKD5,COMPRA,150,305.2671,5.0404,2026-08-07 11:29:46,2026-08-07 11:29:49,2026-08-07 11:29:49
214152,3035,SVOZ4,COMPRA,465,38.4304,12.6534,2026-08-07 16:52:04,2026-08-07 16:52:05,2026-08-07 16:52:05
214153,3056,WXFC8,COMPRA,225,70.0185,7.4542,2026-08-07 12:19:40,2026-08-07 12:19:43,2026-08-07 12:19:43
214154,1130,NWGB4,COMPRA,80,98.9708,6.7111,2026-08-07 15:25:13,2026-08-07 15:25:14,2026-08-07 15:25:14
214155,1236,PQUT9,COMPRA,160,68.1320,0.7876,2026-08-07 15:32:21,2026-08-07 15:32:22,2026-08-07 15:32:22
214156,2377,IZTY4,COMPRA,70,36.0752,5.0944,2026-08-07 17:18:39,2026-08-07 17:18:41,2026-08-07 17:18:41
214157,1234,KQEO3,COMPRA,250,78.6753,5.0588,2026-08-07 10:08:42,2026-08-07 10:08:42,2026-08-07 10:08:42
214158,2850,YRWH3,COMPRA,30,156.4796,0.8909,2026-08-07 13:52:18,2026-08-07 13:52:21,2026-08-07 13:52:21
214159,2805,GAKD5,COMPRA,35,279.4827,10.3533,2026-08-07 13:20:44,2026-08-07 13:20:45,2026-08-07 13:20:45
214160,2037,WIPB2,COMPRA,490,92.1502,11.4026,2026-08-07 13:57:00,2026-08-07 13:57:01,2026-08-07 13:57:01
214161,2547,YRWH3,COMPRA,455,187.0737,0.3944,2026-08-07 15:45:03,2026-08-07 15:45:06,2026-08-07 15:45:06
214162,1376,SGBG8,COMPRA,490,102.8003,0.5700,2026-08-07 12:23:08,2026-08-07 12:23:08,2026-08-07 12:23:08
214163,3042,LIEG8,COMPRA,215,88.2756,11.7582,2026-08-07 11:22:20,2026-08-07 11:22:20,2026-08-07 11:22:20
214164,3291,DMTZ8,COMPRA,170,179.9588,4.7511,2026-08-07 10:19:14,2026-08-07 10:19:17,2026-08-07 10:19:17
214165,1373,IZTY4,COMPRA,245,30.3896,5.6919,2026-08-07 16:48:35,2026-08-07 16:48:38,2026-08-07 16:48:38
214166,2460,FRGH8,COMPRA,225,71.7722,0.2951,2026-08-07 15:27:49,2026-08-07 15:27:49,2026-08-07 15:27:49
214167,3251,DFGR7,COMPRA,322,110.1621,7.0532,2026-08-07 13:10:42,2026-08-07 13:10:45,2026-08-07 13:10:45
214168,2274,UCHR6,COMPRA,495,516.2801,11.1018,2026-08-07 16:41:01,2026-08-07 16:41:04,2026-08-07 16:41:04
214169,1600,NWGB4,COMPRA,205,161.6367,11.5085,2026-08-07 12:34:19,2026-08-07 12:34:21,2026-08-07 12:34:21
214170,2391,FIUW1,COMPRA,340,135.5909,6.2831,2026-08-07 14:51:48,2026-08-07 14:51:48,2026-08-07 14:51:48
214171,1635,LGKU6,COMPRA,5,61.6025,1.1224,2026-08-07 16:51:01,2026-08-07 16:51:02,2026-08-07 16:51:02
214172,2055,TXHR8,COMPRA,400,106.3507,12.0369,2026-08-07 16:33:12,2026-08-07 16:33:13,2026-08-07 16:33:13
214173,1473,ZHTL2,COMPRA,115,58.4566,2.6707,2026-08-07 14:13:57,2026-08-07 14:13:58,2026-08-07 14:13:58
214174,3350,YRWH3,COMPRA,455,196.7210,0.5626,2026-08-07 14:42:49,2026-08-07 14:42:52,2026-08-07 14:42:52
214175,1752,PQUT9,COMPRA,225,76.2468,6.4685,2026-08-07 12:47:15,2026-08-07 12:47:16,2026-08-07 12:47:16
214176,2856,EEYY9,COMPRA,88,184.2179,9.0443,2026-08-07 16:11:47,2026-08-07 16:11:48,2026-08-07 16:11:48
214177,2459,UQIQ7,COMPRA,400,92.1339,3.1920,2026-08-07 12:51:59,2026-08-07 12:52:01,2026-08-07 12:52:01
214178,2914,MGRR2,COMPRA,255,135.4629,11.2929,2026-08-07 12:11:21,2026-08-07 12:11:22,2026-08-07 12:11:22
214179,1589,UFIU3,COMPRA,308,82.6111,8.1488,2026-08-07 15:19:32,2026-08-07 15:19:35,2026-08-07 15:19:35
214180,1957,NQYT3,COMPRA,375,60.1442,7.7202,2026-08-07 10:51:58,2026-08-07 10:51:59,2026-08-07 10:51:59
214181,2979,QHFL8,COMPRA,398,157.1998,0.9126,2026-08-07 12:24:44,2026-08-07 12:24:47,2026-08-07 12:24:47
214182,3436,JIPR4,COMPRA,120,27.4246,10.9357,2026-08-07 14:24:55,2026-08-07 14:24:57,2026-08-07 14:24:57
214183,3087,OXVD8,COMPRA,195,72.2150,11.2172,2026-08-07 12:10:59,2026-08-07 12:11:01,2026-08-07 12:11:01
214184,2764,UQJU7,COMPRA,165,85.0786,12.7631,2026-08-07 16:39:17,2026-08-07 16:39:20,2026-08-07 16:39:20
214185,1556,LCCH9,COMPRA,410,8.0019,4.9366,2026-08-07 16:05:34,2026-08-07 16:05:37,2026-08-07 16:05:37
214186,3426,QTDZ2,COMPRA,385,60.2938,4.0384,2026-08-07 14:40:35,2026-08-07 14:40:35,2026-08-07 14:40:35
214187,3027,QTDZ2,COMPRA,110,54.9888,12.3434,2026-08-07 14:54:59,2026-08-07 14:54:59,2026-08-07 14:54:59
214188,1492,LIEG8,COMPRA,270,77.7002,7.5938,2026-08-07 12:06:52,2026-08-07 12:06:52,2026-08-07 12:06:52
214189,2815,XAVL3,COMPRA,55,206.0577,3.8353,2026-08-07 14:53:08,2026-08-07 14:53:10,2026-08-07 14:53:10
214190,2475,XOVY4,COMPRA,445,96.4403,7.1589,2026-08-07 17:18:00,2026-08-07 17:18:02,2026-08-07 17:18:02
214191,1895,SUZL4,VENDA,366,106.1682,6.1432,2026-08-07 14:40:07,2026-08-07 14:40:08,2026-08-07 14:40:08
214192,2080,JIPR4,COMPRA,110,37.2642,10.9282,2026-08-07 14:15:54,2026-08-07 14:15:54,2026-08-07 14:15:54
214193,1337,ZHTL2,COMPRA,435,72.2625,11.1897,2026-08-07 14:08:55,2026-08-07 14:08:55,2026-08-07 14:08:55
214194,2039,MJDL9,COMPRA,135,26.2759,12.6791,2026-08-07 14:37:21,2026-08-07 14:37:23,2026-08-07 14:37:23
214195,1795,SGBG8,COMPRA,25,80.5949,2.5880,2026-08-07 16:55:11,2026-08-07 16:55:13,2026-08-07 16:55:13
214196,2596,OVUQ2,COMPRA,125,52.7475,11.8713,2026-08-07 12:43:55,2026-08-07 12:43:58,2026-08-07 12:43:58
214197,1807,QTHQ1,COMPRA,225,21.4461,9.4758,2026-08-07 16:32:05,2026-08-07 16:32:07,2026-08-07 16:32:07
214198,3093,IWAK1,COMPRA,225,69.0154,9.2394,2026-08-07 13:39:38,2026-08-07 13:39:39,2026-08-07 13:39:39
214199,1400,ECQD7,COMPRA,485,85.4331,11.5621,2026-08-07 11:36:22,2026-08-07 11:36:25,2026-08-07 11:36:25
214200,1318,AAUA7,COMPRA,450,119.7907,3.6914,2026-08-07 14:14:07,2026-08-07 14:14:07,2026-08-07 14:14:07
214201,2580,MJDL9,COMPRA,450,33.8956,9.8537,2026-08-07 11:43:03,2026-08-07 11:43:06,2026-08-07 11:43:06
214202,2841,YCCK8,COMPRA,27,326.1527,0.6195,2026-08-07 10:22:49,2026-08-07 10:22:50,2026-08-07 10:22:50
214203,1737,GULD2,COMPRA,252,141.0405,9.0763,2026-08-07 14:43:26,2026-08-07 14:43:28,2026-08-07 14:43:28
214204,3036,NPEM3,COMPRA,227,104.4525,2.3024,2026-08-07 17:16:03,2026-08-07 17:16:04,2026-08-07 17:16:04
214205,1639,XPVA7,COMPRA,460,442.5078,10.6382,2026-08-07 10:18:24,2026-08-07 10:18:26,2026-08-07 10:18:26
214206,3500,JUDG8,COMPRA,290,80.6106,10.9447,2026-08-07 10:54:28,2026-08-07 10:54:28,2026-08-07 10:54:28
214207,2479,AYFQ2,COMPRA,405,14.3310,9.6949,2026-08-07 12:34:27,2026-08-07 12:34:28,2026-08-07 12:34:28
214208,2756,ICSU4,COMPRA,435,118.4937,11.7551,2026-08-07 14:40:28,2026-08-07 14:40:30,2026-08-07 14:40:30
214209,1047,QTDZ2,COMPRA,245,41.2854,11.8630,2026-08-07 10:33:38,2026-08-07 10:33:40,2026-08-07 10:33:40
214210,1964,XLZM9,COMPRA,150,51.1104,12.4050,2026-08-07 15:37:16,2026-08-07 15:37:17,2026-08-07 15:37:17
214211,2308,ZHTL2,COMPRA,268,63.6245,1.0940,2026-08-07 10:30:14,2026-08-07 10:30:17,2026-08-07 10:30:17
214212,2478,FYZB6,COMPRA,225,85.4829,4.7391,2026-08-07 13:06:56,2026-08-07 13:06:59,2026-08-07 13:06:59
214213,2546,IJJK3,COMPRA,345,95.2726,10.7215,2026-08-07 15:31:44,2026-08-07 15:31:47,2026-08-07 15:31:47
214214,1644,ENRZ2,COMPRA,490,77.5752,7.0827,2026-08-07 12:43:09,2026-08-07 12:43:09,2026-08-07 12:43:09
214215,1229,YYLA4,COMPRA,15,176.4542,1.9409,2026-08-07 12:31:18,2026-08-07 12:31:19,2026-08-07 12:31:19
214216,3297,DFGR7,COMPRA,220,108.0367,12.7393,2026-08-07 10:23:08,2026-08-07 10:23:09,2026-08-07 10:23:09
214217,1729,MJDL9,COMPRA,260,38.6440,3.2069,2026-08-07 14:53:57,2026-08-07 14:53:57,2026-08-07 14:53:57
214218,3202,JUDG8,COMPRA,82,89.3867,2.7081,2026-08-07 14:32:57,2026-08-07 14:32:59,2026-08-07 14:32:59
214219,2163,OEQA8,COMPRA,125,465.0779,8.2649,2026-08-07 10:44:55,2026-08-07 10:44:58,2026-08-07 10:44:58
214220,1701,DGBT6,COMPRA,130,111.5501,10.6263,2026-08-07 17:06:24,2026-08-07 17:06:25,2026-08-07 17:06:25
214221,1740,UQJU7,COMPRA,105,82.9830,9.8616,2026-08-07 11:05:54,2026-08-07 11:05:54,2026-08-07 11:05:54
214222,3090,OEQA8,COMPRA,165,425.0326,1.2712,2026-08-07 11:30:30,2026-08-07 11:30:32,2026-08-07 11:30:32
214223,2051,MCMT2,COMPRA,235,95.4233,9.6457,2026-08-07 13:10:33,2026-08-07 13:10:33,2026-08-07 13:10:33
214224,3262,CQJZ4,COMPRA,300,93.6508,10.1444,2026-08-07 16:32:53,2026-08-07 16:32:54,2026-08-07 16:32:54
214225,1274,SUZL4,COMPRA,205,133.2438,5.9306,2026-08-07 12:58:09,2026-08-07 12:58:09,2026-08-07 12:58:09
214226,2679,YFAH5,COMPRA,375,150.7261,7.9544,2026-08-07 11:01:38,2026-08-07 11:01:40,2026-08-07 11:01:40
214227,2851,VLEB3,COMPRA,265,473.3335,0.5283,2026-08-07 14:30:56,2026-08-07 14:30:56,2026-08-07 14:30:56
214228,1357,ENRZ2,COMPRA,420,103.4460,2.4049,2026-08-07 15:56:11,2026-08-07 15:56:12,2026-08-07 15:56:12
214229,2595,QQQS1,COMPRA,185,28.0311,10.3235,2026-08-07 15:33:41,2026-08-07 15:33:41,2026-08-07 15:33:41
214230,2570,ZYVN7,COMPRA,85,71.2321,8.9027,2026-08-07 13:20:06,2026-08-07 13:20:07,2026-08-07 13:20:07
214231,2496,TTHO3,COMPRA,50,29.1891,2.8955,2026-08-07 11:53:28,2026-08-07 11:53:31,2026-08-07 11:53:31
214232,2538,WXQM6,COMPRA,460,39.1424,0.6541,2026-08-07 14:58:42,2026-08-07 14:58:43,2026-08-07 14:58:43
214233,3381,HCLJ8,COMPRA,485,125.2719,0.9543,2026-08-07 17:23:10,2026-08-07 17:23:12,2026-08-07 17:23:12
214234,1339,WHMT3,COMPRA,185,130.1555,8.2722,2026-08-07 13:01:54,2026-08-07 13:01:55,2026-08-07 13:01:55
214235,2417,ICSU4,COMPRA,310,139.0557,3.0624,2026-08-07 13:37:36,2026-08-07 13:37:38,2026-08-07 13:37:38
214236,2299,QYBV3,COMPRA,452,79.3215,4.2601,2026-08-07 12:59:00,2026-08-07 12:59:03,2026-08-07 12:59:03
214237,1045,RDOA3,COMPRA,465,108.3630,2.7965,2026-08-07 14:47:39,2026-08-07 14:47:42,2026-08-07 14:47:42
214238,2411,YYLA4,COMPRA,170,231.0370,9.6249,2026-08-07 11:44:47,2026-08-07 11:44:47,2026-08-07 11:44:47
214239,1584,NGIU9,COMPRA,380,128.8700,6.9912,2026-08-07 11:58:08,2026-08-07 11:58:11,2026-08-07 11:58:11
214240,1971,QEUC2,COMPRA,450,157.0041,5.4533,2026-08-07 17:25:16,2026-08-07 17:25:17,2026-08-07 17:25:17
214241,2621,QEUC2,COMPRA,335,185.0543,0.7578,2026-08-07 14:53:07,2026-08-07 14:53:08,2026-08-07 14:53:08
214242,2932,PBZM6,COMPRA,380,71.0081,6.6650,2026-08-07 10:51:58,2026-08-07 10:52:01,2026-08-07 10:52:01
214243,3034,BGNM6,COMPRA,465,114.0168,2.5674,2026-08-07 14:46:09,2026-08-07 14:46:12,2026-08-07 14:46:12
214244,2298,YCCK8,COMPRA,184,431.2829,2.0618,2026-08-07 16:50:05,2026-08-07 16:50:08,2026-08-07 16:50:08
214245,3137,PQUT9,COMPRA,495,85.9727,5.3101,2026-08-07 14:46:48,2026-08-07 14:46:51,2026-08-07 14:46:51
214246,1362,WIPB2,COMPRA,380,117.6800,5.9147,2026-08-07 12:20:56,2026-08-07 12:20:56,2026-08-07 12:20:56
214247,3264,ENRZ2,COMPRA,495,110.3486,4.2431,2026-08-07 16:45:53,2026-08-07 16:45:56,2026-08-07 16:45:56
214248,2989,OEQA8,COMPRA,120,465.5179,7.2035,2026-08-07 17:16:36,2026-08-07 17:16:36,2026-08-07 17:16:36
214249,1240,QHFL8,COMPRA,20,143.2586,7.5373,2026-08-07 10:56:20,2026-08-07 10:56:23,2026-08-07 10:56:23
214250,3278,PQUT9,VENDA,20,81.0739,12.3675,2026-08-07 11:58:21,2026-08-07 11:58:22,2026-08-07 11:58:22
214251,1326,HJRH5,COMPRA,35,191.9767,6.5685,2026-08-07 17:13:01,2026-08-07 17:13:03,2026-08-07 17:13:03
214252,3313,AYFQ2,COMPRA,40,9.8200,6.6103,2026-08-07 12:28:12,2026-08-07 12:28:13,2026-08-07 12:28:13
214253,1944,BSDJ7,COMPRA,85,213.4315,0.3119,2026-08-07 16:29:56,2026-08-07 16:29:59,2026-08-07 16:29:59
214254,3271,ZFBT3,COMPRA,270,83.3057,9.2759,2026-08-07 11:53:09,2026-08-07 11:53:10,2026-08-07 11:53:10
214255,2343,NQYT3,COMPRA,25,48.3707,3.1513,2026-08-07 15:23:34,2026-08-07 15:23:36,2026-08-07 15:23:36
214256,2275,ZHTL2,COMPRA,40,72.9613,5.4658,2026-08-07 12:35:24,2026-08-07 12:35:27,2026-08-07 12:35:27
214257,2138,OVUQ2,COMPRA,225,45.8213,5.9176,2026-08-07 10:51:11,2026-08-07 10:51:11,2026-08-07 10:51:11
214258,2857,WXQM6,COMPRA,110,48.2424,0.7135,2026-08-07 13:45:42,2026-08-07 13:45:42,2026-08-07 13:45:42
214259,1115,WHMT3,COMPRA,310,115.2780,10.5916,2026-08-07 12:04:18,2026-08-07 12:04:19,2026-08-07 12:04:19
214260,1715,OXVD8,COMPRA,235,86.8777,3.0650,2026-08-07 10:44:06,2026-08-07 10:44:06,2026-08-07 10:44:06
214261,1822,GFDF2,COMPRA,15,80.2479,9.4359,2026-08-07 11:31:14,2026-08-07 11:31:16,2026-08-07 11:31:16
214262,2591,RHXV4,COMPRA,95,47.9331,11.9752,2026-08-07 14:52:05,2026-08-07 14:52:08,2026-08-07 14:52:08
214263,2489,OVUQ2,COMPRA,189,55.2257,3.9565,2026-08-07 15:01:54,2026-08-07 15:01:54,2026-08-07 15:01:54
214264,1521,UQJU7,COMPRA,25,71.5086,10.5976,2026-08-07 14:31:45,2026-08-07 14:31:47,2026-08-07 14:31:47
214265,1957,FIUW1,COMPRA,490,108.7757,5.7146,2026-08-07 13:20:07,2026-08-07 13:20:07,2026-08-07 13:20:07
214266,2559,YYLA4,COMPRA,130,233.3582,8.9044,2026-08-07 13:48:03,2026-08-07 13:48:05,2026-08-07 13:48:05
214267,1086,DEGN5,COMPRA,180,92.7843,5.9246,2026-08-07 15:03:55,2026-08-07 15:03:56,2026-08-07 15:03:56
214268,1164,BSDJ7,COMPRA,275,221.8056,11.8013,2026-08-07 12:19:05,2026-08-07 12:19:05,2026-08-07 12:19:05
214269,1484,NWGB4,COMPRA,35,113.5945,11.7699,2026-08-07 12:36:51,2026-08-07 12:36:54,2026-08-07 12:36:54
214270,2776,QTDZ2,COMPRA,25,55.7303,11.1278,2026-08-07 16:04:45,2026-08-07 16:04:46,2026-08-07 16:04:46
214271,2951,QQQS1,COMPRA,360,18.4563,11.5465,2026-08-07 16:22:35,2026-08-07 16:22:36,2026-08-07 16:22:36
214272,2103,IJJK3,COMPRA,20,99.2370,4.0708,2026-08-07 13:48:56,2026-08-07 13:48:59,2026-08-07 13:48:59
214273,1786,WIPB2,COMPRA,175,127.6007,2.1150,2026-08-07 13:59:47,2026-08-07 13:59:48,2026-08-07 13:59:48
214274,1910,NWGB4,COMPRA,305,125.0136,6.7720,2026-08-07 11:39:58,2026-08-07 11:40:00,2026-08-07 11:40:00
214275,3134,RIET5,COMPRA,490,149.8084,6.5635,2026-08-07 10:00:18,2026-08-07 10:00:18,2026-08-07 10:00:18
214276,3231,RHXV4,COMPRA,435,64.1259,6.2381,2026-08-07 16:44:13,2026-08-07 16:44:15,2026-08-07 16:44:15
214277,3506,VLEB3,COMPRA,430,441.1913,3.6920,2026-08-07 17:15:18,2026-08-07 17:15:21,2026-08-07 17:15:21
214278,2144,ERTC4,COMPRA,485,59.4867,0.4749,2026-08-07 10:22:38,2026-08-07 10:22:40,2026-08-07 10:22:40
214279,2162,LQML9,COMPRA,411,125.8976,8.0313,2026-08-07 13:40:07,2026-08-07 13:40:09,2026-08-07 13:40:09
214280,1708,ENRZ2,COMPRA,165,75.7208,10.3879,2026-08-07 13:13:12,2026-08-07 13:13:14,2026-08-07 13:13:14
214281,3027,OXVD8,COMPRA,345,70.4370,9.9279,2026-08-07 14:36:38,2026-08-07 14:36:41,2026-08-07 14:36:41
214282,3187,QTHQ1,COMPRA,15,27.4617,3.4066,2026-08-07 13:14:44,2026-08-07 13:14:47,2026-08-07 13:14:47
214283,1967,ZFBT3,COMPRA,215,123.4688,9.9329,2026-08-07 10:42:51,2026-08-07 10:42:54,2026-08-07 10:42:54
214284,3049,GAKD5,COMPRA,482,331.4852,1.4841,2026-08-07 13:18:09,2026-08-07 13:18:10,2026-08-07 13:18:10
214285,1341,VLEB3,COMPRA,469,437.7100,3.5764,2026-08-07 10:02:19,2026-08-07 10:02:19,2026-08-07 10:02:19
214286,2082,SGBG8,COMPRA,70,69.8965,8.2434,2026-08-07 12:57:03,2026-08-07 12:57:04,2026-08-07 12:57:04
214287,2230,FIUW1,COMPRA,311,87.6414,6.6349,2026-08-07 12:28:37,2026-08-07 12:28:38,2026-08-07 12:28:38
214288,2348,JIPR4,COMPRA,255,28.2855,6.0433,2026-08-07 15:27:42,2026-08-07 15:27:45,2026-08-07 15:27:45
214289,3364,NUJZ2,COMPRA,100,37.2415,2.1294,2026-08-07 15:38:14,2026-08-07 15:38:17,2026-08-07 15:38:17
214290,2460,AYFQ2,COMPRA,198,9.8520,0.7323,2026-08-07 12:36:06,2026-08-07 12:36:07,2026-08-07 12:36:07
214291,2372,UVEY5,VENDA,117,86.8171,3.3105,2026-08-07 14:07:47,2026-08-07 14:07:50,2026-08-07 14:07:50
214292,2240,LGKU6,COMPRA,20,98.7049,9.8923,2026-08-07 13:05:12,2026-08-07 13:05:15,2026-08-07 13:05:15
214293,3475,XPVA7,COMPRA,255,374.9778,11.2292,2026-08-07 14:33:56,2026-08-07 14:33:57,2026-08-07 14:33:57
214294,1705,MCHX2,COMPRA,105,129.4388,9.5509,2026-08-07 17:16:19,2026-08-07 17:16:22,2026-08-07 17:16:22
214295,2427,ACSV1,COMPRA,5,121.9606,1.5383,2026-08-07 14:11:43,2026-08-07 14:11:44,2026-08-07 14:11:44
214296,2336,IWAK1,COMPRA,68,85.6664,10.8747,2026-08-07 14:02:54,2026-08-07 14:02:54,2026-08-07 14:02:54
214297,1135,XOVY4,COMPRA,150,120.1866,3.7259,2026-08-07 12:26:51,2026-08-07 12:26:52,2026-08-07 12:26:52
214298,3003,ZHTL2,COMPRA,500,64.6638,6.6649,2026-08-07 10:14:30,2026-08-07 10:14:31,2026-08-07 10:14:31
214299,2532,DSFC9,COMPRA,380,351.0579,5.2335,2026-08-07 15:03:23,2026-08-07 15:03:23,2026-08-07 15:03:23
214300,2797,YCCK8,COMPRA,350,382.3205,2.2457,2026-08-07 14:53:10,2026-08-07 14:53:12,2026-08-07 14:53:12
214301,2977,YOWA1,COMPRA,160,70.0027,6.1506,2026-08-07 15:44:46,2026-08-07 15:44:47,2026-08-07 15:44:47
214302,2427,ERTC4,COMPRA,220,56.8607,9.3819,2026-08-07 13:36:21,2026-08-07 13:36:22,2026-08-07 13:36:22
214303,1412,FYZB6,COMPRA,65,80.0850,12.3782,2026-08-07 10:25:26,2026-08-07 10:25:27,2026-08-07 10:25:27
214304,1813,TBWG2,COMPRA,285,82.1668,9.5930,2026-08-07 12:50:22,2026-08-07 12:50:25,2026-08-07 12:50:25
214305,2081,RSBT4,COMPRA,360,334.6235,2.0716,2026-08-07 15:40:59,2026-08-07 15:41:01,2026-08-07 15:41:01
214306,1866,DGBT6,COMPRA,405,78.9651,7.0060,2026-08-07 15:56:42,2026-08-07 15:56:44,2026-08-07 15:56:44
214307,3212,GKQC5,COMPRA,35,116.5651,5.5923,2026-08-07 14:24:15,2026-08-07 14:24:18,2026-08-07 14:24:18
214308,3036,DSFC9,COMPRA,95,335.1417,3.3742,2026-08-07 12:05:52,2026-08-07 12:05:53,2026-08-07 12:05:53
214309,2981,ZFBT3,COMPRA,172,82.4040,10.5630,2026-08-07 12:13:52,2026-08-07 12:13:55,2026-08-07 12:13:55
214310,1629,WMQZ6,COMPRA,30,93.4274,11.1132,2026-08-07 11:00:49,2026-08-07 11:00:50,2026-08-07 11:00:50
214311,1922,NREP8,VENDA,275,118.2166,8.0006,2026-08-07 13:27:51,2026-08-07 13:27:52,2026-08-07 13:27:52
214312,1260,UYFJ9,COMPRA,270,99.4257,3.4926,2026-08-07 17:24:36,2026-08-07 17:24:38,2026-08-07 17:24:38
214313,1692,VLEB3,COMPRA,325,354.3967,10.9990,2026-08-07 13:25:31,2026-08-07 13:25:34,2026-08-07 13:25:34
214314,1405,RYPL6,COMPRA,100,66.9587,7.5018,2026-08-07 15:08:36,2026-08-07 15:08:39,2026-08-07 15:08:39
214315,3154,KFSY2,COMPRA,146,140.6783,6.7108,2026-08-07 15:26:18,2026-08-07 15:26:20,2026-08-07 15:26:20
214316,1111,QEUC2,COMPRA,3,169.5000,0.6279,2026-08-07 12:22:32,2026-08-07 12:22:33,2026-08-07 12:22:33
214317,1393,RIET5,COMPRA,325,133.7875,8.2655,2026-08-07 16:30:01,2026-08-07 16:30:04,2026-08-07 16:30:04
214318,2040,UQJU7,COMPRA,270,79.1759,0.6012,2026-08-07 11:56:04,2026-08-07 11:56:06,2026-08-07 11:56:06
214319,1929,RFNS7,COMPRA,10,94.3785,7.7579,2026-08-07 13:14:02,2026-08-07 13:14:02,2026-08-07 13:14:02
214320,2900,UYFJ9,COMPRA,335,92.1476,3.8932,2026-08-07 13:12:08,2026-08-07 13:12:11,2026-08-07 13:12:11
214321,1364,NWGB4,COMPRA,478,113.7365,3.7670,2026-08-07 13:18:10,2026-08-07 13:18:11,2026-08-07 13:18:11
214322,1933,IWAK1,COMPRA,330,72.6742,1.2813,2026-08-07 15:45:25,2026-08-07 15:45:25,2026-08-07 15:45:25
214323,1541,SVOZ4,COMPRA,465,42.8249,3.4731,2026-08-07 14:52:48,2026-08-07 14:52:49,2026-08-07 14:52:49
214324,3207,KHGP6,COMPRA,25,106.7711,2.8105,2026-08-07 12:47:50,2026-08-07 12:47:51,2026-08-07 12:47:51
214325,2653,ACSV1,VENDA,140,97.5882,0.1448,2026-08-07 12:59:52,2026-08-07 12:59:53,2026-08-07 12:59:53
214326,1460,ZYVN7,COMPRA,140,90.2794,4.5857,2026-08-07 17:11:29,2026-08-07 17:11:29,2026-08-07 17:11:29
214327,2178,ZAAS7,COMPRA,385,514.2841,9.6813,2026-08-07 12:08:25,2026-08-07 12:08:27,2026-08-07 12:08:27
214328,1475,UVEY5,COMPRA,245,78.6363,10.1071,2026-08-07 10:02:42,2026-08-07 10:02:45,2026-08-07 10:02:45
214329,1585,ICSU4,COMPRA,344,149.6830,1.2459,2026-08-07 10:44:07,2026-08-07 10:44:07,2026-08-07 10:44:07
214330,1333,KHGP6,COMPRA,322,101.2169,12.6702,2026-08-07 13:47:46,2026-08-07 13:47:46,2026-08-07 13:47:46
214331,1761,SVOZ4,COMPRA,210,55.0564,6.8576,2026-08-07 13:27:40,2026-08-07 13:27:40,2026-08-07 13:27:40
214332,1890,PBZM6,COMPRA,330,50.3477,7.7374,2026-08-07 16:57:12,2026-08-07 16:57:15,2026-08-07 16:57:15
214333,3474,AYFQ2,COMPRA,365,9.4796,0.6775,2026-08-07 11:13:57,2026-08-07 11:13:58,2026-08-07 11:13:58
214334,3508,JDJG6,COMPRA,290,60.6662,4.1928,2026-08-07 16:54:56,2026-08-07 16:54:57,2026-08-07 16:54:57
214335,2232,LIEG8,COMPRA,445,74.6694,1.4677,2026-08-07 11:33:23,2026-08-07 11:33:24,2026-08-07 11:33:24
214336,3357,RFNS7,COMPRA,285,106.8430,1.8250,2026-08-07 10:13:52,2026-08-07 10:13:53,2026-08-07 10:13:53
214337,3042,TBWG2,COMPRA,415,72.7010,7.4953,2026-08-07 17:01:34,2026-08-07 17:01:34,2026-08-07 17:01:34
214338,1382,GKQC5,COMPRA,485,163.0139,1.4384,2026-08-07 16:22:53,2026-08-07 16:22:54,2026-08-07 16:22:54
214339,3005,TVCE9,COMPRA,54,71.6148,10.2315,2026-08-07 12:59:36,2026-08-07 12:59:36,2026-08-07 12:59:36
214340,1530,SGBG8,COMPRA,300,100.6950,8.0972,2026-08-07 13:06:25,2026-08-07 13:06:27,2026-08-07 13:06:27
214341,1624,WIPB2,COMPRA,495,128.5811,5.9776,2026-08-07 10:59:32,2026-08-07 10:59:32,2026-08-07 10:59:32
214342,3336,NQYT3,COMPRA,335,53.3952,12.4231,2026-08-07 13:07:48,2026-08-07 13:07:51,2026-08-07 13:07:51
214343,1418,ZYVN7,COMPRA,285,64.6388,1.0154,2026-08-07 14:37:15,2026-08-07 14:37:17,2026-08-07 14:37:17
214344,3163,IWFI1,COMPRA,135,205.7467,2.8349,2026-08-07 12:55:45,2026-08-07 12:55:48,2026-08-07 12:55:48
214345,2666,QQQS1,COMPRA,370,26.3832,3.1216,2026-08-07 13:33:08,2026-08-07 13:33:11,2026-08-07 13:33:11
214346,2123,WXFC8,COMPRA,113,73.2569,9.6341,2026-08-07 15:03:38,2026-08-07 15:03:38,2026-08-07 15:03:38
214347,2201,SVOZ4,COMPRA,260,45.3694,8.6395,2026-08-07 13:58:39,2026-08-07 13:58:39,2026-08-07 13:58:39
214348,3336,MOLF3,COMPRA,55,45.7532,4.4057,2026-08-07 16:25:33,2026-08-07 16:25:33,2026-08-07 16:25:33
214349,2263,PSEN6,VENDA,325,154.7824,10.6148,2026-08-07 12:08:32,2026-08-07 12:08:34,2026-08-07 12:08:34
214350,2409,QYBV3,COMPRA,100,82.7395,6.1222,2026-08-07 15:26:58,2026-08-07 15:26:58,2026-08-07 15:26:58
214351,1616,CQIL9,COMPRA,365,35.8530,10.1211,2026-08-07 11:44:24,2026-08-07 11:44:26,2026-08-07 11:44:26
214352,2065,NYGT6,COMPRA,5,105.5992,2.6017,2026-08-07 16:19:48,2026-08-07 16:19:50,2026-08-07 16:19:50
214353,2491,IJJK3,COMPRA,245,93.1429,12.4028,2026-08-07 17:00:05,2026-08-07 17:00:05,2026-08-07 17:00:05
214354,2477,GAKD5,COMPRA,500,254.2624,6.6157,2026-08-07 14:20:34,2026-08-07 14:20:36,2026-08-07 14:20:36
214355,2651,QTHQ1,COMPRA,10,22.8364,12.3188,2026-08-07 17:01:16,2026-08-07 17:01:18,2026-08-07 17:01:18
214356,1125,SGBG8,COMPRA,180,87.1943,1.5143,2026-08-07 10:55:08,2026-08-07 10:55:11,2026-08-07 10:55:11
214357,1763,ZYVN7,COMPRA,190,65.7794,6.2001,2026-08-07 10:53:26,2026-08-07 10:53:27,2026-08-07 10:53:27
214358,1816,YCCK8,COMPRA,236,332.8552,8.1737,2026-08-07 15:07:29,2026-08-07 15:07:30,2026-08-07 15:07:30
214359,2164,RIET5,COMPRA,25,164.9709,11.8912,2026-08-07 16:27:07,2026-08-07 16:27:10,2026-08-07 16:27:10
214360,3457,GAKD5,COMPRA,240,231.6459,8.8261,2026-08-07 10:01:10,2026-08-07 10:01:10,2026-08-07 10:01:10
214361,1664,UCHR6,COMPRA,275,402.9803,10.9398,2026-08-07 12:32:25,2026-08-07 12:32:25,2026-08-07 12:32:25
214362,3359,WIPB2,COMPRA,75,92.4009,9.7451,2026-08-07 12:20:06,2026-08-07 12:20:07,2026-08-07 12:20:07
214363,2480,DGBT6,COMPRA,325,112.0021,5.9468,2026-08-07 16:03:36,2026-08-07 16:03:36,2026-08-07 16:03:36
214364,1244,IWAK1,VENDA,125,80.4353,0.5377,2026-08-07 15:24:16,2026-08-07 15:24:18,2026-08-07 15:24:18
214365,1492,NPEM3,COMPRA,365,91.2288,10.2417,2026-08-07 12:53:02,2026-08-07 12:53:02,2026-08-07 12:53:02
214366,1371,WHMT3,COMPRA,415,133.7419,6.7765,2026-08-07 15:01:04,2026-08-07 15:01:05,2026-08-07 15:01:05
214367,2344,MCHX2,COMPRA,375,89.2794,12.8254,2026-08-07 10:55:24,2026-08-07 10:55:27,2026-08-07 10:55:27
214368,2975,LIEG8,COMPRA,165,106.0457,1.8026,2026-08-07 11:14:52,2026-08-07 11:14:54,2026-08-07 11:14:54
214369,2485,BXFJ9,VENDA,360,156.4124,2.7286,2026-08-07 10:12:08,2026-08-07 10:12:09,2026-08-07 10:12:09
214370,3149,WXQM6,COMPRA,250,58.5335,7.5278,2026-08-07 10:09:47,2026-08-07 10:09:48,2026-08-07 10:09:48
214371,2518,UVEY5,COMPRA,240,69.2865,8.0225,2026-08-07 16:03:25,2026-08-07 16:03:27,2026-08-07 16:03:27
214372,2331,JIPR4,COMPRA,280,34.8578,6.6535,2026-08-07 15:25:59,2026-08-07 15:26:02,2026-08-07 15:26:02
214373,2192,JIPR4,COMPRA,365,38.2101,0.6437,2026-08-07 11:33:10,2026-08-07 11:33:13,2026-08-07 11:33:13
214374,3353,RMRT1,COMPRA,495,78.2979,6.8233,2026-08-07 15:31:01,2026-08-07 15:31:03,2026-08-07 15:31:03
214375,1271,RFNS7,VENDA,270,89.1723,9.1966,2026-08-07 14:33:55,2026-08-07 14:33:57,2026-08-07 14:33:57
214376,1493,TTHO3,COMPRA,455,30.7727,6.0827,2026-08-07 16:44:30,2026-08-07 16:44:32,2026-08-07 16:44:32
214377,2736,HCZM2,COMPRA,444,485.8333,5.6484,2026-08-07 17:07:11,2026-08-07 17:07:12,2026-08-07 17:07:12
214378,3163,JUDG8,COMPRA,250,79.2691,3.8010,2026-08-07 11:22:47,2026-08-07 11:22:49,2026-08-07 11:22:49
214379,1100,YRWH3,COMPRA,350,213.1926,1.5406,2026-08-07 14:51:50,2026-08-07 14:51:51,2026-08-07 14:51:51
214380,3326,SVOZ4,VENDA,375,53.0630,2.2908,2026-08-07 11:24:17,2026-08-07 11:24:19,2026-08-07 11:24:19
214381,3325,UCHR6,COMPRA,80,510.4502,2.5086,2026-08-07 10:04:20,2026-08-07 10:04:23,2026-08-07 10:04:23
214382,2229,AYFQ2,COMPRA,240,10.1236,6.3794,2026-08-07 11:40:08,2026-08-07 11:40:10,2026-08-07 11:40:10
214383,2502,IWAK1,COMPRA,328,76.0340,2.4459,2026-08-07 10:29:21,2026-08-07 10:29:24,2026-08-07 10:29:24
214384,1339,MOLF3,COMPRA,95,54.9555,7.8018,2026-08-07 15:42:56,2026-08-07 15:42:58,2026-08-07 15:42:58
214385,3212,RHXV4,COMPRA,60,70.6796,4.8921,2026-08-07 12:44:04,2026-08-07 12:44:05,2026-08-07 12:44:05
214386,1899,UQIQ7,COMPRA,200,69.0149,3.6056,2026-08-07 13:10:14,2026-08-07 13:10:14,2026-08-07 13:10:14
214387,3261,OVYL9,COMPRA,160,75.8736,4.3215,2026-08-07 13:16:11,2026-08-07 13:16:14,2026-08-07 13:16:14
214388,3018,ERTC4,COMPRA,282,51.2608,6.7244,2026-08-07 12:06:35,2026-08-07 12:06:35,2026-08-07 12:06:35
214389,2229,WXQM6,COMPRA,470,48.7104,5.8787,2026-08-07 12:42:26,2026-08-07 12:42:29,2026-08-07 12:42:29
214390,3182,GAKD5,COMPRA,315,242.8115,9.0515,2026-08-07 17:29:18,2026-08-07 17:29:20,2026-08-07 17:29:20
214391,1106,LGKU6,COMPRA,425,64.5949,,2026-08-07 15:23:59,2026-08-07 15:23:59,2026-08-07 15:23:59
214392,2500,YYLA4,COMPRA,60,196.8576,5.2571,2026-08-07 13:53:12,2026-08-07 13:53:13,2026-08-07 13:53:13
214393,3476,ZHTL2,COMPRA,410,53.2287,7.5325,2026-08-07 15:54:14,2026-08-07 15:54:17,2026-08-07 15:54:17
214394,2322,YFAH5,VENDA,180,161.3643,7.0991,2026-08-07 12:50:44,2026-08-07 12:50:44,2026-08-07 12:50:44
214395,1345,SUZL4,COMPRA,15,112.1406,5.8150,2026-08-07 15:50:43,2026-08-07 15:50:43,2026-08-07 15:50:43
214396,2331,BXFJ9,COMPRA,110,189.3895,3.1045,2026-08-07 16:07:23,2026-08-07 16:07:24,2026-08-07 16:07:24
214397,2703,DMTZ8,COMPRA,180,201.6402,9.1888,2026-08-07 17:11:51,2026-08-07 17:11:52,2026-08-07 17:11:52
214398,2925,TNHT4,COMPRA,225,156.0352,12.2651,2026-08-07 17:30:46,2026-08-07 17:30:46,2026-08-07 17:30:46
214399,1626,AYFQ2,COMPRA,370,14.6295,2.0161,2026-08-07 10:01:27,2026-08-07 10:01:29,2026-08-07 10:01:29
214400,1788,HCLJ8,COMPRA,377,118.1443,10.0077,2026-08-07 10:58:22,2026-08-07 10:58:25,2026-08-07 10:58:25
214401,2542,NWGB4,COMPRA,495,112.2032,6.4093,2026-08-07 15:57:08,2026-08-07 15:57:11,2026-08-07 15:57:11
214402,1822,YYLA4,COMPRA,370,230.0515,4.0201,2026-08-07 15:41:13,2026-08-07 15:41:16,2026-08-07 15:41:16
214403,3047,XAVL3,COMPRA,195,160.3606,8.2728,2026-08-07 13:43:53,2026-08-07 13:43:54,2026-08-07 13:43:54
214404,2813,NHYK8,COMPRA,195,57.1972,11.2031,2026-08-07 14:09:37,2026-08-07 14:09:39,2026-08-07 14:09:39
214405,1349,XAVL3,COMPRA,315,204.5997,8.0285,2026-08-07 13:19:27,2026-08-07 13:19:27,2026-08-07 13:19:27
214406,2718,XAVL3,COMPRA,480,148.6789,6.3420,2026-08-07 14:56:44,2026-08-07 14:56:47,2026-08-07 14:56:47
214407,3309,KFSY2,COMPRA,210,86.0206,4.5358,2026-08-07 15:05:46,2026-08-07 15:05:46,2026-08-07 15:05:46
214408,1664,ERTC4,COMPRA,323,41.9162,12.6508,2026-08-07 15:38:00,2026-08-07 15:38:03,2026-08-07 15:38:03
214409,1656,QATW7,COMPRA,295,51.9584,1.2411,2026-08-07 16:36:52,2026-08-07 16:36:54,2026-08-07 16:36:54
214410,3272,KFSY2,COMPRA,10,138.3843,12.6406,2026-08-07 11:26:20,2026-08-07 11:26:23,2026-08-07 11:26:23
214411,1372,SUZL4,COMPRA,200,133.1894,1.2585,2026-08-07 16:36:16,2026-08-07 16:36:18,2026-08-07 16:36:18
214412,2811,JIPA6,COMPRA,475,32.4007,0.2475,2026-08-07 10:15:26,2026-08-07 10:15:27,2026-08-07 10:15:27
214413,1284,UFMA7,COMPRA,10,199.6973,6.2039,2026-08-07 16:22:48,2026-08-07 16:22:49,2026-08-07 16:22:49
214414,1407,XOVY4,COMPRA,315,120.1777,6.0256,2026-08-07 12:39:01,2026-08-07 12:39:04,2026-08-07 12:39:04
214415,3329,ZYVN7,COMPRA,180,66.4849,9.2551,2026-08-07 12:54:09,2026-08-07 12:54:09,2026-08-07 12:54:09
214416,3078,KQEO3,COMPRA,255,78.5043,1.0586,2026-08-07 10:23:40,2026-08-07 10:23:41,2026-08-07 10:23:41
214417,2386,OXVD8,COMPRA,445,62.3100,7.9922,2026-08-07 10:41:50,2026-08-07 10:41:53,2026-08-07 10:41:53
214418,1751,EEYY9,COMPRA,25,143.0061,7.6161,2026-08-07 12:04:02,2026-08-07 12:04:04,2026-08-07 12:04:04
214419,2551,ECQD7,COMPRA,285,82.7040,3.8080,2026-08-07 15:35:13,2026-08-07 15:35:14,2026-08-07 15:35:14
214420,1037,QHFL8,COMPRA,255,140.1104,6.9162,2026-08-07 17:03:31,2026-08-07 17:03:32,2026-08-07 17:03:32
214421,2519,UVEY5,COMPRA,245,77.0279,8.5360,2026-08-07 12:08:24,2026-08-07 12:08:25,2026-08-07 12:08:25
214422,1971,OXVD8,COMPRA,245,70.2807,1.3785,2026-08-07 10:50:25,2026-08-07 10:50:27,2026-08-07 10:50:27
214423,2263,FRGH8,COMPRA,90,63.6607,8.8096,2026-08-07 11:42:48,2026-08-07 11:42:50,2026-08-07 11:42:50
214424,2750,MCMT2,COMPRA,160,113.6637,4.2653,2026-08-07 13:07:58,2026-08-07 13:08:00,2026-08-07 13:08:00
214425,1831,WXFC8,COMPRA,500,68.7195,12.3499,2026-08-07 12:46:16,2026-08-07 12:46:18,2026-08-07 12:46:18
214426,2787,UQIQ7,COMPRA,50,76.4353,6.7471,2026-08-07 14:56:41,2026-08-07 14:56:44,2026-08-07 14:56:44
214427,2857,FRGH8,COMPRA,220,76.7415,11.4336,2026-08-07 14:34:37,2026-08-07 14:34:37,2026-08-07 14:34:37
214428,3510,KQEO3,COMPRA,490,80.6827,8.1877,2026-08-07 10:54:15,2026-08-07 10:54:16,2026-08-07 10:54:16
214429,1445,PZUP8,COMPRA,200,162.6732,1.0974,2026-08-07 13:30:10,2026-08-07 13:30:12,2026-08-07 13:30:12
214430,1999,HVEX2,COMPRA,395,156.1605,4.5729,2026-08-07 10:59:41,2026-08-07 10:59:41,2026-08-07 10:59:41
214431,1861,UFIU3,COMPRA,220,96.4911,5.4640,2026-08-07 13:16:23,2026-08-07 13:16:26,2026-08-07 13:16:26
214432,3216,IJJK3,COMPRA,127,83.0745,2.0729,2026-08-07 14:28:55,2026-08-07 14:28:57,2026-08-07 14:28:57
214433,2836,QEUC2,COMPRA,10,172.4974,10.5898,2026-08-07 14:13:00,2026-08-07 14:13:03,2026-08-07 14:13:03
214434,3084,IWAK1,COMPRA,220,82.8036,11.7108,2026-08-07 13:13:39,2026-08-07 13:13:41,2026-08-07 13:13:41
214435,1463,IWFI1,COMPRA,475,147.1214,2.4217,2026-08-07 16:23:59,2026-08-07 16:24:01,2026-08-07 16:24:01
214436,1174,NREP8,COMPRA,435,95.1276,4.0147,2026-08-07 13:26:35,2026-08-07 13:26:37,2026-08-07 13:26:37
214437,2260,IZTY4,COMPRA,155,32.7765,8.3780,2026-08-07 16:41:14,2026-08-07 16:41:15,2026-08-07 16:41:15
214438,1422,UFMA7,COMPRA,365,134.6088,7.4116,2026-08-07 12:27:00,2026-08-07 12:27:01,2026-08-07 12:27:01
214439,1024,LCCH9,COMPRA,242,10.2624,4.9467,2026-08-07 10:58:14,2026-08-07 10:58:16,2026-08-07 10:58:16
214440,1993,UYFJ9,VENDA,405,108.5377,11.3640,2026-08-07 10:34:00,2026-08-07 10:34:02,2026-08-07 10:34:02
214441,3138,PZUP8,COMPRA,385,133.8154,11.4050,2026-08-07 16:49:20,2026-08-07 16:49:21,2026-08-07 16:49:21
214442,2512,UYFJ9,COMPRA,355,109.0032,9.3418,2026-08-07 13:39:27,2026-08-07 13:39:29,2026-08-07 13:39:29
214443,1877,ACSV1,COMPRA,235,84.4344,11.8946,2026-08-07 12:20:39,2026-08-07 12:20:41,2026-08-07 12:20:41
214444,2894,MGRR2,COMPRA,330,165.8612,8.0195,2026-08-07 10:08:49,2026-08-07 10:08:49,2026-08-07 10:08:49
214445,1869,MCMT2,COMPRA,340,103.1321,4.7555,2026-08-07 15:07:34,2026-08-07 15:07:35,2026-08-07 15:07:35
214446,1512,XTVW5,COMPRA,425,118.6320,6.1013,2026-08-07 10:40:43,2026-08-07 10:40:43,2026-08-07 10:40:43
214447,2947,NUJZ2,COMPRA,80,40.0636,7.8517,2026-08-07 10:05:30,2026-08-07 10:05:33,2026-08-07 10:05:33
214448,3361,HJRH5,COMPRA,4,145.1295,1.4779,2026-08-07 13:42:42,2026-08-07 13:42:43,2026-08-07 13:42:43
214449,3160,FIUW1,COMPRA,299,92.4802,8.0943,2026-08-07 12:24:25,2026-08-07 12:24:26,2026-08-07 12:24:26
214450,2494,QATW7,COMPRA,290,50.4130,5.6114,2026-08-07 15:05:06,2026-08-07 15:05:06,2026-08-07 15:05:06
214451,1736,MCMT2,COMPRA,370,95.8920,3.7909,2026-08-07 10:31:31,2026-08-07 10:31:34,2026-08-07 10:31:34
214452,1586,YYLA4,COMPRA,500,239.2620,9.1285,2026-08-07 12:01:47,2026-08-07 12:01:50,2026-08-07 12:01:50
214453,1624,LCCH9,COMPRA,110,10.4577,7.7597,2026-08-07 11:27:13,2026-08-07 11:27:16,2026-08-07 11:27:16
214454,1673,YYLA4,COMPRA,415,210.2808,3.1636,2026-08-07 16:59:16,2026-08-07 16:59:18,2026-08-07 16:59:18
214455,2375,WIPB2,COMPRA,85,92.0768,4.9014,2026-08-07 10:52:07,2026-08-07 10:52:10,2026-08-07 10:52:10
214456,2489,IZTY4,COMPRA,160,36.9988,9.0218,2026-08-07 11:50:31,2026-08-07 11:50:32,2026-08-07 11:50:32
214457,1359,ZAAS7,COMPRA,430,441.7962,10.5794,2026-08-07 13:33:29,2026-08-07 13:33:31,2026-08-07 13:33:31
214458,2239,XLZM9,COMPRA,250,47.0275,5.7950,2026-08-07 11:09:41,2026-08-07 11:09:44,2026-08-07 11:09:44
214459,2412,ZFBT3,COMPRA,150,80.2394,0.6625,2026-08-07 10:28:37,2026-08-07 10:28:39,2026-08-07 10:28:39
214460,3036,BOCS8,COMPRA,155,67.7179,1.8848,2026-08-07 16:52:37,2026-08-07 16:52:37,2026-08-07 16:52:37
214461,3471,QTDZ2,COMPRA,428,55.2148,8.0291,2026-08-07 17:12:03,2026-08-07 17:12:05,2026-08-07 17:12:05
214462,1304,TXHR8,COMPRA,333,74.6819,5.3018,2026-08-07 12:10:00,2026-08-07 12:10:02,2026-08-07 12:10:02
214463,1772,QATW7,COMPRA,360,48.7623,11.9958,2026-08-07 12:33:12,2026-08-07 12:33:14,2026-08-07 12:33:14
214464,1050,FRGH8,COMPRA,390,76.0185,9.7451,2026-08-07 16:27:18,2026-08-07 16:27:18,2026-08-07 16:27:18
214465,2407,XTVW5,COMPRA,30,97.7870,3.5299,2026-08-07 15:26:26,2026-08-07 15:26:26,2026-08-07 15:26:26
214466,1571,NQYT3,COMPRA,100,56.3093,10.2034,2026-08-07 10:43:34,2026-08-07 10:43:36,2026-08-07 10:43:36
214467,1658,QTHQ1,COMPRA,245,19.8064,12.6627,2026-08-07 11:31:55,2026-08-07 11:31:56,2026-08-07 11:31:56
214468,1943,MGRR2,COMPRA,475,128.5240,12.1671,2026-08-07 17:15:09,2026-08-07 17:15:10,2026-08-07 17:15:10
214469,2793,NWGB4,COMPRA,315,123.9109,10.9495,2026-08-07 10:29:23,2026-08-07 10:29:24,2026-08-07 10:29:24
214470,1124,RIET5,COMPRA,230,169.5471,10.6868,2026-08-07 11:20:01,2026-08-07 11:20:03,2026-08-07 11:20:03
214471,2129,RSBT4,COMPRA,345,384.5004,3.4533,2026-08-07 10:12:11,2026-08-07 10:12:11,2026-08-07 10:12:11
214472,1700,IPXK2,COMPRA,238,313.2599,1.2521,2026-08-07 13:26:09,2026-08-07 13:26:12,2026-08-07 13:26:12
214473,1868,JJVW6,COMPRA,340,102.5496,9.6747,2026-08-07 12:19:47,2026-08-07 12:19:50,2026-08-07 12:19:50
214474,2465,UYFJ9,COMPRA,263,74.4980,2.8592,2026-08-07 14:16:02,2026-08-07 14:16:03,2026-08-07 14:16:03
214475,1446,YRWH3,COMPRA,275,215.6128,8.2975,2026-08-07 15:40:08,2026-08-07 15:40:11,2026-08-07 15:40:11
214476,2331,RHXV4,COMPRA,335,58.4706,3.5389,2026-08-07 11:11:45,2026-08-07 11:11:45,2026-08-07 11:11:45
214477,3510,DHRM5,COMPRA,235,366.4023,10.9981,2026-08-07 15:10:41,2026-08-07 15:10:41,2026-08-07 15:10:41
214478,2632,DQSN6,COMPRA,340,149.4873,1.0239,2026-08-07 11:54:26,2026-08-07 11:54:26,2026-08-07 11:54:26
214479,1112,KHGP6,COMPRA,365,103.1029,5.7393,2026-08-07 10:26:43,2026-08-07 10:26:46,2026-08-07 10:26:46
214480,1063,TNHT4,COMPRA,440,135.2736,4.3163,2026-08-07 10:01:08,2026-08-07 10:01:08,2026-08-07 10:01:08
214481,3136,LQML9,COMPRA,60,137.5830,9.2426,2026-08-07 13:27:37,2026-08-07 13:27:39,2026-08-07 13:27:39
214482,3480,IWAK1,COMPRA,170,78.5632,11.5472,2026-08-07 11:01:30,2026-08-07 11:01:32,2026-08-07 11:01:32
214483,2834,RIET5,COMPRA,490,159.6942,10.9567,2026-08-07 11:01:25,2026-08-07 11:01:26,2026-08-07 11:01:26
214484,2676,WXFC8,COMPRA,20,105.4666,3.7264,2026-08-07 11:47:38,2026-08-07 11:47:40,2026-08-07 11:47:40
214485,1705,YCCK8,COMPRA,380,401.7053,9.8780,2026-08-07 16:13:45,2026-08-07 16:13:47,2026-08-07 16:13:47
214486,1061,HCZM2,COMPRA,231,439.4411,8.0040,2026-08-07 17:12:24,2026-08-07 17:12:24,2026-08-07 17:12:24
214487,3228,ACSV1,COMPRA,215,109.1957,2.5821,2026-08-07 10:45:50,2026-08-07 10:45:50,2026-08-07 10:45:50
214488,2277,ZHTL2,COMPRA,390,63.0922,7.2953,2026-08-07 12:51:44,2026-08-07 12:51:46,2026-08-07 12:51:46
214489,2933,MJDL9,COMPRA,480,26.9372,3.4723,2026-08-07 15:17:09,2026-08-07 15:17:09,2026-08-07 15:17:09
214490,1700,JIPA6,COMPRA,95,43.7953,9.1088,2026-08-07 15:37:25,2026-08-07 15:37:28,2026-08-07 15:37:28
214491,1624,RHXV4,COMPRA,265,49.9996,11.0173,2026-08-07 16:59:24,2026-08-07 16:59:25,2026-08-07 16:59:25
214492,3132,NREP8,COMPRA,38,107.6196,10.8494,2026-08-07 14:53:13,2026-08-07 14:53:14,2026-08-07 14:53:14
214493,2249,IWAK1,COMPRA,30,74.0149,7.7920,2026-08-07 15:13:52,2026-08-07 15:13:54,2026-08-07 15:13:54
214494,1802,AYFQ2,COMPRA,385,10.5993,6.9231,2026-08-07 13:02:53,2026-08-07 13:02:54,2026-08-07 13:02:54
214495,2594,UFMA7,COMPRA,75,188.3646,7.2009,2026-08-07 14:42:32,2026-08-07 14:42:33,2026-08-07 14:42:33
214496,3091,MCHX2,COMPRA,55,126.2851,4.9098,2026-08-07 13:34:23,2026-08-07 13:34:25,2026-08-07 13:34:25
214497,1051,YYLA4,COMPRA,425,230.2503,0.7238,2026-08-07 10:17:19,2026-08-07 10:17:21,2026-08-07 10:17:21
214498,2826,CQIL9,COMPRA,280,38.3635,1.8024,2026-08-07 11:55:49,2026-08-07 11:55:52,2026-08-07 11:55:52
214499,1878,MGRR2,COMPRA,425,113.2273,11.7103,2026-08-07 14:52:59,2026-08-07 14:53:02,2026-08-07 14:53:02
214500,2274,LGKU6,COMPRA,55,88.0596,6.0011,2026-08-07 11:33:08,2026-08-07 11:33:09,2026-08-07 11:33:09
214501,1129,PBZM6,COMPRA,75,52.1767,2.6076,2026-08-07 16:30:24,2026-08-07 16:30:26,2026-08-07 16:30:26
214502,1944,FIUW1,COMPRA,185,91.5397,10.5310,2026-08-07 15:17:41,2026-08-07 15:17:41,2026-08-07 15:17:41
214503,1613,WMQZ6,COMPRA,6,93.0013,7.2806,2026-08-07 11:59:00,2026-08-07 11:59:02,2026-08-07 11:59:02
214504,2724,KFSY2,COMPRA,490,102.6121,11.7203,2026-08-07 12:14:39,2026-08-07 12:14:39,2026-08-07 12:14:39
214505,1592,TNHT4,COMPRA,335,154.7438,8.1669,2026-08-07 10:26:54,2026-08-07 10:26:56,2026-08-07 10:26:56
214506,3497,DSFC9,COMPRA,380,418.3148,11.6534,2026-08-07 15:16:39,2026-08-07 15:16:40,2026-08-07 15:16:40
214507,1558,FRGH8,COMPRA,5,89.9231,11.0150,2026-08-07 10:56:02,2026-08-07 10:56:05,2026-08-07 10:56:05
214508,2854,RDOA3,COMPRA,218,76.1416,7.7555,2026-08-07 17:29:35,2026-08-07 17:29:37,2026-08-07 17:29:37
214509,2932,OXVD8,COMPRA,445,100.5319,5.6310,2026-08-07 15:49:22,2026-08-07 15:49:25,2026-08-07 15:49:25
214510,2115,YFAH5,COMPRA,380,167.4023,7.5588,2026-08-07 10:16:38,2026-08-07 10:16:38,2026-08-07 10:16:38
214511,1278,TNHT4,COMPRA,55,121.6653,8.1806,2026-08-07 15:29:28,2026-08-07 15:29:31,2026-08-07 15:29:31
214512,2168,SGBG8,COMPRA,435,63.1395,12.5397,2026-08-07 10:52:04,2026-08-07 10:52:05,2026-08-07 10:52:05
214513,2012,SUZL4,COMPRA,225,167.7863,9.6293,2026-08-07 12:28:05,2026-08-07 12:28:06,2026-08-07 12:28:06
214514,1051,CQIL9,COMPRA,473,35.5539,3.8538,2026-08-07 14:42:10,2026-08-07 14:42:13,2026-08-07 14:42:13
214515,1439,NYGT6,VENDA,80,110.2835,9.8467,2026-08-07 11:43:36,2026-08-07 11:43:39,2026-08-07 11:43:39
214516,2690,RDOA3,COMPRA,25,87.8036,8.7538,2026-08-07 10:01:13,2026-08-07 10:01:14,2026-08-07 10:01:14
214517,3445,ERTC4,COMPRA,453,43.3152,5.0567,2026-08-07 12:51:28,2026-08-07 12:51:31,2026-08-07 12:51:31
214518,1637,TNHT4,COMPRA,60,129.4465,11.6188,2026-08-07 12:20:31,2026-08-07 12:20:32,2026-08-07 12:20:32
214519,1324,NHYK8,COMPRA,190,63.1790,2.7145,2026-08-07 13:24:19,2026-08-07 13:24:22,2026-08-07 13:24:22
214520,2473,YYLA4,COMPRA,140,226.7971,1.9328,2026-08-07 12:53:21,2026-08-07 12:53:22,2026-08-07 12:53:22
214521,1353,FRGH8,COMPRA,250,79.6614,9.3482,2026-08-07 10:11:21,2026-08-07 10:11:24,2026-08-07 10:11:24
214522,2920,EEYY9,COMPRA,60,145.2834,3.1330,2026-08-07 15:34:44,2026-08-07 15:34:47,2026-08-07 15:34:47
214523,2524,TBWG2,COMPRA,125,66.5566,0.7623,2026-08-07 15:57:50,2026-08-07 15:57:50,2026-08-07 15:57:50
214524,1709,QEUC2,COMPRA,265,189.0505,7.5208,2026-08-07 11:11:15,2026-08-07 11:11:17,2026-08-07 11:11:17
214525,1639,NQYT3,COMPRA,30,70.3241,6.3592,2026-08-07 10:01:03,2026-08-07 10:01:06,2026-08-07 10:01:06
214526,3282,QQQS1,COMPRA,245,19.7325,1.1066,2026-08-07 12:54:50,2026-08-07 12:54:51,2026-08-07 12:54:51
214527,2905,UVEY5,COMPRA,180,91.3686,2.8236,2026-08-07 15:54:35,2026-08-07 15:54:35,2026-08-07 15:54:35
214528,3492,YYLA4,VENDA,95,232.7557,8.4024,2026-08-07 11:14:26,2026-08-07 11:14:29,2026-08-07 11:14:29
214529,3511,UVEY5,COMPRA,80,92.8621,11.2979,2026-08-07 16:30:04,2026-08-07 16:30:04,2026-08-07 16:30:04
214530,3253,DSFC9,COMPRA,400,435.0111,5.3492,2026-08-07 12:42:47,2026-08-07 12:42:47,2026-08-07 12:42:47
214531,1754,NWGB4,COMPRA,245,154.9478,9.9913,2026-08-07 13:13:57,2026-08-07 13:13:58,2026-08-07 13:13:58
214532,1617,GAKD5,COMPRA,50,227.3174,2.1030,2026-08-07 16:44:02,2026-08-07 16:44:03,2026-08-07 16:44:03
214533,1318,SVOZ4,COMPRA,14,42.7658,6.1992,2026-08-07 16:37:29,2026-08-07 16:37:29,2026-08-07 16:37:29
214534,3296,TTHO3,COMPRA,285,33.9733,7.3151,2026-08-07 10:49:53,2026-08-07 10:49:54,2026-08-07 10:49:54
214535,2937,GAKD5,COMPRA,65,258.9028,7.9047,2026-08-07 11:36:02,2026-08-07 11:36:04,2026-08-07 11:36:04
214536,2311,AAUA7,COMPRA,250,166.1020,2.8890,2026-08-07 10:17:38,2026-08-07 10:17:38,2026-08-07 10:17:38
214537,3048,AYFQ2,COMPRA,291,14.3534,10.5233,2026-08-07 13:01:10,2026-08-07 13:01:12,2026-08-07 13:01:12
214538,2987,WIPB2,COMPRA,34,118.9625,12.5467,2026-08-07 12:40:02,2026-08-07 12:40:02,2026-08-07 12:40:02
214539,1279,FRGH8,COMPRA,469,96.0557,2.1941,2026-08-07 16:15:15,2026-08-07 16:15:17,2026-08-07 16:15:17
214540,2168,NREP8,COMPRA,330,124.2008,2.2466,2026-08-07 17:12:36,2026-08-07 17:12:39,2026-08-07 17:12:39
214541,1821,UFIU3,COMPRA,260,98.8828,12.8184,2026-08-07 12:16:30,2026-08-07 12:16:30,2026-08-07 12:16:30
214542,2327,JIPA6,COMPRA,123,35.1250,10.0935,2026-08-07 12:34:38,2026-08-07 12:34:40,2026-08-07 12:34:40
214543,2068,QYBV3,COMPRA,385,77.8182,5.7097,2026-08-07 15:43:40,2026-08-07 15:43:43,2026-08-07 15:43:43
214544,2491,OVYL9,COMPRA,350,73.6670,12.2383,2026-08-07 12:51:12,2026-08-07 12:51:15,2026-08-07 12:51:15
214545,2203,NHYK8,COMPRA,255,64.7839,6.4123,2026-08-07 14:28:54,2026-08-07 14:28:57,2026-08-07 14:28:57
214546,2766,BXFJ9,COMPRA,335,141.4111,3.1082,2026-08-07 13:41:34,2026-08-07 13:41:36,2026-08-07 13:41:36
214547,2311,ZFBT3,COMPRA,180,113.6078,6.4577,2026-08-07 11:23:15,2026-08-07 11:23:18,2026-08-07 11:23:18
214548,2991,TNHT4,COMPRA,420,108.3532,7.3095,2026-08-07 12:17:13,2026-08-07 12:17:16,2026-08-07 12:17:16
214549,2315,KHGP6,COMPRA,380,111.2836,5.3892,2026-08-07 14:31:50,2026-08-07 14:31:50,2026-08-07 14:31:50
214550,2134,FRGH8,COMPRA,388,88.1093,10.4723,2026-08-07 10:33:13,2026-08-07 10:33:14,2026-08-07 10:33:14
214551,3065,NWGB4,COMPRA,235,129.7343,4.2027,2026-08-07 16:13:37,2026-08-07 16:13:37,2026-08-07 16:13:37
214552,1623,UFMA7,COMPRA,300,153.4264,,2026-08-07 14:33:54,2026-08-07 14:33:56,2026-08-07 14:33:56
214553,3181,SGBG8,COMPRA,430,66.5274,6.7305,2026-08-07 12:02:26,2026-08-07 12:02:26,2026-08-07 12:02:26
214554,3069,IJJK3,COMPRA,450,131.2479,1.5608,2026-08-07 16:07:40,2026-08-07 16:07:40,2026-08-07 16:07:40
214555,3124,TBWG2,COMPRA,175,99.0697,3.7352,2026-08-07 10:23:36,2026-08-07 10:23:38,2026-08-07 10:23:38
214556,3207,NAOF3,COMPRA,70,55.1280,8.0291,2026-08-07 14:23:50,2026-08-07 14:23:50,2026-08-07 14:23:50
214557,2018,OVUQ2,COMPRA,415,43.1174,7.9082,2026-08-07 13:08:54,2026-08-07 13:08:56,2026-08-07 13:08:56
214558,3027,TTHO3,COMPRA,170,35.7727,5.3810,2026-08-07 13:19:09,2026-08-07 13:19:11,2026-08-07 13:19:11
214559,2634,UQJU7,COMPRA,50,60.0000,8.3096,2026-08-07 14:05:18,2026-08-07 14:05:19,2026-08-07 14:05:19
214560,1265,KQEO3,COMPRA,255,79.1178,1.5375,2026-08-07 10:43:34,2026-08-07 10:43:35,2026-08-07 10:43:35
214561,1671,PZUP8,COMPRA,161,122.1349,12.5924,2026-08-07 15:01:03,2026-08-07 15:01:03,2026-08-07 15:01:03
214562,1961,NAOF3,COMPRA,421,65.0633,6.1396,2026-08-07 10:46:03,2026-08-07 10:46:04,2026-08-07 10:46:04
214563,3219,QTHQ1,COMPRA,75,26.9386,12.0791,2026-08-07 15:03:46,2026-08-07 15:03:49,2026-08-07 15:03:49
214564,1195,JIPR4,COMPRA,60,26.5294,9.5398,2026-08-07 17:07:09,2026-08-07 17:07:09,2026-08-07 17:07:09
214565,2631,HCLJ8,COMPRA,90,117.4042,12.7231,2026-08-07 14:16:42,2026-08-07 14:16:44,2026-08-07 14:16:44
214566,2988,AAWB3,COMPRA,350,202.5644,8.5258,2026-08-07 15:41:49,2026-08-07 15:41:50,2026-08-07 15:41:50
214567,1206,IPXK2,COMPRA,375,355.1184,12.7561,2026-08-07 15:42:53,2026-08-07 15:42:53,2026-08-07 15:42:53
214568,1612,OVYL9,COMPRA,180,60.0000,9.9197,2026-08-07 12:22:01,2026-08-07 12:22:02,2026-08-07 12:22:02
214569,1917,RYPL6,COMPRA,47,101.8670,1.2515,2026-08-07 16:21:43,2026-08-07 16:21:44,2026-08-07 16:21:44
214570,2306,RIET5,COMPRA,65,163.7351,8.6427,2026-08-07 14:17:57,2026-08-07 14:18:00,2026-08-07 14:18:00
214571,1522,UYFJ9,COMPRA,365,94.0918,12.7475,2026-08-07 12:19:41,2026-08-07 12:19:41,2026-08-07 12:19:41
214572,1364,UCHR6,COMPRA,195,437.9656,10.8823,2026-08-07 14:00:14,2026-08-07 14:00:17,2026-08-07 14:00:17
214573,1464,IPXK2,COMPRA,220,270.9688,2.4257,2026-08-07 11:41:54,2026-08-07 11:41:56,2026-08-07 11:41:56
214574,2633,DEGN5,COMPRA,475,99.9798,5.9906,2026-08-07 10:51:42,2026-08-07 10:51:42,2026-08-07 10:51:42
214575,1445,JDJG6,COMPRA,150,85.2522,11.8973,2026-08-07 16:36:23,2026-08-07 16:36:26,2026-08-07 16:36:26
214576,2120,DFGR7,COMPRA,75,111.5806,7.2903,2026-08-07 16:59:00,2026-08-07 16:59:02,2026-08-07 16:59:02
214577,3085,ZFBT3,VENDA,34,121.2157,3.4096,2026-08-07 16:11:20,2026-08-07 16:11:20,2026-08-07 16:11:20
214578,1722,TTHO3,COMPRA,225,36.2384,0.1397,2026-08-07 16:55:38,2026-08-07 16:55:38,2026-08-07 16:55:38
214579,2604,YFAH5,COMPRA,185,179.4046,8.6638,2026-08-07 15:36:08,2026-08-07 15:36:10,2026-08-07 15:36:10
214580,2443,JIPR4,VENDA,85,35.1928,5.7021,2026-08-07 11:32:27,2026-08-07 11:32:27,2026-08-07 11:32:27
214581,1895,UQJU7,COMPRA,455,68.2777,6.4156,2026-08-07 13:05:53,2026-08-07 13:05:56,2026-08-07 13:05:56
214582,1279,MCHX2,COMPRA,362,141.5479,10.3829,2026-08-07 16:16:09,2026-08-07 16:16:12,2026-08-07 16:16:12
214583,2707,FRGH8,COMPRA,290,67.2035,2.8565,2026-08-07 11:37:26,2026-08-07 11:37:26,2026-08-07 11:37:26
214584,2738,MGRR2,COMPRA,59,141.5095,7.5398,2026-08-07 16:51:35,2026-08-07 16:51:35,2026-08-07 16:51:35
214585,1710,ICSU4,COMPRA,70,176.4509,9.5922,2026-08-07 16:49:32,2026-08-07 16:49:34,2026-08-07 16:49:34
214586,2925,NAOF3,COMPRA,115,50.2678,0.6911,2026-08-07 17:04:24,2026-08-07 17:04:27,2026-08-07 17:04:27
214587,1732,PZUP8,COMPRA,167,157.3803,11.0576,2026-08-07 16:56:18,2026-08-07 16:56:18,2026-08-07 16:56:18
214588,3196,OVYL9,COMPRA,71,77.1737,8.9872,2026-08-07 11:40:14,2026-08-07 11:40:15,2026-08-07 11:40:15
214589,1898,KQEO3,COMPRA,165,75.6922,7.6791,2026-08-07 16:42:59,2026-08-07 16:43:02,2026-08-07 16:43:02
214590,1020,ZHTL2,COMPRA,380,65.7878,5.9064,2026-08-07 10:54:36,2026-08-07 10:54:37,2026-08-07 10:54:37
214591,1004,NQYT3,COMPRA,80,63.9854,1.6940,2026-08-07 14:50:55,2026-08-07 14:50:58,2026-08-07 14:50:58
214592,2465,NPEM3,COMPRA,440,114.1903,2.3898,2026-08-07 14:14:08,2026-08-07 14:14:08,2026-08-07 14:14:08
214593,2085,NQYT3,COMPRA,80,48.5215,4.1645,2026-08-07 17:12:31,2026-08-07 17:12:32,2026-08-07 17:12:32
214594,2878,IZTY4,COMPRA,180,35.3217,9.7239,2026-08-07 17:14:48,2026-08-07 17:14:49,2026-08-07 17:14:49
214595,2905,OVYL9,COMPRA,245,60.0000,8.7027,2026-08-07 11:59:25,2026-08-07 11:59:28,2026-08-07 11:59:28
214596,3297,YYLA4,COMPRA,450,235.4189,2.4239,2026-08-07 15:37:03,2026-08-07 15:37:06,2026-08-07 15:37:06
214597,3444,CQJZ4,COMPRA,470,95.0612,0.7129,2026-08-07 15:52:48,2026-08-07 15:52:51,2026-08-07 15:52:51
214598,1220,RDOA3,COMPRA,384,100.1422,9.3088,2026-08-07 17:09:50,2026-08-07 17:09:52,2026-08-07 17:09:52
214599,2091,JIPA6,COMPRA,230,46.0897,0.1252,2026-08-07 17:08:42,2026-08-07 17:08:44,2026-08-07 17:08:44
214600,3225,GULD2,COMPRA,345,162.7902,3.2838,2026-08-07 16:04:51,2026-08-07 16:04:52,2026-08-07 16:04:52
214601,3501,GKQC5,COMPRA,500,130.3970,6.2230,2026-08-07 13:15:53,2026-08-07 13:15:55,2026-08-07 13:15:55
214602,1851,OEQA8,COMPRA,155,384.3922,3.6458,2026-08-07 16:56:11,2026-08-07 16:56:14,2026-08-07 16:56:14
214603,1947,NAOF3,COMPRA,261,55.4467,8.0729,2026-08-07 14:33:20,2026-08-07 14:33:22,2026-08-07 14:33:22
214604,1655,MGRR2,COMPRA,270,130.5613,11.8759,2026-08-07 14:34:48,2026-08-07 14:34:51,2026-08-07 14:34:51
214605,1987,KHGP6,COMPRA,369,97.4903,12.0382,2026-08-07 10:01:37,2026-08-07 10:01:40,2026-08-07 10:01:40
214606,3475,ENRZ2,COMPRA,390,94.7458,12.8713,2026-08-07 11:36:20,2026-08-07 11:36:20,2026-08-07 11:36:20
214607,2073,IZTY4,COMPRA,420,23.4040,9.8669,2026-08-07 14:54:07,2026-08-07 14:54:09,2026-08-07 14:54:09
214608,1366,AAUA7,COMPRA,125,131.4981,2.6878,2026-08-07 15:54:06,2026-08-07 15:54:08,2026-08-07 15:54:08
214609,2108,XPVA7,COMPRA,10,493.8559,7.7898,2026-08-07 11:06:34,2026-08-07 11:06:34,2026-08-07 11:06:34
214610,1190,NPEM3,VENDA,55,88.9274,8.1295,2026-08-07 16:05:42,2026-08-07 16:05:45,2026-08-07 16:05:45
214611,2967,MGRR2,COMPRA,85,157.1163,10.1093,2026-08-07 12:03:44,2026-08-07 12:03:46,2026-08-07 12:03:46
214612,1708,BXFJ9,COMPRA,80,122.2146,8.2452,2026-08-07 15:06:32,2026-08-07 15:06:35,2026-08-07 15:06:35
214613,2620,TTHO3,COMPRA,385,40.2923,1.6146,2026-08-07 15:00:08,2026-08-07 15:00:09,2026-08-07 15:00:09
214614,2155,JUDG8,COMPRA,116,84.4448,9.5628,2026-08-07 13:15:18,2026-08-07 13:15:18,2026-08-07 13:15:18
214615,1393,MCHX2,COMPRA,85,114.4158,3.0915,2026-08-07 14:53:39,2026-08-07 14:53:40,2026-08-07 14:53:40
214616,1466,RSBT4,VENDA,265,350.4071,2.4568,2026-08-07 16:42:35,2026-08-07 16:42:38,2026-08-07 16:42:38
214617,2073,KFSY2,COMPRA,100,134.3615,12.0742,2026-08-07 11:13:32,2026-08-07 11:13:34,2026-08-07 11:13:34
214618,1008,SUZL4,COMPRA,360,133.7216,1.5593,2026-08-07 14:57:11,2026-08-07 14:57:13,2026-08-07 14:57:13
214619,3121,SGBG8,COMPRA,15,95.1109,8.0753,2026-08-07 13:53:32,2026-08-07 13:53:33,2026-08-07 13:53:33
214620,2107,UQJU7,COMPRA,226,86.9516,12.1846,2026-08-07 11:24:50,2026-08-07 11:24:53,2026-08-07 11:24:53
214621,2559,WIPB2,VENDA,355,134.5070,11.5407,2026-08-07 11:26:00,2026-08-07 11:26:00,2026-08-07 11:26:00
214622,1047,XLZM9,COMPRA,200,45.8291,6.3547,2026-08-07 11:10:04,2026-08-07 11:10:07,2026-08-07 11:10:07
214623,1294,NHYK8,COMPRA,345,58.4092,6.0639,2026-08-07 14:12:17,2026-08-07 14:12:17,2026-08-07 14:12:17
214624,1258,HVEX2,COMPRA,430,166.0633,1.6826,2026-08-07 13:46:46,2026-08-07 13:46:49,2026-08-07 13:46:49
214625,1585,ZFBT3,COMPRA,345,109.0691,11.4719,2026-08-07 13:35:56,2026-08-07 13:35:59,2026-08-07 13:35:59
214626,1722,HVEX2,COMPRA,475,163.8799,10.1422,2026-08-07 13:47:33,2026-08-07 13:47:33,2026-08-07 13:47:33
214627,1447,FYZB6,COMPRA,295,70.3821,5.3194,2026-08-07 14:40:59,2026-08-07 14:41:00,2026-08-07 14:41:00
214628,3147,UYFJ9,COMPRA,395,101.5662,0.5731,2026-08-07 17:10:56,2026-08-07 17:10:59,2026-08-07 17:10:59
214629,3053,LCCH9,COMPRA,270,7.3786,0.1965,2026-08-07 14:07:46,2026-08-07 14:07:48,2026-08-07 14:07:48
214630,3346,QATW7,COMPRA,105,51.3090,0.9055,2026-08-07 17:29:00,2026-08-07 17:29:02,2026-08-07 17:29:02
214631,1861,BSDJ7,COMPRA,310,297.8938,6.3442,2026-08-07 15:00:40,2026-08-07 15:00:40,2026-08-07 15:00:40
214632,3109,NUJZ2,COMPRA,345,40.6516,2.0026,2026-08-07 14:35:18,2026-08-07 14:35:20,2026-08-07 14:35:20
214633,3089,SVOZ4,COMPRA,70,51.6886,10.3781,2026-08-07 16:59:23,2026-08-07 16:59:25,2026-08-07 16:59:25
214634,1790,YFAH5,COMPRA,305,137.4631,6.2843,2026-08-07 12:15:40,2026-08-07 12:15:41,2026-08-07 12:15:41
214635,2508,TXHR8,COMPRA,91,92.7822,4.9242,2026-08-07 13:59:40,2026-08-07 13:59:43,2026-08-07 13:59:43
214636,2275,DGBT6,COMPRA,410,105.4399,11.1379,2026-08-07 11:22:21,2026-08-07 11:22:21,2026-08-07 11:22:21
214637,2050,ICSU4,COMPRA,477,156.1393,0.2827,2026-08-07 15:57:08,2026-08-07 15:57:11,2026-08-07 15:57:11
214638,3484,XLZM9,COMPRA,475,63.9100,12.4568,2026-08-07 11:46:39,2026-08-07 11:46:40,2026-08-07 11:46:40
214639,2688,ZHTL2,COMPRA,115,50.1837,0.2515,2026-08-07 11:58:49,2026-08-07 11:58:49,2026-08-07 11:58:49
214640,2990,TVCE9,COMPRA,395,83.8597,11.3740,2026-08-07 14:04:50,2026-08-07 14:04:53,2026-08-07 14:04:53
214641,2235,ENRZ2,COMPRA,394,92.2140,0.5776,2026-08-07 14:36:14,2026-08-07 14:36:16,2026-08-07 14:36:16
214642,2263,FRGH8,COMPRA,495,60.0000,8.3976,2026-08-07 14:32:39,2026-08-07 14:32:41,2026-08-07 14:32:41
214643,1176,TBWG2,COMPRA,305,88.6726,9.6230,2026-08-07 17:25:30,2026-08-07 17:25:33,2026-08-07 17:25:33
214644,1711,BGNM6,COMPRA,190,120.3330,6.5662,2026-08-07 13:24:33,2026-08-07 13:24:36,2026-08-07 13:24:36
214645,1512,ZFBT3,COMPRA,400,97.1959,0.3659,2026-08-07 12:20:38,2026-08-07 12:20:39,2026-08-07 12:20:39
214646,3282,SGBG8,COMPRA,140,96.1063,8.9176,2026-08-07 12:04:28,2026-08-07 12:04:31,2026-08-07 12:04:31
214647,3067,IWFI1,COMPRA,405,162.3346,3.0771,2026-08-07 16:08:39,2026-08-07 16:08:41,2026-08-07 16:08:41
214648,1210,XLZM9,COMPRA,285,51.7332,4.1273,2026-08-07 13:28:09,2026-08-07 13:28:11,2026-08-07 13:28:11
214649,2887,RSBT4,COMPRA,374,329.7452,8.9486,2026-08-07 10:01:29,2026-08-07 10:01:30,2026-08-07 10:01:30
214650,3316,OVYL9,COMPRA,5,68.9636,2.2346,2026-08-07 13:57:11,2026-08-07 13:57:12,2026-08-07 13:57:12
214651,3102,TXHR8,COMPRA,65,70.4054,0.5032,2026-08-07 10:41:04,2026-08-07 10:41:05,2026-08-07 10:41:05
214652,1314,NWGB4,COMPRA,450,152.8373,0.6425,2026-08-07 13:32:32,2026-08-07 13:32:33,2026-08-07 13:32:33
214653,1039,ECQD7,COMPRA,475,94.1998,1.3594,2026-08-07 16:56:56,2026-08-07 16:56:58,2026-08-07 16:56:58
214654,3511,NREP8,COMPRA,110,125.1787,10.8047,2026-08-07 16:25:14,2026-08-07 16:25:15,2026-08-07 16:25:15
214655,1483,ZHTL2,COMPRA,465,60.6255,12.6638,2026-08-07 11:18:02,2026-08-07 11:18:05,2026-08-07 11:18:05
214656,3347,NPEM3,COMPRA,161,104.6835,5.5910,2026-08-07 11:03:23,2026-08-07 11:03:26,2026-08-07 11:03:26
214657,1194,SVOZ4,COMPRA,400,53.3003,5.8641,2026-08-07 11:54:02,2026-08-07 11:54:05,2026-08-07 11:54:05
214658,3317,YYLA4,COMPRA,283,162.1377,5.1737,2026-08-07 17:26:57,2026-08-07 17:26:58,2026-08-07 17:26:58
214659,1843,YYLA4,COMPRA,30,199.1980,0.7738,2026-08-07 14:55:44,2026-08-07 14:55:45,2026-08-07 14:55:45
214660,2660,OEQA8,COMPRA,27,531.9564,11.3672,2026-08-07 11:02:00,2026-08-07 11:02:02,2026-08-07 11:02:02
214661,1897,MOLF3,COMPRA,159,42.0501,0.7652,2026-08-07 12:38:04,2026-08-07 12:38:05,2026-08-07 12:38:05
214662,1604,NGIU9,COMPRA,356,111.3533,3.5913,2026-08-07 13:21:32,2026-08-07 13:21:33,2026-08-07 13:21:33
214663,2096,XPVA7,COMPRA,412,585.8285,6.3070,2026-08-07 13:31:58,2026-08-07 13:32:01,2026-08-07 13:32:01
214664,1470,HCLJ8,COMPRA,320,94.7803,0.7962,2026-08-07 13:48:49,2026-08-07 13:48:50,2026-08-07 13:48:50
214665,1483,VLEB3,COMPRA,145,488.3957,3.2943,2026-08-07 16:36:52,2026-08-07 16:36:53,2026-08-07 16:36:53
214666,2997,ZHTL2,COMPRA,40,47.4746,8.5808,2026-08-07 13:14:45,2026-08-07 13:14:48,2026-08-07 13:14:48
214667,2948,AAWB3,COMPRA,470,145.8554,12.5814,2026-08-07 11:33:21,2026-08-07 11:33:22,2026-08-07 11:33:22
214668,1726,NQYT3,COMPRA,460,48.7286,11.9917,2026-08-07 14:17:11,2026-08-07 14:17:14,2026-08-07 14:17:14
214669,1310,OEQA8,COMPRA,85,479.6805,2.2645,2026-08-07 15:05:55,2026-08-07 15:05:57,2026-08-07 15:05:57
214670,3227,YOWA1,COMPRA,20,48.3929,10.7466,2026-08-07 15:58:18,2026-08-07 15:58:19,2026-08-07 15:58:19
214671,1132,IJJK3,COMPRA,325,92.1245,7.8735,2026-08-07 10:04:17,2026-08-07 10:04:19,2026-08-07 10:04:19
214672,2428,NPEM3,COMPRA,157,109.5942,11.3174,2026-08-07 13:57:11,2026-08-07 13:57:14,2026-08-07 13:57:14
214673,2273,MJDL9,COMPRA,17,40.2520,8.3448,2026-08-07 12:41:43,2026-08-07 12:41:45,2026-08-07 12:41:45
214674,1114,AAUA7,COMPRA,255,146.1575,12.7437,2026-08-07 16:36:47,2026-08-07 16:36:48,2026-08-07 16:36:48
214675,3512,ZFBT3,COMPRA,450,105.8224,1.5089,2026-08-07 12:38:36,2026-08-07 12:38:38,2026-08-07 12:38:38
214676,1859,OXVD8,COMPRA,115,97.3302,8.1813,2026-08-07 11:05:29,2026-08-07 11:05:30,2026-08-07 11:05:30
214677,3002,LIEG8,COMPRA,300,98.7508,7.2468,2026-08-07 11:37:48,2026-08-07 11:37:49,2026-08-07 11:37:49
214678,2772,LQML9,COMPRA,150,149.4692,8.2689,2026-08-07 10:16:48,2026-08-07 10:16:50,2026-08-07 10:16:50
214679,1967,FIUW1,COMPRA,105,127.1396,6.2879,2026-08-07 15:04:41,2026-08-07 15:04:43,2026-08-07 15:04:43
214680,1531,IZTY4,COMPRA,261,26.5195,8.8307,2026-08-07 10:37:37,2026-08-07 10:37:40,2026-08-07 10:37:40
214681,3160,YIHC3,COMPRA,245,63.5430,2.8370,2026-08-07 13:02:35,2026-08-07 13:02:37,2026-08-07 13:02:37
214682,1484,EEYY9,COMPRA,195,122.8087,9.7901,2026-08-07 15:05:53,2026-08-07 15:05:55,2026-08-07 15:05:55
214683,1912,QYBV3,COMPRA,20,68.8316,12.7137,2026-08-07 15:18:18,2026-08-07 15:18:20,2026-08-07 15:18:20
214684,1201,PQUT9,COMPRA,490,90.6686,9.9794,2026-08-07 13:53:36,2026-08-07 13:53:38,2026-08-07 13:53:38
214685,2179,IJJK3,COMPRA,33,120.2231,12.2890,2026-08-07 16:29:08,2026-08-07 16:29:09,2026-08-07 16:29:09
214686,2875,XLZM9,COMPRA,460,47.2046,10.0856,2026-08-07 14:37:57,2026-08-07 14:37:59,2026-08-07 14:37:59
214687,2047,EEYY9,COMPRA,370,166.2892,11.6006,2026-08-07 14:27:13,2026-08-07 14:27:14,2026-08-07 14:27:14
214688,2577,HCZM2,COMPRA,422,540.3486,10.7261,2026-08-07 14:49:19,2026-08-07 14:49:19,2026-08-07 14:49:19
214689,3513,QHFL8,COMPRA,461,160.5251,6.5739,2026-08-07 15:18:32,2026-08-07 15:18:34,2026-08-07 15:18:34
214690,2651,RMRT1,COMPRA,340,124.3418,10.8444,2026-08-07 14:41:30,2026-08-07 14:41:31,2026-08-07 14:41:31
214691,1553,SVOZ4,COMPRA,480,57.3644,3.3268,2026-08-07 14:35:01,2026-08-07 14:35:01,2026-08-07 14:35:01
214692,3383,TBWG2,COMPRA,225,91.1094,10.5638,2026-08-07 12:01:41,2026-08-07 12:01:44,2026-08-07 12:01:44
214693,3161,PQUT9,COMPRA,485,65.9358,11.9967,2026-08-07 13:00:42,2026-08-07 13:00:43,2026-08-07 13:00:43
214694,2021,MOLF3,COMPRA,310,42.4215,8.4984,2026-08-07 13:17:14,2026-08-07 13:17:17,2026-08-07 13:17:17
214695,2205,UCHR6,COMPRA,330,337.8111,8.3984,2026-08-07 13:51:24,2026-08-07 13:51:26,2026-08-07 13:51:26
214696,2867,NWGB4,COMPRA,215,101.5349,5.1685,2026-08-07 15:00:36,2026-08-07 15:00:38,2026-08-07 15:00:38
214697,1197,RDOA3,COMPRA,185,71.9559,,2026-08-07 17:07:31,2026-08-07 17:07:34,2026-08-07 17:07:34
214698,1690,DGBT6,COMPRA,130,94.5836,8.7178,2026-08-07 14:52:07,2026-08-07 14:52:07,2026-08-07 14:52:07
214699,3028,ICSU4,COMPRA,395,124.7568,3.6997,2026-08-07 11:21:20,2026-08-07 11:21:21,2026-08-07 11:21:21
214700,2502,XTVW5,VENDA,270,95.4636,2.7798,2026-08-07 11:53:37,2026-08-07 11:53:38,2026-08-07 11:53:38
214701,2874,DGBT6,COMPRA,460,79.8294,10.0527,2026-08-07 14:43:58,2026-08-07 14:44:01,2026-08-07 14:44:01
214702,1876,ICSU4,COMPRA,215,166.3196,2.5097,2026-08-07 14:55:13,2026-08-07 14:55:13,2026-08-07 14:55:13
214703,2634,ZYVN7,COMPRA,48,68.8619,7.7929,2026-08-07 15:45:31,2026-08-07 15:45:34,2026-08-07 15:45:34
214704,1362,NAOF3,COMPRA,340,52.6557,6.5054,2026-08-07 13:59:54,2026-08-07 13:59:54,2026-08-07 13:59:54
214705,2669,TBWG2,COMPRA,330,61.6368,3.0195,2026-08-07 14:39:48,2026-08-07 14:39:48,2026-08-07 14:39:48
214706,2268,SVOZ4,COMPRA,495,42.7539,3.4829,2026-08-07 10:16:24,2026-08-07 10:16:25,2026-08-07 10:16:25
214707,1208,ZAAS7,COMPRA,420,429.0252,8.0443,2026-08-07 14:34:44,2026-08-07 14:34:45,2026-08-07 14:34:45
214708,1405,IWAK1,COMPRA,275,102.2386,0.7355,2026-08-07 12:24:21,2026-08-07 12:24:21,2026-08-07 12:24:21
214709,1233,MCHX2,COMPRA,125,103.7365,1.5782,2026-08-07 15:24:29,2026-08-07 15:24:32,2026-08-07 15:24:32
214710,3357,OXVD8,VENDA,168,97.6215,0.6126,2026-08-07 15:27:48,2026-08-07 15:27:48,2026-08-07 15:27:48
214711,3042,QTHQ1,COMPRA,355,25.6457,3.6710,2026-08-07 13:07:59,2026-08-07 13:08:01,2026-08-07 13:08:01
214712,1232,QEUC2,COMPRA,350,184.3893,9.0380,2026-08-07 11:15:28,2026-08-07 11:15:28,2026-08-07 11:15:28
214713,2234,XAVL3,COMPRA,200,220.3925,10.7775,2026-08-07 14:59:44,2026-08-07 14:59:47,2026-08-07 14:59:47
214714,3130,RYPL6,COMPRA,480,98.7005,8.5108,2026-08-07 14:56:41,2026-08-07 14:56:44,2026-08-07 14:56:44
214715,3226,RDOA3,COMPRA,215,92.2605,3.4096,2026-08-07 10:31:45,2026-08-07 10:31:45,2026-08-07 10:31:45
214716,1213,OXVD8,COMPRA,240,90.9335,6.1620,2026-08-07 10:39:15,2026-08-07 10:39:18,2026-08-07 10:39:18
214717,1141,JIPR4,COMPRA,443,29.2507,4.0095,2026-08-07 16:27:45,2026-08-07 16:27:45,2026-08-07 16:27:45
214718,2328,ZAAS7,COMPRA,475,382.3475,0.4715,2026-08-07 13:36:05,2026-08-07 13:36:06,2026-08-07 13:36:06
214719,2323,DSFC9,COMPRA,325,442.3829,7.3407,2026-08-07 11:24:54,2026-08-07 11:24:55,2026-08-07 11:24:55
214720,1088,BGNM6,COMPRA,455,117.6548,9.2313,2026-08-07 13:45:02,2026-08-07 13:45:04,2026-08-07 13:45:04
214721,2299,RDOA3,COMPRA,365,84.1104,5.2707,2026-08-07 10:21:11,2026-08-07 10:21:11,2026-08-07 10:21:11
214722,1157,OEQA8,COMPRA,150,438.1916,4.2245,2026-08-07 12:40:57,2026-08-07 12:41:00,2026-08-07 12:41:00
214723,1829,NWGB4,COMPRA,120,122.2374,8.0890,2026-08-07 16:54:36,2026-08-07 16:54:38,2026-08-07 16:54:38
214724,1009,TBWG2,COMPRA,410,64.9196,7.6160,2026-08-07 10:00:52,2026-08-07 10:00:54,2026-08-07 10:00:54
214725,1302,AAUA7,COMPRA,245,112.3428,1.2462,2026-08-07 11:51:00,2026-08-07 11:51:02,2026-08-07 11:51:02
214726,1020,NPEM3,COMPRA,375,121.6954,9.2089,2026-08-07 14:05:01,2026-08-07 14:05:04,2026-08-07 14:05:04
214727,1595,EEYY9,VENDA,60,129.5591,0.6942,2026-08-07 10:34:16,2026-08-07 10:34:17,2026-08-07 10:34:17
214728,1589,NYGT6,COMPRA,235,97.2155,12.7085,2026-08-07 11:33:22,2026-08-07 11:33:24,2026-08-07 11:33:24
214729,3410,AAWB3,COMPRA,12,208.5123,,2026-08-07 12:36:49,2026-08-07 12:36:51,2026-08-07 12:36:51
214730,1938,TXHR8,COMPRA,186,66.6229,12.3285,2026-08-07 12:05:05,2026-08-07 12:05:07,2026-08-07 12:05:07
214731,3413,OVYL9,COMPRA,240,86.0906,11.5306,2026-08-07 10:21:45,2026-08-07 10:21:45,2026-08-07 10:21:45
214732,1499,ENRZ2,COMPRA,269,81.4927,4.2301,2026-08-07 13:54:30,2026-08-07 13:54:32,2026-08-07 13:54:32
214733,2907,IZTY4,COMPRA,253,38.6644,12.8434,2026-08-07 15:38:04,2026-08-07 15:38:07,2026-08-07 15:38:07
214734,1857,QTDZ2,COMPRA,395,44.7028,9.3116,2026-08-07 15:40:24,2026-08-07 15:40:26,2026-08-07 15:40:26
214735,3374,HVEX2,COMPRA,314,166.3585,4.0105,2026-08-07 11:52:41,2026-08-07 11:52:42,2026-08-07 11:52:42
214736,1047,QYBV3,COMPRA,274,65.3089,2.4667,2026-08-07 14:30:56,2026-08-07 14:30:59,2026-08-07 14:30:59
214737,3398,NYGT6,VENDA,100,117.4676,1.6021,2026-08-07 14:20:10,2026-08-07 14:20:13,2026-08-07 14:20:13
214738,1393,RHXV4,COMPRA,20,76.0475,4.3837,2026-08-07 13:20:23,2026-08-07 13:20:25,2026-08-07 13:20:25
214739,1976,MOLF3,COMPRA,345,42.9858,9.7275,2026-08-07 12:32:17,2026-08-07 12:32:19,2026-08-07 12:32:19
214740,3113,QTDZ2,COMPRA,120,42.2959,7.9722,2026-08-07 11:43:24,2026-08-07 11:43:25,2026-08-07 11:43:25
214741,2269,OVYL9,COMPRA,265,60.0000,2.5303,2026-08-07 15:37:40,2026-08-07 15:37:40,2026-08-07 15:37:40
214742,3445,ZYVN7,COMPRA,280,77.4823,11.3328,2026-08-07 10:02:15,2026-08-07 10:02:17,2026-08-07 10:02:17
214743,2437,QTDZ2,COMPRA,80,42.8471,4.1583,2026-08-07 12:32:27,2026-08-07 12:32:30,2026-08-07 12:32:30
214744,1672,TNHT4,COMPRA,310,123.4797,8.7670,2026-08-07 14:12:54,2026-08-07 14:12:57,2026-08-07 14:12:57
214745,1695,DEGN5,COMPRA,470,74.0199,6.4960,2026-08-07 12:04:49,2026-08-07 12:04:51,2026-08-07 12:04:51
214746,3036,ZAAS7,COMPRA,105,397.3477,9.5456,2026-08-07 13:21:12,2026-08-07 13:21:13,2026-08-07 13:21:13
214747,1822,JUDG8,COMPRA,128,66.4782,5.0086,2026-08-07 16:53:31,2026-08-07 16:53:33,2026-08-07 16:53:33
214748,3200,CQJZ4,COMPRA,1,104.9465,10.3334,2026-08-07 12:28:44,2026-08-07 12:28:44,2026-08-07 12:28:44
214749,1843,DGBT6,COMPRA,378,109.3230,0.5945,2026-08-07 15:02:58,2026-08-07 15:03:00,2026-08-07 15:03:00
214750,2560,QTDZ2,COMPRA,295,59.2832,2.4018,2026-08-07 13:50:48,2026-08-07 13:50:49,2026-08-07 13:50:49
214751,1995,GULD2,COMPRA,175,109.6147,6.6941,2026-08-07 14:54:49,2026-08-07 14:54:50,2026-08-07 14:54:50
214752,1787,QTHQ1,COMPRA,466,20.7990,2.5901,2026-08-07 10:56:03,2026-08-07 10:56:04,2026-08-07 10:56:04
214753,1721,JIPR4,COMPRA,248,30.9491,10.6507,2026-08-07 10:27:19,2026-08-07 10:27:19,2026-08-07 10:27:19
214754,1772,MGRR2,COMPRA,495,119.7731,4.4472,2026-08-07 16:32:59,2026-08-07 16:32:59,2026-08-07 16:32:59
214755,2206,JIPR4,COMPRA,340,40.5361,12.0743,2026-08-07 11:42:30,2026-08-07 11:42:31,2026-08-07 11:42:31
214756,1040,UYFJ9,COMPRA,460,101.2239,6.6791,2026-08-07 16:19:07,2026-08-07 16:19:08,2026-08-07 16:19:08
214757,2893,GKQC5,COMPRA,430,121.5248,4.8372,2026-08-07 11:53:05,2026-08-07 11:53:07,2026-08-07 11:53:07
214758,3354,DGBT6,COMPRA,155,79.2656,10.7244,2026-08-07 17:15:27,2026-08-07 17:15:30,2026-08-07 17:15:30
214759,3436,ICSU4,COMPRA,255,166.4034,6.3590,2026-08-07 17:11:20,2026-08-07 17:11:23,2026-08-07 17:11:23
214760,1281,BXFJ9,COMPRA,395,187.2512,12.4985,2026-08-07 14:57:10,2026-08-07 14:57:10,2026-08-07 14:57:10
214761,2873,JIPR4,COMPRA,50,26.6103,3.8787,2026-08-07 14:38:46,2026-08-07 14:38:48,2026-08-07 14:38:48
214762,2262,LQML9,COMPRA,100,139.2204,0.6706,2026-08-07 16:58:58,2026-08-07 16:58:58,2026-08-07 16:58:58
214763,2114,RYPL6,COMPRA,260,101.5433,10.2363,2026-08-07 12:59:38,2026-08-07 12:59:38,2026-08-07 12:59:38
214764,1676,PZUP8,COMPRA,240,126.7341,6.0713,2026-08-07 13:28:50,2026-08-07 13:28:51,2026-08-07 13:28:51
214765,3415,SGBG8,COMPRA,14,63.9017,12.6180,2026-08-07 13:39:11,2026-08-07 13:39:12,2026-08-07 13:39:12
214766,3197,HJRH5,COMPRA,450,149.1217,10.8979,2026-08-07 12:18:04,2026-08-07 12:18:06,2026-08-07 12:18:06
214767,2275,AAWB3,COMPRA,55,146.1321,8.4170,2026-08-07 14:45:47,2026-08-07 14:45:47,2026-08-07 14:45:47
214768,1386,LGKU6,COMPRA,330,93.1677,2.0626,2026-08-07 11:30:44,2026-08-07 11:30:46,2026-08-07 11:30:46
214769,2327,KQEO3,COMPRA,440,57.6559,4.2109,2026-08-07 10:41:27,2026-08-07 10:41:30,2026-08-07 10:41:30
214770,1118,SVOZ4,COMPRA,190,53.7114,7.2656,2026-08-07 10:36:52,2026-08-07 10:36:55,2026-08-07 10:36:55
214771,3278,NWGB4,COMPRA,435,159.9491,12.2587,2026-08-07 12:09:20,2026-08-07 12:09:23,2026-08-07 12:09:23
214772,1281,QEUC2,COMPRA,130,196.1610,4.2895,2026-08-07 10:40:32,2026-08-07 10:40:35,2026-08-07 10:40:35
214773,2099,HVEX2,COMPRA,180,122.0892,2.2947,2026-08-07 14:49:18,2026-08-07 14:49:18,2026-08-07 14:49:18
214774,3482,AAUA7,COMPRA,205,113.0661,6.6317,2026-08-07 16:11:55,2026-08-07 16:11:56,2026-08-07 16:11:56
214775,1140,OVUQ2,COMPRA,235,37.6086,5.7797,2026-08-07 10:15:15,2026-08-07 10:15:15,2026-08-07 10:15:15
214776,1246,LCCH9,COMPRA,139,10.4829,7.1678,2026-08-07 16:00:09,2026-08-07 16:00:12,2026-08-07 16:00:12
214777,1953,UFIU3,COMPRA,270,101.8007,2.9542,2026-08-07 13:57:49,2026-08-07 13:57:50,2026-08-07 13:57:50
214778,1961,ECQD7,VENDA,415,78.4260,1.7025,2026-08-07 10:18:55,2026-08-07 10:18:56,2026-08-07 10:18:56
214779,3145,TTHO3,COMPRA,500,27.4584,6.7587,2026-08-07 16:27:10,2026-08-07 16:27:12,2026-08-07 16:27:12
214780,2783,YOWA1,COMPRA,387,69.2098,12.3697,2026-08-07 16:55:08,2026-08-07 16:55:11,2026-08-07 16:55:11
214781,3408,UCHR6,COMPRA,215,392.3392,5.3312,2026-08-07 13:33:40,2026-08-07 13:33:40,2026-08-07 13:33:40
214782,3228,UFIU3,COMPRA,180,90.3232,5.7122,2026-08-07 16:35:58,2026-08-07 16:36:01,2026-08-07 16:36:01
214783,1890,RDOA3,COMPRA,460,80.4766,1.0058,2026-08-07 14:25:16,2026-08-07 14:25:18,2026-08-07 14:25:18
214784,1387,MJDL9,COMPRA,125,38.9344,1.5658,2026-08-07 13:22:51,2026-08-07 13:22:52,2026-08-07 13:22:52
214785,2919,TNHT4,COMPRA,333,104.1680,9.4955,2026-08-07 12:12:29,2026-08-07 12:12:32,2026-08-07 12:12:32
214786,2372,DMTZ8,COMPRA,450,185.8209,9.4837,2026-08-07 10:54:07,2026-08-07 10:54:09,2026-08-07 10:54:09
214787,3262,JJVW6,COMPRA,319,121.5621,5.7003,2026-08-07 17:25:08,2026-08-07 17:25:11,2026-08-07 17:25:11
214788,2422,JUDG8,COMPRA,75,96.3047,2.2410,2026-08-07 12:41:07,2026-08-07 12:41:07,2026-08-07 12:41:07
214789,1815,HVEX2,COMPRA,395,114.1178,10.5760,2026-08-07 10:01:02,2026-08-07 10:01:05,2026-08-07 10:01:05
214790,3470,QQQS1,COMPRA,385,24.5517,6.5684,2026-08-07 15:06:31,2026-08-07 15:06:33,2026-08-07 15:06:33
214791,1406,ZAAS7,COMPRA,375,418.7503,4.6336,2026-08-07 10:32:18,2026-08-07 10:32:19,2026-08-07 10:32:19
214792,3402,UFMA7,COMPRA,360,163.6819,11.7847,2026-08-07 10:07:14,2026-08-07 10:07:17,2026-08-07 10:07:17
214793,1618,MJDL9,COMPRA,500,32.0417,2.6279,2026-08-07 11:45:08,2026-08-07 11:45:10,2026-08-07 11:45:10
214794,1657,ZHTL2,COMPRA,470,54.5520,9.0637,2026-08-07 12:47:16,2026-08-07 12:47:17,2026-08-07 12:47:17
214795,3207,ZAAS7,COMPRA,205,498.1421,8.0130,2026-08-07 13:51:52,2026-08-07 13:51:52,2026-08-07 13:51:52
214796,2146,KFSY2,COMPRA,135,87.1570,11.8665,2026-08-07 10:06:17,2026-08-07 10:06:17,2026-08-07 10:06:17
214797,1228,QTHQ1,COMPRA,108,25.6592,3.9053,2026-08-07 11:05:01,2026-08-07 11:05:03,2026-08-07 11:05:03
214798,1457,GKQC5,COMPRA,465,149.9187,3.6875,2026-08-07 12:03:14,2026-08-07 12:03:14,2026-08-07 12:03:14
214799,2021,UYFJ9,COMPRA,177,119.9600,11.8724,2026-08-07 13:38:30,2026-08-07 13:38:30,2026-08-07 13:38:30
214800,1863,PSEN6,COMPRA,165,158.9609,3.9299,2026-08-07 15:46:13,2026-08-07 15:46:14,2026-08-07 15:46:14
214801,2106,TTHO3,COMPRA,65,40.9897,12.7303,2026-08-07 16:45:09,2026-08-07 16:45:09,2026-08-07 16:45:09
214802,2150,JIPR4,COMPRA,325,33.9531,5.1646,2026-08-07 16:45:13,2026-08-07 16:45:14,2026-08-07 16:45:14
214803,2375,ENRZ2,COMPRA,315,75.8055,0.6645,2026-08-07 12:47:14,2026-08-07 12:47:17,2026-08-07 12:47:17
214804,3294,NGIU9,COMPRA,195,80.9739,2.9569,2026-08-07 12:20:46,2026-08-07 12:20:46,2026-08-07 12:20:46
214805,2907,ERTC4,COMPRA,210,59.0278,3.8674,2026-08-07 10:44:51,2026-08-07 10:44:53,2026-08-07 10:44:53
214806,2398,SGBG8,COMPRA,260,66.9527,9.5453,2026-08-07 14:40:30,2026-08-07 14:40:32,2026-08-07 14:40:32
214807,1191,RHXV4,COMPRA,470,58.8950,5.5105,2026-08-07 13:16:49,2026-08-07 13:16:50,2026-08-07 13:16:50
214808,3142,LCCH9,COMPRA,225,8.8843,6.8820,2026-08-07 10:19:46,2026-08-07 10:19:49,2026-08-07 10:19:49
214809,2644,DHRM5,COMPRA,220,263.4440,1.1024,2026-08-07 13:46:57,2026-08-07 13:46:58,2026-08-07 13:46:58
214810,1006,OXVD8,COMPRA,135,87.8069,11.8145,2026-08-07 10:07:15,2026-08-07 10:07:18,2026-08-07 10:07:18
214811,2976,DMTZ8,COMPRA,442,193.5765,7.2823,2026-08-07 13:43:40,2026-08-07 13:43:41,2026-08-07 13:43:41
214812,1204,TTHO3,COMPRA,227,35.4636,11.2991,2026-08-07 11:32:46,2026-08-07 11:32:46,2026-08-07 11:32:46
214813,1436,HCZM2,COMPRA,133,505.2795,7.4691,2026-08-07 13:07:20,2026-08-07 13:07:20,2026-08-07 13:07:20
214814,1618,OEQA8,COMPRA,175,352.1095,2.9855,2026-08-07 11:29:56,2026-08-07 11:29:56,2026-08-07 11:29:56
214815,2560,XTVW5,COMPRA,420,129.5792,4.8166,2026-08-07 12:52:24,2026-08-07 12:52:27,2026-08-07 12:52:27
214816,2335,MCMT2,COMPRA,454,85.9730,10.2643,2026-08-07 16:08:38,2026-08-07 16:08:39,2026-08-07 16:08:39
214817,3321,TXHR8,COMPRA,142,71.9268,6.2205,2026-08-07 17:06:07,2026-08-07 17:06:08,2026-08-07 17:06:08
214818,3491,AYFQ2,COMPRA,220,10.1771,0.0336,2026-08-07 11:39:28,2026-08-07 11:39:30,2026-08-07 11:39:30
214819,2892,WHMT3,COMPRA,340,97.5846,12.5014,2026-08-07 12:42:22,2026-08-07 12:42:25,2026-08-07 12:42:25
214820,1347,OVYL9,COMPRA,370,66.5692,8.3168,2026-08-07 14:52:58,2026-08-07 14:53:01,2026-08-07 14:53:01
214821,1504,GFDF2,COMPRA,225,68.9584,5.5975,2026-08-07 16:11:53,2026-08-07 16:11:55,2026-08-07 16:11:55
214822,2841,YRWH3,COMPRA,500,155.2217,5.0221,2026-08-07 16:36:07,2026-08-07 16:36:08,2026-08-07 16:36:08
214823,1048,LGKU6,COMPRA,292,78.5027,3.4877,2026-08-07 13:40:57,2026-08-07 13:41:00,2026-08-07 13:41:00
214824,2442,WIPB2,COMPRA,140,98.9867,1.9809,2026-08-07 16:58:07,2026-08-07 16:58:09,2026-08-07 16:58:09
214825,2630,IPXK2,COMPRA,280,277.7873,9.7309,2026-08-07 15:07:08,2026-08-07 15:07:09,2026-08-07 15:07:09
214826,2349,TVCE9,COMPRA,355,53.8170,12.2624,2026-08-07 13:45:43,2026-08-07 13:45:46,2026-08-07 13:45:46
214827,1689,KQEO3,COMPRA,95,88.1589,0.8288,2026-08-07 14:36:27,2026-08-07 14:36:29,2026-08-07 14:36:29
214828,2146,MOLF3,COMPRA,230,45.2621,3.9842,2026-08-07 15:04:54,2026-08-07 15:04:55,2026-08-07 15:04:55
214829,2789,YYLA4,COMPRA,212,167.4941,2.0483,2026-08-07 10:27:28,2026-08-07 10:27:28,2026-08-07 10:27:28
214830,1720,RIET5,COMPRA,295,163.5968,1.9183,2026-08-07 11:09:31,2026-08-07 11:09:32,2026-08-07 11:09:32
214831,2557,YOWA1,COMPRA,490,45.9492,1.8488,2026-08-07 13:24:43,2026-08-07 13:24:45,2026-08-07 13:24:45
214832,2482,CQIL9,COMPRA,340,32.4604,11.2169,2026-08-07 17:15:36,2026-08-07 17:15:38,2026-08-07 17:15:38
214833,1008,GULD2,COMPRA,94,157.0622,0.9215,2026-08-07 13:28:28,2026-08-07 13:28:31,2026-08-07 13:28:31
214834,2789,UYFJ9,COMPRA,180,88.3364,12.5901,2026-08-07 10:54:33,2026-08-07 10:54:34,2026-08-07 10:54:34
214835,1955,QQQS1,COMPRA,345,19.3861,4.0207,2026-08-07 15:26:34,2026-08-07 15:26:35,2026-08-07 15:26:35
214836,3416,NREP8,COMPRA,184,94.5878,12.1263,2026-08-07 14:18:39,2026-08-07 14:18:42,2026-08-07 14:18:42
214837,2883,OEQA8,COMPRA,31,444.2673,2.9688,2026-08-07 12:55:28,2026-08-07 12:55:30,2026-08-07 12:55:30
214838,1064,XPVA7,COMPRA,305,428.4670,12.5142,2026-08-07 10:08:37,2026-08-07 10:08:37,2026-08-07 10:08:37
214839,3361,GKQC5,COMPRA,95,131.9457,3.8650,2026-08-07 11:17:09,2026-08-07 11:17:11,2026-08-07 11:17:11
214840,2283,QQQS1,COMPRA,180,22.6171,5.0397,2026-08-07 14:07:04,2026-08-07 14:07:04,2026-08-07 14:07:04
214841,3220,WHMT3,COMPRA,455,99.2312,10.8967,2026-08-07 13:04:00,2026-08-07 13:04:02,2026-08-07 13:04:02
214842,1104,OVYL9,COMPRA,210,70.1509,0.9910,2026-08-07 11:54:26,2026-08-07 11:54:27,2026-08-07 11:54:27
214843,2565,DGBT6,COMPRA,340,106.6700,,2026-08-07 16:10:42,2026-08-07 16:10:44,2026-08-07 16:10:44
214844,2211,YRWH3,COMPRA,475,222.9116,6.9546,2026-08-07 14:32:57,2026-08-07 14:32:59,2026-08-07 14:32:59
214845,1614,SUZL4,COMPRA,45,147.1599,1.5838,2026-08-07 17:18:09,2026-08-07 17:18:09,2026-08-07 17:18:09
214846,1290,JDJG6,COMPRA,285,75.4163,12.3309,2026-08-07 17:00:02,2026-08-07 17:00:05,2026-08-07 17:00:05
214847,1380,DMTZ8,COMPRA,135,199.7768,9.5454,2026-08-07 14:17:35,2026-08-07 14:17:37,2026-08-07 14:17:37
214848,3382,NQYT3,COMPRA,330,50.1209,3.1300,2026-08-07 16:22:47,2026-08-07 16:22:49,2026-08-07 16:22:49
214849,2631,KFSY2,COMPRA,441,137.5330,0.6634,2026-08-07 13:21:15,2026-08-07 13:21:18,2026-08-07 13:21:18
214850,1419,QTHQ1,COMPRA,18,27.7602,8.8663,2026-08-07 11:17:23,2026-08-07 11:17:26,2026-08-07 11:17:26
214851,1838,DQSN6,COMPRA,80,153.9525,3.7454,2026-08-07 14:16:16,2026-08-07 14:16:19,2026-08-07 14:16:19
214852,2059,YRWH3,COMPRA,413,216.9028,1.1258,2026-08-07 10:11:33,2026-08-07 10:11:34,2026-08-07 10:11:34
214853,2850,PQUT9,COMPRA,475,98.8503,11.4802,2026-08-07 16:45:14,2026-08-07 16:45:15,2026-08-07 16:45:15
214854,1245,GKQC5,COMPRA,384,141.3024,3.1204,2026-08-07 16:20:29,2026-08-07 16:20:32,2026-08-07 16:20:32
214855,1021,SUZL4,COMPRA,485,146.1766,8.9234,2026-08-07 10:35:10,2026-08-07 10:35:10,2026-08-07 10:35:10
214856,1335,BXFJ9,COMPRA,120,145.0368,6.2510,2026-08-07 13:15:51,2026-08-07 13:15:53,2026-08-07 13:15:53
214857,3457,VLEB3,COMPRA,275,299.6302,2.7197,2026-08-07 15:04:17,2026-08-07 15:04:17,2026-08-07 15:04:17
214858,1409,XPVA7,COMPRA,5,407.7219,0.6018,2026-08-07 16:42:38,2026-08-07 16:42:39,2026-08-07 16:42:39
214859,1187,DHRM5,COMPRA,486,349.5429,7.7232,2026-08-07 15:33:12,2026-08-07 15:33:12,2026-08-07 15:33:12
214860,2212,SVOZ4,COMPRA,130,41.2273,8.4081,2026-08-07 10:58:20,2026-08-07 10:58:22,2026-08-07 10:58:22
214861,2831,ZYVN7,COMPRA,165,87.3385,9.6205,2026-08-07 16:50:46,2026-08-07 16:50:47,2026-08-07 16:50:47
214862,2072,WMQZ6,COMPRA,65,88.0519,9.9389,2026-08-07 14:04:59,2026-08-07 14:05:00,2026-08-07 14:05:00
214863,1277,DFGR7,COMPRA,165,94.7768,4.4705,2026-08-07 16:17:33,2026-08-07 16:17:33,2026-08-07 16:17:33
214864,2971,SVOZ4,COMPRA,270,49.8311,3.7565,2026-08-07 10:55:41,2026-08-07 10:55:44,2026-08-07 10:55:44
214865,2399,MOLF3,COMPRA,245,46.7876,6.2205,2026-08-07 14:56:27,2026-08-07 14:56:27,2026-08-07 14:56:27
214866,1344,ACSV1,COMPRA,205,87.1319,7.9094,2026-08-07 14:16:11,2026-08-07 14:16:12,2026-08-07 14:16:12
214867,2959,OVUQ2,COMPRA,371,54.6960,1.8453,2026-08-07 16:36:46,2026-08-07 16:36:48,2026-08-07 16:36:48
214868,3489,DGBT6,COMPRA,125,95.0292,12.6331,2026-08-07 12:29:36,2026-08-07 12:29:37,2026-08-07 12:29:37
214869,2014,BGNM6,COMPRA,59,92.9248,0.6392,2026-08-07 11:29:53,2026-08-07 11:29:56,2026-08-07 11:29:56
214870,3494,PBZM6,COMPRA,160,62.6951,8.9345,2026-08-07 13:07:21,2026-08-07 13:07:23,2026-08-07 13:07:23
214871,1670,BGNM6,COMPRA,475,87.4843,7.8145,2026-08-07 10:36:59,2026-08-07 10:37:01,2026-08-07 10:37:01
214872,2879,BGNM6,COMPRA,329,118.0330,3.2859,2026-08-07 10:00:09,2026-08-07 10:00:09,2026-08-07 10:00:09
214873,1835,DEGN5,COMPRA,385,80.1291,6.1410,2026-08-07 10:16:38,2026-08-07 10:16:39,2026-08-07 10:16:39
214874,2345,YFAH5,COMPRA,340,196.0470,5.6067,2026-08-07 17:23:58,2026-08-07 17:23:59,2026-08-07 17:23:59
214875,2245,JUDG8,COMPRA,390,86.5069,12.4099,2026-08-07 12:04:35,2026-08-07 12:04:35,2026-08-07 12:04:35
214876,2081,ZFBT3,COMPRA,193,123.4267,8.5059,2026-08-07 16:35:52,2026-08-07 16:35:54,2026-08-07 16:35:54
214877,1020,OVUQ2,COMPRA,270,60.6347,0.1120,2026-08-07 15:41:44,2026-08-07 15:41:45,2026-08-07 15:41:45
214878,2531,UYFJ9,COMPRA,390,95.8164,6.4477,2026-08-07 11:00:06,2026-08-07 11:00:09,2026-08-07 11:00:09
214879,2472,MJDL9,COMPRA,395,42.3435,8.4798,2026-08-07 15:07:23,2026-08-07 15:07:25,2026-08-07 15:07:25
214880,2941,SGBG8,COMPRA,365,85.9859,3.9093,2026-08-07 12:18:27,2026-08-07 12:18:29,2026-08-07 12:18:29
214881,2996,DSFC9,COMPRA,470,432.1978,3.9228,2026-08-07 11:34:25,2026-08-07 11:34:26,2026-08-07 11:34:26
214882,2443,JJVW6,VENDA,50,131.0790,11.2157,2026-08-07 16:21:01,2026-08-07 16:21:02,2026-08-07 16:21:02
214883,1122,WXFC8,COMPRA,125,91.8064,2.2327,2026-08-07 17:21:43,2026-08-07 17:21:45,2026-08-07 17:21:45
214884,2090,GAKD5,COMPRA,120,281.5663,4.3004,2026-08-07 14:59:09,2026-08-07 14:59:12,2026-08-07 14:59:12
214885,1031,PQUT9,COMPRA,165,92.4747,8.6721,2026-08-07 11:33:19,2026-08-07 11:33:22,2026-08-07 11:33:22
214886,1320,ACSV1,COMPRA,265,90.8369,4.6612,2026-08-07 11:41:25,2026-08-07 11:41:27,2026-08-07 11:41:27
214887,3287,DMTZ8,COMPRA,130,147.3370,11.6467,2026-08-07 16:43:50,2026-08-07 16:43:53,2026-08-07 16:43:53
214888,3190,RHXV4,COMPRA,330,63.6830,3.9851,2026-08-07 11:12:45,2026-08-07 11:12:48,2026-08-07 11:12:48
214889,1702,EEYY9,COMPRA,180,173.6522,10.6684,2026-08-07 16:35:46,2026-08-07 16:35:48,2026-08-07 16:35:48
214890,1865,WHMT3,COMPRA,370,84.0671,11.3473,2026-08-07 12:22:24,2026-08-07 12:22:25,2026-08-07 12:22:25
214891,2549,MCMT2,COMPRA,405,109.1799,8.1713,2026-08-07 16:01:22,2026-08-07 16:01:22,2026-08-07 16:01:22
214892,2335,PZUP8,COMPRA,330,123.4356,10.7638,2026-08-07 15:58:37,2026-08-07 15:58:40,2026-08-07 15:58:40
214893,3509,HVEX2,COMPRA,196,169.0520,12.8728,2026-08-07 12:04:06,2026-08-07 12:04:07,2026-08-07 12:04:07
214894,1689,UCHR6,COMPRA,150,379.3828,3.9479,2026-08-07 12:32:20,2026-08-07 12:32:23,2026-08-07 12:32:23
214895,3354,NHYK8,COMPRA,475,54.3937,5.5561,2026-08-07 12:33:02,2026-08-07 12:33:02,2026-08-07 12:33:02
214896,2561,MOLF3,COMPRA,385,54.3773,12.6742,2026-08-07 12:50:03,2026-08-07 12:50:05,2026-08-07 12:50:05
214897,1925,UYFJ9,COMPRA,465,83.1146,,2026-08-07 16:55:45,2026-08-07 16:55:47,2026-08-07 16:55:47
214898,1346,FIUW1,COMPRA,410,102.4893,4.5624,2026-08-07 16:06:38,2026-08-07 16:06:39,2026-08-07 16:06:39
214899,2672,HVEX2,COMPRA,35,105.7518,1.4099,2026-08-07 13:21:19,2026-08-07 13:21:22,2026-08-07 13:21:22
214900,3488,MCMT2,COMPRA,310,117.6011,6.8922,2026-08-07 12:35:48,2026-08-07 12:35:51,2026-08-07 12:35:51
214901,2665,MCHX2,COMPRA,395,106.8217,5.0899,2026-08-07 11:52:08,2026-08-07 11:52:11,2026-08-07 11:52:11
214902,3271,XPVA7,COMPRA,275,532.4345,7.9345,2026-08-07 13:31:58,2026-08-07 13:32:01,2026-08-07 13:32:01
214903,3026,KQEO3,COMPRA,270,63.0204,10.4544,2026-08-07 16:40:34,2026-08-07 16:40:35,2026-08-07 16:40:35
214904,3096,QTHQ1,COMPRA,370,24.5808,7.8849,2026-08-07 15:41:43,2026-08-07 15:41:43,2026-08-07 15:41:43
214905,1036,LCCH9,COMPRA,60,8.2403,2.0995,2026-08-07 13:57:41,2026-08-07 13:57:43,2026-08-07 13:57:43
214906,1583,VLEB3,COMPRA,50,391.9724,6.1285,2026-08-07 10:46:29,2026-08-07 10:46:32,2026-08-07 10:46:32
214907,2017,TTHO3,COMPRA,450,41.6450,8.4820,2026-08-07 15:34:57,2026-08-07 15:34:59,2026-08-07 15:34:59
214908,3364,QTDZ2,COMPRA,5,45.7859,10.6605,2026-08-07 13:16:50,2026-08-07 13:16:51,2026-08-07 13:16:51
214909,1614,LIEG8,COMPRA,141,112.4728,11.5566,2026-08-07 14:00:14,2026-08-07 14:00:17,2026-08-07 14:00:17
214910,3069,AAWB3,COMPRA,100,172.8153,9.8140,2026-08-07 11:25:27,2026-08-07 11:25:28,2026-08-07 11:25:28
214911,1235,BSDJ7,COMPRA,40,217.4674,1.1135,2026-08-07 14:15:38,2026-08-07 14:15:39,2026-08-07 14:15:39
214912,1108,LIEG8,COMPRA,435,112.1778,6.8222,2026-08-07 16:05:44,2026-08-07 16:05:47,2026-08-07 16:05:47
214913,3083,YOWA1,COMPRA,45,48.0160,7.1732,2026-08-07 14:37:11,2026-08-07 14:37:14,2026-08-07 14:37:14
214914,2289,OXVD8,COMPRA,105,86.2742,5.2465,2026-08-07 15:12:32,2026-08-07 15:12:35,2026-08-07 15:12:35
214915,2374,UCHR6,COMPRA,115,373.8877,1.0479,2026-08-07 15:54:24,2026-08-07 15:54:24,2026-08-07 15:54:24
214916,1719,ZFBT3,COMPRA,155,119.3132,9.5468,2026-08-07 12:39:10,2026-08-07 12:39:10,2026-08-07 12:39:10
214917,2666,AYFQ2,COMPRA,405,9.2100,5.0081,2026-08-07 13:43:12,2026-08-07 13:43:13,2026-08-07 13:43:13
214918,2185,GFDF2,COMPRA,275,86.9384,3.9134,2026-08-07 10:05:46,2026-08-07 10:05:48,2026-08-07 10:05:48
214919,3050,NGIU9,COMPRA,75,84.1792,7.1366,2026-08-07 13:42:50,2026-08-07 13:42:50,2026-08-07 13:42:50
214920,1775,SRDU1,COMPRA,430,93.1923,4.5446,2026-08-07 16:55:27,2026-08-07 16:55:30,2026-08-07 16:55:30
214921,1497,OXVD8,COMPRA,415,86.3535,7.6727,2026-08-07 16:30:23,2026-08-07 16:30:25,2026-08-07 16:30:25
214922,2903,WIPB2,COMPRA,485,91.2044,5.0987,2026-08-07 14:18:12,2026-08-07 14:18:12,2026-08-07 14:18:12
214923,3113,AAWB3,COMPRA,310,137.7340,6.5564,2026-08-07 13:27:25,2026-08-07 13:27:25,2026-08-07 13:27:25
214924,1118,FIUW1,COMPRA,195,126.1363,2.9271,2026-08-07 17:00:29,2026-08-07 17:00:30,2026-08-07 17:00:30
214925,2338,HJRH5,COMPRA,290,163.7615,9.1920,2026-08-07 15:13:41,2026-08-07 15:13:44,2026-08-07 15:13:44
214926,3446,NAOF3,COMPRA,140,54.4403,8.2315,2026-08-07 16:14:06,2026-08-07 16:14:09,2026-08-07 16:14:09
214927,3501,FIUW1,COMPRA,380,114.9162,12.7506,2026-08-07 15:08:58,2026-08-07 15:08:58,2026-08-07 15:08:58
214928,2531,UFMA7,COMPRA,70,133.4866,0.0553,2026-08-07 13:18:45,2026-08-07 13:18:48,2026-08-07 13:18:48
214929,2012,TNHT4,COMPRA,275,143.3977,8.7189,2026-08-07 17:26:27,2026-08-07 17:26:28,2026-08-07 17:26:28
214930,2729,XLZM9,COMPRA,142,46.6686,4.9739,2026-08-07 11:58:09,2026-08-07 11:58:09,2026-08-07 11:58:09
214931,1937,QQQS1,COMPRA,405,20.0604,10.2760,2026-08-07 12:09:28,2026-08-07 12:09:29,2026-08-07 12:09:29
214932,3386,XOVY4,COMPRA,115,97.2266,4.2103,2026-08-07 12:18:51,2026-08-07 12:18:54,2026-08-07 12:18:54
214933,3370,HVEX2,COMPRA,160,136.8118,3.7787,2026-08-07 11:01:03,2026-08-07 11:01:06,2026-08-07 11:01:06
214934,1601,RYPL6,COMPRA,60,103.7612,8.0998,2026-08-07 12:45:07,2026-08-07 12:45:07,2026-08-07 12:45:07
214935,2599,JUDG8,COMPRA,27,80.4851,,2026-08-07 12:20:35,2026-08-07 12:20:35,2026-08-07 12:20:35
214936,3308,DHRM5,COMPRA,365,273.0892,9.2912,2026-08-07 11:51:22,2026-08-07 11:51:25,2026-08-07 11:51:25
214937,3091,MCHX2,COMPRA,291,131.4741,5.9105,2026-08-07 11:15:56,2026-08-07 11:15:58,2026-08-07 11:15:58
214938,2490,IJJK3,COMPRA,189,104.4247,10.8091,2026-08-07 13:06:17,2026-08-07 13:06:20,2026-08-07 13:06:20
214939,1346,NUJZ2,COMPRA,325,39.4291,10.1511,2026-08-07 10:59:20,2026-08-07 10:59:21,2026-08-07 10:59:21
214940,2078,KHGP6,COMPRA,260,120.8053,1.7170,2026-08-07 15:34:36,2026-08-07 15:34:36,2026-08-07 15:34:36
214941,1897,IJJK3,COMPRA,15,105.7511,3.9414,2026-08-07 17:15:48,2026-08-07 17:15:49,2026-08-07 17:15:49
214942,3363,NYGT6,VENDA,120,95.0640,0.0886,2026-08-07 13:09:28,2026-08-07 13:09:31,2026-08-07 13:09:31
214943,1337,YCCK8,COMPRA,195,459.2013,2.4340,2026-08-07 11:25:37,2026-08-07 11:25:38,2026-08-07 11:25:38
214944,3348,DMTZ8,COMPRA,438,178.8189,8.0390,2026-08-07 15:11:36,2026-08-07 15:11:38,2026-08-07 15:11:38
214945,1063,LIEG8,COMPRA,90,92.1014,9.9156,2026-08-07 11:53:42,2026-08-07 11:53:42,2026-08-07 11:53:42
214946,2055,NGIU9,COMPRA,360,117.7259,3.0117,2026-08-07 15:12:45,2026-08-07 15:12:48,2026-08-07 15:12:48
214947,2463,LQML9,COMPRA,480,144.2603,2.6736,2026-08-07 10:56:52,2026-08-07 10:56:54,2026-08-07 10:56:54
214948,2441,YIHC3,COMPRA,45,58.5444,6.3905,2026-08-07 14:52:35,2026-08-07 14:52:38,2026-08-07 14:52:38
214949,2220,SRDU1,VENDA,145,89.5316,4.1538,2026-08-07 17:23:00,2026-08-07 17:23:01,2026-08-07 17:23:01
214950,1906,DFGR7,COMPRA,105,117.2720,7.4776,2026-08-07 10:53:30,2026-08-07 10:53:33,2026-08-07 10:53:33
214951,2380,NGIU9,COMPRA,455,123.2700,0.5093,2026-08-07 12:21:32,2026-08-07 12:21:34,2026-08-07 12:21:34
214952,2065,QTDZ2,COMPRA,472,59.2444,0.5781,2026-08-07 15:27:40,2026-08-07 15:27:43,2026-08-07 15:27:43
214953,2994,JIPR4,COMPRA,80,32.8058,5.6171,2026-08-07 12:46:22,2026-08-07 12:46:23,2026-08-07 12:46:23
214954,1777,QEUC2,COMPRA,42,164.9821,12.6420,2026-08-07 10:04:39,2026-08-07 10:04:42,2026-08-07 10:04:42
214955,1894,PSEN6,COMPRA,128,171.1185,6.4796,2026-08-07 15:11:21,2026-08-07 15:11:24,2026-08-07 15:11:24
214956,1359,QTDZ2,COMPRA,125,48.9301,7.1295,2026-08-07 15:25:09,2026-08-07 15:25:11,2026-08-07 15:25:11
214957,2835,ECQD7,COMPRA,312,89.6437,5.6954,2026-08-07 14:41:49,2026-08-07 14:41:52,2026-08-07 14:41:52
214958,1985,RDOA3,COMPRA,307,110.6366,4.6714,2026-08-07 10:06:39,2026-08-07 10:06:39,2026-08-07 10:06:39
214959,2297,RSBT4,COMPRA,115,325.1792,7.2527,2026-08-07 12:53:36,2026-08-07 12:53:38,2026-08-07 12:53:38
214960,1706,QYBV3,COMPRA,455,64.6045,3.0253,2026-08-07 15:20:45,2026-08-07 15:20:48,2026-08-07 15:20:48
214961,1022,NAOF3,COMPRA,475,69.1565,2.1381,2026-08-07 11:08:27,2026-08-07 11:08:30,2026-08-07 11:08:30
214962,2939,JUDG8,COMPRA,40,102.2737,11.0063,2026-08-07 10:52:06,2026-08-07 10:52:08,2026-08-07 10:52:08
214963,2120,QQQS1,COMPRA,130,25.0914,6.7839,2026-08-07 16:55:07,2026-08-07 16:55:09,2026-08-07 16:55:09
214964,2494,PQUT9,VENDA,285,102.0372,10.0383,2026-08-07 15:25:55,2026-08-07 15:25:55,2026-08-07 15:25:55
214965,2825,LCCH9,COMPRA,280,10.4882,8.7393,2026-08-07 10:05:44,2026-08-07 10:05:47,2026-08-07 10:05:47
214966,3346,WXFC8,COMPRA,410,71.4893,9.1656,2026-08-07 11:28:04,2026-08-07 11:28:06,2026-08-07 11:28:06
214967,3340,OVUQ2,COMPRA,70,54.1491,7.0973,2026-08-07 10:14:00,2026-08-07 10:14:02,2026-08-07 10:14:02
214968,1822,ZYVN7,COMPRA,445,61.2838,5.9572,2026-08-07 10:31:51,2026-08-07 10:31:51,2026-08-07 10:31:51
214969,3445,OVUQ2,COMPRA,160,44.2110,11.6943,2026-08-07 13:43:29,2026-08-07 13:43:30,2026-08-07 13:43:30
214970,1907,ZFBT3,COMPRA,100,102.1217,12.8781,2026-08-07 13:10:01,2026-08-07 13:10:03,2026-08-07 13:10:03
214971,2835,ZFBT3,COMPRA,385,118.1203,6.0116,2026-08-07 17:07:48,2026-08-07 17:07:51,2026-08-07 17:07:51
214972,3516,YCCK8,COMPRA,380,482.0686,4.7671,2026-08-07 17:06:59,2026-08-07 17:07:02,2026-08-07 17:07:02
214973,2529,IPXK2,COMPRA,149,375.5396,10.4392,2026-08-07 12:31:27,2026-08-07 12:31:28,2026-08-07 12:31:28
214974,2248,UFIU3,COMPRA,217,83.8859,11.6734,2026-08-07 14:21:40,2026-08-07 14:21:42,2026-08-07 14:21:42
214975,1297,QEUC2,COMPRA,303,215.9184,9.2491,2026-08-07 11:36:29,2026-08-07 11:36:29,2026-08-07 11:36:29
214976,2013,IZTY4,COMPRA,175,29.9495,8.4525,2026-08-07 11:12:03,2026-08-07 11:12:05,2026-08-07 11:12:05
214977,1747,RYPL6,COMPRA,100,76.1271,2.8210,2026-08-07 14:31:33,2026-08-07 14:31:36,2026-08-07 14:31:36
214978,3508,RYPL6,COMPRA,30,71.3391,2.5278,2026-08-07 13:12:56,2026-08-07 13:12:59,2026-08-07 13:12:59
214979,2800,MCMT2,COMPRA,39,106.7472,12.6362,2026-08-07 15:36:07,2026-08-07 15:36:07,2026-08-07 15:36:07
214980,2009,UFIU3,COMPRA,110,97.0027,11.0891,2026-08-07 13:36:16,2026-08-07 13:36:19,2026-08-07 13:36:19
214981,3226,FYZB6,COMPRA,445,80.2036,4.6663,2026-08-07 14:40:13,2026-08-07 14:40:14,2026-08-07 14:40:14
214982,1898,DGBT6,COMPRA,275,71.7235,1.5090,2026-08-07 14:25:52,2026-08-07 14:25:54,2026-08-07 14:25:54
214983,2382,NPEM3,COMPRA,315,111.1899,11.6671,2026-08-07 15:59:03,2026-08-07 15:59:05,2026-08-07 15:59:05
214984,1246,PBZM6,COMPRA,85,58.7160,10.6460,2026-08-07 11:24:03,2026-08-07 11:24:04,2026-08-07 11:24:04
214985,1033,UYFJ9,COMPRA,145,92.7839,7.9173,2026-08-07 10:58:20,2026-08-07 10:58:21,2026-08-07 10:58:21
214986,2348,YOWA1,COMPRA,500,58.3862,1.3321,2026-08-07 15:30:33,2026-08-07 15:30:33,2026-08-07 15:30:33
214987,2347,DEGN5,COMPRA,372,101.1560,9.2331,2026-08-07 12:05:50,2026-08-07 12:05:53,2026-08-07 12:05:53
214988,1639,UFIU3,COMPRA,175,82.6906,1.1281,2026-08-07 16:25:46,2026-08-07 16:25:46,2026-08-07 16:25:46
214989,2513,YIHC3,COMPRA,105,48.7844,9.6570,2026-08-07 12:55:51,2026-08-07 12:55:51,2026-08-07 12:55:51
214990,1552,QEUC2,COMPRA,135,193.2735,10.7718,2026-08-07 10:50:33,2026-08-07 10:50:35,2026-08-07 10:50:35
214991,2656,XTVW5,COMPRA,120,120.2854,5.6087,2026-08-07 14:47:08,2026-08-07 14:47:11,2026-08-07 14:47:11
214992,2742,WIPB2,COMPRA,230,137.7393,12.8721,2026-08-07 13:22:30,2026-08-07 13:22:32,2026-08-07 13:22:32
214993,2328,FRGH8,COMPRA,20,60.0000,4.4938,2026-08-07 15:10:35,2026-08-07 15:10:35,2026-08-07 15:10:35
214994,3251,TTHO3,COMPRA,220,33.8277,11.8299,2026-08-07 17:18:51,2026-08-07 17:18:53,2026-08-07 17:18:53
214995,2284,WMQZ6,COMPRA,250,65.2179,4.3941,2026-08-07 14:34:47,2026-08-07 14:34:47,2026-08-07 14:34:47
214996,2907,XOVY4,COMPRA,400,125.6186,6.4915,2026-08-07 15:45:56,2026-08-07 15:45:57,2026-08-07 15:45:57
214997,1080,WIPB2,COMPRA,440,136.8351,9.6579,2026-08-07 15:14:34,2026-08-07 15:14:36,2026-08-07 15:14:36
214998,2463,CQJZ4,COMPRA,375,80.1689,3.3209,2026-08-07 16:26:58,2026-08-07 16:27:00,2026-08-07 16:27:00
214999,2380,YOWA1,COMPRA,250,55.4873,9.3752,2026-08-07 15:09:15,2026-08-07 15:09:18,2026-08-07 15:09:18
215000,2920,YIHC3,COMPRA,240,77.7356,8.1039,2026-08-07 10:36:18,2026-08-07 10:36:19,2026-08-07 10:36:19
215001,2662,BXFJ9,COMPRA,460,144.3843,2.2094,2026-08-07 11:12:20,2026-08-07 11:12:21,2026-08-07 11:12:21
215002,2102,NGIU9,COMPRA,495,100.5206,11.3076,2026-08-07 17:14:18,2026-08-07 17:14:20,2026-08-07 17:14:20
215003,2512,JDJG6,COMPRA,70,67.8695,7.0738,2026-08-07 10:15:18,2026-08-07 10:15:19,2026-08-07 10:15:19
215004,1458,IPXK2,COMPRA,475,366.3538,6.1264,2026-08-07 11:15:09,2026-08-07 11:15:10,2026-08-07 11:15:10
215005,1977,OXVD8,COMPRA,15,84.5848,2.2123,2026-08-07 11:04:53,2026-08-07 11:04:54,2026-08-07 11:04:54
215006,3013,HVEX2,COMPRA,75,106.6905,0.9595,2026-08-07 10:54:11,2026-08-07 10:54:11,2026-08-07 10:54:11
215007,1519,ZAAS7,COMPRA,485,411.7779,5.2956,2026-08-07 16:48:19,2026-08-07 16:48:19,2026-08-07 16:48:19
215008,2927,VLEB3,COMPRA,269,490.4552,5.5634,2026-08-07 11:44:57,2026-08-07 11:44:58,2026-08-07 11:44:58
215009,2405,WIPB2,COMPRA,372,136.9961,12.2943,2026-08-07 13:03:18,2026-08-07 13:03:18,2026-08-07 13:03:18
215010,1599,TTHO3,COMPRA,10,33.0933,9.3874,2026-08-07 11:49:07,2026-08-07 11:49:07,2026-08-07 11:49:07
215011,1263,KHGP6,COMPRA,230,113.7116,0.6068,2026-08-07 15:02:29,2026-08-07 15:02:31,2026-08-07 15:02:31
215012,2398,UVEY5,COMPRA,320,89.8059,8.9758,2026-08-07 14:15:09,2026-08-07 14:15:11,2026-08-07 14:15:11
215013,1877,EEYY9,COMPRA,495,171.9895,1.6684,2026-08-07 10:03:26,2026-08-07 10:03:26,2026-08-07 10:03:26
215014,3198,IZTY4,COMPRA,480,29.3258,10.1517,2026-08-07 16:02:54,2026-08-07 16:02:55,2026-08-07 16:02:55
215015,2615,BXFJ9,COMPRA,90,180.2137,3.3144,2026-08-07 10:06:46,2026-08-07 10:06:48,2026-08-07 10:06:48
215016,1873,OXVD8,COMPRA,160,84.3408,7.9833,2026-08-07 11:09:14,2026-08-07 11:09:14,2026-08-07 11:09:14
215017,3330,OVYL9,COMPRA,200,86.5134,10.8095,2026-08-07 11:52:07,2026-08-07 11:52:10,2026-08-07 11:52:10
215018,1495,BGNM6,COMPRA,320,95.5075,3.1118,2026-08-07 12:39:00,2026-08-07 12:39:01,2026-08-07 12:39:01
215019,2598,GULD2,COMPRA,297,108.9212,10.6319,2026-08-07 13:04:23,2026-08-07 13:04:25,2026-08-07 13:04:25
215020,2570,LGKU6,COMPRA,315,84.1120,11.8422,2026-08-07 17:04:04,2026-08-07 17:04:04,2026-08-07 17:04:04
215021,1053,MJDL9,COMPRA,250,28.2549,7.5882,2026-08-07 15:02:30,2026-08-07 15:02:30,2026-08-07 15:02:30
215022,3041,AYFQ2,COMPRA,80,13.3794,6.8479,2026-08-07 12:12:44,2026-08-07 12:12:46,2026-08-07 12:12:46
215023,3147,QQQS1,COMPRA,140,20.1660,10.9015,2026-08-07 10:26:45,2026-08-07 10:26:46,2026-08-07 10:26:46
215024,1400,FRGH8,COMPRA,80,88.4510,3.0036,2026-08-07 12:21:36,2026-08-07 12:21:36,2026-08-07 12:21:36
215025,3326,ZFBT3,COMPRA,245,95.9293,7.5284,2026-08-07 12:56:18,2026-08-07 12:56:21,2026-08-07 12:56:21
215026,1892,SUZL4,COMPRA,320,141.3565,11.6695,2026-08-07 16:35:32,2026-08-07 16:35:35,2026-08-07 16:35:35
215027,1746,LGKU6,COMPRA,200,98.5866,1.9804,2026-08-07 17:12:31,2026-08-07 17:12:31,2026-08-07 17:12:31
215028,1383,UFMA7,COMPRA,80,129.7282,3.4632,2026-08-07 15:55:28,2026-08-07 15:55:30,2026-08-07 15:55:30
215029,3148,YOWA1,COMPRA,195,53.7202,3.8974,2026-08-07 10:52:52,2026-08-07 10:52:55,2026-08-07 10:52:55
215030,1919,MOLF3,COMPRA,220,41.8473,0.7178,2026-08-07 13:13:12,2026-08-07 13:13:12,2026-08-07 13:13:12
215031,1024,XAVL3,COMPRA,235,153.9593,5.4005,2026-08-07 11:29:24,2026-08-07 11:29:27,2026-08-07 11:29:27
215032,2590,DSFC9,COMPRA,458,488.9038,8.6994,2026-08-07 11:21:44,2026-08-07 11:21:44,2026-08-07 11:21:44
215033,2332,QTHQ1,COMPRA,252,23.4020,7.3218,2026-08-07 15:27:27,2026-08-07 15:27:29,2026-08-07 15:27:29
215034,2114,UQIQ7,COMPRA,220,83.3308,3.5489,2026-08-07 12:33:03,2026-08-07 12:33:03,2026-08-07 12:33:03
215035,1140,IPXK2,COMPRA,15,301.6301,1.3578,2026-08-07 10:44:59,2026-08-07 10:44:59,2026-08-07 10:44:59
215036,1201,XOVY4,COMPRA,425,118.2022,12.3172,2026-08-07 10:26:16,2026-08-07 10:26:16,2026-08-07 10:26:16
215037,1397,UQIQ7,COMPRA,370,96.7202,2.5453,2026-08-07 17:05:10,2026-08-07 17:05:13,2026-08-07 17:05:13
215038,2576,LGKU6,COMPRA,435,71.6967,2.4034,2026-08-07 10:09:25,2026-08-07 10:09:25,2026-08-07 10:09:25
215039,1986,BXFJ9,COMPRA,305,158.0921,6.1565,2026-08-07 13:24:59,2026-08-07 13:25:01,2026-08-07 13:25:01
215040,2635,BXFJ9,COMPRA,185,130.2842,5.2210,2026-08-07 13:14:41,2026-08-07 13:14:41,2026-08-07 13:14:41
215041,1547,UFIU3,COMPRA,420,105.3204,5.1310,2026-08-07 12:33:31,2026-08-07 12:33:31,2026-08-07 12:33:31
215042,1621,JUDG8,COMPRA,475,107.3936,11.3851,2026-08-07 12:53:23,2026-08-07 12:53:26,2026-08-07 12:53:26
215043,3313,JDJG6,COMPRA,257,68.6020,10.2947,2026-08-07 11:01:42,2026-08-07 11:01:45,2026-08-07 11:01:45
215044,1261,TXHR8,COMPRA,335,102.8583,4.2758,2026-08-07 15:13:00,2026-08-07 15:13:03,2026-08-07 15:13:03
215045,1645,YOWA1,COMPRA,250,44.5277,3.6715,2026-08-07 12:25:44,2026-08-07 12:25:46,2026-08-07 12:25:46
215046,1195,LGKU6,COMPRA,273,83.0091,11.9817,2026-08-07 13:46:26,2026-08-07 13:46:27,2026-08-07 13:46:27
215047,1504,UCHR6,COMPRA,7,357.1527,3.0254,2026-08-07 16:38:04,2026-08-07 16:38:05,2026-08-07 16:38:05
215048,3220,HJRH5,COMPRA,280,154.9074,1.6370,2026-08-07 11:46:36,2026-08-07 11:46:38,2026-08-07 11:46:38
215049,3000,ZHTL2,COMPRA,176,69.7138,9.9028,2026-08-07 12:22:35,2026-08-07 12:22:37,2026-08-07 12:22:37
215050,2663,QTDZ2,COMPRA,70,59.4763,7.6855,2026-08-07 12:53:44,2026-08-07 12:53:47,2026-08-07 12:53:47
215051,3186,HCLJ8,COMPRA,485,87.4757,8.4556,2026-08-07 10:59:48,2026-08-07 10:59:48,2026-08-07 10:59:48
215052,1995,JJVW6,COMPRA,45,115.0722,1.2119,2026-08-07 10:07:27,2026-08-07 10:07:30,2026-08-07 10:07:30
215053,2700,HCZM2,COMPRA,250,498.8019,11.0251,2026-08-07 16:14:30,2026-08-07 16:14:30,2026-08-07 16:14:30
215054,2162,NAOF3,COMPRA,200,63.7995,7.2712,2026-08-07 13:33:56,2026-08-07 13:33:58,2026-08-07 13:33:58
215055,2257,BXFJ9,COMPRA,301,165.9400,11.0512,2026-08-07 12:44:18,2026-08-07 12:44:21,2026-08-07 12:44:21
215056,3006,GAKD5,COMPRA,65,278.9230,9.4486,2026-08-07 16:05:57,2026-08-07 16:05:57,2026-08-07 16:05:57
215057,1426,BXFJ9,COMPRA,90,177.3019,4.8312,2026-08-07 16:11:13,2026-08-07 16:11:14,2026-08-07 16:11:14
215058,1151,QTHQ1,COMPRA,140,19.1832,2.3489,2026-08-07 16:45:17,2026-08-07 16:45:20,2026-08-07 16:45:20
215059,1287,WXQM6,COMPRA,15,55.1380,2.6481,2026-08-07 10:45:32,2026-08-07 10:45:34,2026-08-07 10:45:34
215060,1828,IPXK2,COMPRA,124,322.2373,7.5312,2026-08-07 10:28:17,2026-08-07 10:28:19,2026-08-07 10:28:19
215061,1825,NREP8,COMPRA,400,141.2317,9.0616,2026-08-07 14:01:14,2026-08-07 14:01:14,2026-08-07 14:01:14
215062,3056,LCCH9,COMPRA,405,6.4671,12.7053,2026-08-07 12:24:45,2026-08-07 12:24:48,2026-08-07 12:24:48
215063,2615,WIPB2,COMPRA,80,83.5940,8.7283,2026-08-07 12:51:46,2026-08-07 12:51:46,2026-08-07 12:51:46
215064,2356,OVYL9,COMPRA,213,72.5751,5.1703,2026-08-07 12:20:18,2026-08-07 12:20:20,2026-08-07 12:20:20
215065,1289,GFDF2,COMPRA,420,85.5528,12.4347,2026-08-07 16:10:34,2026-08-07 16:10:35,2026-08-07 16:10:35
215066,1889,WMQZ6,COMPRA,430,83.0990,3.4622,2026-08-07 13:56:44,2026-08-07 13:56:45,2026-08-07 13:56:45
215067,3183,ERTC4,COMPRA,475,47.8929,8.9658,2026-08-07 12:03:57,2026-08-07 12:03:57,2026-08-07 12:03:57
215068,1136,DEGN5,COMPRA,225,103.2253,9.8233,2026-08-07 10:47:03,2026-08-07 10:47:06,2026-08-07 10:47:06
215069,2817,UFIU3,COMPRA,285,102.0686,9.7445,2026-08-07 14:36:45,2026-08-07 14:36:46,2026-08-07 14:36:46
215070,2467,LQML9,COMPRA,195,132.4444,6.8215,2026-08-07 15:09:50,2026-08-07 15:09:50,2026-08-07 15:09:50
215071,1764,AAUA7,VENDA,360,135.8991,3.3055,2026-08-07 16:09:52,2026-08-07 16:09:54,2026-08-07 16:09:54
215072,1706,JJVW6,COMPRA,110,134.4127,10.6712,2026-08-07 12:05:46,2026-08-07 12:05:46,2026-08-07 12:05:46
215073,3092,UQJU7,COMPRA,450,73.6888,1.2397,2026-08-07 10:50:04,2026-08-07 10:50:06,2026-08-07 10:50:06
215074,2068,YIHC3,COMPRA,157,47.7440,10.7933,2026-08-07 13:04:47,2026-08-07 13:04:47,2026-08-07 13:04:47
215075,1383,NQYT3,COMPRA,475,50.4195,6.6220,2026-08-07 13:48:23,2026-08-07 13:48:26,2026-08-07 13:48:26
215076,2330,DEGN5,COMPRA,145,93.9668,7.0239,2026-08-07 12:27:18,2026-08-07 12:27:18,2026-08-07 12:27:18
215077,2135,PBZM6,COMPRA,265,75.0079,1.3291,2026-08-07 14:09:13,2026-08-07 14:09:15,2026-08-07 14:09:15
215078,2376,EEYY9,VENDA,97,192.6711,0.6941,2026-08-07 14:12:05,2026-08-07 14:12:06,2026-08-07 14:12:06
215079,1439,EEYY9,COMPRA,216,173.8887,8.4026,2026-08-07 16:49:56,2026-08-07 16:49:58,2026-08-07 16:49:58
215080,2218,TVCE9,COMPRA,110,79.1671,6.6010,2026-08-07 12:09:10,2026-08-07 12:09:10,2026-08-07 12:09:10
215081,2936,RHXV4,COMPRA,404,53.0254,9.7196,2026-08-07 13:22:49,2026-08-07 13:22:51,2026-08-07 13:22:51
215082,3374,WIPB2,COMPRA,480,85.6616,4.0853,2026-08-07 10:01:13,2026-08-07 10:01:15,2026-08-07 10:01:15
215083,2476,BSDJ7,COMPRA,210,203.7126,0.8680,2026-08-07 10:47:37,2026-08-07 10:47:38,2026-08-07 10:47:38
215084,2049,GFDF2,COMPRA,150,93.3499,7.5502,2026-08-07 14:37:28,2026-08-07 14:37:31,2026-08-07 14:37:31
215085,1671,QYBV3,COMPRA,215,88.7385,9.8197,2026-08-07 14:16:40,2026-08-07 14:16:43,2026-08-07 14:16:43
215086,1314,IJJK3,COMPRA,270,113.0364,9.1993,2026-08-07 12:12:59,2026-08-07 12:12:59,2026-08-07 12:12:59
215087,2072,XOVY4,COMPRA,146,86.4809,8.7044,2026-08-07 17:12:44,2026-08-07 17:12:44,2026-08-07 17:12:44
215088,3169,NPEM3,COMPRA,388,99.3394,10.1918,2026-08-07 11:43:00,2026-08-07 11:43:03,2026-08-07 11:43:03
215089,3088,YCCK8,COMPRA,226,459.4540,2.8463,2026-08-07 16:51:40,2026-08-07 16:51:43,2026-08-07 16:51:43
215090,2011,UVEY5,COMPRA,205,76.1289,10.7330,2026-08-07 12:46:16,2026-08-07 12:46:18,2026-08-07 12:46:18
215091,2240,NUJZ2,COMPRA,70,37.1101,0.5849,2026-08-07 11:09:10,2026-08-07 11:09:11,2026-08-07 11:09:11
215092,2395,BGNM6,COMPRA,380,89.5287,9.3776,2026-08-07 14:23:30,2026-08-07 14:23:31,2026-08-07 14:23:31
215093,3140,WIPB2,COMPRA,495,99.9096,2.8954,2026-08-07 12:54:08,2026-08-07 12:54:08,2026-08-07 12:54:08
215094,1524,UQJU7,COMPRA,190,60.0000,7.5518,2026-08-07 16:39:26,2026-08-07 16:39:27,2026-08-07 16:39:27
215095,1106,UYFJ9,COMPRA,18,85.7648,11.7202,2026-08-07 11:47:47,2026-08-07 11:47:48,2026-08-07 11:47:48
215096,1970,KFSY2,COMPRA,484,107.1236,7.3281,2026-08-07 13:31:23,2026-08-07 13:31:23,2026-08-07 13:31:23
215097,1236,XPVA7,COMPRA,355,561.9528,3.1103,2026-08-07 10:22:41,2026-08-07 10:22:44,2026-08-07 10:22:44
215098,3370,LGKU6,COMPRA,275,95.3058,2.8155,2026-08-07 15:06:38,2026-08-07 15:06:41,2026-08-07 15:06:41
215099,2517,LGKU6,COMPRA,372,98.6362,6.9098,2026-08-07 10:38:46,2026-08-07 10:38:47,2026-08-07 10:38:47
215100,3424,FIUW1,COMPRA,470,118.8996,12.4644,2026-08-07 17:30:57,2026-08-07 17:30:59,2026-08-07 17:30:59
215101,1215,YIHC3,COMPRA,255,59.8809,4.9541,2026-08-07 10:33:53,2026-08-07 10:33:53,2026-08-07 10:33:53
215102,2289,BSDJ7,COMPRA,360,185.0006,5.1984,2026-08-07 12:31:27,2026-08-07 12:31:29,2026-08-07 12:31:29
215103,3195,JUDG8,COMPRA,5,69.2554,11.5738,2026-08-07 14:53:43,2026-08-07 14:53:44,2026-08-07 14:53:44
215104,2438,JDJG6,COMPRA,85,72.9361,5.2900,2026-08-07 15:32:17,2026-08-07 15:32:20,2026-08-07 15:32:20
215105,3166,FRGH8,COMPRA,345,64.0797,10.7540,2026-08-07 12:35:49,2026-08-07 12:35:50,2026-08-07 12:35:50
215106,2851,BXFJ9,COMPRA,80,149.5791,5.3460,2026-08-07 17:18:25,2026-08-07 17:18:26,2026-08-07 17:18:26
215107,2991,TNHT4,COMPRA,161,95.1488,1.0909,2026-08-07 10:23:24,2026-08-07 10:23:26,2026-08-07 10:23:26
215108,1891,BGNM6,COMPRA,382,89.1819,10.9741,2026-08-07 12:44:50,2026-08-07 12:44:51,2026-08-07 12:44:51
215109,1119,SUZL4,COMPRA,65,149.1595,0.7957,2026-08-07 13:21:46,2026-08-07 13:21:47,2026-08-07 13:21:47
215110,1054,WIPB2,COMPRA,385,121.5003,8.9203,2026-08-07 16:24:00,2026-08-07 16:24:01,2026-08-07 16:24:01
215111,1915,NAOF3,COMPRA,465,61.7402,11.7515,2026-08-07 12:13:34,2026-08-07 12:13:37,2026-08-07 12:13:37
215112,1137,OVYL9,COMPRA,77,78.2482,3.3124,2026-08-07 15:06:17,2026-08-07 15:06:18,2026-08-07 15:06:18
215113,1882,RHXV4,COMPRA,195,72.9460,1.6599,2026-08-07 12:02:26,2026-08-07 12:02:28,2026-08-07 12:02:28
215114,3152,NGIU9,COMPRA,365,89.9507,10.8286,2026-08-07 16:13:19,2026-08-07 16:13:19,2026-08-07 16:13:19
215115,2889,JIPA6,COMPRA,135,33.1421,3.3295,2026-08-07 15:10:12,2026-08-07 15:10:12,2026-08-07 15:10:12
215116,2147,XOVY4,COMPRA,20,87.0553,5.4015,2026-08-07 13:32:25,2026-08-07 13:32:25,2026-08-07 13:32:25
215117,3418,AAUA7,COMPRA,320,169.1522,0.9141,2026-08-07 12:48:36,2026-08-07 12:48:38,2026-08-07 12:48:38
215118,2114,KQEO3,COMPRA,150,61.1752,4.8290,2026-08-07 12:25:45,2026-08-07 12:25:46,2026-08-07 12:25:46
215119,2524,EEYY9,COMPRA,95,198.6675,7.1372,2026-08-07 13:03:01,2026-08-07 13:03:03,2026-08-07 13:03:03
215120,2577,ZAAS7,COMPRA,455,336.9868,11.2159,2026-08-07 10:04:11,2026-08-07 10:04:13,2026-08-07 10:04:13
215121,1134,QHFL8,COMPRA,490,122.2764,11.4921,2026-08-07 10:27:20,2026-08-07 10:27:23,2026-08-07 10:27:23
215122,3211,RFNS7,COMPRA,120,106.5437,1.4721,2026-08-07 10:23:54,2026-08-07 10:23:57,2026-08-07 10:23:57
215123,2663,UVEY5,COMPRA,355,89.7927,4.8256,2026-08-07 13:45:27,2026-08-07 13:45:29,2026-08-07 13:45:29
215124,3235,DFGR7,COMPRA,402,101.0043,12.2262,2026-08-07 11:34:04,2026-08-07 11:34:04,2026-08-07 11:34:04
215125,3045,DFGR7,COMPRA,460,112.9416,11.8369,2026-08-07 14:49:43,2026-08-07 14:49:43,2026-08-07 14:49:43
215126,3107,RSBT4,COMPRA,120,371.1373,9.9812,2026-08-07 11:22:55,2026-08-07 11:22:55,2026-08-07 11:22:55
215127,1659,YOWA1,COMPRA,242,68.5826,2.8179,2026-08-07 14:11:38,2026-08-07 14:11:40,2026-08-07 14:11:40
215128,2114,SRDU1,COMPRA,180,69.8104,1.1089,2026-08-07 14:01:39,2026-08-07 14:01:40,2026-08-07 14:01:40
215129,2569,OVYL9,COMPRA,273,70.3039,1.7517,2026-08-07 10:25:55,2026-08-07 10:25:57,2026-08-07 10:25:57
215130,2391,ZFBT3,COMPRA,455,102.8327,3.4504,2026-08-07 17:10:15,2026-08-07 17:10:16,2026-08-07 17:10:16
215131,1151,GKQC5,COMPRA,285,142.6856,12.7937,2026-08-07 13:18:28,2026-08-07 13:18:31,2026-08-07 13:18:31
215132,1200,HJRH5,COMPRA,395,151.2400,6.9941,2026-08-07 11:36:35,2026-08-07 11:36:35,2026-08-07 11:36:35
215133,1733,HCLJ8,COMPRA,300,95.9340,4.9766,2026-08-07 15:02:35,2026-08-07 15:02:37,2026-08-07 15:02:37
215134,2831,ACSV1,COMPRA,500,101.2349,12.7089,2026-08-07 12:57:24,2026-08-07 12:57:25,2026-08-07 12:57:25
215135,2520,QQQS1,VENDA,120,17.8054,10.2189,2026-08-07 16:50:21,2026-08-07 16:50:22,2026-08-07 16:50:22
215136,2890,IJJK3,COMPRA,384,116.0261,9.7267,2026-08-07 14:19:25,2026-08-07 14:19:26,2026-08-07 14:19:26
215137,1208,GFDF2,COMPRA,275,96.3002,7.9969,2026-08-07 17:04:23,2026-08-07 17:04:26,2026-08-07 17:04:26
215138,1080,LQML9,COMPRA,344,151.0547,3.7202,2026-08-07 12:53:35,2026-08-07 12:53:35,2026-08-07 12:53:35
215139,2042,NGIU9,COMPRA,105,107.7976,6.8737,2026-08-07 11:06:54,2026-08-07 11:06:54,2026-08-07 11:06:54
215140,1945,WMQZ6,COMPRA,238,65.0834,4.4859,2026-08-07 14:50:00,2026-08-07 14:50:02,2026-08-07 14:50:02
215141,1218,OVUQ2,VENDA,480,50.7284,9.5669,2026-08-07 17:21:35,2026-08-07 17:21:35,2026-08-07 17:21:35
215142,3217,MCMT2,COMPRA,355,92.1062,1.5677,2026-08-07 10:34:54,2026-08-07 10:34:54,2026-08-07 10:34:54
215143,1917,KHGP6,COMPRA,65,101.7043,5.0425,2026-08-07 10:23:10,2026-08-07 10:23:10,2026-08-07 10:23:10
215144,2939,YFAH5,COMPRA,280,135.6185,2.2411,2026-08-07 10:14:55,2026-08-07 10:14:58,2026-08-07 10:14:58
215145,3385,KHGP6,COMPRA,55,105.9119,9.4992,2026-08-07 12:01:01,2026-08-07 12:01:01,2026-08-07 12:01:01
215146,1487,UCHR6,COMPRA,460,346.4829,4.0535,2026-08-07 16:32:14,2026-08-07 16:32:17,2026-08-07 16:32:17
215147,1916,HCZM2,COMPRA,301,415.5487,3.6047,2026-08-07 11:23:43,2026-08-07 11:23:44,2026-08-07 11:23:44
215148,1022,HCLJ8,COMPRA,455,124.8245,5.3144,2026-08-07 16:13:04,2026-08-07 16:13:07,2026-08-07 16:13:07
215149,2991,FIUW1,COMPRA,55,136.4810,8.6639,2026-08-07 10:48:38,2026-08-07 10:48:40,2026-08-07 10:48:40
215150,2040,AYFQ2,COMPRA,150,11.7778,10.9723,2026-08-07 14:41:05,2026-08-07 14:41:08,2026-08-07 14:41:08
215151,2603,LIEG8,COMPRA,130,89.0143,9.7613,2026-08-07 11:43:41,2026-08-07 11:43:44,2026-08-07 11:43:44
215152,3178,JIPA6,COMPRA,371,31.1263,12.1387,2026-08-07 12:36:07,2026-08-07 12:36:07,2026-08-07 12:36:07
215153,2099,NQYT3,COMPRA,325,51.9164,10.4636,2026-08-07 13:45:12,2026-08-07 13:45:14,2026-08-07 13:45:14
215154,1816,ECQD7,COMPRA,175,90.5005,7.5472,2026-08-07 11:04:59,2026-08-07 11:05:02,2026-08-07 11:05:02
215155,2656,TXHR8,COMPRA,110,65.0075,4.5361,2026-08-07 13:37:54,2026-08-07 13:37:56,2026-08-07 13:37:56
215156,2557,NREP8,COMPRA,1,132.6069,8.6906,2026-08-07 10:01:24,2026-08-07 10:01:27,2026-08-07 10:01:27
215157,2012,LIEG8,COMPRA,315,97.9551,7.1386,2026-08-07 13:41:35,2026-08-07 13:41:37,2026-08-07 13:41:37
215158,2453,RDOA3,COMPRA,405,104.6720,2.5521,2026-08-07 13:11:30,2026-08-07 13:11:30,2026-08-07 13:11:30
215159,2088,RDOA3,COMPRA,10,71.6595,6.0221,2026-08-07 12:41:40,2026-08-07 12:41:43,2026-08-07 12:41:43
215160,1241,FRGH8,COMPRA,321,71.3192,4.2009,2026-08-07 16:11:10,2026-08-07 16:11:13,2026-08-07 16:11:13
215161,1938,ECQD7,COMPRA,140,100.9528,12.8550,2026-08-07 10:23:17,2026-08-07 10:23:20,2026-08-07 10:23:20
215162,1702,FIUW1,COMPRA,250,125.2826,3.8114,2026-08-07 13:46:44,2026-08-07 13:46:47,2026-08-07 13:46:47
215163,2149,HCLJ8,COMPRA,30,120.7770,5.3091,2026-08-07 17:08:49,2026-08-07 17:08:52,2026-08-07 17:08:52
215164,1183,TNHT4,COMPRA,100,99.7456,12.4738,2026-08-07 10:15:01,2026-08-07 10:15:01,2026-08-07 10:15:01
215165,1899,BXFJ9,COMPRA,20,128.0046,12.6499,2026-08-07 16:44:46,2026-08-07 16:44:46,2026-08-07 16:44:46
215166,2260,XOVY4,COMPRA,90,90.2062,5.5363,2026-08-07 10:23:22,2026-08-07 10:23:22,2026-08-07 10:23:22
215167,1487,SGBG8,COMPRA,345,96.4522,8.5342,2026-08-07 12:22:18,2026-08-07 12:22:20,2026-08-07 12:22:20
215168,2691,NAOF3,COMPRA,90,70.6581,12.1042,2026-08-07 15:55:34,2026-08-07 15:55:36,2026-08-07 15:55:36
215169,1567,GAKD5,VENDA,165,264.2427,7.1805,2026-08-07 12:19:53,2026-08-07 12:19:56,2026-08-07 12:19:56
215170,2975,JUDG8,COMPRA,425,68.0905,9.4489,2026-08-07 11:35:41,2026-08-07 11:35:43,2026-08-07 11:35:43
215171,2128,ZAAS7,COMPRA,65,411.9428,10.6857,2026-08-07 11:26:03,2026-08-07 11:26:04,2026-08-07 11:26:04
215172,2507,LGKU6,COMPRA,370,67.3011,3.1519,2026-08-07 11:11:12,2026-08-07 11:11:15,2026-08-07 11:11:15
215173,1454,EEYY9,COMPRA,53,151.6371,1.6631,2026-08-07 13:35:21,2026-08-07 13:35:21,2026-08-07 13:35:21
215174,2179,JUDG8,COMPRA,80,109.0788,6.5864,2026-08-07 10:22:35,2026-08-07 10:22:35,2026-08-07 10:22:35
215175,2675,TNHT4,COMPRA,195,117.7267,2.8148,2026-08-07 16:29:36,2026-08-07 16:29:38,2026-08-07 16:29:38
215176,1285,JIPR4,COMPRA,355,25.3045,8.4303,2026-08-07 13:31:54,2026-08-07 13:31:56,2026-08-07 13:31:56
215177,1315,QHFL8,COMPRA,279,162.1372,6.2557,2026-08-07 14:35:25,2026-08-07 14:35:25,2026-08-07 14:35:25
215178,1139,AAUA7,COMPRA,480,127.4460,6.0929,2026-08-07 13:30:13,2026-08-07 13:30:16,2026-08-07 13:30:16
215179,1465,IPXK2,COMPRA,480,341.8844,7.7593,2026-08-07 10:39:13,2026-08-07 10:39:15,2026-08-07 10:39:15
215180,1278,UFMA7,COMPRA,220,174.3220,6.6134,2026-08-07 15:02:05,2026-08-07 15:02:05,2026-08-07 15:02:05
215181,1042,BXFJ9,COMPRA,482,123.0173,12.3126,2026-08-07 15:56:33,2026-08-07 15:56:34,2026-08-07 15:56:34
215182,1966,RSBT4,COMPRA,450,461.9390,6.8986,2026-08-07 12:41:24,2026-08-07 12:41:26,2026-08-07 12:41:26
215183,3350,DHRM5,COMPRA,275,368.5912,2.6189,2026-08-07 14:31:30,2026-08-07 14:31:31,2026-08-07 14:31:31
215184,2415,ZHTL2,COMPRA,91,53.1120,7.6325,2026-08-07 10:08:04,2026-08-07 10:08:04,2026-08-07 10:08:04
215185,1407,RFNS7,COMPRA,430,79.5728,2.1319,2026-08-07 15:28:58,2026-08-07 15:28:58,2026-08-07 15:28:58
215186,1816,YYLA4,COMPRA,205,209.3675,1.9186,2026-08-07 10:02:56,2026-08-07 10:02:57,2026-08-07 10:02:57
215187,1924,BGNM6,COMPRA,60,112.4158,9.1161,2026-08-07 13:45:07,2026-08-07 13:45:09,2026-08-07 13:45:09
215188,2865,UFMA7,COMPRA,330,187.1066,12.3959,2026-08-07 12:13:36,2026-08-07 12:13:38,2026-08-07 12:13:38
215189,2102,ZHTL2,COMPRA,71,78.8274,6.5542,2026-08-07 14:05:43,2026-08-07 14:05:45,2026-08-07 14:05:45
215190,1022,NREP8,COMPRA,35,105.7833,8.3404,2026-08-07 12:21:38,2026-08-07 12:21:40,2026-08-07 12:21:40
215191,2180,GULD2,COMPRA,358,162.2014,5.6854,2026-08-07 12:01:01,2026-08-07 12:01:01,2026-08-07 12:01:01
215192,3216,XPVA7,COMPRA,215,571.4121,2.8262,2026-08-07 17:25:30,2026-08-07 17:25:30,2026-08-07 17:25:30
215193,1268,WMQZ6,COMPRA,485,82.2072,4.9409,2026-08-07 11:03:45,2026-08-07 11:03:45,2026-08-07 11:03:45
215194,1705,CQJZ4,COMPRA,214,107.5076,0.3080,2026-08-07 11:29:40,2026-08-07 11:29:41,2026-08-07 11:29:41
215195,1948,BXFJ9,COMPRA,435,134.2356,6.1855,2026-08-07 16:13:20,2026-08-07 16:13:23,2026-08-07 16:13:23
215196,2101,IWAK1,COMPRA,30,66.8077,5.2253,2026-08-07 12:01:26,2026-08-07 12:01:28,2026-08-07 12:01:28
215197,1062,SVOZ4,COMPRA,65,38.6207,12.5882,2026-08-07 16:13:38,2026-08-07 16:13:41,2026-08-07 16:13:41
215198,1545,PBZM6,COMPRA,60,69.6454,1.5474,2026-08-07 12:09:45,2026-08-07 12:09:46,2026-08-07 12:09:46
215199,3083,NWGB4,COMPRA,140,150.5614,9.2090,2026-08-07 17:29:36,2026-08-07 17:29:39,2026-08-07 17:29:39
215200,1916,JIPA6,COMPRA,470,33.3686,0.1632,2026-08-07 15:11:03,2026-08-07 15:11:06,2026-08-07 15:11:06
215201,2124,WIPB2,COMPRA,495,137.8956,3.9003,2026-08-07 11:01:51,2026-08-07 11:01:54,2026-08-07 11:01:54
215202,2299,KFSY2,COMPRA,65,110.7302,11.4848,2026-08-07 12:07:03,2026-08-07 12:07:05,2026-08-07 12:07:05
215203,3361,UFIU3,COMPRA,210,82.8998,9.6499,2026-08-07 14:05:55,2026-08-07 14:05:57,2026-08-07 14:05:57
215204,2689,XAVL3,COMPRA,55,185.5332,6.6121,2026-08-07 14:53:55,2026-08-07 14:53:58,2026-08-07 14:53:58
215205,3045,MJDL9,COMPRA,70,40.3744,2.8159,2026-08-07 13:48:26,2026-08-07 13:48:26,2026-08-07 13:48:26
215206,1279,RSBT4,COMPRA,110,363.0576,12.2716,2026-08-07 10:28:53,2026-08-07 10:28:56,2026-08-07 10:28:56
215207,3285,OVYL9,COMPRA,480,88.9199,1.0028,2026-08-07 14:18:04,2026-08-07 14:18:05,2026-08-07 14:18:05
215208,2710,JUDG8,COMPRA,371,73.4343,7.4252,2026-08-07 10:10:10,2026-08-07 10:10:11,2026-08-07 10:10:11
215209,3442,FRGH8,COMPRA,40,87.1990,9.0919,2026-08-07 14:44:57,2026-08-07 14:45:00,2026-08-07 14:45:00
215210,1880,GKQC5,COMPRA,69,125.0609,1.2804,2026-08-07 12:18:06,2026-08-07 12:18:09,2026-08-07 12:18:09
215211,3028,YIHC3,COMPRA,250,59.4621,8.7959,2026-08-07 15:07:21,2026-08-07 15:07:23,2026-08-07 15:07:23
215212,3410,VLEB3,COMPRA,25,440.7705,4.5126,2026-08-07 11:30:16,2026-08-07 11:30:16,2026-08-07 11:30:16
215213,1150,JDJG6,COMPRA,10,84.1357,1.0028,2026-08-07 12:03:37,2026-08-07 12:03:39,2026-08-07 12:03:39
215214,1222,AAWB3,COMPRA,445,196.6981,10.3316,2026-08-07 11:55:19,2026-08-07 11:55:20,2026-08-07 11:55:20
215215,2791,BOCS8,COMPRA,245,76.5212,4.6564,2026-08-07 12:28:09,2026-08-07 12:28:10,2026-08-07 12:28:10
215216,1708,ZAAS7,COMPRA,183,464.5490,0.2291,2026-08-07 14:50:49,2026-08-07 14:50:52,2026-08-07 14:50:52
215217,3516,YYLA4,COMPRA,397,196.1232,10.6892,2026-08-07 11:31:34,2026-08-07 11:31:35,2026-08-07 11:31:35
215218,3139,PZUP8,COMPRA,395,124.1087,2.9366,2026-08-07 12:50:01,2026-08-07 12:50:04,2026-08-07 12:50:04
215219,1710,UQJU7,COMPRA,35,66.9824,6.2773,2026-08-07 14:33:04,2026-08-07 14:33:07,2026-08-07 14:33:07
215220,3497,VLEB3,COMPRA,345,358.5545,9.1826,2026-08-07 10:49:58,2026-08-07 10:49:59,2026-08-07 10:49:59
215221,2307,XAVL3,COMPRA,445,149.9423,6.5684,2026-08-07 12:42:10,2026-08-07 12:42:10,2026-08-07 12:42:10
215222,1597,ERTC4,COMPRA,265,37.2817,4.7784,2026-08-07 15:47:24,2026-08-07 15:47:26,2026-08-07 15:47:26
215223,2961,JDJG6,COMPRA,300,68.0422,11.3708,2026-08-07 15:23:38,2026-08-07 15:23:41,2026-08-07 15:23:41
215224,2823,YRWH3,COMPRA,440,232.3421,3.2978,2026-08-07 17:13:07,2026-08-07 17:13:07,2026-08-07 17:13:07
215225,2702,UYFJ9,COMPRA,278,91.5305,0.0104,2026-08-07 11:26:22,2026-08-07 11:26:25,2026-08-07 11:26:25
215226,2582,HJRH5,COMPRA,48,130.5856,12.3145,2026-08-07 11:55:48,2026-08-07 11:55:49,2026-08-07 11:55:49
215227,2217,QTHQ1,COMPRA,36,17.9685,8.1892,2026-08-07 13:40:08,2026-08-07 13:40:08,2026-08-07 13:40:08
215228,1140,MJDL9,COMPRA,275,41.2391,6.2448,2026-08-07 16:03:40,2026-08-07 16:03:43,2026-08-07 16:03:43
215229,1607,RSBT4,COMPRA,460,505.5914,11.2494,2026-08-07 13:38:25,2026-08-07 13:38:26,2026-08-07 13:38:26
215230,1922,IJJK3,COMPRA,295,84.6034,9.7083,2026-08-07 14:13:35,2026-08-07 14:13:36,2026-08-07 14:13:36
215231,3361,LIEG8,COMPRA,205,81.1048,1.6319,2026-08-07 13:30:55,2026-08-07 13:30:55,2026-08-07 13:30:55
215232,1864,QQQS1,COMPRA,187,26.2016,1.7896,2026-08-07 14:52:12,2026-08-07 14:52:13,2026-08-07 14:52:13
215233,2318,XLZM9,COMPRA,305,60.0607,8.2485,2026-08-07 11:20:52,2026-08-07 11:20:52,2026-08-07 11:20:52
215234,2290,TNHT4,COMPRA,280,101.3819,2.7100,2026-08-07 14:10:42,2026-08-07 14:10:44,2026-08-07 14:10:44
215235,2793,FYZB6,COMPRA,500,83.5521,6.4329,2026-08-07 14:58:41,2026-08-07 14:58:43,2026-08-07 14:58:43
215236,1396,DHRM5,COMPRA,220,261.5904,9.0407,2026-08-07 12:16:27,2026-08-07 12:16:30,2026-08-07 12:16:30
215237,3353,LIEG8,COMPRA,360,115.7651,8.1729,2026-08-07 10:58:50,2026-08-07 10:58:51,2026-08-07 10:58:51
215238,2174,DFGR7,COMPRA,20,81.9053,4.9836,2026-08-07 12:35:40,2026-08-07 12:35:40,2026-08-07 12:35:40
215239,3020,CQJZ4,COMPRA,95,67.0804,3.2124,2026-08-07 13:02:17,2026-08-07 13:02:18,2026-08-07 13:02:18
215240,2720,GULD2,COMPRA,200,128.8524,1.1703,2026-08-07 17:09:15,2026-08-07 17:09:16,2026-08-07 17:09:16
215241,3009,PQUT9,COMPRA,482,67.7735,11.3330,2026-08-07 15:38:27,2026-08-07 15:38:29,2026-08-07 15:38:29
215242,1519,RHXV4,COMPRA,337,56.2423,2.9527,2026-08-07 13:23:16,2026-08-07 13:23:16,2026-08-07 13:23:16
215243,2596,KHGP6,COMPRA,335,109.5563,1.3061,2026-08-07 12:45:25,2026-08-07 12:45:27,2026-08-07 12:45:27
215244,1867,ECQD7,COMPRA,125,79.3895,3.8202,2026-08-07 17:27:06,2026-08-07 17:27:09,2026-08-07 17:27:09
215245,3104,FRGH8,COMPRA,380,60.0000,5.5014,2026-08-07 11:09:19,2026-08-07 11:09:21,2026-08-07 11:09:21
215246,1225,MGRR2,COMPRA,18,151.6535,11.6194,2026-08-07 11:54:46,2026-08-07 11:54:48,2026-08-07 11:54:48
215247,2066,TTHO3,COMPRA,275,40.9532,8.2101,2026-08-07 16:53:04,2026-08-07 16:53:04,2026-08-07 16:53:04
215248,1296,DQSN6,COMPRA,472,168.1859,0.5434,2026-08-07 14:38:13,2026-08-07 14:38:15,2026-08-07 14:38:15
215249,1683,RMRT1,COMPRA,125,85.5750,7.7605,2026-08-07 13:32:31,2026-08-07 13:32:34,2026-08-07 13:32:34
215250,1261,WXQM6,COMPRA,400,50.6427,10.7128,2026-08-07 14:02:02,2026-08-07 14:02:05,2026-08-07 14:02:05
215251,2352,DFGR7,COMPRA,230,111.6488,9.6845,2026-08-07 17:25:21,2026-08-07 17:25:21,2026-08-07 17:25:21
215252,3457,GAKD5,COMPRA,299,253.0014,12.7867,2026-08-07 10:48:14,2026-08-07 10:48:14,2026-08-07 10:48:14
215253,2054,AAWB3,COMPRA,401,164.6063,1.1402,2026-08-07 10:56:20,2026-08-07 10:56:20,2026-08-07 10:56:20
215254,3412,ZYVN7,COMPRA,265,60.0000,5.8182,2026-08-07 13:04:48,2026-08-07 13:04:51,2026-08-07 13:04:51
215255,1041,ZHTL2,COMPRA,206,55.5771,8.4920,2026-08-07 15:21:20,2026-08-07 15:21:20,2026-08-07 15:21:20
215256,1172,PBZM6,COMPRA,83,64.1687,4.0070,2026-08-07 15:19:03,2026-08-07 15:19:05,2026-08-07 15:19:05
215257,2494,QEUC2,COMPRA,150,207.0417,7.1288,2026-08-07 11:18:53,2026-08-07 11:18:54,2026-08-07 11:18:54
215258,2845,GAKD5,COMPRA,370,261.2878,7.3111,2026-08-07 10:16:47,2026-08-07 10:16:48,2026-08-07 10:16:48
215259,3465,AYFQ2,COMPRA,13,14.0642,1.5000,2026-08-07 13:23:37,2026-08-07 13:23:40,2026-08-07 13:23:40
215260,1513,XLZM9,COMPRA,30,62.5899,3.9343,2026-08-07 10:51:06,2026-08-07 10:51:07,2026-08-07 10:51:07
215261,2894,CQIL9,COMPRA,430,43.8724,4.6394,2026-08-07 15:00:11,2026-08-07 15:00:14,2026-08-07 15:00:14
215262,1505,OVYL9,COMPRA,120,84.4819,7.7336,2026-08-07 15:23:12,2026-08-07 15:23:13,2026-08-07 15:23:13
215263,1132,SUZL4,COMPRA,330,143.3445,11.5293,2026-08-07 10:06:49,2026-08-07 10:06:50,2026-08-07 10:06:50
215264,1366,IWFI1,COMPRA,40,171.6900,0.8283,2026-08-07 14:17:11,2026-08-07 14:17:12,2026-08-07 14:17:12
215265,1855,BOCS8,COMPRA,402,52.5927,1.0621,2026-08-07 10:43:58,2026-08-07 10:43:59,2026-08-07 10:43:59
215266,1619,GULD2,COMPRA,305,130.5899,4.3490,2026-08-07 13:52:45,2026-08-07 13:52:45,2026-08-07 13:52:45
215267,2143,GAKD5,COMPRA,225,292.7609,1.7068,2026-08-07 15:16:46,2026-08-07 15:16:47,2026-08-07 15:16:47
215268,2273,NUJZ2,COMPRA,195,34.7092,8.1506,2026-08-07 11:22:29,2026-08-07 11:22:29,2026-08-07 11:22:29
215269,3414,QQQS1,COMPRA,405,25.2722,2.4040,2026-08-07 15:59:46,2026-08-07 15:59:46,2026-08-07 15:59:46
215270,1728,BGNM6,COMPRA,355,89.6331,7.0458,2026-08-07 16:02:53,2026-08-07 16:02:56,2026-08-07 16:02:56
215271,3026,XTVW5,COMPRA,75,109.4492,10.2430,2026-08-07 11:53:05,2026-08-07 11:53:06,2026-08-07 11:53:06
215272,2380,RDOA3,COMPRA,205,93.9629,3.2711,2026-08-07 13:06:15,2026-08-07 13:06:18,2026-08-07 13:06:18
215273,1158,JUDG8,COMPRA,330,66.9704,1.5045,2026-08-07 12:58:27,2026-08-07 12:58:30,2026-08-07 12:58:30
215274,2982,LIEG8,COMPRA,130,86.6216,1.0978,2026-08-07 11:44:16,2026-08-07 11:44:19,2026-08-07 11:44:19
215275,3080,JIPA6,COMPRA,110,31.6247,6.7134,2026-08-07 11:50:15,2026-08-07 11:50:16,2026-08-07 11:50:16
215276,1498,ZAAS7,COMPRA,195,405.5068,12.8892,2026-08-07 14:12:32,2026-08-07 14:12:33,2026-08-07 14:12:33
215277,3454,SUZL4,COMPRA,230,134.1190,9.1520,2026-08-07 10:43:04,2026-08-07 10:43:05,2026-08-07 10:43:05
215278,2641,GAKD5,COMPRA,296,250.1419,5.0034,2026-08-07 12:50:34,2026-08-07 12:50:36,2026-08-07 12:50:36
215279,2101,DHRM5,COMPRA,325,317.0139,4.9189,2026-08-07 11:48:44,2026-08-07 11:48:47,2026-08-07 11:48:47
215280,2389,ERTC4,COMPRA,440,57.7841,2.2388,2026-08-07 17:22:17,2026-08-07 17:22:19,2026-08-07 17:22:19
215281,2309,RFNS7,COMPRA,460,67.9061,0.1020,2026-08-07 11:51:59,2026-08-07 11:52:00,2026-08-07 11:52:00
215282,2149,NQYT3,COMPRA,415,55.5342,9.6277,2026-08-07 15:33:48,2026-08-07 15:33:49,2026-08-07 15:33:49
215283,1968,XAVL3,COMPRA,465,167.7821,11.5870,2026-08-07 15:08:09,2026-08-07 15:08:09,2026-08-07 15:08:09
215284,1272,IWFI1,COMPRA,130,146.4351,11.3787,2026-08-07 10:40:45,2026-08-07 10:40:47,2026-08-07 10:40:47
215285,2490,KQEO3,COMPRA,325,81.6682,5.7186,2026-08-07 15:50:47,2026-08-07 15:50:50,2026-08-07 15:50:50
215286,3182,YYLA4,COMPRA,265,240.7122,2.6021,2026-08-07 15:46:30,2026-08-07 15:46:33,2026-08-07 15:46:33
215287,3309,OXVD8,COMPRA,344,91.6855,4.2552,2026-08-07 14:29:16,2026-08-07 14:29:16,2026-08-07 14:29:16
215288,1301,GULD2,COMPRA,205,149.2772,9.5970,2026-08-07 13:26:49,2026-08-07 13:26:51,2026-08-07 13:26:51
215289,3077,JIPA6,COMPRA,50,36.5712,5.4852,2026-08-07 10:20:00,2026-08-07 10:20:03,2026-08-07 10:20:03
215290,2922,OVUQ2,COMPRA,350,37.1125,7.4218,2026-08-07 12:51:20,2026-08-07 12:51:22,2026-08-07 12:51:22
215291,1359,NREP8,COMPRA,355,111.5312,2.4759,2026-08-07 16:55:33,2026-08-07 16:55:34,2026-08-07 16:55:34
215292,1090,GAKD5,COMPRA,105,353.7888,10.5095,2026-08-07 12:08:44,2026-08-07 12:08:44,2026-08-07 12:08:44
215293,2037,SRDU1,COMPRA,285,93.1919,3.2725,2026-08-07 15:38:36,2026-08-07 15:38:39,2026-08-07 15:38:39
215294,1632,GKQC5,COMPRA,271,135.1020,12.2776,2026-08-07 12:10:17,2026-08-07 12:10:19,2026-08-07 12:10:19
215295,3393,SGBG8,COMPRA,320,62.9162,12.5039,2026-08-07 12:55:24,2026-08-07 12:55:26,2026-08-07 12:55:26
215296,1557,ERTC4,COMPRA,345,44.7426,11.6497,2026-08-07 11:36:17,2026-08-07 11:36:19,2026-08-07 11:36:19
215297,2694,PQUT9,COMPRA,40,78.1026,10.4358,2026-08-07 12:14:33,2026-08-07 12:14:36,2026-08-07 12:14:36
215298,3481,NGIU9,COMPRA,215,94.2079,2.4960,2026-08-07 14:41:04,2026-08-07 14:41:04,2026-08-07 14:41:04
215299,1685,NWGB4,COMPRA,235,138.4962,12.8816,2026-08-07 14:28:56,2026-08-07 14:28:59,2026-08-07 14:28:59
215300,1547,TNHT4,COMPRA,10,128.0095,4.7305,2026-08-07 13:49:05,2026-08-07 13:49:07,2026-08-07 13:49:07
215301,3513,IWFI1,COMPRA,255,168.6914,,2026-08-07 11:13:47,2026-08-07 11:13:49,2026-08-07 11:13:49
215302,2689,GAKD5,COMPRA,350,216.5923,3.5377,2026-08-07 14:18:16,2026-08-07 14:18:17,2026-08-07 14:18:17
215303,1939,ICSU4,COMPRA,165,172.0385,4.0271,2026-08-07 11:59:59,2026-08-07 12:00:02,2026-08-07 12:00:02
215304,1858,QTDZ2,COMPRA,480,50.9494,0.8623,2026-08-07 13:12:17,2026-08-07 13:12:20,2026-08-07 13:12:20
215305,1800,MJDL9,COMPRA,465,39.8314,3.8111,2026-08-07 15:02:21,2026-08-07 15:02:21,2026-08-07 15:02:21
215306,1718,QHFL8,COMPRA,325,116.0478,10.5865,2026-08-07 12:34:39,2026-08-07 12:34:42,2026-08-07 12:34:42
215307,2841,PQUT9,COMPRA,5,98.2423,3.7514,2026-08-07 16:59:14,2026-08-07 16:59:14,2026-08-07 16:59:14
215308,2588,TXHR8,COMPRA,490,82.1057,8.4392,2026-08-07 12:03:04,2026-08-07 12:03:05,2026-08-07 12:03:05
215309,1687,NHYK8,COMPRA,265,62.3916,10.0745,2026-08-07 12:00:32,2026-08-07 12:00:32,2026-08-07 12:00:32
215310,3008,NAOF3,COMPRA,235,57.4644,10.9962,2026-08-07 11:57:35,2026-08-07 11:57:35,2026-08-07 11:57:35
215311,2007,IWFI1,COMPRA,320,178.7481,9.1548,2026-08-07 11:43:43,2026-08-07 11:43:46,2026-08-07 11:43:46
215312,1134,QHFL8,COMPRA,230,145.6622,6.8629,2026-08-07 13:57:02,2026-08-07 13:57:04,2026-08-07 13:57:04
215313,1767,DMTZ8,COMPRA,240,188.2859,5.2139,2026-08-07 15:01:08,2026-08-07 15:01:09,2026-08-07 15:01:09
215314,2338,SRDU1,COMPRA,380,101.7729,6.6873,2026-08-07 14:22:26,2026-08-07 14:22:27,2026-08-07 14:22:27
215315,2954,GAKD5,COMPRA,365,336.9320,9.4784,2026-08-07 11:05:34,2026-08-07 11:05:36,2026-08-07 11:05:36
215316,2870,MOLF3,COMPRA,260,50.9919,0.6055,2026-08-07 10:28:45,2026-08-07 10:28:48,2026-08-07 10:28:48
215317,1504,NWGB4,COMPRA,233,144.3491,3.0314,2026-08-07 14:52:17,2026-08-07 14:52:19,2026-08-07 14:52:19
215318,1149,UQIQ7,COMPRA,409,94.8719,10.5147,2026-08-07 17:18:24,2026-08-07 17:18:27,2026-08-07 17:18:27
215319,1983,ICSU4,COMPRA,130,139.5563,6.1521,2026-08-07 16:56:05,2026-08-07 16:56:08,2026-08-07 16:56:08
215320,1393,IPXK2,VENDA,40,303.4321,0.1148,2026-08-07 10:16:33,2026-08-07 10:16:34,2026-08-07 10:16:34
215321,2707,MCHX2,VENDA,125,125.6980,2.9585,2026-08-07 16:01:34,2026-08-07 16:01:35,2026-08-07 16:01:35
215322,3297,JDJG6,COMPRA,145,89.4912,2.6805,2026-08-07 14:45:06,2026-08-07 14:45:06,2026-08-07 14:45:06
215323,2490,UVEY5,COMPRA,295,104.5507,10.3428,2026-08-07 15:47:32,2026-08-07 15:47:35,2026-08-07 15:47:35
215324,2774,IJJK3,COMPRA,295,108.2781,10.2188,2026-08-07 10:50:11,2026-08-07 10:50:13,2026-08-07 10:50:13
215325,1555,ENRZ2,COMPRA,240,99.3339,0.8616,2026-08-07 16:44:18,2026-08-07 16:44:20,2026-08-07 16:44:20
215326,2720,ACSV1,COMPRA,500,86.2339,1.8854,2026-08-07 12:01:50,2026-08-07 12:01:50,2026-08-07 12:01:50
215327,2994,QATW7,COMPRA,320,47.1139,10.7122,2026-08-07 13:11:11,2026-08-07 13:11:14,2026-08-07 13:11:14
215328,1341,MOLF3,COMPRA,185,45.7944,7.1971,2026-08-07 17:02:17,2026-08-07 17:02:17,2026-08-07 17:02:17
215329,2170,ECQD7,COMPRA,475,76.6354,4.9782,2026-08-07 14:17:52,2026-08-07 14:17:54,2026-08-07 14:17:54
215330,3308,QYBV3,COMPRA,285,77.1083,6.7407,2026-08-07 10:14:14,2026-08-07 10:14:17,2026-08-07 10:14:17
215331,1797,TNHT4,COMPRA,270,106.3081,0.2622,2026-08-07 11:15:02,2026-08-07 11:15:04,2026-08-07 11:15:04
215332,1389,PSEN6,COMPRA,475,229.1714,12.3179,2026-08-07 16:41:29,2026-08-07 16:41:30,2026-08-07 16:41:30
215333,1745,ENRZ2,COMPRA,435,102.8485,7.6725,2026-08-07 14:16:53,2026-08-07 14:16:55,2026-08-07 14:16:55
215334,1054,KHGP6,COMPRA,185,81.5791,1.9723,2026-08-07 16:14:45,2026-08-07 16:14:46,2026-08-07 16:14:46
215335,1753,OVYL9,COMPRA,50,90.9334,0.8202,2026-08-07 13:24:26,2026-08-07 13:24:29,2026-08-07 13:24:29
215336,1599,RMRT1,COMPRA,75,83.5051,8.5245,2026-08-07 11:34:12,2026-08-07 11:34:14,2026-08-07 11:34:14
215337,1731,TBWG2,COMPRA,485,66.1683,2.3515,2026-08-07 13:39:29,2026-08-07 13:39:29,2026-08-07 13:39:29
215338,1412,MJDL9,COMPRA,438,35.8657,4.2730,2026-08-07 14:07:12,2026-08-07 14:07:12,2026-08-07 14:07:12
215339,1149,WXFC8,VENDA,250,87.3532,0.9563,2026-08-07 13:04:02,2026-08-07 13:04:02,2026-08-07 13:04:02
215340,3416,OVYL9,COMPRA,440,77.1207,9.3414,2026-08-07 13:49:14,2026-08-07 13:49:17,2026-08-07 13:49:17
215341,1169,IWFI1,COMPRA,417,142.0847,0.8631,2026-08-07 13:07:41,2026-08-07 13:07:44,2026-08-07 13:07:44
215342,2639,WMQZ6,COMPRA,490,60.0000,6.6208,2026-08-07 16:47:52,2026-08-07 16:47:55,2026-08-07 16:47:55
215343,2837,YRWH3,COMPRA,315,152.1067,11.5584,2026-08-07 14:09:57,2026-08-07 14:10:00,2026-08-07 14:10:00
215344,1490,TTHO3,COMPRA,20,28.9489,11.4379,2026-08-07 16:52:53,2026-08-07 16:52:54,2026-08-07 16:52:54
215345,2657,KFSY2,COMPRA,285,135.4021,7.4380,2026-08-07 14:34:14,2026-08-07 14:34:14,2026-08-07 14:34:14
215346,2714,MCMT2,COMPRA,79,118.1717,11.0257,2026-08-07 17:26:23,2026-08-07 17:26:26,2026-08-07 17:26:26
215347,1872,RHXV4,COMPRA,355,67.4483,3.6527,2026-08-07 13:48:19,2026-08-07 13:48:19,2026-08-07 13:48:19
215348,1429,MJDL9,COMPRA,315,30.0183,5.8933,2026-08-07 16:32:48,2026-08-07 16:32:49,2026-08-07 16:32:49
215349,1766,TTHO3,COMPRA,272,29.7061,8.2776,2026-08-07 12:22:44,2026-08-07 12:22:45,2026-08-07 12:22:45
215350,2954,JUDG8,COMPRA,155,86.1591,9.9905,2026-08-07 17:18:09,2026-08-07 17:18:11,2026-08-07 17:18:11
215351,3307,OVUQ2,COMPRA,285,45.8651,5.8763,2026-08-07 16:14:49,2026-08-07 16:14:50,2026-08-07 16:14:50
215352,2849,WMQZ6,COMPRA,390,77.6851,1.6634,2026-08-07 11:05:35,2026-08-07 11:05:35,2026-08-07 11:05:35
215353,2873,QATW7,COMPRA,147,51.8721,11.6863,2026-08-07 13:40:23,2026-08-07 13:40:24,2026-08-07 13:40:24
215354,2342,AAUA7,COMPRA,355,158.0370,2.1427,2026-08-07 15:13:33,2026-08-07 15:13:36,2026-08-07 15:13:36
211901,1818,TBWG2,COMPRA,495,63.1121,6.6450,2026-08-07 14:19:54,2026-08-07 14:19:55,2026-08-07 14:19:55
