id_transacao,id_conta,ticker,tipo_operacao,quantidade,preco_unitario,taxa_corretagem,data_operacao,created_at,updated_at
215707,1786,MWVU7,COMPRA,210,73.1367,1.0057,2026-08-10 12:14:45,2026-08-10 12:14:47,2026-08-10 12:14:47
215708,2205,FIUW1,COMPRA,20,124.6749,12.8297,2026-08-10 10:09:05,2026-08-10 10:09:07,2026-08-10 10:09:07
215709,1487,NPEM3,COMPRA,285,116.2962,6.4407,2026-08-10 12:35:41,2026-08-10 12:35:42,2026-08-10 12:35:42
215710,1445,HCZM2,COMPRA,326,367.6689,8.1457,2026-08-10 16:11:03,2026-08-10 16:11:06,2026-08-10 16:11:06
215711,2370,UQIQ7,COMPRA,250,88.9934,,2026-08-10 17:29:44,2026-08-10 17:29:47,2026-08-10 17:29:47
215712,1869,RHXV4,COMPRA,7,60.0580,4.0205,2026-08-10 17:00:15,2026-08-10 17:00:15,2026-08-10 17:00:15
215713,2467,XLZM9,COMPRA,235,48.6180,9.0141,2026-08-10 16:37:41,2026-08-10 16:37:41,2026-08-10 16:37:41
215714,1675,DQSN6,COMPRA,29,155.2149,9.1751,2026-08-10 11:52:35,2026-08-10 11:52:36,2026-08-10 11:52:36
215715,1276,TXHR8,COMPRA,160,85.0729,10.0876,2026-08-10 16:04:15,2026-08-10 16:04:18,2026-08-10 16:04:18
215716,2622,OVYL9,COMPRA,155,78.5455,3.6265,2026-08-10 12:20:22,2026-08-10 12:20:22,2026-08-10 12:20:22
215717,1776,OVYL9,COMPRA,60,60.0000,1.0295,2026-08-10 10:36:56,2026-08-10 10:36:58,2026-08-10 10:36:58
215718,1649,NPEM3,COMPRA,465,127.6861,2.7229,2026-08-10 16:14:48,2026-08-10 16:14:49,2026-08-10 16:14:49
215719,2109,QQQS1,COMPRA,435,25.7676,9.4388,2026-08-10 12:47:37,2026-08-10 12:47:38,2026-08-10 12:47:38
215720,2734,UVEY5,COMPRA,40,73.6058,3.4873,2026-08-10 11:58:24,2026-08-10 11:58:26,2026-08-10 11:58:26
215721,2931,PQUT9,COMPRA,258,86.8772,3.0830,2026-08-10 14:06:39,2026-08-10 14:06:40,2026-08-10 14:06:40
215722,1799,HCZM2,COMPRA,340,464.5412,0.2628,2026-08-10 15:33:12,2026-08-10 15:33:12,2026-08-10 15:33:12
215723,1734,GKQC5,COMPRA,329,149.1992,12.6320,2026-08-10 12:13:46,2026-08-10 12:13:46,2026-08-10 12:13:46
215724,2836,KFSY2,COMPRA,349,123.9867,7.9185,2026-08-10 16:26:53,2026-08-10 16:26:54,2026-08-10 16:26:54
215725,2921,JUDG8,COMPRA,340,79.5081,1.0528,2026-08-10 10:42:41,2026-08-10 10:42:43,2026-08-10 10:42:43
215726,2894,SUZL4,COMPRA,355,122.8612,7.0502,2026-08-10 17:02:35,2026-08-10 17:02:38,2026-08-10 17:02:38
215727,2655,QQQS1,COMPRA,4,17.5803,7.1043,2026-08-10 12:46:35,2026-08-10 12:46:38,2026-08-10 12:46:38
215728,3325,YIHC3,COMPRA,215,47.3195,5.9013,2026-08-10 12:50:40,2026-08-10 12:50:41,2026-08-10 12:50:41
215729,3260,FRGH8,COMPRA,195,60.0000,7.2882,2026-08-10 12:31:56,2026-08-10 12:31:58,2026-08-10 12:31:58
215730,1713,CQIL9,COMPRA,375,44.8077,5.3101,2026-08-10 13:43:15,2026-08-10 13:43:17,2026-08-10 13:43:17
215731,2388,VLEB3,COMPRA,40,383.3180,1.0685,2026-08-10 12:51:13,2026-08-10 12:51:13,2026-08-10 12:51:13
215732,2808,TNHT4,COMPRA,360,151.5850,2.8109,2026-08-10 12:53:00,2026-08-10 12:53:01,2026-08-10 12:53:01
215733,2898,ICSU4,COMPRA,305,140.6396,8.0811,2026-08-10 11:21:45,2026-08-10 11:21:45,2026-08-10 11:21:45
215734,2051,XAVL3,COMPRA,230,148.8688,12.2415,2026-08-10 14:37:37,2026-08-10 14:37:39,2026-08-10 14:37:39
215735,1628,ZAAS7,COMPRA,350,325.5046,6.1892,2026-08-10 11:11:41,2026-08-10 11:11:41,2026-08-10 11:11:41
215736,1927,DEGN5,COMPRA,11,88.8389,12.7717,2026-08-10 10:00:27,2026-08-10 10:00:27,2026-08-10 10:00:27
215737,2771,UQJU7,COMPRA,240,60.0054,12.4147,2026-08-10 11:58:50,2026-08-10 11:58:51,2026-08-10 11:58:51
215738,2953,YRWH3,COMPRA,310,217.4595,7.5076,2026-08-10 13:26:47,2026-08-10 13:26:49,2026-08-10 13:26:49
215739,2332,QYBV3,COMPRA,440,76.0113,5.6436,2026-08-10 15:08:13,2026-08-10 15:08:16,2026-08-10 15:08:16
215740,1614,JIPR4,COMPRA,110,25.7994,2.4792,2026-08-10 17:14:02,2026-08-10 17:14:02,2026-08-10 17:14:02
215741,1920,TVCE9,COMPRA,80,64.5148,5.3888,2026-08-10 16:41:30,2026-08-10 16:41:30,2026-08-10 16:41:30
215742,1458,TXHR8,COMPRA,140,65.7988,9.8209,2026-08-10 16:14:41,2026-08-10 16:14:42,2026-08-10 16:14:42
215743,1037,HCLJ8,COMPRA,295,84.6575,6.4847,2026-08-10 11:07:54,2026-08-10 11:07:57,2026-08-10 11:07:57
215744,1794,NWGB4,COMPRA,480,122.6521,11.2237,2026-08-10 14:26:29,2026-08-10 14:26:29,2026-08-10 14:26:29
215745,1807,MGRR2,COMPRA,135,128.5454,11.9706,2026-08-10 13:20:25,2026-08-10 13:20:25,2026-08-10 13:20:25
215746,3410,IWFI1,COMPRA,140,173.7222,5.2251,2026-08-10 16:14:09,2026-08-10 16:14:10,2026-08-10 16:14:10
215747,2360,QEUC2,COMPRA,115,204.6500,5.9737,2026-08-10 14:35:44,2026-08-10 14:35:44,2026-08-10 14:35:44
215748,1532,QHFL8,COMPRA,210,128.2313,8.6153,2026-08-10 10:37:14,2026-08-10 10:37:16,2026-08-10 10:37:16
215749,1629,UQJU7,COMPRA,160,79.5885,0.9216,2026-08-10 15:59:34,2026-08-10 15:59:35,2026-08-10 15:59:35
215750,1748,ECQD7,COMPRA,315,87.4564,0.8041,2026-08-10 14:51:14,2026-08-10 14:51:14,2026-08-10 14:51:14
215751,1506,NHYK8,COMPRA,55,83.0774,0.5543,2026-08-10 12:33:56,2026-08-10 12:33:57,2026-08-10 12:33:57
215752,2215,BOCS8,COMPRA,390,58.9702,6.0266,2026-08-10 14:54:19,2026-08-10 14:54:22,2026-08-10 14:54:22
215753,2813,TTHO3,COMPRA,196,37.3595,11.8158,2026-08-10 11:02:28,2026-08-10 11:02:28,2026-08-10 11:02:28
215754,3348,MCMT2,COMPRA,40,81.1404,12.5871,2026-08-10 17:09:18,2026-08-10 17:09:19,2026-08-10 17:09:19
215755,2955,WHMT3,COMPRA,455,110.5267,4.2670,2026-08-10 16:53:10,2026-08-10 16:53:12,2026-08-10 16:53:12
215756,1092,MCHX2,COMPRA,80,119.2179,8.5840,2026-08-10 15:44:35,2026-08-10 15:44:35,2026-08-10 15:44:35
215757,1716,UCHR6,COMPRA,180,349.9955,8.9199,2026-08-10 11:03:15,2026-08-10 11:03:16,2026-08-10 11:03:16
215758,1015,YRWH3,COMPRA,15,211.6031,12.0498,2026-08-10 14:44:26,2026-08-10 14:44:28,2026-08-10 14:44:28
215759,2410,XPVA7,COMPRA,390,359.2767,0.6252,2026-08-10 16:16:01,2026-08-10 16:16:02,2026-08-10 16:16:02
215760,2716,CQJZ4,COMPRA,135,90.5483,8.5874,2026-08-10 16:22:07,2026-08-10 16:22:09,2026-08-10 16:22:09
215761,3435,NUJZ2,COMPRA,390,40.3380,1.8970,2026-08-10 14:59:42,2026-08-10 14:59:43,2026-08-10 14:59:43
215762,1127,UFMA7,COMPRA,20,194.1720,2.0552,2026-08-10 15:46:17,2026-08-10 15:46:18,2026-08-10 15:46:18
215763,2873,OVUQ2,COMPRA,220,50.4808,3.3612,2026-08-10 12:34:14,2026-08-10 12:34:16,2026-08-10 12:34:16
215764,2943,WXQM6,COMPRA,495,54.5882,9.3672,2026-08-10 17:06:52,2026-08-10 17:06:55,2026-08-10 17:06:55
215765,2171,RSBT4,VENDA,450,359.2965,7.8630,2026-08-10 10:44:47,2026-08-10 10:44:49,2026-08-10 10:44:49
215766,1532,AAWB3,COMPRA,5,172.1636,12.6515,2026-08-10 14:35:22,2026-08-10 14:35:25,2026-08-10 14:35:25
215767,1048,ZHTL2,COMPRA,355,58.9137,10.8707,2026-08-10 10:58:18,2026-08-10 10:58:21,2026-08-10 10:58:21
215768,2177,DGBT6,COMPRA,265,89.2013,10.3437,2026-08-10 16:32:12,2026-08-10 16:32:15,2026-08-10 16:32:15
215769,1840,ZYVN7,COMPRA,335,60.5401,9.6428,2026-08-10 10:02:23,2026-08-10 10:02:24,2026-08-10 10:02:24
215770,2318,JJVW6,COMPRA,345,117.6554,9.8592,2026-08-10 16:46:56,2026-08-10 16:46:56,2026-08-10 16:46:56
215771,1248,ERTC4,COMPRA,100,41.0282,10.3629,2026-08-10 11:25:59,2026-08-10 11:25:59,2026-08-10 11:25:59
215772,2559,OVYL9,COMPRA,315,78.6748,7.4661,2026-08-10 14:26:30,2026-08-10 14:26:30,2026-08-10 14:26:30
215773,3150,BOCS8,COMPRA,320,67.5725,1.2849,2026-08-10 10:30:14,2026-08-10 10:30:15,2026-08-10 10:30:15
215774,3528,YCCK8,COMPRA,270,380.3946,5.6219,2026-08-10 15:14:14,2026-08-10 15:14:15,2026-08-10 15:14:15
215775,2324,UQJU7,COMPRA,280,70.0698,1.9290,2026-08-10 14:01:03,2026-08-10 14:01:04,2026-08-10 14:01:04
215776,1541,UQIQ7,COMPRA,195,88.8992,2.9919,2026-08-10 10:02:00,2026-08-10 10:02:00,2026-08-10 10:02:00
215777,1444,WXQM6,COMPRA,55,58.4584,1.0440,2026-08-10 14:20:25,2026-08-10 14:20:27,2026-08-10 14:20:27
215778,3300,NYGT6,COMPRA,400,128.2492,6.2496,2026-08-10 11:41:23,2026-08-10 11:41:23,2026-08-10 11:41:23
215779,2399,XTVW5,VENDA,485,132.5387,6.3384,2026-08-10 10:59:48,2026-08-10 10:59:50,2026-08-10 10:59:50
215780,3301,BGNM6,COMPRA,199,97.9506,8.4258,2026-08-10 15:44:04,2026-08-10 15:44:04,2026-08-10 15:44:04
215781,3141,AAWB3,COMPRA,65,153.2289,5.4882,2026-08-10 13:05:08,2026-08-10 13:05:08,2026-08-10 13:05:08
215782,2073,UVEY5,VENDA,220,65.8153,3.1152,2026-08-10 12:23:14,2026-08-10 12:23:14,2026-08-10 12:23:14
215783,1192,ECQD7,COMPRA,210,114.1305,9.7873,2026-08-10 10:38:46,2026-08-10 10:38:48,2026-08-10 10:38:48
215784,1295,WIPB2,COMPRA,65,89.6327,1.6376,2026-08-10 11:42:02,2026-08-10 11:42:03,2026-08-10 11:42:03
215785,1021,UYFJ9,COMPRA,493,110.9868,9.6966,2026-08-10 13:51:45,2026-08-10 13:51:48,2026-08-10 13:51:48
215786,2933,NHYK8,COMPRA,5,58.0297,12.6218,2026-08-10 13:34:14,2026-08-10 13:34:17,2026-08-10 13:34:17
215787,1496,JIPR4,COMPRA,220,39.9594,6.1642,2026-08-10 14:14:08,2026-08-10 14:14:11,2026-08-10 14:14:11
215788,1792,RDOA3,COMPRA,310,112.6819,9.7139,2026-08-10 17:07:52,2026-08-10 17:07:52,2026-08-10 17:07:52
215789,2714,LIEG8,COMPRA,215,96.4509,6.5513,2026-08-10 12:10:38,2026-08-10 12:10:39,2026-08-10 12:10:39
215790,1391,UQIQ7,COMPRA,300,101.3662,7.5506,2026-08-10 15:23:46,2026-08-10 15:23:48,2026-08-10 15:23:48
215791,2367,MCMT2,COMPRA,140,96.6415,0.8746,2026-08-10 11:15:15,2026-08-10 11:15:18,2026-08-10 11:15:18
215792,1493,NGIU9,COMPRA,485,127.3067,9.1158,2026-08-10 16:43:36,2026-08-10 16:43:39,2026-08-10 16:43:39
215793,2766,SUZL4,COMPRA,395,145.1018,,2026-08-10 13:19:18,2026-08-10 13:19:18,2026-08-10 13:19:18
215794,2742,RFNS7,COMPRA,315,86.7385,1.9890,2026-08-10 11:46:55,2026-08-10 11:46:58,2026-08-10 11:46:58
215795,2069,ECQD7,COMPRA,375,86.9659,4.0280,2026-08-10 12:53:27,2026-08-10 12:53:28,2026-08-10 12:53:28
215796,2119,RMRT1,COMPRA,240,97.6710,1.0305,2026-08-10 17:15:14,2026-08-10 17:15:15,2026-08-10 17:15:15
215797,1767,VLEB3,COMPRA,405,472.5308,0.9371,2026-08-10 11:17:37,2026-08-10 11:17:38,2026-08-10 11:17:38
215798,1028,AAUA7,COMPRA,270,135.3823,5.3013,2026-08-10 17:09:19,2026-08-10 17:09:19,2026-08-10 17:09:19
215799,1110,NWGB4,COMPRA,385,155.4975,4.7535,2026-08-10 12:03:52,2026-08-10 12:03:54,2026-08-10 12:03:54
215800,1268,BXFJ9,COMPRA,55,171.2142,1.9968,2026-08-10 14:09:22,2026-08-10 14:09:22,2026-08-10 14:09:22
215801,2451,IJJK3,COMPRA,41,93.5933,8.3364,2026-08-10 11:54:22,2026-08-10 11:54:22,2026-08-10 11:54:22
215802,2350,RSBT4,COMPRA,430,456.9189,1.1351,2026-08-10 17:30:02,2026-08-10 17:30:02,2026-08-10 17:30:02
215803,3056,OEQA8,COMPRA,195,450.7651,9.3570,2026-08-10 17:07:32,2026-08-10 17:07:34,2026-08-10 17:07:34
215804,1695,XTVW5,COMPRA,465,97.6624,11.5690,2026-08-10 11:11:00,2026-08-10 11:11:01,2026-08-10 11:11:01
215805,3133,EEYY9,COMPRA,390,197.5867,6.7073,2026-08-10 10:41:34,2026-08-10 10:41:37,2026-08-10 10:41:37
215806,3491,PZUP8,COMPRA,90,179.1210,11.0872,2026-08-10 13:04:05,2026-08-10 13:04:05,2026-08-10 13:04:05
215807,1820,YIHC3,COMPRA,85,48.6451,2.5585,2026-08-10 13:12:41,2026-08-10 13:12:41,2026-08-10 13:12:41
215808,1177,ZAAS7,COMPRA,445,472.1443,8.8215,2026-08-10 14:46:48,2026-08-10 14:46:49,2026-08-10 14:46:49
215809,2345,ZFBT3,COMPRA,170,119.8249,5.1274,2026-08-10 15:57:50,2026-08-10 15:57:51,2026-08-10 15:57:51
215810,2876,DHRM5,COMPRA,170,249.7678,5.2114,2026-08-10 11:25:40,2026-08-10 11:25:43,2026-08-10 11:25:43
215811,1926,RFNS7,COMPRA,210,94.8309,0.9939,2026-08-10 14:21:43,2026-08-10 14:21:44,2026-08-10 14:21:44
215812,2086,RHXV4,COMPRA,120,65.9734,12.8756,2026-08-10 11:41:53,2026-08-10 11:41:55,2026-08-10 11:41:55
215813,3366,LGKU6,COMPRA,184,76.3081,3.4499,2026-08-10 16:31:00,2026-08-10 16:31:01,2026-08-10 16:31:01
215814,3157,GFDF2,COMPRA,250,71.9296,10.1933,2026-08-10 14:56:52,2026-08-10 14:56:53,2026-08-10 14:56:53
215815,3009,WXQM6,COMPRA,245,41.9266,0.5819,2026-08-10 14:33:55,2026-08-10 14:33:56,2026-08-10 14:33:56
215816,1875,BGNM6,COMPRA,485,112.4986,8.8016,2026-08-10 12:38:46,2026-08-10 12:38:47,2026-08-10 12:38:47
215817,3298,RIET5,COMPRA,165,170.2334,8.5863,2026-08-10 11:48:40,2026-08-10 11:48:41,2026-08-10 11:48:41
215818,1721,QQQS1,COMPRA,350,26.9801,8.2181,2026-08-10 15:11:01,2026-08-10 15:11:02,2026-08-10 15:11:02
215819,2791,PZUP8,COMPRA,70,121.0097,4.9406,2026-08-10 12:42:00,2026-08-10 12:42:03,2026-08-10 12:42:03
215820,1416,ENRZ2,COMPRA,435,81.0890,0.1533,2026-08-10 12:34:10,2026-08-10 12:34:12,2026-08-10 12:34:12
215821,2670,DQSN6,COMPRA,260,143.0966,2.3360,2026-08-10 15:53:12,2026-08-10 15:53:14,2026-08-10 15:53:14
215822,1131,OXVD8,COMPRA,455,95.6364,11.9230,2026-08-10 12:49:52,2026-08-10 12:49:55,2026-08-10 12:49:55
215823,2130,DQSN6,COMPRA,290,161.0490,3.7390,2026-08-10 14:00:01,2026-08-10 14:00:03,2026-08-10 14:00:03
215824,2729,FRGH8,COMPRA,94,60.0000,2.6324,2026-08-10 14:47:15,2026-08-10 14:47:17,2026-08-10 14:47:17
215825,3221,IJJK3,COMPRA,485,132.1398,0.1989,2026-08-10 16:04:50,2026-08-10 16:04:51,2026-08-10 16:04:51
215826,1464,WXQM6,COMPRA,85,57.4775,7.3345,2026-08-10 10:54:01,2026-08-10 10:54:04,2026-08-10 10:54:04
215827,2415,BXFJ9,COMPRA,140,128.5743,12.7496,2026-08-10 17:09:52,2026-08-10 17:09:55,2026-08-10 17:09:55
215828,1949,JUDG8,COMPRA,375,77.1325,11.9482,2026-08-10 11:49:27,2026-08-10 11:49:27,2026-08-10 11:49:27
215829,3051,QTDZ2,COMPRA,255,50.2891,6.6365,2026-08-10 12:19:27,2026-08-10 12:19:29,2026-08-10 12:19:29
215830,3306,NWGB4,COMPRA,380,150.9986,4.2852,2026-08-10 12:15:11,2026-08-10 12:15:11,2026-08-10 12:15:11
215831,1124,ZAAS7,COMPRA,245,517.7863,3.9402,2026-08-10 12:26:58,2026-08-10 12:26:59,2026-08-10 12:26:59
215832,3250,JIPR4,COMPRA,500,31.2079,1.8291,2026-08-10 13:34:15,2026-08-10 13:34:17,2026-08-10 13:34:17
215833,2655,OEQA8,COMPRA,120,421.1257,2.0367,2026-08-10 15:29:57,2026-08-10 15:29:57,2026-08-10 15:29:57
215834,1287,NQYT3,COMPRA,395,57.0614,3.2285,2026-08-10 17:30:16,2026-08-10 17:30:19,2026-08-10 17:30:19
215835,2141,RSBT4,COMPRA,290,499.5936,0.2961,2026-08-10 10:00:08,2026-08-10 10:00:11,2026-08-10 10:00:11
215836,1203,QQQS1,COMPRA,350,25.6450,8.0179,2026-08-10 12:21:12,2026-08-10 12:21:15,2026-08-10 12:21:15
215837,3150,GKQC5,COMPRA,490,142.1842,6.6193,2026-08-10 12:58:06,2026-08-10 12:58:08,2026-08-10 12:58:08
215838,1963,XTVW5,COMPRA,95,133.6540,2.6199,2026-08-10 15:10:14,2026-08-10 15:10:16,2026-08-10 15:10:16
215839,2479,GAKD5,COMPRA,280,233.6605,1.0732,2026-08-10 16:21:21,2026-08-10 16:21:24,2026-08-10 16:21:24
215840,3344,HCZM2,VENDA,85,494.2979,1.0183,2026-08-10 11:14:52,2026-08-10 11:14:55,2026-08-10 11:14:55
215841,2194,LQML9,COMPRA,60,127.7934,3.2638,2026-08-10 12:36:09,2026-08-10 12:36:10,2026-08-10 12:36:10
215842,2639,TNHT4,COMPRA,360,124.0692,9.2294,2026-08-10 17:07:00,2026-08-10 17:07:02,2026-08-10 17:07:02
215843,2132,TVCE9,COMPRA,141,56.5121,0.3494,2026-08-10 13:45:16,2026-08-10 13:45:17,2026-08-10 13:45:17
215844,2038,FRGH8,COMPRA,190,93.5386,5.6933,2026-08-10 15:08:59,2026-08-10 15:09:01,2026-08-10 15:09:01
215845,1546,JDJG6,VENDA,37,85.7679,0.6406,2026-08-10 15:07:30,2026-08-10 15:07:32,2026-08-10 15:07:32
215846,2049,WXQM6,COMPRA,362,40.9606,6.9603,2026-08-10 15:13:32,2026-08-10 15:13:32,2026-08-10 15:13:32
215847,3444,WXFC8,COMPRA,170,100.0361,3.0666,2026-08-10 12:11:08,2026-08-10 12:11:08,2026-08-10 12:11:08
215848,3364,NUJZ2,VENDA,95,34.4742,9.4308,2026-08-10 11:35:32,2026-08-10 11:35:34,2026-08-10 11:35:34
215849,1227,MGRR2,COMPRA,420,115.3508,1.4828,2026-08-10 10:41:25,2026-08-10 10:41:25,2026-08-10 10:41:25
215850,3169,ZFBT3,COMPRA,97,85.8780,2.6390,2026-08-10 13:28:36,2026-08-10 13:28:38,2026-08-10 13:28:38
215851,1561,XLZM9,COMPRA,57,41.4296,3.8726,2026-08-10 13:34:24,2026-08-10 13:34:26,2026-08-10 13:34:26
215852,2569,EEYY9,COMPRA,160,166.6714,3.1707,2026-08-10 11:05:37,2026-08-10 11:05:40,2026-08-10 11:05:40
215853,1771,DEGN5,COMPRA,145,101.6389,1.8165,2026-08-10 15:20:40,2026-08-10 15:20:43,2026-08-10 15:20:43
215854,1317,WIPB2,COMPRA,86,92.2033,3.0323,2026-08-10 11:37:17,2026-08-10 11:37:19,2026-08-10 11:37:19
215855,2560,GFDF2,COMPRA,210,71.2460,8.2841,2026-08-10 14:37:00,2026-08-10 14:37:02,2026-08-10 14:37:02
215856,1008,BGNM6,COMPRA,400,105.5658,11.3591,2026-08-10 16:46:35,2026-08-10 16:46:35,2026-08-10 16:46:35
215857,1837,TTHO3,COMPRA,410,28.9534,7.9283,2026-08-10 17:07:34,2026-08-10 17:07:34,2026-08-10 17:07:34
215858,2605,PSEN6,COMPRA,390,166.7246,12.2574,2026-08-10 14:51:24,2026-08-10 14:51:24,2026-08-10 14:51:24
215859,2963,GKQC5,COMPRA,447,116.3585,5.7859,2026-08-10 11:59:28,2026-08-10 11:59:29,2026-08-10 11:59:29
215860,2600,MOLF3,COMPRA,45,60.4323,11.2066,2026-08-10 16:35:52,2026-08-10 16:35:53,2026-08-10 16:35:53
215861,1891,QYBV3,COMPRA,225,84.6785,5.4784,2026-08-10 10:06:44,2026-08-10 10:06:45,2026-08-10 10:06:45
215862,2167,RMRT1,COMPRA,225,109.2687,3.7697,2026-08-10 16:38:34,2026-08-10 16:38:37,2026-08-10 16:38:37
215863,2218,DQSN6,COMPRA,55,151.4256,4.1750,2026-08-10 10:42:44,2026-08-10 10:42:45,2026-08-10 10:42:45
215864,3187,RHXV4,COMPRA,270,59.4449,7.3767,2026-08-10 16:45:15,2026-08-10 16:45:17,2026-08-10 16:45:17
215865,2477,ICSU4,COMPRA,410,154.9930,10.1193,2026-08-10 12:58:37,2026-08-10 12:58:38,2026-08-10 12:58:38
215866,2584,BXFJ9,COMPRA,315,154.1060,7.5985,2026-08-10 14:49:45,2026-08-10 14:49:48,2026-08-10 14:49:48
215867,3425,OVYL9,COMPRA,396,80.1949,11.3129,2026-08-10 12:30:52,2026-08-10 12:30:55,2026-08-10 12:30:55
215868,3441,DQSN6,COMPRA,440,136.2935,7.4240,2026-08-10 15:38:04,2026-08-10 15:38:05,2026-08-10 15:38:05
215869,2205,HVEX2,COMPRA,480,170.8145,10.2228,2026-08-10 10:17:10,2026-08-10 10:17:12,2026-08-10 10:17:12
215870,3512,QTDZ2,COMPRA,365,45.7404,7.7856,2026-08-10 17:14:16,2026-08-10 17:14:19,2026-08-10 17:14:19
215871,1579,ERTC4,COMPRA,200,54.7117,7.0522,2026-08-10 14:30:38,2026-08-10 14:30:40,2026-08-10 14:30:40
215872,3215,NQYT3,COMPRA,90,61.0345,8.7891,2026-08-10 15:13:12,2026-08-10 15:13:14,2026-08-10 15:13:14
215873,1843,TBWG2,COMPRA,10,85.7857,10.3201,2026-08-10 12:07:11,2026-08-10 12:07:12,2026-08-10 12:07:12
215874,2648,ZAAS7,COMPRA,110,444.1073,6.6220,2026-08-10 10:53:01,2026-08-10 10:53:01,2026-08-10 10:53:01
215875,3208,GFDF2,COMPRA,225,101.5072,9.5972,2026-08-10 10:59:09,2026-08-10 10:59:12,2026-08-10 10:59:12
215876,2253,PQUT9,COMPRA,295,101.5714,0.0394,2026-08-10 13:38:10,2026-08-10 13:38:12,2026-08-10 13:38:12
215877,2385,ZFBT3,COMPRA,355,101.9535,4.8202,2026-08-10 10:52:16,2026-08-10 10:52:17,2026-08-10 10:52:17
215878,1682,ICSU4,COMPRA,168,167.9491,6.9499,2026-08-10 15:29:14,2026-08-10 15:29:15,2026-08-10 15:29:15
215879,2372,XAVL3,COMPRA,250,208.8854,0.1087,2026-08-10 12:43:58,2026-08-10 12:43:58,2026-08-10 12:43:58
215880,1200,ZHTL2,COMPRA,60,50.3970,1.6050,2026-08-10 17:00:35,2026-08-10 17:00:38,2026-08-10 17:00:38
215881,2112,ZYVN7,COMPRA,260,89.8416,1.9680,2026-08-10 12:08:26,2026-08-10 12:08:27,2026-08-10 12:08:27
215882,3252,TXHR8,COMPRA,217,74.7908,8.0544,2026-08-10 14:12:19,2026-08-10 14:12:20,2026-08-10 14:12:20
215883,3367,HCLJ8,COMPRA,345,108.4386,2.3832,2026-08-10 11:20:46,2026-08-10 11:20:49,2026-08-10 11:20:49
215884,3273,MCMT2,COMPRA,295,74.8662,9.9906,2026-08-10 17:18:57,2026-08-10 17:19:00,2026-08-10 17:19:00
215885,2812,XAVL3,COMPRA,215,143.5606,10.4801,2026-08-10 11:00:27,2026-08-10 11:00:27,2026-08-10 11:00:27
215886,2329,SGBG8,COMPRA,421,87.5184,3.6721,2026-08-10 16:16:31,2026-08-10 16:16:34,2026-08-10 16:16:34
215887,2881,TNHT4,COMPRA,228,100.3272,11.9996,2026-08-10 17:29:25,2026-08-10 17:29:28,2026-08-10 17:29:28
215888,3029,KFSY2,COMPRA,485,132.1775,9.0124,2026-08-10 17:02:16,2026-08-10 17:02:18,2026-08-10 17:02:18
215889,2947,RHXV4,COMPRA,90,61.1556,5.3370,2026-08-10 10:16:09,2026-08-10 10:16:12,2026-08-10 10:16:12
215890,1291,TVCE9,COMPRA,230,76.0281,9.6119,2026-08-10 10:29:27,2026-08-10 10:29:27,2026-08-10 10:29:27
215891,2094,KFSY2,COMPRA,125,113.3789,1.8279,2026-08-10 13:31:59,2026-08-10 13:32:00,2026-08-10 13:32:00
215892,3093,TBWG2,COMPRA,273,88.5863,0.1710,2026-08-10 10:21:55,2026-08-10 10:21:58,2026-08-10 10:21:58
215893,2909,MJDL9,COMPRA,240,33.2718,1.3593,2026-08-10 12:04:59,2026-08-10 12:04:59,2026-08-10 12:04:59
215894,2904,SGBG8,COMPRA,335,64.0635,7.6972,2026-08-10 12:14:22,2026-08-10 12:14:23,2026-08-10 12:14:23
215895,2822,AYFQ2,COMPRA,70,14.3793,0.3513,2026-08-10 11:25:55,2026-08-10 11:25:57,2026-08-10 11:25:57
215896,1724,ZYVN7,COMPRA,45,61.9524,10.0114,2026-08-10 12:57:40,2026-08-10 12:57:42,2026-08-10 12:57:42
215897,1233,ERTC4,COMPRA,440,46.7877,9.4766,2026-08-10 15:11:44,2026-08-10 15:11:46,2026-08-10 15:11:46
215898,3424,KQEO3,COMPRA,390,57.3427,10.5884,2026-08-10 16:16:35,2026-08-10 16:16:35,2026-08-10 16:16:35
215899,2301,YRWH3,COMPRA,425,187.5336,5.8801,2026-08-10 14:13:20,2026-08-10 14:13:22,2026-08-10 14:13:22
215900,1196,OEQA8,COMPRA,215,519.8898,7.2980,2026-08-10 11:37:48,2026-08-10 11:37:51,2026-08-10 11:37:51
215901,1405,YFAH5,COMPRA,380,131.6287,6.1237,2026-08-10 12:48:34,2026-08-10 12:48:34,2026-08-10 12:48:34
215902,2020,FYZB6,COMPRA,130,68.9852,2.2174,2026-08-10 16:46:36,2026-08-10 16:46:36,2026-08-10 16:46:36
215903,2561,UCHR6,COMPRA,490,324.9910,5.3141,2026-08-10 17:29:45,2026-08-10 17:29:45,2026-08-10 17:29:45
215904,2169,SVOZ4,COMPRA,440,57.6852,0.5913,2026-08-10 17:18:27,2026-08-10 17:18:27,2026-08-10 17:18:27
215905,1033,JUDG8,COMPRA,43,97.9873,3.2459,2026-08-10 14:04:29,2026-08-10 14:04:30,2026-08-10 14:04:30
215906,1859,RMRT1,COMPRA,100,95.2039,11.3407,2026-08-10 14:50:17,2026-08-10 14:50:17,2026-08-10 14:50:17
215907,2192,IWFI1,COMPRA,165,180.2102,8.0461,2026-08-10 10:22:55,2026-08-10 10:22:56,2026-08-10 10:22:56
215908,2693,YOWA1,COMPRA,290,65.3397,6.4465,2026-08-10 13:21:16,2026-08-10 13:21:17,2026-08-10 13:21:17
215909,2420,RIET5,COMPRA,350,160.9580,0.6840,2026-08-10 10:50:52,2026-08-10 10:50:53,2026-08-10 10:50:53
215910,1311,IWAK1,COMPRA,275,100.0880,4.0952,2026-08-10 14:26:38,2026-08-10 14:26:38,2026-08-10 14:26:38
215911,2795,YIHC3,COMPRA,70,51.9368,1.8651,2026-08-10 15:44:21,2026-08-10 15:44:21,2026-08-10 15:44:21
215912,1612,TBWG2,COMPRA,210,73.8793,3.1832,2026-08-10 14:37:03,2026-08-10 14:37:05,2026-08-10 14:37:05
215913,2137,KHGP6,COMPRA,454,121.2614,1.0644,2026-08-10 13:41:26,2026-08-10 13:41:28,2026-08-10 13:41:28
215914,1052,LCCH9,COMPRA,450,6.4230,12.3635,2026-08-10 10:24:42,2026-08-10 10:24:44,2026-08-10 10:24:44
215915,2981,PBZM6,COMPRA,75,75.2643,9.3852,2026-08-10 17:00:26,2026-08-10 17:00:26,2026-08-10 17:00:26
215916,2459,OVYL9,COMPRA,451,84.3173,7.5612,2026-08-10 10:12:02,2026-08-10 10:12:04,2026-08-10 10:12:04
215917,1158,RIET5,COMPRA,330,120.7616,10.7020,2026-08-10 14:59:02,2026-08-10 14:59:05,2026-08-10 14:59:05
215918,3517,SUZL4,COMPRA,235,168.6670,10.9862,2026-08-10 10:37:02,2026-08-10 10:37:04,2026-08-10 10:37:04
215919,2252,MJDL9,COMPRA,454,35.1910,11.6474,2026-08-10 12:52:12,2026-08-10 12:52:14,2026-08-10 12:52:14
215920,2872,CQIL9,COMPRA,110,34.3278,10.6024,2026-08-10 14:53:59,2026-08-10 14:54:02,2026-08-10 14:54:02
215921,2961,TXHR8,COMPRA,245,72.6552,0.6821,2026-08-10 11:38:38,2026-08-10 11:38:41,2026-08-10 11:38:41
215922,2210,TVCE9,COMPRA,315,77.4243,8.9154,2026-08-10 11:13:30,2026-08-10 11:13:33,2026-08-10 11:13:33
215923,2384,MCHX2,COMPRA,189,138.9957,8.9790,2026-08-10 10:08:51,2026-08-10 10:08:51,2026-08-10 10:08:51
215924,2718,EEYY9,COMPRA,245,164.6061,9.1924,2026-08-10 15:25:26,2026-08-10 15:25:29,2026-08-10 15:25:29
215925,1474,OXVD8,COMPRA,370,100.2504,5.5377,2026-08-10 14:03:25,2026-08-10 14:03:27,2026-08-10 14:03:27
215926,1594,IZTY4,COMPRA,187,24.2452,2.3364,2026-08-10 15:03:22,2026-08-10 15:03:23,2026-08-10 15:03:23
215927,1180,HCZM2,COMPRA,240,415.9371,5.9774,2026-08-10 14:35:52,2026-08-10 14:35:55,2026-08-10 14:35:55
215928,2023,WXFC8,COMPRA,105,88.7661,9.8944,2026-08-10 15:39:22,2026-08-10 15:39:24,2026-08-10 15:39:24
215929,2077,TVCE9,COMPRA,200,68.2295,6.4791,2026-08-10 15:40:57,2026-08-10 15:40:58,2026-08-10 15:40:58
215930,1960,GULD2,COMPRA,233,137.8542,4.5457,2026-08-10 12:43:33,2026-08-10 12:43:35,2026-08-10 12:43:35
215931,3445,ACSV1,COMPRA,235,110.4983,12.7427,2026-08-10 11:16:26,2026-08-10 11:16:27,2026-08-10 11:16:27
215932,2754,XPVA7,COMPRA,170,568.9435,2.0335,2026-08-10 10:57:43,2026-08-10 10:57:46,2026-08-10 10:57:46
215933,1517,IZTY4,COMPRA,260,36.4910,12.1668,2026-08-10 14:19:10,2026-08-10 14:19:13,2026-08-10 14:19:13
215934,1896,UFIU3,COMPRA,350,69.8994,8.4651,2026-08-10 16:45:24,2026-08-10 16:45:27,2026-08-10 16:45:27
215935,2443,EEYY9,COMPRA,145,189.6766,8.5085,2026-08-10 11:00:06,2026-08-10 11:00:07,2026-08-10 11:00:07
215936,2674,ERTC4,COMPRA,450,54.8601,3.6691,2026-08-10 15:49:49,2026-08-10 15:49:50,2026-08-10 15:49:50
215937,1027,RIET5,COMPRA,460,166.1168,9.0363,2026-08-10 15:04:20,2026-08-10 15:04:20,2026-08-10 15:04:20
215938,3311,BGNM6,COMPRA,500,77.8180,0.6077,2026-08-10 10:56:51,2026-08-10 10:56:52,2026-08-10 10:56:52
215939,2359,JDJG6,COMPRA,100,75.1291,11.2945,2026-08-10 10:53:48,2026-08-10 10:53:50,2026-08-10 10:53:50
215940,2320,QQQS1,COMPRA,285,27.4617,0.2843,2026-08-10 12:55:04,2026-08-10 12:55:07,2026-08-10 12:55:07
215941,1448,ERTC4,COMPRA,70,52.0443,2.3286,2026-08-10 17:28:31,2026-08-10 17:28:31,2026-08-10 17:28:31
215942,1453,QTHQ1,COMPRA,245,21.6593,6.3057,2026-08-10 14:26:20,2026-08-10 14:26:22,2026-08-10 14:26:22
215943,3125,OVUQ2,COMPRA,47,42.5416,2.6159,2026-08-10 14:27:26,2026-08-10 14:27:26,2026-08-10 14:27:26
215944,1627,ECQD7,COMPRA,335,91.9113,6.0696,2026-08-10 15:13:55,2026-08-10 15:13:55,2026-08-10 15:13:55
215945,3029,YYLA4,COMPRA,10,205.4605,1.5316,2026-08-10 11:30:08,2026-08-10 11:30:10,2026-08-10 11:30:10
215946,3102,UQJU7,COMPRA,455,85.2637,8.8801,2026-08-10 16:52:35,2026-08-10 16:52:36,2026-08-10 16:52:36
215947,2189,MCMT2,COMPRA,110,76.0258,8.0646,2026-08-10 11:28:30,2026-08-10 11:28:30,2026-08-10 11:28:30
215948,1408,RFNS7,COMPRA,180,92.2672,2.9247,2026-08-10 14:01:08,2026-08-10 14:01:11,2026-08-10 14:01:11
215949,3498,XLZM9,COMPRA,145,60.8475,0.4960,2026-08-10 11:45:41,2026-08-10 11:45:42,2026-08-10 11:45:42
215950,2391,OXVD8,COMPRA,365,79.6429,7.6055,2026-08-10 16:58:15,2026-08-10 16:58:15,2026-08-10 16:58:15
215951,2504,ZHTL2,COMPRA,460,51.0191,3.1598,2026-08-10 16:00:09,2026-08-10 16:00:10,2026-08-10 16:00:10
215952,1849,WIPB2,COMPRA,245,138.8169,10.7855,2026-08-10 13:09:17,2026-08-10 13:09:18,2026-08-10 13:09:18
215953,2825,XTVW5,COMPRA,65,113.3207,5.2083,2026-08-10 16:06:56,2026-08-10 16:06:59,2026-08-10 16:06:59
215954,3295,QHFL8,COMPRA,10,149.1814,12.2892,2026-08-10 15:33:29,2026-08-10 15:33:29,2026-08-10 15:33:29
215955,1098,NWGB4,COMPRA,400,126.5788,6.6583,2026-08-10 14:27:44,2026-08-10 14:27:44,2026-08-10 14:27:44
215956,3454,NREP8,COMPRA,500,100.0054,8.0623,2026-08-10 12:17:34,2026-08-10 12:17:35,2026-08-10 12:17:35
215957,2921,TBWG2,COMPRA,370,99.1414,1.8988,2026-08-10 14:00:54,2026-08-10 14:00:55,2026-08-10 14:00:55
215958,1397,AYFQ2,COMPRA,65,14.1559,3.9764,2026-08-10 15:04:47,2026-08-10 15:04:47,2026-08-10 15:04:47
215959,1132,PQUT9,COMPRA,165,75.5053,7.8628,2026-08-10 15:19:52,2026-08-10 15:19:54,2026-08-10 15:19:54
215960,2018,ACSV1,COMPRA,385,119.6147,10.5718,2026-08-10 12:29:31,2026-08-10 12:29:33,2026-08-10 12:29:33
215961,2930,RIET5,VENDA,75,111.2641,6.2573,2026-08-10 13:16:17,2026-08-10 13:16:17,2026-08-10 13:16:17
215962,2261,HCZM2,COMPRA,425,403.0323,0.9899,2026-08-10 17:27:58,2026-08-10 17:27:58,2026-08-10 17:27:58
215963,2843,ZYVN7,COMPRA,460,74.0175,9.1614,2026-08-10 11:08:18,2026-08-10 11:08:20,2026-08-10 11:08:20
215964,2662,MWVU7,COMPRA,255,96.0399,3.2851,2026-08-10 10:58:35,2026-08-10 10:58:37,2026-08-10 10:58:37
215965,3146,DHRM5,COMPRA,26,286.0977,2.8668,2026-08-10 16:41:51,2026-08-10 16:41:52,2026-08-10 16:41:52
215966,2204,AYFQ2,COMPRA,255,11.0366,7.0711,2026-08-10 17:29:04,2026-08-10 17:29:04,2026-08-10 17:29:04
215967,2962,AAUA7,COMPRA,202,150.6749,11.2800,2026-08-10 15:50:06,2026-08-10 15:50:06,2026-08-10 15:50:06
215968,3005,BXFJ9,COMPRA,368,138.3380,7.7242,2026-08-10 13:46:39,2026-08-10 13:46:40,2026-08-10 13:46:40
215969,1657,EEYY9,COMPRA,90,194.7927,4.6949,2026-08-10 14:56:31,2026-08-10 14:56:31,2026-08-10 14:56:31
215970,1359,IWFI1,COMPRA,432,172.1893,8.6571,2026-08-10 15:04:03,2026-08-10 15:04:06,2026-08-10 15:04:06
215971,2111,RFNS7,COMPRA,460,68.3426,6.2450,2026-08-10 11:02:30,2026-08-10 11:02:32,2026-08-10 11:02:32
215972,2980,ACSV1,VENDA,190,96.1032,3.9945,2026-08-10 12:56:04,2026-08-10 12:56:04,2026-08-10 12:56:04
215973,3290,TTHO3,COMPRA,80,30.9779,2.9491,2026-08-10 11:18:51,2026-08-10 11:18:54,2026-08-10 11:18:54
215974,3435,ZHTL2,COMPRA,15,78.3003,,2026-08-10 10:30:00,2026-08-10 10:30:00,2026-08-10 10:30:00
215975,3207,DFGR7,COMPRA,155,79.4613,6.2466,2026-08-10 16:31:38,2026-08-10 16:31:39,2026-08-10 16:31:39
215976,2624,FYZB6,COMPRA,245,67.0503,8.7899,2026-08-10 12:53:45,2026-08-10 12:53:48,2026-08-10 12:53:48
215977,2653,TXHR8,COMPRA,36,99.2837,10.1167,2026-08-10 10:45:28,2026-08-10 10:45:28,2026-08-10 10:45:28
215978,3315,LIEG8,COMPRA,310,103.7917,9.6024,2026-08-10 16:12:48,2026-08-10 16:12:49,2026-08-10 16:12:49
215979,1794,IZTY4,COMPRA,435,34.0320,1.7975,2026-08-10 10:52:09,2026-08-10 10:52:12,2026-08-10 10:52:12
215980,1158,HJRH5,COMPRA,44,123.4787,8.6154,2026-08-10 13:23:28,2026-08-10 13:23:28,2026-08-10 13:23:28
215981,1563,PSEN6,COMPRA,180,227.5008,8.5487,2026-08-10 15:31:37,2026-08-10 15:31:40,2026-08-10 15:31:40
215982,2021,QHFL8,COMPRA,135,186.6855,8.4061,2026-08-10 16:18:51,2026-08-10 16:18:53,2026-08-10 16:18:53
215983,3384,ZHTL2,COMPRA,230,78.7873,9.4514,2026-08-10 14:52:03,2026-08-10 14:52:06,2026-08-10 14:52:06
215984,2007,JUDG8,COMPRA,192,73.1845,10.9751,2026-08-10 13:08:46,2026-08-10 13:08:48,2026-08-10 13:08:48
215985,1289,ZAAS7,COMPRA,350,425.4616,4.4806,2026-08-10 14:10:18,2026-08-10 14:10:20,2026-08-10 14:10:20
215986,1060,BSDJ7,COMPRA,215,198.6711,1.4498,2026-08-10 14:28:25,2026-08-10 14:28:26,2026-08-10 14:28:26
215987,1693,RMRT1,COMPRA,220,124.9871,6.3757,2026-08-10 15:03:13,2026-08-10 15:03:16,2026-08-10 15:03:16
215988,1108,QYBV3,COMPRA,55,83.3803,10.4036,2026-08-10 16:05:18,2026-08-10 16:05:18,2026-08-10 16:05:18
215989,2035,IWAK1,COMPRA,125,81.3316,9.3266,2026-08-10 16:09:09,2026-08-10 16:09:09,2026-08-10 16:09:09
215990,3158,TNHT4,COMPRA,465,125.1700,9.9215,2026-08-10 11:54:16,2026-08-10 11:54:17,2026-08-10 11:54:17
215991,2482,SUZL4,COMPRA,150,138.3439,11.0457,2026-08-10 10:36:10,2026-08-10 10:36:11,2026-08-10 10:36:11
215992,3353,XOVY4,COMPRA,165,119.1067,10.8508,2026-08-10 11:07:25,2026-08-10 11:07:25,2026-08-10 11:07:25
215993,1762,XTVW5,COMPRA,365,98.0529,5.1952,2026-08-10 11:33:15,2026-08-10 11:33:17,2026-08-10 11:33:17
215994,3156,WIPB2,COMPRA,450,108.9791,1.1089,2026-08-10 17:28:59,2026-08-10 17:29:02,2026-08-10 17:29:02
215995,1556,JIPR4,COMPRA,420,30.6317,0.3358,2026-08-10 12:40:17,2026-08-10 12:40:19,2026-08-10 12:40:19
215996,1958,JDJG6,COMPRA,120,77.9306,2.3969,2026-08-10 10:25:35,2026-08-10 10:25:36,2026-08-10 10:25:36
215997,2857,LGKU6,VENDA,305,84.3239,12.1625,2026-08-10 16:29:09,2026-08-10 16:29:09,2026-08-10 16:29:09
215998,1666,DFGR7,COMPRA,120,114.0414,1.8204,2026-08-10 14:33:37,2026-08-10 14:33:38,2026-08-10 14:33:38
215999,3379,TVCE9,COMPRA,70,73.4244,9.1714,2026-08-10 10:04:05,2026-08-10 10:04:07,2026-08-10 10:04:07
216000,2953,ZHTL2,COMPRA,105,61.2556,6.4603,2026-08-10 16:01:05,2026-08-10 16:01:08,2026-08-10 16:01:08
216001,1257,UVEY5,COMPRA,245,96.8100,10.1203,2026-08-10 15:04:49,2026-08-10 15:04:51,2026-08-10 15:04:51
216002,1139,OVUQ2,COMPRA,310,37.7941,4.4190,2026-08-10 14:56:52,2026-08-10 14:56:54,2026-08-10 14:56:54
216003,3323,DGBT6,COMPRA,264,98.8959,0.9735,2026-08-10 11:12:39,2026-08-10 11:12:41,2026-08-10 11:12:41
216004,1236,QEUC2,COMPRA,450,215.9944,2.7609,2026-08-10 11:24:23,2026-08-10 11:24:24,2026-08-10 11:24:24
216005,2135,QATW7,COMPRA,300,49.2311,10.4365,2026-08-10 10:40:31,2026-08-10 10:40:31,2026-08-10 10:40:31
216006,3269,ZYVN7,COMPRA,130,63.8206,6.6776,2026-08-10 15:56:13,2026-08-10 15:56:16,2026-08-10 15:56:16
216007,1758,BGNM6,COMPRA,475,128.5154,6.1425,2026-08-10 13:07:28,2026-08-10 13:07:29,2026-08-10 13:07:29
216008,2015,QYBV3,COMPRA,220,63.5077,8.6317,2026-08-10 15:19:30,2026-08-10 15:19:30,2026-08-10 15:19:30
216009,2085,ZYVN7,COMPRA,295,80.4961,4.3534,2026-08-10 11:02:28,2026-08-10 11:02:30,2026-08-10 11:02:30
216010,2475,NREP8,COMPRA,475,108.9858,1.6350,2026-08-10 16:55:10,2026-08-10 16:55:12,2026-08-10 16:55:12
216011,2619,DEGN5,COMPRA,60,68.9394,7.4675,2026-08-10 12:43:13,2026-08-10 12:43:14,2026-08-10 12:43:14
216012,2857,SUZL4,COMPRA,5,104.0819,2.1565,2026-08-10 13:47:22,2026-08-10 13:47:24,2026-08-10 13:47:24
216013,3056,FYZB6,COMPRA,100,73.3611,2.9504,2026-08-10 16:26:54,2026-08-10 16:26:54,2026-08-10 16:26:54
216014,2129,AYFQ2,COMPRA,2,9.5224,5.2553,2026-08-10 14:54:47,2026-08-10 14:54:50,2026-08-10 14:54:50
216015,2996,MWVU7,COMPRA,365,89.2321,4.4169,2026-08-10 15:04:33,2026-08-10 15:04:35,2026-08-10 15:04:35
216016,3291,LIEG8,COMPRA,115,112.7329,6.8250,2026-08-10 16:46:41,2026-08-10 16:46:44,2026-08-10 16:46:44
216017,2897,RYPL6,COMPRA,270,108.2460,4.3310,2026-08-10 13:42:44,2026-08-10 13:42:45,2026-08-10 13:42:45
216018,1942,NPEM3,COMPRA,105,103.8273,7.6501,2026-08-10 12:50:29,2026-08-10 12:50:32,2026-08-10 12:50:32
216019,1295,LIEG8,COMPRA,285,116.1863,6.9327,2026-08-10 14:25:46,2026-08-10 14:25:48,2026-08-10 14:25:48
216020,3014,TVCE9,COMPRA,490,81.9932,8.3927,2026-08-10 15:17:04,2026-08-10 15:17:06,2026-08-10 15:17:06
216021,2040,YIHC3,COMPRA,123,76.7289,5.7223,2026-08-10 17:26:08,2026-08-10 17:26:08,2026-08-10 17:26:08
216022,1526,QQQS1,COMPRA,90,18.0066,5.9079,2026-08-10 11:09:23,2026-08-10 11:09:26,2026-08-10 11:09:26
216023,3216,AAWB3,COMPRA,260,189.5687,12.8936,2026-08-10 14:54:17,2026-08-10 14:54:20,2026-08-10 14:54:20
216024,2246,HCLJ8,COMPRA,88,129.6407,8.6898,2026-08-10 11:20:47,2026-08-10 11:20:48,2026-08-10 11:20:48
216025,2284,SVOZ4,COMPRA,455,36.7422,,2026-08-10 13:02:40,2026-08-10 13:02:40,2026-08-10 13:02:40
216026,2934,SVOZ4,COMPRA,450,52.0413,1.9824,2026-08-10 14:12:19,2026-08-10 14:12:22,2026-08-10 14:12:22
216027,3128,RDOA3,COMPRA,120,111.2613,9.7251,2026-08-10 15:14:45,2026-08-10 15:14:46,2026-08-10 15:14:46
216028,1647,IPXK2,COMPRA,225,283.1121,2.2497,2026-08-10 10:07:57,2026-08-10 10:07:58,2026-08-10 10:07:58
216029,1046,ECQD7,COMPRA,190,96.7384,1.5284,2026-08-10 13:19:25,2026-08-10 13:19:27,2026-08-10 13:19:27
216030,1817,ZHTL2,COMPRA,380,63.7105,5.3915,2026-08-10 14:42:35,2026-08-10 14:42:35,2026-08-10 14:42:35
216031,2500,SRDU1,COMPRA,374,104.7165,3.7623,2026-08-10 13:02:21,2026-08-10 13:02:21,2026-08-10 13:02:21
216032,2745,MWVU7,COMPRA,190,71.6332,10.1664,2026-08-10 17:20:37,2026-08-10 17:20:39,2026-08-10 17:20:39
216033,3412,NWGB4,COMPRA,420,153.6294,10.4884,2026-08-10 13:25:18,2026-08-10 13:25:18,2026-08-10 13:25:18
216034,1991,NAOF3,COMPRA,216,61.6579,3.2492,2026-08-10 15:56:41,2026-08-10 15:56:41,2026-08-10 15:56:41
216035,3235,LIEG8,COMPRA,85,86.4309,4.4631,2026-08-10 14:18:04,2026-08-10 14:18:07,2026-08-10 14:18:07
216036,3177,TXHR8,COMPRA,290,85.8236,8.5264,2026-08-10 17:02:56,2026-08-10 17:02:56,2026-08-10 17:02:56
216037,2242,HJRH5,COMPRA,205,131.8879,12.4061,2026-08-10 13:22:20,2026-08-10 13:22:23,2026-08-10 13:22:23
216038,1343,FRGH8,COMPRA,315,94.1480,8.1880,2026-08-10 11:03:46,2026-08-10 11:03:46,2026-08-10 11:03:46
216039,3391,DFGR7,COMPRA,100,114.2236,6.7592,2026-08-10 12:52:32,2026-08-10 12:52:32,2026-08-10 12:52:32
216040,3094,ECQD7,COMPRA,435,79.0646,8.8009,2026-08-10 11:43:44,2026-08-10 11:43:47,2026-08-10 11:43:47
216041,1436,IZTY4,COMPRA,345,31.4539,2.5973,2026-08-10 15:01:00,2026-08-10 15:01:03,2026-08-10 15:01:03
216042,1792,OVUQ2,COMPRA,345,44.7391,6.3449,2026-08-10 11:22:18,2026-08-10 11:22:21,2026-08-10 11:22:21
216043,2948,PZUP8,COMPRA,65,130.1754,7.0012,2026-08-10 17:25:26,2026-08-10 17:25:29,2026-08-10 17:25:29
216044,1049,IWFI1,COMPRA,115,196.8830,11.6042,2026-08-10 10:10:41,2026-08-10 10:10:42,2026-08-10 10:10:42
216045,1189,CQIL9,COMPRA,385,37.8603,0.1757,2026-08-10 11:50:50,2026-08-10 11:50:52,2026-08-10 11:50:52
216046,1447,WXFC8,COMPRA,165,67.2936,0.6058,2026-08-10 12:40:24,2026-08-10 12:40:24,2026-08-10 12:40:24
216047,3346,IWAK1,COMPRA,24,71.0766,5.4275,2026-08-10 12:16:19,2026-08-10 12:16:22,2026-08-10 12:16:22
216048,2525,YOWA1,COMPRA,425,69.4479,12.3208,2026-08-10 11:53:43,2026-08-10 11:53:44,2026-08-10 11:53:44
216049,1159,UQIQ7,COMPRA,435,100.0807,4.6509,2026-08-10 16:19:59,2026-08-10 16:20:00,2026-08-10 16:20:00
216050,1298,OVYL9,COMPRA,370,86.5833,4.3183,2026-08-10 10:41:55,2026-08-10 10:41:55,2026-08-10 10:41:55
216051,3149,NPEM3,COMPRA,490,114.0836,10.4546,2026-08-10 15:56:24,2026-08-10 15:56:26,2026-08-10 15:56:26
216052,2721,CQIL9,COMPRA,390,44.8807,5.0481,2026-08-10 12:17:24,2026-08-10 12:17:24,2026-08-10 12:17:24
216053,1637,DEGN5,COMPRA,400,105.7118,,2026-08-10 12:48:01,2026-08-10 12:48:01,2026-08-10 12:48:01
216054,2015,NYGT6,COMPRA,216,84.6144,12.3280,2026-08-10 11:10:45,2026-08-10 11:10:47,2026-08-10 11:10:47
216055,2493,HCLJ8,COMPRA,49,92.0902,9.6567,2026-08-10 15:05:43,2026-08-10 15:05:44,2026-08-10 15:05:44
216056,1507,NHYK8,COMPRA,190,70.6695,8.1948,2026-08-10 16:20:37,2026-08-10 16:20:40,2026-08-10 16:20:40
216057,2700,WXQM6,COMPRA,290,57.8690,1.4520,2026-08-10 13:35:13,2026-08-10 13:35:16,2026-08-10 13:35:16
216058,2643,MOLF3,COMPRA,294,48.8595,8.9223,2026-08-10 15:36:59,2026-08-10 15:37:00,2026-08-10 15:37:00
216059,1009,MWVU7,COMPRA,145,66.9433,11.8862,2026-08-10 12:50:06,2026-08-10 12:50:09,2026-08-10 12:50:09
216060,2407,XOVY4,COMPRA,200,110.9967,8.2529,2026-08-10 13:05:35,2026-08-10 13:05:37,2026-08-10 13:05:37
216061,2844,YOWA1,COMPRA,215,69.2622,11.1802,2026-08-10 12:10:31,2026-08-10 12:10:34,2026-08-10 12:10:34
216062,1733,LGKU6,COMPRA,265,76.4578,3.5455,2026-08-10 12:46:20,2026-08-10 12:46:20,2026-08-10 12:46:20
216063,1575,BGNM6,COMPRA,345,102.4945,7.0034,2026-08-10 14:15:50,2026-08-10 14:15:52,2026-08-10 14:15:52
216064,1466,XAVL3,COMPRA,365,223.6543,10.4017,2026-08-10 15:46:12,2026-08-10 15:46:12,2026-08-10 15:46:12
216065,1287,PSEN6,COMPRA,65,220.1756,10.8116,2026-08-10 15:40:45,2026-08-10 15:40:48,2026-08-10 15:40:48
216066,2518,SRDU1,COMPRA,105,101.0666,1.3179,2026-08-10 15:59:33,2026-08-10 15:59:34,2026-08-10 15:59:34
216067,1767,XAVL3,COMPRA,210,171.7389,6.6373,2026-08-10 16:22:53,2026-08-10 16:22:53,2026-08-10 16:22:53
216068,3275,AYFQ2,COMPRA,85,12.0778,2.0342,2026-08-10 17:24:59,2026-08-10 17:24:59,2026-08-10 17:24:59
216069,1149,MJDL9,COMPRA,165,37.1986,5.0271,2026-08-10 15:04:34,2026-08-10 15:04:34,2026-08-10 15:04:34
216070,3425,RDOA3,COMPRA,230,99.1038,,2026-08-10 12:32:39,2026-08-10 12:32:39,2026-08-10 12:32:39
216071,3123,IZTY4,COMPRA,335,25.4735,4.3767,2026-08-10 10:54:28,2026-08-10 10:54:29,2026-08-10 10:54:29
216072,1796,ZAAS7,COMPRA,285,508.1916,4.7837,2026-08-10 11:16:32,2026-08-10 11:16:32,2026-08-10 11:16:32
216073,3022,YFAH5,COMPRA,350,171.1196,6.6829,2026-08-10 11:05:45,2026-08-10 11:05:46,2026-08-10 11:05:46
216074,1741,ACSV1,COMPRA,455,96.4683,0.0834,2026-08-10 13:32:34,2026-08-10 13:32:36,2026-08-10 13:32:36
216075,2391,AAWB3,COMPRA,80,175.2008,1.5559,2026-08-10 15:42:46,2026-08-10 15:42:46,2026-08-10 15:42:46
216076,1573,JIPR4,COMPRA,116,40.5203,0.4079,2026-08-10 11:01:22,2026-08-10 11:01:22,2026-08-10 11:01:22
216077,1855,YRWH3,COMPRA,75,184.2881,4.2035,2026-08-10 14:18:13,2026-08-10 14:18:16,2026-08-10 14:18:16
216078,2151,QHFL8,COMPRA,235,181.2415,6.9795,2026-08-10 10:31:18,2026-08-10 10:31:19,2026-08-10 10:31:19
216079,3468,ZFBT3,COMPRA,310,105.3939,9.3223,2026-08-10 16:08:55,2026-08-10 16:08:56,2026-08-10 16:08:56
216080,1773,ENRZ2,COMPRA,245,117.7835,1.6465,2026-08-10 14:51:16,2026-08-10 14:51:17,2026-08-10 14:51:17
216081,1078,JDJG6,COMPRA,140,76.2542,1.6039,2026-08-10 14:57:44,2026-08-10 14:57:47,2026-08-10 14:57:47
216082,1860,OXVD8,COMPRA,400,87.8905,11.3171,2026-08-10 11:07:52,2026-08-10 11:07:53,2026-08-10 11:07:53
216083,1168,FIUW1,COMPRA,128,91.1131,11.6858,2026-08-10 14:25:09,2026-08-10 14:25:12,2026-08-10 14:25:12
216084,3466,QEUC2,COMPRA,375,179.0052,12.4255,2026-08-10 12:26:19,2026-08-10 12:26:21,2026-08-10 12:26:21
216085,3320,UVEY5,COMPRA,275,104.9976,2.4642,2026-08-10 15:48:33,2026-08-10 15:48:35,2026-08-10 15:48:35
216086,1966,CQJZ4,COMPRA,30,70.0816,6.6620,2026-08-10 17:10:08,2026-08-10 17:10:08,2026-08-10 17:10:08
216087,2500,UYFJ9,COMPRA,80,97.7332,2.7360,2026-08-10 14:02:33,2026-08-10 14:02:33,2026-08-10 14:02:33
216088,2131,NUJZ2,COMPRA,350,38.0692,5.3843,2026-08-10 16:04:08,2026-08-10 16:04:10,2026-08-10 16:04:10
216089,1319,AAUA7,COMPRA,345,127.5128,1.9035,2026-08-10 16:41:21,2026-08-10 16:41:23,2026-08-10 16:41:23
216090,3527,DHRM5,COMPRA,40,338.9061,6.6614,2026-08-10 12:37:32,2026-08-10 12:37:33,2026-08-10 12:37:33
216091,1274,RSBT4,COMPRA,15,321.1019,8.3121,2026-08-10 11:17:54,2026-08-10 11:17:54,2026-08-10 11:17:54
216092,2669,MCHX2,COMPRA,90,94.4386,7.9829,2026-08-10 13:34:48,2026-08-10 13:34:50,2026-08-10 13:34:50
216093,1048,YFAH5,COMPRA,175,185.1029,7.7095,2026-08-10 17:14:47,2026-08-10 17:14:49,2026-08-10 17:14:49
216094,1714,MOLF3,COMPRA,310,48.5067,12.4960,2026-08-10 15:22:39,2026-08-10 15:22:42,2026-08-10 15:22:42
216095,1836,ERTC4,COMPRA,307,52.0810,0.5679,2026-08-10 10:33:48,2026-08-10 10:33:50,2026-08-10 10:33:50
216096,1570,MWVU7,COMPRA,285,83.7401,7.2733,2026-08-10 11:20:54,2026-08-10 11:20:54,2026-08-10 11:20:54
216097,3490,TTHO3,COMPRA,347,36.4960,5.2154,2026-08-10 12:06:38,2026-08-10 12:06:41,2026-08-10 12:06:41
216098,2518,BSDJ7,COMPRA,160,229.0289,2.4037,2026-08-10 15:17:47,2026-08-10 15:17:50,2026-08-10 15:17:50
216099,1868,OXVD8,COMPRA,425,91.5840,9.2960,2026-08-10 11:52:50,2026-08-10 11:52:50,2026-08-10 11:52:50
216100,3528,WXQM6,COMPRA,285,51.3531,11.2917,2026-08-10 15:30:32,2026-08-10 15:30:35,2026-08-10 15:30:35
216101,2903,OVUQ2,COMPRA,474,45.3819,2.0769,2026-08-10 10:32:38,2026-08-10 10:32:41,2026-08-10 10:32:41
216102,3518,YCCK8,COMPRA,400,314.3935,0.1773,2026-08-10 13:17:35,2026-08-10 13:17:38,2026-08-10 13:17:38
216103,1827,ZYVN7,COMPRA,155,62.8954,1.2128,2026-08-10 12:21:44,2026-08-10 12:21:44,2026-08-10 12:21:44
216104,2780,PQUT9,COMPRA,341,72.6499,9.8709,2026-08-10 11:33:36,2026-08-10 11:33:36,2026-08-10 11:33:36
216105,2212,YFAH5,COMPRA,155,174.2937,10.5024,2026-08-10 13:52:00,2026-08-10 13:52:00,2026-08-10 13:52:00
216106,2705,AAWB3,COMPRA,270,159.5891,8.6532,2026-08-10 11:58:21,2026-08-10 11:58:23,2026-08-10 11:58:23
216107,3379,UFMA7,COMPRA,265,179.8100,6.2853,2026-08-10 14:40:21,2026-08-10 14:40:21,2026-08-10 14:40:21
216108,2622,TXHR8,COMPRA,180,76.8248,12.8947,2026-08-10 16:56:03,2026-08-10 16:56:04,2026-08-10 16:56:04
216109,1321,XAVL3,COMPRA,490,200.0059,5.2981,2026-08-10 10:19:25,2026-08-10 10:19:25,2026-08-10 10:19:25
216110,1051,AAWB3,COMPRA,35,182.6711,1.1253,2026-08-10 16:19:27,2026-08-10 16:19:29,2026-08-10 16:19:29
216111,3086,MOLF3,COMPRA,485,47.9159,12.3170,2026-08-10 12:09:36,2026-08-10 12:09:39,2026-08-10 12:09:39
216112,3363,SVOZ4,COMPRA,235,43.6932,11.0630,2026-08-10 17:04:48,2026-08-10 17:04:48,2026-08-10 17:04:48
216113,3056,IWAK1,COMPRA,155,91.1828,5.2554,2026-08-10 14:49:40,2026-08-10 14:49:43,2026-08-10 14:49:43
216114,2804,HVEX2,COMPRA,9,132.7871,11.5244,2026-08-10 13:16:52,2026-08-10 13:16:55,2026-08-10 13:16:55
216115,2189,TBWG2,COMPRA,429,81.0259,7.7240,2026-08-10 14:26:19,2026-08-10 14:26:19,2026-08-10 14:26:19
216116,2183,NYGT6,COMPRA,450,86.1774,3.7963,2026-08-10 16:18:54,2026-08-10 16:18:54,2026-08-10 16:18:54
216117,1833,WXFC8,COMPRA,20,86.0145,9.5727,2026-08-10 10:42:19,2026-08-10 10:42:19,2026-08-10 10:42:19
216118,1423,UFIU3,COMPRA,420,73.7503,10.6615,2026-08-10 13:55:18,2026-08-10 13:55:20,2026-08-10 13:55:20
216119,2965,DHRM5,COMPRA,475,272.9495,2.2255,2026-08-10 12:50:27,2026-08-10 12:50:27,2026-08-10 12:50:27
216120,3377,BGNM6,COMPRA,140,121.2602,12.6834,2026-08-10 15:10:34,2026-08-10 15:10:34,2026-08-10 15:10:34
216121,1597,DEGN5,COMPRA,100,77.5991,9.6121,2026-08-10 15:41:50,2026-08-10 15:41:52,2026-08-10 15:41:52
216122,1002,DGBT6,COMPRA,342,83.3843,1.6761,2026-08-10 15:46:33,2026-08-10 15:46:34,2026-08-10 15:46:34
216123,3031,GAKD5,COMPRA,445,327.9706,12.7163,2026-08-10 12:58:11,2026-08-10 12:58:11,2026-08-10 12:58:11
216124,1034,NQYT3,COMPRA,110,67.1340,11.1916,2026-08-10 13:46:54,2026-08-10 13:46:57,2026-08-10 13:46:57
216125,2188,XPVA7,COMPRA,302,518.4162,0.6696,2026-08-10 12:52:19,2026-08-10 12:52:20,2026-08-10 12:52:20
216126,2877,UFMA7,COMPRA,105,142.2829,8.4831,2026-08-10 11:19:03,2026-08-10 11:19:03,2026-08-10 11:19:03
216127,2607,GFDF2,VENDA,130,108.9351,5.0131,2026-08-10 16:25:21,2026-08-10 16:25:23,2026-08-10 16:25:23
216128,2275,CQIL9,COMPRA,490,43.1329,5.2706,2026-08-10 17:01:19,2026-08-10 17:01:19,2026-08-10 17:01:19
216129,1790,JJVW6,COMPRA,330,117.3455,4.5922,2026-08-10 12:05:42,2026-08-10 12:05:42,2026-08-10 12:05:42
216130,1722,DQSN6,COMPRA,500,126.6401,5.3398,2026-08-10 12:30:16,2026-08-10 12:30:19,2026-08-10 12:30:19
216131,2796,LCCH9,COMPRA,260,6.9918,2.1495,2026-08-10 10:35:28,2026-08-10 10:35:28,2026-08-10 10:35:28
216132,3021,RDOA3,COMPRA,375,110.1004,2.5316,2026-08-10 10:19:20,2026-08-10 10:19:20,2026-08-10 10:19:20
216133,3338,SRDU1,VENDA,315,65.0614,5.9879,2026-08-10 15:45:22,2026-08-10 15:45:25,2026-08-10 15:45:25
216134,2204,XOVY4,COMPRA,330,103.8354,5.5291,2026-08-10 16:41:44,2026-08-10 16:41:44,2026-08-10 16:41:44
216135,2526,JIPR4,COMPRA,355,32.6912,5.7236,2026-08-10 15:56:03,2026-08-10 15:56:06,2026-08-10 15:56:06
216136,3113,DHRM5,COMPRA,27,288.4960,0.6007,2026-08-10 12:04:11,2026-08-10 12:04:13,2026-08-10 12:04:13
216137,2573,NQYT3,COMPRA,460,51.3353,11.2230,2026-08-10 11:51:27,2026-08-10 11:51:27,2026-08-10 11:51:27
216138,2293,DFGR7,COMPRA,105,117.7571,7.6503,2026-08-10 16:50:06,2026-08-10 16:50:08,2026-08-10 16:50:08
216139,3240,TBWG2,COMPRA,500,69.2134,7.9029,2026-08-10 16:57:23,2026-08-10 16:57:23,2026-08-10 16:57:23
216140,1688,RMRT1,COMPRA,428,102.2852,3.0893,2026-08-10 13:42:16,2026-08-10 13:42:18,2026-08-10 13:42:18
216141,3247,WMQZ6,COMPRA,380,66.2360,10.2912,2026-08-10 14:15:32,2026-08-10 14:15:35,2026-08-10 14:15:35
216142,1267,YCCK8,COMPRA,10,510.3231,4.4744,2026-08-10 14:11:27,2026-08-10 14:11:29,2026-08-10 14:11:29
216143,1765,BOCS8,COMPRA,190,75.7227,0.6498,2026-08-10 15:49:56,2026-08-10 15:49:57,2026-08-10 15:49:57
216144,1502,JDJG6,COMPRA,70,89.1003,6.1920,2026-08-10 14:50:13,2026-08-10 14:50:13,2026-08-10 14:50:13
216145,3149,NHYK8,COMPRA,425,82.0328,8.2085,2026-08-10 11:09:15,2026-08-10 11:09:15,2026-08-10 11:09:15
216146,2712,RYPL6,COMPRA,437,96.9230,2.5670,2026-08-10 13:18:19,2026-08-10 13:18:19,2026-08-10 13:18:19
216147,2151,PBZM6,COMPRA,465,70.8095,6.3706,2026-08-10 13:11:43,2026-08-10 13:11:43,2026-08-10 13:11:43
216148,3021,QTDZ2,COMPRA,60,41.6173,2.1778,2026-08-10 11:53:35,2026-08-10 11:53:35,2026-08-10 11:53:35
216149,2896,TVCE9,COMPRA,205,52.4530,12.2574,2026-08-10 13:08:35,2026-08-10 13:08:38,2026-08-10 13:08:38
216150,3220,NAOF3,COMPRA,30,59.2944,9.0074,2026-08-10 12:17:56,2026-08-10 12:17:56,2026-08-10 12:17:56
216151,1193,PZUP8,COMPRA,373,157.9314,8.4580,2026-08-10 12:14:36,2026-08-10 12:14:39,2026-08-10 12:14:39
216152,3419,PQUT9,COMPRA,370,83.7973,1.7737,2026-08-10 16:30:49,2026-08-10 16:30:52,2026-08-10 16:30:52
216153,2446,TTHO3,COMPRA,265,26.3975,8.2792,2026-08-10 14:59:31,2026-08-10 14:59:32,2026-08-10 14:59:32
216154,2714,TVCE9,VENDA,15,81.3430,7.3184,2026-08-10 14:20:51,2026-08-10 14:20:51,2026-08-10 14:20:51
216155,2604,ZHTL2,COMPRA,495,57.3936,3.4702,2026-08-10 15:14:16,2026-08-10 15:14:17,2026-08-10 15:14:17
216156,2179,HJRH5,COMPRA,85,121.6215,4.5391,2026-08-10 13:28:45,2026-08-10 13:28:45,2026-08-10 13:28:45
216157,1178,XAVL3,COMPRA,162,139.6474,11.9343,2026-08-10 16:58:47,2026-08-10 16:58:48,2026-08-10 16:58:48
216158,3213,AAWB3,VENDA,10,209.1094,8.9021,2026-08-10 11:24:02,2026-08-10 11:24:03,2026-08-10 11:24:03
216159,1558,XAVL3,VENDA,260,214.1039,3.3387,2026-08-10 15:01:18,2026-08-10 15:01:19,2026-08-10 15:01:19
216160,1466,JJVW6,COMPRA,379,141.5190,1.4245,2026-08-10 13:06:25,2026-08-10 13:06:26,2026-08-10 13:06:26
216161,1833,WXQM6,COMPRA,272,38.7252,0.9743,2026-08-10 17:12:19,2026-08-10 17:12:22,2026-08-10 17:12:22
216162,3217,WXFC8,COMPRA,250,106.1309,11.3528,2026-08-10 13:00:30,2026-08-10 13:00:33,2026-08-10 13:00:33
216163,2779,WXQM6,COMPRA,270,56.4636,2.6025,2026-08-10 10:59:03,2026-08-10 10:59:03,2026-08-10 10:59:03
216164,3467,HVEX2,COMPRA,194,158.7376,11.4881,2026-08-10 11:00:19,2026-08-10 11:00:21,2026-08-10 11:00:21
216165,1656,XPVA7,COMPRA,255,364.1628,8.6469,2026-08-10 12:52:56,2026-08-10 12:52:59,2026-08-10 12:52:59
216166,3165,TVCE9,COMPRA,480,65.3985,0.6143,2026-08-10 15:46:07,2026-08-10 15:46:10,2026-08-10 15:46:10
216167,2343,RYPL6,COMPRA,340,83.4046,12.2471,2026-08-10 16:08:24,2026-08-10 16:08:26,2026-08-10 16:08:26
216168,1835,MOLF3,COMPRA,460,61.3169,7.2434,2026-08-10 12:24:53,2026-08-10 12:24:53,2026-08-10 12:24:53
216169,1433,UFIU3,COMPRA,220,93.0456,11.1671,2026-08-10 13:46:48,2026-08-10 13:46:51,2026-08-10 13:46:51
216170,3197,JIPR4,COMPRA,55,37.7816,4.3364,2026-08-10 10:06:42,2026-08-10 10:06:42,2026-08-10 10:06:42
216171,2145,QTDZ2,COMPRA,495,61.5176,3.1330,2026-08-10 10:32:52,2026-08-10 10:32:55,2026-08-10 10:32:55
216172,2396,RSBT4,COMPRA,244,442.1602,6.2234,2026-08-10 11:40:44,2026-08-10 11:40:44,2026-08-10 11:40:44
216173,2388,DMTZ8,COMPRA,130,137.2536,2.3250,2026-08-10 11:20:31,2026-08-10 11:20:34,2026-08-10 11:20:34
216174,2271,FIUW1,COMPRA,300,87.4349,10.1542,2026-08-10 13:36:26,2026-08-10 13:36:29,2026-08-10 13:36:29
216175,1881,TBWG2,COMPRA,225,99.9408,7.5061,2026-08-10 14:20:39,2026-08-10 14:20:41,2026-08-10 14:20:41
216176,3007,WXFC8,COMPRA,220,94.6897,5.4938,2026-08-10 10:25:22,2026-08-10 10:25:22,2026-08-10 10:25:22
216177,2923,NHYK8,COMPRA,27,53.6154,10.4545,2026-08-10 13:09:53,2026-08-10 13:09:56,2026-08-10 13:09:56
216178,1777,DEGN5,COMPRA,5,85.3047,10.5250,2026-08-10 14:50:43,2026-08-10 14:50:46,2026-08-10 14:50:46
216179,2256,RYPL6,COMPRA,5,94.3936,3.0565,2026-08-10 16:18:07,2026-08-10 16:18:10,2026-08-10 16:18:10
216180,2251,NWGB4,COMPRA,225,146.7369,1.5290,2026-08-10 12:41:23,2026-08-10 12:41:23,2026-08-10 12:41:23
216181,3033,NAOF3,COMPRA,295,78.3222,11.8734,2026-08-10 10:29:10,2026-08-10 10:29:10,2026-08-10 10:29:10
216182,1342,LCCH9,COMPRA,230,8.6740,12.4133,2026-08-10 11:44:32,2026-08-10 11:44:35,2026-08-10 11:44:35
216183,1363,KHGP6,COMPRA,240,81.5480,8.6986,2026-08-10 15:54:34,2026-08-10 15:54:36,2026-08-10 15:54:36
216184,3333,DFGR7,COMPRA,40,90.6208,4.3139,2026-08-10 17:02:00,2026-08-10 17:02:03,2026-08-10 17:02:03
216185,2312,UVEY5,COMPRA,25,107.0600,10.8853,2026-08-10 12:41:10,2026-08-10 12:41:11,2026-08-10 12:41:11
216186,1616,UFMA7,COMPRA,465,145.0137,9.4040,2026-08-10 13:04:42,2026-08-10 13:04:44,2026-08-10 13:04:44
216187,2220,YCCK8,COMPRA,370,464.0607,0.5324,2026-08-10 17:02:30,2026-08-10 17:02:32,2026-08-10 17:02:32
216188,2909,HVEX2,COMPRA,80,163.3421,6.2326,2026-08-10 13:39:24,2026-08-10 13:39:26,2026-08-10 13:39:26
216189,1419,IWAK1,COMPRA,155,63.4608,5.4728,2026-08-10 16:09:40,2026-08-10 16:09:40,2026-08-10 16:09:40
216190,2234,IPXK2,COMPRA,485,321.3663,10.4134,2026-08-10 10:21:14,2026-08-10 10:21:14,2026-08-10 10:21:14
216191,2908,JDJG6,COMPRA,270,67.0911,4.6817,2026-08-10 12:48:32,2026-08-10 12:48:34,2026-08-10 12:48:34
216192,2292,GFDF2,COMPRA,240,100.1238,10.3582,2026-08-10 15:06:54,2026-08-10 15:06:56,2026-08-10 15:06:56
216193,3453,KHGP6,COMPRA,220,93.5571,5.6508,2026-08-10 15:14:06,2026-08-10 15:14:07,2026-08-10 15:14:07
216194,2139,GKQC5,COMPRA,185,120.8432,2.0169,2026-08-10 10:38:34,2026-08-10 10:38:37,2026-08-10 10:38:37
216195,1559,DHRM5,COMPRA,140,376.9593,10.2356,2026-08-10 13:51:18,2026-08-10 13:51:20,2026-08-10 13:51:20
216196,3148,RHXV4,COMPRA,155,68.1097,9.5372,2026-08-10 12:04:58,2026-08-10 12:04:59,2026-08-10 12:04:59
216197,1075,HJRH5,COMPRA,120,149.2098,11.8728,2026-08-10 14:32:15,2026-08-10 14:32:17,2026-08-10 14:32:17
216198,3507,CQJZ4,COMPRA,379,91.9824,10.4846,2026-08-10 12:45:13,2026-08-10 12:45:14,2026-08-10 12:45:14
216199,1700,OXVD8,VENDA,295,73.2881,7.4500,2026-08-10 15:41:10,2026-08-10 15:41:10,2026-08-10 15:41:10
216200,2566,QATW7,COMPRA,115,51.6271,11.1989,2026-08-10 14:00:20,2026-08-10 14:00:21,2026-08-10 14:00:21
216201,3482,QTDZ2,COMPRA,400,60.6657,9.8138,2026-08-10 13:59:07,2026-08-10 13:59:09,2026-08-10 13:59:09
216202,1631,NREP8,COMPRA,45,101.1978,6.8933,2026-08-10 11:31:49,2026-08-10 11:31:49,2026-08-10 11:31:49
216203,1879,ZAAS7,COMPRA,195,406.5899,4.5653,2026-08-10 15:34:16,2026-08-10 15:34:16,2026-08-10 15:34:16
216204,1368,ZHTL2,COMPRA,109,76.5682,9.0219,2026-08-10 10:19:20,2026-08-10 10:19:20,2026-08-10 10:19:20
216205,2812,EEYY9,COMPRA,235,195.8663,5.8162,2026-08-10 13:04:00,2026-08-10 13:04:00,2026-08-10 13:04:00
216206,2328,XLZM9,COMPRA,34,41.6794,6.2211,2026-08-10 14:23:42,2026-08-10 14:23:44,2026-08-10 14:23:44
216207,2193,QTDZ2,COMPRA,429,56.8213,1.4248,2026-08-10 14:59:07,2026-08-10 14:59:09,2026-08-10 14:59:09
216208,1750,TTHO3,COMPRA,245,41.2923,1.5805,2026-08-10 13:06:29,2026-08-10 13:06:30,2026-08-10 13:06:30
216209,2581,JIPR4,COMPRA,125,30.3263,6.9217,2026-08-10 15:41:21,2026-08-10 15:41:24,2026-08-10 15:41:24
216210,2266,RYPL6,COMPRA,420,72.2362,0.8175,2026-08-10 14:39:16,2026-08-10 14:39:17,2026-08-10 14:39:17
216211,3355,NWGB4,COMPRA,350,98.9978,4.6088,2026-08-10 15:32:39,2026-08-10 15:32:40,2026-08-10 15:32:40
216212,1592,PQUT9,COMPRA,170,67.9976,2.8172,2026-08-10 11:19:38,2026-08-10 11:19:39,2026-08-10 11:19:39
216213,2575,UCHR6,COMPRA,104,407.2889,5.4836,2026-08-10 11:29:28,2026-08-10 11:29:31,2026-08-10 11:29:31
216214,3233,UQJU7,COMPRA,235,82.0366,7.2871,2026-08-10 14:53:36,2026-08-10 14:53:36,2026-08-10 14:53:36
216215,3395,YFAH5,COMPRA,295,157.3395,1.0447,2026-08-10 11:25:01,2026-08-10 11:25:02,2026-08-10 11:25:02
216216,2878,GFDF2,VENDA,24,79.8337,9.0485,2026-08-10 16:34:12,2026-08-10 16:34:14,2026-08-10 16:34:14
216217,2282,NPEM3,COMPRA,395,104.2062,10.0583,2026-08-10 14:11:27,2026-08-10 14:11:28,2026-08-10 14:11:28
216218,2819,CQJZ4,COMPRA,50,95.7612,8.2624,2026-08-10 16:52:07,2026-08-10 16:52:10,2026-08-10 16:52:10
216219,1584,AAUA7,COMPRA,480,153.5695,8.2838,2026-08-10 14:40:36,2026-08-10 14:40:36,2026-08-10 14:40:36
216220,2255,XPVA7,VENDA,65,439.7203,2.4116,2026-08-10 16:19:19,2026-08-10 16:19:19,2026-08-10 16:19:19
216221,2039,ECQD7,COMPRA,125,101.7043,12.4943,2026-08-10 11:48:48,2026-08-10 11:48:51,2026-08-10 11:48:51
216222,1470,UQIQ7,COMPRA,400,85.8570,3.3240,2026-08-10 11:55:37,2026-08-10 11:55:38,2026-08-10 11:55:38
216223,2604,YYLA4,COMPRA,79,164.9773,5.4796,2026-08-10 16:50:21,2026-08-10 16:50:21,2026-08-10 16:50:21
216224,2690,YRWH3,COMPRA,500,172.8083,3.3247,2026-08-10 13:54:38,2026-08-10 13:54:41,2026-08-10 13:54:41
216225,2773,CQJZ4,COMPRA,330,96.6902,12.0470,2026-08-10 16:05:02,2026-08-10 16:05:05,2026-08-10 16:05:05
216226,1176,DEGN5,COMPRA,155,103.3997,1.4928,2026-08-10 10:30:57,2026-08-10 10:30:58,2026-08-10 10:30:58
216227,2899,UQIQ7,COMPRA,360,93.6835,3.1741,2026-08-10 10:32:57,2026-08-10 10:32:58,2026-08-10 10:32:58
216228,1901,ZYVN7,COMPRA,230,65.7224,8.8440,2026-08-10 15:00:07,2026-08-10 15:00:08,2026-08-10 15:00:08
216229,2009,OVUQ2,COMPRA,500,51.0193,5.1669,2026-08-10 14:36:54,2026-08-10 14:36:56,2026-08-10 14:36:56
216230,1290,ZAAS7,COMPRA,135,409.9593,5.3008,2026-08-10 10:14:33,2026-08-10 10:14:36,2026-08-10 10:14:36
216231,2053,DFGR7,COMPRA,115,110.1237,5.1105,2026-08-10 11:10:28,2026-08-10 11:10:29,2026-08-10 11:10:29
216232,1972,MCMT2,COMPRA,61,107.1742,4.4330,2026-08-10 13:34:06,2026-08-10 13:34:07,2026-08-10 13:34:07
216233,2673,UFMA7,COMPRA,105,160.5896,2.9310,2026-08-10 14:45:05,2026-08-10 14:45:07,2026-08-10 14:45:07
216234,2149,GFDF2,COMPRA,275,67.7034,8.2015,2026-08-10 16:06:58,2026-08-10 16:06:59,2026-08-10 16:06:59
216235,2533,RHXV4,COMPRA,330,49.0074,11.7066,2026-08-10 13:20:18,2026-08-10 13:20:20,2026-08-10 13:20:20
216236,1338,OXVD8,COMPRA,155,93.5821,3.1167,2026-08-10 10:32:38,2026-08-10 10:32:38,2026-08-10 10:32:38
216237,3104,WXFC8,COMPRA,380,67.4000,1.9241,2026-08-10 13:56:58,2026-08-10 13:57:01,2026-08-10 13:57:01
216238,1944,WIPB2,COMPRA,44,84.9713,10.5807,2026-08-10 16:31:05,2026-08-10 16:31:05,2026-08-10 16:31:05
216239,3403,QYBV3,COMPRA,190,60.0000,11.1809,2026-08-10 15:01:37,2026-08-10 15:01:40,2026-08-10 15:01:40
216240,2238,DGBT6,COMPRA,200,102.3533,10.3860,2026-08-10 17:12:54,2026-08-10 17:12:55,2026-08-10 17:12:55
216241,2518,DGBT6,COMPRA,275,84.7395,7.5114,2026-08-10 10:15:17,2026-08-10 10:15:20,2026-08-10 10:15:20
216242,3440,LQML9,COMPRA,290,115.8504,5.9228,2026-08-10 13:11:15,2026-08-10 13:11:18,2026-08-10 13:11:18
216243,1888,MCMT2,COMPRA,495,105.2141,8.3746,2026-08-10 17:28:10,2026-08-10 17:28:12,2026-08-10 17:28:12
216244,2529,NGIU9,COMPRA,315,94.9563,1.3869,2026-08-10 14:18:45,2026-08-10 14:18:45,2026-08-10 14:18:45
216245,1922,SRDU1,COMPRA,220,87.3287,6.8434,2026-08-10 14:06:53,2026-08-10 14:06:54,2026-08-10 14:06:54
216246,2032,DEGN5,COMPRA,215,100.5053,0.8531,2026-08-10 16:21:00,2026-08-10 16:21:02,2026-08-10 16:21:02
216247,1849,BXFJ9,COMPRA,420,131.5380,1.2510,2026-08-10 16:26:50,2026-08-10 16:26:50,2026-08-10 16:26:50
216248,2135,JUDG8,COMPRA,60,101.9882,6.6152,2026-08-10 15:09:35,2026-08-10 15:09:36,2026-08-10 15:09:36
216249,2438,MGRR2,COMPRA,81,123.0122,8.2720,2026-08-10 16:44:12,2026-08-10 16:44:15,2026-08-10 16:44:15
216250,1222,RYPL6,COMPRA,135,87.1506,8.6773,2026-08-10 10:46:34,2026-08-10 10:46:35,2026-08-10 10:46:35
216251,2634,QQQS1,COMPRA,250,23.5035,3.9839,2026-08-10 14:23:30,2026-08-10 14:23:30,2026-08-10 14:23:30
216252,2463,RFNS7,COMPRA,265,87.4249,2.7742,2026-08-10 12:41:57,2026-08-10 12:41:57,2026-08-10 12:41:57
216253,2966,FIUW1,COMPRA,30,88.6476,12.6275,2026-08-10 10:46:39,2026-08-10 10:46:42,2026-08-10 10:46:42
216254,1532,PBZM6,COMPRA,435,52.1867,1.7774,2026-08-10 13:15:36,2026-08-10 13:15:39,2026-08-10 13:15:39
216255,2874,XTVW5,COMPRA,437,106.2064,2.8840,2026-08-10 16:07:38,2026-08-10 16:07:38,2026-08-10 16:07:38
216256,1603,MJDL9,COMPRA,35,32.9052,0.3470,2026-08-10 15:04:05,2026-08-10 15:04:08,2026-08-10 15:04:08
216257,2051,DQSN6,VENDA,205,129.6317,2.4569,2026-08-10 10:10:04,2026-08-10 10:10:05,2026-08-10 10:10:05
216258,1726,SRDU1,COMPRA,10,106.8777,12.3605,2026-08-10 17:26:10,2026-08-10 17:26:13,2026-08-10 17:26:13
216259,2504,JIPA6,VENDA,360,43.8602,2.7949,2026-08-10 12:46:43,2026-08-10 12:46:44,2026-08-10 12:46:44
216260,2916,UVEY5,COMPRA,265,105.6227,5.9381,2026-08-10 16:41:05,2026-08-10 16:41:06,2026-08-10 16:41:06
216261,2809,JIPR4,COMPRA,155,31.2990,3.6261,2026-08-10 14:56:10,2026-08-10 14:56:10,2026-08-10 14:56:10
216262,1367,XPVA7,COMPRA,490,560.1907,11.4801,2026-08-10 13:59:07,2026-08-10 13:59:10,2026-08-10 13:59:10
216263,3327,NGIU9,COMPRA,470,112.3492,11.6559,2026-08-10 15:01:51,2026-08-10 15:01:53,2026-08-10 15:01:53
216264,1174,WXFC8,COMPRA,370,90.7777,5.0893,2026-08-10 11:48:04,2026-08-10 11:48:06,2026-08-10 11:48:06
216265,3422,SGBG8,COMPRA,470,75.7233,,2026-08-10 14:38:30,2026-08-10 14:38:33,2026-08-10 14:38:33
216266,3164,MGRR2,COMPRA,85,125.6146,11.3029,2026-08-10 10:13:59,2026-08-10 10:14:00,2026-08-10 10:14:00
216267,2591,BXFJ9,COMPRA,160,184.0936,9.7048,2026-08-10 13:42:25,2026-08-10 13:42:28,2026-08-10 13:42:28
216268,1165,GAKD5,COMPRA,215,251.1415,7.7694,2026-08-10 12:39:44,2026-08-10 12:39:47,2026-08-10 12:39:47
216269,1980,QEUC2,VENDA,270,146.7780,0.8112,2026-08-10 15:53:06,2026-08-10 15:53:06,2026-08-10 15:53:06
216270,1412,NYGT6,VENDA,175,113.8297,7.5972,2026-08-10 11:35:44,2026-08-10 11:35:45,2026-08-10 11:35:45
216271,3434,DHRM5,COMPRA,210,345.5506,10.4428,2026-08-10 12:03:11,2026-08-10 12:03:14,2026-08-10 12:03:14
216272,1643,OVYL9,COMPRA,395,60.0000,5.1539,2026-08-10 10:39:54,2026-08-10 10:39:56,2026-08-10 10:39:56
216273,1853,DMTZ8,COMPRA,369,206.5081,3.2607,2026-08-10 10:02:56,2026-08-10 10:02:58,2026-08-10 10:02:58
216274,1514,FIUW1,COMPRA,90,104.5159,7.1948,2026-08-10 15:44:05,2026-08-10 15:44:06,2026-08-10 15:44:06
216275,2686,NYGT6,COMPRA,146,85.6168,6.2900,2026-08-10 10:17:43,2026-08-10 10:17:46,2026-08-10 10:17:46
216276,3074,ZFBT3,COMPRA,90,117.7349,4.0587,2026-08-10 10:19:11,2026-08-10 10:19:13,2026-08-10 10:19:13
216277,2717,ENRZ2,COMPRA,98,109.2824,12.1935,2026-08-10 11:01:43,2026-08-10 11:01:44,2026-08-10 11:01:44
216278,1007,FRGH8,COMPRA,288,89.6802,1.3653,2026-08-10 10:18:51,2026-08-10 10:18:53,2026-08-10 10:18:53
216279,3087,BXFJ9,COMPRA,15,152.3178,7.6918,2026-08-10 17:21:43,2026-08-10 17:21:43,2026-08-10 17:21:43
216280,1157,RHXV4,COMPRA,165,73.4650,10.0239,2026-08-10 13:40:26,2026-08-10 13:40:29,2026-08-10 13:40:29
216281,2024,JUDG8,COMPRA,20,89.3693,4.6671,2026-08-10 17:15:40,2026-08-10 17:15:40,2026-08-10 17:15:40
216282,2394,VLEB3,COMPRA,425,351.6359,12.2489,2026-08-10 17:22:19,2026-08-10 17:22:21,2026-08-10 17:22:21
216283,3258,HCLJ8,COMPRA,60,126.3218,9.0884,2026-08-10 14:23:26,2026-08-10 14:23:26,2026-08-10 14:23:26
216284,1637,QQQS1,COMPRA,295,23.7644,0.5797,2026-08-10 17:11:33,2026-08-10 17:11:35,2026-08-10 17:11:35
216285,3226,FIUW1,COMPRA,70,128.8812,0.7339,2026-08-10 11:11:03,2026-08-10 11:11:06,2026-08-10 11:11:06
216286,2778,IWAK1,COMPRA,70,85.7558,10.5080,2026-08-10 15:29:59,2026-08-10 15:30:01,2026-08-10 15:30:01
216287,1275,UQJU7,COMPRA,435,73.0538,11.2490,2026-08-10 10:58:34,2026-08-10 10:58:37,2026-08-10 10:58:37
216288,1248,IWAK1,COMPRA,35,87.4913,11.7741,2026-08-10 16:12:22,2026-08-10 16:12:25,2026-08-10 16:12:25
216289,2671,HCLJ8,COMPRA,66,118.1743,8.4224,2026-08-10 10:14:28,2026-08-10 10:14:30,2026-08-10 10:14:30
216290,2601,RHXV4,VENDA,85,66.1021,2.5742,2026-08-10 12:12:55,2026-08-10 12:12:58,2026-08-10 12:12:58
216291,2746,JUDG8,COMPRA,350,93.0812,8.5811,2026-08-10 12:34:34,2026-08-10 12:34:34,2026-08-10 12:34:34
216292,3023,WXFC8,COMPRA,405,97.0952,1.6989,2026-08-10 11:20:18,2026-08-10 11:20:21,2026-08-10 11:20:21
216293,2860,BGNM6,COMPRA,155,82.4613,9.2066,2026-08-10 17:07:13,2026-08-10 17:07:14,2026-08-10 17:07:14
216294,1519,ACSV1,COMPRA,191,118.4773,3.8491,2026-08-10 12:17:01,2026-08-10 12:17:02,2026-08-10 12:17:02
216295,1450,MWVU7,COMPRA,134,83.5104,1.5616,2026-08-10 10:27:52,2026-08-10 10:27:52,2026-08-10 10:27:52
216296,1428,DSFC9,COMPRA,200,460.5637,5.5704,2026-08-10 11:47:08,2026-08-10 11:47:09,2026-08-10 11:47:09
216297,2554,AAWB3,COMPRA,290,181.1237,8.9572,2026-08-10 10:17:31,2026-08-10 10:17:34,2026-08-10 10:17:34
216298,3095,GKQC5,COMPRA,358,130.9238,4.3477,2026-08-10 13:42:22,2026-08-10 13:42:22,2026-08-10 13:42:22
216299,3523,IJJK3,COMPRA,35,130.0354,7.7255,2026-08-10 11:25:22,2026-08-10 11:25:25,2026-08-10 11:25:25
216300,2353,ECQD7,COMPRA,130,104.9508,0.4192,2026-08-10 14:19:43,2026-08-10 14:19:43,2026-08-10 14:19:43
216301,2727,GAKD5,COMPRA,310,311.2416,9.9536,2026-08-10 10:29:31,2026-08-10 10:29:32,2026-08-10 10:29:32
216302,2009,ICSU4,COMPRA,430,160.6363,11.5408,2026-08-10 15:55:33,2026-08-10 15:55:36,2026-08-10 15:55:36
216303,1170,JJVW6,COMPRA,390,160.0810,11.4850,2026-08-10 12:47:08,2026-08-10 12:47:09,2026-08-10 12:47:09
216304,2962,RFNS7,COMPRA,170,91.3228,0.8229,2026-08-10 12:49:18,2026-08-10 12:49:19,2026-08-10 12:49:19
216305,2345,RHXV4,COMPRA,8,68.1496,0.2731,2026-08-10 13:47:01,2026-08-10 13:47:01,2026-08-10 13:47:01
216306,2583,KQEO3,COMPRA,124,60.4415,1.9100,2026-08-10 12:49:12,2026-08-10 12:49:15,2026-08-10 12:49:15
216307,2251,MCHX2,COMPRA,430,122.8968,10.5823,2026-08-10 14:17:38,2026-08-10 14:17:38,2026-08-10 14:17:38
216308,3488,RMRT1,COMPRA,375,83.1783,3.3800,2026-08-10 11:26:48,2026-08-10 11:26:48,2026-08-10 11:26:48
216309,3033,HCLJ8,COMPRA,490,112.8186,9.2008,2026-08-10 10:40:14,2026-08-10 10:40:17,2026-08-10 10:40:17
216310,1535,ECQD7,COMPRA,355,94.9660,11.9960,2026-08-10 11:44:43,2026-08-10 11:44:43,2026-08-10 11:44:43
216311,3419,IWFI1,COMPRA,365,127.2463,5.9168,2026-08-10 10:26:05,2026-08-10 10:26:06,2026-08-10 10:26:06
216312,2431,PZUP8,COMPRA,190,184.4721,1.4216,2026-08-10 10:07:42,2026-08-10 10:07:43,2026-08-10 10:07:43
216313,1034,JDJG6,COMPRA,435,57.1682,1.8457,2026-08-10 15:57:53,2026-08-10 15:57:53,2026-08-10 15:57:53
216314,3414,QEUC2,COMPRA,135,165.8299,1.6824,2026-08-10 12:24:22,2026-08-10 12:24:23,2026-08-10 12:24:23
216315,1681,PZUP8,COMPRA,115,160.3895,5.4570,2026-08-10 10:34:46,2026-08-10 10:34:48,2026-08-10 10:34:48
216316,1061,HJRH5,COMPRA,455,141.4664,11.9558,2026-08-10 12:07:08,2026-08-10 12:07:08,2026-08-10 12:07:08
216317,3100,ENRZ2,COMPRA,470,113.4158,10.2113,2026-08-10 10:05:12,2026-08-10 10:05:12,2026-08-10 10:05:12
216318,2290,WIPB2,COMPRA,45,134.0744,1.9510,2026-08-10 10:31:20,2026-08-10 10:31:21,2026-08-10 10:31:21
216319,3038,SVOZ4,COMPRA,495,52.8720,8.5384,2026-08-10 10:30:37,2026-08-10 10:30:40,2026-08-10 10:30:40
216320,2694,NHYK8,COMPRA,451,77.4603,5.4773,2026-08-10 10:57:37,2026-08-10 10:57:38,2026-08-10 10:57:38
216321,1426,QEUC2,COMPRA,400,130.7288,1.3138,2026-08-10 17:22:05,2026-08-10 17:22:05,2026-08-10 17:22:05
216322,1561,NPEM3,COMPRA,145,117.4509,9.2609,2026-08-10 12:51:44,2026-08-10 12:51:45,2026-08-10 12:51:45
216323,3232,SGBG8,COMPRA,175,84.3133,1.6952,2026-08-10 14:34:05,2026-08-10 14:34:06,2026-08-10 14:34:06
216324,1758,UQIQ7,COMPRA,250,73.2494,12.3459,2026-08-10 14:30:24,2026-08-10 14:30:27,2026-08-10 14:30:27
216325,3272,DGBT6,COMPRA,25,80.1194,1.4488,2026-08-10 13:46:23,2026-08-10 13:46:26,2026-08-10 13:46:26
216326,2409,YCCK8,COMPRA,69,319.1518,8.2989,2026-08-10 17:06:51,2026-08-10 17:06:54,2026-08-10 17:06:54
216327,1180,YCCK8,COMPRA,480,384.1411,0.7492,2026-08-10 16:43:10,2026-08-10 16:43:11,2026-08-10 16:43:11
216328,2308,ZHTL2,COMPRA,225,73.1840,9.0552,2026-08-10 13:49:18,2026-08-10 13:49:18,2026-08-10 13:49:18
216329,2626,LCCH9,COMPRA,235,10.0627,10.7857,2026-08-10 14:18:06,2026-08-10 14:18:06,2026-08-10 14:18:06
216330,3507,DQSN6,COMPRA,125,138.8359,9.3730,2026-08-10 10:02:59,2026-08-10 10:03:00,2026-08-10 10:03:00
216331,1604,HCZM2,COMPRA,395,482.8799,9.4962,2026-08-10 12:07:45,2026-08-10 12:07:46,2026-08-10 12:07:46
216332,1277,DSFC9,COMPRA,250,505.9280,7.7445,2026-08-10 16:27:36,2026-08-10 16:27:37,2026-08-10 16:27:37
216333,1935,IWAK1,COMPRA,350,97.0258,2.9783,2026-08-10 14:24:53,2026-08-10 14:24:54,2026-08-10 14:24:54
216334,2306,ACSV1,COMPRA,155,113.3217,5.5694,2026-08-10 16:21:27,2026-08-10 16:21:27,2026-08-10 16:21:27
216335,1043,ZYVN7,COMPRA,165,87.7124,1.3583,2026-08-10 16:05:28,2026-08-10 16:05:31,2026-08-10 16:05:31
216336,1119,ZAAS7,COMPRA,300,446.8418,10.5142,2026-08-10 14:41:42,2026-08-10 14:41:45,2026-08-10 14:41:45
216337,2595,TVCE9,COMPRA,430,75.3713,11.7179,2026-08-10 10:59:22,2026-08-10 10:59:22,2026-08-10 10:59:22
216338,3340,YCCK8,COMPRA,420,498.9507,12.8090,2026-08-10 16:56:13,2026-08-10 16:56:15,2026-08-10 16:56:15
216339,3341,NAOF3,COMPRA,80,65.9577,6.5907,2026-08-10 14:11:25,2026-08-10 14:11:27,2026-08-10 14:11:27
216340,1258,KHGP6,COMPRA,230,103.2116,0.5133,2026-08-10 14:30:53,2026-08-10 14:30:56,2026-08-10 14:30:56
216341,1187,HJRH5,COMPRA,470,129.4192,11.6390,2026-08-10 11:39:32,2026-08-10 11:39:34,2026-08-10 11:39:34
216342,2862,QTHQ1,COMPRA,180,23.9850,2.3656,2026-08-10 12:27:43,2026-08-10 12:27:43,2026-08-10 12:27:43
216343,3072,QHFL8,COMPRA,175,162.4341,5.5672,2026-08-10 12:35:46,2026-08-10 12:35:47,2026-08-10 12:35:47
216344,3303,DQSN6,COMPRA,80,124.8481,3.5258,2026-08-10 12:41:32,2026-08-10 12:41:32,2026-08-10 12:41:32
216345,1526,WXFC8,COMPRA,270,83.9985,1.9742,2026-08-10 16:24:40,2026-08-10 16:24:40,2026-08-10 16:24:40
216346,3281,RDOA3,VENDA,40,89.9118,4.8292,2026-08-10 14:39:59,2026-08-10 14:40:00,2026-08-10 14:40:00
216347,3184,UFMA7,COMPRA,290,134.7569,6.1244,2026-08-10 11:19:03,2026-08-10 11:19:03,2026-08-10 11:19:03
216348,1238,BSDJ7,COMPRA,38,243.1988,4.9181,2026-08-10 16:02:53,2026-08-10 16:02:55,2026-08-10 16:02:55
216349,1027,UQIQ7,COMPRA,320,91.1359,6.1226,2026-08-10 12:24:34,2026-08-10 12:24:37,2026-08-10 12:24:37
216350,1955,LIEG8,COMPRA,10,86.6380,2.0035,2026-08-10 15:51:21,2026-08-10 15:51:21,2026-08-10 15:51:21
216351,3161,OVUQ2,COMPRA,255,55.4745,6.1559,2026-08-10 13:15:57,2026-08-10 13:16:00,2026-08-10 13:16:00
216352,3515,KQEO3,COMPRA,335,90.9738,6.3705,2026-08-10 15:56:49,2026-08-10 15:56:52,2026-08-10 15:56:52
216353,3389,IWAK1,COMPRA,70,68.9261,4.6885,2026-08-10 12:11:38,2026-08-10 12:11:41,2026-08-10 12:11:41
216354,1622,AYFQ2,COMPRA,135,13.9070,9.1404,2026-08-10 16:29:11,2026-08-10 16:29:14,2026-08-10 16:29:14
216355,1567,DQSN6,COMPRA,205,149.8392,6.0623,2026-08-10 12:08:02,2026-08-10 12:08:02,2026-08-10 12:08:02
216356,1128,SUZL4,COMPRA,310,130.2173,8.7413,2026-08-10 14:01:03,2026-08-10 14:01:05,2026-08-10 14:01:05
216357,3213,BSDJ7,COMPRA,90,255.3921,9.3864,2026-08-10 13:25:03,2026-08-10 13:25:03,2026-08-10 13:25:03
216358,3377,NYGT6,COMPRA,120,89.7020,0.1552,2026-08-10 10:10:08,2026-08-10 10:10:08,2026-08-10 10:10:08
216359,3034,DFGR7,COMPRA,475,112.6116,4.5065,2026-08-10 12:17:25,2026-08-10 12:17:28,2026-08-10 12:17:28
216360,1305,AYFQ2,COMPRA,448,14.1249,6.9660,2026-08-10 14:53:11,2026-08-10 14:53:11,2026-08-10 14:53:11
216361,1631,IWFI1,COMPRA,195,130.4658,11.0531,2026-08-10 14:42:53,2026-08-10 14:42:53,2026-08-10 14:42:53
216362,1014,HJRH5,COMPRA,425,121.0182,8.3521,2026-08-10 12:57:19,2026-08-10 12:57:20,2026-08-10 12:57:20
216363,1780,DHRM5,COMPRA,410,374.9185,9.7638,2026-08-10 15:08:43,2026-08-10 15:08:46,2026-08-10 15:08:46
216364,2557,MOLF3,COMPRA,254,65.2330,3.0816,2026-08-10 14:52:47,2026-08-10 14:52:47,2026-08-10 14:52:47
216365,1509,HCZM2,COMPRA,160,534.5177,4.7606,2026-08-10 10:44:38,2026-08-10 10:44:38,2026-08-10 10:44:38
216366,2051,QYBV3,COMPRA,200,80.1375,7.8971,2026-08-10 17:10:25,2026-08-10 17:10:28,2026-08-10 17:10:28
216367,1806,MGRR2,COMPRA,164,125.3233,10.1694,2026-08-10 10:16:19,2026-08-10 10:16:20,2026-08-10 10:16:20
216368,1577,WMQZ6,COMPRA,155,78.5332,8.7798,2026-08-10 12:05:53,2026-08-10 12:05:54,2026-08-10 12:05:54
216369,3313,IWAK1,COMPRA,15,62.5947,9.1537,2026-08-10 16:45:01,2026-08-10 16:45:01,2026-08-10 16:45:01
216370,2109,HVEX2,COMPRA,360,111.1547,10.3432,2026-08-10 15:05:21,2026-08-10 15:05:21,2026-08-10 15:05:21
216371,2480,DHRM5,COMPRA,218,319.3602,3.6817,2026-08-10 15:11:43,2026-08-10 15:11:43,2026-08-10 15:11:43
216372,2534,FIUW1,COMPRA,30,111.7823,9.6158,2026-08-10 15:48:27,2026-08-10 15:48:27,2026-08-10 15:48:27
216373,2486,QHFL8,COMPRA,340,176.5714,4.4742,2026-08-10 16:33:00,2026-08-10 16:33:02,2026-08-10 16:33:02
216374,2419,NREP8,COMPRA,385,119.5327,2.7497,2026-08-10 16:06:02,2026-08-10 16:06:05,2026-08-10 16:06:05
216375,1459,DQSN6,COMPRA,465,126.2175,1.2258,2026-08-10 14:24:13,2026-08-10 14:24:14,2026-08-10 14:24:14
216376,3252,EEYY9,COMPRA,160,125.5653,11.1201,2026-08-10 12:46:38,2026-08-10 12:46:41,2026-08-10 12:46:41
216377,2554,XOVY4,COMPRA,425,97.0256,5.1823,2026-08-10 14:42:49,2026-08-10 14:42:52,2026-08-10 14:42:52
216378,1472,CQIL9,COMPRA,157,43.0213,9.6367,2026-08-10 10:47:45,2026-08-10 10:47:45,2026-08-10 10:47:45
216379,2844,AAUA7,COMPRA,224,167.3944,5.0194,2026-08-10 16:54:10,2026-08-10 16:54:11,2026-08-10 16:54:11
216380,1555,ENRZ2,VENDA,70,88.4844,3.9697,2026-08-10 12:46:12,2026-08-10 12:46:12,2026-08-10 12:46:12
216381,2791,PQUT9,VENDA,170,70.2961,10.9059,2026-08-10 11:03:05,2026-08-10 11:03:07,2026-08-10 11:03:07
216382,3513,OXVD8,COMPRA,370,84.1907,7.2916,2026-08-10 16:14:01,2026-08-10 16:14:02,2026-08-10 16:14:02
216383,2083,XLZM9,COMPRA,460,64.0444,12.8596,2026-08-10 14:33:11,2026-08-10 14:33:14,2026-08-10 14:33:14
216384,1001,RFNS7,COMPRA,445,72.4772,9.8208,2026-08-10 15:56:50,2026-08-10 15:56:53,2026-08-10 15:56:53
216385,2018,FYZB6,COMPRA,130,52.3796,8.5216,2026-08-10 10:14:54,2026-08-10 10:14:57,2026-08-10 10:14:57
216386,1990,XAVL3,COMPRA,125,151.2016,6.3722,2026-08-10 14:35:03,2026-08-10 14:35:04,2026-08-10 14:35:04
216387,1978,IWFI1,COMPRA,212,128.6791,11.1100,2026-08-10 13:46:48,2026-08-10 13:46:48,2026-08-10 13:46:48
216388,1270,NAOF3,COMPRA,20,67.1465,2.5815,2026-08-10 11:40:53,2026-08-10 11:40:53,2026-08-10 11:40:53
216389,3252,DSFC9,COMPRA,132,386.8576,2.1002,2026-08-10 15:42:37,2026-08-10 15:42:40,2026-08-10 15:42:40
216390,1158,RDOA3,COMPRA,200,100.9682,11.9615,2026-08-10 11:06:05,2026-08-10 11:06:05,2026-08-10 11:06:05
216391,1605,UYFJ9,COMPRA,222,78.6222,3.0387,2026-08-10 15:13:13,2026-08-10 15:13:16,2026-08-10 15:13:16
216392,1407,XTVW5,COMPRA,410,95.1465,11.8282,2026-08-10 14:32:41,2026-08-10 14:32:43,2026-08-10 14:32:43
216393,1294,XTVW5,COMPRA,65,99.8516,12.0608,2026-08-10 16:53:57,2026-08-10 16:53:59,2026-08-10 16:53:59
216394,2346,SRDU1,COMPRA,335,100.2676,11.8354,2026-08-10 17:11:54,2026-08-10 17:11:54,2026-08-10 17:11:54
216395,3120,BSDJ7,COMPRA,5,183.8563,5.8924,2026-08-10 14:15:05,2026-08-10 14:15:07,2026-08-10 14:15:07
216396,1513,DQSN6,COMPRA,388,129.0089,4.1300,2026-08-10 16:24:13,2026-08-10 16:24:13,2026-08-10 16:24:13
216397,3136,TTHO3,COMPRA,130,42.6548,11.8931,2026-08-10 17:24:53,2026-08-10 17:24:54,2026-08-10 17:24:54
216398,3227,MGRR2,COMPRA,190,116.7306,1.7534,2026-08-10 13:35:45,2026-08-10 13:35:48,2026-08-10 13:35:48
216399,1482,JUDG8,COMPRA,265,100.9915,11.2022,2026-08-10 12:18:54,2026-08-10 12:18:56,2026-08-10 12:18:56
216400,2888,MOLF3,COMPRA,150,61.7694,1.8757,2026-08-10 16:15:31,2026-08-10 16:15:34,2026-08-10 16:15:34
216401,1047,QQQS1,COMPRA,480,27.0723,1.3144,2026-08-10 12:58:56,2026-08-10 12:58:59,2026-08-10 12:58:59
216402,2940,LCCH9,COMPRA,243,7.9597,6.0723,2026-08-10 11:39:35,2026-08-10 11:39:36,2026-08-10 11:39:36
216403,3197,EEYY9,COMPRA,445,123.2680,0.5932,2026-08-10 12:00:28,2026-08-10 12:00:29,2026-08-10 12:00:29
216404,1782,NPEM3,COMPRA,265,94.7296,4.9238,2026-08-10 14:14:36,2026-08-10 14:14:37,2026-08-10 14:14:37
216405,1900,YIHC3,COMPRA,7,47.2884,2.8114,2026-08-10 15:36:01,2026-08-10 15:36:02,2026-08-10 15:36:02
216406,2279,RIET5,COMPRA,70,149.4209,7.4179,2026-08-10 11:32:46,2026-08-10 11:32:47,2026-08-10 11:32:47
216407,2263,QQQS1,COMPRA,467,23.9844,0.2056,2026-08-10 16:17:50,2026-08-10 16:17:53,2026-08-10 16:17:53
216408,3479,AYFQ2,COMPRA,150,9.9307,5.0297,2026-08-10 14:23:17,2026-08-10 14:23:18,2026-08-10 14:23:18
216409,2616,JJVW6,COMPRA,195,153.6636,8.4815,2026-08-10 10:58:50,2026-08-10 10:58:50,2026-08-10 10:58:50
216410,1633,QYBV3,COMPRA,215,60.0000,12.4940,2026-08-10 16:21:42,2026-08-10 16:21:45,2026-08-10 16:21:45
216411,2822,RIET5,COMPRA,160,177.1123,4.1586,2026-08-10 16:41:28,2026-08-10 16:41:31,2026-08-10 16:41:31
216412,2117,VLEB3,COMPRA,185,424.3098,6.6940,2026-08-10 17:16:57,2026-08-10 17:16:59,2026-08-10 17:16:59
216413,3260,DGBT6,COMPRA,150,99.9355,9.5322,2026-08-10 11:30:03,2026-08-10 11:30:04,2026-08-10 11:30:04
216414,2082,ENRZ2,COMPRA,80,110.5474,12.2337,2026-08-10 13:55:21,2026-08-10 13:55:22,2026-08-10 13:55:22
216415,3443,UQIQ7,COMPRA,480,64.9918,,2026-08-10 16:04:01,2026-08-10 16:04:02,2026-08-10 16:04:02
216416,2893,KQEO3,COMPRA,250,77.4139,0.7700,2026-08-10 10:18:37,2026-08-10 10:18:37,2026-08-10 10:18:37
216417,1267,NWGB4,COMPRA,60,113.4266,,2026-08-10 12:26:57,2026-08-10 12:27:00,2026-08-10 12:27:00
216418,1847,TTHO3,COMPRA,107,33.5905,6.7282,2026-08-10 16:17:11,2026-08-10 16:17:14,2026-08-10 16:17:14
216419,2982,QYBV3,COMPRA,35,64.7588,3.3716,2026-08-10 17:15:45,2026-08-10 17:15:45,2026-08-10 17:15:45
216420,1038,QQQS1,COMPRA,465,28.4816,7.9833,2026-08-10 15:26:18,2026-08-10 15:26:20,2026-08-10 15:26:20
216421,2997,TTHO3,COMPRA,345,41.1183,4.2005,2026-08-10 15:46:12,2026-08-10 15:46:13,2026-08-10 15:46:13
216422,2566,WMQZ6,COMPRA,190,89.2968,1.1053,2026-08-10 17:18:22,2026-08-10 17:18:25,2026-08-10 17:18:25
216423,1095,DSFC9,COMPRA,210,510.2228,0.0100,2026-08-10 10:26:44,2026-08-10 10:26:45,2026-08-10 10:26:45
216424,1471,TVCE9,COMPRA,495,74.4512,1.2870,2026-08-10 15:15:32,2026-08-10 15:15:35,2026-08-10 15:15:35
216425,1187,KFSY2,COMPRA,295,108.3128,3.0060,2026-08-10 16:38:53,2026-08-10 16:38:55,2026-08-10 16:38:55
216426,2870,JDJG6,COMPRA,460,59.7897,10.5943,2026-08-10 11:25:15,2026-08-10 11:25:18,2026-08-10 11:25:18
216427,2917,ZAAS7,COMPRA,50,420.8314,1.9140,2026-08-10 11:14:30,2026-08-10 11:14:32,2026-08-10 11:14:32
216428,1480,DQSN6,COMPRA,440,149.2226,6.6104,2026-08-10 15:04:56,2026-08-10 15:04:59,2026-08-10 15:04:59
216429,2747,UQIQ7,COMPRA,98,65.8514,2.8491,2026-08-10 14:53:51,2026-08-10 14:53:54,2026-08-10 14:53:54
216430,3338,NGIU9,COMPRA,500,117.5575,0.5892,2026-08-10 14:21:18,2026-08-10 14:21:21,2026-08-10 14:21:21
216431,3405,UVEY5,COMPRA,175,79.6432,4.6337,2026-08-10 13:13:25,2026-08-10 13:13:27,2026-08-10 13:13:27
216432,2918,IWAK1,COMPRA,30,97.5628,5.1467,2026-08-10 10:47:41,2026-08-10 10:47:44,2026-08-10 10:47:44
216433,1945,NQYT3,COMPRA,265,66.5175,7.9400,2026-08-10 12:33:25,2026-08-10 12:33:26,2026-08-10 12:33:26
216434,2110,FIUW1,COMPRA,272,95.3996,8.4830,2026-08-10 13:03:24,2026-08-10 13:03:26,2026-08-10 13:03:26
216435,2882,QHFL8,COMPRA,253,176.7787,12.5218,2026-08-10 11:24:44,2026-08-10 11:24:47,2026-08-10 11:24:47
216436,2982,LGKU6,COMPRA,120,79.6373,7.0003,2026-08-10 10:05:21,2026-08-10 10:05:24,2026-08-10 10:05:24
216437,1319,MCHX2,COMPRA,165,107.3595,7.9640,2026-08-10 16:27:30,2026-08-10 16:27:31,2026-08-10 16:27:31
216438,1592,QATW7,COMPRA,320,44.1615,9.0978,2026-08-10 12:59:13,2026-08-10 12:59:16,2026-08-10 12:59:16
216439,3097,KFSY2,COMPRA,385,131.8643,12.2540,2026-08-10 13:31:04,2026-08-10 13:31:07,2026-08-10 13:31:07
216440,3159,NPEM3,COMPRA,355,77.6424,5.9566,2026-08-10 13:13:00,2026-08-10 13:13:03,2026-08-10 13:13:03
216441,2909,UQIQ7,COMPRA,295,89.3312,7.7017,2026-08-10 16:59:12,2026-08-10 16:59:14,2026-08-10 16:59:14
216442,1742,NGIU9,COMPRA,110,131.5480,11.1920,2026-08-10 13:51:49,2026-08-10 13:51:52,2026-08-10 13:51:52
216443,1464,LQML9,COMPRA,256,121.4868,4.5139,2026-08-10 10:13:09,2026-08-10 10:13:12,2026-08-10 10:13:12
216444,1390,JUDG8,COMPRA,410,86.6854,9.9231,2026-08-10 13:13:18,2026-08-10 13:13:21,2026-08-10 13:13:21
216445,1875,RHXV4,COMPRA,90,59.3617,8.4945,2026-08-10 11:35:02,2026-08-10 11:35:03,2026-08-10 11:35:03
216446,3327,UFMA7,COMPRA,378,153.0746,4.0519,2026-08-10 16:09:37,2026-08-10 16:09:37,2026-08-10 16:09:37
216447,2863,MCMT2,COMPRA,485,106.7152,12.8930,2026-08-10 11:20:12,2026-08-10 11:20:13,2026-08-10 11:20:13
216448,2974,RIET5,COMPRA,10,173.0274,4.8929,2026-08-10 12:07:35,2026-08-10 12:07:35,2026-08-10 12:07:35
216449,1173,BXFJ9,VENDA,85,143.4146,,2026-08-10 15:17:29,2026-08-10 15:17:29,2026-08-10 15:17:29
216450,2985,FIUW1,VENDA,300,99.5092,0.6218,2026-08-10 12:03:58,2026-08-10 12:04:00,2026-08-10 12:04:00
216451,1696,OXVD8,COMPRA,80,77.3130,8.5718,2026-08-10 15:08:13,2026-08-10 15:08:13,2026-08-10 15:08:13
216452,1723,HCLJ8,COMPRA,145,115.9398,9.8108,2026-08-10 11:53:01,2026-08-10 11:53:01,2026-08-10 11:53:01
216453,3488,EEYY9,COMPRA,395,172.8706,11.0584,2026-08-10 16:32:50,2026-08-10 16:32:51,2026-08-10 16:32:51
216454,2953,FYZB6,COMPRA,110,62.2537,0.1803,2026-08-10 12:04:17,2026-08-10 12:04:17,2026-08-10 12:04:17
216455,3280,RYPL6,COMPRA,375,92.5571,0.5318,2026-08-10 15:24:30,2026-08-10 15:24:32,2026-08-10 15:24:32
216456,1178,DMTZ8,COMPRA,420,193.5260,9.0278,2026-08-10 14:23:22,2026-08-10 14:23:22,2026-08-10 14:23:22
216457,1104,LCCH9,COMPRA,150,10.1273,8.8356,2026-08-10 14:26:14,2026-08-10 14:26:15,2026-08-10 14:26:15
216458,1855,PBZM6,COMPRA,125,71.9933,5.0104,2026-08-10 15:56:26,2026-08-10 15:56:26,2026-08-10 15:56:26
216459,3512,GFDF2,COMPRA,410,68.8365,5.4114,2026-08-10 10:29:51,2026-08-10 10:29:51,2026-08-10 10:29:51
216460,3319,QQQS1,COMPRA,140,23.2252,2.0173,2026-08-10 12:45:38,2026-08-10 12:45:41,2026-08-10 12:45:41
216461,1734,RYPL6,COMPRA,250,104.1442,0.8858,2026-08-10 16:22:03,2026-08-10 16:22:04,2026-08-10 16:22:04
216462,2423,KFSY2,COMPRA,25,135.1537,8.0037,2026-08-10 12:34:35,2026-08-10 12:34:36,2026-08-10 12:34:36
216463,1072,NQYT3,COMPRA,375,50.0739,4.2853,2026-08-10 12:08:29,2026-08-10 12:08:31,2026-08-10 12:08:31
216464,2678,WXFC8,COMPRA,75,73.2758,6.6305,2026-08-10 13:30:10,2026-08-10 13:30:12,2026-08-10 13:30:12
216465,2759,WXQM6,COMPRA,16,54.6110,7.5593,2026-08-10 16:51:24,2026-08-10 16:51:27,2026-08-10 16:51:27
216466,2048,AYFQ2,COMPRA,250,11.9649,4.6560,2026-08-10 13:00:19,2026-08-10 13:00:21,2026-08-10 13:00:21
216467,1882,ENRZ2,VENDA,50,105.3932,11.7589,2026-08-10 11:58:10,2026-08-10 11:58:13,2026-08-10 11:58:13
216468,3114,UQIQ7,COMPRA,250,86.8473,11.4306,2026-08-10 17:19:28,2026-08-10 17:19:30,2026-08-10 17:19:30
216469,2105,GFDF2,COMPRA,389,76.9804,6.9704,2026-08-10 11:26:16,2026-08-10 11:26:16,2026-08-10 11:26:16
216470,2555,RMRT1,COMPRA,130,81.2333,2.3112,2026-08-10 15:27:47,2026-08-10 15:27:50,2026-08-10 15:27:50
216471,1145,YYLA4,COMPRA,480,232.5703,10.2239,2026-08-10 14:20:01,2026-08-10 14:20:01,2026-08-10 14:20:01
216472,1063,KFSY2,COMPRA,325,85.3673,2.7524,2026-08-10 10:37:36,2026-08-10 10:37:37,2026-08-10 10:37:37
216473,3120,IWFI1,COMPRA,210,163.7638,2.3768,2026-08-10 11:48:53,2026-08-10 11:48:54,2026-08-10 11:48:54
216474,1887,RFNS7,COMPRA,235,87.5999,2.4838,2026-08-10 15:18:31,2026-08-10 15:18:31,2026-08-10 15:18:31
216475,1582,BGNM6,COMPRA,125,119.7411,1.8042,2026-08-10 16:44:01,2026-08-10 16:44:01,2026-08-10 16:44:01
216476,2293,QYBV3,COMPRA,23,60.0000,8.3395,2026-08-10 17:23:04,2026-08-10 17:23:06,2026-08-10 17:23:06
216477,3261,QTDZ2,COMPRA,45,59.8244,5.1036,2026-08-10 13:32:24,2026-08-10 13:32:24,2026-08-10 13:32:24
216478,1875,ZYVN7,COMPRA,145,77.9482,8.8654,2026-08-10 15:18:33,2026-08-10 15:18:35,2026-08-10 15:18:35
216479,1234,NWGB4,COMPRA,360,102.6648,9.5964,2026-08-10 15:43:25,2026-08-10 15:43:25,2026-08-10 15:43:25
216480,1717,ZHTL2,COMPRA,390,61.7996,,2026-08-10 16:34:34,2026-08-10 16:34:35,2026-08-10 16:34:35
216481,3069,OXVD8,COMPRA,90,61.9841,3.1808,2026-08-10 16:09:21,2026-08-10 16:09:22,2026-08-10 16:09:22
216482,1417,XOVY4,COMPRA,400,83.3469,10.6132,2026-08-10 14:19:04,2026-08-10 14:19:07,2026-08-10 14:19:07
216483,2057,TTHO3,COMPRA,155,27.8678,10.8968,2026-08-10 15:33:21,2026-08-10 15:33:21,2026-08-10 15:33:21
216484,3522,PQUT9,COMPRA,140,65.4545,10.5652,2026-08-10 16:04:04,2026-08-10 16:04:04,2026-08-10 16:04:04
216485,2368,SVOZ4,COMPRA,380,50.3134,8.8266,2026-08-10 15:49:17,2026-08-10 15:49:18,2026-08-10 15:49:18
216486,3508,YOWA1,COMPRA,175,56.1688,0.2786,2026-08-10 16:44:39,2026-08-10 16:44:41,2026-08-10 16:44:41
216487,2711,HCZM2,COMPRA,25,472.5120,10.7491,2026-08-10 14:12:30,2026-08-10 14:12:33,2026-08-10 14:12:33
216488,2310,FRGH8,COMPRA,200,63.3293,,2026-08-10 15:34:47,2026-08-10 15:34:49,2026-08-10 15:34:49
216489,2852,FRGH8,COMPRA,360,60.8266,8.8541,2026-08-10 17:30:43,2026-08-10 17:30:45,2026-08-10 17:30:45
216490,2884,NUJZ2,COMPRA,410,37.7707,4.8507,2026-08-10 16:48:24,2026-08-10 16:48:27,2026-08-10 16:48:27
216491,2094,NWGB4,COMPRA,355,150.1300,1.1218,2026-08-10 12:01:34,2026-08-10 12:01:37,2026-08-10 12:01:37
216492,3184,VLEB3,COMPRA,335,410.2620,,2026-08-10 12:49:36,2026-08-10 12:49:39,2026-08-10 12:49:39
216493,2727,DEGN5,COMPRA,355,75.2360,9.9898,2026-08-10 11:47:47,2026-08-10 11:47:48,2026-08-10 11:47:48
216494,2262,MWVU7,COMPRA,370,61.1980,12.2637,2026-08-10 13:42:45,2026-08-10 13:42:48,2026-08-10 13:42:48
216495,2948,SGBG8,COMPRA,150,90.2519,2.0257,2026-08-10 16:01:31,2026-08-10 16:01:32,2026-08-10 16:01:32
216496,1293,HCZM2,COMPRA,130,415.0390,10.7614,2026-08-10 15:59:56,2026-08-10 15:59:57,2026-08-10 15:59:57
216497,1822,QTHQ1,COMPRA,360,17.6560,5.1302,2026-08-10 15:09:51,2026-08-10 15:09:52,2026-08-10 15:09:52
216498,3339,EEYY9,COMPRA,225,153.9538,11.3203,2026-08-10 17:12:37,2026-08-10 17:12:40,2026-08-10 17:12:40
216499,2539,AYFQ2,COMPRA,20,13.6480,5.1041,2026-08-10 13:54:42,2026-08-10 13:54:44,2026-08-10 13:54:44
216500,1560,TVCE9,COMPRA,345,71.5104,11.5140,2026-08-10 10:18:27,2026-08-10 10:18:27,2026-08-10 10:18:27
216501,1568,XPVA7,COMPRA,8,542.3357,7.1077,2026-08-10 15:49:59,2026-08-10 15:50:00,2026-08-10 15:50:00
216502,2167,NWGB4,COMPRA,350,157.4414,1.4410,2026-08-10 17:09:51,2026-08-10 17:09:53,2026-08-10 17:09:53
216503,2383,TXHR8,COMPRA,350,68.7167,2.4309,2026-08-10 12:15:38,2026-08-10 12:15:40,2026-08-10 12:15:40
216504,1010,NQYT3,COMPRA,170,57.1845,12.5299,2026-08-10 13:05:47,2026-08-10 13:05:48,2026-08-10 13:05:48
216505,1141,JIPR4,VENDA,220,30.1772,8.6879,2026-08-10 10:28:47,2026-08-10 10:28:47,2026-08-10 10:28:47
216506,2635,HJRH5,COMPRA,165,143.2632,9.1081,2026-08-10 15:05:11,2026-08-10 15:05:11,2026-08-10 15:05:11
216507,2259,PZUP8,COMPRA,380,119.2295,0.1839,2026-08-10 11:13:12,2026-08-10 11:13:13,2026-08-10 11:13:13
216508,2206,ZAAS7,COMPRA,335,456.4016,2.8719,2026-08-10 12:16:06,2026-08-10 12:16:06,2026-08-10 12:16:06
216509,2493,IWFI1,COMPRA,405,151.6046,11.1275,2026-08-10 12:40:30,2026-08-10 12:40:33,2026-08-10 12:40:33
216510,2150,DMTZ8,COMPRA,395,173.7869,7.6881,2026-08-10 15:20:04,2026-08-10 15:20:06,2026-08-10 15:20:06
216511,2619,WXFC8,COMPRA,155,83.3242,6.8286,2026-08-10 16:01:52,2026-08-10 16:01:53,2026-08-10 16:01:53
216512,3386,FYZB6,COMPRA,130,53.8790,2.4696,2026-08-10 15:21:48,2026-08-10 15:21:48,2026-08-10 15:21:48
216513,3189,DMTZ8,COMPRA,400,167.1120,11.0411,2026-08-10 15:58:06,2026-08-10 15:58:06,2026-08-10 15:58:06
216514,1213,GKQC5,COMPRA,120,105.1747,0.6356,2026-08-10 14:13:00,2026-08-10 14:13:01,2026-08-10 14:13:01
216515,2426,ZYVN7,COMPRA,165,76.0789,12.3713,2026-08-10 13:53:00,2026-08-10 13:53:03,2026-08-10 13:53:03
216516,2973,TNHT4,COMPRA,71,123.7682,4.2265,2026-08-10 17:05:33,2026-08-10 17:05:34,2026-08-10 17:05:34
216517,3149,RYPL6,COMPRA,374,108.5167,10.4230,2026-08-10 16:12:56,2026-08-10 16:12:57,2026-08-10 16:12:57
216518,3406,DSFC9,VENDA,195,522.4267,2.5205,2026-08-10 13:04:53,2026-08-10 13:04:54,2026-08-10 13:04:54
216519,2978,WXFC8,COMPRA,225,87.1792,9.1833,2026-08-10 16:55:05,2026-08-10 16:55:08,2026-08-10 16:55:08
216520,1704,TTHO3,COMPRA,116,33.1949,6.6534,2026-08-10 12:51:03,2026-08-10 12:51:05,2026-08-10 12:51:05
216521,1995,DHRM5,COMPRA,179,346.8532,12.0250,2026-08-10 12:10:28,2026-08-10 12:10:30,2026-08-10 12:10:30
216522,1919,LQML9,COMPRA,190,138.5396,0.6447,2026-08-10 15:59:45,2026-08-10 15:59:46,2026-08-10 15:59:46
216523,3312,QHFL8,COMPRA,245,169.0758,10.1054,2026-08-10 10:09:27,2026-08-10 10:09:30,2026-08-10 10:09:30
216524,1778,ECQD7,COMPRA,220,105.7598,7.0998,2026-08-10 16:40:50,2026-08-10 16:40:53,2026-08-10 16:40:53
216525,1552,GFDF2,COMPRA,345,79.7080,5.6491,2026-08-10 10:28:04,2026-08-10 10:28:04,2026-08-10 10:28:04
216526,2780,XAVL3,COMPRA,150,219.9138,7.5077,2026-08-10 15:52:42,2026-08-10 15:52:43,2026-08-10 15:52:43
216527,3296,DMTZ8,COMPRA,85,203.7049,10.8928,2026-08-10 16:18:57,2026-08-10 16:18:59,2026-08-10 16:18:59
216528,1238,RHXV4,COMPRA,235,73.8296,10.3648,2026-08-10 15:46:56,2026-08-10 15:46:56,2026-08-10 15:46:56
216529,3235,DFGR7,VENDA,200,107.4290,9.8794,2026-08-10 17:02:38,2026-08-10 17:02:40,2026-08-10 17:02:40
216530,3049,RHXV4,COMPRA,340,49.8238,1.6307,2026-08-10 10:00:29,2026-08-10 10:00:30,2026-08-10 10:00:30
216531,1134,JIPA6,COMPRA,323,32.7267,9.7595,2026-08-10 14:14:07,2026-08-10 14:14:07,2026-08-10 14:14:07
216532,1251,NPEM3,COMPRA,113,101.0854,1.0332,2026-08-10 15:03:06,2026-08-10 15:03:08,2026-08-10 15:03:08
216533,1508,RHXV4,VENDA,75,53.0774,8.1626,2026-08-10 11:58:29,2026-08-10 11:58:30,2026-08-10 11:58:30
216534,3026,JUDG8,COMPRA,485,80.0068,7.3771,2026-08-10 12:19:15,2026-08-10 12:19:15,2026-08-10 12:19:15
216535,2885,MOLF3,COMPRA,10,56.5617,12.6624,2026-08-10 16:33:50,2026-08-10 16:33:51,2026-08-10 16:33:51
216536,1224,DEGN5,COMPRA,20,95.7367,8.1857,2026-08-10 11:49:12,2026-08-10 11:49:13,2026-08-10 11:49:13
216537,2809,JIPA6,COMPRA,347,41.9544,7.6028,2026-08-10 16:15:59,2026-08-10 16:16:00,2026-08-10 16:16:00
216538,2543,UCHR6,COMPRA,155,447.7279,10.7881,2026-08-10 11:19:57,2026-08-10 11:19:58,2026-08-10 11:19:58
216539,1693,LGKU6,COMPRA,85,76.4896,10.1433,2026-08-10 11:48:26,2026-08-10 11:48:29,2026-08-10 11:48:29
216540,2454,CQJZ4,COMPRA,480,105.0167,8.5687,2026-08-10 16:51:41,2026-08-10 16:51:42,2026-08-10 16:51:42
216541,3049,CQIL9,COMPRA,390,35.9144,0.2139,2026-08-10 16:40:28,2026-08-10 16:40:31,2026-08-10 16:40:31
216542,3144,BSDJ7,COMPRA,170,241.9726,11.1330,2026-08-10 10:50:32,2026-08-10 10:50:32,2026-08-10 10:50:32
216543,1510,OXVD8,COMPRA,175,83.9102,8.2657,2026-08-10 16:04:21,2026-08-10 16:04:23,2026-08-10 16:04:23
216544,2279,SRDU1,COMPRA,37,87.5000,4.0855,2026-08-10 15:45:20,2026-08-10 15:45:22,2026-08-10 15:45:22
216545,3304,MCMT2,COMPRA,475,85.8469,8.2408,2026-08-10 15:53:47,2026-08-10 15:53:49,2026-08-10 15:53:49
216546,1336,NWGB4,COMPRA,455,116.5102,3.7398,2026-08-10 10:40:02,2026-08-10 10:40:03,2026-08-10 10:40:03
216547,1642,BXFJ9,COMPRA,280,170.7572,0.9215,2026-08-10 10:56:30,2026-08-10 10:56:32,2026-08-10 10:56:32
216548,3370,LGKU6,COMPRA,220,96.3234,1.1634,2026-08-10 12:17:08,2026-08-10 12:17:08,2026-08-10 12:17:08
216549,3036,QQQS1,COMPRA,131,25.5582,5.9136,2026-08-10 10:15:44,2026-08-10 10:15:44,2026-08-10 10:15:44
216550,1816,RSBT4,COMPRA,175,308.7223,10.7461,2026-08-10 16:29:23,2026-08-10 16:29:23,2026-08-10 16:29:23
216551,2984,HCZM2,COMPRA,85,463.5173,2.0356,2026-08-10 11:46:01,2026-08-10 11:46:02,2026-08-10 11:46:02
216552,2389,BOCS8,COMPRA,410,47.8937,2.8679,2026-08-10 10:30:07,2026-08-10 10:30:09,2026-08-10 10:30:09
216553,2029,UVEY5,COMPRA,350,106.4147,5.0172,2026-08-10 13:27:16,2026-08-10 13:27:17,2026-08-10 13:27:17
216554,2934,IJJK3,COMPRA,120,117.1660,12.1377,2026-08-10 14:40:06,2026-08-10 14:40:08,2026-08-10 14:40:08
216555,1658,PSEN6,COMPRA,90,188.4466,2.8541,2026-08-10 12:46:19,2026-08-10 12:46:22,2026-08-10 12:46:22
216556,1741,NGIU9,COMPRA,225,101.2147,9.6037,2026-08-10 16:58:14,2026-08-10 16:58:15,2026-08-10 16:58:15
216557,1752,ZHTL2,COMPRA,463,48.5178,5.8123,2026-08-10 15:26:11,2026-08-10 15:26:11,2026-08-10 15:26:11
216558,3460,BSDJ7,COMPRA,210,243.9489,1.9712,2026-08-10 15:47:09,2026-08-10 15:47:12,2026-08-10 15:47:12
216559,1120,SVOZ4,COMPRA,160,50.7531,4.1110,2026-08-10 12:27:04,2026-08-10 12:27:04,2026-08-10 12:27:04
216560,1931,QATW7,COMPRA,427,43.4403,12.0417,2026-08-10 15:48:49,2026-08-10 15:48:49,2026-08-10 15:48:49
216561,2112,MJDL9,COMPRA,490,30.4275,1.4196,2026-08-10 11:03:44,2026-08-10 11:03:44,2026-08-10 11:03:44
216562,1126,NQYT3,COMPRA,345,49.0289,8.2979,2026-08-10 16:54:15,2026-08-10 16:54:17,2026-08-10 16:54:17
216563,3442,HCZM2,COMPRA,255,405.0935,11.8592,2026-08-10 16:06:08,2026-08-10 16:06:10,2026-08-10 16:06:10
216564,2871,DMTZ8,COMPRA,200,166.6930,8.3600,2026-08-10 14:50:47,2026-08-10 14:50:49,2026-08-10 14:50:49
216565,3014,QHFL8,COMPRA,15,135.1898,2.1002,2026-08-10 14:52:20,2026-08-10 14:52:20,2026-08-10 14:52:20
216566,1597,QEUC2,COMPRA,420,187.5985,0.0798,2026-08-10 12:53:44,2026-08-10 12:53:46,2026-08-10 12:53:46
216567,2669,DFGR7,COMPRA,95,103.1372,1.1702,2026-08-10 12:49:58,2026-08-10 12:50:00,2026-08-10 12:50:00
216568,3298,DHRM5,COMPRA,100,251.1887,3.2019,2026-08-10 15:51:56,2026-08-10 15:51:57,2026-08-10 15:51:57
216569,2399,JDJG6,COMPRA,60,89.7783,4.6433,2026-08-10 12:00:02,2026-08-10 12:00:05,2026-08-10 12:00:05
216570,1773,NQYT3,COMPRA,486,67.5213,1.4284,2026-08-10 11:23:04,2026-08-10 11:23:06,2026-08-10 11:23:06
216571,1996,SVOZ4,COMPRA,15,39.0607,5.6813,2026-08-10 12:34:28,2026-08-10 12:34:31,2026-08-10 12:34:31
216572,2453,QYBV3,COMPRA,265,88.7770,10.5877,2026-08-10 15:45:41,2026-08-10 15:45:41,2026-08-10 15:45:41
216573,1908,DHRM5,COMPRA,250,268.2156,10.8598,2026-08-10 14:44:00,2026-08-10 14:44:00,2026-08-10 14:44:00
216574,1890,XOVY4,COMPRA,400,107.6179,5.7698,2026-08-10 11:16:41,2026-08-10 11:16:44,2026-08-10 11:16:44
216575,3058,JIPA6,COMPRA,225,44.7445,7.0370,2026-08-10 10:58:22,2026-08-10 10:58:22,2026-08-10 10:58:22
216576,2403,JJVW6,COMPRA,20,128.3665,9.5583,2026-08-10 13:33:29,2026-08-10 13:33:32,2026-08-10 13:33:32
216577,2155,NQYT3,COMPRA,395,68.3204,12.2498,2026-08-10 17:09:43,2026-08-10 17:09:44,2026-08-10 17:09:44
216578,1067,TNHT4,COMPRA,285,113.4127,10.9120,2026-08-10 17:26:48,2026-08-10 17:26:48,2026-08-10 17:26:48
216579,1080,QTDZ2,COMPRA,230,39.0637,8.5968,2026-08-10 16:28:04,2026-08-10 16:28:04,2026-08-10 16:28:04
216580,1560,AAWB3,COMPRA,285,151.4481,6.0910,2026-08-10 14:20:53,2026-08-10 14:20:55,2026-08-10 14:20:55
216581,2002,PSEN6,COMPRA,40,199.8007,9.4665,2026-08-10 16:45:01,2026-08-10 16:45:01,2026-08-10 16:45:01
216582,1437,OXVD8,COMPRA,273,64.2648,3.8255,2026-08-10 10:01:35,2026-08-10 10:01:38,2026-08-10 10:01:38
216583,1753,TNHT4,COMPRA,120,146.5758,4.5515,2026-08-10 13:59:30,2026-08-10 13:59:32,2026-08-10 13:59:32
216584,1449,JUDG8,COMPRA,130,84.8649,12.4909,2026-08-10 16:23:59,2026-08-10 16:24:02,2026-08-10 16:24:02
216585,2090,ERTC4,COMPRA,30,39.2960,7.2447,2026-08-10 17:29:59,2026-08-10 17:29:59,2026-08-10 17:29:59
216586,2605,VLEB3,COMPRA,15,406.8629,8.7849,2026-08-10 12:36:18,2026-08-10 12:36:18,2026-08-10 12:36:18
216587,2981,ZAAS7,COMPRA,180,354.9724,1.7459,2026-08-10 15:43:09,2026-08-10 15:43:10,2026-08-10 15:43:10
216588,2204,YIHC3,COMPRA,286,59.4678,7.1451,2026-08-10 13:18:41,2026-08-10 13:18:43,2026-08-10 13:18:43
216589,3124,SRDU1,COMPRA,500,105.9096,,2026-08-10 17:28:58,2026-08-10 17:29:00,2026-08-10 17:29:00
216590,1040,AYFQ2,COMPRA,175,11.3537,6.4857,2026-08-10 11:58:00,2026-08-10 11:58:00,2026-08-10 11:58:00
216591,2748,SGBG8,COMPRA,490,93.1304,9.6403,2026-08-10 11:21:47,2026-08-10 11:21:47,2026-08-10 11:21:47
216592,2461,ZYVN7,COMPRA,48,66.1352,0.2218,2026-08-10 13:07:42,2026-08-10 13:07:42,2026-08-10 13:07:42
216593,1036,NPEM3,COMPRA,195,115.0318,3.5765,2026-08-10 10:42:03,2026-08-10 10:42:06,2026-08-10 10:42:06
216594,2708,UQIQ7,COMPRA,290,78.0878,0.6265,2026-08-10 15:21:40,2026-08-10 15:21:42,2026-08-10 15:21:42
216595,1467,HCZM2,COMPRA,70,488.1900,8.9356,2026-08-10 10:40:21,2026-08-10 10:40:22,2026-08-10 10:40:22
216596,1996,GAKD5,COMPRA,425,221.6573,0.7429,2026-08-10 13:11:26,2026-08-10 13:11:27,2026-08-10 13:11:27
216597,1414,ICSU4,COMPRA,10,125.7330,3.6317,2026-08-10 12:07:39,2026-08-10 12:07:42,2026-08-10 12:07:42
216598,2599,IJJK3,COMPRA,400,130.5860,5.3017,2026-08-10 15:01:32,2026-08-10 15:01:32,2026-08-10 15:01:32
216599,2893,ZYVN7,COMPRA,355,90.3396,2.7792,2026-08-10 11:20:48,2026-08-10 11:20:49,2026-08-10 11:20:49
216600,2202,YYLA4,COMPRA,295,226.7860,2.2417,2026-08-10 14:32:29,2026-08-10 14:32:32,2026-08-10 14:32:32
216601,3082,ZYVN7,COMPRA,130,67.1653,6.2844,2026-08-10 12:50:08,2026-08-10 12:50:11,2026-08-10 12:50:11
216602,1679,WIPB2,COMPRA,95,107.3780,1.3724,2026-08-10 11:44:00,2026-08-10 11:44:01,2026-08-10 11:44:01
216603,1312,RHXV4,COMPRA,165,62.4686,3.6068,2026-08-10 14:55:34,2026-08-10 14:55:37,2026-08-10 14:55:37
216604,2583,HJRH5,COMPRA,25,132.7690,5.2064,2026-08-10 12:08:05,2026-08-10 12:08:07,2026-08-10 12:08:07
216605,1548,BXFJ9,COMPRA,301,131.7228,5.6790,2026-08-10 13:00:42,2026-08-10 13:00:43,2026-08-10 13:00:43
216606,1831,QATW7,COMPRA,435,62.1096,1.2715,2026-08-10 16:10:21,2026-08-10 16:10:23,2026-08-10 16:10:23
216607,2199,NWGB4,COMPRA,475,118.8357,8.4153,2026-08-10 16:25:25,2026-08-10 16:25:27,2026-08-10 16:25:27
216608,2872,YRWH3,COMPRA,35,188.2247,12.7647,2026-08-10 13:05:17,2026-08-10 13:05:18,2026-08-10 13:05:18
216609,1205,IWFI1,COMPRA,190,163.8404,6.5945,2026-08-10 13:26:35,2026-08-10 13:26:38,2026-08-10 13:26:38
216610,1113,MJDL9,COMPRA,485,37.2690,12.0011,2026-08-10 15:48:41,2026-08-10 15:48:42,2026-08-10 15:48:42
216611,3466,JIPA6,COMPRA,399,30.0379,9.2022,2026-08-10 17:18:27,2026-08-10 17:18:27,2026-08-10 17:18:27
216612,1561,NAOF3,COMPRA,330,63.8512,12.5604,2026-08-10 17:00:44,2026-08-10 17:00:44,2026-08-10 17:00:44
216613,2182,GAKD5,COMPRA,70,277.7433,,2026-08-10 16:03:03,2026-08-10 16:03:04,2026-08-10 16:03:04
216614,1811,TVCE9,COMPRA,245,78.4928,6.2410,2026-08-10 11:16:12,2026-08-10 11:16:14,2026-08-10 11:16:14
216615,2783,PQUT9,COMPRA,436,81.9996,6.6717,2026-08-10 17:29:31,2026-08-10 17:29:33,2026-08-10 17:29:33
216616,2789,ERTC4,COMPRA,345,49.7337,7.8098,2026-08-10 13:24:23,2026-08-10 13:24:24,2026-08-10 13:24:24
216617,1485,BOCS8,COMPRA,255,72.7924,8.0794,2026-08-10 14:16:39,2026-08-10 14:16:40,2026-08-10 14:16:40
216618,1088,WXQM6,COMPRA,195,41.5021,0.2455,2026-08-10 15:26:00,2026-08-10 15:26:00,2026-08-10 15:26:00
216619,2535,IZTY4,VENDA,325,31.5499,3.3355,2026-08-10 10:56:47,2026-08-10 10:56:48,2026-08-10 10:56:48
216620,1121,IPXK2,COMPRA,185,270.0562,4.5559,2026-08-10 14:52:59,2026-08-10 14:52:59,2026-08-10 14:52:59
216621,2402,JIPA6,COMPRA,54,29.9171,7.1934,2026-08-10 11:00:38,2026-08-10 11:00:38,2026-08-10 11:00:38
216622,1137,UFMA7,COMPRA,140,193.6434,1.3357,2026-08-10 16:55:45,2026-08-10 16:55:47,2026-08-10 16:55:47
216623,1887,OVUQ2,COMPRA,135,46.2504,11.5695,2026-08-10 13:45:42,2026-08-10 13:45:45,2026-08-10 13:45:45
216624,2499,HCZM2,COMPRA,254,477.1253,9.0284,2026-08-10 13:33:51,2026-08-10 13:33:52,2026-08-10 13:33:52
216625,1652,HVEX2,COMPRA,265,133.6650,9.4767,2026-08-10 16:16:47,2026-08-10 16:16:47,2026-08-10 16:16:47
216626,1279,TNHT4,COMPRA,46,137.2646,5.8621,2026-08-10 11:51:22,2026-08-10 11:51:22,2026-08-10 11:51:22
216627,3482,NYGT6,COMPRA,325,90.2497,8.6813,2026-08-10 12:56:41,2026-08-10 12:56:42,2026-08-10 12:56:42
216628,2732,UYFJ9,COMPRA,310,105.0742,1.8370,2026-08-10 14:48:38,2026-08-10 14:48:41,2026-08-10 14:48:41
216629,2233,ACSV1,COMPRA,318,105.1875,4.0577,2026-08-10 14:52:04,2026-08-10 14:52:05,2026-08-10 14:52:05
216630,3341,NYGT6,COMPRA,90,128.4387,1.1536,2026-08-10 14:39:56,2026-08-10 14:39:58,2026-08-10 14:39:58
216631,1839,WXFC8,COMPRA,420,70.4732,3.2379,2026-08-10 16:58:16,2026-08-10 16:58:18,2026-08-10 16:58:18
216632,1534,HCLJ8,COMPRA,35,120.2445,,2026-08-10 15:59:52,2026-08-10 15:59:55,2026-08-10 15:59:55
216633,1022,QTHQ1,COMPRA,140,25.8696,1.5277,2026-08-10 14:51:26,2026-08-10 14:51:27,2026-08-10 14:51:27
216634,2051,TTHO3,COMPRA,170,38.8088,5.0067,2026-08-10 11:07:05,2026-08-10 11:07:06,2026-08-10 11:07:06
216635,3423,UYFJ9,COMPRA,245,107.0432,9.1543,2026-08-10 10:21:18,2026-08-10 10:21:20,2026-08-10 10:21:20
216636,3114,JIPA6,COMPRA,214,44.4505,3.4873,2026-08-10 12:19:02,2026-08-10 12:19:04,2026-08-10 12:19:04
216637,3066,MOLF3,COMPRA,200,46.9425,7.9565,2026-08-10 12:49:27,2026-08-10 12:49:30,2026-08-10 12:49:30
216638,2717,OXVD8,COMPRA,435,73.7023,12.2896,2026-08-10 14:12:13,2026-08-10 14:12:15,2026-08-10 14:12:15
216639,2655,YIHC3,COMPRA,255,53.7165,1.9331,2026-08-10 12:47:09,2026-08-10 12:47:11,2026-08-10 12:47:11
216640,1865,BSDJ7,COMPRA,455,228.6549,9.4378,2026-08-10 12:22:56,2026-08-10 12:22:57,2026-08-10 12:22:57
216641,1808,FRGH8,COMPRA,220,64.7147,5.4638,2026-08-10 11:36:44,2026-08-10 11:36:46,2026-08-10 11:36:46
216642,1320,RFNS7,COMPRA,450,67.4162,3.7175,2026-08-10 16:36:40,2026-08-10 16:36:40,2026-08-10 16:36:40
216643,2811,NREP8,COMPRA,280,94.5972,5.8685,2026-08-10 15:52:27,2026-08-10 15:52:29,2026-08-10 15:52:29
216644,2064,HCLJ8,COMPRA,403,107.5550,9.0581,2026-08-10 16:18:06,2026-08-10 16:18:08,2026-08-10 16:18:08
216645,1290,ZYVN7,COMPRA,66,88.1619,2.1070,2026-08-10 10:01:48,2026-08-10 10:01:50,2026-08-10 10:01:50
216646,1782,NPEM3,COMPRA,35,117.8455,2.3616,2026-08-10 10:57:15,2026-08-10 10:57:17,2026-08-10 10:57:17
216647,2736,QTHQ1,COMPRA,135,24.1660,9.4064,2026-08-10 15:43:03,2026-08-10 15:43:04,2026-08-10 15:43:04
216648,1521,BOCS8,COMPRA,150,64.8682,10.1541,2026-08-10 12:03:05,2026-08-10 12:03:06,2026-08-10 12:03:06
216649,2174,ZFBT3,COMPRA,395,89.8226,6.9291,2026-08-10 14:28:36,2026-08-10 14:28:37,2026-08-10 14:28:37
216650,1604,DHRM5,COMPRA,90,243.7292,8.3112,2026-08-10 13:55:56,2026-08-10 13:55:56,2026-08-10 13:55:56
216651,3156,OEQA8,COMPRA,170,443.3909,11.5182,2026-08-10 16:48:01,2026-08-10 16:48:03,2026-08-10 16:48:03
216652,1390,RDOA3,COMPRA,371,87.8157,6.7290,2026-08-10 11:28:20,2026-08-10 11:28:20,2026-08-10 11:28:20
216653,2057,NQYT3,COMPRA,170,66.2269,5.0091,2026-08-10 12:12:20,2026-08-10 12:12:21,2026-08-10 12:12:21
216654,2309,NHYK8,COMPRA,475,64.1685,4.4636,2026-08-10 14:31:15,2026-08-10 14:31:16,2026-08-10 14:31:16
216655,2061,SUZL4,COMPRA,375,166.7769,4.9574,2026-08-10 11:50:49,2026-08-10 11:50:49,2026-08-10 11:50:49
216656,2319,SRDU1,COMPRA,242,90.9489,12.1321,2026-08-10 14:33:12,2026-08-10 14:33:15,2026-08-10 14:33:15
216657,1582,RHXV4,COMPRA,435,52.2984,1.8097,2026-08-10 16:52:47,2026-08-10 16:52:50,2026-08-10 16:52:50
216658,3507,KHGP6,COMPRA,45,113.8000,3.5442,2026-08-10 16:54:32,2026-08-10 16:54:33,2026-08-10 16:54:33
216659,2041,NUJZ2,COMPRA,295,34.8122,9.3341,2026-08-10 14:03:16,2026-08-10 14:03:18,2026-08-10 14:03:18
216660,1014,AAWB3,COMPRA,495,157.2463,0.8119,2026-08-10 12:37:04,2026-08-10 12:37:04,2026-08-10 12:37:04
216661,2963,YRWH3,COMPRA,270,233.4522,3.1407,2026-08-10 12:16:13,2026-08-10 12:16:16,2026-08-10 12:16:16
216662,3093,NPEM3,COMPRA,60,86.4348,2.8960,2026-08-10 13:38:31,2026-08-10 13:38:34,2026-08-10 13:38:34
216663,1014,YOWA1,COMPRA,445,59.4490,5.7365,2026-08-10 16:08:19,2026-08-10 16:08:19,2026-08-10 16:08:19
216664,1228,ENRZ2,COMPRA,493,74.6354,6.7654,2026-08-10 16:32:06,2026-08-10 16:32:06,2026-08-10 16:32:06
216665,1079,DMTZ8,COMPRA,85,148.9190,4.6309,2026-08-10 11:14:55,2026-08-10 11:14:58,2026-08-10 11:14:58
216666,3077,JIPA6,COMPRA,140,35.6353,4.9271,2026-08-10 15:20:33,2026-08-10 15:20:33,2026-08-10 15:20:33
216667,1649,NPEM3,COMPRA,60,108.7338,4.2540,2026-08-10 15:27:43,2026-08-10 15:27:45,2026-08-10 15:27:45
216668,1303,VLEB3,COMPRA,180,372.6003,8.1003,2026-08-10 13:00:16,2026-08-10 13:00:16,2026-08-10 13:00:16
216669,3271,JJVW6,COMPRA,163,101.4588,5.3365,2026-08-10 11:48:46,2026-08-10 11:48:48,2026-08-10 11:48:48
216670,2006,BGNM6,COMPRA,125,94.9940,1.8527,2026-08-10 16:51:58,2026-08-10 16:51:58,2026-08-10 16:51:58
216671,2154,RMRT1,COMPRA,175,81.0428,1.5993,2026-08-10 14:17:38,2026-08-10 14:17:41,2026-08-10 14:17:41
216672,3170,AAWB3,COMPRA,350,203.7370,5.2905,2026-08-10 14:26:58,2026-08-10 14:26:58,2026-08-10 14:26:58
216673,3403,RHXV4,COMPRA,130,51.5040,6.0202,2026-08-10 13:49:40,2026-08-10 13:49:42,2026-08-10 13:49:42
216674,1941,CQIL9,COMPRA,432,44.3272,10.2994,2026-08-10 10:52:14,2026-08-10 10:52:14,2026-08-10 10:52:14
216675,1833,TNHT4,COMPRA,347,144.2983,11.9805,2026-08-10 12:34:25,2026-08-10 12:34:27,2026-08-10 12:34:27
216676,2128,UQJU7,VENDA,205,86.3360,1.2295,2026-08-10 11:23:07,2026-08-10 11:23:09,2026-08-10 11:23:09
216677,1536,ACSV1,COMPRA,230,112.9948,11.9765,2026-08-10 16:19:47,2026-08-10 16:19:49,2026-08-10 16:19:49
216678,2387,BSDJ7,COMPRA,455,234.4213,5.3113,2026-08-10 17:25:43,2026-08-10 17:25:46,2026-08-10 17:25:46
216679,1176,HCZM2,COMPRA,70,352.2170,12.7949,2026-08-10 11:37:24,2026-08-10 11:37:24,2026-08-10 11:37:24
216680,1050,RMRT1,COMPRA,280,90.2058,12.6820,2026-08-10 16:26:39,2026-08-10 16:26:42,2026-08-10 16:26:42
216681,1732,BSDJ7,COMPRA,118,228.0181,6.6279,2026-08-10 17:18:59,2026-08-10 17:18:59,2026-08-10 17:18:59
216682,1877,PSEN6,VENDA,60,207.4331,11.9474,2026-08-10 11:04:32,2026-08-10 11:04:34,2026-08-10 11:04:34
216683,3006,UFIU3,COMPRA,295,103.2424,2.0738,2026-08-10 16:00:36,2026-08-10 16:00:37,2026-08-10 16:00:37
216684,1895,RMRT1,COMPRA,140,83.9379,1.6594,2026-08-10 14:30:50,2026-08-10 14:30:50,2026-08-10 14:30:50
216685,1694,EEYY9,COMPRA,261,179.2674,4.7504,2026-08-10 11:56:21,2026-08-10 11:56:24,2026-08-10 11:56:24
216686,1280,HCLJ8,COMPRA,325,100.1034,3.6671,2026-08-10 15:50:40,2026-08-10 15:50:42,2026-08-10 15:50:42
216687,1603,IWFI1,COMPRA,95,203.5553,4.1428,2026-08-10 13:29:31,2026-08-10 13:29:34,2026-08-10 13:29:34
216688,1255,NYGT6,COMPRA,390,103.2283,12.1063,2026-08-10 11:09:28,2026-08-10 11:09:31,2026-08-10 11:09:31
216689,3208,UQJU7,COMPRA,500,90.3846,0.3375,2026-08-10 10:53:50,2026-08-10 10:53:53,2026-08-10 10:53:53
216690,1076,GKQC5,COMPRA,325,138.0960,5.8786,2026-08-10 16:10:57,2026-08-10 16:10:59,2026-08-10 16:10:59
216691,3192,NGIU9,COMPRA,431,95.6092,8.5500,2026-08-10 11:43:19,2026-08-10 11:43:21,2026-08-10 11:43:21
216692,1234,GFDF2,COMPRA,100,84.8435,10.4726,2026-08-10 11:20:18,2026-08-10 11:20:21,2026-08-10 11:20:21
216693,1415,NQYT3,COMPRA,96,64.9197,0.9570,2026-08-10 14:29:04,2026-08-10 14:29:07,2026-08-10 14:29:07
216694,3112,UCHR6,COMPRA,130,445.0499,9.8377,2026-08-10 10:52:52,2026-08-10 10:52:55,2026-08-10 10:52:55
216695,2383,UQJU7,COMPRA,320,60.0000,8.2865,2026-08-10 10:01:25,2026-08-10 10:01:28,2026-08-10 10:01:28
216696,1125,RYPL6,COMPRA,267,75.9237,2.8662,2026-08-10 10:21:54,2026-08-10 10:21:57,2026-08-10 10:21:57
216697,3259,PBZM6,COMPRA,400,59.4413,6.6314,2026-08-10 17:25:11,2026-08-10 17:25:11,2026-08-10 17:25:11
216698,1045,UFMA7,COMPRA,170,127.4998,7.1537,2026-08-10 10:24:41,2026-08-10 10:24:44,2026-08-10 10:24:44
216699,1177,ZAAS7,VENDA,155,366.2184,8.5621,2026-08-10 10:47:41,2026-08-10 10:47:41,2026-08-10 10:47:41
216700,2245,NAOF3,COMPRA,285,73.2953,9.4971,2026-08-10 15:12:01,2026-08-10 15:12:01,2026-08-10 15:12:01
216701,1265,YIHC3,COMPRA,180,52.4904,12.8723,2026-08-10 10:56:16,2026-08-10 10:56:18,2026-08-10 10:56:18
216702,1358,JIPR4,COMPRA,293,30.1107,4.7856,2026-08-10 13:23:52,2026-08-10 13:23:52,2026-08-10 13:23:52
216703,1894,DGBT6,COMPRA,240,74.0368,3.8983,2026-08-10 15:23:39,2026-08-10 15:23:40,2026-08-10 15:23:40
216704,1002,KFSY2,COMPRA,379,124.7224,1.3851,2026-08-10 14:02:55,2026-08-10 14:02:58,2026-08-10 14:02:58
216705,1742,QATW7,COMPRA,500,38.4603,3.5201,2026-08-10 12:05:52,2026-08-10 12:05:55,2026-08-10 12:05:55
216706,1544,MCHX2,COMPRA,255,109.3944,9.8766,2026-08-10 16:30:39,2026-08-10 16:30:40,2026-08-10 16:30:40
216707,2759,QYBV3,COMPRA,218,81.8877,2.0345,2026-08-10 12:56:24,2026-08-10 12:56:25,2026-08-10 12:56:25
216708,3234,OEQA8,COMPRA,485,448.3131,1.5504,2026-08-10 13:26:27,2026-08-10 13:26:28,2026-08-10 13:26:28
216709,1041,QHFL8,COMPRA,460,144.6156,11.4308,2026-08-10 14:30:42,2026-08-10 14:30:42,2026-08-10 14:30:42
216710,1628,SRDU1,COMPRA,465,82.1569,5.9938,2026-08-10 13:47:10,2026-08-10 13:47:12,2026-08-10 13:47:12
216711,1395,BOCS8,COMPRA,125,67.4141,1.8384,2026-08-10 15:48:11,2026-08-10 15:48:12,2026-08-10 15:48:12
216712,3268,NREP8,COMPRA,320,106.7862,12.8603,2026-08-10 13:22:16,2026-08-10 13:22:18,2026-08-10 13:22:18
216713,1415,IZTY4,COMPRA,70,27.1117,6.2717,2026-08-10 11:33:17,2026-08-10 11:33:19,2026-08-10 11:33:19
216714,2604,OEQA8,COMPRA,112,554.7967,11.1569,2026-08-10 16:18:09,2026-08-10 16:18:09,2026-08-10 16:18:09
216715,2985,NPEM3,COMPRA,140,123.4087,4.9927,2026-08-10 16:43:49,2026-08-10 16:43:52,2026-08-10 16:43:52
216716,3212,XLZM9,COMPRA,300,51.6212,5.9089,2026-08-10 17:24:57,2026-08-10 17:24:57,2026-08-10 17:24:57
216717,1483,DGBT6,COMPRA,5,69.5223,3.1254,2026-08-10 13:10:46,2026-08-10 13:10:46,2026-08-10 13:10:46
216718,2847,ENRZ2,COMPRA,160,109.5113,3.3830,2026-08-10 16:03:17,2026-08-10 16:03:18,2026-08-10 16:03:18
216719,2019,NYGT6,COMPRA,375,83.5265,9.2443,2026-08-10 10:38:57,2026-08-10 10:38:58,2026-08-10 10:38:58
216720,1531,ACSV1,COMPRA,270,90.9806,10.9634,2026-08-10 10:55:29,2026-08-10 10:55:30,2026-08-10 10:55:30
216721,1986,KHGP6,COMPRA,196,116.7656,9.6801,2026-08-10 13:25:06,2026-08-10 13:25:06,2026-08-10 13:25:06
216722,2717,SGBG8,COMPRA,390,83.7347,5.9532,2026-08-10 13:12:24,2026-08-10 13:12:24,2026-08-10 13:12:24
216723,1214,SRDU1,COMPRA,105,75.3936,11.4939,2026-08-10 17:07:40,2026-08-10 17:07:42,2026-08-10 17:07:42
216724,1029,HCZM2,COMPRA,65,370.3488,5.4079,2026-08-10 10:14:47,2026-08-10 10:14:49,2026-08-10 10:14:49
216725,1150,EEYY9,COMPRA,255,131.8389,7.8099,2026-08-10 13:41:32,2026-08-10 13:41:32,2026-08-10 13:41:32
216726,2310,QEUC2,COMPRA,50,163.0111,9.2097,2026-08-10 11:51:26,2026-08-10 11:51:28,2026-08-10 11:51:28
216727,3264,DEGN5,VENDA,35,100.3664,11.8801,2026-08-10 10:42:51,2026-08-10 10:42:53,2026-08-10 10:42:53
216728,2769,GULD2,VENDA,360,131.2910,5.5495,2026-08-10 16:59:08,2026-08-10 16:59:10,2026-08-10 16:59:10
216729,3189,PBZM6,COMPRA,300,74.3190,12.5614,2026-08-10 10:43:47,2026-08-10 10:43:47,2026-08-10 10:43:47
216730,2557,RIET5,COMPRA,260,169.9782,6.8157,2026-08-10 15:40:40,2026-08-10 15:40:43,2026-08-10 15:40:43
216731,2314,AAUA7,COMPRA,460,152.5811,5.5517,2026-08-10 15:57:30,2026-08-10 15:57:30,2026-08-10 15:57:30
216732,3383,HJRH5,COMPRA,280,145.5881,4.6679,2026-08-10 12:41:40,2026-08-10 12:41:41,2026-08-10 12:41:41
216733,3110,MCMT2,COMPRA,175,94.9432,9.5924,2026-08-10 14:17:01,2026-08-10 14:17:02,2026-08-10 14:17:02
216734,3466,KQEO3,COMPRA,170,80.3171,11.0354,2026-08-10 15:50:34,2026-08-10 15:50:37,2026-08-10 15:50:37
216735,2735,NGIU9,COMPRA,370,122.9273,11.8225,2026-08-10 10:16:15,2026-08-10 10:16:18,2026-08-10 10:16:18
216736,2598,QQQS1,COMPRA,455,24.3820,10.4927,2026-08-10 13:55:30,2026-08-10 13:55:31,2026-08-10 13:55:31
216737,2968,MJDL9,COMPRA,235,37.5261,12.5816,2026-08-10 11:00:58,2026-08-10 11:00:58,2026-08-10 11:00:58
216738,3191,GAKD5,COMPRA,85,296.9376,1.5360,2026-08-10 15:53:49,2026-08-10 15:53:50,2026-08-10 15:53:50
216739,1980,IWAK1,COMPRA,335,71.2932,10.2787,2026-08-10 10:24:50,2026-08-10 10:24:51,2026-08-10 10:24:51
216740,1366,HCLJ8,COMPRA,225,104.5525,1.4943,2026-08-10 11:10:16,2026-08-10 11:10:18,2026-08-10 11:10:18
216741,2818,MJDL9,VENDA,355,35.4738,7.7568,2026-08-10 12:20:54,2026-08-10 12:20:57,2026-08-10 12:20:57
216742,1319,ZHTL2,COMPRA,150,57.0482,9.1476,2026-08-10 12:55:26,2026-08-10 12:55:26,2026-08-10 12:55:26
216743,2473,YRWH3,COMPRA,150,225.7590,9.4343,2026-08-10 14:48:30,2026-08-10 14:48:33,2026-08-10 14:48:33
216744,3209,HCLJ8,COMPRA,356,131.7707,1.6488,2026-08-10 16:33:02,2026-08-10 16:33:02,2026-08-10 16:33:02
216745,2703,TVCE9,COMPRA,244,71.9407,1.2885,2026-08-10 10:18:41,2026-08-10 10:18:44,2026-08-10 10:18:44
216746,1690,OEQA8,COMPRA,355,500.4524,12.8702,2026-08-10 16:20:41,2026-08-10 16:20:41,2026-08-10 16:20:41
216747,1804,WIPB2,COMPRA,50,111.9487,8.1647,2026-08-10 11:51:29,2026-08-10 11:51:29,2026-08-10 11:51:29
216748,2715,RYPL6,COMPRA,304,103.6612,8.1706,2026-08-10 12:08:55,2026-08-10 12:08:56,2026-08-10 12:08:56
216749,2872,ECQD7,COMPRA,120,71.8200,1.5959,2026-08-10 15:56:49,2026-08-10 15:56:52,2026-08-10 15:56:52
216750,2052,RYPL6,COMPRA,65,102.8534,12.1030,2026-08-10 17:13:22,2026-08-10 17:13:25,2026-08-10 17:13:25
216751,2117,BSDJ7,COMPRA,220,241.5241,2.8924,2026-08-10 14:01:58,2026-08-10 14:02:01,2026-08-10 14:02:01
216752,2842,LQML9,COMPRA,325,126.6268,,2026-08-10 11:36:58,2026-08-10 11:36:59,2026-08-10 11:36:59
216753,1273,WIPB2,COMPRA,120,123.2466,5.9934,2026-08-10 14:07:14,2026-08-10 14:07:15,2026-08-10 14:07:15
216754,1501,SRDU1,COMPRA,195,83.9962,1.5983,2026-08-10 17:28:56,2026-08-10 17:28:56,2026-08-10 17:28:56
216755,1527,PSEN6,COMPRA,245,200.9104,10.5604,2026-08-10 12:35:09,2026-08-10 12:35:10,2026-08-10 12:35:10
216756,2167,ENRZ2,COMPRA,210,111.1214,3.4637,2026-08-10 11:32:57,2026-08-10 11:32:59,2026-08-10 11:32:59
216757,1288,TBWG2,COMPRA,110,69.9376,6.6177,2026-08-10 15:12:20,2026-08-10 15:12:22,2026-08-10 15:12:22
216758,1436,QTHQ1,COMPRA,105,26.4936,6.8599,2026-08-10 12:27:15,2026-08-10 12:27:15,2026-08-10 12:27:15
216759,3256,DEGN5,COMPRA,365,101.3778,6.9333,2026-08-10 11:14:42,2026-08-10 11:14:43,2026-08-10 11:14:43
216760,1577,HCZM2,COMPRA,285,406.7194,11.5193,2026-08-10 14:20:07,2026-08-10 14:20:09,2026-08-10 14:20:09
216761,1599,FIUW1,COMPRA,295,134.9733,3.2291,2026-08-10 13:34:47,2026-08-10 13:34:50,2026-08-10 13:34:50
216762,2988,DHRM5,COMPRA,80,382.9770,3.3336,2026-08-10 16:09:29,2026-08-10 16:09:32,2026-08-10 16:09:32
216763,2115,IJJK3,COMPRA,470,94.3027,10.5726,2026-08-10 10:41:23,2026-08-10 10:41:24,2026-08-10 10:41:24
216764,1154,BGNM6,COMPRA,10,125.9526,8.7991,2026-08-10 14:00:01,2026-08-10 14:00:01,2026-08-10 14:00:01
216765,2695,XTVW5,VENDA,225,80.9222,1.6833,2026-08-10 14:50:26,2026-08-10 14:50:26,2026-08-10 14:50:26
216766,3370,DMTZ8,COMPRA,110,130.7048,7.9305,2026-08-10 13:35:09,2026-08-10 13:35:12,2026-08-10 13:35:12
216767,2533,ZHTL2,COMPRA,140,64.8861,1.3785,2026-08-10 12:01:24,2026-08-10 12:01:27,2026-08-10 12:01:27
216768,1449,RHXV4,COMPRA,35,68.1338,1.4100,2026-08-10 15:29:43,2026-08-10 15:29:43,2026-08-10 15:29:43
216769,2490,IJJK3,COMPRA,219,93.0565,4.7011,2026-08-10 13:44:50,2026-08-10 13:44:52,2026-08-10 13:44:52
216770,2522,FYZB6,VENDA,15,57.5882,7.5237,2026-08-10 13:42:10,2026-08-10 13:42:11,2026-08-10 13:42:11
216771,3479,NHYK8,COMPRA,355,57.4490,2.8651,2026-08-10 14:23:17,2026-08-10 14:23:18,2026-08-10 14:23:18
216772,2684,MCHX2,COMPRA,285,93.5720,7.0462,2026-08-10 12:21:03,2026-08-10 12:21:06,2026-08-10 12:21:06
216773,1060,HJRH5,COMPRA,110,195.1494,11.5044,2026-08-10 10:31:38,2026-08-10 10:31:39,2026-08-10 10:31:39
216774,2540,NHYK8,COMPRA,17,57.0306,7.5145,2026-08-10 13:03:57,2026-08-10 13:03:57,2026-08-10 13:03:57
216775,1191,GKQC5,COMPRA,315,120.5851,11.7603,2026-08-10 16:06:29,2026-08-10 16:06:32,2026-08-10 16:06:32
216776,3218,CQJZ4,COMPRA,370,75.7528,12.3447,2026-08-10 15:14:52,2026-08-10 15:14:53,2026-08-10 15:14:53
216777,1058,WIPB2,COMPRA,490,117.1964,10.6002,2026-08-10 11:31:27,2026-08-10 11:31:28,2026-08-10 11:31:28
216778,2954,NQYT3,COMPRA,264,71.2198,9.5526,2026-08-10 14:34:33,2026-08-10 14:34:35,2026-08-10 14:34:35
216779,1116,SRDU1,COMPRA,50,66.1158,10.7725,2026-08-10 16:51:24,2026-08-10 16:51:26,2026-08-10 16:51:26
216780,2036,RSBT4,COMPRA,150,335.4016,12.6508,2026-08-10 10:12:59,2026-08-10 10:13:00,2026-08-10 10:13:00
216781,1384,FRGH8,COMPRA,285,86.4648,12.4648,2026-08-10 14:51:01,2026-08-10 14:51:02,2026-08-10 14:51:02
216782,1340,DMTZ8,COMPRA,375,131.2950,0.9705,2026-08-10 12:12:31,2026-08-10 12:12:33,2026-08-10 12:12:33
216783,3172,RHXV4,COMPRA,175,75.1306,11.2635,2026-08-10 13:01:43,2026-08-10 13:01:43,2026-08-10 13:01:43
216784,1700,SGBG8,COMPRA,330,76.7517,11.2364,2026-08-10 10:19:29,2026-08-10 10:19:32,2026-08-10 10:19:32
216785,2440,TBWG2,COMPRA,455,98.6018,8.7403,2026-08-10 10:45:36,2026-08-10 10:45:36,2026-08-10 10:45:36
216786,1062,NREP8,COMPRA,425,115.4227,3.0080,2026-08-10 10:14:03,2026-08-10 10:14:05,2026-08-10 10:14:05
216787,1161,ICSU4,COMPRA,60,150.9266,9.0124,2026-08-10 13:02:30,2026-08-10 13:02:31,2026-08-10 13:02:31
216788,3002,UCHR6,COMPRA,90,451.1581,8.5771,2026-08-10 14:07:49,2026-08-10 14:07:50,2026-08-10 14:07:50
216789,2041,UQIQ7,COMPRA,275,94.9805,11.9402,2026-08-10 16:46:45,2026-08-10 16:46:45,2026-08-10 16:46:45
216790,2304,UQJU7,COMPRA,320,80.8747,2.5917,2026-08-10 16:09:32,2026-08-10 16:09:34,2026-08-10 16:09:34
216791,1441,UQJU7,COMPRA,15,65.4639,12.3267,2026-08-10 14:45:22,2026-08-10 14:45:24,2026-08-10 14:45:24
216792,3436,PSEN6,COMPRA,195,237.2305,6.0668,2026-08-10 15:53:28,2026-08-10 15:53:31,2026-08-10 15:53:31
216793,2168,JUDG8,COMPRA,152,71.4263,7.1053,2026-08-10 16:31:47,2026-08-10 16:31:48,2026-08-10 16:31:48
216794,1721,AYFQ2,COMPRA,285,13.0704,7.9451,2026-08-10 13:02:12,2026-08-10 13:02:12,2026-08-10 13:02:12
216795,2245,BXFJ9,COMPRA,175,176.9188,1.9202,2026-08-10 14:51:56,2026-08-10 14:51:57,2026-08-10 14:51:57
216796,2128,JIPA6,COMPRA,490,44.6080,5.3929,2026-08-10 12:01:22,2026-08-10 12:01:24,2026-08-10 12:01:24
216797,1681,ICSU4,COMPRA,500,127.9206,7.9637,2026-08-10 17:09:56,2026-08-10 17:09:57,2026-08-10 17:09:57
216798,3170,TTHO3,COMPRA,55,30.7489,3.5557,2026-08-10 15:49:29,2026-08-10 15:49:31,2026-08-10 15:49:31
216799,3236,YRWH3,COMPRA,340,228.1052,2.4728,2026-08-10 15:30:07,2026-08-10 15:30:07,2026-08-10 15:30:07
216800,1448,GAKD5,COMPRA,475,237.8946,0.7451,2026-08-10 17:04:42,2026-08-10 17:04:43,2026-08-10 17:04:43
216801,2810,WHMT3,COMPRA,230,132.7526,4.0150,2026-08-10 13:03:03,2026-08-10 13:03:05,2026-08-10 13:03:05
216802,3350,YIHC3,COMPRA,210,55.8729,0.9214,2026-08-10 15:40:48,2026-08-10 15:40:51,2026-08-10 15:40:51
216803,1829,IWAK1,COMPRA,25,95.4187,3.0652,2026-08-10 11:15:35,2026-08-10 11:15:37,2026-08-10 11:15:37
216804,1608,CQIL9,COMPRA,435,39.2011,4.8403,2026-08-10 15:23:19,2026-08-10 15:23:21,2026-08-10 15:23:21
216805,1856,PSEN6,COMPRA,460,239.1094,2.5690,2026-08-10 12:33:08,2026-08-10 12:33:08,2026-08-10 12:33:08
216806,2637,TTHO3,COMPRA,465,29.2713,6.2923,2026-08-10 11:59:10,2026-08-10 11:59:10,2026-08-10 11:59:10
216807,2704,BSDJ7,COMPRA,54,209.4538,9.1229,2026-08-10 12:33:02,2026-08-10 12:33:03,2026-08-10 12:33:03
216808,3178,IPXK2,COMPRA,15,293.3325,7.6277,2026-08-10 17:06:03,2026-08-10 17:06:05,2026-08-10 17:06:05
216809,2881,SGBG8,COMPRA,200,66.0083,8.6040,2026-08-10 13:06:39,2026-08-10 13:06:42,2026-08-10 13:06:42
216810,2934,QHFL8,COMPRA,380,173.9223,9.6421,2026-08-10 14:40:49,2026-08-10 14:40:52,2026-08-10 14:40:52
216811,1830,XLZM9,COMPRA,480,65.2299,11.1036,2026-08-10 11:16:10,2026-08-10 11:16:13,2026-08-10 11:16:13
216812,1970,IPXK2,COMPRA,400,237.9649,6.1062,2026-08-10 14:44:21,2026-08-10 14:44:21,2026-08-10 14:44:21
216813,2536,WIPB2,COMPRA,213,86.6670,5.2833,2026-08-10 12:39:25,2026-08-10 12:39:26,2026-08-10 12:39:26
216814,2827,XOVY4,COMPRA,365,92.6813,0.3125,2026-08-10 13:09:45,2026-08-10 13:09:46,2026-08-10 13:09:46
216815,2050,KQEO3,COMPRA,280,82.9415,0.9185,2026-08-10 10:18:19,2026-08-10 10:18:21,2026-08-10 10:18:21
216816,1338,GKQC5,COMPRA,375,115.0040,7.8729,2026-08-10 15:28:53,2026-08-10 15:28:54,2026-08-10 15:28:54
216817,1308,DEGN5,VENDA,233,71.4403,8.2896,2026-08-10 15:52:03,2026-08-10 15:52:03,2026-08-10 15:52:03
216818,2245,DFGR7,COMPRA,175,100.6116,4.4891,2026-08-10 14:10:27,2026-08-10 14:10:28,2026-08-10 14:10:28
216819,2791,HCLJ8,COMPRA,465,123.5669,11.0371,2026-08-10 10:05:32,2026-08-10 10:05:33,2026-08-10 10:05:33
216820,2627,DSFC9,COMPRA,290,481.3966,11.3463,2026-08-10 11:36:43,2026-08-10 11:36:46,2026-08-10 11:36:46
216821,2818,YFAH5,COMPRA,75,127.8001,8.2023,2026-08-10 10:43:19,2026-08-10 10:43:22,2026-08-10 10:43:22
216822,1878,GFDF2,COMPRA,499,81.6079,2.3385,2026-08-10 12:54:51,2026-08-10 12:54:52,2026-08-10 12:54:52
216823,2609,TNHT4,COMPRA,275,106.8916,4.1312,2026-08-10 13:03:20,2026-08-10 13:03:23,2026-08-10 13:03:23
216824,3080,UQJU7,COMPRA,180,67.0753,3.5909,2026-08-10 10:05:46,2026-08-10 10:05:47,2026-08-10 10:05:47
216825,2708,UQJU7,COMPRA,400,81.7597,11.6206,2026-08-10 11:40:16,2026-08-10 11:40:19,2026-08-10 11:40:19
216826,2102,KQEO3,COMPRA,67,71.8027,7.8812,2026-08-10 16:50:50,2026-08-10 16:50:52,2026-08-10 16:50:52
216827,2141,NREP8,COMPRA,355,151.7412,6.7419,2026-08-10 13:02:54,2026-08-10 13:02:55,2026-08-10 13:02:55
216828,2655,RIET5,COMPRA,90,160.8932,12.2480,2026-08-10 15:30:25,2026-08-10 15:30:26,2026-08-10 15:30:26
216829,1482,NUJZ2,COMPRA,400,39.6316,2.8561,2026-08-10 16:33:41,2026-08-10 16:33:44,2026-08-10 16:33:44
216830,1021,KQEO3,COMPRA,135,71.5181,10.6786,2026-08-10 14:00:46,2026-08-10 14:00:46,2026-08-10 14:00:46
216831,1001,RFNS7,COMPRA,228,68.1529,9.5508,2026-08-10 10:44:36,2026-08-10 10:44:37,2026-08-10 10:44:37
216832,1254,FYZB6,COMPRA,385,82.9533,6.9697,2026-08-10 11:04:07,2026-08-10 11:04:08,2026-08-10 11:04:08
216833,1876,XOVY4,COMPRA,270,111.1362,10.3255,2026-08-10 15:13:37,2026-08-10 15:13:40,2026-08-10 15:13:40
216834,3013,DFGR7,COMPRA,5,119.7322,10.1231,2026-08-10 10:53:21,2026-08-10 10:53:23,2026-08-10 10:53:23
216835,1145,IJJK3,COMPRA,300,125.9388,0.8400,2026-08-10 10:01:08,2026-08-10 10:01:08,2026-08-10 10:01:08
216836,1265,GULD2,COMPRA,460,126.9440,9.6787,2026-08-10 10:25:47,2026-08-10 10:25:48,2026-08-10 10:25:48
216837,2836,NHYK8,COMPRA,470,74.6890,9.8177,2026-08-10 17:14:45,2026-08-10 17:14:48,2026-08-10 17:14:48
216838,2829,FIUW1,COMPRA,210,125.9724,0.4088,2026-08-10 14:08:17,2026-08-10 14:08:18,2026-08-10 14:08:18
216839,3308,SGBG8,COMPRA,355,84.7079,12.0687,2026-08-10 17:05:50,2026-08-10 17:05:51,2026-08-10 17:05:51
216840,1097,RMRT1,COMPRA,177,101.7313,10.1533,2026-08-10 11:32:26,2026-08-10 11:32:29,2026-08-10 11:32:29
216841,2899,WHMT3,COMPRA,175,93.0497,9.2695,2026-08-10 10:23:22,2026-08-10 10:23:25,2026-08-10 10:23:25
216842,2692,TNHT4,COMPRA,5,102.6028,7.1821,2026-08-10 12:56:14,2026-08-10 12:56:14,2026-08-10 12:56:14
216843,3031,WXQM6,COMPRA,475,56.0990,9.1220,2026-08-10 15:17:08,2026-08-10 15:17:09,2026-08-10 15:17:09
216844,1231,FYZB6,COMPRA,350,59.4449,5.8921,2026-08-10 10:31:43,2026-08-10 10:31:44,2026-08-10 10:31:44
216845,2936,DMTZ8,COMPRA,55,193.9672,0.1493,2026-08-10 14:28:31,2026-08-10 14:28:31,2026-08-10 14:28:31
216846,3052,DFGR7,COMPRA,440,85.8119,5.7774,2026-08-10 14:43:58,2026-08-10 14:44:01,2026-08-10 14:44:01
216847,2497,KFSY2,COMPRA,15,87.3218,9.5035,2026-08-10 14:32:13,2026-08-10 14:32:13,2026-08-10 14:32:13
216848,2851,DSFC9,COMPRA,85,324.5801,1.5252,2026-08-10 10:18:55,2026-08-10 10:18:56,2026-08-10 10:18:56
216849,2499,OEQA8,COMPRA,225,368.9379,4.3962,2026-08-10 15:08:10,2026-08-10 15:08:11,2026-08-10 15:08:11
216850,3042,SRDU1,COMPRA,83,76.5826,11.6386,2026-08-10 12:39:15,2026-08-10 12:39:16,2026-08-10 12:39:16
216851,3186,NREP8,COMPRA,407,126.6175,6.3387,2026-08-10 11:36:18,2026-08-10 11:36:19,2026-08-10 11:36:19
216852,2751,QTHQ1,COMPRA,460,26.1772,11.9671,2026-08-10 12:13:03,2026-08-10 12:13:04,2026-08-10 12:13:04
216853,3118,MWVU7,COMPRA,295,92.3574,5.3027,2026-08-10 13:05:32,2026-08-10 13:05:34,2026-08-10 13:05:34
216854,3046,FYZB6,COMPRA,350,77.0585,10.9498,2026-08-10 16:36:48,2026-08-10 16:36:51,2026-08-10 16:36:51
216855,2789,MCMT2,COMPRA,304,93.3198,2.2476,2026-08-10 17:08:51,2026-08-10 17:08:53,2026-08-10 17:08:53
216856,2253,KQEO3,VENDA,130,70.6221,7.9795,2026-08-10 14:05:07,2026-08-10 14:05:07,2026-08-10 14:05:07
216857,1659,FRGH8,COMPRA,475,94.8311,8.3785,2026-08-10 14:33:57,2026-08-10 14:33:57,2026-08-10 14:33:57
216858,3324,OVYL9,COMPRA,250,79.8996,2.4258,2026-08-10 14:43:51,2026-08-10 14:43:53,2026-08-10 14:43:53
216859,1428,JIPA6,COMPRA,100,34.8164,9.4687,2026-08-10 16:31:19,2026-08-10 16:31:21,2026-08-10 16:31:21
216860,2897,DQSN6,COMPRA,470,117.7137,2.3477,2026-08-10 17:04:53,2026-08-10 17:04:54,2026-08-10 17:04:54
216861,1303,TVCE9,COMPRA,135,74.1790,8.4245,2026-08-10 16:48:08,2026-08-10 16:48:08,2026-08-10 16:48:08
216862,2470,WHMT3,COMPRA,495,91.5620,10.5916,2026-08-10 10:43:45,2026-08-10 10:43:48,2026-08-10 10:43:48
216863,2292,DHRM5,COMPRA,440,332.9889,8.2840,2026-08-10 13:56:44,2026-08-10 13:56:46,2026-08-10 13:56:46
216864,1210,TBWG2,COMPRA,330,74.7736,9.0906,2026-08-10 15:27:20,2026-08-10 15:27:23,2026-08-10 15:27:23
216865,1936,TXHR8,COMPRA,45,68.7085,2.9110,2026-08-10 15:37:18,2026-08-10 15:37:21,2026-08-10 15:37:21
216866,2203,PBZM6,COMPRA,245,58.7830,12.5277,2026-08-10 17:24:25,2026-08-10 17:24:26,2026-08-10 17:24:26
216867,2004,KQEO3,COMPRA,260,71.6229,9.4803,2026-08-10 14:59:35,2026-08-10 14:59:37,2026-08-10 14:59:37
216868,2209,ACSV1,COMPRA,284,80.5804,12.7246,2026-08-10 15:38:37,2026-08-10 15:38:37,2026-08-10 15:38:37
216869,2876,QATW7,COMPRA,440,57.0665,7.5611,2026-08-10 13:46:56,2026-08-10 13:46:56,2026-08-10 13:46:56
216870,2112,IPXK2,COMPRA,320,266.9831,10.4331,2026-08-10 11:29:23,2026-08-10 11:29:24,2026-08-10 11:29:24
216871,1127,MOLF3,COMPRA,220,64.5537,4.5864,2026-08-10 11:00:08,2026-08-10 11:00:09,2026-08-10 11:00:09
216872,2777,JJVW6,COMPRA,175,121.2950,1.4885,2026-08-10 10:01:12,2026-08-10 10:01:15,2026-08-10 10:01:15
216873,3327,XTVW5,COMPRA,145,118.6693,3.3678,2026-08-10 13:44:05,2026-08-10 13:44:07,2026-08-10 13:44:07
216874,3295,UFMA7,COMPRA,5,169.3854,6.4989,2026-08-10 12:14:19,2026-08-10 12:14:21,2026-08-10 12:14:21
216875,1170,QHFL8,COMPRA,220,160.4969,3.3241,2026-08-10 12:52:22,2026-08-10 12:52:22,2026-08-10 12:52:22
216876,2352,MWVU7,COMPRA,190,60.0000,4.9558,2026-08-10 12:52:40,2026-08-10 12:52:43,2026-08-10 12:52:43
216877,3207,YCCK8,COMPRA,235,419.1085,4.0717,2026-08-10 10:04:14,2026-08-10 10:04:16,2026-08-10 10:04:16
216878,1685,PBZM6,COMPRA,190,60.2843,6.0506,2026-08-10 14:30:50,2026-08-10 14:30:53,2026-08-10 14:30:53
216879,1890,ZHTL2,VENDA,153,66.2627,4.6357,2026-08-10 10:47:14,2026-08-10 10:47:15,2026-08-10 10:47:15
216880,2628,MCMT2,COMPRA,370,89.1389,2.6803,2026-08-10 12:13:24,2026-08-10 12:13:24,2026-08-10 12:13:24
216881,2769,IJJK3,COMPRA,287,122.7104,4.9851,2026-08-10 15:23:59,2026-08-10 15:23:59,2026-08-10 15:23:59
216882,1530,XOVY4,COMPRA,288,87.0296,3.0133,2026-08-10 10:26:17,2026-08-10 10:26:17,2026-08-10 10:26:17
216883,2480,ZFBT3,COMPRA,170,97.6519,7.0191,2026-08-10 11:57:46,2026-08-10 11:57:48,2026-08-10 11:57:48
216884,2527,GKQC5,COMPRA,280,143.6675,2.3088,2026-08-10 12:44:36,2026-08-10 12:44:38,2026-08-10 12:44:38
216885,2532,MGRR2,COMPRA,230,151.7590,4.6443,2026-08-10 11:13:30,2026-08-10 11:13:30,2026-08-10 11:13:30
216886,3123,JJVW6,COMPRA,285,114.9381,9.4165,2026-08-10 12:13:45,2026-08-10 12:13:48,2026-08-10 12:13:48
216887,2663,MJDL9,COMPRA,185,29.3576,6.6549,2026-08-10 14:45:21,2026-08-10 14:45:24,2026-08-10 14:45:24
216888,1187,BOCS8,COMPRA,75,63.8472,3.9063,2026-08-10 16:55:09,2026-08-10 16:55:11,2026-08-10 16:55:11
216889,1345,HJRH5,COMPRA,250,189.3165,1.5970,2026-08-10 13:11:10,2026-08-10 13:11:13,2026-08-10 13:11:13
216890,2919,HCLJ8,COMPRA,420,124.4308,2.0771,2026-08-10 10:13:25,2026-08-10 10:13:28,2026-08-10 10:13:28
216891,2486,SRDU1,COMPRA,235,89.1921,1.2742,2026-08-10 13:46:29,2026-08-10 13:46:32,2026-08-10 13:46:32
216892,2873,UFIU3,COMPRA,180,83.9998,0.8073,2026-08-10 15:30:38,2026-08-10 15:30:38,2026-08-10 15:30:38
216893,1640,MCMT2,COMPRA,340,108.4442,3.9345,2026-08-10 11:21:14,2026-08-10 11:21:17,2026-08-10 11:21:17
216894,1525,DFGR7,COMPRA,490,76.6321,7.7561,2026-08-10 15:33:13,2026-08-10 15:33:16,2026-08-10 15:33:16
216895,2559,SGBG8,COMPRA,240,69.0074,8.1970,2026-08-10 13:36:42,2026-08-10 13:36:43,2026-08-10 13:36:43
216896,3029,AAUA7,COMPRA,197,122.2464,10.2002,2026-08-10 11:13:51,2026-08-10 11:13:53,2026-08-10 11:13:53
216897,3044,SRDU1,COMPRA,150,69.2286,2.4216,2026-08-10 17:19:02,2026-08-10 17:19:04,2026-08-10 17:19:04
216898,1794,NHYK8,COMPRA,310,58.0789,7.6455,2026-08-10 16:47:31,2026-08-10 16:47:33,2026-08-10 16:47:33
216899,2752,FYZB6,COMPRA,335,65.9547,2.7660,2026-08-10 16:31:00,2026-08-10 16:31:00,2026-08-10 16:31:00
216900,2628,DEGN5,COMPRA,425,90.3962,8.0470,2026-08-10 16:55:44,2026-08-10 16:55:46,2026-08-10 16:55:46
216901,2220,HCLJ8,COMPRA,190,120.0729,2.8419,2026-08-10 10:08:22,2026-08-10 10:08:25,2026-08-10 10:08:25
216902,2544,NUJZ2,COMPRA,215,36.2507,0.1510,2026-08-10 15:56:30,2026-08-10 15:56:32,2026-08-10 15:56:32
216903,3306,DQSN6,COMPRA,195,149.7603,3.2112,2026-08-10 14:26:54,2026-08-10 14:26:55,2026-08-10 14:26:55
216904,2809,MCMT2,COMPRA,370,92.5531,9.6704,2026-08-10 12:56:42,2026-08-10 12:56:42,2026-08-10 12:56:42
216905,2867,QEUC2,COMPRA,305,186.6263,0.5232,2026-08-10 14:21:42,2026-08-10 14:21:42,2026-08-10 14:21:42
216906,2569,NWGB4,COMPRA,280,99.3880,1.2845,2026-08-10 13:41:51,2026-08-10 13:41:52,2026-08-10 13:41:52
216907,1258,DHRM5,COMPRA,495,304.5636,8.6946,2026-08-10 15:20:00,2026-08-10 15:20:01,2026-08-10 15:20:01
216908,1807,MGRR2,VENDA,135,148.8690,2.5124,2026-08-10 10:31:22,2026-08-10 10:31:22,2026-08-10 10:31:22
216909,2893,SRDU1,COMPRA,65,64.9343,7.0836,2026-08-10 17:00:59,2026-08-10 17:01:02,2026-08-10 17:01:02
216910,3416,IPXK2,COMPRA,109,254.5476,6.4466,2026-08-10 10:00:22,2026-08-10 10:00:22,2026-08-10 10:00:22
216911,1367,DQSN6,COMPRA,475,155.6179,11.2380,2026-08-10 15:12:21,2026-08-10 15:12:21,2026-08-10 15:12:21
216912,2619,ERTC4,COMPRA,213,58.0171,6.4099,2026-08-10 14:07:22,2026-08-10 14:07:22,2026-08-10 14:07:22
216913,1765,JDJG6,COMPRA,325,87.5222,11.4165,2026-08-10 15:16:41,2026-08-10 15:16:43,2026-08-10 15:16:43
216914,3191,CQIL9,COMPRA,385,29.8178,1.9912,2026-08-10 12:36:00,2026-08-10 12:36:02,2026-08-10 12:36:02
216915,2187,ERTC4,COMPRA,275,56.3930,12.7204,2026-08-10 11:19:57,2026-08-10 11:20:00,2026-08-10 11:20:00
216916,3217,AYFQ2,COMPRA,220,10.0574,1.6326,2026-08-10 14:30:33,2026-08-10 14:30:33,2026-08-10 14:30:33
216917,2027,IWAK1,COMPRA,335,71.4113,3.3581,2026-08-10 10:49:47,2026-08-10 10:49:48,2026-08-10 10:49:48
216918,1742,UQJU7,COMPRA,185,86.0413,11.0789,2026-08-10 14:46:07,2026-08-10 14:46:08,2026-08-10 14:46:08
216919,2738,UQIQ7,COMPRA,335,90.7097,9.0652,2026-08-10 14:24:49,2026-08-10 14:24:50,2026-08-10 14:24:50
216920,1334,UFIU3,COMPRA,115,84.6226,0.8376,2026-08-10 12:21:34,2026-08-10 12:21:35,2026-08-10 12:21:35
216921,1174,SUZL4,COMPRA,201,155.8739,8.9292,2026-08-10 17:09:45,2026-08-10 17:09:45,2026-08-10 17:09:45
216922,3079,PBZM6,COMPRA,373,73.5736,0.5047,2026-08-10 11:19:44,2026-08-10 11:19:44,2026-08-10 11:19:44
216923,3430,YRWH3,COMPRA,485,209.8806,2.7252,2026-08-10 16:52:05,2026-08-10 16:52:05,2026-08-10 16:52:05
216924,3498,SRDU1,COMPRA,150,67.5992,5.0620,2026-08-10 13:09:26,2026-08-10 13:09:29,2026-08-10 13:09:29
216925,2931,PZUP8,COMPRA,95,151.1648,7.1908,2026-08-10 15:04:36,2026-08-10 15:04:36,2026-08-10 15:04:36
216926,2902,WIPB2,COMPRA,475,136.8573,1.0461,2026-08-10 15:32:06,2026-08-10 15:32:09,2026-08-10 15:32:09
216927,1993,LGKU6,COMPRA,190,86.8510,10.7645,2026-08-10 16:35:55,2026-08-10 16:35:57,2026-08-10 16:35:57
216928,2749,MGRR2,COMPRA,110,136.8559,0.6286,2026-08-10 13:27:46,2026-08-10 13:27:46,2026-08-10 13:27:46
216929,1038,NPEM3,COMPRA,310,110.3487,2.4516,2026-08-10 13:57:18,2026-08-10 13:57:18,2026-08-10 13:57:18
216930,3224,OVUQ2,COMPRA,143,39.8012,4.4454,2026-08-10 12:09:56,2026-08-10 12:09:56,2026-08-10 12:09:56
216931,2587,NYGT6,COMPRA,380,124.1158,0.0422,2026-08-10 10:00:22,2026-08-10 10:00:23,2026-08-10 10:00:23
216932,2165,MJDL9,COMPRA,325,40.8088,7.9017,2026-08-10 17:26:37,2026-08-10 17:26:37,2026-08-10 17:26:37
216933,2186,RDOA3,COMPRA,500,76.7013,8.4534,2026-08-10 13:19:50,2026-08-10 13:19:50,2026-08-10 13:19:50
216934,1804,PBZM6,COMPRA,355,70.0040,8.5574,2026-08-10 11:58:12,2026-08-10 11:58:12,2026-08-10 11:58:12
216935,1015,DMTZ8,COMPRA,30,132.4610,11.1324,2026-08-10 11:46:32,2026-08-10 11:46:35,2026-08-10 11:46:35
216936,3122,JJVW6,COMPRA,70,122.1567,12.2742,2026-08-10 15:01:52,2026-08-10 15:01:54,2026-08-10 15:01:54
216937,2710,BGNM6,COMPRA,120,89.8668,0.5023,2026-08-10 17:10:32,2026-08-10 17:10:32,2026-08-10 17:10:32
216938,1859,EEYY9,COMPRA,325,167.0618,3.6842,2026-08-10 14:31:31,2026-08-10 14:31:33,2026-08-10 14:31:33
216939,2399,NPEM3,COMPRA,388,102.2453,12.8621,2026-08-10 13:28:46,2026-08-10 13:28:49,2026-08-10 13:28:49
216940,2914,RIET5,COMPRA,210,125.4334,0.7079,2026-08-10 10:41:11,2026-08-10 10:41:14,2026-08-10 10:41:14
216941,2460,IPXK2,COMPRA,165,330.7447,5.8553,2026-08-10 16:29:22,2026-08-10 16:29:23,2026-08-10 16:29:23
216942,2220,NQYT3,VENDA,70,62.6053,8.7250,2026-08-10 16:03:34,2026-08-10 16:03:36,2026-08-10 16:03:36
216943,2584,XAVL3,COMPRA,415,163.1096,3.0894,2026-08-10 13:30:50,2026-08-10 13:30:51,2026-08-10 13:30:51
216944,1906,YIHC3,COMPRA,365,70.1099,5.2568,2026-08-10 11:48:47,2026-08-10 11:48:50,2026-08-10 11:48:50
216945,1839,MJDL9,COMPRA,290,32.3751,6.4876,2026-08-10 11:13:28,2026-08-10 11:13:30,2026-08-10 11:13:30
216946,3034,QEUC2,COMPRA,175,185.5094,11.4514,2026-08-10 15:24:37,2026-08-10 15:24:38,2026-08-10 15:24:38
216947,1499,MCMT2,COMPRA,125,99.1704,12.3264,2026-08-10 14:19:15,2026-08-10 14:19:16,2026-08-10 14:19:16
216948,1846,XAVL3,COMPRA,315,215.2121,4.8130,2026-08-10 10:57:08,2026-08-10 10:57:08,2026-08-10 10:57:08
216949,1039,RIET5,COMPRA,455,123.2804,8.9841,2026-08-10 13:04:20,2026-08-10 13:04:20,2026-08-10 13:04:20
216950,1640,KFSY2,COMPRA,95,121.9233,2.6894,2026-08-10 13:05:17,2026-08-10 13:05:17,2026-08-10 13:05:17
216951,1228,RSBT4,COMPRA,195,473.0309,10.8534,2026-08-10 14:15:47,2026-08-10 14:15:49,2026-08-10 14:15:49
216952,2498,IPXK2,COMPRA,170,235.9813,10.2290,2026-08-10 13:49:12,2026-08-10 13:49:13,2026-08-10 13:49:13
216953,2438,NYGT6,COMPRA,230,128.1258,10.0431,2026-08-10 10:01:23,2026-08-10 10:01:23,2026-08-10 10:01:23
216954,1955,MJDL9,COMPRA,405,29.9594,1.4254,2026-08-10 11:31:08,2026-08-10 11:31:09,2026-08-10 11:31:09
216955,3400,DHRM5,COMPRA,405,271.0603,8.6769,2026-08-10 15:59:39,2026-08-10 15:59:40,2026-08-10 15:59:40
216956,3017,YCCK8,COMPRA,490,468.7753,11.1388,2026-08-10 17:09:45,2026-08-10 17:09:47,2026-08-10 17:09:47
216957,3347,JIPR4,COMPRA,345,28.3123,2.8759,2026-08-10 16:53:29,2026-08-10 16:53:32,2026-08-10 16:53:32
216958,3029,LIEG8,COMPRA,415,74.2563,1.5338,2026-08-10 12:33:39,2026-08-10 12:33:40,2026-08-10 12:33:40
216959,1248,QTDZ2,COMPRA,485,62.5711,7.4867,2026-08-10 15:03:49,2026-08-10 15:03:51,2026-08-10 15:03:51
216960,2645,LGKU6,COMPRA,155,79.5251,12.7147,2026-08-10 13:07:39,2026-08-10 13:07:41,2026-08-10 13:07:41
216961,2911,NREP8,COMPRA,90,109.4961,10.1496,2026-08-10 11:06:15,2026-08-10 11:06:16,2026-08-10 11:06:16
216962,2046,XAVL3,COMPRA,335,186.0799,10.4714,2026-08-10 10:06:50,2026-08-10 10:06:52,2026-08-10 10:06:52
216963,1779,LQML9,COMPRA,315,174.6132,9.2153,2026-08-10 16:12:21,2026-08-10 16:12:21,2026-08-10 16:12:21
216964,1805,JIPR4,COMPRA,483,30.0666,6.1002,2026-08-10 17:24:41,2026-08-10 17:24:44,2026-08-10 17:24:44
216965,1982,NQYT3,COMPRA,50,56.4813,9.4345,2026-08-10 11:24:48,2026-08-10 11:24:51,2026-08-10 11:24:51
216966,2383,OEQA8,COMPRA,155,420.5513,4.0592,2026-08-10 14:50:21,2026-08-10 14:50:21,2026-08-10 14:50:21
216967,3083,ICSU4,COMPRA,5,170.0600,4.4723,2026-08-10 14:58:08,2026-08-10 14:58:08,2026-08-10 14:58:08
216968,1066,YYLA4,COMPRA,70,196.5640,6.3480,2026-08-10 15:33:41,2026-08-10 15:33:43,2026-08-10 15:33:43
216969,2008,JDJG6,COMPRA,60,80.1831,9.4583,2026-08-10 13:31:01,2026-08-10 13:31:03,2026-08-10 13:31:03
216970,2708,YCCK8,COMPRA,302,309.1462,7.5219,2026-08-10 16:56:00,2026-08-10 16:56:00,2026-08-10 16:56:00
216971,1868,MGRR2,COMPRA,20,157.8358,3.9018,2026-08-10 16:55:57,2026-08-10 16:55:57,2026-08-10 16:55:57
216972,3104,NWGB4,COMPRA,395,146.7745,11.5134,2026-08-10 11:21:34,2026-08-10 11:21:37,2026-08-10 11:21:37
216973,2414,YFAH5,COMPRA,350,151.5997,2.1195,2026-08-10 15:37:42,2026-08-10 15:37:43,2026-08-10 15:37:43
216974,2202,GULD2,COMPRA,31,114.7590,0.4946,2026-08-10 16:14:47,2026-08-10 16:14:49,2026-08-10 16:14:49
216975,1995,RIET5,COMPRA,90,118.2420,12.5490,2026-08-10 16:49:47,2026-08-10 16:49:48,2026-08-10 16:49:48
216976,1905,QEUC2,COMPRA,205,189.8297,7.0895,2026-08-10 12:02:49,2026-08-10 12:02:51,2026-08-10 12:02:51
216977,2484,RIET5,COMPRA,465,145.9923,7.2478,2026-08-10 17:20:16,2026-08-10 17:20:18,2026-08-10 17:20:18
216978,3092,RMRT1,COMPRA,275,119.8908,11.7571,2026-08-10 12:58:49,2026-08-10 12:58:49,2026-08-10 12:58:49
216979,2927,XLZM9,COMPRA,184,50.7524,9.6657,2026-08-10 10:27:04,2026-08-10 10:27:05,2026-08-10 10:27:05
216980,2449,XTVW5,COMPRA,19,130.0477,5.0520,2026-08-10 11:48:08,2026-08-10 11:48:11,2026-08-10 11:48:11
216981,1531,AAWB3,COMPRA,105,164.1300,1.8019,2026-08-10 14:28:20,2026-08-10 14:28:20,2026-08-10 14:28:20
216982,1736,XOVY4,COMPRA,225,107.0941,10.3140,2026-08-10 13:26:44,2026-08-10 13:26:45,2026-08-10 13:26:45
216983,1597,DEGN5,COMPRA,5,75.2942,7.9664,2026-08-10 13:34:18,2026-08-10 13:34:21,2026-08-10 13:34:21
216984,1365,LIEG8,COMPRA,75,94.8566,3.1229,2026-08-10 10:20:35,2026-08-10 10:20:37,2026-08-10 10:20:37
216985,1172,GULD2,COMPRA,327,159.1263,1.8610,2026-08-10 13:46:02,2026-08-10 13:46:04,2026-08-10 13:46:04
216986,2788,SVOZ4,COMPRA,95,36.6339,12.3852,2026-08-10 16:23:27,2026-08-10 16:23:29,2026-08-10 16:23:29
216987,1469,DFGR7,VENDA,60,115.4387,5.8500,2026-08-10 12:42:52,2026-08-10 12:42:55,2026-08-10 12:42:55
216988,1421,PQUT9,COMPRA,185,86.5755,12.4639,2026-08-10 11:00:52,2026-08-10 11:00:52,2026-08-10 11:00:52
216989,3072,NWGB4,VENDA,276,111.1615,9.7908,2026-08-10 11:14:08,2026-08-10 11:14:10,2026-08-10 11:14:10
216990,3442,ACSV1,COMPRA,100,86.2139,12.0315,2026-08-10 14:44:57,2026-08-10 14:44:59,2026-08-10 14:44:59
216991,3467,QQQS1,COMPRA,465,17.3736,,2026-08-10 14:37:27,2026-08-10 14:37:30,2026-08-10 14:37:30
216992,2310,CQJZ4,COMPRA,110,101.1340,8.0611,2026-08-10 15:09:19,2026-08-10 15:09:22,2026-08-10 15:09:22
216993,3394,PSEN6,COMPRA,30,178.9187,5.4663,2026-08-10 11:30:18,2026-08-10 11:30:19,2026-08-10 11:30:19
216994,3455,TBWG2,COMPRA,30,67.8711,9.8038,2026-08-10 11:07:28,2026-08-10 11:07:31,2026-08-10 11:07:31
216995,1355,ICSU4,COMPRA,375,132.4340,3.2115,2026-08-10 13:56:18,2026-08-10 13:56:20,2026-08-10 13:56:20
216996,1799,ZYVN7,COMPRA,15,91.1151,5.7907,2026-08-10 15:59:35,2026-08-10 15:59:35,2026-08-10 15:59:35
216997,2879,ACSV1,COMPRA,490,85.6410,4.2789,2026-08-10 14:31:53,2026-08-10 14:31:56,2026-08-10 14:31:56
216998,1628,BGNM6,COMPRA,94,99.6981,5.4259,2026-08-10 11:31:09,2026-08-10 11:31:12,2026-08-10 11:31:12
216999,1054,XOVY4,COMPRA,305,81.9826,0.2189,2026-08-10 15:20:13,2026-08-10 15:20:16,2026-08-10 15:20:16
217000,1935,PQUT9,COMPRA,9,87.2779,11.5719,2026-08-10 11:30:07,2026-08-10 11:30:09,2026-08-10 11:30:09
217001,1343,RIET5,COMPRA,165,117.9951,3.7383,2026-08-10 15:40:16,2026-08-10 15:40:17,2026-08-10 15:40:17
217002,1671,XPVA7,COMPRA,225,404.7371,4.6885,2026-08-10 11:03:33,2026-08-10 11:03:35,2026-08-10 11:03:35
217003,1712,FIUW1,COMPRA,480,127.4688,7.3402,2026-08-10 17:14:31,2026-08-10 17:14:34,2026-08-10 17:14:34
217004,3403,YOWA1,COMPRA,160,58.2181,3.6149,2026-08-10 13:43:43,2026-08-10 13:43:46,2026-08-10 13:43:46
217005,1894,ERTC4,COMPRA,180,39.0856,3.2622,2026-08-10 10:21:20,2026-08-10 10:21:20,2026-08-10 10:21:20
217006,2592,NYGT6,COMPRA,420,123.4260,3.2601,2026-08-10 11:58:52,2026-08-10 11:58:53,2026-08-10 11:58:53
217007,1774,RHXV4,COMPRA,290,61.7406,5.9778,2026-08-10 16:51:55,2026-08-10 16:51:57,2026-08-10 16:51:57
217008,2365,TTHO3,COMPRA,55,26.7317,11.0501,2026-08-10 17:08:10,2026-08-10 17:08:13,2026-08-10 17:08:13
217009,2982,DSFC9,COMPRA,40,503.8005,10.7692,2026-08-10 11:18:31,2026-08-10 11:18:31,2026-08-10 11:18:31
217010,1035,QQQS1,COMPRA,455,25.0914,5.4796,2026-08-10 16:11:00,2026-08-10 16:11:02,2026-08-10 16:11:02
217011,2350,LIEG8,COMPRA,180,95.1979,6.4640,2026-08-10 14:54:49,2026-08-10 14:54:49,2026-08-10 14:54:49
217012,2887,WXQM6,COMPRA,410,53.9110,2.6470,2026-08-10 14:49:10,2026-08-10 14:49:11,2026-08-10 14:49:11
217013,2834,TTHO3,COMPRA,365,26.6017,9.5893,2026-08-10 14:55:37,2026-08-10 14:55:37,2026-08-10 14:55:37
217014,3017,SVOZ4,COMPRA,60,48.1843,3.7261,2026-08-10 14:09:02,2026-08-10 14:09:04,2026-08-10 14:09:04
217015,2386,WXFC8,COMPRA,280,105.7115,10.5251,2026-08-10 16:38:17,2026-08-10 16:38:20,2026-08-10 16:38:20
217016,2573,MCHX2,COMPRA,95,127.1232,3.6782,2026-08-10 12:50:57,2026-08-10 12:50:57,2026-08-10 12:50:57
217017,3377,NQYT3,COMPRA,395,60.9279,6.3485,2026-08-10 11:41:14,2026-08-10 11:41:16,2026-08-10 11:41:16
217018,2977,OVYL9,COMPRA,135,85.1499,2.3981,2026-08-10 13:56:09,2026-08-10 13:56:12,2026-08-10 13:56:12
217019,2364,OVUQ2,COMPRA,90,53.5389,11.6736,2026-08-10 15:24:22,2026-08-10 15:24:24,2026-08-10 15:24:24
217020,2748,XLZM9,COMPRA,290,51.2121,5.4390,2026-08-10 13:27:09,2026-08-10 13:27:11,2026-08-10 13:27:11
217021,1395,IZTY4,COMPRA,235,37.6120,10.2550,2026-08-10 10:13:46,2026-08-10 10:13:49,2026-08-10 10:13:49
217022,2610,UVEY5,COMPRA,430,72.8003,5.7598,2026-08-10 10:28:06,2026-08-10 10:28:06,2026-08-10 10:28:06
217023,1960,ZYVN7,COMPRA,395,81.8300,5.3659,2026-08-10 12:53:50,2026-08-10 12:53:51,2026-08-10 12:53:51
217024,2724,YCCK8,COMPRA,210,309.3855,10.0407,2026-08-10 14:59:53,2026-08-10 14:59:54,2026-08-10 14:59:54
217025,2320,QTDZ2,COMPRA,185,43.2218,10.0680,2026-08-10 13:07:51,2026-08-10 13:07:51,2026-08-10 13:07:51
217026,2873,NAOF3,COMPRA,110,52.8854,4.1608,2026-08-10 11:30:02,2026-08-10 11:30:02,2026-08-10 11:30:02
217027,2221,RIET5,COMPRA,285,153.4258,6.0323,2026-08-10 11:37:31,2026-08-10 11:37:32,2026-08-10 11:37:32
217028,2451,XLZM9,COMPRA,16,49.5954,8.0667,2026-08-10 13:42:24,2026-08-10 13:42:25,2026-08-10 13:42:25
217029,1946,TBWG2,COMPRA,75,90.9683,5.0610,2026-08-10 12:16:22,2026-08-10 12:16:23,2026-08-10 12:16:23
217030,1234,RYPL6,COMPRA,460,87.3810,11.3580,2026-08-10 12:21:50,2026-08-10 12:21:53,2026-08-10 12:21:53
217031,1008,DHRM5,COMPRA,100,285.5415,8.0798,2026-08-10 11:46:19,2026-08-10 11:46:19,2026-08-10 11:46:19
217032,1406,LIEG8,COMPRA,105,117.3133,4.9707,2026-08-10 16:46:02,2026-08-10 16:46:03,2026-08-10 16:46:03
217033,3025,OEQA8,COMPRA,340,492.5537,5.5602,2026-08-10 17:13:28,2026-08-10 17:13:30,2026-08-10 17:13:30
217034,2346,UFMA7,COMPRA,90,149.1551,9.7026,2026-08-10 11:29:00,2026-08-10 11:29:03,2026-08-10 11:29:03
217035,2360,VLEB3,COMPRA,240,474.2551,12.7176,2026-08-10 12:41:17,2026-08-10 12:41:17,2026-08-10 12:41:17
217036,1425,PZUP8,COMPRA,175,124.7774,12.7392,2026-08-10 10:46:40,2026-08-10 10:46:42,2026-08-10 10:46:42
217037,3128,BGNM6,COMPRA,415,94.6433,1.6861,2026-08-10 11:33:16,2026-08-10 11:33:19,2026-08-10 11:33:19
217038,2770,TVCE9,COMPRA,110,55.7575,3.2055,2026-08-10 16:20:45,2026-08-10 16:20:45,2026-08-10 16:20:45
217039,3030,ZAAS7,COMPRA,170,340.9470,11.5522,2026-08-10 10:53:38,2026-08-10 10:53:39,2026-08-10 10:53:39
217040,2108,QATW7,COMPRA,430,42.9157,7.5266,2026-08-10 13:09:13,2026-08-10 13:09:13,2026-08-10 13:09:13
217041,1608,WMQZ6,COMPRA,118,74.9242,11.8526,2026-08-10 15:35:39,2026-08-10 15:35:39,2026-08-10 15:35:39
217042,2736,MJDL9,COMPRA,20,31.9053,0.3984,2026-08-10 10:37:03,2026-08-10 10:37:03,2026-08-10 10:37:03
217043,3323,SRDU1,COMPRA,405,99.8454,4.2765,2026-08-10 11:04:22,2026-08-10 11:04:25,2026-08-10 11:04:25
217044,1279,RDOA3,COMPRA,45,100.1028,0.8323,2026-08-10 16:09:50,2026-08-10 16:09:52,2026-08-10 16:09:52
217045,3021,ZAAS7,COMPRA,265,489.1490,5.3061,2026-08-10 14:29:33,2026-08-10 14:29:35,2026-08-10 14:29:35
217046,1941,TXHR8,COMPRA,460,76.8991,10.8135,2026-08-10 11:29:10,2026-08-10 11:29:11,2026-08-10 11:29:11
217047,1325,FRGH8,COMPRA,435,70.4366,8.1902,2026-08-10 11:43:20,2026-08-10 11:43:20,2026-08-10 11:43:20
217048,2109,XPVA7,COMPRA,455,468.0727,12.5965,2026-08-10 13:26:15,2026-08-10 13:26:18,2026-08-10 13:26:18
217049,2935,VLEB3,COMPRA,264,474.0330,0.3441,2026-08-10 13:51:53,2026-08-10 13:51:56,2026-08-10 13:51:56
217050,2340,RIET5,COMPRA,350,131.7231,1.2202,2026-08-10 11:13:56,2026-08-10 11:13:57,2026-08-10 11:13:57
217051,1048,JIPA6,COMPRA,415,37.7006,1.0612,2026-08-10 13:53:24,2026-08-10 13:53:25,2026-08-10 13:53:25
217052,2327,ZAAS7,COMPRA,180,517.9046,3.5899,2026-08-10 15:19:27,2026-08-10 15:19:27,2026-08-10 15:19:27
217053,2170,CQIL9,COMPRA,445,44.0439,9.2476,2026-08-10 10:17:55,2026-08-10 10:17:58,2026-08-10 10:17:58
217054,1192,XLZM9,COMPRA,155,49.6714,10.5421,2026-08-10 14:08:02,2026-08-10 14:08:05,2026-08-10 14:08:05
217055,3365,AYFQ2,COMPRA,335,13.9154,0.0048,2026-08-10 11:00:59,2026-08-10 11:01:02,2026-08-10 11:01:02
217056,2958,JDJG6,COMPRA,225,79.8866,12.4781,2026-08-10 15:07:12,2026-08-10 15:07:13,2026-08-10 15:07:13
217057,2049,OVYL9,COMPRA,265,64.0682,3.4927,2026-08-10 15:45:15,2026-08-10 15:45:16,2026-08-10 15:45:16
217058,3202,CQJZ4,COMPRA,435,70.5964,11.9405,2026-08-10 16:36:33,2026-08-10 16:36:35,2026-08-10 16:36:35
217059,2130,LCCH9,COMPRA,335,7.6432,7.9757,2026-08-10 16:00:42,2026-08-10 16:00:43,2026-08-10 16:00:43
217060,1378,ECQD7,COMPRA,295,109.7423,3.5773,2026-08-10 14:08:21,2026-08-10 14:08:22,2026-08-10 14:08:22
217061,3009,IWFI1,COMPRA,155,204.3294,0.9581,2026-08-10 14:11:43,2026-08-10 14:11:45,2026-08-10 14:11:45
217062,2148,QATW7,COMPRA,350,58.8506,12.1814,2026-08-10 15:02:59,2026-08-10 15:03:00,2026-08-10 15:03:00
217063,2705,YOWA1,COMPRA,115,50.5057,3.5880,2026-08-10 11:07:55,2026-08-10 11:07:58,2026-08-10 11:07:58
217064,1117,PQUT9,COMPRA,387,101.2505,12.2860,2026-08-10 11:09:31,2026-08-10 11:09:31,2026-08-10 11:09:31
217065,2269,LCCH9,COMPRA,5,10.2243,1.3494,2026-08-10 16:30:59,2026-08-10 16:31:00,2026-08-10 16:31:00
217066,1020,HVEX2,COMPRA,175,110.6300,8.4544,2026-08-10 17:21:10,2026-08-10 17:21:12,2026-08-10 17:21:12
217067,1592,KFSY2,COMPRA,20,121.9539,3.5750,2026-08-10 14:32:58,2026-08-10 14:33:00,2026-08-10 14:33:00
217068,2664,OEQA8,COMPRA,210,460.0796,11.9053,2026-08-10 16:23:15,2026-08-10 16:23:15,2026-08-10 16:23:15
217069,2286,XAVL3,COMPRA,355,189.3995,8.4527,2026-08-10 10:20:25,2026-08-10 10:20:28,2026-08-10 10:20:28
217070,2356,XOVY4,COMPRA,360,105.8307,9.3351,2026-08-10 10:45:50,2026-08-10 10:45:50,2026-08-10 10:45:50
217071,1720,OVUQ2,COMPRA,195,54.3311,9.0775,2026-08-10 15:49:33,2026-08-10 15:49:35,2026-08-10 15:49:35
217072,1773,DMTZ8,COMPRA,54,208.4494,0.1385,2026-08-10 13:18:24,2026-08-10 13:18:25,2026-08-10 13:18:25
217073,1435,HCLJ8,COMPRA,350,124.1179,6.2531,2026-08-10 10:31:56,2026-08-10 10:31:56,2026-08-10 10:31:56
217074,1002,NUJZ2,COMPRA,493,33.3877,12.8805,2026-08-10 17:08:58,2026-08-10 17:09:00,2026-08-10 17:09:00
217075,3041,TVCE9,COMPRA,300,53.2252,9.3799,2026-08-10 13:40:43,2026-08-10 13:40:43,2026-08-10 13:40:43
217076,3372,MJDL9,COMPRA,165,31.8591,12.7624,2026-08-10 16:59:45,2026-08-10 16:59:47,2026-08-10 16:59:47
217077,3395,PQUT9,COMPRA,420,77.7836,2.4965,2026-08-10 10:25:56,2026-08-10 10:25:59,2026-08-10 10:25:59
217078,1617,MJDL9,COMPRA,338,25.9421,12.7661,2026-08-10 11:56:27,2026-08-10 11:56:27,2026-08-10 11:56:27
217079,3437,QYBV3,COMPRA,185,60.0000,7.9770,2026-08-10 12:09:27,2026-08-10 12:09:30,2026-08-10 12:09:30
217080,2040,QQQS1,COMPRA,321,18.0324,6.6712,2026-08-10 15:32:41,2026-08-10 15:32:44,2026-08-10 15:32:44
217081,1159,QHFL8,COMPRA,150,161.0672,5.1298,2026-08-10 11:19:14,2026-08-10 11:19:15,2026-08-10 11:19:15
217082,3317,QTHQ1,COMPRA,340,17.3758,9.1304,2026-08-10 13:13:16,2026-08-10 13:13:18,2026-08-10 13:13:18
217083,2602,ICSU4,COMPRA,215,162.5375,3.7124,2026-08-10 10:50:26,2026-08-10 10:50:26,2026-08-10 10:50:26
217084,1040,XPVA7,COMPRA,360,446.9732,6.9520,2026-08-10 13:26:01,2026-08-10 13:26:04,2026-08-10 13:26:04
217085,2295,FYZB6,COMPRA,110,69.6789,5.9348,2026-08-10 11:52:45,2026-08-10 11:52:47,2026-08-10 11:52:47
217086,1525,JIPR4,COMPRA,180,25.1643,7.2032,2026-08-10 16:50:11,2026-08-10 16:50:13,2026-08-10 16:50:13
217087,1482,VLEB3,COMPRA,495,442.5167,1.7562,2026-08-10 15:44:50,2026-08-10 15:44:51,2026-08-10 15:44:51
217088,1747,OVUQ2,COMPRA,268,51.1684,1.6729,2026-08-10 14:20:59,2026-08-10 14:21:00,2026-08-10 14:21:00
217089,1228,TNHT4,COMPRA,275,96.0411,7.6089,2026-08-10 13:23:34,2026-08-10 13:23:36,2026-08-10 13:23:36
217090,1204,RHXV4,COMPRA,320,70.3591,7.1491,2026-08-10 12:35:09,2026-08-10 12:35:11,2026-08-10 12:35:11
217091,3145,ERTC4,COMPRA,475,49.0041,3.9728,2026-08-10 11:51:49,2026-08-10 11:51:49,2026-08-10 11:51:49
217092,2925,OXVD8,COMPRA,136,65.4911,3.9392,2026-08-10 13:55:12,2026-08-10 13:55:14,2026-08-10 13:55:14
217093,1882,RDOA3,COMPRA,400,98.8191,8.1458,2026-08-10 10:10:40,2026-08-10 10:10:42,2026-08-10 10:10:42
217094,1873,MCHX2,VENDA,345,94.1247,2.7326,2026-08-10 17:16:44,2026-08-10 17:16:44,2026-08-10 17:16:44
217095,2175,PQUT9,COMPRA,160,62.3897,2.3070,2026-08-10 13:24:16,2026-08-10 13:24:17,2026-08-10 13:24:17
217096,1729,XPVA7,COMPRA,215,373.0573,12.5725,2026-08-10 10:11:51,2026-08-10 10:11:52,2026-08-10 10:11:52
217097,2660,QYBV3,COMPRA,500,72.8182,3.4551,2026-08-10 16:36:13,2026-08-10 16:36:13,2026-08-10 16:36:13
217098,2088,CQJZ4,COMPRA,228,100.5654,9.1136,2026-08-10 16:03:53,2026-08-10 16:03:54,2026-08-10 16:03:54
217099,3144,QEUC2,COMPRA,175,198.6602,4.4415,2026-08-10 12:39:13,2026-08-10 12:39:13,2026-08-10 12:39:13
217100,2795,LGKU6,COMPRA,120,66.3588,10.8473,2026-08-10 13:47:11,2026-08-10 13:47:11,2026-08-10 13:47:11
217101,1088,HCLJ8,COMPRA,270,132.5825,11.6387,2026-08-10 12:26:11,2026-08-10 12:26:12,2026-08-10 12:26:12
217102,3268,XTVW5,COMPRA,155,109.7493,12.1338,2026-08-10 12:07:17,2026-08-10 12:07:18,2026-08-10 12:07:18
217103,1840,IWAK1,COMPRA,390,70.1610,1.5315,2026-08-10 14:45:17,2026-08-10 14:45:19,2026-08-10 14:45:19
217104,2153,TXHR8,COMPRA,30,89.6412,5.5644,2026-08-10 17:15:08,2026-08-10 17:15:08,2026-08-10 17:15:08
217105,3046,FRGH8,COMPRA,441,69.2279,2.0881,2026-08-10 14:35:20,2026-08-10 14:35:23,2026-08-10 14:35:23
217106,2255,IWAK1,COMPRA,465,65.2758,8.1127,2026-08-10 13:30:29,2026-08-10 13:30:31,2026-08-10 13:30:31
217107,2228,HCZM2,COMPRA,415,360.4033,12.6068,2026-08-10 15:43:24,2026-08-10 15:43:25,2026-08-10 15:43:25
217108,2939,JDJG6,COMPRA,165,58.0679,6.5328,2026-08-10 11:01:01,2026-08-10 11:01:01,2026-08-10 11:01:01
217109,3180,LGKU6,COMPRA,230,63.7838,5.1604,2026-08-10 12:51:44,2026-08-10 12:51:45,2026-08-10 12:51:45
217110,1085,SGBG8,COMPRA,95,81.6132,1.0396,2026-08-10 10:19:24,2026-08-10 10:19:24,2026-08-10 10:19:24
217111,1455,LIEG8,COMPRA,118,117.1490,12.2811,2026-08-10 10:46:47,2026-08-10 10:46:50,2026-08-10 10:46:50
217112,2935,KHGP6,COMPRA,130,113.7703,7.9643,2026-08-10 12:40:22,2026-08-10 12:40:24,2026-08-10 12:40:24
217113,2330,AYFQ2,VENDA,180,9.7684,4.3978,2026-08-10 10:48:30,2026-08-10 10:48:32,2026-08-10 10:48:32
217114,1963,MJDL9,COMPRA,380,31.1869,3.3214,2026-08-10 16:56:31,2026-08-10 16:56:33,2026-08-10 16:56:33
217115,1689,UQIQ7,COMPRA,160,70.7280,,2026-08-10 11:16:32,2026-08-10 11:16:32,2026-08-10 11:16:32
217116,3523,NYGT6,COMPRA,280,116.1979,4.3483,2026-08-10 11:20:48,2026-08-10 11:20:51,2026-08-10 11:20:51
217117,2081,SUZL4,COMPRA,30,166.2978,9.0683,2026-08-10 10:56:49,2026-08-10 10:56:52,2026-08-10 10:56:52
217118,3105,ZFBT3,COMPRA,430,123.7613,5.3605,2026-08-10 15:43:39,2026-08-10 15:43:40,2026-08-10 15:43:40
217119,3226,TXHR8,COMPRA,360,82.6536,9.2604,2026-08-10 15:01:20,2026-08-10 15:01:21,2026-08-10 15:01:21
217120,2669,OXVD8,COMPRA,335,69.9573,6.7677,2026-08-10 10:51:08,2026-08-10 10:51:10,2026-08-10 10:51:10
217121,3280,IJJK3,COMPRA,272,109.0752,10.2039,2026-08-10 13:53:37,2026-08-10 13:53:37,2026-08-10 13:53:37
217122,2619,FYZB6,COMPRA,205,76.5043,11.4762,2026-08-10 11:36:42,2026-08-10 11:36:44,2026-08-10 11:36:44
217123,1773,QTDZ2,COMPRA,190,60.2039,0.0452,2026-08-10 13:40:13,2026-08-10 13:40:16,2026-08-10 13:40:16
217124,2879,JIPA6,COMPRA,370,43.2932,10.7954,2026-08-10 15:03:54,2026-08-10 15:03:54,2026-08-10 15:03:54
217125,3462,OVYL9,COMPRA,170,72.1048,6.5859,2026-08-10 17:17:31,2026-08-10 17:17:32,2026-08-10 17:17:32
217126,1922,NQYT3,COMPRA,375,48.7644,10.7899,2026-08-10 16:00:23,2026-08-10 16:00:23,2026-08-10 16:00:23
217127,1845,MGRR2,COMPRA,10,115.6833,6.9957,2026-08-10 12:45:50,2026-08-10 12:45:52,2026-08-10 12:45:52
217128,1812,UYFJ9,COMPRA,180,96.2533,10.4046,2026-08-10 17:24:31,2026-08-10 17:24:33,2026-08-10 17:24:33
217129,1642,QTHQ1,COMPRA,180,17.5687,1.3843,2026-08-10 16:45:37,2026-08-10 16:45:40,2026-08-10 16:45:40
217130,2133,YRWH3,COMPRA,68,190.9286,12.1455,2026-08-10 14:36:06,2026-08-10 14:36:09,2026-08-10 14:36:09
217131,2421,XPVA7,COMPRA,195,416.3310,3.9948,2026-08-10 12:41:25,2026-08-10 12:41:28,2026-08-10 12:41:28
217132,3451,ZFBT3,COMPRA,250,99.3198,11.0596,2026-08-10 15:38:07,2026-08-10 15:38:08,2026-08-10 15:38:08
217133,1391,VLEB3,COMPRA,450,377.1969,7.5418,2026-08-10 11:13:24,2026-08-10 11:13:24,2026-08-10 11:13:24
217134,2464,QHFL8,COMPRA,305,125.3713,8.4949,2026-08-10 13:11:03,2026-08-10 13:11:04,2026-08-10 13:11:04
217135,3420,KFSY2,COMPRA,160,124.0898,12.4867,2026-08-10 16:04:47,2026-08-10 16:04:50,2026-08-10 16:04:50
217136,3035,DQSN6,COMPRA,45,123.1109,2.5932,2026-08-10 11:29:52,2026-08-10 11:29:53,2026-08-10 11:29:53
217137,2504,GULD2,COMPRA,27,170.6448,2.5898,2026-08-10 12:58:04,2026-08-10 12:58:05,2026-08-10 12:58:05
217138,2494,DHRM5,COMPRA,110,342.4065,0.7099,2026-08-10 11:06:24,2026-08-10 11:06:27,2026-08-10 11:06:27
217139,3509,SRDU1,COMPRA,205,106.4109,12.0788,2026-08-10 12:39:31,2026-08-10 12:39:34,2026-08-10 12:39:34
217140,1176,UFIU3,VENDA,65,103.9468,5.7594,2026-08-10 12:29:47,2026-08-10 12:29:48,2026-08-10 12:29:48
217141,3169,DQSN6,COMPRA,80,132.0374,9.8963,2026-08-10 12:29:10,2026-08-10 12:29:12,2026-08-10 12:29:12
217142,3125,BGNM6,COMPRA,402,118.4415,1.7555,2026-08-10 10:45:38,2026-08-10 10:45:39,2026-08-10 10:45:39
217143,2088,MCHX2,COMPRA,310,129.3342,11.4809,2026-08-10 16:27:37,2026-08-10 16:27:38,2026-08-10 16:27:38
217144,2042,OVUQ2,COMPRA,485,56.8910,8.3433,2026-08-10 14:03:34,2026-08-10 14:03:37,2026-08-10 14:03:37
217145,2497,ZFBT3,COMPRA,390,118.8109,2.6254,2026-08-10 15:10:51,2026-08-10 15:10:51,2026-08-10 15:10:51
217146,1515,MJDL9,COMPRA,195,38.4003,1.0680,2026-08-10 15:09:57,2026-08-10 15:09:59,2026-08-10 15:09:59
217147,1345,TTHO3,COMPRA,200,26.0369,7.6826,2026-08-10 16:51:52,2026-08-10 16:51:53,2026-08-10 16:51:53
217148,1594,NPEM3,COMPRA,470,109.8892,2.9880,2026-08-10 12:18:48,2026-08-10 12:18:48,2026-08-10 12:18:48
217149,2132,UVEY5,COMPRA,150,65.7862,6.3064,2026-08-10 11:07:20,2026-08-10 11:07:23,2026-08-10 11:07:23
217150,2853,QHFL8,COMPRA,495,154.4827,0.9147,2026-08-10 17:18:25,2026-08-10 17:18:27,2026-08-10 17:18:27
217151,2850,ACSV1,COMPRA,476,75.3860,4.4267,2026-08-10 15:43:26,2026-08-10 15:43:26,2026-08-10 15:43:26
217152,2879,RFNS7,COMPRA,20,72.6444,0.0786,2026-08-10 11:43:27,2026-08-10 11:43:30,2026-08-10 11:43:30
217153,3395,RYPL6,COMPRA,460,95.2357,11.4534,2026-08-10 17:09:58,2026-08-10 17:09:59,2026-08-10 17:09:59
217154,1026,BGNM6,COMPRA,350,109.2271,11.5167,2026-08-10 14:16:46,2026-08-10 14:16:48,2026-08-10 14:16:48
217155,2355,NQYT3,COMPRA,45,71.8128,7.4329,2026-08-10 10:22:43,2026-08-10 10:22:43,2026-08-10 10:22:43
217156,3372,UCHR6,COMPRA,483,403.4426,6.8219,2026-08-10 16:20:13,2026-08-10 16:20:14,2026-08-10 16:20:14
217157,1882,IWFI1,COMPRA,123,179.9258,10.7918,2026-08-10 11:29:33,2026-08-10 11:29:35,2026-08-10 11:29:35
217158,1521,DGBT6,COMPRA,370,70.4173,2.0073,2026-08-10 16:01:54,2026-08-10 16:01:57,2026-08-10 16:01:57
217159,2037,NQYT3,COMPRA,405,57.9053,4.5494,2026-08-10 11:45:16,2026-08-10 11:45:16,2026-08-10 11:45:16
217160,2780,DSFC9,COMPRA,375,511.4126,8.8084,2026-08-10 16:27:12,2026-08-10 16:27:14,2026-08-10 16:27:14
217161,2252,PQUT9,COMPRA,355,67.5225,11.2057,2026-08-10 15:43:01,2026-08-10 15:43:03,2026-08-10 15:43:03
217162,1274,KFSY2,COMPRA,114,111.8335,3.8937,2026-08-10 12:29:35,2026-08-10 12:29:38,2026-08-10 12:29:38
217163,2479,UCHR6,COMPRA,470,392.6908,0.0713,2026-08-10 15:52:13,2026-08-10 15:52:15,2026-08-10 15:52:15
217164,3332,ERTC4,VENDA,385,41.0538,7.1788,2026-08-10 11:59:05,2026-08-10 11:59:05,2026-08-10 11:59:05
217165,1617,FIUW1,COMPRA,146,127.7090,5.2107,2026-08-10 12:11:34,2026-08-10 12:11:35,2026-08-10 12:11:35
217166,2252,NQYT3,COMPRA,85,53.2891,7.4336,2026-08-10 16:36:01,2026-08-10 16:36:01,2026-08-10 16:36:01
217167,2892,SRDU1,COMPRA,205,78.8603,9.8403,2026-08-10 14:58:28,2026-08-10 14:58:29,2026-08-10 14:58:29
217168,3020,OVYL9,COMPRA,220,86.9122,9.4995,2026-08-10 12:16:31,2026-08-10 12:16:34,2026-08-10 12:16:34
217169,2307,RHXV4,COMPRA,336,51.9489,9.7117,2026-08-10 12:23:21,2026-08-10 12:23:21,2026-08-10 12:23:21
217170,1330,LGKU6,COMPRA,424,64.7531,1.2938,2026-08-10 12:52:23,2026-08-10 12:52:25,2026-08-10 12:52:25
217171,2452,NREP8,COMPRA,115,115.7799,0.3868,2026-08-10 10:08:33,2026-08-10 10:08:33,2026-08-10 10:08:33
217172,1814,MOLF3,COMPRA,123,54.2396,7.2867,2026-08-10 14:24:37,2026-08-10 14:24:38,2026-08-10 14:24:38
217173,1518,OXVD8,COMPRA,335,63.9715,11.8553,2026-08-10 10:43:11,2026-08-10 10:43:12,2026-08-10 10:43:12
217174,2890,PQUT9,COMPRA,370,80.6667,4.4339,2026-08-10 12:50:03,2026-08-10 12:50:06,2026-08-10 12:50:06
217175,1054,JIPA6,COMPRA,150,35.2299,5.9528,2026-08-10 12:40:42,2026-08-10 12:40:45,2026-08-10 12:40:45
217176,3169,TBWG2,COMPRA,355,97.6759,11.7991,2026-08-10 15:17:53,2026-08-10 15:17:54,2026-08-10 15:17:54
217177,1455,JIPA6,COMPRA,100,29.4844,3.9003,2026-08-10 13:41:51,2026-08-10 13:41:53,2026-08-10 13:41:53
217178,3439,IPXK2,COMPRA,130,234.9838,5.2713,2026-08-10 13:37:03,2026-08-10 13:37:05,2026-08-10 13:37:05
217179,1256,TXHR8,COMPRA,80,72.6719,2.4685,2026-08-10 10:45:15,2026-08-10 10:45:16,2026-08-10 10:45:16
217180,1106,NHYK8,COMPRA,70,65.4851,5.9765,2026-08-10 15:01:53,2026-08-10 15:01:54,2026-08-10 15:01:54
217181,2876,IWAK1,COMPRA,169,67.4508,,2026-08-10 12:06:28,2026-08-10 12:06:28,2026-08-10 12:06:28
217182,1532,MJDL9,COMPRA,11,30.0797,7.5539,2026-08-10 15:13:48,2026-08-10 15:13:51,2026-08-10 15:13:51
217183,1751,PBZM6,COMPRA,65,59.4220,12.5794,2026-08-10 16:37:32,2026-08-10 16:37:34,2026-08-10 16:37:34
217184,2359,BGNM6,COMPRA,365,83.8651,12.1899,2026-08-10 17:02:45,2026-08-10 17:02:47,2026-08-10 17:02:47
217185,1187,DQSN6,COMPRA,80,150.8192,5.6232,2026-08-10 17:11:50,2026-08-10 17:11:52,2026-08-10 17:11:52
217186,2174,DGBT6,COMPRA,230,88.2079,8.5203,2026-08-10 10:00:36,2026-08-10 10:00:39,2026-08-10 10:00:39
217187,3396,OEQA8,COMPRA,350,476.0563,6.2712,2026-08-10 12:31:39,2026-08-10 12:31:40,2026-08-10 12:31:40
217188,3201,UFIU3,COMPRA,220,102.8328,0.5969,2026-08-10 12:02:37,2026-08-10 12:02:40,2026-08-10 12:02:40
217189,1235,XAVL3,COMPRA,200,184.5726,11.4309,2026-08-10 10:03:54,2026-08-10 10:03:54,2026-08-10 10:03:54
217190,3157,NYGT6,COMPRA,500,80.3060,4.3599,2026-08-10 12:35:39,2026-08-10 12:35:40,2026-08-10 12:35:40
217191,1582,BGNM6,VENDA,125,125.4854,4.2151,2026-08-10 15:24:49,2026-08-10 15:24:52,2026-08-10 15:24:52
217192,2727,QTHQ1,COMPRA,230,19.5894,1.6329,2026-08-10 11:34:47,2026-08-10 11:34:50,2026-08-10 11:34:50
217193,2413,QYBV3,COMPRA,330,78.5857,4.5223,2026-08-10 15:17:24,2026-08-10 15:17:24,2026-08-10 15:17:24
217194,1138,ECQD7,COMPRA,40,90.5991,5.3613,2026-08-10 11:26:16,2026-08-10 11:26:17,2026-08-10 11:26:17
217195,2476,HCZM2,COMPRA,95,475.2698,4.4560,2026-08-10 13:21:19,2026-08-10 13:21:21,2026-08-10 13:21:21
217196,1422,QQQS1,COMPRA,310,19.6860,0.7584,2026-08-10 16:23:30,2026-08-10 16:23:32,2026-08-10 16:23:32
217197,3115,FYZB6,COMPRA,210,61.9581,3.4107,2026-08-10 10:49:34,2026-08-10 10:49:35,2026-08-10 10:49:35
217198,1513,UQIQ7,COMPRA,425,65.4585,4.8058,2026-08-10 15:04:30,2026-08-10 15:04:31,2026-08-10 15:04:31
217199,3434,IWFI1,COMPRA,320,183.7713,8.8036,2026-08-10 12:06:59,2026-08-10 12:07:00,2026-08-10 12:07:00
217200,2236,NAOF3,COMPRA,15,75.8267,1.8484,2026-08-10 16:42:13,2026-08-10 16:42:15,2026-08-10 16:42:15
217201,1803,NYGT6,COMPRA,395,122.7509,10.1950,2026-08-10 11:37:01,2026-08-10 11:37:02,2026-08-10 11:37:02
217202,1067,NPEM3,COMPRA,470,115.3807,10.1314,2026-08-10 10:27:19,2026-08-10 10:27:22,2026-08-10 10:27:22
217203,3060,YFAH5,COMPRA,250,157.2159,7.5989,2026-08-10 12:51:58,2026-08-10 12:51:59,2026-08-10 12:51:59
217204,1911,AAWB3,COMPRA,110,192.2730,5.1031,2026-08-10 14:53:39,2026-08-10 14:53:42,2026-08-10 14:53:42
217205,2860,IJJK3,COMPRA,445,136.6419,2.3889,2026-08-10 11:23:54,2026-08-10 11:23:55,2026-08-10 11:23:55
217206,2411,YOWA1,COMPRA,115,52.6859,10.8590,2026-08-10 15:56:47,2026-08-10 15:56:48,2026-08-10 15:56:48
217207,2216,YRWH3,COMPRA,40,221.5872,6.4270,2026-08-10 16:09:10,2026-08-10 16:09:13,2026-08-10 16:09:13
217208,1617,RDOA3,COMPRA,445,111.1650,3.9290,2026-08-10 15:10:52,2026-08-10 15:10:54,2026-08-10 15:10:54
217209,1075,IPXK2,COMPRA,340,244.4619,6.0831,2026-08-10 14:03:26,2026-08-10 14:03:29,2026-08-10 14:03:29
217210,2851,OXVD8,COMPRA,106,100.1753,3.6709,2026-08-10 15:02:05,2026-08-10 15:02:08,2026-08-10 15:02:08
217211,1646,AAWB3,COMPRA,275,207.8527,3.1074,2026-08-10 10:09:33,2026-08-10 10:09:34,2026-08-10 10:09:34
217212,1259,NUJZ2,COMPRA,375,28.6664,9.1227,2026-08-10 15:26:26,2026-08-10 15:26:27,2026-08-10 15:26:27
217213,2844,XTVW5,COMPRA,321,101.4611,10.6075,2026-08-10 16:23:32,2026-08-10 16:23:35,2026-08-10 16:23:35
217214,1691,RHXV4,COMPRA,65,71.7842,4.4558,2026-08-10 13:50:48,2026-08-10 13:50:51,2026-08-10 13:50:51
217215,1682,NQYT3,COMPRA,355,48.3679,10.2599,2026-08-10 13:09:43,2026-08-10 13:09:46,2026-08-10 13:09:46
217216,3519,TTHO3,COMPRA,239,28.5454,8.8766,2026-08-10 10:25:05,2026-08-10 10:25:05,2026-08-10 10:25:05
217217,1111,DFGR7,COMPRA,150,77.1581,12.4736,2026-08-10 15:37:29,2026-08-10 15:37:32,2026-08-10 15:37:32
217218,1459,ECQD7,COMPRA,235,69.8929,1.7847,2026-08-10 12:38:58,2026-08-10 12:38:59,2026-08-10 12:38:59
217219,1269,CQJZ4,COMPRA,495,98.1046,8.7091,2026-08-10 16:29:16,2026-08-10 16:29:18,2026-08-10 16:29:18
217220,3028,KHGP6,COMPRA,115,76.5285,2.5738,2026-08-10 11:58:22,2026-08-10 11:58:25,2026-08-10 11:58:25
217221,2200,OVYL9,COMPRA,411,91.3428,11.5314,2026-08-10 14:04:07,2026-08-10 14:04:10,2026-08-10 14:04:10
217222,1870,KQEO3,VENDA,350,73.0279,10.7400,2026-08-10 11:02:50,2026-08-10 11:02:52,2026-08-10 11:02:52
217223,1676,QATW7,COMPRA,149,55.9874,1.0013,2026-08-10 11:27:29,2026-08-10 11:27:32,2026-08-10 11:27:32
217224,3376,RIET5,COMPRA,440,151.1938,12.3865,2026-08-10 10:07:49,2026-08-10 10:07:50,2026-08-10 10:07:50
217225,1089,CQIL9,COMPRA,160,28.8227,0.7120,2026-08-10 16:56:08,2026-08-10 16:56:08,2026-08-10 16:56:08
217226,3318,DSFC9,VENDA,65,410.7734,7.1508,2026-08-10 11:03:15,2026-08-10 11:03:15,2026-08-10 11:03:15
217227,1977,DFGR7,COMPRA,218,122.4352,4.5875,2026-08-10 16:50:20,2026-08-10 16:50:20,2026-08-10 16:50:20
217228,3229,OVYL9,COMPRA,140,72.4694,5.5600,2026-08-10 11:21:58,2026-08-10 11:21:59,2026-08-10 11:21:59
217229,1821,UCHR6,COMPRA,100,477.8879,5.2126,2026-08-10 11:25:42,2026-08-10 11:25:45,2026-08-10 11:25:45
217230,2661,DSFC9,COMPRA,335,334.8354,1.2808,2026-08-10 11:00:01,2026-08-10 11:00:04,2026-08-10 11:00:04
217231,3335,MOLF3,COMPRA,415,60.2593,1.3914,2026-08-10 16:38:41,2026-08-10 16:38:44,2026-08-10 16:38:44
217232,2717,WHMT3,COMPRA,330,87.9427,7.9838,2026-08-10 10:06:30,2026-08-10 10:06:30,2026-08-10 10:06:30
217233,2402,ZYVN7,VENDA,265,60.0000,10.7498,2026-08-10 11:59:27,2026-08-10 11:59:30,2026-08-10 11:59:30
217234,2008,NYGT6,COMPRA,165,123.9645,7.5017,2026-08-10 10:49:32,2026-08-10 10:49:35,2026-08-10 10:49:35
217235,2931,QTHQ1,COMPRA,310,19.9180,10.3517,2026-08-10 16:43:42,2026-08-10 16:43:44,2026-08-10 16:43:44
217236,3373,ACSV1,COMPRA,130,95.4703,5.7861,2026-08-10 14:25:09,2026-08-10 14:25:09,2026-08-10 14:25:09
217237,1403,SRDU1,COMPRA,15,71.2257,2.1515,2026-08-10 17:13:46,2026-08-10 17:13:49,2026-08-10 17:13:49
217238,3255,HJRH5,COMPRA,475,152.1297,6.1826,2026-08-10 12:11:02,2026-08-10 12:11:05,2026-08-10 12:11:05
217239,3202,SRDU1,COMPRA,65,76.6210,6.2992,2026-08-10 10:38:31,2026-08-10 10:38:32,2026-08-10 10:38:32
217240,3238,WIPB2,COMPRA,270,100.6256,1.1015,2026-08-10 16:15:28,2026-08-10 16:15:28,2026-08-10 16:15:28
217241,1115,UCHR6,COMPRA,335,403.9994,5.5198,2026-08-10 15:09:01,2026-08-10 15:09:02,2026-08-10 15:09:02
217242,1955,UVEY5,COMPRA,430,107.1492,10.6956,2026-08-10 16:13:00,2026-08-10 16:13:00,2026-08-10 16:13:00
217243,1479,QEUC2,COMPRA,285,162.8947,4.0835,2026-08-10 11:47:58,2026-08-10 11:47:59,2026-08-10 11:47:59
217244,2330,DGBT6,COMPRA,75,99.6248,0.2667,2026-08-10 17:05:46,2026-08-10 17:05:46,2026-08-10 17:05:46
217245,1703,GAKD5,COMPRA,225,337.8083,10.5815,2026-08-10 10:48:24,2026-08-10 10:48:26,2026-08-10 10:48:26
217246,1840,SVOZ4,COMPRA,265,57.7463,12.7725,2026-08-10 11:19:13,2026-08-10 11:19:13,2026-08-10 11:19:13
217247,2587,JIPA6,COMPRA,470,43.6220,7.9059,2026-08-10 11:59:26,2026-08-10 11:59:28,2026-08-10 11:59:28
217248,2727,GFDF2,COMPRA,180,70.5631,9.4903,2026-08-10 11:29:50,2026-08-10 11:29:53,2026-08-10 11:29:53
217249,1059,UCHR6,COMPRA,305,451.1707,0.5165,2026-08-10 11:02:42,2026-08-10 11:02:44,2026-08-10 11:02:44
217250,2787,XPVA7,COMPRA,25,541.5713,3.9708,2026-08-10 17:09:07,2026-08-10 17:09:07,2026-08-10 17:09:07
217251,2411,VLEB3,COMPRA,427,330.1082,2.9700,2026-08-10 14:11:47,2026-08-10 14:11:48,2026-08-10 14:11:48
217252,3227,UVEY5,COMPRA,415,98.0222,7.8692,2026-08-10 13:11:21,2026-08-10 13:11:24,2026-08-10 13:11:24
217253,2952,XAVL3,COMPRA,60,171.8493,1.4315,2026-08-10 16:30:08,2026-08-10 16:30:10,2026-08-10 16:30:10
217254,2905,XPVA7,COMPRA,140,563.7662,9.3373,2026-08-10 15:22:15,2026-08-10 15:22:16,2026-08-10 15:22:16
217255,1742,XTVW5,COMPRA,252,114.9050,3.3958,2026-08-10 16:40:50,2026-08-10 16:40:53,2026-08-10 16:40:53
217256,1872,VLEB3,COMPRA,60,366.1110,3.7372,2026-08-10 12:44:00,2026-08-10 12:44:02,2026-08-10 12:44:02
217257,3362,LCCH9,COMPRA,5,10.5165,12.5700,2026-08-10 16:48:40,2026-08-10 16:48:40,2026-08-10 16:48:40
217258,3477,RHXV4,COMPRA,365,55.0836,2.3622,2026-08-10 14:52:57,2026-08-10 14:52:59,2026-08-10 14:52:59
217259,1978,VLEB3,COMPRA,150,364.3098,1.2780,2026-08-10 16:13:25,2026-08-10 16:13:27,2026-08-10 16:13:27
217260,1572,NWGB4,COMPRA,416,120.9756,3.2356,2026-08-10 12:14:22,2026-08-10 12:14:24,2026-08-10 12:14:24
217261,2484,MOLF3,COMPRA,150,64.8677,5.3623,2026-08-10 12:12:53,2026-08-10 12:12:54,2026-08-10 12:12:54
217262,3360,YRWH3,COMPRA,286,181.5813,8.9930,2026-08-10 15:29:50,2026-08-10 15:29:50,2026-08-10 15:29:50
217263,2317,ZFBT3,COMPRA,460,81.3108,1.0245,2026-08-10 11:26:33,2026-08-10 11:26:35,2026-08-10 11:26:35
217264,1948,UFMA7,COMPRA,465,200.2902,7.1989,2026-08-10 12:33:48,2026-08-10 12:33:50,2026-08-10 12:33:50
217265,2604,FRGH8,VENDA,325,82.5972,0.3144,2026-08-10 17:03:43,2026-08-10 17:03:43,2026-08-10 17:03:43
217266,1150,DHRM5,COMPRA,160,284.5151,4.3973,2026-08-10 10:38:49,2026-08-10 10:38:49,2026-08-10 10:38:49
217267,2274,NHYK8,COMPRA,195,64.1362,6.4558,2026-08-10 14:58:52,2026-08-10 14:58:52,2026-08-10 14:58:52
217268,2772,JJVW6,COMPRA,216,147.7833,2.5821,2026-08-10 12:51:02,2026-08-10 12:51:05,2026-08-10 12:51:05
217269,1838,YCCK8,COMPRA,145,436.3466,3.5049,2026-08-10 13:43:20,2026-08-10 13:43:20,2026-08-10 13:43:20
217270,3164,KFSY2,COMPRA,50,134.5574,10.7793,2026-08-10 10:35:22,2026-08-10 10:35:24,2026-08-10 10:35:24
217271,1252,PSEN6,COMPRA,311,232.4804,4.0251,2026-08-10 15:47:02,2026-08-10 15:47:02,2026-08-10 15:47:02
217272,1889,PBZM6,COMPRA,205,69.2726,7.0280,2026-08-10 16:19:27,2026-08-10 16:19:27,2026-08-10 16:19:27
217273,2094,LQML9,COMPRA,5,128.7654,2.2707,2026-08-10 14:40:41,2026-08-10 14:40:43,2026-08-10 14:40:43
217274,2751,XLZM9,COMPRA,370,40.7604,10.1892,2026-08-10 15:31:07,2026-08-10 15:31:09,2026-08-10 15:31:09
217275,2837,NAOF3,COMPRA,5,56.3463,10.5905,2026-08-10 10:08:53,2026-08-10 10:08:55,2026-08-10 10:08:55
217276,3247,DMTZ8,COMPRA,170,210.4094,11.3810,2026-08-10 13:53:06,2026-08-10 13:53:09,2026-08-10 13:53:09
217277,2821,IZTY4,COMPRA,450,31.7003,4.7069,2026-08-10 10:38:51,2026-08-10 10:38:52,2026-08-10 10:38:52
217278,3299,NGIU9,COMPRA,420,125.5065,9.1897,2026-08-10 10:46:19,2026-08-10 10:46:20,2026-08-10 10:46:20
217279,1925,ACSV1,COMPRA,350,123.0031,11.4533,2026-08-10 12:53:52,2026-08-10 12:53:53,2026-08-10 12:53:53
217280,2051,QYBV3,VENDA,200,64.0713,8.8424,2026-08-10 15:01:27,2026-08-10 15:01:28,2026-08-10 15:01:28
217281,1182,LGKU6,COMPRA,485,89.9131,1.2004,2026-08-10 14:09:55,2026-08-10 14:09:57,2026-08-10 14:09:57
217282,1683,LCCH9,COMPRA,310,6.4661,1.8584,2026-08-10 11:47:58,2026-08-10 11:47:58,2026-08-10 11:47:58
217283,3134,IWAK1,COMPRA,290,61.7075,12.8824,2026-08-10 13:43:12,2026-08-10 13:43:12,2026-08-10 13:43:12
217284,1766,ZFBT3,COMPRA,421,77.6511,8.1999,2026-08-10 11:23:17,2026-08-10 11:23:18,2026-08-10 11:23:18
217285,2218,QATW7,COMPRA,190,60.5033,5.6405,2026-08-10 17:23:13,2026-08-10 17:23:13,2026-08-10 17:23:13
217286,2950,LIEG8,COMPRA,280,120.3841,11.7279,2026-08-10 12:33:18,2026-08-10 12:33:20,2026-08-10 12:33:20
217287,2695,ECQD7,COMPRA,163,103.4216,1.3064,2026-08-10 11:17:28,2026-08-10 11:17:29,2026-08-10 11:17:29
217288,1854,AAWB3,COMPRA,155,153.8120,11.6735,2026-08-10 16:41:00,2026-08-10 16:41:01,2026-08-10 16:41:01
217289,1428,TNHT4,COMPRA,55,125.3855,11.5535,2026-08-10 10:09:44,2026-08-10 10:09:47,2026-08-10 10:09:47
217290,3374,NREP8,COMPRA,70,154.7175,0.7221,2026-08-10 13:02:08,2026-08-10 13:02:09,2026-08-10 13:02:09
217291,2279,XOVY4,COMPRA,10,121.6945,0.0560,2026-08-10 13:38:20,2026-08-10 13:38:20,2026-08-10 13:38:20
217292,3395,TVCE9,COMPRA,420,56.8758,7.2695,2026-08-10 13:29:53,2026-08-10 13:29:55,2026-08-10 13:29:55
217293,1390,XPVA7,COMPRA,100,380.9407,4.6218,2026-08-10 13:00:50,2026-08-10 13:00:52,2026-08-10 13:00:52
217294,2693,KQEO3,COMPRA,200,58.7510,4.7567,2026-08-10 11:17:05,2026-08-10 11:17:05,2026-08-10 11:17:05
217295,3353,NWGB4,COMPRA,263,159.3849,7.2378,2026-08-10 15:30:20,2026-08-10 15:30:21,2026-08-10 15:30:21
217296,2902,HCZM2,COMPRA,285,400.8578,0.4024,2026-08-10 13:10:52,2026-08-10 13:10:54,2026-08-10 13:10:54
217297,1704,HJRH5,COMPRA,74,190.4524,12.2593,2026-08-10 16:21:06,2026-08-10 16:21:06,2026-08-10 16:21:06
217298,2531,WXFC8,COMPRA,468,106.9521,9.4111,2026-08-10 11:14:32,2026-08-10 11:14:32,2026-08-10 11:14:32
217299,2372,MWVU7,COMPRA,115,66.5913,5.5027,2026-08-10 11:03:13,2026-08-10 11:03:13,2026-08-10 11:03:13
217300,2033,YCCK8,COMPRA,370,399.3766,12.0880,2026-08-10 16:42:11,2026-08-10 16:42:14,2026-08-10 16:42:14
217301,2376,UFIU3,COMPRA,265,86.4386,0.7387,2026-08-10 17:11:53,2026-08-10 17:11:54,2026-08-10 17:11:54
217302,2683,GKQC5,COMPRA,115,129.1149,9.7422,2026-08-10 12:43:10,2026-08-10 12:43:12,2026-08-10 12:43:12
217303,2823,OVUQ2,COMPRA,500,38.0859,10.4026,2026-08-10 16:15:28,2026-08-10 16:15:31,2026-08-10 16:15:31
217304,1507,WIPB2,COMPRA,365,125.1598,10.7895,2026-08-10 16:33:15,2026-08-10 16:33:17,2026-08-10 16:33:17
217305,2437,YRWH3,COMPRA,250,215.3802,1.8986,2026-08-10 11:41:27,2026-08-10 11:41:28,2026-08-10 11:41:28
217306,2939,UYFJ9,COMPRA,165,119.7828,12.6055,2026-08-10 16:06:49,2026-08-10 16:06:51,2026-08-10 16:06:51
217307,2923,KFSY2,COMPRA,320,98.4996,5.8538,2026-08-10 16:50:11,2026-08-10 16:50:12,2026-08-10 16:50:12
217308,1727,WMQZ6,COMPRA,425,60.2699,4.9800,2026-08-10 13:12:41,2026-08-10 13:12:43,2026-08-10 13:12:43
217309,1098,JIPA6,COMPRA,317,32.1288,8.3960,2026-08-10 11:25:26,2026-08-10 11:25:29,2026-08-10 11:25:29
217310,2881,TBWG2,COMPRA,220,67.6178,10.5205,2026-08-10 11:51:46,2026-08-10 11:51:47,2026-08-10 11:51:47
217311,1622,XPVA7,COMPRA,400,535.4662,11.4291,2026-08-10 14:49:10,2026-08-10 14:49:12,2026-08-10 14:49:12
217312,3443,RDOA3,COMPRA,45,93.8406,12.2298,2026-08-10 13:42:04,2026-08-10 13:42:07,2026-08-10 13:42:07
217313,3181,DSFC9,COMPRA,170,403.3503,6.8937,2026-08-10 14:29:02,2026-08-10 14:29:03,2026-08-10 14:29:03
217314,2703,BSDJ7,VENDA,260,234.8261,8.7891,2026-08-10 11:13:53,2026-08-10 11:13:56,2026-08-10 11:13:56
217315,2443,IJJK3,COMPRA,290,123.5256,5.2838,2026-08-10 16:52:34,2026-08-10 16:52:35,2026-08-10 16:52:35
217316,3366,TTHO3,COMPRA,355,37.0369,1.7125,2026-08-10 12:26:38,2026-08-10 12:26:38,2026-08-10 12:26:38
217317,2558,PQUT9,COMPRA,390,62.4716,2.2492,2026-08-10 13:16:04,2026-08-10 13:16:04,2026-08-10 13:16:04
217318,2160,NGIU9,COMPRA,394,94.1520,4.3058,2026-08-10 12:05:52,2026-08-10 12:05:52,2026-08-10 12:05:52
217319,2727,UVEY5,COMPRA,446,99.0589,0.1254,2026-08-10 16:06:42,2026-08-10 16:06:42,2026-08-10 16:06:42
217320,1847,YCCK8,COMPRA,130,398.4492,8.1351,2026-08-10 11:55:35,2026-08-10 11:55:38,2026-08-10 11:55:38
217321,3057,JIPR4,COMPRA,440,39.0032,7.0344,2026-08-10 15:45:59,2026-08-10 15:45:59,2026-08-10 15:45:59
217322,3077,IWAK1,COMPRA,205,88.9532,11.8352,2026-08-10 17:19:47,2026-08-10 17:19:50,2026-08-10 17:19:50
217323,2349,ZAAS7,COMPRA,445,433.2309,4.8137,2026-08-10 12:50:05,2026-08-10 12:50:06,2026-08-10 12:50:06
217324,1026,SRDU1,COMPRA,40,72.4293,2.9197,2026-08-10 14:45:01,2026-08-10 14:45:03,2026-08-10 14:45:03
217325,1035,UCHR6,COMPRA,105,451.8805,4.2568,2026-08-10 14:35:10,2026-08-10 14:35:11,2026-08-10 14:35:11
217326,2057,FRGH8,COMPRA,135,81.5477,4.2428,2026-08-10 16:10:10,2026-08-10 16:10:11,2026-08-10 16:10:11
217327,2447,IWAK1,COMPRA,65,95.7417,3.0340,2026-08-10 14:26:44,2026-08-10 14:26:44,2026-08-10 14:26:44
217328,1573,ZYVN7,COMPRA,380,91.6645,1.7838,2026-08-10 10:32:34,2026-08-10 10:32:34,2026-08-10 10:32:34
217329,2569,XTVW5,COMPRA,65,91.3674,0.0542,2026-08-10 13:00:34,2026-08-10 13:00:37,2026-08-10 13:00:37
217330,2294,YFAH5,COMPRA,190,171.8300,1.6135,2026-08-10 12:24:31,2026-08-10 12:24:34,2026-08-10 12:24:34
217331,2399,XAVL3,COMPRA,100,199.5174,6.0751,2026-08-10 10:57:44,2026-08-10 10:57:45,2026-08-10 10:57:45
217332,1432,QYBV3,COMPRA,250,77.3074,2.3982,2026-08-10 15:21:22,2026-08-10 15:21:23,2026-08-10 15:21:23
217333,1282,RFNS7,COMPRA,115,95.5497,6.6971,2026-08-10 16:00:43,2026-08-10 16:00:44,2026-08-10 16:00:44
217334,2349,GKQC5,COMPRA,280,122.0771,0.2150,2026-08-10 12:07:51,2026-08-10 12:07:53,2026-08-10 12:07:53
217335,1495,YCCK8,COMPRA,190,413.5804,2.8368,2026-08-10 15:18:14,2026-08-10 15:18:15,2026-08-10 15:18:15
217336,1818,JUDG8,COMPRA,345,73.4376,2.8875,2026-08-10 13:44:33,2026-08-10 13:44:36,2026-08-10 13:44:36
217337,1815,QQQS1,COMPRA,500,27.6278,12.2929,2026-08-10 10:26:36,2026-08-10 10:26:37,2026-08-10 10:26:37
217338,3046,LCCH9,COMPRA,55,7.2183,11.0337,2026-08-10 12:03:49,2026-08-10 12:03:51,2026-08-10 12:03:51
217339,3024,YOWA1,COMPRA,425,57.1479,1.5454,2026-08-10 16:22:34,2026-08-10 16:22:37,2026-08-10 16:22:37
217340,3512,WXQM6,COMPRA,45,40.6742,2.0206,2026-08-10 11:53:24,2026-08-10 11:53:26,2026-08-10 11:53:26
217341,1098,XOVY4,COMPRA,251,96.2558,3.3023,2026-08-10 17:04:39,2026-08-10 17:04:39,2026-08-10 17:04:39
217342,3138,ZFBT3,COMPRA,111,94.0945,12.6804,2026-08-10 15:14:16,2026-08-10 15:14:18,2026-08-10 15:14:18
217343,3162,IWAK1,COMPRA,385,91.1142,4.1417,2026-08-10 15:59:37,2026-08-10 15:59:40,2026-08-10 15:59:40
217344,1730,JIPA6,COMPRA,290,45.2291,7.4135,2026-08-10 12:48:10,2026-08-10 12:48:10,2026-08-10 12:48:10
217345,1367,WIPB2,COMPRA,53,119.1539,10.3063,2026-08-10 11:38:32,2026-08-10 11:38:35,2026-08-10 11:38:35
217346,2477,XOVY4,COMPRA,475,84.7778,1.5845,2026-08-10 11:21:11,2026-08-10 11:21:12,2026-08-10 11:21:12
217347,1703,UFMA7,COMPRA,450,154.0770,11.4523,2026-08-10 15:01:36,2026-08-10 15:01:36,2026-08-10 15:01:36
217348,2116,HCZM2,COMPRA,30,448.6934,11.6870,2026-08-10 16:28:19,2026-08-10 16:28:22,2026-08-10 16:28:22
217349,2327,YRWH3,COMPRA,75,215.3101,11.1979,2026-08-10 14:00:12,2026-08-10 14:00:14,2026-08-10 14:00:14
217350,2503,DEGN5,COMPRA,255,88.8197,12.5696,2026-08-10 15:27:19,2026-08-10 15:27:21,2026-08-10 15:27:21
217351,1711,NWGB4,COMPRA,17,107.7327,1.1478,2026-08-10 14:12:22,2026-08-10 14:12:22,2026-08-10 14:12:22
217352,3469,NAOF3,COMPRA,45,58.2250,5.2569,2026-08-10 12:20:51,2026-08-10 12:20:53,2026-08-10 12:20:53
217353,3284,HVEX2,COMPRA,455,125.2870,4.8989,2026-08-10 14:02:53,2026-08-10 14:02:56,2026-08-10 14:02:56
217354,2666,JUDG8,COMPRA,315,99.4851,7.9485,2026-08-10 16:19:34,2026-08-10 16:19:36,2026-08-10 16:19:36
217355,3459,RDOA3,COMPRA,321,108.1535,5.2803,2026-08-10 14:16:30,2026-08-10 14:16:33,2026-08-10 14:16:33
217356,3168,KQEO3,COMPRA,60,73.2169,5.7342,2026-08-10 17:11:54,2026-08-10 17:11:54,2026-08-10 17:11:54
217357,2245,TVCE9,COMPRA,285,58.6067,0.9122,2026-08-10 12:48:23,2026-08-10 12:48:23,2026-08-10 12:48:23
217358,1059,QYBV3,COMPRA,100,60.0000,3.3519,2026-08-10 16:12:58,2026-08-10 16:12:59,2026-08-10 16:12:59
217359,3202,XTVW5,COMPRA,195,84.7821,0.8947,2026-08-10 12:39:13,2026-08-10 12:39:15,2026-08-10 12:39:15
217360,3418,ICSU4,COMPRA,335,134.5482,2.2506,2026-08-10 12:47:08,2026-08-10 12:47:08,2026-08-10 12:47:08
217361,1696,XOVY4,COMPRA,116,122.4474,0.2589,2026-08-10 15:38:48,2026-08-10 15:38:51,2026-08-10 15:38:51
217362,3481,AAUA7,COMPRA,345,125.0177,10.7611,2026-08-10 11:57:48,2026-08-10 11:57:51,2026-08-10 11:57:51
217363,2110,XPVA7,COMPRA,380,547.0217,9.4261,2026-08-10 13:53:40,2026-08-10 13:53:43,2026-08-10 13:53:43
217364,1817,MGRR2,COMPRA,27,103.1306,3.5613,2026-08-10 12:32:49,2026-08-10 12:32:50,2026-08-10 12:32:50
217365,3333,AAWB3,COMPRA,275,194.7275,1.3198,2026-08-10 10:22:23,2026-08-10 10:22:26,2026-08-10 10:22:26
217366,1966,DSFC9,COMPRA,295,528.7585,8.3698,2026-08-10 16:38:16,2026-08-10 16:38:19,2026-08-10 16:38:19
217367,1204,TVCE9,COMPRA,105,75.6016,3.0679,2026-08-10 14:42:25,2026-08-10 14:42:25,2026-08-10 14:42:25
217368,1576,DQSN6,COMPRA,150,112.5500,10.2011,2026-08-10 15:33:03,2026-08-10 15:33:04,2026-08-10 15:33:04
217369,2286,OVYL9,COMPRA,170,73.3108,3.0655,2026-08-10 14:48:22,2026-08-10 14:48:23,2026-08-10 14:48:23
217370,2660,WIPB2,COMPRA,212,106.4812,12.7698,2026-08-10 13:51:33,2026-08-10 13:51:33,2026-08-10 13:51:33
217371,2607,XPVA7,COMPRA,298,497.3717,0.6419,2026-08-10 14:28:05,2026-08-10 14:28:07,2026-08-10 14:28:07
217372,2043,NYGT6,COMPRA,120,114.0181,11.7267,2026-08-10 14:54:32,2026-08-10 14:54:35,2026-08-10 14:54:35
217373,2355,WXFC8,COMPRA,360,87.8665,5.7165,2026-08-10 10:38:19,2026-08-10 10:38:21,2026-08-10 10:38:21
217374,3463,TBWG2,COMPRA,215,62.3025,6.9296,2026-08-10 11:17:00,2026-08-10 11:17:02,2026-08-10 11:17:02
217375,1238,RHXV4,COMPRA,380,55.7763,2.7288,2026-08-10 12:36:11,2026-08-10 12:36:14,2026-08-10 12:36:14
217376,2968,TBWG2,COMPRA,365,63.0816,2.8693,2026-08-10 13:57:22,2026-08-10 13:57:25,2026-08-10 13:57:25
217377,1667,JJVW6,COMPRA,100,140.2245,6.4183,2026-08-10 13:45:28,2026-08-10 13:45:29,2026-08-10 13:45:29
217378,1371,JDJG6,COMPRA,140,55.0284,6.5932,2026-08-10 17:19:11,2026-08-10 17:19:13,2026-08-10 17:19:13
217379,2421,QQQS1,COMPRA,75,22.3842,0.9144,2026-08-10 12:06:34,2026-08-10 12:06:35,2026-08-10 12:06:35
217380,3072,HJRH5,COMPRA,35,129.9815,9.2421,2026-08-10 12:53:50,2026-08-10 12:53:53,2026-08-10 12:53:53
217381,3056,GFDF2,COMPRA,45,77.3142,10.1811,2026-08-10 11:25:59,2026-08-10 11:25:59,2026-08-10 11:25:59
217382,3175,BGNM6,COMPRA,325,124.3315,9.8888,2026-08-10 13:12:40,2026-08-10 13:12:42,2026-08-10 13:12:42
217383,2210,KQEO3,COMPRA,375,65.7878,4.8342,2026-08-10 12:15:52,2026-08-10 12:15:53,2026-08-10 12:15:53
217384,2294,UYFJ9,COMPRA,35,104.9039,6.5133,2026-08-10 12:23:17,2026-08-10 12:23:18,2026-08-10 12:23:18
217385,2226,SGBG8,COMPRA,295,83.4272,4.0718,2026-08-10 10:37:56,2026-08-10 10:37:59,2026-08-10 10:37:59
217386,2339,NUJZ2,COMPRA,144,34.1046,12.1423,2026-08-10 17:10:22,2026-08-10 17:10:22,2026-08-10 17:10:22
217387,1944,IWFI1,COMPRA,240,137.5857,12.8341,2026-08-10 15:30:23,2026-08-10 15:30:24,2026-08-10 15:30:24
217388,3341,WIPB2,COMPRA,45,97.0642,8.4723,2026-08-10 11:55:06,2026-08-10 11:55:07,2026-08-10 11:55:07
217389,2228,CQJZ4,COMPRA,185,106.7860,11.3023,2026-08-10 16:19:19,2026-08-10 16:19:21,2026-08-10 16:19:21
217390,2009,GFDF2,COMPRA,240,105.3362,2.3914,2026-08-10 14:34:53,2026-08-10 14:34:54,2026-08-10 14:34:54
217391,1293,TXHR8,COMPRA,300,78.0375,5.0396,2026-08-10 14:40:51,2026-08-10 14:40:52,2026-08-10 14:40:52
217392,1651,MGRR2,COMPRA,240,108.6460,4.4949,2026-08-10 10:29:16,2026-08-10 10:29:16,2026-08-10 10:29:16
217393,3445,QHFL8,VENDA,495,120.5872,3.0559,2026-08-10 17:22:22,2026-08-10 17:22:23,2026-08-10 17:22:23
217394,2749,HVEX2,COMPRA,365,153.9630,0.9476,2026-08-10 14:15:56,2026-08-10 14:15:59,2026-08-10 14:15:59
217395,1175,GFDF2,COMPRA,135,84.8505,5.3082,2026-08-10 16:09:47,2026-08-10 16:09:47,2026-08-10 16:09:47
217396,1071,KFSY2,COMPRA,141,127.6795,7.2376,2026-08-10 14:39:54,2026-08-10 14:39:56,2026-08-10 14:39:56
217397,1237,NUJZ2,COMPRA,120,38.4716,,2026-08-10 11:40:20,2026-08-10 11:40:22,2026-08-10 11:40:22
217398,2039,TXHR8,COMPRA,120,85.3789,7.0083,2026-08-10 14:53:00,2026-08-10 14:53:01,2026-08-10 14:53:01
217399,1178,XPVA7,COMPRA,265,356.0486,7.4847,2026-08-10 11:08:21,2026-08-10 11:08:24,2026-08-10 11:08:24
217400,3313,AAWB3,COMPRA,220,143.4315,4.4972,2026-08-10 12:41:10,2026-08-10 12:41:11,2026-08-10 12:41:11
217401,2472,UFMA7,COMPRA,335,164.5857,9.8790,2026-08-10 16:05:15,2026-08-10 16:05:17,2026-08-10 16:05:17
217402,3131,MGRR2,COMPRA,210,107.9111,7.3986,2026-08-10 12:54:24,2026-08-10 12:54:27,2026-08-10 12:54:27
217403,3203,FIUW1,COMPRA,46,136.3205,10.5191,2026-08-10 15:56:04,2026-08-10 15:56:06,2026-08-10 15:56:06
217404,1920,WXQM6,COMPRA,183,47.2762,1.1712,2026-08-10 10:12:33,2026-08-10 10:12:35,2026-08-10 10:12:35
217405,1996,YRWH3,COMPRA,40,179.1873,11.9838,2026-08-10 11:50:10,2026-08-10 11:50:11,2026-08-10 11:50:11
217406,1283,AYFQ2,COMPRA,5,12.2157,7.8451,2026-08-10 16:35:42,2026-08-10 16:35:44,2026-08-10 16:35:44
217407,3257,SVOZ4,COMPRA,445,49.0987,5.0778,2026-08-10 17:21:11,2026-08-10 17:21:14,2026-08-10 17:21:14
217408,3401,DFGR7,COMPRA,310,115.9213,2.8723,2026-08-10 14:10:07,2026-08-10 14:10:08,2026-08-10 14:10:08
217409,2930,PBZM6,VENDA,405,51.2264,7.5756,2026-08-10 16:09:49,2026-08-10 16:09:49,2026-08-10 16:09:49
217410,3270,HJRH5,COMPRA,60,134.9938,1.6847,2026-08-10 13:53:06,2026-08-10 13:53:09,2026-08-10 13:53:09
217411,2988,FIUW1,COMPRA,365,94.9956,5.5579,2026-08-10 17:13:41,2026-08-10 17:13:42,2026-08-10 17:13:42
217412,2024,AAUA7,COMPRA,230,107.6222,11.0936,2026-08-10 13:25:09,2026-08-10 13:25:11,2026-08-10 13:25:11
217413,2509,RSBT4,COMPRA,190,460.3458,7.5123,2026-08-10 12:48:21,2026-08-10 12:48:21,2026-08-10 12:48:21
217414,2539,ENRZ2,COMPRA,265,84.5368,10.6534,2026-08-10 11:46:22,2026-08-10 11:46:23,2026-08-10 11:46:23
217415,3181,XLZM9,COMPRA,470,53.0595,2.6337,2026-08-10 10:14:18,2026-08-10 10:14:19,2026-08-10 10:14:19
217416,2319,YYLA4,COMPRA,335,211.4305,8.9004,2026-08-10 13:00:44,2026-08-10 13:00:44,2026-08-10 13:00:44
217417,2889,KHGP6,COMPRA,335,114.7666,4.4885,2026-08-10 13:34:57,2026-08-10 13:35:00,2026-08-10 13:35:00
217418,3085,YOWA1,COMPRA,383,65.1069,4.8462,2026-08-10 11:08:04,2026-08-10 11:08:04,2026-08-10 11:08:04
217419,1685,MCMT2,COMPRA,310,98.5307,4.8453,2026-08-10 15:38:34,2026-08-10 15:38:37,2026-08-10 15:38:37
217420,2410,RMRT1,COMPRA,415,77.5112,0.7371,2026-08-10 16:42:12,2026-08-10 16:42:14,2026-08-10 16:42:14
217421,1314,KQEO3,COMPRA,480,84.5356,11.7162,2026-08-10 16:20:22,2026-08-10 16:20:25,2026-08-10 16:20:25
217422,3114,ACSV1,COMPRA,140,102.7148,9.1037,2026-08-10 11:17:41,2026-08-10 11:17:42,2026-08-10 11:17:42
217423,2024,CQJZ4,COMPRA,250,91.1573,7.2883,2026-08-10 16:41:50,2026-08-10 16:41:51,2026-08-10 16:41:51
217424,3510,DHRM5,COMPRA,247,369.6899,4.5727,2026-08-10 14:33:47,2026-08-10 14:33:48,2026-08-10 14:33:48
217425,3363,IPXK2,COMPRA,500,296.7517,5.5080,2026-08-10 10:56:28,2026-08-10 10:56:29,2026-08-10 10:56:29
217426,3139,AAUA7,COMPRA,103,116.7471,0.3827,2026-08-10 10:36:39,2026-08-10 10:36:39,2026-08-10 10:36:39
217427,2581,TNHT4,COMPRA,430,114.1916,10.2037,2026-08-10 13:24:15,2026-08-10 13:24:17,2026-08-10 13:24:17
217428,1425,RHXV4,COMPRA,190,48.1750,5.6712,2026-08-10 12:28:52,2026-08-10 12:28:53,2026-08-10 12:28:53
217429,1828,YOWA1,COMPRA,274,68.9147,11.6391,2026-08-10 12:29:35,2026-08-10 12:29:36,2026-08-10 12:29:36
217430,2900,VLEB3,COMPRA,405,483.1720,0.3645,2026-08-10 15:35:42,2026-08-10 15:35:44,2026-08-10 15:35:44
217431,2627,DMTZ8,VENDA,100,185.3633,1.4311,2026-08-10 16:48:03,2026-08-10 16:48:05,2026-08-10 16:48:05
217432,2068,QHFL8,COMPRA,285,117.5463,9.5507,2026-08-10 11:18:38,2026-08-10 11:18:38,2026-08-10 11:18:38
217433,3409,NPEM3,COMPRA,465,91.0571,7.6269,2026-08-10 12:51:53,2026-08-10 12:51:53,2026-08-10 12:51:53
217434,1998,EEYY9,COMPRA,350,169.8094,6.9035,2026-08-10 12:58:34,2026-08-10 12:58:37,2026-08-10 12:58:37
217435,1902,GFDF2,COMPRA,295,105.5657,6.7446,2026-08-10 11:38:59,2026-08-10 11:38:59,2026-08-10 11:38:59
217436,1703,DHRM5,COMPRA,350,335.4656,12.8191,2026-08-10 13:16:42,2026-08-10 13:16:45,2026-08-10 13:16:45
217437,3323,SGBG8,COMPRA,425,85.1508,3.0146,2026-08-10 15:13:12,2026-08-10 15:13:15,2026-08-10 15:13:15
217438,2906,FIUW1,COMPRA,495,126.7213,4.8688,2026-08-10 10:43:34,2026-08-10 10:43:36,2026-08-10 10:43:36
217439,2750,NREP8,COMPRA,463,108.3813,4.0634,2026-08-10 15:42:25,2026-08-10 15:42:26,2026-08-10 15:42:26
217440,2895,JIPR4,COMPRA,300,24.9266,6.0938,2026-08-10 11:14:52,2026-08-10 11:14:55,2026-08-10 11:14:55
217441,1626,NGIU9,COMPRA,295,91.2295,,2026-08-10 10:13:50,2026-08-10 10:13:51,2026-08-10 10:13:51
217442,2125,PBZM6,COMPRA,115,63.9596,6.3583,2026-08-10 10:14:32,2026-08-10 10:14:33,2026-08-10 10:14:33
217443,2464,YIHC3,COMPRA,240,74.1390,12.5054,2026-08-10 11:10:12,2026-08-10 11:10:14,2026-08-10 11:10:14
217444,3137,QTHQ1,COMPRA,355,19.0696,4.5386,2026-08-10 15:39:21,2026-08-10 15:39:21,2026-08-10 15:39:21
217445,2942,HCLJ8,COMPRA,405,105.3208,6.8031,2026-08-10 16:32:49,2026-08-10 16:32:50,2026-08-10 16:32:50
217446,1228,NREP8,COMPRA,40,142.6722,11.2178,2026-08-10 10:53:04,2026-08-10 10:53:05,2026-08-10 10:53:05
217447,1266,PZUP8,COMPRA,50,140.0677,10.4030,2026-08-10 16:29:48,2026-08-10 16:29:51,2026-08-10 16:29:51
217448,1893,UYFJ9,COMPRA,80,107.7682,6.2658,2026-08-10 11:47:57,2026-08-10 11:47:59,2026-08-10 11:47:59
217449,1112,UVEY5,COMPRA,325,93.1081,3.5977,2026-08-10 13:48:56,2026-08-10 13:48:56,2026-08-10 13:48:56
217450,3253,YOWA1,COMPRA,55,53.8000,5.2553,2026-08-10 12:47:26,2026-08-10 12:47:27,2026-08-10 12:47:27
217451,2646,XTVW5,COMPRA,335,99.6591,6.7543,2026-08-10 14:18:20,2026-08-10 14:18:23,2026-08-10 14:18:23
217452,3359,GULD2,VENDA,95,139.2302,12.0351,2026-08-10 14:39:03,2026-08-10 14:39:06,2026-08-10 14:39:06
217453,1413,SUZL4,COMPRA,375,155.3962,6.2264,2026-08-10 13:15:58,2026-08-10 13:16:01,2026-08-10 13:16:01
217454,3363,PQUT9,COMPRA,215,98.8515,7.2275,2026-08-10 17:06:13,2026-08-10 17:06:14,2026-08-10 17:06:14
217455,3479,RYPL6,COMPRA,35,70.0910,0.0353,2026-08-10 15:42:04,2026-08-10 15:42:05,2026-08-10 15:42:05
217456,3095,GFDF2,COMPRA,238,96.5947,5.7972,2026-08-10 15:59:22,2026-08-10 15:59:24,2026-08-10 15:59:24
217457,1258,XLZM9,COMPRA,171,43.6216,4.2449,2026-08-10 12:34:21,2026-08-10 12:34:23,2026-08-10 12:34:23
217458,2066,YCCK8,COMPRA,195,367.1727,2.6592,2026-08-10 15:40:21,2026-08-10 15:40:22,2026-08-10 15:40:22
217459,2724,DEGN5,COMPRA,75,68.3064,10.3087,2026-08-10 13:02:23,2026-08-10 13:02:24,2026-08-10 13:02:24
217460,1296,IWFI1,COMPRA,170,161.9755,2.8099,2026-08-10 10:49:27,2026-08-10 10:49:29,2026-08-10 10:49:29
217461,2287,OXVD8,COMPRA,400,81.8110,2.6299,2026-08-10 13:39:42,2026-08-10 13:39:42,2026-08-10 13:39:42
217462,2586,RHXV4,COMPRA,380,70.7004,12.2056,2026-08-10 17:10:29,2026-08-10 17:10:29,2026-08-10 17:10:29
217463,2250,SGBG8,COMPRA,110,68.1691,9.2235,2026-08-10 13:10:23,2026-08-10 13:10:24,2026-08-10 13:10:24
217464,2918,MCHX2,COMPRA,330,125.0519,9.6454,2026-08-10 13:10:30,2026-08-10 13:10:31,2026-08-10 13:10:31
217465,1014,UFMA7,COMPRA,254,159.3685,0.0526,2026-08-10 17:23:41,2026-08-10 17:23:43,2026-08-10 17:23:43
217466,1194,WIPB2,COMPRA,185,101.6694,5.8242,2026-08-10 13:37:18,2026-08-10 13:37:18,2026-08-10 13:37:18
217467,2569,XLZM9,COMPRA,365,42.9172,3.0478,2026-08-10 10:56:07,2026-08-10 10:56:08,2026-08-10 10:56:08
217468,1267,RIET5,COMPRA,220,160.6548,3.8044,2026-08-10 13:40:36,2026-08-10 13:40:39,2026-08-10 13:40:39
217469,3257,WIPB2,COMPRA,115,125.7658,0.8214,2026-08-10 13:29:25,2026-08-10 13:29:27,2026-08-10 13:29:27
217470,2234,PBZM6,COMPRA,295,54.2294,11.4381,2026-08-10 10:42:55,2026-08-10 10:42:58,2026-08-10 10:42:58
217471,2607,ENRZ2,COMPRA,450,93.9025,10.8669,2026-08-10 15:00:25,2026-08-10 15:00:27,2026-08-10 15:00:27
217472,1417,XOVY4,VENDA,165,115.8165,8.0085,2026-08-10 14:50:05,2026-08-10 14:50:07,2026-08-10 14:50:07
217473,3528,HJRH5,COMPRA,410,184.4762,7.5124,2026-08-10 12:18:54,2026-08-10 12:18:54,2026-08-10 12:18:54
217474,3479,ZYVN7,COMPRA,200,69.8618,5.2558,2026-08-10 11:22:45,2026-08-10 11:22:45,2026-08-10 11:22:45
217475,1167,ECQD7,COMPRA,240,99.0764,3.6636,2026-08-10 11:40:42,2026-08-10 11:40:45,2026-08-10 11:40:45
217476,1210,FYZB6,COMPRA,345,70.1223,11.2255,2026-08-10 15:10:56,2026-08-10 15:10:57,2026-08-10 15:10:57
217477,1195,BOCS8,COMPRA,425,65.6405,0.5409,2026-08-10 11:12:11,2026-08-10 11:12:12,2026-08-10 11:12:12
217478,2052,LCCH9,COMPRA,340,10.5049,0.8304,2026-08-10 11:31:56,2026-08-10 11:31:58,2026-08-10 11:31:58
217479,3170,KQEO3,COMPRA,347,66.6214,2.0695,2026-08-10 10:51:29,2026-08-10 10:51:30,2026-08-10 10:51:30
217480,2317,GFDF2,COMPRA,100,92.5482,11.5296,2026-08-10 13:07:19,2026-08-10 13:07:22,2026-08-10 13:07:22
217481,2659,RHXV4,COMPRA,110,74.9907,2.6192,2026-08-10 16:57:41,2026-08-10 16:57:41,2026-08-10 16:57:41
217482,1302,XLZM9,COMPRA,5,50.5242,10.9243,2026-08-10 16:57:32,2026-08-10 16:57:34,2026-08-10 16:57:34
217483,1095,TNHT4,COMPRA,150,110.8790,0.2651,2026-08-10 12:04:04,2026-08-10 12:04:07,2026-08-10 12:04:07
217484,2661,EEYY9,COMPRA,75,168.3101,12.0739,2026-08-10 12:41:58,2026-08-10 12:41:58,2026-08-10 12:41:58
217485,1163,YRWH3,COMPRA,315,175.1378,8.9798,2026-08-10 10:27:30,2026-08-10 10:27:32,2026-08-10 10:27:32
217486,1236,DEGN5,COMPRA,30,68.7080,1.6840,2026-08-10 10:16:51,2026-08-10 10:16:53,2026-08-10 10:16:53
217487,2574,QHFL8,COMPRA,325,122.5854,8.7782,2026-08-10 13:12:25,2026-08-10 13:12:26,2026-08-10 13:12:26
217488,1707,XPVA7,COMPRA,55,549.2626,4.0315,2026-08-10 11:45:25,2026-08-10 11:45:27,2026-08-10 11:45:27
217489,1464,IJJK3,COMPRA,240,84.3838,7.7455,2026-08-10 11:25:56,2026-08-10 11:25:56,2026-08-10 11:25:56
217490,3229,BGNM6,COMPRA,90,121.5447,9.4537,2026-08-10 12:00:16,2026-08-10 12:00:17,2026-08-10 12:00:17
217491,3345,OVUQ2,COMPRA,5,50.7397,2.9865,2026-08-10 11:33:30,2026-08-10 11:33:32,2026-08-10 11:33:32
217492,1662,ENRZ2,COMPRA,400,87.2234,2.6624,2026-08-10 16:14:12,2026-08-10 16:14:14,2026-08-10 16:14:14
217493,2704,QATW7,COMPRA,85,54.1240,12.8529,2026-08-10 16:53:46,2026-08-10 16:53:48,2026-08-10 16:53:48
217494,3151,JJVW6,COMPRA,15,144.8853,12.4109,2026-08-10 10:21:50,2026-08-10 10:21:51,2026-08-10 10:21:51
217495,2121,MJDL9,COMPRA,270,31.0361,5.7494,2026-08-10 10:55:43,2026-08-10 10:55:46,2026-08-10 10:55:46
217496,1822,TXHR8,COMPRA,365,69.6860,11.2401,2026-08-10 16:47:51,2026-08-10 16:47:51,2026-08-10 16:47:51
217497,2254,AAWB3,COMPRA,270,169.7479,6.6980,2026-08-10 12:07:54,2026-08-10 12:07:57,2026-08-10 12:07:57
217498,2737,DQSN6,COMPRA,295,159.4933,9.6232,2026-08-10 14:34:47,2026-08-10 14:34:50,2026-08-10 14:34:50
217499,2044,HJRH5,COMPRA,430,179.2037,8.2123,2026-08-10 10:20:16,2026-08-10 10:20:19,2026-08-10 10:20:19
217500,1266,LGKU6,COMPRA,365,85.6318,8.6368,2026-08-10 14:18:18,2026-08-10 14:18:20,2026-08-10 14:18:20
217501,1508,QYBV3,COMPRA,495,69.4745,10.1045,2026-08-10 12:58:13,2026-08-10 12:58:13,2026-08-10 12:58:13
217502,2212,NWGB4,COMPRA,40,127.0608,11.7813,2026-08-10 12:58:14,2026-08-10 12:58:15,2026-08-10 12:58:15
217503,3146,EEYY9,COMPRA,160,143.8168,5.7993,2026-08-10 10:52:02,2026-08-10 10:52:04,2026-08-10 10:52:04
217504,2978,FRGH8,COMPRA,315,73.1935,12.2506,2026-08-10 16:55:06,2026-08-10 16:55:08,2026-08-10 16:55:08
217505,1519,IPXK2,VENDA,165,338.5040,9.3744,2026-08-10 11:57:00,2026-08-10 11:57:02,2026-08-10 11:57:02
217506,1842,BXFJ9,VENDA,295,139.1708,4.6598,2026-08-10 14:50:26,2026-08-10 14:50:26,2026-08-10 14:50:26
217507,2116,SGBG8,COMPRA,190,82.9716,7.2409,2026-08-10 13:02:15,2026-08-10 13:02:17,2026-08-10 13:02:17
217508,3127,ERTC4,COMPRA,314,39.7922,8.2703,2026-08-10 13:53:13,2026-08-10 13:53:14,2026-08-10 13:53:14
217509,3353,UFIU3,COMPRA,200,70.9188,2.9610,2026-08-10 13:21:08,2026-08-10 13:21:09,2026-08-10 13:21:09
217510,3345,NAOF3,COMPRA,270,75.3790,4.4321,2026-08-10 14:22:03,2026-08-10 14:22:05,2026-08-10 14:22:05
217511,1116,KFSY2,COMPRA,255,105.3283,9.5272,2026-08-10 13:34:34,2026-08-10 13:34:37,2026-08-10 13:34:37
217512,3353,ENRZ2,COMPRA,205,86.0438,1.6153,2026-08-10 14:05:58,2026-08-10 14:05:59,2026-08-10 14:05:59
217513,3081,IZTY4,COMPRA,290,38.2931,6.2703,2026-08-10 16:06:43,2026-08-10 16:06:46,2026-08-10 16:06:46
217514,3334,UCHR6,COMPRA,280,317.2807,3.3260,2026-08-10 16:40:56,2026-08-10 16:40:58,2026-08-10 16:40:58
217515,2980,MOLF3,COMPRA,367,64.2870,7.1306,2026-08-10 15:22:31,2026-08-10 15:22:32,2026-08-10 15:22:32
217516,1868,HCLJ8,COMPRA,370,89.3249,12.8099,2026-08-10 14:27:08,2026-08-10 14:27:09,2026-08-10 14:27:09
217517,3025,ENRZ2,COMPRA,165,123.0935,3.4867,2026-08-10 13:04:19,2026-08-10 13:04:19,2026-08-10 13:04:19
217518,1835,GFDF2,VENDA,255,97.4847,3.1161,2026-08-10 15:45:53,2026-08-10 15:45:55,2026-08-10 15:45:55
217519,3181,IWFI1,COMPRA,410,160.2627,11.3616,2026-08-10 11:08:03,2026-08-10 11:08:04,2026-08-10 11:08:04
217520,2036,LCCH9,COMPRA,345,8.6667,9.5910,2026-08-10 14:33:44,2026-08-10 14:33:44,2026-08-10 14:33:44
217521,1202,YYLA4,COMPRA,265,215.2305,11.2501,2026-08-10 13:57:08,2026-08-10 13:57:11,2026-08-10 13:57:11
217522,2887,TNHT4,COMPRA,120,125.4669,9.9661,2026-08-10 16:28:04,2026-08-10 16:28:07,2026-08-10 16:28:07
217523,2705,UQJU7,COMPRA,355,60.0000,7.3581,2026-08-10 10:41:06,2026-08-10 10:41:09,2026-08-10 10:41:09
217524,3104,TBWG2,COMPRA,315,68.2657,9.0890,2026-08-10 17:08:36,2026-08-10 17:08:38,2026-08-10 17:08:38
217525,2393,XTVW5,COMPRA,330,131.2625,4.5454,2026-08-10 16:24:18,2026-08-10 16:24:18,2026-08-10 16:24:18
217526,2242,LIEG8,COMPRA,150,117.0091,8.4740,2026-08-10 10:18:07,2026-08-10 10:18:07,2026-08-10 10:18:07
217527,1524,TVCE9,COMPRA,405,61.1613,11.3899,2026-08-10 14:33:55,2026-08-10 14:33:58,2026-08-10 14:33:58
217528,3519,HCZM2,COMPRA,475,341.6339,10.8729,2026-08-10 17:16:26,2026-08-10 17:16:27,2026-08-10 17:16:27
217529,1769,XAVL3,COMPRA,434,202.4125,6.8718,2026-08-10 14:12:11,2026-08-10 14:12:11,2026-08-10 14:12:11
217530,2210,NHYK8,COMPRA,235,55.1291,6.7858,2026-08-10 11:48:21,2026-08-10 11:48:23,2026-08-10 11:48:23
217531,1629,TNHT4,COMPRA,480,134.7114,0.3727,2026-08-10 17:09:41,2026-08-10 17:09:41,2026-08-10 17:09:41
217532,2528,TNHT4,COMPRA,470,149.8236,11.8025,2026-08-10 16:34:35,2026-08-10 16:34:37,2026-08-10 16:34:37
217533,1454,AAWB3,COMPRA,250,146.3232,,2026-08-10 16:28:36,2026-08-10 16:28:37,2026-08-10 16:28:37
217534,2042,IJJK3,COMPRA,255,114.6459,8.4153,2026-08-10 13:34:20,2026-08-10 13:34:23,2026-08-10 13:34:23
217535,1730,DHRM5,COMPRA,195,348.2013,8.2096,2026-08-10 12:21:43,2026-08-10 12:21:45,2026-08-10 12:21:45
217536,2123,ECQD7,VENDA,440,78.8673,12.2255,2026-08-10 12:09:42,2026-08-10 12:09:42,2026-08-10 12:09:42
217537,3500,QQQS1,COMPRA,315,21.3095,9.9910,2026-08-10 15:32:39,2026-08-10 15:32:40,2026-08-10 15:32:40
217538,1818,BXFJ9,COMPRA,260,186.0100,1.7607,2026-08-10 15:27:38,2026-08-10 15:27:39,2026-08-10 15:27:39
217539,3249,YIHC3,COMPRA,180,73.1527,1.2978,2026-08-10 12:30:22,2026-08-10 12:30:22,2026-08-10 12:30:22
217540,1972,GAKD5,VENDA,270,282.9755,11.8858,2026-08-10 15:04:09,2026-08-10 15:04:12,2026-08-10 15:04:12
217541,1620,YIHC3,COMPRA,100,73.8565,1.2653,2026-08-10 17:07:50,2026-08-10 17:07:51,2026-08-10 17:07:51
217542,3367,MCMT2,COMPRA,287,102.6513,11.1081,2026-08-10 16:13:41,2026-08-10 16:13:44,2026-08-10 16:13:44
217543,2750,RDOA3,COMPRA,285,111.1250,10.5206,2026-08-10 13:16:24,2026-08-10 13:16:27,2026-08-10 13:16:27
217544,1821,JIPA6,COMPRA,120,41.2071,9.6805,2026-08-10 17:26:11,2026-08-10 17:26:13,2026-08-10 17:26:13
217545,2647,LQML9,COMPRA,480,175.7857,4.8379,2026-08-10 13:18:14,2026-08-10 13:18:14,2026-08-10 13:18:14
217546,1724,ACSV1,COMPRA,285,117.2460,1.8711,2026-08-10 15:22:09,2026-08-10 15:22:09,2026-08-10 15:22:09
217547,3308,UFMA7,COMPRA,430,192.2013,12.0758,2026-08-10 16:15:13,2026-08-10 16:15:13,2026-08-10 16:15:13
217548,1528,NWGB4,COMPRA,30,104.7260,11.0632,2026-08-10 11:04:56,2026-08-10 11:04:56,2026-08-10 11:04:56
217549,3125,PQUT9,COMPRA,10,92.2665,12.8780,2026-08-10 12:30:38,2026-08-10 12:30:40,2026-08-10 12:30:40
217550,3263,YOWA1,COMPRA,130,55.5204,10.5106,2026-08-10 10:18:05,2026-08-10 10:18:06,2026-08-10 10:18:06
217551,2435,WHMT3,COMPRA,85,89.8107,11.4658,2026-08-10 17:18:00,2026-08-10 17:18:03,2026-08-10 17:18:03
217552,2597,WHMT3,VENDA,398,123.3722,8.0199,2026-08-10 13:37:34,2026-08-10 13:37:34,2026-08-10 13:37:34
217553,1819,DEGN5,COMPRA,285,102.2914,4.4148,2026-08-10 10:37:12,2026-08-10 10:37:15,2026-08-10 10:37:15
217554,2176,UQJU7,COMPRA,170,88.5738,2.5864,2026-08-10 16:49:57,2026-08-10 16:49:58,2026-08-10 16:49:58
217555,2374,SRDU1,COMPRA,400,83.6450,11.8636,2026-08-10 16:36:18,2026-08-10 16:36:21,2026-08-10 16:36:21
217556,1794,FRGH8,COMPRA,80,75.7767,7.0990,2026-08-10 14:29:49,2026-08-10 14:29:49,2026-08-10 14:29:49
217557,1108,WMQZ6,COMPRA,485,70.8514,0.5212,2026-08-10 13:21:38,2026-08-10 13:21:41,2026-08-10 13:21:41
217558,2048,IZTY4,COMPRA,117,35.7923,5.8768,2026-08-10 10:42:40,2026-08-10 10:42:42,2026-08-10 10:42:42
217559,2194,NGIU9,COMPRA,500,113.3252,10.2027,2026-08-10 15:26:29,2026-08-10 15:26:31,2026-08-10 15:26:31
217560,1230,UQJU7,COMPRA,112,82.2033,11.5795,2026-08-10 10:15:31,2026-08-10 10:15:33,2026-08-10 10:15:33
217561,1695,AAUA7,COMPRA,405,157.6372,4.2870,2026-08-10 16:55:54,2026-08-10 16:55:55,2026-08-10 16:55:55
217562,3022,ECQD7,COMPRA,449,100.7458,5.2595,2026-08-10 11:14:50,2026-08-10 11:14:51,2026-08-10 11:14:51
217563,1794,QTDZ2,COMPRA,385,58.0578,12.6107,2026-08-10 16:04:28,2026-08-10 16:04:31,2026-08-10 16:04:31
217564,3164,OEQA8,COMPRA,55,431.2878,8.9258,2026-08-10 16:54:54,2026-08-10 16:54:54,2026-08-10 16:54:54
217565,2114,UQJU7,COMPRA,50,85.3684,6.0812,2026-08-10 10:00:43,2026-08-10 10:00:44,2026-08-10 10:00:44
217566,1035,RYPL6,COMPRA,124,77.8092,2.7612,2026-08-10 16:44:19,2026-08-10 16:44:22,2026-08-10 16:44:22
217567,2457,ZFBT3,COMPRA,305,94.5986,7.4035,2026-08-10 12:05:06,2026-08-10 12:05:07,2026-08-10 12:05:07
217568,3456,IJJK3,COMPRA,150,135.7135,4.7196,2026-08-10 17:25:58,2026-08-10 17:26:00,2026-08-10 17:26:00
217569,2702,BOCS8,COMPRA,168,70.1010,11.0860,2026-08-10 13:21:55,2026-08-10 13:21:57,2026-08-10 13:21:57
217570,2129,BXFJ9,COMPRA,145,172.3432,3.0596,2026-08-10 16:22:38,2026-08-10 16:22:40,2026-08-10 16:22:40
217571,3312,ENRZ2,COMPRA,330,93.0574,4.2632,2026-08-10 11:41:07,2026-08-10 11:41:07,2026-08-10 11:41:07
217572,1806,IWAK1,COMPRA,150,72.1000,3.5804,2026-08-10 14:46:02,2026-08-10 14:46:05,2026-08-10 14:46:05
217573,3340,SGBG8,COMPRA,322,90.8051,4.7213,2026-08-10 12:50:14,2026-08-10 12:50:17,2026-08-10 12:50:17
217574,1683,CQIL9,COMPRA,5,27.8870,2.0427,2026-08-10 10:58:14,2026-08-10 10:58:15,2026-08-10 10:58:15
217575,2252,NREP8,COMPRA,420,122.0440,3.4207,2026-08-10 16:42:15,2026-08-10 16:42:15,2026-08-10 16:42:15
217576,3396,YOWA1,COMPRA,125,56.1810,3.8489,2026-08-10 15:07:06,2026-08-10 15:07:09,2026-08-10 15:07:09
217577,1599,BOCS8,COMPRA,425,70.8591,6.3011,2026-08-10 13:02:23,2026-08-10 13:02:25,2026-08-10 13:02:25
217578,2919,MCMT2,COMPRA,165,114.0134,9.2763,2026-08-10 14:45:28,2026-08-10 14:45:29,2026-08-10 14:45:29
217579,1028,DEGN5,COMPRA,320,72.3010,3.6725,2026-08-10 13:58:25,2026-08-10 13:58:28,2026-08-10 13:58:28
217580,1052,AAWB3,COMPRA,435,171.4193,6.7722,2026-08-10 12:10:18,2026-08-10 12:10:21,2026-08-10 12:10:21
217581,3395,AAWB3,COMPRA,70,202.9550,3.3397,2026-08-10 11:58:18,2026-08-10 11:58:21,2026-08-10 11:58:21
217582,2071,UYFJ9,COMPRA,200,76.1553,10.7987,2026-08-10 14:11:40,2026-08-10 14:11:43,2026-08-10 14:11:43
217583,1407,UVEY5,COMPRA,490,91.3174,1.0872,2026-08-10 15:41:47,2026-08-10 15:41:47,2026-08-10 15:41:47
217584,3155,JIPR4,COMPRA,495,28.1897,9.5838,2026-08-10 13:13:46,2026-08-10 13:13:46,2026-08-10 13:13:46
217585,2606,QQQS1,COMPRA,400,27.6723,11.6896,2026-08-10 14:17:58,2026-08-10 14:18:00,2026-08-10 14:18:00
217586,2294,WMQZ6,COMPRA,455,79.0068,6.6095,2026-08-10 12:44:33,2026-08-10 12:44:34,2026-08-10 12:44:34
217587,3360,GFDF2,COMPRA,90,97.0590,8.1068,2026-08-10 12:17:08,2026-08-10 12:17:08,2026-08-10 12:17:08
217588,2378,ERTC4,COMPRA,20,46.8232,4.1732,2026-08-10 13:55:33,2026-08-10 13:55:34,2026-08-10 13:55:34
217589,2036,XAVL3,COMPRA,324,206.8643,9.1937,2026-08-10 15:40:21,2026-08-10 15:40:21,2026-08-10 15:40:21
217590,2490,RDOA3,COMPRA,90,115.0289,11.1896,2026-08-10 16:17:03,2026-08-10 16:17:04,2026-08-10 16:17:04
217591,1781,YCCK8,COMPRA,320,467.1543,5.2378,2026-08-10 13:50:29,2026-08-10 13:50:31,2026-08-10 13:50:31
217592,2929,GKQC5,COMPRA,55,101.6489,4.6641,2026-08-10 16:35:36,2026-08-10 16:35:36,2026-08-10 16:35:36
217593,2017,BSDJ7,COMPRA,35,290.7299,4.3204,2026-08-10 10:20:48,2026-08-10 10:20:48,2026-08-10 10:20:48
217594,2573,NPEM3,COMPRA,239,84.8450,1.2263,2026-08-10 13:58:00,2026-08-10 13:58:01,2026-08-10 13:58:01
217595,1445,SUZL4,COMPRA,330,117.8697,9.4513,2026-08-10 12:11:07,2026-08-10 12:11:07,2026-08-10 12:11:07
217596,2611,NREP8,COMPRA,490,150.8228,3.1104,2026-08-10 12:30:06,2026-08-10 12:30:06,2026-08-10 12:30:06
217597,3101,DSFC9,COMPRA,25,324.8022,0.3530,2026-08-10 16:00:51,2026-08-10 16:00:54,2026-08-10 16:00:54
217598,2970,TVCE9,COMPRA,135,81.6106,1.5641,2026-08-10 16:43:56,2026-08-10 16:43:58,2026-08-10 16:43:58
217599,2048,BXFJ9,COMPRA,8,183.6815,3.3179,2026-08-10 11:40:35,2026-08-10 11:40:37,2026-08-10 11:40:37
217600,2876,MOLF3,COMPRA,45,42.4508,10.2910,2026-08-10 15:44:41,2026-08-10 15:44:42,2026-08-10 15:44:42
217601,1781,WHMT3,COMPRA,372,87.0158,8.6128,2026-08-10 13:38:46,2026-08-10 13:38:47,2026-08-10 13:38:47
217602,3056,XAVL3,COMPRA,455,216.1802,3.6300,2026-08-10 11:31:12,2026-08-10 11:31:13,2026-08-10 11:31:13
217603,1517,BSDJ7,COMPRA,175,238.3948,11.6908,2026-08-10 13:18:19,2026-08-10 13:18:20,2026-08-10 13:18:20
217604,3142,NYGT6,COMPRA,145,123.6361,2.8349,2026-08-10 10:39:53,2026-08-10 10:39:55,2026-08-10 10:39:55
217605,1866,YOWA1,COMPRA,455,68.8959,11.4068,2026-08-10 17:15:49,2026-08-10 17:15:50,2026-08-10 17:15:50
217606,3212,FYZB6,COMPRA,175,72.4702,11.0817,2026-08-10 14:49:03,2026-08-10 14:49:06,2026-08-10 14:49:06
217607,1350,SVOZ4,COMPRA,250,55.3274,0.9731,2026-08-10 15:08:06,2026-08-10 15:08:09,2026-08-10 15:08:09
217608,3127,ZHTL2,COMPRA,70,78.9757,12.8540,2026-08-10 12:47:32,2026-08-10 12:47:35,2026-08-10 12:47:35
217609,2340,MCMT2,COMPRA,105,114.4699,5.4280,2026-08-10 13:31:20,2026-08-10 13:31:23,2026-08-10 13:31:23
217610,3340,FIUW1,COMPRA,395,100.3426,3.1502,2026-08-10 10:00:10,2026-08-10 10:00:13,2026-08-10 10:00:13
217611,3372,ACSV1,COMPRA,435,119.0782,7.1254,2026-08-10 10:35:19,2026-08-10 10:35:21,2026-08-10 10:35:21
217612,3368,KQEO3,COMPRA,370,86.3548,1.7804,2026-08-10 14:39:25,2026-08-10 14:39:25,2026-08-10 14:39:25
217613,3300,GULD2,COMPRA,90,150.7323,0.9168,2026-08-10 16:22:56,2026-08-10 16:22:58,2026-08-10 16:22:58
217614,2399,YOWA1,COMPRA,425,51.3913,11.1710,2026-08-10 10:50:57,2026-08-10 10:50:57,2026-08-10 10:50:57
217615,3047,HCLJ8,COMPRA,350,110.0610,3.8073,2026-08-10 17:11:13,2026-08-10 17:11:16,2026-08-10 17:11:16
217616,2143,TXHR8,COMPRA,165,70.2624,3.4411,2026-08-10 13:39:00,2026-08-10 13:39:03,2026-08-10 13:39:03
217617,3200,UVEY5,COMPRA,10,92.8306,7.6857,2026-08-10 11:02:50,2026-08-10 11:02:53,2026-08-10 11:02:53
217618,2694,PSEN6,COMPRA,50,224.8765,6.7168,2026-08-10 16:20:09,2026-08-10 16:20:11,2026-08-10 16:20:11
217619,3189,OVYL9,COMPRA,305,75.0617,0.2191,2026-08-10 16:16:22,2026-08-10 16:16:24,2026-08-10 16:16:24
217620,2691,ENRZ2,COMPRA,165,120.4470,7.1291,2026-08-10 12:58:24,2026-08-10 12:58:24,2026-08-10 12:58:24
217621,3326,OVYL9,COMPRA,215,60.0000,7.0209,2026-08-10 11:44:59,2026-08-10 11:45:00,2026-08-10 11:45:00
217622,3449,SUZL4,COMPRA,100,165.9283,6.2394,2026-08-10 16:46:59,2026-08-10 16:47:00,2026-08-10 16:47:00
217623,2816,LIEG8,COMPRA,435,77.8209,7.2566,2026-08-10 16:14:44,2026-08-10 16:14:46,2026-08-10 16:14:46
217624,3060,IPXK2,COMPRA,55,277.7534,4.7284,2026-08-10 12:15:32,2026-08-10 12:15:35,2026-08-10 12:15:35
217625,1553,OVYL9,COMPRA,50,65.4550,0.5248,2026-08-10 15:23:28,2026-08-10 15:23:31,2026-08-10 15:23:31
217626,1058,JDJG6,COMPRA,420,85.3326,10.1768,2026-08-10 15:36:17,2026-08-10 15:36:20,2026-08-10 15:36:20
217627,1321,UCHR6,COMPRA,75,450.0946,8.8775,2026-08-10 15:29:46,2026-08-10 15:29:49,2026-08-10 15:29:49
217628,1841,MJDL9,COMPRA,275,40.4912,2.9565,2026-08-10 15:05:02,2026-08-10 15:05:02,2026-08-10 15:05:02
217629,2164,YFAH5,COMPRA,495,193.8385,2.7313,2026-08-10 16:10:25,2026-08-10 16:10:25,2026-08-10 16:10:25
217630,1254,WHMT3,COMPRA,199,117.6138,9.4543,2026-08-10 12:31:42,2026-08-10 12:31:43,2026-08-10 12:31:43
217631,1934,IJJK3,COMPRA,90,103.1466,8.9927,2026-08-10 13:32:36,2026-08-10 13:32:36,2026-08-10 13:32:36
217632,3087,OEQA8,COMPRA,325,379.4876,10.8765,2026-08-10 10:12:07,2026-08-10 10:12:09,2026-08-10 10:12:09
217633,2346,ACSV1,COMPRA,60,93.4140,2.7051,2026-08-10 12:00:19,2026-08-10 12:00:21,2026-08-10 12:00:21
217634,3110,ERTC4,COMPRA,45,54.3504,5.3988,2026-08-10 13:56:06,2026-08-10 13:56:07,2026-08-10 13:56:07
217635,2356,QEUC2,VENDA,255,191.6805,8.9725,2026-08-10 11:55:00,2026-08-10 11:55:03,2026-08-10 11:55:03
217636,2288,KQEO3,COMPRA,439,56.8583,2.0207,2026-08-10 11:42:31,2026-08-10 11:42:32,2026-08-10 11:42:32
217637,2623,TVCE9,COMPRA,340,53.6360,5.8742,2026-08-10 13:03:00,2026-08-10 13:03:02,2026-08-10 13:03:02
217638,1324,IWFI1,COMPRA,345,166.6564,7.0211,2026-08-10 14:59:03,2026-08-10 14:59:04,2026-08-10 14:59:04
217639,1081,DMTZ8,COMPRA,330,137.7751,6.6119,2026-08-10 13:20:28,2026-08-10 13:20:29,2026-08-10 13:20:29
217640,1158,QTDZ2,COMPRA,35,58.7506,9.3508,2026-08-10 13:43:35,2026-08-10 13:43:37,2026-08-10 13:43:37
217641,1791,BSDJ7,COMPRA,180,296.1832,11.3440,2026-08-10 16:55:23,2026-08-10 16:55:24,2026-08-10 16:55:24
217642,3004,MCMT2,COMPRA,170,88.8253,1.7226,2026-08-10 15:40:46,2026-08-10 15:40:48,2026-08-10 15:40:48
217643,2852,DFGR7,COMPRA,65,75.2345,1.3374,2026-08-10 16:19:40,2026-08-10 16:19:40,2026-08-10 16:19:40
217644,3178,TVCE9,COMPRA,164,74.4406,2.3531,2026-08-10 14:10:45,2026-08-10 14:10:46,2026-08-10 14:10:46
217645,3459,EEYY9,COMPRA,188,157.1423,9.6389,2026-08-10 16:19:28,2026-08-10 16:19:30,2026-08-10 16:19:30
217646,1866,ZYVN7,COMPRA,430,77.1114,0.8041,2026-08-10 15:10:51,2026-08-10 15:10:52,2026-08-10 15:10:52
217647,1798,GFDF2,COMPRA,410,104.1851,7.1758,2026-08-10 12:16:00,2026-08-10 12:16:01,2026-08-10 12:16:01
217648,2576,MCMT2,COMPRA,355,74.8981,7.2393,2026-08-10 17:08:25,2026-08-10 17:08:26,2026-08-10 17:08:26
217649,3079,FRGH8,COMPRA,320,78.5587,,2026-08-10 12:55:25,2026-08-10 12:55:27,2026-08-10 12:55:27
217650,2773,OEQA8,COMPRA,75,493.0699,1.1609,2026-08-10 16:56:24,2026-08-10 16:56:24,2026-08-10 16:56:24
217651,1253,TBWG2,COMPRA,130,76.3105,9.8100,2026-08-10 16:36:41,2026-08-10 16:36:44,2026-08-10 16:36:44
217652,3488,LCCH9,VENDA,265,7.3642,4.0570,2026-08-10 10:07:03,2026-08-10 10:07:05,2026-08-10 10:07:05
217653,1031,TXHR8,COMPRA,450,74.3790,6.2723,2026-08-10 12:04:39,2026-08-10 12:04:42,2026-08-10 12:04:42
217654,2293,DEGN5,COMPRA,385,100.3477,12.7206,2026-08-10 10:14:20,2026-08-10 10:14:21,2026-08-10 10:14:21
217655,3254,TNHT4,COMPRA,45,103.2565,0.8566,2026-08-10 10:56:28,2026-08-10 10:56:28,2026-08-10 10:56:28
217656,3259,ACSV1,COMPRA,335,80.9419,3.6183,2026-08-10 11:15:43,2026-08-10 11:15:45,2026-08-10 11:15:45
217657,3443,YOWA1,COMPRA,85,66.3692,0.6048,2026-08-10 13:03:43,2026-08-10 13:03:43,2026-08-10 13:03:43
217658,2509,HCZM2,COMPRA,155,426.8310,12.8111,2026-08-10 11:05:57,2026-08-10 11:05:57,2026-08-10 11:05:57
217659,2265,JUDG8,COMPRA,345,89.4567,0.2165,2026-08-10 16:58:19,2026-08-10 16:58:19,2026-08-10 16:58:19
217660,3167,ZHTL2,COMPRA,260,48.1726,10.0135,2026-08-10 14:54:11,2026-08-10 14:54:14,2026-08-10 14:54:14
217661,1425,ZFBT3,COMPRA,5,91.3879,4.1576,2026-08-10 15:47:03,2026-08-10 15:47:06,2026-08-10 15:47:06
217662,1323,UQIQ7,COMPRA,30,79.8897,8.5925,2026-08-10 14:04:32,2026-08-10 14:04:33,2026-08-10 14:04:33
217663,2178,BXFJ9,COMPRA,105,136.9646,1.7291,2026-08-10 11:44:42,2026-08-10 11:44:42,2026-08-10 11:44:42
217664,1488,WMQZ6,COMPRA,433,62.2562,1.8478,2026-08-10 13:08:47,2026-08-10 13:08:49,2026-08-10 13:08:49
217665,1782,TVCE9,COMPRA,405,57.2270,4.1736,2026-08-10 13:49:58,2026-08-10 13:50:01,2026-08-10 13:50:01
217666,2003,NHYK8,COMPRA,140,64.8450,3.3386,2026-08-10 13:15:13,2026-08-10 13:15:16,2026-08-10 13:15:16
217667,3012,NAOF3,COMPRA,275,66.0002,10.9143,2026-08-10 14:24:30,2026-08-10 14:24:31,2026-08-10 14:24:31
217668,2558,HVEX2,COMPRA,195,122.5360,8.9752,2026-08-10 17:14:20,2026-08-10 17:14:23,2026-08-10 17:14:23
217669,2102,UQJU7,COMPRA,150,62.9838,0.2874,2026-08-10 12:10:33,2026-08-10 12:10:35,2026-08-10 12:10:35
217670,1689,RFNS7,COMPRA,245,91.6616,12.8816,2026-08-10 15:59:44,2026-08-10 15:59:44,2026-08-10 15:59:44
217671,1140,QEUC2,COMPRA,425,212.8673,6.7418,2026-08-10 17:13:54,2026-08-10 17:13:54,2026-08-10 17:13:54
217672,3133,DSFC9,COMPRA,235,376.6163,12.6407,2026-08-10 14:34:54,2026-08-10 14:34:57,2026-08-10 14:34:57
217673,1600,BOCS8,COMPRA,395,69.6263,6.0357,2026-08-10 10:13:30,2026-08-10 10:13:30,2026-08-10 10:13:30
217674,2595,WXFC8,COMPRA,405,75.2038,,2026-08-10 12:16:56,2026-08-10 12:16:58,2026-08-10 12:16:58
217675,2922,HCLJ8,COMPRA,30,101.0378,10.2183,2026-08-10 14:58:54,2026-08-10 14:58:56,2026-08-10 14:58:56
217676,2843,CQIL9,COMPRA,450,44.2299,8.0845,2026-08-10 13:04:59,2026-08-10 13:05:00,2026-08-10 13:05:00
217677,1894,QEUC2,COMPRA,205,186.3258,3.4183,2026-08-10 11:24:08,2026-08-10 11:24:11,2026-08-10 11:24:11
217678,1998,CQIL9,COMPRA,315,29.9143,4.6714,2026-08-10 10:44:24,2026-08-10 10:44:26,2026-08-10 10:44:26
217679,3528,DHRM5,COMPRA,5,240.4839,10.2365,2026-08-10 12:12:41,2026-08-10 12:12:41,2026-08-10 12:12:41
217680,2994,UFIU3,COMPRA,265,85.6839,3.3047,2026-08-10 10:42:47,2026-08-10 10:42:49,2026-08-10 10:42:49
217681,1304,JJVW6,COMPRA,275,138.8100,11.6999,2026-08-10 10:04:56,2026-08-10 10:04:57,2026-08-10 10:04:57
217682,2281,WHMT3,VENDA,105,128.2643,8.3496,2026-08-10 17:05:44,2026-08-10 17:05:44,2026-08-10 17:05:44
217683,1691,PZUP8,COMPRA,125,172.2609,5.1966,2026-08-10 14:56:45,2026-08-10 14:56:46,2026-08-10 14:56:46
217684,2663,AAUA7,COMPRA,160,126.5155,8.9961,2026-08-10 15:22:37,2026-08-10 15:22:38,2026-08-10 15:22:38
217685,1784,ICSU4,COMPRA,450,138.2488,9.5803,2026-08-10 12:33:36,2026-08-10 12:33:37,2026-08-10 12:33:37
217686,2473,JJVW6,COMPRA,55,144.3207,2.4959,2026-08-10 14:25:24,2026-08-10 14:25:25,2026-08-10 14:25:25
217687,2145,NPEM3,COMPRA,400,121.4532,8.3599,2026-08-10 17:05:34,2026-08-10 17:05:37,2026-08-10 17:05:37
217688,2886,KHGP6,COMPRA,350,90.0552,1.0784,2026-08-10 12:58:01,2026-08-10 12:58:03,2026-08-10 12:58:03
217689,1082,IWAK1,COMPRA,70,92.3942,0.1888,2026-08-10 15:42:34,2026-08-10 15:42:34,2026-08-10 15:42:34
217690,2355,RDOA3,COMPRA,150,83.4159,2.7612,2026-08-10 12:50:17,2026-08-10 12:50:17,2026-08-10 12:50:17
217691,1594,MCHX2,COMPRA,190,99.3765,8.0943,2026-08-10 11:59:52,2026-08-10 11:59:54,2026-08-10 11:59:54
217692,1824,DQSN6,COMPRA,455,104.1764,11.2513,2026-08-10 14:11:02,2026-08-10 14:11:03,2026-08-10 14:11:03
217693,3227,MCHX2,COMPRA,480,100.4710,2.2999,2026-08-10 12:12:51,2026-08-10 12:12:51,2026-08-10 12:12:51
217694,1498,XTVW5,COMPRA,95,105.4716,4.2279,2026-08-10 11:29:13,2026-08-10 11:29:13,2026-08-10 11:29:13
217695,3058,FRGH8,COMPRA,162,85.7940,7.3289,2026-08-10 10:24:03,2026-08-10 10:24:06,2026-08-10 10:24:06
217696,1152,HCLJ8,COMPRA,176,133.9922,12.8024,2026-08-10 15:31:49,2026-08-10 15:31:51,2026-08-10 15:31:51
217697,3494,YYLA4,COMPRA,61,182.9251,3.5301,2026-08-10 16:41:32,2026-08-10 16:41:34,2026-08-10 16:41:34
217698,1636,XTVW5,VENDA,440,102.9482,10.6953,2026-08-10 13:20:38,2026-08-10 13:20:38,2026-08-10 13:20:38
217699,1530,SRDU1,COMPRA,365,87.1313,9.3598,2026-08-10 10:13:07,2026-08-10 10:13:08,2026-08-10 10:13:08
217700,2944,DHRM5,COMPRA,105,381.9697,3.1908,2026-08-10 16:02:52,2026-08-10 16:02:54,2026-08-10 16:02:54
217701,2460,TVCE9,COMPRA,325,59.5178,4.8426,2026-08-10 10:42:53,2026-08-10 10:42:55,2026-08-10 10:42:55
217702,3142,RMRT1,COMPRA,115,119.9349,2.0059,2026-08-10 14:44:40,2026-08-10 14:44:42,2026-08-10 14:44:42
217703,1323,OEQA8,COMPRA,310,447.2898,9.5200,2026-08-10 12:45:04,2026-08-10 12:45:04,2026-08-10 12:45:04
217704,2581,LIEG8,COMPRA,290,114.6653,0.5812,2026-08-10 13:54:15,2026-08-10 13:54:16,2026-08-10 13:54:16
217705,1584,BOCS8,COMPRA,85,62.7041,0.4518,2026-08-10 14:20:19,2026-08-10 14:20:19,2026-08-10 14:20:19
217706,1756,AAWB3,COMPRA,395,186.8173,5.5060,2026-08-10 15:34:50,2026-08-10 15:34:51,2026-08-10 15:34:51
217707,1221,MCHX2,COMPRA,205,118.9505,11.4277,2026-08-10 10:54:59,2026-08-10 10:55:01,2026-08-10 10:55:01
217708,3376,VLEB3,COMPRA,250,401.4418,10.4812,2026-08-10 10:46:12,2026-08-10 10:46:15,2026-08-10 10:46:15
217709,3461,PZUP8,COMPRA,215,119.8402,2.8057,2026-08-10 15:03:38,2026-08-10 15:03:38,2026-08-10 15:03:38
217710,3224,XTVW5,COMPRA,275,94.9264,,2026-08-10 13:38:38,2026-08-10 13:38:41,2026-08-10 13:38:41
217711,1581,OVYL9,COMPRA,50,85.7036,11.5601,2026-08-10 15:14:51,2026-08-10 15:14:51,2026-08-10 15:14:51
217712,1533,MOLF3,COMPRA,265,45.6279,7.6880,2026-08-10 16:51:55,2026-08-10 16:51:56,2026-08-10 16:51:56
217713,1346,NREP8,COMPRA,335,136.3627,8.9051,2026-08-10 16:15:27,2026-08-10 16:15:30,2026-08-10 16:15:30
217714,3141,UFIU3,COMPRA,425,86.0191,9.5476,2026-08-10 13:58:50,2026-08-10 13:58:51,2026-08-10 13:58:51
217715,3001,RFNS7,COMPRA,66,95.9996,1.6840,2026-08-10 17:25:04,2026-08-10 17:25:04,2026-08-10 17:25:04
217716,2955,RDOA3,COMPRA,185,108.3774,2.5756,2026-08-10 17:14:11,2026-08-10 17:14:11,2026-08-10 17:14:11
217717,2553,WXFC8,COMPRA,20,108.0386,3.3566,2026-08-10 15:02:33,2026-08-10 15:02:33,2026-08-10 15:02:33
217718,2715,DMTZ8,COMPRA,320,131.8289,12.0889,2026-08-10 13:27:50,2026-08-10 13:27:52,2026-08-10 13:27:52
217719,2647,EEYY9,COMPRA,438,173.2154,5.1966,2026-08-10 16:11:12,2026-08-10 16:11:12,2026-08-10 16:11:12
217720,3164,IWAK1,COMPRA,375,66.3461,2.8378,2026-08-10 13:28:20,2026-08-10 13:28:20,2026-08-10 13:28:20
217721,3433,PBZM6,COMPRA,205,59.2711,8.5222,2026-08-10 14:27:52,2026-08-10 14:27:54,2026-08-10 14:27:54
217722,2048,MCHX2,COMPRA,135,125.2455,8.6263,2026-08-10 11:24:51,2026-08-10 11:24:53,2026-08-10 11:24:53
217723,1180,LCCH9,COMPRA,345,9.0356,4.0125,2026-08-10 11:03:36,2026-08-10 11:03:36,2026-08-10 11:03:36
217724,1140,YCCK8,COMPRA,85,470.5561,11.8815,2026-08-10 13:05:11,2026-08-10 13:05:11,2026-08-10 13:05:11
217725,1926,SVOZ4,COMPRA,364,55.6649,12.3174,2026-08-10 10:22:16,2026-08-10 10:22:18,2026-08-10 10:22:18
217726,3198,NUJZ2,COMPRA,80,28.4432,10.7740,2026-08-10 11:14:20,2026-08-10 11:14:22,2026-08-10 11:14:22
217727,2306,LQML9,COMPRA,200,123.9223,11.0544,2026-08-10 11:52:33,2026-08-10 11:52:33,2026-08-10 11:52:33
217728,1040,LCCH9,COMPRA,85,10.1962,1.8215,2026-08-10 14:33:37,2026-08-10 14:33:37,2026-08-10 14:33:37
217729,2854,DMTZ8,COMPRA,380,132.3335,10.0768,2026-08-10 14:51:36,2026-08-10 14:51:38,2026-08-10 14:51:38
217730,1944,TXHR8,COMPRA,215,103.8505,12.0365,2026-08-10 11:12:26,2026-08-10 11:12:29,2026-08-10 11:12:29
217731,1379,IWFI1,COMPRA,227,127.6270,9.8139,2026-08-10 13:17:08,2026-08-10 13:17:09,2026-08-10 13:17:09
217732,1471,IPXK2,COMPRA,440,385.3702,1.6945,2026-08-10 15:28:48,2026-08-10 15:28:48,2026-08-10 15:28:48
217733,1799,JJVW6,COMPRA,260,132.0355,10.0488,2026-08-10 15:38:21,2026-08-10 15:38:21,2026-08-10 15:38:21
217734,2079,PBZM6,COMPRA,10,67.3733,10.3770,2026-08-10 14:35:07,2026-08-10 14:35:09,2026-08-10 14:35:09
217735,3241,YRWH3,COMPRA,285,192.5564,4.9717,2026-08-10 12:36:52,2026-08-10 12:36:53,2026-08-10 12:36:53
217736,1737,BGNM6,COMPRA,245,117.6203,2.7342,2026-08-10 15:30:51,2026-08-10 15:30:52,2026-08-10 15:30:52
217737,2707,NQYT3,COMPRA,195,48.2899,10.4695,2026-08-10 11:00:01,2026-08-10 11:00:02,2026-08-10 11:00:02
217738,1856,UCHR6,COMPRA,200,390.4845,9.6706,2026-08-10 15:59:59,2026-08-10 16:00:01,2026-08-10 16:00:01
217739,3311,YOWA1,COMPRA,490,50.6109,7.2889,2026-08-10 14:17:13,2026-08-10 14:17:16,2026-08-10 14:17:16
217740,2897,RFNS7,COMPRA,475,98.8058,4.8459,2026-08-10 17:19:36,2026-08-10 17:19:38,2026-08-10 17:19:38
217741,2144,YRWH3,COMPRA,360,212.8675,4.8433,2026-08-10 15:33:16,2026-08-10 15:33:19,2026-08-10 15:33:19
217742,2094,ENRZ2,COMPRA,150,80.9545,11.5475,2026-08-10 15:44:26,2026-08-10 15:44:26,2026-08-10 15:44:26
217743,2796,NHYK8,COMPRA,45,63.2059,11.5220,2026-08-10 13:05:45,2026-08-10 13:05:45,2026-08-10 13:05:45
217744,1749,ECQD7,COMPRA,115,91.0049,11.4447,2026-08-10 14:33:58,2026-08-10 14:34:01,2026-08-10 14:34:01
217745,2012,GKQC5,COMPRA,20,149.2968,0.0477,2026-08-10 16:40:52,2026-08-10 16:40:53,2026-08-10 16:40:53
217746,1056,XAVL3,COMPRA,195,222.0315,9.9213,2026-08-10 16:49:52,2026-08-10 16:49:54,2026-08-10 16:49:54
217747,1088,IJJK3,COMPRA,90,96.1662,5.3880,2026-08-10 12:23:12,2026-08-10 12:23:14,2026-08-10 12:23:14
217748,2383,ZHTL2,COMPRA,140,52.4102,9.6241,2026-08-10 16:23:04,2026-08-10 16:23:05,2026-08-10 16:23:05
217749,1914,PBZM6,COMPRA,380,67.4244,0.2069,2026-08-10 16:49:43,2026-08-10 16:49:44,2026-08-10 16:49:44
217750,2551,ZFBT3,COMPRA,238,97.7260,2.5319,2026-08-10 13:48:08,2026-08-10 13:48:09,2026-08-10 13:48:09
217751,2819,LQML9,VENDA,70,157.5441,11.7935,2026-08-10 16:26:27,2026-08-10 16:26:30,2026-08-10 16:26:30
217752,3092,TVCE9,COMPRA,465,56.9521,4.4611,2026-08-10 14:39:52,2026-08-10 14:39:55,2026-08-10 14:39:55
217753,1277,GAKD5,COMPRA,119,300.2468,6.0214,2026-08-10 14:27:05,2026-08-10 14:27:05,2026-08-10 14:27:05
217754,3074,OXVD8,COMPRA,295,85.1835,12.5735,2026-08-10 10:07:59,2026-08-10 10:08:02,2026-08-10 10:08:02
217755,2698,VLEB3,COMPRA,390,365.6547,3.9528,2026-08-10 10:28:02,2026-08-10 10:28:02,2026-08-10 10:28:02
217756,2816,ZFBT3,COMPRA,34,106.1161,0.0815,2026-08-10 13:54:15,2026-08-10 13:54:17,2026-08-10 13:54:17
217757,1939,SVOZ4,COMPRA,200,47.9302,3.0643,2026-08-10 15:55:06,2026-08-10 15:55:08,2026-08-10 15:55:08
217758,3011,TVCE9,COMPRA,176,54.2237,5.3463,2026-08-10 12:42:07,2026-08-10 12:42:10,2026-08-10 12:42:10
217759,2169,ZFBT3,COMPRA,370,98.1554,1.6534,2026-08-10 14:27:27,2026-08-10 14:27:27,2026-08-10 14:27:27
217760,1947,OVYL9,COMPRA,183,78.4225,11.0373,2026-08-10 14:53:19,2026-08-10 14:53:21,2026-08-10 14:53:21
217761,2283,ZHTL2,COMPRA,470,68.2194,6.3783,2026-08-10 13:46:29,2026-08-10 13:46:29,2026-08-10 13:46:29
217762,1251,NHYK8,COMPRA,350,67.2704,4.8252,2026-08-10 10:31:20,2026-08-10 10:31:22,2026-08-10 10:31:22
217763,2502,OVUQ2,COMPRA,50,51.6303,7.7562,2026-08-10 15:29:12,2026-08-10 15:29:12,2026-08-10 15:29:12
217764,2705,RHXV4,COMPRA,195,52.0900,8.0626,2026-08-10 10:03:49,2026-08-10 10:03:52,2026-08-10 10:03:52
217765,1664,NAOF3,COMPRA,276,65.5528,10.6164,2026-08-10 11:59:06,2026-08-10 11:59:06,2026-08-10 11:59:06
217766,1444,KHGP6,COMPRA,185,120.8707,1.2513,2026-08-10 15:34:58,2026-08-10 15:35:00,2026-08-10 15:35:00
217767,3340,PBZM6,COMPRA,495,63.6572,1.4991,2026-08-10 14:13:47,2026-08-10 14:13:48,2026-08-10 14:13:48
217768,2304,KFSY2,COMPRA,130,129.2175,12.1549,2026-08-10 13:57:36,2026-08-10 13:57:38,2026-08-10 13:57:38
217769,2984,WXQM6,COMPRA,300,43.7128,4.3645,2026-08-10 10:22:47,2026-08-10 10:22:47,2026-08-10 10:22:47
217770,2927,OVUQ2,COMPRA,185,37.4890,11.4606,2026-08-10 14:37:44,2026-08-10 14:37:46,2026-08-10 14:37:46
217771,1151,WXQM6,COMPRA,75,53.5556,2.7203,2026-08-10 13:53:52,2026-08-10 13:53:54,2026-08-10 13:53:54
217772,2768,SUZL4,COMPRA,295,107.0163,10.4071,2026-08-10 12:02:48,2026-08-10 12:02:49,2026-08-10 12:02:49
217773,1691,ZYVN7,COMPRA,95,78.0170,0.3941,2026-08-10 17:09:26,2026-08-10 17:09:27,2026-08-10 17:09:27
217774,2045,WHMT3,COMPRA,445,116.5533,12.8316,2026-08-10 14:50:04,2026-08-10 14:50:04,2026-08-10 14:50:04
217775,2843,EEYY9,COMPRA,251,184.2385,5.3339,2026-08-10 15:27:34,2026-08-10 15:27:36,2026-08-10 15:27:36
217776,1746,GKQC5,COMPRA,85,141.9957,1.0530,2026-08-10 13:24:24,2026-08-10 13:24:25,2026-08-10 13:24:25
217777,3378,XLZM9,COMPRA,280,46.8430,8.3912,2026-08-10 15:20:28,2026-08-10 15:20:31,2026-08-10 15:20:31
217778,1355,WXQM6,COMPRA,200,46.9909,0.1511,2026-08-10 13:44:30,2026-08-10 13:44:33,2026-08-10 13:44:33
217779,2427,MJDL9,COMPRA,195,26.9015,9.5967,2026-08-10 17:29:20,2026-08-10 17:29:20,2026-08-10 17:29:20
217780,2484,ICSU4,COMPRA,56,164.8932,0.9219,2026-08-10 10:18:08,2026-08-10 10:18:08,2026-08-10 10:18:08
217781,3265,TXHR8,COMPRA,470,96.4286,3.4293,2026-08-10 11:32:19,2026-08-10 11:32:20,2026-08-10 11:32:20
217782,2169,YOWA1,VENDA,305,65.1573,10.6687,2026-08-10 15:00:06,2026-08-10 15:00:09,2026-08-10 15:00:09
217783,2922,YFAH5,COMPRA,15,178.5514,11.0392,2026-08-10 12:15:40,2026-08-10 12:15:43,2026-08-10 12:15:43
217784,3364,DEGN5,VENDA,196,104.4179,2.7386,2026-08-10 17:04:27,2026-08-10 17:04:29,2026-08-10 17:04:29
217785,2547,YRWH3,VENDA,75,226.1990,10.4374,2026-08-10 11:16:55,2026-08-10 11:16:56,2026-08-10 11:16:56
217786,2283,UQJU7,COMPRA,480,84.4555,0.1060,2026-08-10 12:22:02,2026-08-10 12:22:04,2026-08-10 12:22:04
217787,1405,AYFQ2,COMPRA,165,10.8133,6.6708,2026-08-10 15:24:38,2026-08-10 15:24:40,2026-08-10 15:24:40
217788,2519,ZYVN7,COMPRA,185,77.6309,7.9733,2026-08-10 16:18:28,2026-08-10 16:18:29,2026-08-10 16:18:29
217789,2805,OVUQ2,COMPRA,431,38.5278,11.6882,2026-08-10 14:57:14,2026-08-10 14:57:17,2026-08-10 14:57:17
217790,2210,NYGT6,COMPRA,255,87.0171,10.7057,2026-08-10 10:38:24,2026-08-10 10:38:27,2026-08-10 10:38:27
217791,1422,WHMT3,COMPRA,430,130.2543,6.4144,2026-08-10 12:41:41,2026-08-10 12:41:42,2026-08-10 12:41:42
217792,3172,QYBV3,COMPRA,175,60.0000,8.4922,2026-08-10 10:03:52,2026-08-10 10:03:55,2026-08-10 10:03:55
217793,3241,ZFBT3,COMPRA,240,116.5027,1.6250,2026-08-10 17:27:27,2026-08-10 17:27:30,2026-08-10 17:27:30
217794,1431,HCLJ8,COMPRA,340,90.3491,12.8451,2026-08-10 12:17:45,2026-08-10 12:17:48,2026-08-10 12:17:48
217795,1186,VLEB3,VENDA,55,357.1898,9.5253,2026-08-10 15:31:39,2026-08-10 15:31:40,2026-08-10 15:31:40
217796,1590,YIHC3,COMPRA,395,53.6215,0.9723,2026-08-10 15:02:48,2026-08-10 15:02:51,2026-08-10 15:02:51
217797,2558,OVYL9,COMPRA,155,73.8048,7.2318,2026-08-10 11:45:48,2026-08-10 11:45:50,2026-08-10 11:45:50
217798,1800,JIPA6,COMPRA,105,32.2127,10.0843,2026-08-10 13:51:25,2026-08-10 13:51:27,2026-08-10 13:51:27
217799,1723,RSBT4,COMPRA,484,359.0526,9.0092,2026-08-10 10:33:00,2026-08-10 10:33:01,2026-08-10 10:33:01
217800,1144,SGBG8,COMPRA,270,98.1412,5.6212,2026-08-10 17:24:12,2026-08-10 17:24:12,2026-08-10 17:24:12
217801,1561,RIET5,COMPRA,415,109.4783,9.3279,2026-08-10 11:50:51,2026-08-10 11:50:54,2026-08-10 11:50:54
217802,3175,RDOA3,COMPRA,250,107.4321,7.8191,2026-08-10 13:53:59,2026-08-10 13:54:00,2026-08-10 13:54:00
217803,2628,QEUC2,COMPRA,10,142.3082,3.5807,2026-08-10 10:11:39,2026-08-10 10:11:42,2026-08-10 10:11:42
217804,1648,AYFQ2,COMPRA,495,10.4656,10.1188,2026-08-10 11:21:14,2026-08-10 11:21:17,2026-08-10 11:21:17
217805,2981,RIET5,COMPRA,240,117.1390,12.8828,2026-08-10 11:03:08,2026-08-10 11:03:11,2026-08-10 11:03:11
217806,3034,SRDU1,COMPRA,290,85.9774,8.8836,2026-08-10 17:01:31,2026-08-10 17:01:32,2026-08-10 17:01:32
217807,1579,BGNM6,COMPRA,165,82.9462,11.9416,2026-08-10 12:43:12,2026-08-10 12:43:12,2026-08-10 12:43:12
217808,2895,ACSV1,COMPRA,380,112.7287,5.3461,2026-08-10 13:18:31,2026-08-10 13:18:32,2026-08-10 13:18:32
217809,2671,IWAK1,COMPRA,245,78.7780,4.3157,2026-08-10 13:25:43,2026-08-10 13:25:45,2026-08-10 13:25:45
217810,1727,YYLA4,COMPRA,460,202.0459,5.7450,2026-08-10 14:30:09,2026-08-10 14:30:11,2026-08-10 14:30:11
217811,1449,NQYT3,COMPRA,380,61.5722,5.2167,2026-08-10 13:46:07,2026-08-10 13:46:08,2026-08-10 13:46:08
217812,1399,NGIU9,COMPRA,85,132.2964,5.8190,2026-08-10 13:20:28,2026-08-10 13:20:28,2026-08-10 13:20:28
217813,1212,MOLF3,COMPRA,255,65.3126,9.3768,2026-08-10 16:24:10,2026-08-10 16:24:11,2026-08-10 16:24:11
217814,1463,PBZM6,COMPRA,455,62.2434,2.6721,2026-08-10 12:38:07,2026-08-10 12:38:10,2026-08-10 12:38:10
217815,3115,RYPL6,COMPRA,290,87.9815,5.2313,2026-08-10 10:53:02,2026-08-10 10:53:03,2026-08-10 10:53:03
217816,1781,NAOF3,COMPRA,208,55.5961,0.6466,2026-08-10 10:16:01,2026-08-10 10:16:04,2026-08-10 10:16:04
217817,3441,UFMA7,COMPRA,420,155.1706,11.0552,2026-08-10 13:27:57,2026-08-10 13:27:58,2026-08-10 13:27:58
217818,1591,YYLA4,COMPRA,368,168.5343,10.8126,2026-08-10 13:04:47,2026-08-10 13:04:49,2026-08-10 13:04:49
217819,2831,RYPL6,COMPRA,190,69.6037,,2026-08-10 12:25:55,2026-08-10 12:25:55,2026-08-10 12:25:55
217820,1185,TTHO3,VENDA,235,38.1573,12.2482,2026-08-10 10:31:11,2026-08-10 10:31:11,2026-08-10 10:31:11
217821,2183,UFMA7,COMPRA,455,166.4760,11.9825,2026-08-10 10:49:26,2026-08-10 10:49:26,2026-08-10 10:49:26
217822,1890,JUDG8,COMPRA,66,69.0619,3.3940,2026-08-10 16:05:20,2026-08-10 16:05:20,2026-08-10 16:05:20
217823,1010,YCCK8,COMPRA,247,458.3993,10.4230,2026-08-10 13:41:05,2026-08-10 13:41:08,2026-08-10 13:41:08
217824,1893,XOVY4,COMPRA,170,93.3173,1.7464,2026-08-10 11:47:59,2026-08-10 11:48:00,2026-08-10 11:48:00
217825,2890,XTVW5,COMPRA,450,120.4262,1.3578,2026-08-10 16:16:55,2026-08-10 16:16:57,2026-08-10 16:16:57
217826,2639,XPVA7,COMPRA,450,574.2461,10.8751,2026-08-10 13:10:09,2026-08-10 13:10:11,2026-08-10 13:10:11
217827,3022,GKQC5,COMPRA,445,99.1879,1.4413,2026-08-10 15:23:40,2026-08-10 15:23:41,2026-08-10 15:23:41
217828,2513,HCZM2,COMPRA,152,480.7947,5.2472,2026-08-10 12:20:59,2026-08-10 12:21:00,2026-08-10 12:21:00
217829,1425,XTVW5,COMPRA,325,96.6795,12.8892,2026-08-10 11:54:00,2026-08-10 11:54:00,2026-08-10 11:54:00
217830,1233,XOVY4,COMPRA,495,80.5287,8.8421,2026-08-10 14:59:17,2026-08-10 14:59:18,2026-08-10 14:59:18
217831,2615,TVCE9,COMPRA,275,69.1745,3.3742,2026-08-10 13:25:21,2026-08-10 13:25:23,2026-08-10 13:25:23
217832,1297,AAWB3,COMPRA,405,139.9733,3.6491,2026-08-10 13:06:16,2026-08-10 13:06:18,2026-08-10 13:06:18
217833,1561,XOVY4,COMPRA,400,112.1341,0.0899,2026-08-10 15:16:17,2026-08-10 15:16:17,2026-08-10 15:16:17
217834,2826,DFGR7,COMPRA,480,78.5930,2.0666,2026-08-10 13:40:44,2026-08-10 13:40:47,2026-08-10 13:40:47
217835,3178,ACSV1,COMPRA,220,107.5935,12.7742,2026-08-10 15:37:08,2026-08-10 15:37:09,2026-08-10 15:37:09
217836,1196,NUJZ2,COMPRA,145,27.4376,3.2812,2026-08-10 16:04:11,2026-08-10 16:04:12,2026-08-10 16:04:12
217837,1303,UYFJ9,COMPRA,110,113.7024,1.2214,2026-08-10 15:42:33,2026-08-10 15:42:36,2026-08-10 15:42:36
217838,3150,DMTZ8,COMPRA,215,146.1676,1.1861,2026-08-10 10:23:11,2026-08-10 10:23:12,2026-08-10 10:23:12
217839,1175,OEQA8,COMPRA,17,466.7459,2.4264,2026-08-10 15:39:55,2026-08-10 15:39:56,2026-08-10 15:39:56
217840,2959,HCZM2,COMPRA,190,395.5570,3.6351,2026-08-10 16:22:32,2026-08-10 16:22:35,2026-08-10 16:22:35
217841,1951,YYLA4,COMPRA,10,238.6687,9.4017,2026-08-10 11:26:07,2026-08-10 11:26:07,2026-08-10 11:26:07
217842,2594,DFGR7,COMPRA,170,74.7644,5.2419,2026-08-10 16:00:56,2026-08-10 16:00:57,2026-08-10 16:00:57
217843,2470,ZFBT3,COMPRA,200,86.7282,0.8977,2026-08-10 10:01:37,2026-08-10 10:01:38,2026-08-10 10:01:38
217844,3526,ICSU4,COMPRA,340,146.4184,3.0544,2026-08-10 11:44:07,2026-08-10 11:44:08,2026-08-10 11:44:08
217845,3051,DSFC9,COMPRA,460,447.0626,9.6275,2026-08-10 16:25:56,2026-08-10 16:25:59,2026-08-10 16:25:59
217846,2530,NUJZ2,COMPRA,175,37.3641,12.1187,2026-08-10 13:31:57,2026-08-10 13:31:57,2026-08-10 13:31:57
217847,2832,DHRM5,COMPRA,310,267.8924,5.8863,2026-08-10 17:12:07,2026-08-10 17:12:08,2026-08-10 17:12:08
217848,2153,UQIQ7,COMPRA,160,91.8922,0.7009,2026-08-10 15:44:14,2026-08-10 15:44:16,2026-08-10 15:44:16
217849,2833,RSBT4,COMPRA,10,399.1412,6.6186,2026-08-10 14:23:53,2026-08-10 14:23:54,2026-08-10 14:23:54
217850,3010,KQEO3,COMPRA,414,89.8466,5.3118,2026-08-10 15:45:51,2026-08-10 15:45:54,2026-08-10 15:45:54
217851,1570,VLEB3,COMPRA,345,407.3735,1.9538,2026-08-10 10:49:09,2026-08-10 10:49:09,2026-08-10 10:49:09
217852,1709,SUZL4,COMPRA,495,150.9248,6.3580,2026-08-10 11:12:49,2026-08-10 11:12:51,2026-08-10 11:12:51
217853,1196,OXVD8,COMPRA,450,94.3925,3.3479,2026-08-10 11:34:41,2026-08-10 11:34:44,2026-08-10 11:34:44
217854,2141,YCCK8,COMPRA,110,314.3871,9.0343,2026-08-10 11:38:32,2026-08-10 11:38:34,2026-08-10 11:38:34
217855,2216,HVEX2,COMPRA,120,158.0162,3.2369,2026-08-10 17:06:53,2026-08-10 17:06:55,2026-08-10 17:06:55
217856,1151,NREP8,COMPRA,240,129.8037,4.1314,2026-08-10 14:43:46,2026-08-10 14:43:47,2026-08-10 14:43:47
217857,3502,DFGR7,COMPRA,365,101.2389,5.4471,2026-08-10 15:16:54,2026-08-10 15:16:56,2026-08-10 15:16:56
217858,1632,ZHTL2,COMPRA,140,56.1242,6.7734,2026-08-10 15:42:37,2026-08-10 15:42:38,2026-08-10 15:42:38
217859,2429,PBZM6,COMPRA,310,64.2945,8.5820,2026-08-10 11:36:11,2026-08-10 11:36:11,2026-08-10 11:36:11
217860,2630,IJJK3,COMPRA,180,93.9743,5.9998,2026-08-10 11:29:01,2026-08-10 11:29:02,2026-08-10 11:29:02
217861,1055,YRWH3,COMPRA,205,227.1584,4.1437,2026-08-10 17:17:36,2026-08-10 17:17:36,2026-08-10 17:17:36
217862,2108,TBWG2,COMPRA,450,97.3202,4.7772,2026-08-10 12:24:06,2026-08-10 12:24:09,2026-08-10 12:24:09
217863,3323,RDOA3,COMPRA,60,90.1701,12.5336,2026-08-10 10:45:54,2026-08-10 10:45:56,2026-08-10 10:45:56
217864,1776,QATW7,COMPRA,230,52.9586,3.2266,2026-08-10 10:51:28,2026-08-10 10:51:28,2026-08-10 10:51:28
217865,1602,RSBT4,COMPRA,25,357.5056,4.0518,2026-08-10 12:03:03,2026-08-10 12:03:04,2026-08-10 12:03:04
217866,3302,XPVA7,COMPRA,15,380.7647,1.1425,2026-08-10 14:00:20,2026-08-10 14:00:22,2026-08-10 14:00:22
217867,2974,HVEX2,COMPRA,415,114.2880,4.4349,2026-08-10 15:44:22,2026-08-10 15:44:25,2026-08-10 15:44:25
217868,2414,NGIU9,COMPRA,270,93.2456,7.6054,2026-08-10 13:13:30,2026-08-10 13:13:31,2026-08-10 13:13:31
217869,3277,AYFQ2,COMPRA,290,13.7670,8.7711,2026-08-10 10:37:45,2026-08-10 10:37:47,2026-08-10 10:37:47
217870,2621,RHXV4,COMPRA,490,73.9974,4.2199,2026-08-10 16:00:13,2026-08-10 16:00:13,2026-08-10 16:00:13
217871,3139,QATW7,COMPRA,55,38.6596,3.1626,2026-08-10 14:38:34,2026-08-10 14:38:35,2026-08-10 14:38:35
217872,2176,UCHR6,COMPRA,450,442.9372,8.8190,2026-08-10 15:05:03,2026-08-10 15:05:04,2026-08-10 15:05:04
217873,2313,LQML9,COMPRA,470,132.9744,7.2086,2026-08-10 16:39:02,2026-08-10 16:39:03,2026-08-10 16:39:03
217874,3167,JJVW6,COMPRA,92,144.1495,9.8523,2026-08-10 14:26:01,2026-08-10 14:26:02,2026-08-10 14:26:02
217875,3188,PQUT9,COMPRA,335,67.3442,2.4142,2026-08-10 12:06:39,2026-08-10 12:06:40,2026-08-10 12:06:40
217876,1626,PQUT9,COMPRA,355,62.6036,9.1416,2026-08-10 11:40:38,2026-08-10 11:40:38,2026-08-10 11:40:38
217877,3388,HCZM2,COMPRA,240,542.0073,4.0708,2026-08-10 15:58:12,2026-08-10 15:58:15,2026-08-10 15:58:15
217878,1811,LCCH9,COMPRA,490,10.4577,0.2253,2026-08-10 11:09:21,2026-08-10 11:09:22,2026-08-10 11:09:22
217879,1545,YOWA1,COMPRA,340,50.8900,7.5413,2026-08-10 12:12:49,2026-08-10 12:12:52,2026-08-10 12:12:52
217880,2807,YCCK8,COMPRA,18,337.9484,3.2209,2026-08-10 11:49:41,2026-08-10 11:49:44,2026-08-10 11:49:44
217881,2217,XTVW5,COMPRA,140,101.5394,4.4419,2026-08-10 14:22:07,2026-08-10 14:22:10,2026-08-10 14:22:10
217882,1485,SUZL4,COMPRA,300,163.9372,8.4567,2026-08-10 15:49:56,2026-08-10 15:49:59,2026-08-10 15:49:59
217883,2862,SVOZ4,COMPRA,455,37.6784,7.9263,2026-08-10 14:14:53,2026-08-10 14:14:55,2026-08-10 14:14:55
217884,1217,DMTZ8,COMPRA,329,176.9666,5.5856,2026-08-10 14:52:46,2026-08-10 14:52:48,2026-08-10 14:52:48
217885,3286,UFMA7,COMPRA,35,182.1626,12.5327,2026-08-10 11:11:16,2026-08-10 11:11:16,2026-08-10 11:11:16
217886,1858,ERTC4,COMPRA,215,44.7901,5.7264,2026-08-10 16:16:43,2026-08-10 16:16:44,2026-08-10 16:16:44
217887,3013,DSFC9,COMPRA,275,420.3545,3.7346,2026-08-10 15:04:46,2026-08-10 15:04:48,2026-08-10 15:04:48
217888,1996,MOLF3,COMPRA,400,45.7470,8.4137,2026-08-10 11:01:11,2026-08-10 11:01:13,2026-08-10 11:01:13
217889,3415,SGBG8,COMPRA,330,87.3381,0.0747,2026-08-10 15:14:21,2026-08-10 15:14:23,2026-08-10 15:14:23
217890,2509,WXQM6,COMPRA,15,50.0560,12.5599,2026-08-10 10:01:17,2026-08-10 10:01:18,2026-08-10 10:01:18
217891,1763,NQYT3,COMPRA,295,68.4804,0.5343,2026-08-10 15:13:20,2026-08-10 15:13:20,2026-08-10 15:13:20
217892,3512,OEQA8,COMPRA,330,391.8668,1.0382,2026-08-10 12:20:48,2026-08-10 12:20:51,2026-08-10 12:20:51
217893,1603,FYZB6,COMPRA,255,62.6993,9.1559,2026-08-10 10:46:18,2026-08-10 10:46:21,2026-08-10 10:46:21
217894,2229,RYPL6,COMPRA,55,89.2357,2.6102,2026-08-10 14:35:43,2026-08-10 14:35:46,2026-08-10 14:35:46
217895,1036,TXHR8,COMPRA,385,91.9666,8.6599,2026-08-10 17:12:49,2026-08-10 17:12:50,2026-08-10 17:12:50
217896,3010,UFMA7,COMPRA,36,169.5391,9.9390,2026-08-10 16:36:04,2026-08-10 16:36:04,2026-08-10 16:36:04
217897,3112,BSDJ7,VENDA,360,222.4499,0.4550,2026-08-10 11:23:31,2026-08-10 11:23:34,2026-08-10 11:23:34
217898,1491,BOCS8,COMPRA,320,71.2328,4.1986,2026-08-10 10:28:41,2026-08-10 10:28:44,2026-08-10 10:28:44
217899,2698,NQYT3,COMPRA,55,58.8834,10.8782,2026-08-10 12:33:55,2026-08-10 12:33:58,2026-08-10 12:33:58
217900,1977,JJVW6,COMPRA,375,117.8886,3.4795,2026-08-10 15:58:45,2026-08-10 15:58:48,2026-08-10 15:58:48
217901,1178,WXFC8,COMPRA,370,72.9370,2.9242,2026-08-10 12:43:08,2026-08-10 12:43:11,2026-08-10 12:43:11
217902,2439,SVOZ4,COMPRA,330,41.7488,,2026-08-10 13:39:32,2026-08-10 13:39:32,2026-08-10 13:39:32
217903,3019,MGRR2,COMPRA,125,161.7516,11.6785,2026-08-10 11:01:31,2026-08-10 11:01:33,2026-08-10 11:01:33
217904,1371,BXFJ9,COMPRA,155,177.6139,11.0168,2026-08-10 14:30:27,2026-08-10 14:30:29,2026-08-10 14:30:29
217905,3235,PBZM6,COMPRA,207,52.0233,8.1519,2026-08-10 16:01:28,2026-08-10 16:01:29,2026-08-10 16:01:29
217906,3112,BXFJ9,COMPRA,145,163.6335,8.8190,2026-08-10 10:03:07,2026-08-10 10:03:10,2026-08-10 10:03:10
217907,2363,IZTY4,COMPRA,385,36.4482,6.3789,2026-08-10 13:44:48,2026-08-10 13:44:50,2026-08-10 13:44:50
217908,3061,MGRR2,COMPRA,108,152.4057,7.9125,2026-08-10 12:01:16,2026-08-10 12:01:16,2026-08-10 12:01:16
217909,1310,NGIU9,COMPRA,275,86.4242,0.4508,2026-08-10 16:06:11,2026-08-10 16:06:12,2026-08-10 16:06:12
217910,1246,QATW7,COMPRA,385,45.2653,1.5808,2026-08-10 14:15:17,2026-08-10 14:15:19,2026-08-10 14:15:19
217911,2261,ECQD7,COMPRA,12,81.6263,11.1848,2026-08-10 12:57:55,2026-08-10 12:57:58,2026-08-10 12:57:58
217912,2209,WXQM6,COMPRA,375,46.2191,11.9574,2026-08-10 16:47:33,2026-08-10 16:47:33,2026-08-10 16:47:33
217913,2591,QTHQ1,COMPRA,130,26.6933,1.4451,2026-08-10 16:01:26,2026-08-10 16:01:29,2026-08-10 16:01:29
217914,2095,ENRZ2,COMPRA,230,100.8438,11.6072,2026-08-10 16:53:05,2026-08-10 16:53:05,2026-08-10 16:53:05
217915,1313,JDJG6,COMPRA,225,68.3194,5.3353,2026-08-10 12:24:05,2026-08-10 12:24:05,2026-08-10 12:24:05
217916,2231,XTVW5,COMPRA,435,108.7650,6.8849,2026-08-10 12:46:53,2026-08-10 12:46:56,2026-08-10 12:46:56
217917,1882,LGKU6,COMPRA,480,96.7580,2.3055,2026-08-10 17:12:22,2026-08-10 17:12:22,2026-08-10 17:12:22
217918,1539,HVEX2,COMPRA,205,130.6498,5.0670,2026-08-10 13:17:06,2026-08-10 13:17:07,2026-08-10 13:17:07
217919,3248,KFSY2,COMPRA,50,123.8415,6.2377,2026-08-10 11:50:10,2026-08-10 11:50:11,2026-08-10 11:50:11
217920,2812,KFSY2,COMPRA,350,93.5283,11.5548,2026-08-10 16:03:32,2026-08-10 16:03:33,2026-08-10 16:03:33
217921,2548,LQML9,COMPRA,430,118.2619,2.2616,2026-08-10 15:52:09,2026-08-10 15:52:09,2026-08-10 15:52:09
217922,1567,YCCK8,COMPRA,295,480.4108,5.9084,2026-08-10 13:05:19,2026-08-10 13:05:20,2026-08-10 13:05:20
217923,2697,PZUP8,COMPRA,140,130.0705,10.2618,2026-08-10 11:45:13,2026-08-10 11:45:16,2026-08-10 11:45:16
217924,3110,PSEN6,COMPRA,495,213.2910,7.2795,2026-08-10 15:19:44,2026-08-10 15:19:44,2026-08-10 15:19:44
217925,2377,SUZL4,COMPRA,15,163.7187,9.0251,2026-08-10 12:09:24,2026-08-10 12:09:24,2026-08-10 12:09:24
217926,1742,GFDF2,COMPRA,25,93.9145,8.3937,2026-08-10 12:09:19,2026-08-10 12:09:20,2026-08-10 12:09:20
217927,1551,QTDZ2,COMPRA,85,48.5633,0.7182,2026-08-10 14:06:01,2026-08-10 14:06:03,2026-08-10 14:06:03
217928,2375,XAVL3,COMPRA,205,228.6143,9.9595,2026-08-10 13:01:04,2026-08-10 13:01:05,2026-08-10 13:01:05
217929,3187,MOLF3,COMPRA,80,50.7635,1.1825,2026-08-10 13:37:14,2026-08-10 13:37:14,2026-08-10 13:37:14
217930,2212,NPEM3,COMPRA,30,77.4076,1.9157,2026-08-10 12:12:42,2026-08-10 12:12:42,2026-08-10 12:12:42
217931,3186,TBWG2,COMPRA,305,92.5031,12.8939,2026-08-10 16:08:18,2026-08-10 16:08:20,2026-08-10 16:08:20
217932,2344,AAWB3,COMPRA,245,209.4070,0.0287,2026-08-10 12:05:05,2026-08-10 12:05:07,2026-08-10 12:05:07
217933,1543,ZAAS7,COMPRA,20,509.5170,2.0865,2026-08-10 11:57:38,2026-08-10 11:57:39,2026-08-10 11:57:39
217934,1786,XLZM9,COMPRA,485,54.4199,9.2645,2026-08-10 10:44:03,2026-08-10 10:44:05,2026-08-10 10:44:05
217935,2801,FIUW1,COMPRA,205,128.5462,7.7675,2026-08-10 14:00:43,2026-08-10 14:00:46,2026-08-10 14:00:46
217936,1632,UFMA7,COMPRA,396,193.1596,2.7534,2026-08-10 11:31:41,2026-08-10 11:31:41,2026-08-10 11:31:41
217937,2468,ECQD7,COMPRA,28,115.2773,0.1347,2026-08-10 14:32:55,2026-08-10 14:32:57,2026-08-10 14:32:57
217938,1872,IPXK2,COMPRA,75,254.0846,2.0867,2026-08-10 11:28:19,2026-08-10 11:28:20,2026-08-10 11:28:20
217939,1950,RIET5,COMPRA,265,127.5713,1.1071,2026-08-10 13:47:45,2026-08-10 13:47:47,2026-08-10 13:47:47
217940,2512,XLZM9,COMPRA,380,53.5916,8.2901,2026-08-10 14:57:56,2026-08-10 14:57:59,2026-08-10 14:57:59
217941,1435,DGBT6,COMPRA,426,83.4376,7.8934,2026-08-10 12:48:54,2026-08-10 12:48:55,2026-08-10 12:48:55
217942,2751,WIPB2,COMPRA,215,113.7043,5.5541,2026-08-10 12:23:54,2026-08-10 12:23:56,2026-08-10 12:23:56
217943,2340,DSFC9,COMPRA,126,358.4634,5.4104,2026-08-10 14:15:00,2026-08-10 14:15:03,2026-08-10 14:15:03
217944,3364,QHFL8,COMPRA,240,156.0077,3.1619,2026-08-10 16:44:17,2026-08-10 16:44:20,2026-08-10 16:44:20
217945,1642,TTHO3,COMPRA,370,28.4239,5.3359,2026-08-10 10:41:40,2026-08-10 10:41:43,2026-08-10 10:41:43
217946,2109,HCZM2,COMPRA,230,531.2415,1.9839,2026-08-10 17:23:10,2026-08-10 17:23:13,2026-08-10 17:23:13
217947,2388,DHRM5,COMPRA,355,271.6309,6.0256,2026-08-10 17:20:59,2026-08-10 17:21:00,2026-08-10 17:21:00
217948,1881,DQSN6,COMPRA,175,135.7082,8.2934,2026-08-10 11:44:54,2026-08-10 11:44:57,2026-08-10 11:44:57
217949,3140,XAVL3,COMPRA,370,141.7877,9.6933,2026-08-10 17:27:48,2026-08-10 17:27:51,2026-08-10 17:27:51
217950,1222,NWGB4,VENDA,445,112.1735,0.3185,2026-08-10 11:52:21,2026-08-10 11:52:22,2026-08-10 11:52:22
217951,2942,IWFI1,COMPRA,75,131.9183,1.9156,2026-08-10 10:23:42,2026-08-10 10:23:43,2026-08-10 10:23:43
217952,1191,NAOF3,COMPRA,373,67.9798,1.5969,2026-08-10 15:45:28,2026-08-10 15:45:31,2026-08-10 15:45:31
217953,3406,UCHR6,COMPRA,245,364.7219,0.3905,2026-08-10 13:17:20,2026-08-10 13:17:22,2026-08-10 13:17:22
217954,3246,ZFBT3,COMPRA,395,92.8673,8.1928,2026-08-10 14:27:05,2026-08-10 14:27:05,2026-08-10 14:27:05
217955,1391,YCCK8,COMPRA,45,391.2710,7.5371,2026-08-10 15:23:14,2026-08-10 15:23:14,2026-08-10 15:23:14
217956,1859,DSFC9,COMPRA,355,464.9556,9.3318,2026-08-10 16:35:38,2026-08-10 16:35:38,2026-08-10 16:35:38
217957,3391,HJRH5,COMPRA,430,124.9556,0.5054,2026-08-10 13:55:37,2026-08-10 13:55:37,2026-08-10 13:55:37
217958,2735,NYGT6,COMPRA,201,102.0530,6.4192,2026-08-10 16:30:32,2026-08-10 16:30:35,2026-08-10 16:30:35
217959,3382,SGBG8,COMPRA,257,73.1194,10.7618,2026-08-10 13:42:58,2026-08-10 13:43:00,2026-08-10 13:43:00
217960,1139,UCHR6,COMPRA,335,429.5375,0.2052,2026-08-10 16:48:02,2026-08-10 16:48:04,2026-08-10 16:48:04
217961,1091,FRGH8,COMPRA,10,60.0071,4.0009,2026-08-10 11:17:38,2026-08-10 11:17:39,2026-08-10 11:17:39
217962,3385,QHFL8,COMPRA,180,188.4207,1.8178,2026-08-10 15:15:18,2026-08-10 15:15:18,2026-08-10 15:15:18
217963,2602,MCMT2,COMPRA,10,104.7615,12.3776,2026-08-10 11:36:16,2026-08-10 11:36:18,2026-08-10 11:36:18
217964,1972,RFNS7,COMPRA,455,88.0698,1.8235,2026-08-10 14:35:48,2026-08-10 14:35:51,2026-08-10 14:35:51
217965,2280,HCLJ8,COMPRA,365,136.9580,2.5021,2026-08-10 12:36:15,2026-08-10 12:36:15,2026-08-10 12:36:15
217966,1673,MOLF3,COMPRA,485,65.4694,6.0631,2026-08-10 11:19:07,2026-08-10 11:19:09,2026-08-10 11:19:09
217967,1192,QATW7,COMPRA,280,45.7052,0.9699,2026-08-10 11:00:41,2026-08-10 11:00:42,2026-08-10 11:00:42
217968,1651,NWGB4,COMPRA,405,122.3625,10.8065,2026-08-10 15:17:51,2026-08-10 15:17:52,2026-08-10 15:17:52
217969,1715,UVEY5,COMPRA,40,89.3960,7.3070,2026-08-10 10:49:02,2026-08-10 10:49:03,2026-08-10 10:49:03
217970,1541,BGNM6,COMPRA,425,115.3175,6.2921,2026-08-10 12:27:23,2026-08-10 12:27:23,2026-08-10 12:27:23
217971,2727,YOWA1,COMPRA,105,49.9018,9.1785,2026-08-10 14:19:54,2026-08-10 14:19:56,2026-08-10 14:19:56
217972,1815,IPXK2,COMPRA,425,247.0691,1.3483,2026-08-10 16:23:25,2026-08-10 16:23:25,2026-08-10 16:23:25
217973,1390,JIPA6,VENDA,164,31.4249,8.7399,2026-08-10 14:11:22,2026-08-10 14:11:23,2026-08-10 14:11:23
217974,3337,YYLA4,COMPRA,70,170.8205,0.0548,2026-08-10 11:14:08,2026-08-10 11:14:08,2026-08-10 11:14:08
217975,1525,XLZM9,COMPRA,430,51.0119,4.1794,2026-08-10 16:17:12,2026-08-10 16:17:13,2026-08-10 16:17:13
217976,2991,BSDJ7,COMPRA,400,297.7782,6.5244,2026-08-10 16:51:53,2026-08-10 16:51:56,2026-08-10 16:51:56
217977,3301,JUDG8,COMPRA,245,68.8103,3.7622,2026-08-10 12:42:51,2026-08-10 12:42:53,2026-08-10 12:42:53
217978,3437,FIUW1,COMPRA,500,124.8433,2.3239,2026-08-10 12:02:33,2026-08-10 12:02:35,2026-08-10 12:02:35
217979,2972,MGRR2,COMPRA,430,120.9729,1.8849,2026-08-10 11:27:21,2026-08-10 11:27:21,2026-08-10 11:27:21
217980,2620,GKQC5,COMPRA,195,154.0262,12.2159,2026-08-10 10:48:02,2026-08-10 10:48:03,2026-08-10 10:48:03
217981,3207,KQEO3,COMPRA,438,70.9595,5.8486,2026-08-10 14:04:58,2026-08-10 14:04:59,2026-08-10 14:04:59
217982,1782,OEQA8,COMPRA,275,364.1173,3.1050,2026-08-10 13:02:25,2026-08-10 13:02:27,2026-08-10 13:02:27
217983,2888,WXFC8,COMPRA,400,76.2708,5.7612,2026-08-10 10:46:59,2026-08-10 10:47:01,2026-08-10 10:47:01
217984,3200,QTDZ2,COMPRA,115,43.6988,3.3691,2026-08-10 13:36:24,2026-08-10 13:36:27,2026-08-10 13:36:27
217985,3378,KQEO3,COMPRA,245,67.5614,0.0023,2026-08-10 16:25:38,2026-08-10 16:25:38,2026-08-10 16:25:38
217986,2542,IWAK1,COMPRA,320,62.5351,2.5095,2026-08-10 16:21:52,2026-08-10 16:21:55,2026-08-10 16:21:55
217987,3075,JUDG8,COMPRA,325,78.7597,6.2739,2026-08-10 14:13:48,2026-08-10 14:13:48,2026-08-10 14:13:48
217988,3445,HCZM2,COMPRA,95,387.2206,3.4283,2026-08-10 10:56:01,2026-08-10 10:56:01,2026-08-10 10:56:01
217989,2616,DEGN5,COMPRA,320,81.7790,11.5861,2026-08-10 13:47:11,2026-08-10 13:47:11,2026-08-10 13:47:11
217990,1313,WXQM6,COMPRA,20,49.6287,8.8560,2026-08-10 10:23:15,2026-08-10 10:23:15,2026-08-10 10:23:15
217991,3210,YCCK8,COMPRA,430,507.3612,12.8831,2026-08-10 11:57:06,2026-08-10 11:57:06,2026-08-10 11:57:06
217992,3168,EEYY9,COMPRA,200,130.1591,1.2958,2026-08-10 14:35:46,2026-08-10 14:35:47,2026-08-10 14:35:47
217993,2058,NQYT3,COMPRA,420,46.3569,4.9175,2026-08-10 10:17:48,2026-08-10 10:17:49,2026-08-10 10:17:49
217994,2254,NQYT3,COMPRA,20,74.9228,5.5853,2026-08-10 12:28:17,2026-08-10 12:28:18,2026-08-10 12:28:18
217995,1300,NHYK8,COMPRA,80,81.4772,4.9979,2026-08-10 13:06:17,2026-08-10 13:06:20,2026-08-10 13:06:20
217996,3076,WXQM6,COMPRA,500,60.2996,11.1786,2026-08-10 12:59:53,2026-08-10 12:59:54,2026-08-10 12:59:54
217997,2487,LCCH9,COMPRA,265,8.1937,9.4963,2026-08-10 11:21:27,2026-08-10 11:21:28,2026-08-10 11:21:28
217998,1615,DSFC9,COMPRA,150,493.0353,3.3012,2026-08-10 11:22:55,2026-08-10 11:22:56,2026-08-10 11:22:56
217999,1460,IZTY4,COMPRA,380,24.7735,2.8894,2026-08-10 13:58:21,2026-08-10 13:58:21,2026-08-10 13:58:21
218000,2244,VLEB3,COMPRA,447,399.5487,6.5069,2026-08-10 15:03:54,2026-08-10 15:03:55,2026-08-10 15:03:55
218001,2103,ERTC4,COMPRA,250,57.8905,7.9873,2026-08-10 16:27:09,2026-08-10 16:27:10,2026-08-10 16:27:10
218002,1958,UQIQ7,COMPRA,430,68.4490,0.8625,2026-08-10 13:41:07,2026-08-10 13:41:10,2026-08-10 13:41:10
218003,1672,GFDF2,COMPRA,400,87.1250,,2026-08-10 12:26:26,2026-08-10 12:26:26,2026-08-10 12:26:26
218004,2611,TTHO3,COMPRA,375,42.7651,7.8597,2026-08-10 13:38:58,2026-08-10 13:38:58,2026-08-10 13:38:58
218005,2353,ECQD7,VENDA,102,110.2530,6.0187,2026-08-10 15:35:39,2026-08-10 15:35:41,2026-08-10 15:35:41
218006,3472,GULD2,COMPRA,300,142.8755,9.4749,2026-08-10 11:32:50,2026-08-10 11:32:52,2026-08-10 11:32:52
218007,3402,ENRZ2,COMPRA,50,105.4313,1.0126,2026-08-10 11:10:32,2026-08-10 11:10:34,2026-08-10 11:10:34
218008,3273,QTHQ1,COMPRA,467,18.2313,2.5113,2026-08-10 13:14:40,2026-08-10 13:14:41,2026-08-10 13:14:41
218009,2138,BOCS8,COMPRA,385,66.7618,5.9752,2026-08-10 15:05:21,2026-08-10 15:05:24,2026-08-10 15:05:24
218010,1135,AAWB3,COMPRA,435,161.4639,3.0299,2026-08-10 11:01:07,2026-08-10 11:01:09,2026-08-10 11:01:09
218011,2279,DHRM5,COMPRA,255,249.0451,4.9712,2026-08-10 12:43:45,2026-08-10 12:43:48,2026-08-10 12:43:48
218012,1360,IJJK3,COMPRA,183,105.1851,3.2509,2026-08-10 13:22:01,2026-08-10 13:22:03,2026-08-10 13:22:03
218013,1768,RYPL6,COMPRA,390,81.8326,3.7431,2026-08-10 14:03:39,2026-08-10 14:03:40,2026-08-10 14:03:40
218014,1756,LQML9,COMPRA,460,175.4140,10.3735,2026-08-10 13:13:43,2026-08-10 13:13:45,2026-08-10 13:13:45
218015,2054,RFNS7,COMPRA,85,74.8075,2.9726,2026-08-10 16:49:43,2026-08-10 16:49:46,2026-08-10 16:49:46
218016,3045,WIPB2,COMPRA,5,134.0398,1.5720,2026-08-10 16:49:19,2026-08-10 16:49:21,2026-08-10 16:49:21
218017,1374,JDJG6,COMPRA,31,60.4348,2.1941,2026-08-10 17:30:01,2026-08-10 17:30:03,2026-08-10 17:30:03
218018,1109,AYFQ2,COMPRA,15,12.7092,8.4138,2026-08-10 10:09:44,2026-08-10 10:09:44,2026-08-10 10:09:44
218019,1096,DQSN6,COMPRA,300,126.0140,6.4918,2026-08-10 14:37:15,2026-08-10 14:37:18,2026-08-10 14:37:18
218020,2438,JIPA6,COMPRA,120,32.9282,8.4151,2026-08-10 13:47:15,2026-08-10 13:47:18,2026-08-10 13:47:18
218021,2110,NUJZ2,COMPRA,10,28.0228,6.8732,2026-08-10 14:35:53,2026-08-10 14:35:54,2026-08-10 14:35:54
218022,1888,BSDJ7,COMPRA,235,283.0975,2.7524,2026-08-10 13:35:29,2026-08-10 13:35:29,2026-08-10 13:35:29
218023,2919,DFGR7,COMPRA,125,103.7447,2.0466,2026-08-10 10:41:29,2026-08-10 10:41:32,2026-08-10 10:41:32
218024,1145,RIET5,COMPRA,430,146.6076,2.6962,2026-08-10 14:38:42,2026-08-10 14:38:42,2026-08-10 14:38:42
218025,1028,HJRH5,COMPRA,130,127.9248,7.4702,2026-08-10 13:16:00,2026-08-10 13:16:03,2026-08-10 13:16:03
218026,3066,LQML9,COMPRA,10,121.4789,10.5943,2026-08-10 13:01:06,2026-08-10 13:01:08,2026-08-10 13:01:08
218027,3482,AYFQ2,VENDA,190,10.4479,0.6576,2026-08-10 13:55:23,2026-08-10 13:55:26,2026-08-10 13:55:26
218028,3116,GAKD5,COMPRA,145,336.8559,4.5467,2026-08-10 16:50:15,2026-08-10 16:50:15,2026-08-10 16:50:15
218029,2085,WHMT3,COMPRA,449,116.6129,1.6699,2026-08-10 10:49:08,2026-08-10 10:49:09,2026-08-10 10:49:09
218030,1404,GULD2,COMPRA,270,132.1401,0.4283,2026-08-10 15:58:29,2026-08-10 15:58:30,2026-08-10 15:58:30
218031,2335,PSEN6,COMPRA,210,184.1964,8.4239,2026-08-10 11:32:05,2026-08-10 11:32:07,2026-08-10 11:32:07
218032,2624,DFGR7,COMPRA,492,103.5706,10.5191,2026-08-10 14:18:19,2026-08-10 14:18:22,2026-08-10 14:18:22
218033,2007,ECQD7,COMPRA,180,83.8747,9.7117,2026-08-10 10:48:24,2026-08-10 10:48:25,2026-08-10 10:48:25
218034,2885,LCCH9,COMPRA,375,7.3284,8.0467,2026-08-10 12:15:22,2026-08-10 12:15:24,2026-08-10 12:15:24
218035,3292,XLZM9,COMPRA,445,45.3876,7.3759,2026-08-10 16:27:51,2026-08-10 16:27:53,2026-08-10 16:27:53
218036,1879,QTDZ2,COMPRA,335,48.9144,2.3008,2026-08-10 13:42:09,2026-08-10 13:42:10,2026-08-10 13:42:10
218037,1333,IWFI1,COMPRA,255,169.8167,9.0793,2026-08-10 16:15:12,2026-08-10 16:15:14,2026-08-10 16:15:14
218038,3368,RFNS7,COMPRA,150,106.7032,10.2612,2026-08-10 14:37:23,2026-08-10 14:37:24,2026-08-10 14:37:24
218039,1033,UYFJ9,COMPRA,210,101.9840,10.0916,2026-08-10 13:42:19,2026-08-10 13:42:20,2026-08-10 13:42:20
218040,1647,GKQC5,COMPRA,255,151.5306,5.1117,2026-08-10 11:54:33,2026-08-10 11:54:35,2026-08-10 11:54:35
218041,3268,RDOA3,COMPRA,455,71.0469,1.3311,2026-08-10 15:33:46,2026-08-10 15:33:48,2026-08-10 15:33:48
218042,3295,BOCS8,COMPRA,105,70.9329,2.0865,2026-08-10 13:19:25,2026-08-10 13:19:26,2026-08-10 13:19:26
218043,2595,OVYL9,COMPRA,435,71.1850,11.5825,2026-08-10 13:12:47,2026-08-10 13:12:49,2026-08-10 13:12:49
218044,3184,QTDZ2,COMPRA,360,55.4897,8.9588,2026-08-10 17:10:12,2026-08-10 17:10:15,2026-08-10 17:10:15
218045,2068,QATW7,COMPRA,380,61.8032,5.4558,2026-08-10 10:28:21,2026-08-10 10:28:21,2026-08-10 10:28:21
218046,3221,RMRT1,COMPRA,230,119.3285,2.6311,2026-08-10 10:45:13,2026-08-10 10:45:15,2026-08-10 10:45:15
218047,1752,RHXV4,COMPRA,385,66.7292,2.4115,2026-08-10 14:20:11,2026-08-10 14:20:11,2026-08-10 14:20:11
218048,2502,MCMT2,COMPRA,435,111.2955,10.2734,2026-08-10 10:38:41,2026-08-10 10:38:44,2026-08-10 10:38:44
218049,1411,QTHQ1,COMPRA,245,18.0395,2.6375,2026-08-10 11:36:22,2026-08-10 11:36:24,2026-08-10 11:36:24
218050,2591,PQUT9,COMPRA,70,89.4019,8.0317,2026-08-10 13:17:44,2026-08-10 13:17:47,2026-08-10 13:17:47
218051,1932,QHFL8,COMPRA,362,180.6672,10.2949,2026-08-10 12:25:22,2026-08-10 12:25:24,2026-08-10 12:25:24
218052,1243,MCHX2,COMPRA,410,127.4576,2.0182,2026-08-10 10:23:51,2026-08-10 10:23:51,2026-08-10 10:23:51
218053,2759,GAKD5,COMPRA,435,257.5140,3.1766,2026-08-10 10:43:32,2026-08-10 10:43:32,2026-08-10 10:43:32
218054,2771,HJRH5,COMPRA,445,152.5155,11.4163,2026-08-10 10:12:27,2026-08-10 10:12:27,2026-08-10 10:12:27
218055,2360,JDJG6,COMPRA,210,62.1822,11.1346,2026-08-10 12:36:43,2026-08-10 12:36:45,2026-08-10 12:36:45
218056,1572,NREP8,COMPRA,50,146.8689,9.1987,2026-08-10 13:50:06,2026-08-10 13:50:06,2026-08-10 13:50:06
218057,3123,XAVL3,COMPRA,105,214.2609,6.8816,2026-08-10 13:30:52,2026-08-10 13:30:52,2026-08-10 13:30:52
218058,1589,NPEM3,COMPRA,190,110.7185,4.2252,2026-08-10 10:26:18,2026-08-10 10:26:19,2026-08-10 10:26:19
218059,3450,DHRM5,COMPRA,100,367.8289,0.0233,2026-08-10 12:59:12,2026-08-10 12:59:14,2026-08-10 12:59:14
218060,2659,UQJU7,COMPRA,250,63.7975,2.2086,2026-08-10 15:13:09,2026-08-10 15:13:09,2026-08-10 15:13:09
218061,1783,NREP8,COMPRA,290,140.1409,4.1111,2026-08-10 11:57:57,2026-08-10 11:57:59,2026-08-10 11:57:59
218062,3522,HCLJ8,COMPRA,120,120.3213,8.9111,2026-08-10 13:20:46,2026-08-10 13:20:48,2026-08-10 13:20:48
218063,2198,NWGB4,COMPRA,425,138.0439,8.4918,2026-08-10 12:31:35,2026-08-10 12:31:37,2026-08-10 12:31:37
218064,2743,DFGR7,COMPRA,96,121.8830,5.1760,2026-08-10 15:05:08,2026-08-10 15:05:08,2026-08-10 15:05:08
218065,2759,JJVW6,COMPRA,395,101.3713,2.1957,2026-08-10 15:54:59,2026-08-10 15:55:01,2026-08-10 15:55:01
218066,3256,UQIQ7,COMPRA,325,75.1496,2.8177,2026-08-10 14:40:01,2026-08-10 14:40:01,2026-08-10 14:40:01
218067,2246,FRGH8,COMPRA,282,90.6944,4.1515,2026-08-10 15:56:04,2026-08-10 15:56:05,2026-08-10 15:56:05
218068,1707,ZYVN7,COMPRA,70,80.1442,8.4777,2026-08-10 16:19:52,2026-08-10 16:19:54,2026-08-10 16:19:54
218069,3347,GFDF2,COMPRA,375,71.7076,9.1804,2026-08-10 10:37:36,2026-08-10 10:37:36,2026-08-10 10:37:36
218070,2651,HCZM2,COMPRA,195,486.8049,11.9403,2026-08-10 14:13:39,2026-08-10 14:13:40,2026-08-10 14:13:40
218071,1723,HJRH5,COMPRA,225,180.4753,4.1502,2026-08-10 11:54:35,2026-08-10 11:54:37,2026-08-10 11:54:37
218072,2155,TTHO3,COMPRA,100,35.7381,9.9815,2026-08-10 12:57:36,2026-08-10 12:57:39,2026-08-10 12:57:39
218073,1786,SRDU1,COMPRA,466,91.7923,9.7331,2026-08-10 17:21:50,2026-08-10 17:21:51,2026-08-10 17:21:51
218074,2296,PBZM6,COMPRA,115,68.1089,1.4186,2026-08-10 11:19:25,2026-08-10 11:19:28,2026-08-10 11:19:28
218075,2950,DQSN6,COMPRA,100,168.8237,9.7693,2026-08-10 17:12:27,2026-08-10 17:12:27,2026-08-10 17:12:27
218076,1707,MOLF3,COMPRA,150,53.2937,9.2948,2026-08-10 10:58:15,2026-08-10 10:58:18,2026-08-10 10:58:18
218077,2977,HCZM2,COMPRA,400,403.6333,1.4246,2026-08-10 12:03:52,2026-08-10 12:03:55,2026-08-10 12:03:55
218078,1121,QHFL8,COMPRA,155,158.6610,7.2679,2026-08-10 14:14:45,2026-08-10 14:14:48,2026-08-10 14:14:48
218079,1478,NPEM3,COMPRA,55,91.6362,5.3098,2026-08-10 12:35:13,2026-08-10 12:35:13,2026-08-10 12:35:13
218080,2504,YIHC3,COMPRA,356,51.5602,9.5526,2026-08-10 14:30:31,2026-08-10 14:30:31,2026-08-10 14:30:31
218081,3522,JDJG6,COMPRA,320,78.1204,10.9543,2026-08-10 10:24:21,2026-08-10 10:24:24,2026-08-10 10:24:24
218082,2584,RYPL6,COMPRA,443,68.4674,6.5214,2026-08-10 17:03:04,2026-08-10 17:03:07,2026-08-10 17:03:07
218083,3304,LIEG8,COMPRA,340,78.8540,0.2804,2026-08-10 15:35:04,2026-08-10 15:35:07,2026-08-10 15:35:07
218084,2332,QTHQ1,COMPRA,155,27.4307,7.8457,2026-08-10 13:24:59,2026-08-10 13:24:59,2026-08-10 13:24:59
218085,3196,NHYK8,COMPRA,125,56.1046,8.2122,2026-08-10 11:32:54,2026-08-10 11:32:57,2026-08-10 11:32:57
218086,2908,LGKU6,COMPRA,355,74.6446,7.6653,2026-08-10 10:16:45,2026-08-10 10:16:46,2026-08-10 10:16:46
218087,2017,FYZB6,COMPRA,406,83.0829,9.7395,2026-08-10 13:06:30,2026-08-10 13:06:31,2026-08-10 13:06:31
218088,1513,ZHTL2,COMPRA,350,50.1294,6.6284,2026-08-10 11:57:04,2026-08-10 11:57:05,2026-08-10 11:57:05
218089,2420,MGRR2,COMPRA,110,145.3080,0.8581,2026-08-10 11:51:20,2026-08-10 11:51:21,2026-08-10 11:51:21
218090,3409,MCMT2,COMPRA,220,77.1649,8.9482,2026-08-10 16:58:02,2026-08-10 16:58:03,2026-08-10 16:58:03
218091,2508,KHGP6,COMPRA,220,87.7355,1.5852,2026-08-10 11:42:38,2026-08-10 11:42:38,2026-08-10 11:42:38
218092,3518,RMRT1,COMPRA,395,88.1764,5.5909,2026-08-10 10:19:52,2026-08-10 10:19:53,2026-08-10 10:19:53
218093,1287,NWGB4,COMPRA,407,118.8054,11.8211,2026-08-10 10:53:32,2026-08-10 10:53:34,2026-08-10 10:53:34
218094,1023,QHFL8,COMPRA,440,128.3230,4.3371,2026-08-10 15:27:44,2026-08-10 15:27:44,2026-08-10 15:27:44
218095,2906,UFIU3,COMPRA,245,105.3943,3.5145,2026-08-10 13:11:39,2026-08-10 13:11:41,2026-08-10 13:11:41
218096,1416,AAUA7,COMPRA,30,137.9050,5.2942,2026-08-10 13:05:57,2026-08-10 13:05:59,2026-08-10 13:05:59
218097,2854,GAKD5,COMPRA,105,304.9966,12.5737,2026-08-10 12:15:11,2026-08-10 12:15:12,2026-08-10 12:15:12
218098,1745,TVCE9,COMPRA,200,70.2625,1.3211,2026-08-10 10:01:59,2026-08-10 10:02:00,2026-08-10 10:02:00
218099,1503,DHRM5,COMPRA,148,245.5926,7.3022,2026-08-10 15:13:56,2026-08-10 15:13:56,2026-08-10 15:13:56
218100,2488,MOLF3,COMPRA,290,59.5231,6.6059,2026-08-10 11:03:15,2026-08-10 11:03:15,2026-08-10 11:03:15
218101,1834,NYGT6,COMPRA,255,114.0225,10.0443,2026-08-10 15:36:03,2026-08-10 15:36:04,2026-08-10 15:36:04
218102,3169,MJDL9,COMPRA,295,30.4275,5.2884,2026-08-10 16:10:52,2026-08-10 16:10:54,2026-08-10 16:10:54
218103,1522,SUZL4,COMPRA,260,107.4611,7.5386,2026-08-10 10:15:32,2026-08-10 10:15:35,2026-08-10 10:15:35
218104,1517,TBWG2,COMPRA,480,91.4525,2.1457,2026-08-10 14:57:58,2026-08-10 14:58:00,2026-08-10 14:58:00
218105,2292,QEUC2,COMPRA,330,173.4519,9.1224,2026-08-10 11:12:04,2026-08-10 11:12:05,2026-08-10 11:12:05
218106,2305,YYLA4,COMPRA,220,178.9767,5.0323,2026-08-10 14:46:04,2026-08-10 14:46:05,2026-08-10 14:46:05
218107,2390,YYLA4,COMPRA,160,148.4925,8.5834,2026-08-10 11:57:47,2026-08-10 11:57:49,2026-08-10 11:57:49
218108,3439,HVEX2,COMPRA,395,143.0102,8.9535,2026-08-10 11:15:45,2026-08-10 11:15:48,2026-08-10 11:15:48
218109,3339,XAVL3,VENDA,65,139.0481,2.7704,2026-08-10 16:03:26,2026-08-10 16:03:29,2026-08-10 16:03:29
218110,3188,TVCE9,COMPRA,167,81.6695,3.9826,2026-08-10 10:36:09,2026-08-10 10:36:09,2026-08-10 10:36:09
218111,1737,RSBT4,COMPRA,50,434.3648,2.9867,2026-08-10 11:02:32,2026-08-10 11:02:34,2026-08-10 11:02:34
218112,2294,FIUW1,COMPRA,245,107.2970,0.6358,2026-08-10 17:30:46,2026-08-10 17:30:46,2026-08-10 17:30:46
218113,1157,LCCH9,COMPRA,15,7.5875,2.5189,2026-08-10 10:01:23,2026-08-10 10:01:24,2026-08-10 10:01:24
218114,3133,NWGB4,COMPRA,470,137.3231,7.0941,2026-08-10 12:36:35,2026-08-10 12:36:36,2026-08-10 12:36:36
218115,3208,PQUT9,COMPRA,340,78.3697,9.6736,2026-08-10 13:05:05,2026-08-10 13:05:07,2026-08-10 13:05:07
218116,1886,MCMT2,COMPRA,345,96.4105,7.1667,2026-08-10 15:05:26,2026-08-10 15:05:26,2026-08-10 15:05:26
218117,1929,SVOZ4,COMPRA,185,48.5348,10.5989,2026-08-10 10:43:05,2026-08-10 10:43:05,2026-08-10 10:43:05
218118,2387,ECQD7,COMPRA,255,104.8247,9.9572,2026-08-10 15:00:17,2026-08-10 15:00:18,2026-08-10 15:00:18
218119,2562,RSBT4,COMPRA,330,405.3836,5.1671,2026-08-10 13:25:00,2026-08-10 13:25:02,2026-08-10 13:25:02
218120,3508,BGNM6,COMPRA,60,119.9854,4.7351,2026-08-10 15:22:28,2026-08-10 15:22:30,2026-08-10 15:22:30
218121,2435,GKQC5,COMPRA,465,114.8723,8.2135,2026-08-10 10:04:23,2026-08-10 10:04:23,2026-08-10 10:04:23
218122,1383,QQQS1,COMPRA,205,25.5001,0.0202,2026-08-10 17:05:16,2026-08-10 17:05:16,2026-08-10 17:05:16
218123,2454,DGBT6,COMPRA,185,92.6783,5.4880,2026-08-10 15:38:55,2026-08-10 15:38:58,2026-08-10 15:38:58
218124,1139,IWFI1,COMPRA,177,179.1548,11.6814,2026-08-10 12:32:40,2026-08-10 12:32:42,2026-08-10 12:32:42
218125,3496,YYLA4,COMPRA,295,217.6957,2.5067,2026-08-10 14:30:19,2026-08-10 14:30:20,2026-08-10 14:30:20
218126,2477,MCMT2,COMPRA,454,84.5080,6.1143,2026-08-10 12:21:42,2026-08-10 12:21:44,2026-08-10 12:21:44
218127,2362,IZTY4,COMPRA,130,32.7039,10.8315,2026-08-10 15:00:09,2026-08-10 15:00:10,2026-08-10 15:00:10
218128,1721,RFNS7,COMPRA,450,72.8752,9.0253,2026-08-10 10:09:56,2026-08-10 10:09:59,2026-08-10 10:09:59
218129,2718,WXQM6,COMPRA,5,38.6906,1.6982,2026-08-10 15:04:28,2026-08-10 15:04:28,2026-08-10 15:04:28
218130,1869,JJVW6,COMPRA,495,135.8698,5.1447,2026-08-10 14:20:34,2026-08-10 14:20:35,2026-08-10 14:20:35
218131,2110,YIHC3,COMPRA,260,69.7940,9.0414,2026-08-10 12:25:14,2026-08-10 12:25:17,2026-08-10 12:25:17
218132,1328,QQQS1,COMPRA,207,25.9240,6.2808,2026-08-10 12:53:12,2026-08-10 12:53:14,2026-08-10 12:53:14
218133,3147,NREP8,COMPRA,170,116.7307,4.9020,2026-08-10 14:07:05,2026-08-10 14:07:06,2026-08-10 14:07:06
218134,1021,UFMA7,COMPRA,15,203.6370,11.4447,2026-08-10 14:08:17,2026-08-10 14:08:17,2026-08-10 14:08:17
218135,1164,DMTZ8,COMPRA,195,155.2804,0.8233,2026-08-10 10:42:00,2026-08-10 10:42:00,2026-08-10 10:42:00
218136,2690,JIPA6,COMPRA,420,37.9949,1.4273,2026-08-10 16:01:52,2026-08-10 16:01:55,2026-08-10 16:01:55
218137,2711,QYBV3,COMPRA,297,60.0000,11.2739,2026-08-10 14:22:43,2026-08-10 14:22:46,2026-08-10 14:22:46
218138,1021,SUZL4,VENDA,355,142.5638,1.8970,2026-08-10 16:21:07,2026-08-10 16:21:07,2026-08-10 16:21:07
218139,2679,XTVW5,COMPRA,495,115.3981,1.3512,2026-08-10 16:23:22,2026-08-10 16:23:22,2026-08-10 16:23:22
218140,3497,KQEO3,COMPRA,230,69.2334,9.0686,2026-08-10 12:17:19,2026-08-10 12:17:19,2026-08-10 12:17:19
218141,2194,RMRT1,COMPRA,65,99.4148,5.5070,2026-08-10 12:09:46,2026-08-10 12:09:48,2026-08-10 12:09:48
218142,1999,UQIQ7,COMPRA,395,61.6752,7.7826,2026-08-10 14:19:10,2026-08-10 14:19:12,2026-08-10 14:19:12
218143,2970,HCLJ8,COMPRA,25,111.5767,11.3989,2026-08-10 16:08:23,2026-08-10 16:08:26,2026-08-10 16:08:26
218144,1997,LIEG8,COMPRA,292,99.8341,2.8406,2026-08-10 14:09:39,2026-08-10 14:09:42,2026-08-10 14:09:42
218145,3228,OVUQ2,COMPRA,185,50.2916,11.8701,2026-08-10 13:29:58,2026-08-10 13:30:01,2026-08-10 13:30:01
218146,1892,YCCK8,COMPRA,59,499.3956,2.0652,2026-08-10 13:43:03,2026-08-10 13:43:05,2026-08-10 13:43:05
218147,2215,OXVD8,COMPRA,9,83.5159,0.8293,2026-08-10 13:45:15,2026-08-10 13:45:16,2026-08-10 13:45:16
218148,2335,JUDG8,COMPRA,5,84.9537,9.8393,2026-08-10 11:37:24,2026-08-10 11:37:27,2026-08-10 11:37:27
218149,1083,ZAAS7,COMPRA,180,454.2457,0.6553,2026-08-10 13:34:35,2026-08-10 13:34:36,2026-08-10 13:34:36
218150,2564,WXQM6,COMPRA,289,41.3427,8.0453,2026-08-10 14:35:56,2026-08-10 14:35:58,2026-08-10 14:35:58
218151,2100,NUJZ2,COMPRA,105,34.6228,3.9974,2026-08-10 16:07:42,2026-08-10 16:07:45,2026-08-10 16:07:45
218152,1088,LGKU6,COMPRA,25,62.7837,9.1353,2026-08-10 14:00:07,2026-08-10 14:00:07,2026-08-10 14:00:07
218153,1129,HJRH5,COMPRA,129,184.7863,4.6118,2026-08-10 12:18:38,2026-08-10 12:18:40,2026-08-10 12:18:40
218154,3510,UCHR6,COMPRA,410,394.2847,8.8831,2026-08-10 17:27:07,2026-08-10 17:27:07,2026-08-10 17:27:07
218155,2295,RIET5,COMPRA,420,124.2980,10.2780,2026-08-10 15:19:57,2026-08-10 15:20:00,2026-08-10 15:20:00
218156,1717,RFNS7,COMPRA,320,98.2716,12.3037,2026-08-10 11:01:17,2026-08-10 11:01:20,2026-08-10 11:01:20
218157,3146,MOLF3,COMPRA,430,59.2811,10.5989,2026-08-10 14:48:29,2026-08-10 14:48:29,2026-08-10 14:48:29
218158,3386,BXFJ9,COMPRA,100,190.3787,11.9169,2026-08-10 10:30:03,2026-08-10 10:30:04,2026-08-10 10:30:04
218159,2304,MJDL9,COMPRA,275,28.7731,11.2619,2026-08-10 13:41:57,2026-08-10 13:41:59,2026-08-10 13:41:59
218160,3150,KFSY2,COMPRA,120,119.5097,5.5828,2026-08-10 16:47:45,2026-08-10 16:47:47,2026-08-10 16:47:47
218161,3401,IWAK1,COMPRA,270,70.3701,6.0833,2026-08-10 12:43:22,2026-08-10 12:43:22,2026-08-10 12:43:22
218162,2025,HJRH5,COMPRA,290,121.7556,5.1469,2026-08-10 13:20:30,2026-08-10 13:20:32,2026-08-10 13:20:32
218163,2251,UFIU3,COMPRA,190,81.4379,3.3582,2026-08-10 16:22:10,2026-08-10 16:22:12,2026-08-10 16:22:12
218164,1134,JIPR4,COMPRA,215,27.3461,4.4068,2026-08-10 10:45:49,2026-08-10 10:45:50,2026-08-10 10:45:50
218165,2388,NQYT3,COMPRA,170,59.3493,11.6343,2026-08-10 16:45:27,2026-08-10 16:45:30,2026-08-10 16:45:30
218166,2810,IPXK2,COMPRA,60,376.2705,6.6913,2026-08-10 12:44:46,2026-08-10 12:44:46,2026-08-10 12:44:46
218167,1996,GULD2,COMPRA,5,144.1693,5.8526,2026-08-10 10:08:52,2026-08-10 10:08:54,2026-08-10 10:08:54
218168,2527,MJDL9,COMPRA,175,32.0807,11.7761,2026-08-10 16:25:14,2026-08-10 16:25:17,2026-08-10 16:25:17
218169,1337,OVUQ2,COMPRA,374,40.7450,9.6844,2026-08-10 15:10:48,2026-08-10 15:10:49,2026-08-10 15:10:49
218170,1016,XAVL3,COMPRA,110,142.6536,8.7932,2026-08-10 12:34:54,2026-08-10 12:34:55,2026-08-10 12:34:55
218171,2866,YIHC3,COMPRA,295,71.5777,4.7378,2026-08-10 14:07:55,2026-08-10 14:07:58,2026-08-10 14:07:58
218172,1114,UFMA7,COMPRA,50,194.3957,1.0949,2026-08-10 15:11:57,2026-08-10 15:12:00,2026-08-10 15:12:00
218173,1947,DHRM5,COMPRA,325,247.8129,4.5532,2026-08-10 12:18:30,2026-08-10 12:18:30,2026-08-10 12:18:30
218174,1385,KFSY2,COMPRA,375,103.8021,12.8145,2026-08-10 13:55:46,2026-08-10 13:55:48,2026-08-10 13:55:48
218175,1906,KHGP6,COMPRA,420,94.8438,3.0313,2026-08-10 15:42:54,2026-08-10 15:42:57,2026-08-10 15:42:57
218176,3064,QEUC2,COMPRA,140,138.8983,1.1376,2026-08-10 13:48:33,2026-08-10 13:48:33,2026-08-10 13:48:33
218177,2631,LGKU6,COMPRA,120,91.0382,10.2272,2026-08-10 13:02:07,2026-08-10 13:02:08,2026-08-10 13:02:08
218178,1359,UYFJ9,COMPRA,116,91.2505,4.2719,2026-08-10 16:34:07,2026-08-10 16:34:10,2026-08-10 16:34:10
218179,1587,DSFC9,COMPRA,290,429.2552,2.9108,2026-08-10 14:28:34,2026-08-10 14:28:34,2026-08-10 14:28:34
218180,1413,TTHO3,COMPRA,267,27.4515,2.5204,2026-08-10 10:05:56,2026-08-10 10:05:56,2026-08-10 10:05:56
218181,3282,TVCE9,COMPRA,145,74.9306,7.4760,2026-08-10 12:45:02,2026-08-10 12:45:05,2026-08-10 12:45:05
218182,2144,SRDU1,COMPRA,190,90.4442,1.7277,2026-08-10 14:46:14,2026-08-10 14:46:16,2026-08-10 14:46:16
218183,2366,XAVL3,COMPRA,60,165.2403,5.2808,2026-08-10 15:50:27,2026-08-10 15:50:30,2026-08-10 15:50:30
218184,2397,PQUT9,COMPRA,499,79.8430,3.5575,2026-08-10 14:19:20,2026-08-10 14:19:20,2026-08-10 14:19:20
218185,1833,RYPL6,COMPRA,250,96.4810,4.7132,2026-08-10 15:35:42,2026-08-10 15:35:44,2026-08-10 15:35:44
218186,3512,UCHR6,COMPRA,205,517.8323,5.7134,2026-08-10 17:10:52,2026-08-10 17:10:53,2026-08-10 17:10:53
218187,1723,VLEB3,COMPRA,450,306.7543,3.7432,2026-08-10 17:08:52,2026-08-10 17:08:53,2026-08-10 17:08:53
