id_transacao,id_conta,ticker,tipo_operacao,quantidade,preco_unitario,taxa_corretagem,data_operacao,created_at,updated_at
202906,2452,UQIQ7,COMPRA,170,71.5625,4.7505,2026-08-04 13:47:22,2026-08-04 13:47:23,2026-08-04 13:47:23
202907,2274,ERTC4,COMPRA,55,40.2671,7.0873,2026-08-04 10:35:45,2026-08-04 10:35:47,2026-08-04 10:35:47
202908,1031,SVOZ4,COMPRA,470,36.7676,7.2299,2026-08-04 14:51:37,2026-08-04 14:51:40,2026-08-04 14:51:40
202909,3195,ERTC4,COMPRA,370,45.4609,1.5497,2026-08-04 14:28:47,2026-08-04 14:28:49,2026-08-04 14:28:49
202910,3069,JJVW6,COMPRA,265,140.3154,1.2258,2026-08-04 15:53:41,2026-08-04 15:53:41,2026-08-04 15:53:41
202911,2808,QQQS1,COMPRA,280,26.9498,0.4810,2026-08-04 10:27:39,2026-08-04 10:27:40,2026-08-04 10:27:40
202912,1612,RYPL6,COMPRA,427,66.7359,0.6608,2026-08-04 15:43:53,2026-08-04 15:43:54,2026-08-04 15:43:54
202913,3260,AAWB3,COMPRA,330,217.1699,3.1950,2026-08-04 10:39:57,2026-08-04 10:39:59,2026-08-04 10:39:59
202914,1064,XTVW5,COMPRA,134,126.3088,6.9125,2026-08-04 11:43:12,2026-08-04 11:43:12,2026-08-04 11:43:12
202915,1377,DGBT6,COMPRA,110,74.3698,1.7625,2026-08-04 12:47:49,2026-08-04 12:47:51,2026-08-04 12:47:51
202916,1229,RSBT4,COMPRA,225,496.8984,7.2353,2026-08-04 17:29:39,2026-08-04 17:29:41,2026-08-04 17:29:41
202917,1702,HJRH5,VENDA,135,144.4976,10.8588,2026-08-04 10:08:40,2026-08-04 10:08:43,2026-08-04 10:08:43
202918,2348,NREP8,COMPRA,480,137.3388,6.9899,2026-08-04 14:09:18,2026-08-04 14:09:21,2026-08-04 14:09:21
202919,1037,NAOF3,COMPRA,450,51.5897,0.2120,2026-08-04 14:42:23,2026-08-04 14:42:24,2026-08-04 14:42:24
202920,2641,MCMT2,COMPRA,100,108.4151,11.0834,2026-08-04 15:18:31,2026-08-04 15:18:31,2026-08-04 15:18:31
202921,2118,WMQZ6,COMPRA,255,79.1985,0.9351,2026-08-04 12:42:17,2026-08-04 12:42:20,2026-08-04 12:42:20
202922,3224,ECQD7,COMPRA,415,97.4831,5.9690,2026-08-04 10:25:28,2026-08-04 10:25:28,2026-08-04 10:25:28
202923,1800,TXHR8,COMPRA,135,67.1703,12.7409,2026-08-04 11:38:27,2026-08-04 11:38:27,2026-08-04 11:38:27
202924,1726,WXQM6,COMPRA,342,45.8227,1.2251,2026-08-04 10:57:42,2026-08-04 10:57:43,2026-08-04 10:57:43
202925,3470,IZTY4,COMPRA,55,27.3540,5.3935,2026-08-04 16:06:01,2026-08-04 16:06:02,2026-08-04 16:06:02
202926,3149,TVCE9,COMPRA,300,57.3963,10.7159,2026-08-04 10:36:11,2026-08-04 10:36:12,2026-08-04 10:36:12
202927,1105,JJVW6,COMPRA,50,129.9643,7.7899,2026-08-04 10:59:43,2026-08-04 10:59:43,2026-08-04 10:59:43
202928,2259,ENRZ2,COMPRA,180,102.5117,10.7672,2026-08-04 10:49:55,2026-08-04 10:49:56,2026-08-04 10:49:56
202929,2879,ZYVN7,COMPRA,120,86.3388,1.4832,2026-08-04 17:07:11,2026-08-04 17:07:13,2026-08-04 17:07:13
202930,2930,PBZM6,COMPRA,405,54.8380,3.1541,2026-08-04 12:11:10,2026-08-04 12:11:13,2026-08-04 12:11:13
202931,1583,XAVL3,COMPRA,55,145.5419,11.6973,2026-08-04 10:27:32,2026-08-04 10:27:33,2026-08-04 10:27:33
202932,1916,DEGN5,COMPRA,222,67.0214,7.7954,2026-08-04 10:17:43,2026-08-04 10:17:44,2026-08-04 10:17:44
202933,1308,UQJU7,VENDA,450,63.9767,10.7363,2026-08-04 11:53:43,2026-08-04 11:53:44,2026-08-04 11:53:44
202934,3176,TTHO3,COMPRA,180,36.5140,5.8813,2026-08-04 16:41:04,2026-08-04 16:41:04,2026-08-04 16:41:04
202935,2425,QHFL8,COMPRA,55,169.2590,12.8190,2026-08-04 13:32:09,2026-08-04 13:32:09,2026-08-04 13:32:09
202936,1223,TNHT4,COMPRA,65,155.3152,6.9302,2026-08-04 11:10:14,2026-08-04 11:10:16,2026-08-04 11:10:16
202937,1300,TTHO3,COMPRA,250,43.1862,3.1686,2026-08-04 11:46:28,2026-08-04 11:46:31,2026-08-04 11:46:31
202938,1657,CQJZ4,COMPRA,235,101.2296,5.5565,2026-08-04 13:22:48,2026-08-04 13:22:50,2026-08-04 13:22:50
202939,2852,RHXV4,COMPRA,300,70.7960,4.3122,2026-08-04 12:02:18,2026-08-04 12:02:21,2026-08-04 12:02:21
202940,3106,BSDJ7,COMPRA,5,255.6946,11.8070,2026-08-04 11:24:10,2026-08-04 11:24:11,2026-08-04 11:24:11
202941,1581,JIPR4,COMPRA,70,26.0112,9.8424,2026-08-04 12:54:24,2026-08-04 12:54:27,2026-08-04 12:54:27
202942,3057,UVEY5,COMPRA,100,100.2656,0.8499,2026-08-04 13:26:59,2026-08-04 13:26:59,2026-08-04 13:26:59
202943,2259,IZTY4,COMPRA,345,36.6884,12.1939,2026-08-04 14:22:03,2026-08-04 14:22:05,2026-08-04 14:22:05
202944,1915,YFAH5,COMPRA,465,183.0903,9.1764,2026-08-04 15:32:05,2026-08-04 15:32:05,2026-08-04 15:32:05
202945,2908,QEUC2,COMPRA,370,204.5866,3.2013,2026-08-04 14:00:39,2026-08-04 14:00:39,2026-08-04 14:00:39
202946,2368,XOVY4,COMPRA,495,77.7311,11.8432,2026-08-04 17:04:33,2026-08-04 17:04:34,2026-08-04 17:04:34
202947,1690,WMQZ6,COMPRA,126,80.8631,7.2934,2026-08-04 10:20:10,2026-08-04 10:20:11,2026-08-04 10:20:11
202948,1268,GKQC5,COMPRA,80,126.4506,8.5227,2026-08-04 16:28:51,2026-08-04 16:28:51,2026-08-04 16:28:51
202949,1980,GULD2,COMPRA,355,136.3946,8.3297,2026-08-04 16:31:26,2026-08-04 16:31:26,2026-08-04 16:31:26
202950,3282,LQML9,COMPRA,85,171.1256,0.1469,2026-08-04 11:40:10,2026-08-04 11:40:12,2026-08-04 11:40:12
202951,2629,ZAAS7,COMPRA,330,477.9253,2.6346,2026-08-04 11:10:11,2026-08-04 11:10:12,2026-08-04 11:10:12
202952,1358,VLEB3,COMPRA,470,487.4525,9.1914,2026-08-04 16:19:26,2026-08-04 16:19:26,2026-08-04 16:19:26
202953,2713,QATW7,COMPRA,270,38.6161,9.6189,2026-08-04 12:51:28,2026-08-04 12:51:29,2026-08-04 12:51:29
202954,2610,DFGR7,COMPRA,370,119.1149,2.3007,2026-08-04 12:04:27,2026-08-04 12:04:30,2026-08-04 12:04:30
202955,2080,OVUQ2,COMPRA,215,42.4233,5.6613,2026-08-04 16:31:57,2026-08-04 16:31:57,2026-08-04 16:31:57
202956,1873,JUDG8,COMPRA,29,80.9457,11.2959,2026-08-04 10:09:09,2026-08-04 10:09:10,2026-08-04 10:09:10
202957,1211,DQSN6,COMPRA,170,133.8114,4.6479,2026-08-04 12:35:43,2026-08-04 12:35:45,2026-08-04 12:35:45
202958,3418,RHXV4,COMPRA,30,66.3706,0.0695,2026-08-04 13:29:30,2026-08-04 13:29:31,2026-08-04 13:29:31
202959,1336,JJVW6,COMPRA,410,134.1714,6.6528,2026-08-04 11:38:04,2026-08-04 11:38:05,2026-08-04 11:38:05
202960,1978,TTHO3,COMPRA,370,31.7911,10.7127,2026-08-04 13:27:27,2026-08-04 13:27:27,2026-08-04 13:27:27
202961,1514,HCLJ8,COMPRA,152,114.5536,11.2595,2026-08-04 16:39:27,2026-08-04 16:39:30,2026-08-04 16:39:30
202962,1934,ERTC4,COMPRA,105,38.5119,8.5266,2026-08-04 10:07:38,2026-08-04 10:07:38,2026-08-04 10:07:38
202963,1154,ZAAS7,COMPRA,455,356.0531,9.4219,2026-08-04 13:52:02,2026-08-04 13:52:05,2026-08-04 13:52:05
202964,1335,UYFJ9,COMPRA,440,74.2198,6.8319,2026-08-04 15:57:49,2026-08-04 15:57:49,2026-08-04 15:57:49
202965,2210,HCZM2,COMPRA,371,376.0164,6.2698,2026-08-04 14:10:35,2026-08-04 14:10:37,2026-08-04 14:10:37
202966,3085,QATW7,COMPRA,405,45.1519,12.1382,2026-08-04 17:23:05,2026-08-04 17:23:05,2026-08-04 17:23:05
202967,2003,LIEG8,COMPRA,290,99.0140,0.9083,2026-08-04 13:16:46,2026-08-04 13:16:48,2026-08-04 13:16:48
202968,2970,BOCS8,COMPRA,70,70.1915,3.2308,2026-08-04 12:05:17,2026-08-04 12:05:19,2026-08-04 12:05:19
202969,2564,HCLJ8,COMPRA,278,96.8415,8.5402,2026-08-04 16:11:14,2026-08-04 16:11:14,2026-08-04 16:11:14
202970,2093,RFNS7,COMPRA,310,100.3093,4.3808,2026-08-04 16:59:30,2026-08-04 16:59:30,2026-08-04 16:59:30
202971,2368,PQUT9,COMPRA,435,102.5107,10.0410,2026-08-04 17:02:45,2026-08-04 17:02:47,2026-08-04 17:02:47
202972,2962,SUZL4,COMPRA,115,134.7928,5.1972,2026-08-04 14:20:36,2026-08-04 14:20:37,2026-08-04 14:20:37
202973,1783,PSEN6,COMPRA,395,216.6577,2.3974,2026-08-04 13:06:02,2026-08-04 13:06:02,2026-08-04 13:06:02
202974,3191,LIEG8,COMPRA,465,87.1019,8.0851,2026-08-04 13:28:44,2026-08-04 13:28:47,2026-08-04 13:28:47
202975,1523,AAUA7,COMPRA,368,146.1229,1.4707,2026-08-04 14:58:24,2026-08-04 14:58:26,2026-08-04 14:58:26
202976,1837,QTHQ1,COMPRA,125,21.6498,3.2555,2026-08-04 10:21:00,2026-08-04 10:21:00,2026-08-04 10:21:00
202977,2819,ENRZ2,COMPRA,226,77.7920,1.1188,2026-08-04 17:27:26,2026-08-04 17:27:27,2026-08-04 17:27:27
202978,1347,GFDF2,COMPRA,165,97.0166,7.5458,2026-08-04 10:24:28,2026-08-04 10:24:29,2026-08-04 10:24:29
202979,3160,OVYL9,COMPRA,55,69.2206,9.0165,2026-08-04 13:08:17,2026-08-04 13:08:20,2026-08-04 13:08:20
202980,2953,IJJK3,COMPRA,350,104.3679,4.0912,2026-08-04 12:43:37,2026-08-04 12:43:39,2026-08-04 12:43:39
202981,1522,UCHR6,COMPRA,235,319.4934,7.6871,2026-08-04 13:46:24,2026-08-04 13:46:25,2026-08-04 13:46:25
202982,1859,OVUQ2,COMPRA,360,39.3544,4.9300,2026-08-04 13:56:50,2026-08-04 13:56:51,2026-08-04 13:56:51
202983,1836,SUZL4,COMPRA,240,163.6157,5.5482,2026-08-04 14:10:33,2026-08-04 14:10:35,2026-08-04 14:10:35
202984,2213,MCHX2,COMPRA,295,109.3967,5.3667,2026-08-04 11:53:55,2026-08-04 11:53:55,2026-08-04 11:53:55
202985,2581,DMTZ8,COMPRA,8,148.8933,8.2336,2026-08-04 11:19:24,2026-08-04 11:19:24,2026-08-04 11:19:24
202986,1387,JIPR4,COMPRA,115,34.9018,7.0199,2026-08-04 15:31:46,2026-08-04 15:31:47,2026-08-04 15:31:47
202987,1920,QTHQ1,COMPRA,335,26.1010,0.3906,2026-08-04 11:45:27,2026-08-04 11:45:27,2026-08-04 11:45:27
202988,3162,BSDJ7,COMPRA,184,248.9595,10.4718,2026-08-04 13:07:38,2026-08-04 13:07:41,2026-08-04 13:07:41
202989,3097,PSEN6,COMPRA,130,225.2148,11.5037,2026-08-04 15:02:20,2026-08-04 15:02:20,2026-08-04 15:02:20
202990,1228,ENRZ2,COMPRA,367,87.0377,8.2101,2026-08-04 10:51:10,2026-08-04 10:51:13,2026-08-04 10:51:13
202991,2855,FYZB6,COMPRA,395,76.8060,1.7424,2026-08-04 10:15:56,2026-08-04 10:15:56,2026-08-04 10:15:56
202992,1386,NYGT6,COMPRA,85,92.3711,10.5868,2026-08-04 14:15:25,2026-08-04 14:15:26,2026-08-04 14:15:26
202993,2226,HVEX2,COMPRA,110,172.1781,7.2944,2026-08-04 11:36:41,2026-08-04 11:36:41,2026-08-04 11:36:41
202994,1070,UYFJ9,COMPRA,350,106.4443,1.7933,2026-08-04 10:01:12,2026-08-04 10:01:13,2026-08-04 10:01:13
202995,1311,LCCH9,COMPRA,450,10.2791,8.2282,2026-08-04 15:57:32,2026-08-04 15:57:34,2026-08-04 15:57:34
202996,3226,YOWA1,COMPRA,495,58.6667,2.4036,2026-08-04 11:41:05,2026-08-04 11:41:07,2026-08-04 11:41:07
202997,1504,GAKD5,COMPRA,14,226.8203,8.3412,2026-08-04 14:49:58,2026-08-04 14:49:58,2026-08-04 14:49:58
202998,2116,MGRR2,COMPRA,125,150.4580,12.4831,2026-08-04 11:48:04,2026-08-04 11:48:06,2026-08-04 11:48:06
202999,3479,NAOF3,VENDA,240,62.0664,12.8836,2026-08-04 14:19:25,2026-08-04 14:19:25,2026-08-04 14:19:25
203000,1666,BOCS8,COMPRA,215,77.0195,0.3538,2026-08-04 12:58:16,2026-08-04 12:58:17,2026-08-04 12:58:17
203001,1335,PZUP8,COMPRA,45,156.6698,11.7078,2026-08-04 16:03:30,2026-08-04 16:03:31,2026-08-04 16:03:31
203002,2996,NAOF3,COMPRA,425,55.8003,8.3917,2026-08-04 16:39:32,2026-08-04 16:39:34,2026-08-04 16:39:34
203003,1888,GULD2,COMPRA,330,173.7297,2.8142,2026-08-04 11:11:34,2026-08-04 11:11:34,2026-08-04 11:11:34
203004,1729,BGNM6,COMPRA,160,93.7017,10.0240,2026-08-04 14:15:00,2026-08-04 14:15:01,2026-08-04 14:15:01
203005,2800,LIEG8,COMPRA,85,87.6304,7.4487,2026-08-04 13:26:17,2026-08-04 13:26:20,2026-08-04 13:26:20
203006,3310,AYFQ2,COMPRA,140,10.9135,0.4115,2026-08-04 12:36:20,2026-08-04 12:36:21,2026-08-04 12:36:21
203007,2595,XTVW5,COMPRA,380,132.6523,8.2200,2026-08-04 13:30:16,2026-08-04 13:30:17,2026-08-04 13:30:17
203008,1569,HJRH5,COMPRA,210,183.0056,6.6938,2026-08-04 13:54:22,2026-08-04 13:54:24,2026-08-04 13:54:24
203009,2836,MOLF3,COMPRA,423,50.0318,5.4747,2026-08-04 11:59:24,2026-08-04 11:59:27,2026-08-04 11:59:27
203010,2622,OVYL9,COMPRA,138,71.7396,11.8923,2026-08-04 15:53:43,2026-08-04 15:53:45,2026-08-04 15:53:45
203011,1283,JIPR4,COMPRA,314,37.9493,2.9749,2026-08-04 13:18:33,2026-08-04 13:18:34,2026-08-04 13:18:34
203012,3454,MCMT2,COMPRA,310,75.5115,9.8495,2026-08-04 12:21:46,2026-08-04 12:21:48,2026-08-04 12:21:48
203013,2829,DQSN6,COMPRA,340,165.8643,4.8056,2026-08-04 14:35:11,2026-08-04 14:35:14,2026-08-04 14:35:14
203014,3043,PBZM6,COMPRA,360,62.7319,2.6103,2026-08-04 15:28:24,2026-08-04 15:28:27,2026-08-04 15:28:27
203015,1099,NYGT6,COMPRA,330,116.1035,12.6171,2026-08-04 16:49:45,2026-08-04 16:49:47,2026-08-04 16:49:47
203016,3364,TTHO3,VENDA,105,28.3438,12.0488,2026-08-04 16:48:31,2026-08-04 16:48:34,2026-08-04 16:48:34
203017,2632,CQIL9,COMPRA,364,37.9179,10.3504,2026-08-04 10:33:42,2026-08-04 10:33:45,2026-08-04 10:33:45
203018,3287,BOCS8,COMPRA,333,75.3556,3.8757,2026-08-04 12:47:34,2026-08-04 12:47:35,2026-08-04 12:47:35
203019,2888,WXQM6,COMPRA,49,51.1850,0.3409,2026-08-04 10:58:28,2026-08-04 10:58:28,2026-08-04 10:58:28
203020,3126,DHRM5,COMPRA,110,367.1021,10.8368,2026-08-04 14:49:46,2026-08-04 14:49:47,2026-08-04 14:49:47
203021,2381,IZTY4,COMPRA,100,25.6505,7.3695,2026-08-04 11:25:35,2026-08-04 11:25:36,2026-08-04 11:25:36
203022,1513,MGRR2,COMPRA,75,104.6633,0.1894,2026-08-04 15:45:39,2026-08-04 15:45:41,2026-08-04 15:45:41
203023,1213,SGBG8,COMPRA,240,68.6065,0.1860,2026-08-04 13:15:33,2026-08-04 13:15:33,2026-08-04 13:15:33
203024,2517,YFAH5,COMPRA,395,137.0452,10.1276,2026-08-04 14:41:28,2026-08-04 14:41:30,2026-08-04 14:41:30
203025,3132,FYZB6,COMPRA,400,65.3152,1.0765,2026-08-04 10:12:29,2026-08-04 10:12:31,2026-08-04 10:12:31
203026,2168,ACSV1,COMPRA,220,81.9919,10.2186,2026-08-04 12:29:11,2026-08-04 12:29:12,2026-08-04 12:29:12
203027,3131,RDOA3,COMPRA,260,86.9558,10.3972,2026-08-04 15:41:28,2026-08-04 15:41:31,2026-08-04 15:41:31
203028,1692,HJRH5,COMPRA,50,123.4486,10.3159,2026-08-04 15:11:46,2026-08-04 15:11:46,2026-08-04 15:11:46
203029,1994,CQIL9,COMPRA,130,40.9400,2.0577,2026-08-04 10:26:30,2026-08-04 10:26:33,2026-08-04 10:26:33
203030,2237,YFAH5,COMPRA,340,126.0348,4.8170,2026-08-04 12:02:11,2026-08-04 12:02:11,2026-08-04 12:02:11
203031,2126,DMTZ8,COMPRA,110,147.3098,0.3454,2026-08-04 16:12:06,2026-08-04 16:12:08,2026-08-04 16:12:08
203032,2003,ZYVN7,COMPRA,430,63.5668,2.2209,2026-08-04 14:29:27,2026-08-04 14:29:30,2026-08-04 14:29:30
203033,2915,NWGB4,COMPRA,320,124.0872,9.3991,2026-08-04 10:46:18,2026-08-04 10:46:19,2026-08-04 10:46:19
203034,3017,ERTC4,COMPRA,115,42.8942,9.7336,2026-08-04 12:07:37,2026-08-04 12:07:37,2026-08-04 12:07:37
203035,2880,FYZB6,COMPRA,450,78.8199,9.8739,2026-08-04 16:44:29,2026-08-04 16:44:31,2026-08-04 16:44:31
203036,1482,PBZM6,COMPRA,430,70.1813,3.4259,2026-08-04 14:26:32,2026-08-04 14:26:33,2026-08-04 14:26:33
203037,3408,ERTC4,COMPRA,50,52.1733,12.8554,2026-08-04 13:45:55,2026-08-04 13:45:55,2026-08-04 13:45:55
203038,1119,IWAK1,COMPRA,405,98.5529,12.3837,2026-08-04 10:34:24,2026-08-04 10:34:26,2026-08-04 10:34:26
203039,1256,RSBT4,COMPRA,434,476.5646,3.6539,2026-08-04 15:12:13,2026-08-04 15:12:16,2026-08-04 15:12:16
203040,1256,DEGN5,COMPRA,215,86.1544,8.8053,2026-08-04 14:57:09,2026-08-04 14:57:11,2026-08-04 14:57:11
203041,1160,KFSY2,COMPRA,170,101.4113,8.1069,2026-08-04 16:22:29,2026-08-04 16:22:30,2026-08-04 16:22:30
203042,2689,NQYT3,COMPRA,130,46.8873,2.3358,2026-08-04 14:45:20,2026-08-04 14:45:23,2026-08-04 14:45:23
203043,2831,IZTY4,COMPRA,39,26.4269,10.7998,2026-08-04 14:46:19,2026-08-04 14:46:21,2026-08-04 14:46:21
203044,1546,RSBT4,COMPRA,305,476.0351,12.5843,2026-08-04 16:00:38,2026-08-04 16:00:40,2026-08-04 16:00:40
203045,1626,SGBG8,COMPRA,135,98.0104,3.4524,2026-08-04 14:59:03,2026-08-04 14:59:06,2026-08-04 14:59:06
203046,2704,TBWG2,COMPRA,15,61.2797,2.2224,2026-08-04 11:10:50,2026-08-04 11:10:53,2026-08-04 11:10:53
203047,2801,NQYT3,COMPRA,360,47.5266,8.0348,2026-08-04 14:52:05,2026-08-04 14:52:06,2026-08-04 14:52:06
203048,3281,WXFC8,COMPRA,90,90.8421,6.7817,2026-08-04 15:50:28,2026-08-04 15:50:30,2026-08-04 15:50:30
203049,3426,EEYY9,COMPRA,90,148.4865,6.2102,2026-08-04 16:10:05,2026-08-04 16:10:08,2026-08-04 16:10:08
203050,1215,YRWH3,COMPRA,30,219.6864,9.8029,2026-08-04 11:08:35,2026-08-04 11:08:35,2026-08-04 11:08:35
203051,2723,IZTY4,COMPRA,225,36.2235,6.5407,2026-08-04 11:45:50,2026-08-04 11:45:52,2026-08-04 11:45:52
203052,1257,RDOA3,COMPRA,485,102.1774,10.7637,2026-08-04 14:03:02,2026-08-04 14:03:05,2026-08-04 14:03:05
203053,2185,NYGT6,COMPRA,345,85.9980,4.0534,2026-08-04 12:05:55,2026-08-04 12:05:57,2026-08-04 12:05:57
203054,3343,GKQC5,COMPRA,95,127.7704,3.6650,2026-08-04 11:03:57,2026-08-04 11:04:00,2026-08-04 11:04:00
203055,3496,TBWG2,COMPRA,408,97.6034,7.6628,2026-08-04 14:41:36,2026-08-04 14:41:37,2026-08-04 14:41:37
203056,2269,TXHR8,COMPRA,205,67.9577,9.0653,2026-08-04 16:12:04,2026-08-04 16:12:07,2026-08-04 16:12:07
203057,1577,OXVD8,COMPRA,94,87.1548,8.7229,2026-08-04 16:02:11,2026-08-04 16:02:12,2026-08-04 16:02:12
203058,2390,TXHR8,COMPRA,495,99.3906,8.7808,2026-08-04 17:13:40,2026-08-04 17:13:43,2026-08-04 17:13:43
203059,1472,YYLA4,COMPRA,260,185.5464,7.7677,2026-08-04 12:47:23,2026-08-04 12:47:26,2026-08-04 12:47:26
203060,1138,DGBT6,COMPRA,130,85.4796,2.1907,2026-08-04 13:46:09,2026-08-04 13:46:12,2026-08-04 13:46:12
203061,3424,OXVD8,VENDA,156,93.5184,3.8154,2026-08-04 11:59:30,2026-08-04 11:59:33,2026-08-04 11:59:33
203062,1265,DGBT6,COMPRA,75,80.8858,2.8606,2026-08-04 12:19:08,2026-08-04 12:19:08,2026-08-04 12:19:08
203063,1839,JIPR4,COMPRA,430,30.5942,10.6039,2026-08-04 11:01:57,2026-08-04 11:01:58,2026-08-04 11:01:58
203064,1470,HCZM2,COMPRA,55,391.2766,7.4033,2026-08-04 16:48:07,2026-08-04 16:48:10,2026-08-04 16:48:10
203065,2358,BOCS8,COMPRA,440,63.8777,7.9740,2026-08-04 12:56:50,2026-08-04 12:56:53,2026-08-04 12:56:53
203066,2733,NUJZ2,COMPRA,65,33.2101,2.1833,2026-08-04 14:20:51,2026-08-04 14:20:51,2026-08-04 14:20:51
203067,3417,KHGP6,COMPRA,95,79.5315,9.1397,2026-08-04 15:36:54,2026-08-04 15:36:55,2026-08-04 15:36:55
203068,2160,UQJU7,COMPRA,1,72.1756,0.9122,2026-08-04 12:59:24,2026-08-04 12:59:24,2026-08-04 12:59:24
203069,2694,PZUP8,COMPRA,10,180.5370,5.9186,2026-08-04 15:02:30,2026-08-04 15:02:30,2026-08-04 15:02:30
203070,1094,RHXV4,COMPRA,355,70.9190,5.4375,2026-08-04 10:04:38,2026-08-04 10:04:38,2026-08-04 10:04:38
203071,1174,TVCE9,COMPRA,375,75.7656,5.9288,2026-08-04 16:40:26,2026-08-04 16:40:26,2026-08-04 16:40:26
203072,3200,LGKU6,COMPRA,40,91.1353,0.5863,2026-08-04 15:24:15,2026-08-04 15:24:15,2026-08-04 15:24:15
203073,1316,PZUP8,COMPRA,220,171.7564,10.8179,2026-08-04 14:11:05,2026-08-04 14:11:07,2026-08-04 14:11:07
203074,2449,AYFQ2,COMPRA,155,14.4091,2.1387,2026-08-04 15:24:06,2026-08-04 15:24:07,2026-08-04 15:24:07
203075,2489,XTVW5,COMPRA,230,123.0887,10.7730,2026-08-04 13:57:18,2026-08-04 13:57:21,2026-08-04 13:57:21
203076,3045,QHFL8,COMPRA,435,187.1111,0.4116,2026-08-04 13:48:07,2026-08-04 13:48:09,2026-08-04 13:48:09
203077,3153,NREP8,COMPRA,280,95.8308,0.0588,2026-08-04 10:23:30,2026-08-04 10:23:32,2026-08-04 10:23:32
203078,3436,HCZM2,COMPRA,395,482.7019,10.2811,2026-08-04 11:10:03,2026-08-04 11:10:03,2026-08-04 11:10:03
203079,1235,ZFBT3,COMPRA,385,116.7129,6.8690,2026-08-04 16:24:27,2026-08-04 16:24:30,2026-08-04 16:24:30
203080,3378,RMRT1,COMPRA,200,123.8611,7.4421,2026-08-04 12:45:51,2026-08-04 12:45:53,2026-08-04 12:45:53
203081,1487,XAVL3,COMPRA,140,188.4789,10.4386,2026-08-04 12:49:49,2026-08-04 12:49:51,2026-08-04 12:49:51
203082,3151,QHFL8,COMPRA,75,124.8445,1.3322,2026-08-04 17:04:57,2026-08-04 17:05:00,2026-08-04 17:05:00
203083,3365,ACSV1,COMPRA,300,107.7152,3.8935,2026-08-04 12:25:02,2026-08-04 12:25:03,2026-08-04 12:25:03
203084,1264,FYZB6,COMPRA,80,64.0636,12.4891,2026-08-04 13:45:35,2026-08-04 13:45:36,2026-08-04 13:45:36
203085,2204,BOCS8,COMPRA,240,71.8753,4.1284,2026-08-04 14:44:09,2026-08-04 14:44:12,2026-08-04 14:44:12
203086,1584,ENRZ2,COMPRA,485,113.5842,8.8741,2026-08-04 15:35:24,2026-08-04 15:35:24,2026-08-04 15:35:24
203087,1937,RMRT1,COMPRA,131,112.2043,6.9901,2026-08-04 16:55:50,2026-08-04 16:55:51,2026-08-04 16:55:51
203088,2482,JIPR4,COMPRA,361,32.6316,3.0911,2026-08-04 16:45:55,2026-08-04 16:45:55,2026-08-04 16:45:55
203089,2670,NREP8,COMPRA,165,153.3753,12.6657,2026-08-04 12:58:20,2026-08-04 12:58:21,2026-08-04 12:58:21
203090,2466,AYFQ2,VENDA,250,10.9524,1.4899,2026-08-04 12:23:37,2026-08-04 12:23:37,2026-08-04 12:23:37
203091,2609,WMQZ6,COMPRA,265,67.4724,1.9239,2026-08-04 16:29:26,2026-08-04 16:29:27,2026-08-04 16:29:27
203092,3441,ERTC4,COMPRA,215,42.7754,7.2459,2026-08-04 11:19:02,2026-08-04 11:19:05,2026-08-04 11:19:05
203093,2611,DSFC9,COMPRA,290,388.9964,5.3343,2026-08-04 13:05:19,2026-08-04 13:05:22,2026-08-04 13:05:22
203094,1947,JJVW6,COMPRA,295,108.8040,6.6221,2026-08-04 11:57:58,2026-08-04 11:57:59,2026-08-04 11:57:59
203095,2693,ZHTL2,VENDA,310,66.7757,5.7660,2026-08-04 12:58:46,2026-08-04 12:58:46,2026-08-04 12:58:46
203096,2304,HJRH5,COMPRA,28,119.8913,7.6319,2026-08-04 16:50:26,2026-08-04 16:50:29,2026-08-04 16:50:29
203097,3457,UQJU7,COMPRA,125,83.2536,2.0450,2026-08-04 15:23:13,2026-08-04 15:23:13,2026-08-04 15:23:13
203098,1069,NQYT3,COMPRA,195,46.9129,2.6965,2026-08-04 11:43:02,2026-08-04 11:43:02,2026-08-04 11:43:02
203099,2820,UYFJ9,COMPRA,317,94.1604,11.2682,2026-08-04 11:31:45,2026-08-04 11:31:47,2026-08-04 11:31:47
203100,2554,JIPR4,COMPRA,185,36.2078,5.6406,2026-08-04 11:32:48,2026-08-04 11:32:48,2026-08-04 11:32:48
203101,3107,QEUC2,COMPRA,460,139.6358,0.2289,2026-08-04 11:58:50,2026-08-04 11:58:53,2026-08-04 11:58:53
203102,3196,QYBV3,COMPRA,35,63.0646,10.2827,2026-08-04 10:53:01,2026-08-04 10:53:02,2026-08-04 10:53:02
203103,3111,GAKD5,COMPRA,40,246.1193,4.2205,2026-08-04 16:24:00,2026-08-04 16:24:01,2026-08-04 16:24:01
203104,1679,GAKD5,COMPRA,90,280.0382,7.8802,2026-08-04 12:30:25,2026-08-04 12:30:27,2026-08-04 12:30:27
203105,2077,PSEN6,COMPRA,487,232.6696,3.2029,2026-08-04 10:01:55,2026-08-04 10:01:55,2026-08-04 10:01:55
203106,1992,AAUA7,COMPRA,30,159.9917,6.7508,2026-08-04 13:20:30,2026-08-04 13:20:30,2026-08-04 13:20:30
203107,3214,NYGT6,COMPRA,200,127.9418,6.7659,2026-08-04 16:26:06,2026-08-04 16:26:07,2026-08-04 16:26:07
203108,2342,FRGH8,COMPRA,5,71.8028,3.2056,2026-08-04 16:48:10,2026-08-04 16:48:13,2026-08-04 16:48:13
203109,1361,GFDF2,COMPRA,320,111.9568,0.0059,2026-08-04 15:43:51,2026-08-04 15:43:53,2026-08-04 15:43:53
203110,2125,NGIU9,COMPRA,160,107.7318,7.3390,2026-08-04 15:29:40,2026-08-04 15:29:41,2026-08-04 15:29:41
203111,3356,FYZB6,COMPRA,325,82.9765,12.7144,2026-08-04 10:29:51,2026-08-04 10:29:53,2026-08-04 10:29:53
203112,3076,WMQZ6,COMPRA,463,93.8614,9.4480,2026-08-04 14:49:15,2026-08-04 14:49:17,2026-08-04 14:49:17
203113,1238,NREP8,COMPRA,175,119.1182,7.3314,2026-08-04 17:01:05,2026-08-04 17:01:08,2026-08-04 17:01:08
203114,2897,JIPR4,COMPRA,190,26.8830,2.5657,2026-08-04 16:17:13,2026-08-04 16:17:14,2026-08-04 16:17:14
203115,1123,RDOA3,COMPRA,265,90.6993,2.7742,2026-08-04 15:07:45,2026-08-04 15:07:47,2026-08-04 15:07:47
203116,2875,NREP8,COMPRA,340,122.2037,10.2236,2026-08-04 15:32:44,2026-08-04 15:32:44,2026-08-04 15:32:44
203117,2160,QYBV3,COMPRA,90,80.9977,0.2303,2026-08-04 13:52:17,2026-08-04 13:52:19,2026-08-04 13:52:19
203118,3227,YYLA4,COMPRA,466,185.6429,4.4105,2026-08-04 13:28:39,2026-08-04 13:28:41,2026-08-04 13:28:41
203119,3357,UQJU7,COMPRA,445,66.5352,3.8546,2026-08-04 11:45:19,2026-08-04 11:45:21,2026-08-04 11:45:21
203120,1624,NREP8,COMPRA,95,121.0490,3.7423,2026-08-04 15:40:00,2026-08-04 15:40:01,2026-08-04 15:40:01
203121,2036,AAWB3,COMPRA,120,205.1651,11.7755,2026-08-04 11:36:52,2026-08-04 11:36:54,2026-08-04 11:36:54
203122,2197,MCHX2,COMPRA,25,123.6985,2.3638,2026-08-04 15:02:42,2026-08-04 15:02:44,2026-08-04 15:02:44
203123,2782,EEYY9,COMPRA,220,156.9315,6.4160,2026-08-04 13:56:40,2026-08-04 13:56:40,2026-08-04 13:56:40
203124,1453,YCCK8,COMPRA,485,405.8956,4.8281,2026-08-04 15:08:18,2026-08-04 15:08:21,2026-08-04 15:08:21
203125,1632,UYFJ9,COMPRA,160,96.8312,1.4388,2026-08-04 10:11:18,2026-08-04 10:11:21,2026-08-04 10:11:21
203126,1401,RDOA3,COMPRA,115,90.4587,5.1825,2026-08-04 15:13:50,2026-08-04 15:13:50,2026-08-04 15:13:50
203127,2552,NREP8,COMPRA,145,143.5983,2.1268,2026-08-04 10:36:54,2026-08-04 10:36:55,2026-08-04 10:36:55
203128,3160,BXFJ9,COMPRA,85,119.3528,10.9234,2026-08-04 11:36:33,2026-08-04 11:36:34,2026-08-04 11:36:34
203129,1214,CQJZ4,COMPRA,225,76.2093,10.9327,2026-08-04 10:30:07,2026-08-04 10:30:07,2026-08-04 10:30:07
203130,2011,NUJZ2,COMPRA,441,39.9808,3.5731,2026-08-04 14:01:53,2026-08-04 14:01:56,2026-08-04 14:01:56
203131,2993,XPVA7,COMPRA,160,387.0719,8.7810,2026-08-04 10:16:19,2026-08-04 10:16:22,2026-08-04 10:16:22
203132,2397,JDJG6,COMPRA,220,77.6018,3.2639,2026-08-04 17:29:15,2026-08-04 17:29:17,2026-08-04 17:29:17
203133,1261,YOWA1,COMPRA,155,69.6336,0.0469,2026-08-04 13:13:15,2026-08-04 13:13:18,2026-08-04 13:13:18
203134,3280,WIPB2,COMPRA,210,114.1880,5.7431,2026-08-04 12:32:04,2026-08-04 12:32:07,2026-08-04 12:32:07
203135,1933,QHFL8,COMPRA,125,139.8285,2.4448,2026-08-04 13:21:15,2026-08-04 13:21:15,2026-08-04 13:21:15
203136,2645,IJJK3,COMPRA,495,114.2410,5.3611,2026-08-04 12:03:12,2026-08-04 12:03:12,2026-08-04 12:03:12
203137,2148,ECQD7,COMPRA,20,78.0401,4.5251,2026-08-04 15:26:25,2026-08-04 15:26:26,2026-08-04 15:26:26
203138,1924,YYLA4,COMPRA,455,225.4767,8.4433,2026-08-04 17:26:58,2026-08-04 17:26:59,2026-08-04 17:26:59
203139,3066,RYPL6,COMPRA,130,67.7776,11.7341,2026-08-04 13:18:32,2026-08-04 13:18:33,2026-08-04 13:18:33
203140,2991,ZAAS7,COMPRA,5,453.9533,0.2459,2026-08-04 14:29:02,2026-08-04 14:29:02,2026-08-04 14:29:02
203141,1062,NYGT6,COMPRA,287,81.0709,0.9873,2026-08-04 17:05:55,2026-08-04 17:05:58,2026-08-04 17:05:58
203142,1477,CQJZ4,COMPRA,319,89.0984,10.8061,2026-08-04 10:55:36,2026-08-04 10:55:37,2026-08-04 10:55:37
203143,3483,ACSV1,COMPRA,490,110.4887,9.2964,2026-08-04 16:03:28,2026-08-04 16:03:31,2026-08-04 16:03:31
203144,1564,HJRH5,COMPRA,488,130.1752,6.5481,2026-08-04 10:50:45,2026-08-04 10:50:48,2026-08-04 10:50:48
203145,3106,NWGB4,COMPRA,415,154.4233,6.2962,2026-08-04 14:57:17,2026-08-04 14:57:20,2026-08-04 14:57:20
203146,1623,WMQZ6,COMPRA,70,60.0000,2.5331,2026-08-04 11:58:46,2026-08-04 11:58:46,2026-08-04 11:58:46
203147,3285,DEGN5,COMPRA,395,81.9884,9.4357,2026-08-04 12:26:29,2026-08-04 12:26:32,2026-08-04 12:26:32
203148,2528,QATW7,COMPRA,85,38.4325,2.3947,2026-08-04 15:40:26,2026-08-04 15:40:26,2026-08-04 15:40:26
203149,2370,RFNS7,COMPRA,170,84.4389,6.4662,2026-08-04 11:51:02,2026-08-04 11:51:02,2026-08-04 11:51:02
203150,2919,IWAK1,COMPRA,240,84.8016,0.3120,2026-08-04 12:59:38,2026-08-04 12:59:39,2026-08-04 12:59:39
203151,2176,XTVW5,COMPRA,320,118.6166,2.3615,2026-08-04 14:59:57,2026-08-04 14:59:58,2026-08-04 14:59:58
203152,2809,ACSV1,COMPRA,60,101.0917,9.5729,2026-08-04 10:57:04,2026-08-04 10:57:05,2026-08-04 10:57:05
203153,1191,QEUC2,COMPRA,424,193.1524,5.7637,2026-08-04 12:29:32,2026-08-04 12:29:32,2026-08-04 12:29:32
203154,3392,NPEM3,COMPRA,370,78.8763,4.3012,2026-08-04 15:25:50,2026-08-04 15:25:52,2026-08-04 15:25:52
203155,2638,QHFL8,COMPRA,130,172.0467,7.5837,2026-08-04 14:05:12,2026-08-04 14:05:13,2026-08-04 14:05:13
203156,3485,CQJZ4,COMPRA,250,73.7749,5.1041,2026-08-04 16:46:38,2026-08-04 16:46:38,2026-08-04 16:46:38
203157,1609,BOCS8,COMPRA,5,72.6141,8.2983,2026-08-04 12:15:58,2026-08-04 12:15:59,2026-08-04 12:15:59
203158,3470,DQSN6,COMPRA,265,131.9584,9.9223,2026-08-04 16:45:58,2026-08-04 16:45:59,2026-08-04 16:45:59
203159,2815,RDOA3,COMPRA,485,88.3634,12.7669,2026-08-04 13:22:08,2026-08-04 13:22:08,2026-08-04 13:22:08
203160,1905,WXQM6,COMPRA,15,42.1714,8.3203,2026-08-04 13:31:27,2026-08-04 13:31:30,2026-08-04 13:31:30
203161,3005,UCHR6,COMPRA,105,336.0502,5.2573,2026-08-04 16:44:04,2026-08-04 16:44:06,2026-08-04 16:44:06
203162,1217,GFDF2,COMPRA,335,85.4150,0.6857,2026-08-04 10:02:44,2026-08-04 10:02:47,2026-08-04 10:02:47
203163,1684,ZFBT3,COMPRA,50,115.2676,11.1773,2026-08-04 14:44:43,2026-08-04 14:44:46,2026-08-04 14:44:46
203164,2095,WHMT3,COMPRA,343,106.2171,5.8783,2026-08-04 14:41:44,2026-08-04 14:41:47,2026-08-04 14:41:47
203165,1914,MCMT2,COMPRA,490,103.4720,5.4370,2026-08-04 14:26:24,2026-08-04 14:26:26,2026-08-04 14:26:26
203166,1237,JJVW6,COMPRA,360,163.5411,11.7498,2026-08-04 10:47:40,2026-08-04 10:47:42,2026-08-04 10:47:42
203167,2215,NAOF3,COMPRA,61,57.1207,5.2613,2026-08-04 13:50:11,2026-08-04 13:50:12,2026-08-04 13:50:12
203168,1177,BOCS8,COMPRA,450,60.3138,11.5120,2026-08-04 17:07:07,2026-08-04 17:07:07,2026-08-04 17:07:07
203169,3413,NAOF3,COMPRA,319,62.6128,8.2431,2026-08-04 14:42:03,2026-08-04 14:42:05,2026-08-04 14:42:05
203170,2896,RFNS7,COMPRA,330,71.8521,5.4079,2026-08-04 10:56:10,2026-08-04 10:56:11,2026-08-04 10:56:11
203171,1903,LCCH9,COMPRA,25,8.9629,0.1522,2026-08-04 13:58:00,2026-08-04 13:58:00,2026-08-04 13:58:00
203172,1503,BSDJ7,COMPRA,329,295.7903,2.8672,2026-08-04 11:55:25,2026-08-04 11:55:26,2026-08-04 11:55:26
203173,1801,HCZM2,COMPRA,95,524.4043,10.8109,2026-08-04 10:40:07,2026-08-04 10:40:09,2026-08-04 10:40:09
203174,2689,AYFQ2,COMPRA,395,10.5411,5.7360,2026-08-04 10:00:42,2026-08-04 10:00:44,2026-08-04 10:00:44
203175,1616,IJJK3,COMPRA,435,92.0913,7.7894,2026-08-04 13:01:28,2026-08-04 13:01:28,2026-08-04 13:01:28
203176,2519,GKQC5,COMPRA,125,103.6955,2.7062,2026-08-04 14:40:44,2026-08-04 14:40:47,2026-08-04 14:40:47
203177,2373,CQIL9,COMPRA,500,37.5481,11.2983,2026-08-04 12:28:35,2026-08-04 12:28:35,2026-08-04 12:28:35
203178,3113,TNHT4,COMPRA,490,108.9254,8.1816,2026-08-04 12:04:26,2026-08-04 12:04:26,2026-08-04 12:04:26
203179,3272,XPVA7,COMPRA,140,570.0665,12.2128,2026-08-04 14:35:47,2026-08-04 14:35:47,2026-08-04 14:35:47
203180,1909,QTDZ2,COMPRA,219,54.2252,11.9875,2026-08-04 16:11:19,2026-08-04 16:11:20,2026-08-04 16:11:20
203181,3159,GULD2,COMPRA,115,166.7510,6.0255,2026-08-04 16:41:59,2026-08-04 16:41:59,2026-08-04 16:41:59
203182,1505,AAWB3,COMPRA,120,137.4696,7.0376,2026-08-04 11:32:33,2026-08-04 11:32:35,2026-08-04 11:32:35
203183,3406,AAUA7,COMPRA,63,159.7216,2.3326,2026-08-04 15:45:03,2026-08-04 15:45:03,2026-08-04 15:45:03
203184,2023,UQIQ7,COMPRA,330,84.4849,1.5083,2026-08-04 15:09:48,2026-08-04 15:09:51,2026-08-04 15:09:51
203185,1050,GAKD5,COMPRA,363,281.7278,4.7582,2026-08-04 10:17:03,2026-08-04 10:17:04,2026-08-04 10:17:04
203186,2747,JIPA6,COMPRA,175,35.7430,0.0846,2026-08-04 11:21:49,2026-08-04 11:21:49,2026-08-04 11:21:49
203187,2331,WHMT3,COMPRA,155,130.2108,10.8567,2026-08-04 10:51:47,2026-08-04 10:51:50,2026-08-04 10:51:50
203188,1807,OVYL9,COMPRA,140,68.6172,0.1534,2026-08-04 14:52:36,2026-08-04 14:52:36,2026-08-04 14:52:36
203189,1754,UFIU3,COMPRA,357,91.8037,6.4688,2026-08-04 12:29:05,2026-08-04 12:29:05,2026-08-04 12:29:05
203190,2825,HCLJ8,COMPRA,451,102.8612,4.7685,2026-08-04 14:48:50,2026-08-04 14:48:50,2026-08-04 14:48:50
203191,2127,LIEG8,COMPRA,32,100.3359,10.9579,2026-08-04 11:20:19,2026-08-04 11:20:21,2026-08-04 11:20:21
203192,1957,ECQD7,COMPRA,245,78.4047,0.5144,2026-08-04 14:49:32,2026-08-04 14:49:35,2026-08-04 14:49:35
203193,1235,RSBT4,COMPRA,5,359.1503,12.6437,2026-08-04 17:17:21,2026-08-04 17:17:22,2026-08-04 17:17:22
203194,2013,AYFQ2,COMPRA,330,10.5192,0.5609,2026-08-04 10:17:00,2026-08-04 10:17:03,2026-08-04 10:17:03
203195,3196,NUJZ2,COMPRA,420,28.2247,2.5800,2026-08-04 14:11:31,2026-08-04 14:11:32,2026-08-04 14:11:32
203196,3464,NYGT6,COMPRA,225,120.1973,12.5460,2026-08-04 14:06:58,2026-08-04 14:06:58,2026-08-04 14:06:58
203197,2028,LQML9,COMPRA,250,174.8363,11.5672,2026-08-04 13:44:59,2026-08-04 13:45:01,2026-08-04 13:45:01
203198,1312,UQJU7,COMPRA,295,67.4206,11.2390,2026-08-04 14:34:09,2026-08-04 14:34:12,2026-08-04 14:34:12
203199,2489,YRWH3,COMPRA,140,199.1106,11.4179,2026-08-04 14:20:05,2026-08-04 14:20:06,2026-08-04 14:20:06
203200,3397,AAWB3,COMPRA,130,207.8130,8.7116,2026-08-04 17:24:39,2026-08-04 17:24:42,2026-08-04 17:24:42
203201,2802,IPXK2,COMPRA,70,362.6028,0.9387,2026-08-04 12:43:33,2026-08-04 12:43:35,2026-08-04 12:43:35
203202,2634,QHFL8,COMPRA,475,161.7225,10.8299,2026-08-04 16:54:34,2026-08-04 16:54:35,2026-08-04 16:54:35
203203,1886,RHXV4,COMPRA,480,74.5623,10.0597,2026-08-04 14:04:20,2026-08-04 14:04:20,2026-08-04 14:04:20
203204,2286,IWAK1,COMPRA,52,67.3014,4.0325,2026-08-04 11:29:49,2026-08-04 11:29:50,2026-08-04 11:29:50
203205,1805,QQQS1,COMPRA,255,26.0940,3.3901,2026-08-04 17:12:07,2026-08-04 17:12:09,2026-08-04 17:12:09
203206,3212,YRWH3,COMPRA,210,208.1540,8.0809,2026-08-04 11:29:45,2026-08-04 11:29:46,2026-08-04 11:29:46
203207,3159,QTDZ2,COMPRA,100,52.0966,1.2094,2026-08-04 12:16:52,2026-08-04 12:16:55,2026-08-04 12:16:55
203208,1932,SGBG8,COMPRA,490,80.8964,0.6147,2026-08-04 15:05:34,2026-08-04 15:05:37,2026-08-04 15:05:37
203209,2437,DFGR7,COMPRA,435,112.3611,10.7283,2026-08-04 15:47:00,2026-08-04 15:47:00,2026-08-04 15:47:00
203210,2056,HCZM2,COMPRA,41,515.2674,4.6402,2026-08-04 11:30:20,2026-08-04 11:30:21,2026-08-04 11:30:21
203211,2508,QQQS1,COMPRA,485,23.2225,6.8391,2026-08-04 15:11:50,2026-08-04 15:11:52,2026-08-04 15:11:52
203212,3087,ICSU4,COMPRA,345,108.4772,7.0611,2026-08-04 13:54:50,2026-08-04 13:54:51,2026-08-04 13:54:51
203213,2693,FIUW1,COMPRA,155,115.7507,5.0178,2026-08-04 13:16:23,2026-08-04 13:16:23,2026-08-04 13:16:23
203214,2606,HCZM2,COMPRA,300,487.0794,12.7317,2026-08-04 17:02:10,2026-08-04 17:02:12,2026-08-04 17:02:12
203215,2671,ZFBT3,COMPRA,320,87.4384,1.7299,2026-08-04 15:11:31,2026-08-04 15:11:34,2026-08-04 15:11:34
203216,2663,AAWB3,COMPRA,358,138.4059,12.4176,2026-08-04 10:42:21,2026-08-04 10:42:21,2026-08-04 10:42:21
203217,1007,SGBG8,COMPRA,433,77.2809,7.1294,2026-08-04 10:52:38,2026-08-04 10:52:40,2026-08-04 10:52:40
203218,2433,FYZB6,COMPRA,180,66.3865,9.5277,2026-08-04 15:22:55,2026-08-04 15:22:56,2026-08-04 15:22:56
203219,2493,DSFC9,COMPRA,115,525.1542,9.4860,2026-08-04 11:32:36,2026-08-04 11:32:36,2026-08-04 11:32:36
203220,1572,ICSU4,COMPRA,285,155.0298,3.9448,2026-08-04 15:41:07,2026-08-04 15:41:09,2026-08-04 15:41:09
203221,2954,IPXK2,COMPRA,230,363.2834,4.4412,2026-08-04 10:30:33,2026-08-04 10:30:33,2026-08-04 10:30:33
203222,1389,BXFJ9,COMPRA,390,162.5362,12.6325,2026-08-04 17:12:07,2026-08-04 17:12:08,2026-08-04 17:12:08
203223,2353,KQEO3,COMPRA,434,81.6182,9.5142,2026-08-04 12:26:09,2026-08-04 12:26:11,2026-08-04 12:26:11
203224,1698,FYZB6,COMPRA,205,82.5425,3.0728,2026-08-04 10:31:52,2026-08-04 10:31:54,2026-08-04 10:31:54
203225,1651,UYFJ9,COMPRA,275,110.8374,0.5120,2026-08-04 12:59:53,2026-08-04 12:59:54,2026-08-04 12:59:54
203226,1501,BGNM6,COMPRA,363,89.3599,0.7383,2026-08-04 16:36:17,2026-08-04 16:36:19,2026-08-04 16:36:19
203227,3392,AYFQ2,COMPRA,20,10.6962,5.9496,2026-08-04 12:35:52,2026-08-04 12:35:54,2026-08-04 12:35:54
203228,3164,GFDF2,COMPRA,250,103.9125,4.7254,2026-08-04 14:57:01,2026-08-04 14:57:01,2026-08-04 14:57:01
203229,1254,JIPR4,COMPRA,460,26.8841,1.1387,2026-08-04 14:37:44,2026-08-04 14:37:45,2026-08-04 14:37:45
203230,2820,JUDG8,COMPRA,5,107.0372,6.0656,2026-08-04 15:09:02,2026-08-04 15:09:05,2026-08-04 15:09:05
203231,1456,KQEO3,COMPRA,10,62.4998,2.4759,2026-08-04 14:54:06,2026-08-04 14:54:06,2026-08-04 14:54:06
203232,3162,BSDJ7,COMPRA,495,221.7339,2.3398,2026-08-04 14:05:59,2026-08-04 14:05:59,2026-08-04 14:05:59
203233,2419,BXFJ9,COMPRA,420,148.5933,12.0458,2026-08-04 15:18:16,2026-08-04 15:18:19,2026-08-04 15:18:19
203234,2010,TVCE9,COMPRA,160,62.4226,6.3302,2026-08-04 16:21:30,2026-08-04 16:21:33,2026-08-04 16:21:33
203235,1116,RIET5,COMPRA,455,123.5290,1.8500,2026-08-04 13:31:41,2026-08-04 13:31:43,2026-08-04 13:31:43
203236,2603,LIEG8,COMPRA,395,94.7422,9.3721,2026-08-04 10:37:47,2026-08-04 10:37:50,2026-08-04 10:37:50
203237,2499,NYGT6,COMPRA,230,121.8772,9.8985,2026-08-04 13:27:23,2026-08-04 13:27:26,2026-08-04 13:27:26
203238,1226,TVCE9,COMPRA,210,51.0749,0.9819,2026-08-04 13:51:23,2026-08-04 13:51:23,2026-08-04 13:51:23
203239,1762,OEQA8,COMPRA,465,554.2397,12.0820,2026-08-04 10:49:52,2026-08-04 10:49:54,2026-08-04 10:49:54
203240,2466,XTVW5,COMPRA,155,90.4622,5.3825,2026-08-04 10:16:14,2026-08-04 10:16:15,2026-08-04 10:16:15
203241,2641,FIUW1,COMPRA,275,85.9730,8.2790,2026-08-04 14:00:11,2026-08-04 14:00:12,2026-08-04 14:00:12
203242,3391,UQJU7,COMPRA,400,72.4801,8.8776,2026-08-04 14:12:34,2026-08-04 14:12:36,2026-08-04 14:12:36
203243,2528,HJRH5,COMPRA,400,126.8900,9.2334,2026-08-04 12:36:39,2026-08-04 12:36:40,2026-08-04 12:36:40
203244,2561,WHMT3,COMPRA,99,117.7311,10.4881,2026-08-04 14:35:58,2026-08-04 14:36:00,2026-08-04 14:36:00
203245,2501,SGBG8,COMPRA,440,86.9036,2.2132,2026-08-04 13:55:23,2026-08-04 13:55:24,2026-08-04 13:55:24
203246,3251,LCCH9,COMPRA,410,10.3801,3.3259,2026-08-04 15:49:57,2026-08-04 15:49:57,2026-08-04 15:49:57
203247,1298,QYBV3,COMPRA,308,60.6211,6.3310,2026-08-04 14:49:44,2026-08-04 14:49:46,2026-08-04 14:49:46
203248,1996,TTHO3,COMPRA,170,39.4400,0.6523,2026-08-04 14:38:45,2026-08-04 14:38:45,2026-08-04 14:38:45
203249,2567,TXHR8,COMPRA,405,69.1398,10.7328,2026-08-04 17:30:14,2026-08-04 17:30:14,2026-08-04 17:30:14
203250,3480,IWFI1,COMPRA,45,131.8590,5.5597,2026-08-04 11:56:04,2026-08-04 11:56:05,2026-08-04 11:56:05
203251,1839,TVCE9,COMPRA,335,65.9172,9.8136,2026-08-04 10:50:33,2026-08-04 10:50:34,2026-08-04 10:50:34
203252,2866,FYZB6,COMPRA,500,80.1839,11.7622,2026-08-04 15:30:21,2026-08-04 15:30:22,2026-08-04 15:30:22
203253,1281,BXFJ9,COMPRA,394,128.2183,6.6169,2026-08-04 16:40:03,2026-08-04 16:40:06,2026-08-04 16:40:06
203254,1575,HCLJ8,COMPRA,70,117.1554,0.0998,2026-08-04 12:22:23,2026-08-04 12:22:25,2026-08-04 12:22:25
203255,1034,EEYY9,COMPRA,488,120.2832,6.8255,2026-08-04 17:08:24,2026-08-04 17:08:26,2026-08-04 17:08:26
203256,3187,MJDL9,COMPRA,480,33.1638,10.5079,2026-08-04 16:52:22,2026-08-04 16:52:24,2026-08-04 16:52:24
203257,1912,NQYT3,COMPRA,80,73.5225,8.1630,2026-08-04 12:42:59,2026-08-04 12:43:01,2026-08-04 12:43:01
203258,1473,OEQA8,COMPRA,40,484.5730,2.4744,2026-08-04 15:13:04,2026-08-04 15:13:07,2026-08-04 15:13:07
203259,2336,IPXK2,COMPRA,30,388.6017,3.3969,2026-08-04 12:34:26,2026-08-04 12:34:29,2026-08-04 12:34:29
203260,1457,NAOF3,COMPRA,145,56.3414,7.9601,2026-08-04 12:16:36,2026-08-04 12:16:39,2026-08-04 12:16:39
203261,2726,JIPA6,COMPRA,275,33.8128,7.1890,2026-08-04 13:51:15,2026-08-04 13:51:18,2026-08-04 13:51:18
203262,1186,RMRT1,COMPRA,90,93.7434,10.1727,2026-08-04 12:38:54,2026-08-04 12:38:55,2026-08-04 12:38:55
203263,1861,YOWA1,COMPRA,345,58.4383,12.0213,2026-08-04 14:15:44,2026-08-04 14:15:45,2026-08-04 14:15:45
203264,2759,ACSV1,COMPRA,411,106.2150,7.0528,2026-08-04 17:13:26,2026-08-04 17:13:28,2026-08-04 17:13:28
203265,2579,IZTY4,COMPRA,175,25.3119,2.9088,2026-08-04 15:53:33,2026-08-04 15:53:34,2026-08-04 15:53:34
203266,1922,WIPB2,COMPRA,116,110.8066,5.7365,2026-08-04 12:35:47,2026-08-04 12:35:50,2026-08-04 12:35:50
203267,1160,WMQZ6,COMPRA,271,66.2892,2.0201,2026-08-04 11:30:42,2026-08-04 11:30:44,2026-08-04 11:30:44
203268,1753,WIPB2,COMPRA,155,132.3572,10.8799,2026-08-04 16:05:22,2026-08-04 16:05:24,2026-08-04 16:05:24
203269,1561,OEQA8,COMPRA,484,350.5376,6.7323,2026-08-04 11:21:58,2026-08-04 11:21:59,2026-08-04 11:21:59
203270,1013,RIET5,COMPRA,35,134.9229,3.5929,2026-08-04 12:54:44,2026-08-04 12:54:46,2026-08-04 12:54:46
203271,2476,DHRM5,COMPRA,10,233.6259,12.8721,2026-08-04 14:57:33,2026-08-04 14:57:33,2026-08-04 14:57:33
203272,3005,JJVW6,COMPRA,110,139.9668,8.2909,2026-08-04 13:35:09,2026-08-04 13:35:10,2026-08-04 13:35:10
203273,3087,RMRT1,COMPRA,318,114.5438,10.5131,2026-08-04 13:34:48,2026-08-04 13:34:51,2026-08-04 13:34:51
203274,2149,LIEG8,COMPRA,476,86.8413,6.1357,2026-08-04 13:54:42,2026-08-04 13:54:43,2026-08-04 13:54:43
203275,2144,RYPL6,COMPRA,225,68.0175,5.1130,2026-08-04 17:11:10,2026-08-04 17:11:12,2026-08-04 17:11:12
203276,1989,DHRM5,COMPRA,220,363.6705,2.7331,2026-08-04 16:20:00,2026-08-04 16:20:02,2026-08-04 16:20:02
203277,2398,ERTC4,COMPRA,130,53.1027,1.0442,2026-08-04 12:46:06,2026-08-04 12:46:07,2026-08-04 12:46:07
203278,3110,DEGN5,COMPRA,22,102.9129,9.6882,2026-08-04 16:40:13,2026-08-04 16:40:14,2026-08-04 16:40:14
203279,2409,GULD2,COMPRA,80,126.7896,1.4682,2026-08-04 10:00:19,2026-08-04 10:00:20,2026-08-04 10:00:20
203280,2390,BOCS8,COMPRA,240,63.9759,0.6685,2026-08-04 11:58:37,2026-08-04 11:58:39,2026-08-04 11:58:39
203281,1212,TXHR8,COMPRA,119,77.7921,10.1704,2026-08-04 11:38:55,2026-08-04 11:38:56,2026-08-04 11:38:56
203282,3021,BGNM6,COMPRA,205,124.4132,10.7411,2026-08-04 16:41:22,2026-08-04 16:41:22,2026-08-04 16:41:22
203283,2344,QTHQ1,COMPRA,35,25.2331,3.7196,2026-08-04 13:51:15,2026-08-04 13:51:18,2026-08-04 13:51:18
203284,2940,JIPR4,COMPRA,412,39.4462,10.6215,2026-08-04 13:49:00,2026-08-04 13:49:03,2026-08-04 13:49:03
203285,2995,UQJU7,COMPRA,46,74.6099,1.2852,2026-08-04 15:03:17,2026-08-04 15:03:18,2026-08-04 15:03:18
203286,2510,XLZM9,COMPRA,215,48.5979,1.8529,2026-08-04 15:57:42,2026-08-04 15:57:45,2026-08-04 15:57:45
203287,2948,ZFBT3,COMPRA,20,80.8883,4.5764,2026-08-04 12:30:48,2026-08-04 12:30:48,2026-08-04 12:30:48
203288,3450,ZAAS7,COMPRA,60,318.4064,8.2499,2026-08-04 13:40:10,2026-08-04 13:40:11,2026-08-04 13:40:11
203289,1961,SUZL4,COMPRA,410,160.8954,9.1341,2026-08-04 16:33:48,2026-08-04 16:33:48,2026-08-04 16:33:48
203290,1009,WHMT3,COMPRA,162,128.7550,11.2879,2026-08-04 12:47:38,2026-08-04 12:47:38,2026-08-04 12:47:38
203291,3180,NGIU9,COMPRA,420,88.1921,3.7176,2026-08-04 15:30:02,2026-08-04 15:30:04,2026-08-04 15:30:04
203292,2788,PZUP8,COMPRA,365,181.3560,0.4160,2026-08-04 16:18:32,2026-08-04 16:18:35,2026-08-04 16:18:35
203293,1347,MOLF3,COMPRA,1,58.8649,0.9156,2026-08-04 14:35:37,2026-08-04 14:35:37,2026-08-04 14:35:37
203294,2828,KQEO3,COMPRA,106,64.3293,7.1740,2026-08-04 14:42:14,2026-08-04 14:42:17,2026-08-04 14:42:17
203295,1430,PBZM6,COMPRA,363,59.0991,9.4871,2026-08-04 11:57:34,2026-08-04 11:57:36,2026-08-04 11:57:36
203296,1472,OVYL9,COMPRA,262,91.1974,8.3743,2026-08-04 13:22:33,2026-08-04 13:22:33,2026-08-04 13:22:33
203297,2197,DGBT6,COMPRA,315,101.4726,7.7684,2026-08-04 10:16:31,2026-08-04 10:16:34,2026-08-04 10:16:34
203298,2166,NPEM3,COMPRA,253,90.7137,4.0192,2026-08-04 17:21:36,2026-08-04 17:21:36,2026-08-04 17:21:36
203299,1828,FIUW1,COMPRA,365,101.3975,1.4659,2026-08-04 15:11:31,2026-08-04 15:11:33,2026-08-04 15:11:33
203300,2910,SUZL4,COMPRA,335,148.9886,3.9222,2026-08-04 16:27:40,2026-08-04 16:27:40,2026-08-04 16:27:40
203301,2932,SGBG8,COMPRA,385,100.8020,3.2180,2026-08-04 16:43:02,2026-08-04 16:43:03,2026-08-04 16:43:03
203302,2623,NHYK8,COMPRA,200,78.4562,0.7539,2026-08-04 13:18:44,2026-08-04 13:18:47,2026-08-04 13:18:47
203303,3461,GKQC5,COMPRA,180,101.5512,11.2515,2026-08-04 13:12:35,2026-08-04 13:12:37,2026-08-04 13:12:37
203304,3458,TTHO3,COMPRA,100,30.9551,2.1987,2026-08-04 13:31:09,2026-08-04 13:31:09,2026-08-04 13:31:09
203305,2622,MOLF3,COMPRA,375,59.2402,10.3309,2026-08-04 12:08:34,2026-08-04 12:08:34,2026-08-04 12:08:34
203306,2238,CQJZ4,COMPRA,350,86.9626,1.8397,2026-08-04 13:17:57,2026-08-04 13:18:00,2026-08-04 13:18:00
203307,1449,SUZL4,COMPRA,485,127.3008,8.1054,2026-08-04 12:54:23,2026-08-04 12:54:26,2026-08-04 12:54:26
203308,2422,HVEX2,COMPRA,271,117.5788,0.9790,2026-08-04 17:11:16,2026-08-04 17:11:19,2026-08-04 17:11:19
203309,3166,FRGH8,COMPRA,350,77.1044,8.5818,2026-08-04 16:11:23,2026-08-04 16:11:25,2026-08-04 16:11:25
203310,3295,JJVW6,COMPRA,210,163.3307,10.7485,2026-08-04 14:56:07,2026-08-04 14:56:10,2026-08-04 14:56:10
203311,1754,DFGR7,COMPRA,20,97.6484,10.3475,2026-08-04 10:03:11,2026-08-04 10:03:11,2026-08-04 10:03:11
203312,3292,NAOF3,COMPRA,95,71.3445,8.0600,2026-08-04 17:25:47,2026-08-04 17:25:47,2026-08-04 17:25:47
203313,2661,SRDU1,COMPRA,452,84.4600,2.6411,2026-08-04 14:27:44,2026-08-04 14:27:46,2026-08-04 14:27:46
203314,1989,NREP8,COMPRA,280,151.4719,0.7799,2026-08-04 17:19:32,2026-08-04 17:19:33,2026-08-04 17:19:33
203315,2287,AYFQ2,COMPRA,255,9.2544,7.7612,2026-08-04 12:38:03,2026-08-04 12:38:03,2026-08-04 12:38:03
203316,3197,GAKD5,COMPRA,450,336.9937,6.3339,2026-08-04 11:30:22,2026-08-04 11:30:22,2026-08-04 11:30:22
203317,2310,NGIU9,COMPRA,140,102.9003,4.1616,2026-08-04 11:02:11,2026-08-04 11:02:11,2026-08-04 11:02:11
203318,2400,HVEX2,COMPRA,15,113.4518,2.2955,2026-08-04 10:08:15,2026-08-04 10:08:16,2026-08-04 10:08:16
203319,1842,NAOF3,COMPRA,115,65.2317,4.3653,2026-08-04 10:19:31,2026-08-04 10:19:33,2026-08-04 10:19:33
203320,2140,CQJZ4,COMPRA,340,70.8365,0.1983,2026-08-04 12:09:13,2026-08-04 12:09:16,2026-08-04 12:09:16
203321,3028,KQEO3,COMPRA,255,85.8120,12.8565,2026-08-04 11:45:57,2026-08-04 11:45:57,2026-08-04 11:45:57
203322,2279,QTDZ2,COMPRA,5,50.0123,0.8615,2026-08-04 14:25:02,2026-08-04 14:25:03,2026-08-04 14:25:03
203323,3448,XAVL3,COMPRA,310,223.1057,7.4633,2026-08-04 15:10:19,2026-08-04 15:10:20,2026-08-04 15:10:20
203324,1258,DQSN6,COMPRA,400,115.0932,8.7391,2026-08-04 16:43:53,2026-08-04 16:43:54,2026-08-04 16:43:54
203325,1314,WMQZ6,COMPRA,455,76.3160,3.3636,2026-08-04 13:42:34,2026-08-04 13:42:37,2026-08-04 13:42:37
203326,3042,ZAAS7,COMPRA,500,483.9580,7.0834,2026-08-04 14:46:26,2026-08-04 14:46:28,2026-08-04 14:46:28
203327,3490,IPXK2,COMPRA,80,251.8696,10.8875,2026-08-04 12:12:39,2026-08-04 12:12:39,2026-08-04 12:12:39
203328,1476,NUJZ2,COMPRA,285,39.3662,0.7789,2026-08-04 12:09:54,2026-08-04 12:09:57,2026-08-04 12:09:57
203329,1388,YFAH5,COMPRA,295,143.9893,2.9167,2026-08-04 16:31:16,2026-08-04 16:31:18,2026-08-04 16:31:18
203330,1367,TVCE9,COMPRA,315,75.9865,4.8831,2026-08-04 15:34:34,2026-08-04 15:34:37,2026-08-04 15:34:37
203331,2942,NREP8,COMPRA,500,123.7881,8.7828,2026-08-04 12:07:02,2026-08-04 12:07:02,2026-08-04 12:07:02
203332,2015,BOCS8,COMPRA,325,48.1918,1.3650,2026-08-04 15:47:28,2026-08-04 15:47:30,2026-08-04 15:47:30
203333,3224,JIPA6,COMPRA,205,40.6624,7.9764,2026-08-04 13:51:36,2026-08-04 13:51:39,2026-08-04 13:51:39
203334,1275,XTVW5,COMPRA,85,104.0933,10.6693,2026-08-04 12:19:40,2026-08-04 12:19:43,2026-08-04 12:19:43
203335,3413,BSDJ7,COMPRA,275,207.3302,10.9748,2026-08-04 16:08:12,2026-08-04 16:08:13,2026-08-04 16:08:13
203336,1667,MCHX2,COMPRA,485,122.9545,9.3450,2026-08-04 11:13:49,2026-08-04 11:13:50,2026-08-04 11:13:50
203337,2586,JJVW6,COMPRA,340,106.9802,1.9310,2026-08-04 16:31:24,2026-08-04 16:31:24,2026-08-04 16:31:24
203338,2214,FRGH8,COMPRA,100,66.3684,12.0838,2026-08-04 17:04:40,2026-08-04 17:04:43,2026-08-04 17:04:43
203339,3054,NYGT6,COMPRA,120,97.2077,8.3547,2026-08-04 15:02:35,2026-08-04 15:02:35,2026-08-04 15:02:35
203340,2545,MGRR2,COMPRA,465,161.8502,9.0673,2026-08-04 15:57:54,2026-08-04 15:57:56,2026-08-04 15:57:56
203341,2166,DGBT6,COMPRA,30,79.2308,10.4496,2026-08-04 12:49:50,2026-08-04 12:49:53,2026-08-04 12:49:53
203342,3135,NQYT3,COMPRA,25,56.8447,4.5818,2026-08-04 12:20:58,2026-08-04 12:21:01,2026-08-04 12:21:01
203343,3095,KQEO3,COMPRA,180,79.2923,2.0406,2026-08-04 15:53:39,2026-08-04 15:53:41,2026-08-04 15:53:41
203344,1082,PQUT9,COMPRA,160,85.8960,1.2817,2026-08-04 12:35:58,2026-08-04 12:36:01,2026-08-04 12:36:01
203345,2122,CQJZ4,COMPRA,327,88.6033,3.7747,2026-08-04 16:46:06,2026-08-04 16:46:09,2026-08-04 16:46:09
203346,2184,IPXK2,COMPRA,405,378.8997,5.1136,2026-08-04 14:38:31,2026-08-04 14:38:33,2026-08-04 14:38:33
203347,2147,OVYL9,COMPRA,170,61.9456,12.8442,2026-08-04 15:52:31,2026-08-04 15:52:31,2026-08-04 15:52:31
203348,2510,RDOA3,COMPRA,150,94.4937,0.4093,2026-08-04 10:41:54,2026-08-04 10:41:55,2026-08-04 10:41:55
203349,2179,ICSU4,COMPRA,295,161.1635,2.0990,2026-08-04 12:34:13,2026-08-04 12:34:16,2026-08-04 12:34:16
203350,1897,ZYVN7,COMPRA,198,70.9050,5.6966,2026-08-04 15:25:30,2026-08-04 15:25:31,2026-08-04 15:25:31
203351,2535,ECQD7,COMPRA,125,77.6453,2.9841,2026-08-04 16:20:08,2026-08-04 16:20:09,2026-08-04 16:20:09
203352,1370,IPXK2,COMPRA,323,301.7989,2.4536,2026-08-04 16:34:21,2026-08-04 16:34:23,2026-08-04 16:34:23
203353,1537,MCHX2,COMPRA,495,141.6273,6.5686,2026-08-04 10:28:33,2026-08-04 10:28:36,2026-08-04 10:28:36
203354,1449,WXQM6,COMPRA,210,59.7952,6.2625,2026-08-04 17:01:54,2026-08-04 17:01:57,2026-08-04 17:01:57
203355,1872,PZUP8,COMPRA,135,149.9574,4.1859,2026-08-04 12:57:37,2026-08-04 12:57:39,2026-08-04 12:57:39
203356,2510,YRWH3,COMPRA,393,232.2226,12.1255,2026-08-04 16:45:22,2026-08-04 16:45:24,2026-08-04 16:45:24
203357,1355,NAOF3,COMPRA,386,55.4333,4.9121,2026-08-04 13:39:51,2026-08-04 13:39:51,2026-08-04 13:39:51
203358,1757,TBWG2,COMPRA,245,88.4345,12.1183,2026-08-04 13:39:41,2026-08-04 13:39:43,2026-08-04 13:39:43
203359,2298,HCLJ8,COMPRA,325,127.5418,8.7710,2026-08-04 12:18:58,2026-08-04 12:18:58,2026-08-04 12:18:58
203360,1164,ERTC4,COMPRA,123,52.2780,0.5575,2026-08-04 13:02:38,2026-08-04 13:02:41,2026-08-04 13:02:41
203361,3018,HJRH5,COMPRA,130,125.3651,0.1217,2026-08-04 17:14:38,2026-08-04 17:14:41,2026-08-04 17:14:41
203362,1741,BOCS8,COMPRA,100,47.1061,5.3216,2026-08-04 16:41:02,2026-08-04 16:41:03,2026-08-04 16:41:03
203363,1175,BOCS8,COMPRA,40,76.5254,6.6401,2026-08-04 13:15:43,2026-08-04 13:15:43,2026-08-04 13:15:43
203364,3179,MGRR2,COMPRA,210,142.2823,7.5574,2026-08-04 10:28:27,2026-08-04 10:28:27,2026-08-04 10:28:27
203365,1603,PSEN6,COMPRA,190,231.8537,12.6696,2026-08-04 10:30:57,2026-08-04 10:31:00,2026-08-04 10:31:00
203366,1836,ICSU4,COMPRA,45,149.5244,5.5103,2026-08-04 12:26:36,2026-08-04 12:26:38,2026-08-04 12:26:38
203367,2763,YRWH3,COMPRA,335,149.0495,6.6247,2026-08-04 13:09:49,2026-08-04 13:09:52,2026-08-04 13:09:52
203368,3439,RHXV4,COMPRA,270,54.9338,2.6317,2026-08-04 12:25:10,2026-08-04 12:25:13,2026-08-04 12:25:13
203369,1665,HVEX2,COMPRA,124,121.5367,4.5922,2026-08-04 10:25:15,2026-08-04 10:25:18,2026-08-04 10:25:18
203370,1618,QATW7,COMPRA,25,41.8635,3.7681,2026-08-04 16:44:19,2026-08-04 16:44:21,2026-08-04 16:44:21
203371,2243,YRWH3,COMPRA,65,222.4544,12.6055,2026-08-04 16:20:04,2026-08-04 16:20:04,2026-08-04 16:20:04
203372,3298,UFIU3,COMPRA,180,103.5407,8.0810,2026-08-04 12:45:55,2026-08-04 12:45:57,2026-08-04 12:45:57
203373,2780,QYBV3,COMPRA,190,67.0719,7.8110,2026-08-04 13:20:32,2026-08-04 13:20:33,2026-08-04 13:20:33
203374,1245,HCLJ8,COMPRA,165,123.3129,4.4729,2026-08-04 16:26:13,2026-08-04 16:26:14,2026-08-04 16:26:14
203375,1559,ZAAS7,COMPRA,170,400.7576,6.3565,2026-08-04 16:20:22,2026-08-04 16:20:23,2026-08-04 16:20:23
203376,2564,HJRH5,COMPRA,233,120.2325,5.9847,2026-08-04 12:32:54,2026-08-04 12:32:55,2026-08-04 12:32:55
203377,1193,RFNS7,COMPRA,140,96.0969,9.0570,2026-08-04 12:25:14,2026-08-04 12:25:16,2026-08-04 12:25:16
203378,2999,RHXV4,VENDA,120,47.6281,4.6675,2026-08-04 14:50:22,2026-08-04 14:50:22,2026-08-04 14:50:22
203379,1998,QTHQ1,COMPRA,300,22.5235,11.4256,2026-08-04 12:34:46,2026-08-04 12:34:48,2026-08-04 12:34:48
203380,1544,HCLJ8,COMPRA,410,130.8216,8.6048,2026-08-04 17:05:40,2026-08-04 17:05:43,2026-08-04 17:05:43
203381,2590,LCCH9,COMPRA,465,9.3012,2.7560,2026-08-04 15:42:58,2026-08-04 15:42:58,2026-08-04 15:42:58
203382,2779,GFDF2,COMPRA,195,84.8666,7.5624,2026-08-04 17:25:02,2026-08-04 17:25:05,2026-08-04 17:25:05
203383,1968,QTHQ1,COMPRA,307,20.9100,2.7975,2026-08-04 12:11:46,2026-08-04 12:11:46,2026-08-04 12:11:46
203384,2290,QHFL8,COMPRA,225,126.3572,11.5745,2026-08-04 11:55:41,2026-08-04 11:55:42,2026-08-04 11:55:42
203385,1432,GFDF2,COMPRA,210,98.5955,7.7706,2026-08-04 16:03:04,2026-08-04 16:03:07,2026-08-04 16:03:07
203386,2513,AAUA7,COMPRA,385,147.5607,9.7733,2026-08-04 17:08:05,2026-08-04 17:08:08,2026-08-04 17:08:08
203387,1167,DHRM5,COMPRA,305,359.6567,11.7579,2026-08-04 16:33:10,2026-08-04 16:33:12,2026-08-04 16:33:12
203388,1773,CQIL9,COMPRA,495,29.6139,10.7942,2026-08-04 16:33:58,2026-08-04 16:33:58,2026-08-04 16:33:58
203389,2950,LCCH9,COMPRA,360,6.9100,1.9372,2026-08-04 10:32:36,2026-08-04 10:32:36,2026-08-04 10:32:36
203390,1756,XPVA7,COMPRA,121,562.9572,3.6376,2026-08-04 12:08:12,2026-08-04 12:08:14,2026-08-04 12:08:14
203391,2142,PQUT9,COMPRA,245,82.3270,7.1189,2026-08-04 10:16:24,2026-08-04 10:16:25,2026-08-04 10:16:25
203392,1545,DGBT6,COMPRA,400,77.1006,7.8217,2026-08-04 15:23:15,2026-08-04 15:23:18,2026-08-04 15:23:18
203393,2858,ZFBT3,COMPRA,450,92.9321,3.6688,2026-08-04 16:04:34,2026-08-04 16:04:35,2026-08-04 16:04:35
203394,2773,FIUW1,VENDA,320,104.8695,9.0567,2026-08-04 10:44:58,2026-08-04 10:45:01,2026-08-04 10:45:01
203395,2329,DGBT6,COMPRA,370,89.3797,4.9543,2026-08-04 11:15:48,2026-08-04 11:15:49,2026-08-04 11:15:49
203396,1667,WMQZ6,COMPRA,155,96.9412,0.7496,2026-08-04 11:53:02,2026-08-04 11:53:04,2026-08-04 11:53:04
203397,1442,SUZL4,COMPRA,355,124.3030,7.4700,2026-08-04 13:46:15,2026-08-04 13:46:16,2026-08-04 13:46:16
203398,1577,FRGH8,COMPRA,354,85.2580,5.6302,2026-08-04 16:20:01,2026-08-04 16:20:04,2026-08-04 16:20:04
203399,1295,NHYK8,COMPRA,500,54.9091,11.0676,2026-08-04 13:20:30,2026-08-04 13:20:33,2026-08-04 13:20:33
203400,2683,QQQS1,COMPRA,240,21.5864,1.6966,2026-08-04 15:45:02,2026-08-04 15:45:02,2026-08-04 15:45:02
203401,1528,ICSU4,COMPRA,151,147.3573,4.2556,2026-08-04 15:13:32,2026-08-04 15:13:32,2026-08-04 15:13:32
203402,2887,YYLA4,COMPRA,320,207.1805,12.6086,2026-08-04 12:17:17,2026-08-04 12:17:20,2026-08-04 12:17:20
203403,2574,MOLF3,COMPRA,190,42.7925,4.8158,2026-08-04 12:09:24,2026-08-04 12:09:27,2026-08-04 12:09:27
203404,2061,RSBT4,COMPRA,165,496.7171,7.3942,2026-08-04 12:27:59,2026-08-04 12:28:01,2026-08-04 12:28:01
203405,2753,UQIQ7,COMPRA,15,82.6889,4.1877,2026-08-04 11:46:20,2026-08-04 11:46:23,2026-08-04 11:46:23
203406,1416,MOLF3,COMPRA,275,66.5111,7.4193,2026-08-04 11:09:24,2026-08-04 11:09:26,2026-08-04 11:09:26
203407,2982,JUDG8,COMPRA,395,69.3049,5.6168,2026-08-04 14:56:25,2026-08-04 14:56:28,2026-08-04 14:56:28
203408,2750,ZFBT3,COMPRA,245,109.6368,1.1606,2026-08-04 13:14:38,2026-08-04 13:14:41,2026-08-04 13:14:41
203409,2448,PSEN6,COMPRA,355,194.3465,9.2547,2026-08-04 13:05:55,2026-08-04 13:05:57,2026-08-04 13:05:57
203410,1030,KQEO3,COMPRA,45,65.6002,6.1361,2026-08-04 13:48:37,2026-08-04 13:48:38,2026-08-04 13:48:38
203411,3016,TBWG2,COMPRA,145,92.5838,5.3041,2026-08-04 16:47:39,2026-08-04 16:47:39,2026-08-04 16:47:39
203412,2341,TBWG2,COMPRA,400,84.1378,12.4416,2026-08-04 17:21:02,2026-08-04 17:21:05,2026-08-04 17:21:05
203413,3352,GFDF2,COMPRA,250,100.6708,1.6371,2026-08-04 15:14:49,2026-08-04 15:14:49,2026-08-04 15:14:49
203414,1418,NUJZ2,COMPRA,135,32.5110,3.7436,2026-08-04 15:15:13,2026-08-04 15:15:16,2026-08-04 15:15:16
203415,1750,UYFJ9,COMPRA,123,82.3081,0.0393,2026-08-04 13:04:19,2026-08-04 13:04:22,2026-08-04 13:04:22
203416,1572,DHRM5,COMPRA,350,299.6266,2.3802,2026-08-04 15:12:42,2026-08-04 15:12:45,2026-08-04 15:12:45
203417,3059,NPEM3,COMPRA,395,116.0190,10.2919,2026-08-04 12:10:54,2026-08-04 12:10:55,2026-08-04 12:10:55
203418,3443,QYBV3,COMPRA,275,65.8430,6.0268,2026-08-04 11:34:29,2026-08-04 11:34:32,2026-08-04 11:34:32
203419,3429,IZTY4,COMPRA,262,26.2230,5.1856,2026-08-04 16:24:00,2026-08-04 16:24:00,2026-08-04 16:24:00
203420,1196,PBZM6,COMPRA,485,74.8924,6.0125,2026-08-04 16:41:40,2026-08-04 16:41:40,2026-08-04 16:41:40
203421,1899,DHRM5,COMPRA,374,273.9693,8.9132,2026-08-04 16:22:21,2026-08-04 16:22:23,2026-08-04 16:22:23
203422,2355,ZFBT3,COMPRA,460,109.4377,10.2168,2026-08-04 16:24:58,2026-08-04 16:24:59,2026-08-04 16:24:59
203423,1645,ZFBT3,COMPRA,152,107.2787,1.9212,2026-08-04 10:19:15,2026-08-04 10:19:15,2026-08-04 10:19:15
203424,2210,JJVW6,COMPRA,129,128.1661,2.3118,2026-08-04 11:04:49,2026-08-04 11:04:52,2026-08-04 11:04:52
203425,3411,HCZM2,COMPRA,460,422.0674,6.1695,2026-08-04 10:06:50,2026-08-04 10:06:52,2026-08-04 10:06:52
203426,1251,DSFC9,COMPRA,235,504.7723,10.3473,2026-08-04 16:23:15,2026-08-04 16:23:18,2026-08-04 16:23:18
203427,1653,QQQS1,COMPRA,265,23.5058,1.5616,2026-08-04 10:54:02,2026-08-04 10:54:05,2026-08-04 10:54:05
203428,1424,PSEN6,COMPRA,394,174.5135,8.6371,2026-08-04 16:23:10,2026-08-04 16:23:12,2026-08-04 16:23:12
203429,1066,NREP8,COMPRA,242,139.0667,,2026-08-04 10:35:26,2026-08-04 10:35:28,2026-08-04 10:35:28
203430,3129,NREP8,COMPRA,460,141.5399,12.1280,2026-08-04 17:08:25,2026-08-04 17:08:27,2026-08-04 17:08:27
203431,1152,NHYK8,COMPRA,225,66.1109,3.9609,2026-08-04 16:37:09,2026-08-04 16:37:09,2026-08-04 16:37:09
203432,2892,GKQC5,COMPRA,40,161.3257,0.8952,2026-08-04 10:10:15,2026-08-04 10:10:15,2026-08-04 10:10:15
203433,1806,YRWH3,COMPRA,365,207.2538,8.5164,2026-08-04 16:44:23,2026-08-04 16:44:23,2026-08-04 16:44:23
203434,1837,YOWA1,COMPRA,293,63.1249,12.2515,2026-08-04 16:56:08,2026-08-04 16:56:08,2026-08-04 16:56:08
203435,1464,RSBT4,COMPRA,147,449.9903,0.4922,2026-08-04 11:29:28,2026-08-04 11:29:30,2026-08-04 11:29:30
203436,1989,RMRT1,COMPRA,80,126.6924,5.9847,2026-08-04 15:19:08,2026-08-04 15:19:09,2026-08-04 15:19:09
203437,3097,WXFC8,COMPRA,229,76.0357,1.3654,2026-08-04 12:12:12,2026-08-04 12:12:14,2026-08-04 12:12:14
203438,1873,LQML9,COMPRA,295,132.4914,2.8703,2026-08-04 16:00:36,2026-08-04 16:00:38,2026-08-04 16:00:38
203439,2068,UCHR6,COMPRA,113,488.0119,5.7058,2026-08-04 12:11:48,2026-08-04 12:11:51,2026-08-04 12:11:51
203440,1695,SUZL4,COMPRA,307,128.4847,3.4288,2026-08-04 11:04:59,2026-08-04 11:05:02,2026-08-04 11:05:02
203441,1502,JJVW6,COMPRA,475,157.6008,10.7718,2026-08-04 10:20:24,2026-08-04 10:20:26,2026-08-04 10:20:26
203442,2499,QYBV3,COMPRA,404,60.0000,9.0412,2026-08-04 12:41:08,2026-08-04 12:41:10,2026-08-04 12:41:10
203443,1368,GAKD5,COMPRA,470,305.5366,11.2160,2026-08-04 16:13:58,2026-08-04 16:14:01,2026-08-04 16:14:01
203444,1787,LQML9,COMPRA,257,159.2476,7.5908,2026-08-04 11:41:46,2026-08-04 11:41:46,2026-08-04 11:41:46
203445,1160,ACSV1,VENDA,130,91.2268,12.0788,2026-08-04 12:48:13,2026-08-04 12:48:13,2026-08-04 12:48:13
203446,1800,MOLF3,COMPRA,250,46.0090,4.6929,2026-08-04 15:55:25,2026-08-04 15:55:26,2026-08-04 15:55:26
203447,2971,OXVD8,COMPRA,15,65.0126,3.0908,2026-08-04 11:10:27,2026-08-04 11:10:30,2026-08-04 11:10:30
203448,2806,YFAH5,COMPRA,190,126.2865,5.9274,2026-08-04 12:04:53,2026-08-04 12:04:56,2026-08-04 12:04:56
203449,1516,WMQZ6,COMPRA,395,96.0376,3.0207,2026-08-04 10:51:34,2026-08-04 10:51:37,2026-08-04 10:51:37
203450,2727,ZHTL2,COMPRA,360,65.3252,3.2520,2026-08-04 10:52:16,2026-08-04 10:52:17,2026-08-04 10:52:17
203451,3081,RIET5,COMPRA,100,146.4090,4.7417,2026-08-04 17:23:55,2026-08-04 17:23:56,2026-08-04 17:23:56
203452,1805,RSBT4,VENDA,305,420.4073,3.1136,2026-08-04 13:51:05,2026-08-04 13:51:05,2026-08-04 13:51:05
203453,2851,ZYVN7,COMPRA,290,66.3070,2.4950,2026-08-04 11:40:40,2026-08-04 11:40:43,2026-08-04 11:40:43
203454,1066,XTVW5,COMPRA,30,132.7725,7.1252,2026-08-04 15:13:42,2026-08-04 15:13:43,2026-08-04 15:13:43
203455,2392,ZHTL2,COMPRA,309,70.2907,3.9654,2026-08-04 15:08:54,2026-08-04 15:08:56,2026-08-04 15:08:56
203456,2307,WMQZ6,COMPRA,140,88.4970,10.4641,2026-08-04 13:24:32,2026-08-04 13:24:34,2026-08-04 13:24:34
203457,1927,IWAK1,COMPRA,340,69.6619,0.7558,2026-08-04 13:34:36,2026-08-04 13:34:36,2026-08-04 13:34:36
203458,1807,UVEY5,COMPRA,382,72.0703,5.6224,2026-08-04 16:25:34,2026-08-04 16:25:36,2026-08-04 16:25:36
203459,1045,WIPB2,COMPRA,490,119.7824,9.6658,2026-08-04 10:44:48,2026-08-04 10:44:49,2026-08-04 10:44:49
203460,2269,DFGR7,COMPRA,255,101.6032,8.4635,2026-08-04 10:43:37,2026-08-04 10:43:39,2026-08-04 10:43:39
203461,1108,FYZB6,COMPRA,450,52.2825,6.3919,2026-08-04 11:10:27,2026-08-04 11:10:29,2026-08-04 11:10:29
203462,1045,YRWH3,COMPRA,410,157.5818,12.2050,2026-08-04 11:02:50,2026-08-04 11:02:50,2026-08-04 11:02:50
203463,3027,ECQD7,COMPRA,385,100.9830,9.3761,2026-08-04 13:38:01,2026-08-04 13:38:02,2026-08-04 13:38:02
203464,2805,DFGR7,COMPRA,317,92.4760,7.0935,2026-08-04 10:42:31,2026-08-04 10:42:32,2026-08-04 10:42:32
203465,1091,AYFQ2,COMPRA,440,10.8655,5.2131,2026-08-04 12:42:45,2026-08-04 12:42:48,2026-08-04 12:42:48
203466,2810,LGKU6,COMPRA,209,71.2669,9.7599,2026-08-04 17:30:45,2026-08-04 17:30:48,2026-08-04 17:30:48
203467,1364,GULD2,COMPRA,206,158.8478,7.4664,2026-08-04 10:19:22,2026-08-04 10:19:22,2026-08-04 10:19:22
203468,1932,RDOA3,COMPRA,310,96.8972,3.7818,2026-08-04 10:14:43,2026-08-04 10:14:43,2026-08-04 10:14:43
203469,1289,MCMT2,COMPRA,160,91.4008,5.3675,2026-08-04 11:34:35,2026-08-04 11:34:35,2026-08-04 11:34:35
203470,2057,TVCE9,COMPRA,75,76.1494,12.7962,2026-08-04 14:39:35,2026-08-04 14:39:37,2026-08-04 14:39:37
203471,2910,NUJZ2,COMPRA,205,35.9024,8.0116,2026-08-04 10:05:04,2026-08-04 10:05:05,2026-08-04 10:05:05
203472,2335,IPXK2,COMPRA,427,265.5198,0.2087,2026-08-04 16:20:24,2026-08-04 16:20:27,2026-08-04 16:20:27
203473,1659,JIPR4,COMPRA,185,26.5870,11.1587,2026-08-04 15:20:39,2026-08-04 15:20:41,2026-08-04 15:20:41
203474,3374,BXFJ9,COMPRA,305,161.5449,7.7927,2026-08-04 17:19:51,2026-08-04 17:19:51,2026-08-04 17:19:51
203475,1028,IWFI1,COMPRA,120,129.5418,12.7363,2026-08-04 12:52:23,2026-08-04 12:52:24,2026-08-04 12:52:24
203476,3383,OVYL9,COMPRA,310,88.0611,0.3229,2026-08-04 12:57:33,2026-08-04 12:57:35,2026-08-04 12:57:35
203477,2481,WIPB2,COMPRA,83,130.2942,10.5473,2026-08-04 14:30:32,2026-08-04 14:30:34,2026-08-04 14:30:34
203478,2160,SGBG8,COMPRA,15,88.8782,11.2682,2026-08-04 14:53:44,2026-08-04 14:53:46,2026-08-04 14:53:46
203479,2783,QYBV3,COMPRA,367,60.0000,9.6557,2026-08-04 10:44:54,2026-08-04 10:44:57,2026-08-04 10:44:57
203480,2895,MCMT2,COMPRA,475,102.4171,4.2344,2026-08-04 14:47:38,2026-08-04 14:47:38,2026-08-04 14:47:38
203481,2721,QHFL8,COMPRA,65,123.2594,8.1815,2026-08-04 14:45:40,2026-08-04 14:45:41,2026-08-04 14:45:41
203482,3405,JJVW6,COMPRA,380,117.3344,11.7108,2026-08-04 16:06:21,2026-08-04 16:06:22,2026-08-04 16:06:22
203483,2228,DEGN5,COMPRA,295,65.8014,1.9379,2026-08-04 10:42:27,2026-08-04 10:42:28,2026-08-04 10:42:28
203484,2520,SVOZ4,COMPRA,25,43.9110,5.6264,2026-08-04 16:34:35,2026-08-04 16:34:37,2026-08-04 16:34:37
203485,2921,RHXV4,COMPRA,380,72.5065,12.3023,2026-08-04 10:43:35,2026-08-04 10:43:36,2026-08-04 10:43:36
203486,1621,OXVD8,COMPRA,485,60.8813,5.1493,2026-08-04 13:59:15,2026-08-04 13:59:15,2026-08-04 13:59:15
203487,3492,QEUC2,COMPRA,200,166.1379,10.7002,2026-08-04 11:28:38,2026-08-04 11:28:38,2026-08-04 11:28:38
203488,2552,IWFI1,COMPRA,114,151.9806,6.0580,2026-08-04 14:19:07,2026-08-04 14:19:09,2026-08-04 14:19:09
203489,1573,DHRM5,COMPRA,191,363.8453,6.1346,2026-08-04 15:06:59,2026-08-04 15:07:02,2026-08-04 15:07:02
203490,1567,OVYL9,COMPRA,465,90.1317,0.5457,2026-08-04 16:23:49,2026-08-04 16:23:49,2026-08-04 16:23:49
203491,2770,BOCS8,COMPRA,95,61.2536,9.3786,2026-08-04 10:31:34,2026-08-04 10:31:37,2026-08-04 10:31:37
203492,3376,RYPL6,COMPRA,380,86.0062,11.3649,2026-08-04 14:46:04,2026-08-04 14:46:06,2026-08-04 14:46:06
203493,1142,ICSU4,COMPRA,30,117.2650,2.2058,2026-08-04 10:49:57,2026-08-04 10:50:00,2026-08-04 10:50:00
203494,1931,YRWH3,COMPRA,395,163.7809,3.3036,2026-08-04 14:21:36,2026-08-04 14:21:36,2026-08-04 14:21:36
203495,2102,TTHO3,COMPRA,175,29.7375,4.0363,2026-08-04 10:35:06,2026-08-04 10:35:09,2026-08-04 10:35:09
203496,2535,NREP8,COMPRA,225,119.3779,0.7069,2026-08-04 11:37:45,2026-08-04 11:37:48,2026-08-04 11:37:48
203497,2695,UQJU7,VENDA,280,69.6611,3.7933,2026-08-04 14:57:27,2026-08-04 14:57:28,2026-08-04 14:57:28
203498,1636,QQQS1,COMPRA,160,23.3292,8.4102,2026-08-04 10:20:42,2026-08-04 10:20:43,2026-08-04 10:20:43
203499,3225,BXFJ9,COMPRA,280,182.9301,0.1010,2026-08-04 14:17:23,2026-08-04 14:17:24,2026-08-04 14:17:24
203500,2715,QQQS1,COMPRA,340,24.3121,8.0171,2026-08-04 15:35:28,2026-08-04 15:35:28,2026-08-04 15:35:28
203501,2180,EEYY9,COMPRA,455,167.3209,9.4318,2026-08-04 10:14:21,2026-08-04 10:14:22,2026-08-04 10:14:22
203502,3291,ERTC4,COMPRA,166,52.2403,11.5105,2026-08-04 13:21:28,2026-08-04 13:21:30,2026-08-04 13:21:30
203503,1946,QATW7,COMPRA,482,37.9377,1.6826,2026-08-04 17:12:27,2026-08-04 17:12:28,2026-08-04 17:12:28
203504,2780,XLZM9,COMPRA,228,59.4327,2.9043,2026-08-04 16:59:55,2026-08-04 16:59:55,2026-08-04 16:59:55
203505,3324,BOCS8,COMPRA,455,73.3993,8.5557,2026-08-04 17:25:18,2026-08-04 17:25:21,2026-08-04 17:25:21
203506,1329,NQYT3,COMPRA,295,71.4865,8.2540,2026-08-04 16:54:10,2026-08-04 16:54:12,2026-08-04 16:54:12
203507,2164,NUJZ2,COMPRA,255,31.7092,1.8548,2026-08-04 11:20:12,2026-08-04 11:20:14,2026-08-04 11:20:14
203508,1098,TBWG2,COMPRA,370,76.4707,5.9617,2026-08-04 11:30:09,2026-08-04 11:30:09,2026-08-04 11:30:09
203509,2552,KQEO3,COMPRA,92,76.5035,8.5709,2026-08-04 16:58:21,2026-08-04 16:58:22,2026-08-04 16:58:22
203510,2251,NWGB4,COMPRA,500,135.5690,9.1418,2026-08-04 15:31:54,2026-08-04 15:31:55,2026-08-04 15:31:55
203511,2688,ZYVN7,COMPRA,315,84.9727,2.8629,2026-08-04 10:51:59,2026-08-04 10:51:59,2026-08-04 10:51:59
203512,3407,NWGB4,COMPRA,385,124.7905,,2026-08-04 15:12:15,2026-08-04 15:12:15,2026-08-04 15:12:15
203513,1494,XPVA7,COMPRA,420,405.6047,5.8065,2026-08-04 13:58:13,2026-08-04 13:58:15,2026-08-04 13:58:15
203514,1234,KFSY2,COMPRA,215,128.7246,11.7224,2026-08-04 15:07:25,2026-08-04 15:07:27,2026-08-04 15:07:27
203515,1785,RSBT4,COMPRA,95,351.6912,1.7944,2026-08-04 14:01:51,2026-08-04 14:01:51,2026-08-04 14:01:51
203516,3252,QTDZ2,COMPRA,230,61.0055,4.7059,2026-08-04 10:13:52,2026-08-04 10:13:53,2026-08-04 10:13:53
203517,3189,NWGB4,COMPRA,395,158.9278,12.2858,2026-08-04 15:44:01,2026-08-04 15:44:04,2026-08-04 15:44:04
203518,3111,TTHO3,COMPRA,440,29.3120,4.0630,2026-08-04 13:41:22,2026-08-04 13:41:25,2026-08-04 13:41:25
203519,2895,RYPL6,COMPRA,95,66.8012,6.1894,2026-08-04 14:52:57,2026-08-04 14:53:00,2026-08-04 14:53:00
203520,1137,WMQZ6,COMPRA,115,88.8269,10.4427,2026-08-04 14:01:05,2026-08-04 14:01:07,2026-08-04 14:01:07
203521,1424,RFNS7,COMPRA,50,70.3683,1.0747,2026-08-04 12:33:14,2026-08-04 12:33:15,2026-08-04 12:33:15
203522,2968,PZUP8,COMPRA,180,196.3235,2.2730,2026-08-04 12:07:08,2026-08-04 12:07:11,2026-08-04 12:07:11
203523,1435,BOCS8,COMPRA,310,72.0425,6.6876,2026-08-04 13:41:41,2026-08-04 13:41:43,2026-08-04 13:41:43
203524,3103,LCCH9,COMPRA,10,8.6420,10.8397,2026-08-04 15:48:16,2026-08-04 15:48:18,2026-08-04 15:48:18
203525,3060,ACSV1,COMPRA,45,116.7790,6.8977,2026-08-04 14:23:32,2026-08-04 14:23:32,2026-08-04 14:23:32
203526,3340,OVUQ2,COMPRA,85,47.9401,2.5955,2026-08-04 17:10:47,2026-08-04 17:10:50,2026-08-04 17:10:50
203527,3449,LGKU6,COMPRA,105,75.6637,10.0487,2026-08-04 13:34:21,2026-08-04 13:34:24,2026-08-04 13:34:24
203528,2606,TXHR8,COMPRA,425,86.9446,10.2555,2026-08-04 16:46:38,2026-08-04 16:46:41,2026-08-04 16:46:41
203529,1076,WXFC8,COMPRA,480,66.9429,2.3462,2026-08-04 15:40:45,2026-08-04 15:40:48,2026-08-04 15:40:48
203530,3139,ZFBT3,COMPRA,75,90.2331,12.5793,2026-08-04 17:17:32,2026-08-04 17:17:32,2026-08-04 17:17:32
203531,2358,KFSY2,COMPRA,360,109.7954,2.9643,2026-08-04 15:13:59,2026-08-04 15:14:01,2026-08-04 15:14:01
203532,2607,WXFC8,COMPRA,410,78.6806,2.8884,2026-08-04 14:59:57,2026-08-04 14:59:58,2026-08-04 14:59:58
203533,1047,QTDZ2,COMPRA,285,61.9268,4.6552,2026-08-04 13:24:02,2026-08-04 13:24:03,2026-08-04 13:24:03
203534,1099,GFDF2,COMPRA,170,78.1860,5.3587,2026-08-04 16:33:49,2026-08-04 16:33:50,2026-08-04 16:33:50
203535,2577,ERTC4,COMPRA,30,51.0784,9.4058,2026-08-04 10:13:11,2026-08-04 10:13:13,2026-08-04 10:13:13
203536,1413,FIUW1,COMPRA,95,134.2397,8.5311,2026-08-04 11:10:40,2026-08-04 11:10:40,2026-08-04 11:10:40
203537,2946,RSBT4,COMPRA,9,492.4901,4.4546,2026-08-04 13:07:05,2026-08-04 13:07:05,2026-08-04 13:07:05
203538,1706,HCLJ8,COMPRA,251,91.2947,10.2390,2026-08-04 11:24:43,2026-08-04 11:24:44,2026-08-04 11:24:44
203539,3296,ERTC4,COMPRA,155,51.2052,9.7549,2026-08-04 14:35:51,2026-08-04 14:35:51,2026-08-04 14:35:51
203540,2823,YCCK8,COMPRA,25,325.8978,10.4880,2026-08-04 14:56:38,2026-08-04 14:56:39,2026-08-04 14:56:39
203541,3191,NPEM3,COMPRA,75,85.7957,0.4379,2026-08-04 15:41:29,2026-08-04 15:41:32,2026-08-04 15:41:32
203542,3267,OXVD8,COMPRA,110,77.6759,4.4175,2026-08-04 10:14:37,2026-08-04 10:14:39,2026-08-04 10:14:39
203543,2477,UYFJ9,COMPRA,475,117.0981,6.1662,2026-08-04 16:41:32,2026-08-04 16:41:32,2026-08-04 16:41:32
203544,2925,DQSN6,COMPRA,230,123.0185,2.8973,2026-08-04 14:49:10,2026-08-04 14:49:11,2026-08-04 14:49:11
203545,1442,FRGH8,COMPRA,220,71.5847,11.2519,2026-08-04 12:54:48,2026-08-04 12:54:49,2026-08-04 12:54:49
203546,2897,HCLJ8,COMPRA,295,138.4028,4.8135,2026-08-04 16:47:24,2026-08-04 16:47:24,2026-08-04 16:47:24
203547,1365,WXFC8,COMPRA,170,67.3368,0.2647,2026-08-04 12:42:44,2026-08-04 12:42:44,2026-08-04 12:42:44
203548,2525,RIET5,COMPRA,75,112.2003,7.5915,2026-08-04 16:02:26,2026-08-04 16:02:28,2026-08-04 16:02:28
203549,2686,LIEG8,COMPRA,25,77.2481,3.1319,2026-08-04 11:32:55,2026-08-04 11:32:57,2026-08-04 11:32:57
203550,2090,NYGT6,COMPRA,240,105.7319,6.2837,2026-08-04 10:59:06,2026-08-04 10:59:09,2026-08-04 10:59:09
203551,2520,KQEO3,COMPRA,45,87.7829,8.7990,2026-08-04 10:52:42,2026-08-04 10:52:43,2026-08-04 10:52:43
203552,3009,YCCK8,COMPRA,40,316.1377,3.4185,2026-08-04 12:26:41,2026-08-04 12:26:43,2026-08-04 12:26:43
203553,2481,IWFI1,COMPRA,375,191.6784,6.3653,2026-08-04 10:05:50,2026-08-04 10:05:53,2026-08-04 10:05:53
203554,1713,ZHTL2,COMPRA,65,62.8041,12.8109,2026-08-04 14:38:43,2026-08-04 14:38:45,2026-08-04 14:38:45
203555,3404,HCZM2,COMPRA,415,530.3433,10.5840,2026-08-04 14:32:16,2026-08-04 14:32:17,2026-08-04 14:32:17
203556,3286,WIPB2,COMPRA,15,116.6583,10.6591,2026-08-04 11:56:34,2026-08-04 11:56:35,2026-08-04 11:56:35
203557,1249,KHGP6,COMPRA,197,86.2001,7.5307,2026-08-04 10:33:53,2026-08-04 10:33:53,2026-08-04 10:33:53
203558,2845,RMRT1,COMPRA,100,91.2672,5.1841,2026-08-04 14:30:48,2026-08-04 14:30:48,2026-08-04 14:30:48
203559,2784,WXFC8,COMPRA,270,100.5403,5.5689,2026-08-04 12:54:45,2026-08-04 12:54:46,2026-08-04 12:54:46
203560,1978,YYLA4,COMPRA,485,230.9967,11.6181,2026-08-04 15:58:54,2026-08-04 15:58:57,2026-08-04 15:58:57
203561,1486,GKQC5,COMPRA,365,155.8152,0.0942,2026-08-04 16:16:38,2026-08-04 16:16:40,2026-08-04 16:16:40
203562,1918,UVEY5,COMPRA,50,88.1719,10.1608,2026-08-04 12:00:47,2026-08-04 12:00:50,2026-08-04 12:00:50
203563,1481,JJVW6,VENDA,395,136.3417,11.9851,2026-08-04 11:00:38,2026-08-04 11:00:40,2026-08-04 11:00:40
203564,3501,DMTZ8,COMPRA,155,171.1441,11.7821,2026-08-04 16:43:19,2026-08-04 16:43:20,2026-08-04 16:43:20
203565,1794,AYFQ2,COMPRA,10,12.8669,7.7391,2026-08-04 16:54:37,2026-08-04 16:54:37,2026-08-04 16:54:37
203566,1585,TBWG2,COMPRA,283,72.4647,4.2496,2026-08-04 12:11:53,2026-08-04 12:11:56,2026-08-04 12:11:56
203567,1885,QHFL8,COMPRA,434,168.0481,6.6170,2026-08-04 13:20:47,2026-08-04 13:20:49,2026-08-04 13:20:49
203568,1263,OXVD8,COMPRA,220,77.8073,0.6207,2026-08-04 10:21:19,2026-08-04 10:21:22,2026-08-04 10:21:22
203569,2844,WXQM6,COMPRA,145,41.7813,9.0474,2026-08-04 13:36:06,2026-08-04 13:36:08,2026-08-04 13:36:08
203570,1769,UYFJ9,COMPRA,255,95.6638,7.4451,2026-08-04 10:46:46,2026-08-04 10:46:46,2026-08-04 10:46:46
203571,1508,NWGB4,COMPRA,102,100.3148,8.1618,2026-08-04 13:31:39,2026-08-04 13:31:42,2026-08-04 13:31:42
203572,1559,TBWG2,COMPRA,480,67.5337,5.3371,2026-08-04 13:52:19,2026-08-04 13:52:22,2026-08-04 13:52:22
203573,1430,UYFJ9,COMPRA,405,98.5852,9.4716,2026-08-04 12:34:27,2026-08-04 12:34:27,2026-08-04 12:34:27
203574,2099,NQYT3,COMPRA,100,66.4710,9.7422,2026-08-04 16:28:00,2026-08-04 16:28:02,2026-08-04 16:28:02
203575,3038,UQJU7,COMPRA,200,70.3938,11.2213,2026-08-04 13:31:58,2026-08-04 13:31:59,2026-08-04 13:31:59
203576,1421,XLZM9,COMPRA,60,65.0862,4.6304,2026-08-04 10:55:47,2026-08-04 10:55:50,2026-08-04 10:55:50
203577,2733,WXFC8,COMPRA,240,75.6889,8.5685,2026-08-04 16:12:01,2026-08-04 16:12:03,2026-08-04 16:12:03
203578,3404,DGBT6,COMPRA,273,104.3867,4.0569,2026-08-04 10:46:24,2026-08-04 10:46:26,2026-08-04 10:46:26
203579,2193,BSDJ7,COMPRA,340,199.4825,6.9223,2026-08-04 10:31:28,2026-08-04 10:31:29,2026-08-04 10:31:29
203580,3495,RSBT4,COMPRA,20,457.2091,8.5363,2026-08-04 12:06:13,2026-08-04 12:06:15,2026-08-04 12:06:15
203581,3349,VLEB3,COMPRA,225,426.8523,8.2290,2026-08-04 13:21:27,2026-08-04 13:21:27,2026-08-04 13:21:27
203582,1836,LGKU6,VENDA,400,72.1189,10.5202,2026-08-04 14:08:06,2026-08-04 14:08:06,2026-08-04 14:08:06
203583,1928,UCHR6,COMPRA,440,358.6274,3.2822,2026-08-04 13:03:32,2026-08-04 13:03:32,2026-08-04 13:03:32
203584,3233,PBZM6,COMPRA,25,47.6568,11.9590,2026-08-04 10:22:42,2026-08-04 10:22:42,2026-08-04 10:22:42
203585,1007,GAKD5,COMPRA,460,322.5425,6.3322,2026-08-04 13:06:42,2026-08-04 13:06:45,2026-08-04 13:06:45
203586,1352,ZYVN7,COMPRA,325,63.0867,3.0497,2026-08-04 13:28:10,2026-08-04 13:28:11,2026-08-04 13:28:11
203587,1787,ZAAS7,COMPRA,295,415.4302,4.3224,2026-08-04 15:20:18,2026-08-04 15:20:18,2026-08-04 15:20:18
203588,1200,ECQD7,COMPRA,320,112.9695,8.7334,2026-08-04 16:10:53,2026-08-04 16:10:55,2026-08-04 16:10:55
203589,3126,NQYT3,COMPRA,450,51.0095,9.4650,2026-08-04 11:42:13,2026-08-04 11:42:13,2026-08-04 11:42:13
203590,1465,LIEG8,COMPRA,230,108.1526,6.3960,2026-08-04 14:19:03,2026-08-04 14:19:06,2026-08-04 14:19:06
203591,3457,RIET5,COMPRA,490,115.6331,6.2110,2026-08-04 17:11:11,2026-08-04 17:11:12,2026-08-04 17:11:12
203592,1609,MOLF3,COMPRA,425,48.7130,10.6115,2026-08-04 12:25:55,2026-08-04 12:25:58,2026-08-04 12:25:58
203593,2651,QYBV3,COMPRA,492,65.9601,0.1566,2026-08-04 14:44:22,2026-08-04 14:44:25,2026-08-04 14:44:25
203594,2235,XAVL3,COMPRA,221,163.9720,10.6178,2026-08-04 16:38:24,2026-08-04 16:38:24,2026-08-04 16:38:24
203595,1898,FIUW1,COMPRA,465,114.3325,2.1090,2026-08-04 13:14:19,2026-08-04 13:14:21,2026-08-04 13:14:21
203596,2884,IWFI1,COMPRA,179,133.1733,3.0396,2026-08-04 14:35:08,2026-08-04 14:35:09,2026-08-04 14:35:09
203597,3115,YFAH5,COMPRA,165,175.2726,11.8375,2026-08-04 10:52:11,2026-08-04 10:52:11,2026-08-04 10:52:11
203598,1492,JUDG8,COMPRA,295,85.5534,10.8254,2026-08-04 13:30:31,2026-08-04 13:30:32,2026-08-04 13:30:32
203599,2055,UQJU7,COMPRA,170,70.5934,11.6271,2026-08-04 10:29:28,2026-08-04 10:29:29,2026-08-04 10:29:29
203600,2361,QTDZ2,COMPRA,114,44.6710,10.2298,2026-08-04 10:17:18,2026-08-04 10:17:21,2026-08-04 10:17:21
203601,3012,NYGT6,COMPRA,25,129.1573,6.6566,2026-08-04 14:26:35,2026-08-04 14:26:35,2026-08-04 14:26:35
203602,1040,JJVW6,COMPRA,100,100.0819,5.6010,2026-08-04 12:21:21,2026-08-04 12:21:23,2026-08-04 12:21:23
203603,2147,EEYY9,COMPRA,235,168.9976,4.9214,2026-08-04 11:47:41,2026-08-04 11:47:42,2026-08-04 11:47:42
203604,3297,XAVL3,COMPRA,385,208.5079,8.7066,2026-08-04 16:41:18,2026-08-04 16:41:21,2026-08-04 16:41:21
203605,3224,ENRZ2,COMPRA,170,119.3906,6.1122,2026-08-04 16:39:07,2026-08-04 16:39:09,2026-08-04 16:39:09
203606,2602,QATW7,COMPRA,195,43.5874,12.5552,2026-08-04 16:47:15,2026-08-04 16:47:15,2026-08-04 16:47:15
203607,2604,LIEG8,COMPRA,475,78.3225,3.1857,2026-08-04 14:18:02,2026-08-04 14:18:05,2026-08-04 14:18:05
203608,1925,ACSV1,COMPRA,220,116.6186,0.0489,2026-08-04 14:05:21,2026-08-04 14:05:21,2026-08-04 14:05:21
203609,1988,YOWA1,COMPRA,40,66.8108,7.6283,2026-08-04 14:59:03,2026-08-04 14:59:03,2026-08-04 14:59:03
203610,2255,XPVA7,COMPRA,65,499.2116,11.8041,2026-08-04 16:47:01,2026-08-04 16:47:01,2026-08-04 16:47:01
203611,3453,XAVL3,COMPRA,53,148.5449,1.5067,2026-08-04 11:27:35,2026-08-04 11:27:36,2026-08-04 11:27:36
203612,3139,ZAAS7,COMPRA,300,355.0624,3.9827,2026-08-04 15:13:48,2026-08-04 15:13:48,2026-08-04 15:13:48
203613,1393,IWAK1,COMPRA,265,75.9215,11.0578,2026-08-04 10:59:44,2026-08-04 10:59:44,2026-08-04 10:59:44
203614,1169,RIET5,COMPRA,425,119.1845,8.1346,2026-08-04 16:58:38,2026-08-04 16:58:38,2026-08-04 16:58:38
203615,1630,KQEO3,COMPRA,400,55.9567,8.0300,2026-08-04 14:42:34,2026-08-04 14:42:34,2026-08-04 14:42:34
203616,3291,ZYVN7,COMPRA,389,75.5846,2.3033,2026-08-04 10:09:59,2026-08-04 10:10:00,2026-08-04 10:10:00
203617,3298,UFIU3,COMPRA,477,65.4549,3.4197,2026-08-04 11:53:51,2026-08-04 11:53:51,2026-08-04 11:53:51
203618,2960,NUJZ2,COMPRA,100,27.7556,5.7518,2026-08-04 11:51:34,2026-08-04 11:51:34,2026-08-04 11:51:34
203619,2507,NHYK8,COMPRA,326,64.8867,6.4457,2026-08-04 16:04:30,2026-08-04 16:04:30,2026-08-04 16:04:30
203620,3232,DMTZ8,COMPRA,170,173.1973,7.3841,2026-08-04 10:18:21,2026-08-04 10:18:21,2026-08-04 10:18:21
203621,1113,UFIU3,COMPRA,60,94.4864,10.8711,2026-08-04 10:31:05,2026-08-04 10:31:07,2026-08-04 10:31:07
203622,2748,OXVD8,COMPRA,325,75.9384,6.8416,2026-08-04 11:22:39,2026-08-04 11:22:42,2026-08-04 11:22:42
203623,1938,TTHO3,COMPRA,90,37.3453,11.4231,2026-08-04 16:38:24,2026-08-04 16:38:26,2026-08-04 16:38:26
203624,1697,NUJZ2,COMPRA,485,39.2047,8.8390,2026-08-04 15:47:19,2026-08-04 15:47:20,2026-08-04 15:47:20
203625,2597,LQML9,COMPRA,450,121.4608,2.4020,2026-08-04 14:52:03,2026-08-04 14:52:05,2026-08-04 14:52:05
203626,2151,IWFI1,COMPRA,280,187.9999,10.0025,2026-08-04 11:17:30,2026-08-04 11:17:31,2026-08-04 11:17:31
203627,1585,RYPL6,COMPRA,245,92.2284,4.8578,2026-08-04 16:10:52,2026-08-04 16:10:53,2026-08-04 16:10:53
203628,3338,KHGP6,COMPRA,245,107.0313,2.6854,2026-08-04 12:08:35,2026-08-04 12:08:38,2026-08-04 12:08:38
203629,1549,JDJG6,COMPRA,345,81.8355,10.3253,2026-08-04 14:13:56,2026-08-04 14:13:59,2026-08-04 14:13:59
203630,1531,RMRT1,COMPRA,400,84.8505,8.8940,2026-08-04 12:06:19,2026-08-04 12:06:19,2026-08-04 12:06:19
203631,1639,XAVL3,COMPRA,235,168.5014,10.6744,2026-08-04 11:47:27,2026-08-04 11:47:28,2026-08-04 11:47:28
203632,2833,UCHR6,COMPRA,460,493.3277,4.6183,2026-08-04 17:20:06,2026-08-04 17:20:09,2026-08-04 17:20:09
203633,3486,LGKU6,COMPRA,35,79.9294,11.3790,2026-08-04 12:20:30,2026-08-04 12:20:32,2026-08-04 12:20:32
203634,2187,XOVY4,COMPRA,433,104.9833,2.7121,2026-08-04 15:30:27,2026-08-04 15:30:27,2026-08-04 15:30:27
203635,3186,JIPA6,COMPRA,120,41.7712,10.8029,2026-08-04 15:26:56,2026-08-04 15:26:59,2026-08-04 15:26:59
203636,2602,WXQM6,VENDA,495,57.3978,7.1646,2026-08-04 12:34:25,2026-08-04 12:34:26,2026-08-04 12:34:26
203637,3159,JIPA6,COMPRA,388,35.3550,5.2411,2026-08-04 16:35:05,2026-08-04 16:35:06,2026-08-04 16:35:06
203638,2282,EEYY9,COMPRA,175,194.9315,8.1591,2026-08-04 15:32:52,2026-08-04 15:32:52,2026-08-04 15:32:52
203639,2495,ERTC4,COMPRA,395,55.4473,11.7643,2026-08-04 13:57:02,2026-08-04 13:57:05,2026-08-04 13:57:05
203640,2902,MCHX2,COMPRA,135,128.1461,2.1236,2026-08-04 12:03:09,2026-08-04 12:03:09,2026-08-04 12:03:09
203641,3046,DEGN5,COMPRA,476,97.5047,8.1327,2026-08-04 13:49:05,2026-08-04 13:49:06,2026-08-04 13:49:06
203642,2698,HCZM2,COMPRA,354,350.6829,5.8703,2026-08-04 10:01:26,2026-08-04 10:01:26,2026-08-04 10:01:26
203643,2411,NAOF3,VENDA,140,75.6638,8.6939,2026-08-04 12:53:30,2026-08-04 12:53:31,2026-08-04 12:53:31
203644,1752,JIPR4,COMPRA,440,27.1838,9.6388,2026-08-04 13:05:18,2026-08-04 13:05:20,2026-08-04 13:05:20
203645,1836,NREP8,COMPRA,415,116.2943,8.8123,2026-08-04 12:54:12,2026-08-04 12:54:12,2026-08-04 12:54:12
203646,2850,DFGR7,COMPRA,105,79.6379,8.9736,2026-08-04 16:03:27,2026-08-04 16:03:28,2026-08-04 16:03:28
203647,3349,WMQZ6,COMPRA,135,66.9618,9.6069,2026-08-04 14:20:24,2026-08-04 14:20:26,2026-08-04 14:20:26
203648,2596,YCCK8,COMPRA,16,386.7234,8.3947,2026-08-04 17:00:54,2026-08-04 17:00:54,2026-08-04 17:00:54
203649,2058,DEGN5,COMPRA,334,99.0428,6.1705,2026-08-04 14:05:47,2026-08-04 14:05:50,2026-08-04 14:05:50
203650,3235,HJRH5,COMPRA,240,120.1546,5.6157,2026-08-04 11:10:15,2026-08-04 11:10:17,2026-08-04 11:10:17
203651,1583,RFNS7,COMPRA,245,98.3883,0.1585,2026-08-04 16:45:25,2026-08-04 16:45:28,2026-08-04 16:45:28
203652,1805,UYFJ9,COMPRA,475,77.3856,7.7077,2026-08-04 12:20:54,2026-08-04 12:20:56,2026-08-04 12:20:56
203653,2202,FYZB6,COMPRA,6,66.1895,2.7700,2026-08-04 16:50:28,2026-08-04 16:50:30,2026-08-04 16:50:30
203654,2247,RHXV4,COMPRA,125,58.6825,3.0063,2026-08-04 13:01:27,2026-08-04 13:01:29,2026-08-04 13:01:29
203655,2584,YYLA4,COMPRA,156,165.7360,12.0837,2026-08-04 14:57:46,2026-08-04 14:57:48,2026-08-04 14:57:48
203656,3296,CQJZ4,COMPRA,435,89.9012,7.0691,2026-08-04 11:03:47,2026-08-04 11:03:49,2026-08-04 11:03:49
203657,1879,TBWG2,COMPRA,290,99.3348,12.3046,2026-08-04 14:20:08,2026-08-04 14:20:08,2026-08-04 14:20:08
203658,1261,FRGH8,COMPRA,450,88.2488,12.1029,2026-08-04 14:38:44,2026-08-04 14:38:45,2026-08-04 14:38:45
203659,1992,NAOF3,COMPRA,135,78.2014,2.6646,2026-08-04 16:59:28,2026-08-04 16:59:29,2026-08-04 16:59:29
203660,3060,OVYL9,COMPRA,220,91.0623,0.0903,2026-08-04 14:46:12,2026-08-04 14:46:15,2026-08-04 14:46:15
203661,2888,TXHR8,COMPRA,205,99.9801,1.4839,2026-08-04 14:23:29,2026-08-04 14:23:32,2026-08-04 14:23:32
203662,3250,EEYY9,VENDA,100,140.0091,7.0116,2026-08-04 10:57:21,2026-08-04 10:57:22,2026-08-04 10:57:22
203663,2711,NGIU9,COMPRA,216,100.6488,2.9368,2026-08-04 14:44:34,2026-08-04 14:44:37,2026-08-04 14:44:37
203664,1169,AYFQ2,COMPRA,15,13.4099,10.3247,2026-08-04 16:02:43,2026-08-04 16:02:43,2026-08-04 16:02:43
203665,2552,PSEN6,COMPRA,500,209.0511,10.3401,2026-08-04 12:18:37,2026-08-04 12:18:37,2026-08-04 12:18:37
203666,3266,WHMT3,COMPRA,500,94.7224,0.6693,2026-08-04 11:47:28,2026-08-04 11:47:29,2026-08-04 11:47:29
203667,1589,ENRZ2,COMPRA,485,118.7979,5.2798,2026-08-04 17:10:56,2026-08-04 17:10:59,2026-08-04 17:10:59
203668,2717,JUDG8,COMPRA,40,103.7383,11.7562,2026-08-04 11:08:07,2026-08-04 11:08:08,2026-08-04 11:08:08
203669,1236,NAOF3,COMPRA,335,59.6180,4.5285,2026-08-04 16:50:57,2026-08-04 16:50:57,2026-08-04 16:50:57
203670,2336,WIPB2,COMPRA,410,102.9574,1.7760,2026-08-04 10:25:55,2026-08-04 10:25:55,2026-08-04 10:25:55
203671,3249,RMRT1,COMPRA,485,98.6068,2.3950,2026-08-04 16:24:58,2026-08-04 16:24:59,2026-08-04 16:24:59
203672,2500,NPEM3,COMPRA,205,96.2531,7.3692,2026-08-04 15:06:29,2026-08-04 15:06:29,2026-08-04 15:06:29
203673,2251,XLZM9,VENDA,435,61.1940,1.7755,2026-08-04 10:37:24,2026-08-04 10:37:27,2026-08-04 10:37:27
203674,1719,RFNS7,COMPRA,178,89.8067,7.1648,2026-08-04 12:19:40,2026-08-04 12:19:43,2026-08-04 12:19:43
203675,2864,QATW7,COMPRA,75,43.8679,11.0448,2026-08-04 11:37:22,2026-08-04 11:37:25,2026-08-04 11:37:25
203676,2705,ECQD7,COMPRA,490,91.4133,10.7434,2026-08-04 10:01:29,2026-08-04 10:01:31,2026-08-04 10:01:31
203677,1617,TXHR8,COMPRA,290,71.4729,1.8537,2026-08-04 10:18:13,2026-08-04 10:18:14,2026-08-04 10:18:14
203678,2898,MCMT2,COMPRA,485,108.2627,1.0906,2026-08-04 15:27:56,2026-08-04 15:27:56,2026-08-04 15:27:56
203679,3320,ZFBT3,COMPRA,55,113.3831,2.4669,2026-08-04 13:50:23,2026-08-04 13:50:24,2026-08-04 13:50:24
203680,2952,QYBV3,COMPRA,365,79.3864,10.0655,2026-08-04 13:20:22,2026-08-04 13:20:25,2026-08-04 13:20:25
203681,2476,TTHO3,COMPRA,355,33.5209,9.0475,2026-08-04 14:22:31,2026-08-04 14:22:32,2026-08-04 14:22:32
203682,2449,UFIU3,COMPRA,310,84.8652,8.2752,2026-08-04 15:45:17,2026-08-04 15:45:19,2026-08-04 15:45:19
203683,2254,XPVA7,COMPRA,5,448.1759,1.8485,2026-08-04 17:18:48,2026-08-04 17:18:49,2026-08-04 17:18:49
203684,3422,NYGT6,COMPRA,350,118.6257,2.4734,2026-08-04 14:10:15,2026-08-04 14:10:16,2026-08-04 14:10:16
203685,2464,ACSV1,VENDA,336,85.7963,9.6431,2026-08-04 10:14:56,2026-08-04 10:14:57,2026-08-04 10:14:57
203686,1576,BOCS8,COMPRA,463,58.8107,11.0497,2026-08-04 10:03:58,2026-08-04 10:04:01,2026-08-04 10:04:01
203687,3160,GAKD5,COMPRA,235,231.2034,6.8856,2026-08-04 11:40:55,2026-08-04 11:40:55,2026-08-04 11:40:55
203688,2689,HCLJ8,COMPRA,220,94.3526,6.5189,2026-08-04 15:34:45,2026-08-04 15:34:48,2026-08-04 15:34:48
203689,1304,AAUA7,COMPRA,405,170.7429,7.7146,2026-08-04 16:09:45,2026-08-04 16:09:47,2026-08-04 16:09:47
203690,3227,TXHR8,COMPRA,360,72.0550,11.0445,2026-08-04 11:12:10,2026-08-04 11:12:10,2026-08-04 11:12:10
203691,1516,ZAAS7,COMPRA,85,419.6593,2.6502,2026-08-04 11:41:30,2026-08-04 11:41:33,2026-08-04 11:41:33
203692,1351,PSEN6,COMPRA,215,239.0271,11.5365,2026-08-04 14:00:30,2026-08-04 14:00:30,2026-08-04 14:00:30
203693,1561,RHXV4,COMPRA,275,51.6232,0.6431,2026-08-04 11:51:25,2026-08-04 11:51:27,2026-08-04 11:51:27
203694,2306,ECQD7,COMPRA,370,76.2800,4.5201,2026-08-04 11:35:35,2026-08-04 11:35:36,2026-08-04 11:35:36
203695,1217,NGIU9,COMPRA,265,128.6638,2.4274,2026-08-04 10:10:07,2026-08-04 10:10:10,2026-08-04 10:10:10
203696,1125,PZUP8,COMPRA,340,169.5940,1.5702,2026-08-04 17:00:12,2026-08-04 17:00:15,2026-08-04 17:00:15
203697,2437,BOCS8,COMPRA,260,61.1215,10.9665,2026-08-04 12:28:38,2026-08-04 12:28:39,2026-08-04 12:28:39
203698,1369,QEUC2,COMPRA,340,188.7308,0.4455,2026-08-04 12:53:25,2026-08-04 12:53:26,2026-08-04 12:53:26
203699,1609,HCLJ8,COMPRA,456,128.3820,1.6858,2026-08-04 11:35:19,2026-08-04 11:35:21,2026-08-04 11:35:21
203700,2982,JDJG6,COMPRA,35,71.9368,5.5527,2026-08-04 17:19:23,2026-08-04 17:19:26,2026-08-04 17:19:26
203701,2370,MCHX2,COMPRA,38,127.4999,9.6598,2026-08-04 14:05:05,2026-08-04 14:05:08,2026-08-04 14:05:08
203702,1747,FYZB6,COMPRA,255,60.3109,8.8747,2026-08-04 12:01:17,2026-08-04 12:01:19,2026-08-04 12:01:19
203703,1611,MGRR2,COMPRA,485,146.7510,11.6605,2026-08-04 13:01:14,2026-08-04 13:01:17,2026-08-04 13:01:17
203704,1640,QEUC2,COMPRA,143,155.9640,8.0963,2026-08-04 16:50:01,2026-08-04 16:50:02,2026-08-04 16:50:02
203705,2095,NHYK8,COMPRA,70,64.1049,5.3206,2026-08-04 16:18:10,2026-08-04 16:18:12,2026-08-04 16:18:12
203706,3218,ZHTL2,COMPRA,380,60.0654,8.8575,2026-08-04 17:13:02,2026-08-04 17:13:04,2026-08-04 17:13:04
203707,2625,NUJZ2,COMPRA,45,40.9242,9.3704,2026-08-04 10:54:06,2026-08-04 10:54:07,2026-08-04 10:54:07
203708,1625,MJDL9,COMPRA,240,29.8656,6.4731,2026-08-04 13:01:26,2026-08-04 13:01:27,2026-08-04 13:01:27
203709,2217,RHXV4,COMPRA,110,63.9477,7.4896,2026-08-04 13:17:08,2026-08-04 13:17:08,2026-08-04 13:17:08
203710,1796,NAOF3,COMPRA,222,63.1543,1.5788,2026-08-04 15:08:19,2026-08-04 15:08:21,2026-08-04 15:08:21
203711,3502,BOCS8,COMPRA,2,64.8413,4.9755,2026-08-04 17:12:43,2026-08-04 17:12:44,2026-08-04 17:12:44
203712,1696,SGBG8,COMPRA,180,72.9773,,2026-08-04 14:58:06,2026-08-04 14:58:09,2026-08-04 14:58:09
203713,1154,DHRM5,COMPRA,60,314.0208,10.6190,2026-08-04 12:33:50,2026-08-04 12:33:52,2026-08-04 12:33:52
203714,1148,ERTC4,COMPRA,261,49.5356,0.0454,2026-08-04 11:14:45,2026-08-04 11:14:47,2026-08-04 11:14:47
203715,1125,MGRR2,COMPRA,50,127.3929,8.6759,2026-08-04 16:22:17,2026-08-04 16:22:17,2026-08-04 16:22:17
203716,3412,ZYVN7,COMPRA,379,83.9997,4.4915,2026-08-04 16:57:03,2026-08-04 16:57:05,2026-08-04 16:57:05
203717,2767,ACSV1,COMPRA,170,77.1541,6.3782,2026-08-04 11:27:28,2026-08-04 11:27:30,2026-08-04 11:27:30
203718,1499,GAKD5,COMPRA,250,280.6077,3.0865,2026-08-04 15:39:59,2026-08-04 15:40:01,2026-08-04 15:40:01
203719,2140,DQSN6,COMPRA,397,123.8695,0.7382,2026-08-04 10:34:49,2026-08-04 10:34:52,2026-08-04 10:34:52
203720,1981,RFNS7,COMPRA,385,88.0103,8.1338,2026-08-04 15:43:24,2026-08-04 15:43:24,2026-08-04 15:43:24
203721,2109,RSBT4,COMPRA,197,436.2169,8.9049,2026-08-04 12:39:36,2026-08-04 12:39:36,2026-08-04 12:39:36
203722,2941,BXFJ9,COMPRA,106,166.4089,5.0367,2026-08-04 14:05:38,2026-08-04 14:05:41,2026-08-04 14:05:41
203723,1329,RYPL6,COMPRA,450,106.4750,0.0100,2026-08-04 13:24:09,2026-08-04 13:24:10,2026-08-04 13:24:10
203724,2511,NREP8,COMPRA,75,142.8677,5.8527,2026-08-04 15:16:56,2026-08-04 15:16:56,2026-08-04 15:16:56
203725,2543,JIPA6,COMPRA,50,32.7399,0.2189,2026-08-04 10:41:28,2026-08-04 10:41:31,2026-08-04 10:41:31
203726,3047,OEQA8,COMPRA,70,468.1272,8.3672,2026-08-04 16:45:35,2026-08-04 16:45:35,2026-08-04 16:45:35
203727,3139,DEGN5,COMPRA,25,82.7546,0.5809,2026-08-04 11:06:37,2026-08-04 11:06:39,2026-08-04 11:06:39
203728,1476,NREP8,COMPRA,335,130.2143,4.5285,2026-08-04 15:20:56,2026-08-04 15:20:58,2026-08-04 15:20:58
203729,2043,OVYL9,COMPRA,250,84.3770,1.9131,2026-08-04 11:48:19,2026-08-04 11:48:22,2026-08-04 11:48:22
203730,3227,GAKD5,COMPRA,220,262.2272,,2026-08-04 16:04:47,2026-08-04 16:04:49,2026-08-04 16:04:49
203731,2930,ZFBT3,COMPRA,20,110.0808,0.8637,2026-08-04 14:50:58,2026-08-04 14:50:58,2026-08-04 14:50:58
203732,1334,LGKU6,COMPRA,430,72.9733,2.0799,2026-08-04 16:05:06,2026-08-04 16:05:09,2026-08-04 16:05:09
203733,1893,LGKU6,COMPRA,235,77.9161,7.2259,2026-08-04 12:19:18,2026-08-04 12:19:20,2026-08-04 12:19:20
203734,1139,NYGT6,COMPRA,450,120.4748,10.9397,2026-08-04 14:13:50,2026-08-04 14:13:50,2026-08-04 14:13:50
203735,2931,RSBT4,COMPRA,225,464.2596,11.5167,2026-08-04 17:28:08,2026-08-04 17:28:08,2026-08-04 17:28:08
203736,2063,RDOA3,COMPRA,367,99.1152,6.7852,2026-08-04 10:25:58,2026-08-04 10:26:00,2026-08-04 10:26:00
203737,1006,NREP8,COMPRA,205,105.2627,8.1889,2026-08-04 10:49:28,2026-08-04 10:49:28,2026-08-04 10:49:28
203738,3173,BOCS8,COMPRA,295,69.7333,10.1878,2026-08-04 10:16:03,2026-08-04 10:16:06,2026-08-04 10:16:06
203739,2169,GKQC5,COMPRA,47,151.0531,10.1006,2026-08-04 13:45:46,2026-08-04 13:45:48,2026-08-04 13:45:48
203740,1843,UYFJ9,COMPRA,490,97.1757,7.3790,2026-08-04 15:34:50,2026-08-04 15:34:52,2026-08-04 15:34:52
203741,1054,PSEN6,COMPRA,490,185.5054,2.4811,2026-08-04 10:39:17,2026-08-04 10:39:17,2026-08-04 10:39:17
203742,2402,WIPB2,COMPRA,130,137.1648,0.9541,2026-08-04 15:31:25,2026-08-04 15:31:27,2026-08-04 15:31:27
203743,2665,QEUC2,COMPRA,490,181.8514,12.3326,2026-08-04 15:38:34,2026-08-04 15:38:37,2026-08-04 15:38:37
203744,3077,HCZM2,COMPRA,115,461.5744,4.1320,2026-08-04 14:06:24,2026-08-04 14:06:26,2026-08-04 14:06:26
203745,1135,YOWA1,COMPRA,305,70.6490,9.7931,2026-08-04 15:12:14,2026-08-04 15:12:14,2026-08-04 15:12:14
203746,3191,BSDJ7,COMPRA,440,239.6567,0.6570,2026-08-04 16:23:21,2026-08-04 16:23:21,2026-08-04 16:23:21
203747,3225,FIUW1,COMPRA,145,129.2821,8.9117,2026-08-04 17:25:23,2026-08-04 17:25:25,2026-08-04 17:25:25
203748,1114,NUJZ2,COMPRA,80,41.1982,6.7045,2026-08-04 10:05:05,2026-08-04 10:05:07,2026-08-04 10:05:07
203749,1650,NPEM3,COMPRA,85,95.7661,1.9731,2026-08-04 17:09:00,2026-08-04 17:09:01,2026-08-04 17:09:01
203750,1460,JDJG6,COMPRA,270,55.5871,1.5490,2026-08-04 12:14:27,2026-08-04 12:14:30,2026-08-04 12:14:30
203751,1490,YFAH5,COMPRA,492,152.2500,8.3966,2026-08-04 13:24:12,2026-08-04 13:24:15,2026-08-04 13:24:15
203752,3192,CQJZ4,COMPRA,395,66.9084,2.3656,2026-08-04 14:48:53,2026-08-04 14:48:56,2026-08-04 14:48:56
203753,1858,MCMT2,COMPRA,340,117.5827,8.2441,2026-08-04 14:59:18,2026-08-04 14:59:18,2026-08-04 14:59:18
203754,2187,SVOZ4,COMPRA,500,36.0822,0.3549,2026-08-04 10:22:43,2026-08-04 10:22:46,2026-08-04 10:22:46
203755,1834,KQEO3,COMPRA,225,70.1882,6.4036,2026-08-04 10:11:20,2026-08-04 10:11:22,2026-08-04 10:11:22
203756,1929,UYFJ9,COMPRA,375,74.6525,10.8663,2026-08-04 11:32:07,2026-08-04 11:32:07,2026-08-04 11:32:07
203757,2915,UCHR6,COMPRA,170,380.0581,12.2548,2026-08-04 15:12:07,2026-08-04 15:12:10,2026-08-04 15:12:10
203758,2970,QTDZ2,COMPRA,487,54.0590,4.4608,2026-08-04 11:19:25,2026-08-04 11:19:26,2026-08-04 11:19:26
203759,2103,YCCK8,COMPRA,140,449.1219,5.2829,2026-08-04 17:09:52,2026-08-04 17:09:52,2026-08-04 17:09:52
203760,3098,OVUQ2,COMPRA,425,55.1914,2.6566,2026-08-04 12:09:51,2026-08-04 12:09:52,2026-08-04 12:09:52
203761,1871,YFAH5,COMPRA,243,180.8834,12.6053,2026-08-04 17:05:54,2026-08-04 17:05:57,2026-08-04 17:05:57
203762,1759,AYFQ2,VENDA,177,13.5184,6.5146,2026-08-04 12:43:23,2026-08-04 12:43:25,2026-08-04 12:43:25
203763,2992,UQIQ7,COMPRA,25,81.0224,10.9317,2026-08-04 15:58:54,2026-08-04 15:58:55,2026-08-04 15:58:55
203764,1047,DGBT6,COMPRA,75,91.1156,4.3963,2026-08-04 13:51:14,2026-08-04 13:51:14,2026-08-04 13:51:14
203765,2474,TVCE9,COMPRA,197,72.3364,9.5437,2026-08-04 13:20:14,2026-08-04 13:20:17,2026-08-04 13:20:17
203766,3413,SGBG8,COMPRA,211,72.6976,4.3816,2026-08-04 13:46:40,2026-08-04 13:46:43,2026-08-04 13:46:43
203767,1503,JJVW6,COMPRA,205,111.5072,5.7756,2026-08-04 10:15:22,2026-08-04 10:15:22,2026-08-04 10:15:22
203768,2694,ERTC4,COMPRA,340,54.5750,5.6508,2026-08-04 16:28:43,2026-08-04 16:28:46,2026-08-04 16:28:46
203769,2197,LIEG8,COMPRA,95,120.6026,6.9227,2026-08-04 16:06:24,2026-08-04 16:06:26,2026-08-04 16:06:26
203770,1858,ZYVN7,COMPRA,320,77.6606,10.6588,2026-08-04 13:11:47,2026-08-04 13:11:49,2026-08-04 13:11:49
203771,2650,OVYL9,COMPRA,225,91.1925,1.7491,2026-08-04 12:28:38,2026-08-04 12:28:40,2026-08-04 12:28:40
203772,1816,WMQZ6,COMPRA,130,75.2403,1.3816,2026-08-04 14:57:17,2026-08-04 14:57:19,2026-08-04 14:57:19
203773,1397,CQIL9,COMPRA,270,45.7328,3.1903,2026-08-04 16:58:33,2026-08-04 16:58:36,2026-08-04 16:58:36
203774,1325,QEUC2,COMPRA,430,172.3675,10.5805,2026-08-04 13:26:06,2026-08-04 13:26:06,2026-08-04 13:26:06
203775,1188,UVEY5,COMPRA,155,69.8868,,2026-08-04 14:17:10,2026-08-04 14:17:11,2026-08-04 14:17:11
203776,3040,DFGR7,COMPRA,375,114.8026,7.9140,2026-08-04 16:40:02,2026-08-04 16:40:05,2026-08-04 16:40:05
203777,1871,UFIU3,COMPRA,259,68.7683,7.4730,2026-08-04 13:21:51,2026-08-04 13:21:52,2026-08-04 13:21:52
203778,2642,ECQD7,COMPRA,65,110.6702,11.9442,2026-08-04 13:39:47,2026-08-04 13:39:50,2026-08-04 13:39:50
203779,1151,AAUA7,COMPRA,350,123.5679,9.7331,2026-08-04 17:12:56,2026-08-04 17:12:56,2026-08-04 17:12:56
203780,2364,DGBT6,COMPRA,280,76.7064,3.8850,2026-08-04 14:48:39,2026-08-04 14:48:39,2026-08-04 14:48:39
203781,1391,QATW7,COMPRA,80,46.4080,5.9436,2026-08-04 11:27:35,2026-08-04 11:27:38,2026-08-04 11:27:38
203782,1171,RHXV4,COMPRA,45,49.6465,10.5332,2026-08-04 15:04:09,2026-08-04 15:04:10,2026-08-04 15:04:10
203783,3346,DEGN5,COMPRA,145,78.9259,2.2056,2026-08-04 16:03:36,2026-08-04 16:03:36,2026-08-04 16:03:36
203784,1055,FIUW1,COMPRA,120,131.1064,4.9296,2026-08-04 15:27:16,2026-08-04 15:27:18,2026-08-04 15:27:18
203785,3282,TNHT4,COMPRA,395,127.1209,7.0843,2026-08-04 13:59:28,2026-08-04 13:59:31,2026-08-04 13:59:31
203786,2168,MCMT2,COMPRA,350,114.8041,5.0622,2026-08-04 15:57:19,2026-08-04 15:57:20,2026-08-04 15:57:20
203787,3254,MOLF3,COMPRA,70,65.0139,1.8810,2026-08-04 10:44:28,2026-08-04 10:44:31,2026-08-04 10:44:31
203788,3035,SRDU1,COMPRA,70,87.6134,12.7916,2026-08-04 11:37:31,2026-08-04 11:37:32,2026-08-04 11:37:32
203789,1058,ENRZ2,COMPRA,75,84.0479,1.9421,2026-08-04 12:03:57,2026-08-04 12:03:59,2026-08-04 12:03:59
203790,2987,AAUA7,COMPRA,491,126.2128,0.7954,2026-08-04 15:22:10,2026-08-04 15:22:10,2026-08-04 15:22:10
203791,3094,LCCH9,COMPRA,140,9.1964,0.2830,2026-08-04 16:29:48,2026-08-04 16:29:49,2026-08-04 16:29:49
203792,1471,FIUW1,COMPRA,239,125.0079,0.6101,2026-08-04 13:27:11,2026-08-04 13:27:13,2026-08-04 13:27:13
203793,1991,XTVW5,COMPRA,60,91.1930,5.1049,2026-08-04 11:50:31,2026-08-04 11:50:34,2026-08-04 11:50:34
203794,1837,IZTY4,COMPRA,480,23.4788,5.7823,2026-08-04 17:25:34,2026-08-04 17:25:36,2026-08-04 17:25:36
203795,2739,VLEB3,COMPRA,85,487.2087,10.6974,2026-08-04 13:12:00,2026-08-04 13:12:00,2026-08-04 13:12:00
203796,2497,AAUA7,COMPRA,255,123.3559,2.7682,2026-08-04 10:38:57,2026-08-04 10:39:00,2026-08-04 10:39:00
203797,1846,SUZL4,COMPRA,435,122.7513,1.2613,2026-08-04 11:02:02,2026-08-04 11:02:04,2026-08-04 11:02:04
203798,3502,IPXK2,COMPRA,240,333.1566,2.2926,2026-08-04 11:10:33,2026-08-04 11:10:34,2026-08-04 11:10:34
203799,1775,ICSU4,COMPRA,395,172.6595,4.5218,2026-08-04 10:50:46,2026-08-04 10:50:47,2026-08-04 10:50:47
203800,1031,HJRH5,COMPRA,370,122.9954,3.7249,2026-08-04 12:55:39,2026-08-04 12:55:39,2026-08-04 12:55:39
203801,2160,NWGB4,VENDA,70,117.2490,1.2909,2026-08-04 13:35:30,2026-08-04 13:35:30,2026-08-04 13:35:30
203802,1998,ZFBT3,COMPRA,435,92.4687,4.2410,2026-08-04 11:16:59,2026-08-04 11:17:02,2026-08-04 11:17:02
203803,2972,ZFBT3,COMPRA,455,85.0826,4.2411,2026-08-04 11:22:21,2026-08-04 11:22:23,2026-08-04 11:22:23
203804,1236,XTVW5,COMPRA,407,119.1718,5.0392,2026-08-04 10:52:45,2026-08-04 10:52:47,2026-08-04 10:52:47
203805,2263,WXFC8,COMPRA,413,104.9748,6.5092,2026-08-04 16:19:55,2026-08-04 16:19:58,2026-08-04 16:19:58
203806,1533,RSBT4,COMPRA,440,451.7311,,2026-08-04 11:19:50,2026-08-04 11:19:50,2026-08-04 11:19:50
203807,1583,QEUC2,COMPRA,485,168.5110,11.1128,2026-08-04 14:09:48,2026-08-04 14:09:51,2026-08-04 14:09:51
203808,1191,UCHR6,COMPRA,35,404.7314,9.4412,2026-08-04 10:44:34,2026-08-04 10:44:37,2026-08-04 10:44:37
203809,2910,XPVA7,COMPRA,125,544.8615,2.5005,2026-08-04 12:12:54,2026-08-04 12:12:54,2026-08-04 12:12:54
203810,2787,UFIU3,COMPRA,362,98.8027,2.8035,2026-08-04 13:26:20,2026-08-04 13:26:21,2026-08-04 13:26:21
203811,1178,UCHR6,COMPRA,300,460.0267,2.1859,2026-08-04 14:43:29,2026-08-04 14:43:31,2026-08-04 14:43:31
203812,2219,DEGN5,COMPRA,385,87.1464,3.6964,2026-08-04 14:17:24,2026-08-04 14:17:25,2026-08-04 14:17:25
203813,2593,OXVD8,COMPRA,284,88.9035,0.8468,2026-08-04 13:24:56,2026-08-04 13:24:59,2026-08-04 13:24:59
203814,3115,FIUW1,COMPRA,20,133.1774,7.2569,2026-08-04 15:15:09,2026-08-04 15:15:09,2026-08-04 15:15:09
203815,3475,HJRH5,COMPRA,127,134.9545,3.1124,2026-08-04 15:17:09,2026-08-04 15:17:10,2026-08-04 15:17:10
203816,3200,XOVY4,COMPRA,156,96.0107,9.8628,2026-08-04 11:21:48,2026-08-04 11:21:49,2026-08-04 11:21:49
203817,1124,UVEY5,COMPRA,100,89.6947,7.2717,2026-08-04 11:06:06,2026-08-04 11:06:08,2026-08-04 11:06:08
203818,1439,NUJZ2,COMPRA,45,28.4508,4.1819,2026-08-04 15:29:27,2026-08-04 15:29:29,2026-08-04 15:29:29
203819,2620,RIET5,COMPRA,435,170.8428,1.4329,2026-08-04 11:30:03,2026-08-04 11:30:06,2026-08-04 11:30:06
203820,1489,QATW7,COMPRA,205,40.9649,3.0455,2026-08-04 15:47:04,2026-08-04 15:47:07,2026-08-04 15:47:07
203821,1849,SGBG8,COMPRA,467,84.9036,7.8926,2026-08-04 12:19:15,2026-08-04 12:19:17,2026-08-04 12:19:17
203822,3017,RSBT4,COMPRA,190,350.8562,12.0364,2026-08-04 17:11:01,2026-08-04 17:11:04,2026-08-04 17:11:04
203823,1614,MJDL9,COMPRA,185,28.2895,7.9638,2026-08-04 15:59:39,2026-08-04 15:59:40,2026-08-04 15:59:40
203824,2689,JJVW6,COMPRA,42,157.3444,7.0065,2026-08-04 10:16:41,2026-08-04 10:16:44,2026-08-04 10:16:44
203825,1529,HCLJ8,COMPRA,490,115.8486,8.2165,2026-08-04 14:59:20,2026-08-04 14:59:22,2026-08-04 14:59:22
203826,2642,QEUC2,COMPRA,445,174.6567,7.9974,2026-08-04 13:46:26,2026-08-04 13:46:26,2026-08-04 13:46:26
203827,1462,ENRZ2,COMPRA,260,116.2156,0.7824,2026-08-04 10:02:46,2026-08-04 10:02:48,2026-08-04 10:02:48
203828,2566,QEUC2,COMPRA,25,137.9947,3.1675,2026-08-04 17:29:19,2026-08-04 17:29:19,2026-08-04 17:29:19
203829,2790,JDJG6,COMPRA,350,63.8718,2.7308,2026-08-04 13:44:08,2026-08-04 13:44:08,2026-08-04 13:44:08
203830,2725,ZHTL2,COMPRA,120,76.7005,10.6057,2026-08-04 10:11:52,2026-08-04 10:11:53,2026-08-04 10:11:53
203831,1327,XAVL3,COMPRA,415,167.4015,11.7884,2026-08-04 10:02:39,2026-08-04 10:02:41,2026-08-04 10:02:41
203832,2760,KHGP6,COMPRA,80,107.2804,11.9977,2026-08-04 12:57:02,2026-08-04 12:57:03,2026-08-04 12:57:03
203833,1832,PQUT9,COMPRA,355,87.1804,1.9159,2026-08-04 11:26:10,2026-08-04 11:26:13,2026-08-04 11:26:13
203834,2679,BOCS8,COMPRA,80,56.8928,6.4572,2026-08-04 11:47:53,2026-08-04 11:47:56,2026-08-04 11:47:56
203835,1435,NAOF3,COMPRA,158,71.6491,2.5414,2026-08-04 14:24:48,2026-08-04 14:24:48,2026-08-04 14:24:48
203836,2312,JIPA6,COMPRA,458,31.2733,3.4704,2026-08-04 15:49:06,2026-08-04 15:49:06,2026-08-04 15:49:06
203837,3400,JDJG6,COMPRA,400,73.6615,11.6203,2026-08-04 13:31:18,2026-08-04 13:31:19,2026-08-04 13:31:19
203838,1697,PZUP8,COMPRA,45,121.8116,0.6539,2026-08-04 17:01:01,2026-08-04 17:01:03,2026-08-04 17:01:03
203839,2110,WMQZ6,COMPRA,200,83.5162,1.0670,2026-08-04 14:24:39,2026-08-04 14:24:39,2026-08-04 14:24:39
203840,2888,TTHO3,COMPRA,480,28.4543,0.5372,2026-08-04 11:37:52,2026-08-04 11:37:52,2026-08-04 11:37:52
203841,2466,ECQD7,COMPRA,45,95.4583,10.1253,2026-08-04 11:49:33,2026-08-04 11:49:34,2026-08-04 11:49:34
203842,1890,UFIU3,COMPRA,185,96.4628,12.8185,2026-08-04 13:16:57,2026-08-04 13:16:59,2026-08-04 13:16:59
203843,2025,IJJK3,COMPRA,485,101.5418,1.1280,2026-08-04 15:45:24,2026-08-04 15:45:27,2026-08-04 15:45:27
203844,2221,RMRT1,COMPRA,60,121.3427,9.3003,2026-08-04 12:06:15,2026-08-04 12:06:17,2026-08-04 12:06:17
203845,1381,XAVL3,COMPRA,500,208.2971,8.1533,2026-08-04 11:00:21,2026-08-04 11:00:23,2026-08-04 11:00:23
203846,1657,MCHX2,COMPRA,250,93.6971,8.1662,2026-08-04 11:09:30,2026-08-04 11:09:31,2026-08-04 11:09:31
203847,1863,KFSY2,COMPRA,410,111.1384,6.7419,2026-08-04 11:33:56,2026-08-04 11:33:59,2026-08-04 11:33:59
203848,2522,BSDJ7,COMPRA,415,276.8179,10.2308,2026-08-04 15:04:41,2026-08-04 15:04:43,2026-08-04 15:04:43
203849,1223,QATW7,COMPRA,165,53.7538,2.5491,2026-08-04 17:26:15,2026-08-04 17:26:17,2026-08-04 17:26:17
203850,1648,JUDG8,COMPRA,496,75.7247,11.9081,2026-08-04 11:53:50,2026-08-04 11:53:52,2026-08-04 11:53:52
203851,2450,WHMT3,COMPRA,85,88.3636,5.7449,2026-08-04 12:03:56,2026-08-04 12:03:59,2026-08-04 12:03:59
203852,2052,MCHX2,COMPRA,105,112.0085,10.3124,2026-08-04 14:50:48,2026-08-04 14:50:48,2026-08-04 14:50:48
203853,2383,GAKD5,COMPRA,390,222.8331,5.2306,2026-08-04 13:16:12,2026-08-04 13:16:14,2026-08-04 13:16:14
203854,2525,MCHX2,COMPRA,155,130.7861,2.0122,2026-08-04 12:26:39,2026-08-04 12:26:42,2026-08-04 12:26:42
203855,1665,UQIQ7,COMPRA,120,71.8662,1.7805,2026-08-04 17:04:11,2026-08-04 17:04:11,2026-08-04 17:04:11
203856,2639,SGBG8,COMPRA,60,75.0944,0.5727,2026-08-04 14:00:16,2026-08-04 14:00:18,2026-08-04 14:00:18
203857,3073,RSBT4,COMPRA,10,398.5992,10.1128,2026-08-04 11:17:55,2026-08-04 11:17:56,2026-08-04 11:17:56
203858,2719,WMQZ6,COMPRA,290,87.4554,8.9187,2026-08-04 13:44:00,2026-08-04 13:44:01,2026-08-04 13:44:01
203859,1612,NAOF3,COMPRA,160,70.3988,5.1311,2026-08-04 11:52:31,2026-08-04 11:52:32,2026-08-04 11:52:32
203860,3406,DMTZ8,COMPRA,25,171.5612,9.2002,2026-08-04 14:05:26,2026-08-04 14:05:28,2026-08-04 14:05:28
203861,1417,GAKD5,COMPRA,45,295.1598,4.0427,2026-08-04 14:39:48,2026-08-04 14:39:50,2026-08-04 14:39:50
203862,1897,XOVY4,COMPRA,320,103.9813,6.1373,2026-08-04 12:42:39,2026-08-04 12:42:42,2026-08-04 12:42:42
203863,2714,ZAAS7,COMPRA,245,503.3442,2.0750,2026-08-04 13:29:38,2026-08-04 13:29:41,2026-08-04 13:29:41
203864,2873,AYFQ2,COMPRA,80,13.4866,7.2884,2026-08-04 13:46:01,2026-08-04 13:46:04,2026-08-04 13:46:04
203865,3032,JDJG6,COMPRA,10,75.3013,4.7109,2026-08-04 15:30:15,2026-08-04 15:30:18,2026-08-04 15:30:18
203866,2515,ACSV1,COMPRA,409,89.8846,8.5679,2026-08-04 17:13:38,2026-08-04 17:13:39,2026-08-04 17:13:39
203867,2166,KFSY2,COMPRA,415,104.9152,4.0435,2026-08-04 11:56:41,2026-08-04 11:56:43,2026-08-04 11:56:43
203868,3224,ZAAS7,COMPRA,390,463.9555,4.7354,2026-08-04 10:13:04,2026-08-04 10:13:06,2026-08-04 10:13:06
203869,2376,XAVL3,COMPRA,319,179.0688,6.7427,2026-08-04 13:27:11,2026-08-04 13:27:12,2026-08-04 13:27:12
203870,1490,LGKU6,COMPRA,5,75.1724,5.6932,2026-08-04 14:10:02,2026-08-04 14:10:04,2026-08-04 14:10:04
203871,1887,TXHR8,COMPRA,349,64.2082,9.0056,2026-08-04 11:55:03,2026-08-04 11:55:06,2026-08-04 11:55:06
203872,1016,RMRT1,COMPRA,156,104.7557,6.0746,2026-08-04 11:53:38,2026-08-04 11:53:38,2026-08-04 11:53:38
203873,2313,NYGT6,COMPRA,350,91.6992,5.0679,2026-08-04 10:46:37,2026-08-04 10:46:37,2026-08-04 10:46:37
203874,2701,BGNM6,COMPRA,40,118.4915,10.3839,2026-08-04 14:33:17,2026-08-04 14:33:19,2026-08-04 14:33:19
203875,3046,UQJU7,COMPRA,411,76.8133,4.6071,2026-08-04 16:38:42,2026-08-04 16:38:45,2026-08-04 16:38:45
203876,2782,DEGN5,COMPRA,470,89.7280,12.1212,2026-08-04 15:58:07,2026-08-04 15:58:09,2026-08-04 15:58:09
203877,1094,IWAK1,COMPRA,195,89.1526,11.1900,2026-08-04 14:17:42,2026-08-04 14:17:44,2026-08-04 14:17:44
203878,1900,YFAH5,COMPRA,295,183.5681,9.3799,2026-08-04 12:52:47,2026-08-04 12:52:50,2026-08-04 12:52:50
203879,2969,RMRT1,COMPRA,374,92.9271,7.5085,2026-08-04 13:47:35,2026-08-04 13:47:36,2026-08-04 13:47:36
203880,3318,FRGH8,COMPRA,435,65.8873,1.4999,2026-08-04 11:14:12,2026-08-04 11:14:12,2026-08-04 11:14:12
203881,3357,MCMT2,COMPRA,495,90.0290,4.1226,2026-08-04 14:50:24,2026-08-04 14:50:25,2026-08-04 14:50:25
203882,2246,JDJG6,COMPRA,475,58.9423,5.3034,2026-08-04 14:49:26,2026-08-04 14:49:27,2026-08-04 14:49:27
203883,3004,PQUT9,COMPRA,390,93.9093,4.1629,2026-08-04 14:46:22,2026-08-04 14:46:25,2026-08-04 14:46:25
203884,1380,SGBG8,COMPRA,195,65.7022,10.1927,2026-08-04 17:21:30,2026-08-04 17:21:30,2026-08-04 17:21:30
203885,1347,YCCK8,COMPRA,160,405.1394,12.0751,2026-08-04 13:01:20,2026-08-04 13:01:21,2026-08-04 13:01:21
203886,2554,SRDU1,COMPRA,65,83.4647,12.6725,2026-08-04 14:51:23,2026-08-04 14:51:26,2026-08-04 14:51:26
203887,2390,NUJZ2,COMPRA,145,31.8325,7.1353,2026-08-04 15:32:56,2026-08-04 15:32:57,2026-08-04 15:32:57
203888,3031,MCMT2,COMPRA,461,106.9502,0.3290,2026-08-04 13:01:26,2026-08-04 13:01:27,2026-08-04 13:01:27
203889,3401,HCLJ8,COMPRA,135,83.4771,8.4886,2026-08-04 15:02:23,2026-08-04 15:02:26,2026-08-04 15:02:26
203890,3191,LIEG8,COMPRA,390,98.8531,1.5092,2026-08-04 10:51:43,2026-08-04 10:51:46,2026-08-04 10:51:46
203891,1967,TBWG2,COMPRA,220,97.0133,2.3380,2026-08-04 10:15:19,2026-08-04 10:15:20,2026-08-04 10:15:20
203892,2458,WMQZ6,COMPRA,130,85.0893,10.8374,2026-08-04 12:50:16,2026-08-04 12:50:16,2026-08-04 12:50:16
203893,2425,MJDL9,COMPRA,400,36.0390,9.6990,2026-08-04 10:41:02,2026-08-04 10:41:03,2026-08-04 10:41:03
203894,1849,TTHO3,COMPRA,195,36.4249,2.6007,2026-08-04 13:02:05,2026-08-04 13:02:05,2026-08-04 13:02:05
203895,1661,ECQD7,COMPRA,305,81.1006,6.4186,2026-08-04 12:55:41,2026-08-04 12:55:43,2026-08-04 12:55:43
203896,1083,PSEN6,COMPRA,27,195.2989,12.1053,2026-08-04 15:27:09,2026-08-04 15:27:10,2026-08-04 15:27:10
203897,2077,ZHTL2,COMPRA,180,76.9903,5.6604,2026-08-04 14:51:34,2026-08-04 14:51:35,2026-08-04 14:51:35
203898,2348,MOLF3,COMPRA,340,55.8629,4.2499,2026-08-04 13:36:30,2026-08-04 13:36:31,2026-08-04 13:36:31
203899,2700,ZFBT3,COMPRA,465,109.3675,3.1674,2026-08-04 13:52:03,2026-08-04 13:52:03,2026-08-04 13:52:03
203900,2302,NUJZ2,COMPRA,55,29.5126,10.8147,2026-08-04 15:53:27,2026-08-04 15:53:28,2026-08-04 15:53:28
203901,1393,NAOF3,COMPRA,80,48.8905,0.2048,2026-08-04 15:07:53,2026-08-04 15:07:54,2026-08-04 15:07:54
203902,1518,XTVW5,COMPRA,180,104.9061,10.0232,2026-08-04 10:08:59,2026-08-04 10:09:01,2026-08-04 10:09:01
203903,2099,HJRH5,COMPRA,260,173.8593,,2026-08-04 15:49:19,2026-08-04 15:49:21,2026-08-04 15:49:21
203904,2734,DSFC9,COMPRA,110,530.9929,6.5800,2026-08-04 11:13:17,2026-08-04 11:13:17,2026-08-04 11:13:17
203905,1753,QYBV3,COMPRA,330,66.7818,1.7352,2026-08-04 15:20:42,2026-08-04 15:20:42,2026-08-04 15:20:42
203906,1158,RDOA3,COMPRA,269,100.7464,2.0631,2026-08-04 15:44:25,2026-08-04 15:44:26,2026-08-04 15:44:26
203907,2677,EEYY9,COMPRA,350,151.0870,7.9997,2026-08-04 10:29:22,2026-08-04 10:29:25,2026-08-04 10:29:25
203908,1210,YOWA1,COMPRA,82,51.8115,4.2903,2026-08-04 13:00:27,2026-08-04 13:00:30,2026-08-04 13:00:30
203909,1944,IPXK2,COMPRA,80,367.6298,3.5299,2026-08-04 12:49:58,2026-08-04 12:50:00,2026-08-04 12:50:00
203910,1705,NAOF3,COMPRA,265,73.1191,4.9589,2026-08-04 10:10:20,2026-08-04 10:10:22,2026-08-04 10:10:22
203911,2643,FRGH8,COMPRA,220,96.4253,0.3330,2026-08-04 12:18:32,2026-08-04 12:18:35,2026-08-04 12:18:35
203912,2958,ZHTL2,COMPRA,220,56.8598,3.4522,2026-08-04 11:55:46,2026-08-04 11:55:46,2026-08-04 11:55:46
203913,1653,SVOZ4,COMPRA,495,56.1492,9.2819,2026-08-04 11:25:07,2026-08-04 11:25:09,2026-08-04 11:25:09
203914,3455,BOCS8,VENDA,365,62.7166,11.6496,2026-08-04 15:21:11,2026-08-04 15:21:11,2026-08-04 15:21:11
203915,3466,ZHTL2,COMPRA,440,71.8753,9.7627,2026-08-04 15:13:04,2026-08-04 15:13:07,2026-08-04 15:13:07
203916,2020,LQML9,COMPRA,370,172.9623,4.0489,2026-08-04 15:53:16,2026-08-04 15:53:18,2026-08-04 15:53:18
203917,2172,QTDZ2,COMPRA,325,40.3931,0.9820,2026-08-04 16:55:50,2026-08-04 16:55:52,2026-08-04 16:55:52
203918,1098,RSBT4,COMPRA,450,393.9553,10.2433,2026-08-04 15:49:43,2026-08-04 15:49:45,2026-08-04 15:49:45
203919,2357,GAKD5,COMPRA,435,341.3158,10.3474,2026-08-04 15:45:07,2026-08-04 15:45:08,2026-08-04 15:45:08
203920,2054,XPVA7,COMPRA,175,574.7898,4.0277,2026-08-04 14:02:43,2026-08-04 14:02:43,2026-08-04 14:02:43
203921,2803,DSFC9,COMPRA,195,416.7153,3.8651,2026-08-04 15:37:07,2026-08-04 15:37:09,2026-08-04 15:37:09
203922,1150,NQYT3,COMPRA,325,67.1164,7.9918,2026-08-04 12:30:59,2026-08-04 12:31:02,2026-08-04 12:31:02
203923,3285,KHGP6,COMPRA,145,84.4965,0.4892,2026-08-04 12:25:42,2026-08-04 12:25:42,2026-08-04 12:25:42
203924,1696,HCZM2,COMPRA,155,476.9899,6.3168,2026-08-04 10:32:53,2026-08-04 10:32:55,2026-08-04 10:32:55
203925,2648,FYZB6,COMPRA,490,55.0789,7.5527,2026-08-04 16:40:03,2026-08-04 16:40:05,2026-08-04 16:40:05
203926,1238,DGBT6,COMPRA,245,112.6412,5.3557,2026-08-04 14:46:25,2026-08-04 14:46:26,2026-08-04 14:46:26
203927,1437,YOWA1,COMPRA,355,60.7229,0.9809,2026-08-04 17:15:29,2026-08-04 17:15:29,2026-08-04 17:15:29
203928,1867,UCHR6,COMPRA,282,317.3065,12.3214,2026-08-04 11:37:15,2026-08-04 11:37:17,2026-08-04 11:37:17
203929,3168,RIET5,COMPRA,270,119.0254,2.5824,2026-08-04 13:12:58,2026-08-04 13:13:01,2026-08-04 13:13:01
203930,2600,UQJU7,COMPRA,212,68.1597,5.2089,2026-08-04 10:40:23,2026-08-04 10:40:25,2026-08-04 10:40:25
203931,2433,WXFC8,COMPRA,300,68.8452,0.9046,2026-08-04 15:42:04,2026-08-04 15:42:04,2026-08-04 15:42:04
203932,1512,JIPR4,COMPRA,205,29.5088,3.6926,2026-08-04 14:39:40,2026-08-04 14:39:41,2026-08-04 14:39:41
203933,1278,ZFBT3,COMPRA,370,91.2947,1.0266,2026-08-04 16:02:23,2026-08-04 16:02:25,2026-08-04 16:02:25
203934,3041,QTDZ2,COMPRA,475,62.4697,12.6078,2026-08-04 16:51:19,2026-08-04 16:51:21,2026-08-04 16:51:21
203935,1477,GAKD5,COMPRA,220,305.2789,8.9448,2026-08-04 16:18:41,2026-08-04 16:18:41,2026-08-04 16:18:41
203936,3065,NPEM3,COMPRA,330,79.5166,5.3748,2026-08-04 12:27:51,2026-08-04 12:27:52,2026-08-04 12:27:52
203937,2385,DEGN5,COMPRA,375,81.5612,10.7694,2026-08-04 15:07:57,2026-08-04 15:07:57,2026-08-04 15:07:57
203938,1913,DSFC9,VENDA,190,529.2993,0.4726,2026-08-04 13:14:06,2026-08-04 13:14:09,2026-08-04 13:14:09
203939,1613,DEGN5,COMPRA,407,89.6382,0.0921,2026-08-04 11:22:09,2026-08-04 11:22:10,2026-08-04 11:22:10
203940,3003,PQUT9,COMPRA,490,99.8284,7.1494,2026-08-04 14:44:25,2026-08-04 14:44:25,2026-08-04 14:44:25
203941,1580,WMQZ6,COMPRA,330,61.0590,8.3269,2026-08-04 16:46:26,2026-08-04 16:46:26,2026-08-04 16:46:26
203942,1946,WXQM6,COMPRA,313,55.4956,8.2078,2026-08-04 13:46:31,2026-08-04 13:46:32,2026-08-04 13:46:32
203943,3482,HCZM2,COMPRA,412,466.4164,0.1451,2026-08-04 14:42:19,2026-08-04 14:42:20,2026-08-04 14:42:20
203944,1825,PZUP8,COMPRA,115,162.7860,,2026-08-04 11:03:26,2026-08-04 11:03:29,2026-08-04 11:03:29
203945,1947,RDOA3,COMPRA,125,96.1649,5.7966,2026-08-04 16:48:30,2026-08-04 16:48:32,2026-08-04 16:48:32
203946,3171,LGKU6,COMPRA,430,75.4735,4.0166,2026-08-04 13:45:21,2026-08-04 13:45:24,2026-08-04 13:45:24
203947,1327,QHFL8,COMPRA,305,131.5721,4.0492,2026-08-04 16:03:07,2026-08-04 16:03:07,2026-08-04 16:03:07
203948,2056,RHXV4,COMPRA,390,53.3889,10.6680,2026-08-04 11:59:31,2026-08-04 11:59:32,2026-08-04 11:59:32
203949,3236,SRDU1,COMPRA,186,96.8085,11.5080,2026-08-04 10:08:53,2026-08-04 10:08:56,2026-08-04 10:08:56
203950,1410,DHRM5,COMPRA,125,250.0124,3.7855,2026-08-04 11:07:33,2026-08-04 11:07:33,2026-08-04 11:07:33
203951,1268,XTVW5,COMPRA,210,111.5645,4.7099,2026-08-04 11:59:09,2026-08-04 11:59:09,2026-08-04 11:59:09
203952,2424,OVYL9,COMPRA,380,60.0000,4.5521,2026-08-04 13:38:08,2026-08-04 13:38:09,2026-08-04 13:38:09
203953,3183,LCCH9,COMPRA,15,7.6613,3.9541,2026-08-04 11:07:48,2026-08-04 11:07:51,2026-08-04 11:07:51
203954,2275,ZAAS7,COMPRA,185,340.1759,12.5037,2026-08-04 11:46:42,2026-08-04 11:46:42,2026-08-04 11:46:42
203955,2515,NREP8,COMPRA,155,121.7407,11.6591,2026-08-04 10:27:52,2026-08-04 10:27:52,2026-08-04 10:27:52
203956,1702,JJVW6,COMPRA,175,125.6997,7.0066,2026-08-04 11:33:53,2026-08-04 11:33:55,2026-08-04 11:33:55
203957,2865,NYGT6,COMPRA,195,128.1537,9.0364,2026-08-04 11:46:43,2026-08-04 11:46:43,2026-08-04 11:46:43
203958,1244,QEUC2,COMPRA,180,139.4601,2.2482,2026-08-04 13:28:04,2026-08-04 13:28:06,2026-08-04 13:28:06
203959,1567,JDJG6,COMPRA,110,77.0002,12.3455,2026-08-04 16:43:21,2026-08-04 16:43:24,2026-08-04 16:43:24
203960,1975,KHGP6,COMPRA,485,85.3423,12.3709,2026-08-04 15:02:19,2026-08-04 15:02:20,2026-08-04 15:02:20
203961,2278,QTDZ2,COMPRA,125,42.0999,3.6871,2026-08-04 17:26:56,2026-08-04 17:26:56,2026-08-04 17:26:56
203962,2085,JJVW6,COMPRA,500,123.1530,7.5423,2026-08-04 14:42:36,2026-08-04 14:42:38,2026-08-04 14:42:38
203963,2096,NPEM3,COMPRA,207,127.8569,5.0909,2026-08-04 12:31:58,2026-08-04 12:31:59,2026-08-04 12:31:59
203964,2595,QQQS1,COMPRA,365,19.6445,7.2098,2026-08-04 12:25:51,2026-08-04 12:25:53,2026-08-04 12:25:53
203965,3496,NAOF3,COMPRA,300,80.1687,8.9944,2026-08-04 10:10:50,2026-08-04 10:10:52,2026-08-04 10:10:52
203966,2523,RYPL6,COMPRA,355,93.2428,11.1369,2026-08-04 15:25:04,2026-08-04 15:25:05,2026-08-04 15:25:05
203967,1926,LCCH9,COMPRA,90,9.7827,10.0710,2026-08-04 17:24:44,2026-08-04 17:24:45,2026-08-04 17:24:45
203968,2077,BOCS8,COMPRA,471,57.0203,5.5132,2026-08-04 15:56:55,2026-08-04 15:56:56,2026-08-04 15:56:56
203969,2363,WHMT3,COMPRA,254,119.7070,0.9748,2026-08-04 11:39:47,2026-08-04 11:39:48,2026-08-04 11:39:48
203970,1628,DQSN6,COMPRA,301,114.6881,12.4225,2026-08-04 10:23:36,2026-08-04 10:23:36,2026-08-04 10:23:36
203971,1705,ZFBT3,COMPRA,340,95.5304,9.9637,2026-08-04 16:22:42,2026-08-04 16:22:43,2026-08-04 16:22:43
203972,2657,JJVW6,COMPRA,335,153.3374,5.7850,2026-08-04 15:37:22,2026-08-04 15:37:24,2026-08-04 15:37:24
203973,1195,UVEY5,COMPRA,283,71.6194,9.9401,2026-08-04 13:41:58,2026-08-04 13:42:01,2026-08-04 13:42:01
203974,2353,DEGN5,COMPRA,365,67.9619,11.5696,2026-08-04 15:35:02,2026-08-04 15:35:05,2026-08-04 15:35:05
203975,3053,TNHT4,COMPRA,280,104.8688,10.6154,2026-08-04 14:43:17,2026-08-04 14:43:20,2026-08-04 14:43:20
203976,1164,XLZM9,COMPRA,335,59.1695,12.4481,2026-08-04 12:56:25,2026-08-04 12:56:27,2026-08-04 12:56:27
203977,2211,SGBG8,COMPRA,374,95.8299,9.7338,2026-08-04 12:56:38,2026-08-04 12:56:39,2026-08-04 12:56:39
203978,1771,TBWG2,COMPRA,299,82.3405,7.8075,2026-08-04 11:42:08,2026-08-04 11:42:11,2026-08-04 11:42:11
203979,1615,YOWA1,COMPRA,380,51.0488,6.3213,2026-08-04 13:48:51,2026-08-04 13:48:54,2026-08-04 13:48:54
203980,1144,JIPA6,COMPRA,470,28.6459,7.1231,2026-08-04 11:20:59,2026-08-04 11:21:02,2026-08-04 11:21:02
203981,3106,WXFC8,COMPRA,481,97.3054,12.5498,2026-08-04 16:19:22,2026-08-04 16:19:25,2026-08-04 16:19:25
203982,1669,ZFBT3,COMPRA,153,78.0409,6.2158,2026-08-04 17:29:15,2026-08-04 17:29:16,2026-08-04 17:29:16
203983,3349,FRGH8,COMPRA,110,94.0395,6.3175,2026-08-04 10:50:24,2026-08-04 10:50:27,2026-08-04 10:50:27
203984,1541,EEYY9,COMPRA,265,160.2065,12.0115,2026-08-04 17:05:40,2026-08-04 17:05:42,2026-08-04 17:05:42
203985,2554,SRDU1,COMPRA,320,66.9443,6.3508,2026-08-04 10:05:40,2026-08-04 10:05:41,2026-08-04 10:05:41
203986,1263,UYFJ9,COMPRA,60,95.7216,11.3723,2026-08-04 11:28:25,2026-08-04 11:28:26,2026-08-04 11:28:26
203987,3393,DQSN6,COMPRA,330,146.8811,12.0832,2026-08-04 13:01:40,2026-08-04 13:01:43,2026-08-04 13:01:43
203988,1928,TXHR8,COMPRA,185,102.9697,3.1182,2026-08-04 12:06:46,2026-08-04 12:06:49,2026-08-04 12:06:49
203989,3421,QEUC2,COMPRA,85,215.7043,10.8353,2026-08-04 15:13:18,2026-08-04 15:13:20,2026-08-04 15:13:20
203990,1189,IWAK1,COMPRA,155,100.1555,12.2274,2026-08-04 13:16:02,2026-08-04 13:16:02,2026-08-04 13:16:02
203991,2842,LIEG8,COMPRA,310,98.9021,5.7567,2026-08-04 12:05:17,2026-08-04 12:05:17,2026-08-04 12:05:17
203992,1283,QYBV3,COMPRA,395,60.0000,12.5927,2026-08-04 15:27:21,2026-08-04 15:27:24,2026-08-04 15:27:24
203993,2591,FYZB6,COMPRA,470,68.5557,2.1009,2026-08-04 10:41:28,2026-08-04 10:41:28,2026-08-04 10:41:28
203994,1786,WMQZ6,COMPRA,482,77.9276,0.3079,2026-08-04 11:58:22,2026-08-04 11:58:24,2026-08-04 11:58:24
203995,2847,QEUC2,COMPRA,140,206.0461,11.6366,2026-08-04 17:22:12,2026-08-04 17:22:13,2026-08-04 17:22:13
203996,2279,UYFJ9,COMPRA,105,115.4059,8.2237,2026-08-04 15:04:56,2026-08-04 15:04:57,2026-08-04 15:04:57
203997,2287,HCLJ8,COMPRA,200,98.8572,9.6238,2026-08-04 10:54:16,2026-08-04 10:54:16,2026-08-04 10:54:16
203998,2468,PSEN6,COMPRA,187,229.1732,8.9295,2026-08-04 13:31:38,2026-08-04 13:31:41,2026-08-04 13:31:41
203999,1068,HVEX2,COMPRA,165,142.4708,1.9845,2026-08-04 10:24:02,2026-08-04 10:24:05,2026-08-04 10:24:05
204000,2141,UVEY5,COMPRA,260,68.2094,5.5661,2026-08-04 14:16:30,2026-08-04 14:16:33,2026-08-04 14:16:33
204001,1870,ZAAS7,COMPRA,450,379.8124,8.7990,2026-08-04 17:29:52,2026-08-04 17:29:53,2026-08-04 17:29:53
204002,2889,ZAAS7,COMPRA,5,424.5908,10.0924,2026-08-04 10:11:38,2026-08-04 10:11:38,2026-08-04 10:11:38
204003,1516,KHGP6,COMPRA,65,75.2784,3.3562,2026-08-04 12:10:00,2026-08-04 12:10:02,2026-08-04 12:10:02
204004,3312,HCZM2,COMPRA,115,373.9760,1.3464,2026-08-04 15:15:03,2026-08-04 15:15:06,2026-08-04 15:15:06
204005,1767,ICSU4,COMPRA,393,130.9618,5.5624,2026-08-04 17:14:06,2026-08-04 17:14:09,2026-08-04 17:14:09
204006,1643,KFSY2,COMPRA,340,123.0281,0.3141,2026-08-04 10:54:10,2026-08-04 10:54:12,2026-08-04 10:54:12
204007,3300,HCZM2,COMPRA,280,406.7301,9.8613,2026-08-04 11:09:32,2026-08-04 11:09:34,2026-08-04 11:09:34
204008,3066,GAKD5,COMPRA,360,301.2085,10.7890,2026-08-04 14:21:06,2026-08-04 14:21:06,2026-08-04 14:21:06
204009,1736,KHGP6,VENDA,115,87.0789,4.2199,2026-08-04 10:18:04,2026-08-04 10:18:04,2026-08-04 10:18:04
204010,2315,YRWH3,COMPRA,280,239.5830,9.4487,2026-08-04 14:13:53,2026-08-04 14:13:55,2026-08-04 14:13:55
204011,1903,QTHQ1,COMPRA,255,22.9472,11.7272,2026-08-04 15:00:21,2026-08-04 15:00:23,2026-08-04 15:00:23
204012,2386,XOVY4,COMPRA,382,90.4510,0.1425,2026-08-04 12:43:16,2026-08-04 12:43:17,2026-08-04 12:43:17
204013,2584,NREP8,COMPRA,55,98.2953,1.4465,2026-08-04 12:50:54,2026-08-04 12:50:55,2026-08-04 12:50:55
204014,1468,AAWB3,COMPRA,30,155.6013,7.9819,2026-08-04 12:04:41,2026-08-04 12:04:42,2026-08-04 12:04:42
204015,3233,WMQZ6,COMPRA,395,86.8278,11.4868,2026-08-04 16:25:42,2026-08-04 16:25:42,2026-08-04 16:25:42
204016,1265,KQEO3,COMPRA,250,67.0224,10.1523,2026-08-04 12:06:36,2026-08-04 12:06:36,2026-08-04 12:06:36
204017,2258,GKQC5,COMPRA,245,104.7339,11.4556,2026-08-04 10:37:13,2026-08-04 10:37:15,2026-08-04 10:37:15
204018,1908,NUJZ2,COMPRA,255,34.0471,7.5752,2026-08-04 10:39:25,2026-08-04 10:39:25,2026-08-04 10:39:25
204019,3435,RHXV4,COMPRA,66,64.2403,2.6969,2026-08-04 10:44:10,2026-08-04 10:44:11,2026-08-04 10:44:11
204020,1570,FYZB6,COMPRA,320,56.0298,5.8795,2026-08-04 14:30:31,2026-08-04 14:30:34,2026-08-04 14:30:34
204021,3462,NREP8,COMPRA,5,113.0025,2.7557,2026-08-04 16:04:02,2026-08-04 16:04:02,2026-08-04 16:04:02
204022,2825,GULD2,COMPRA,230,122.7227,0.9596,2026-08-04 15:28:18,2026-08-04 15:28:18,2026-08-04 15:28:18
204023,1694,KHGP6,COMPRA,265,89.0988,11.9553,2026-08-04 10:43:29,2026-08-04 10:43:31,2026-08-04 10:43:31
204024,1662,VLEB3,COMPRA,400,424.7178,0.4483,2026-08-04 12:15:05,2026-08-04 12:15:07,2026-08-04 12:15:07
204025,3221,KFSY2,VENDA,185,122.2753,2.7432,2026-08-04 12:02:44,2026-08-04 12:02:45,2026-08-04 12:02:45
204026,3393,MGRR2,COMPRA,420,158.7771,8.0507,2026-08-04 13:46:40,2026-08-04 13:46:41,2026-08-04 13:46:41
204027,1581,NQYT3,COMPRA,65,74.7644,6.7358,2026-08-04 11:14:35,2026-08-04 11:14:38,2026-08-04 11:14:38
204028,3049,UVEY5,COMPRA,315,91.9860,6.2564,2026-08-04 13:46:06,2026-08-04 13:46:08,2026-08-04 13:46:08
204029,3306,NUJZ2,COMPRA,190,27.0725,5.9289,2026-08-04 12:26:09,2026-08-04 12:26:10,2026-08-04 12:26:10
204030,1901,LQML9,COMPRA,405,115.0848,7.4391,2026-08-04 14:58:38,2026-08-04 14:58:39,2026-08-04 14:58:39
204031,2912,XAVL3,COMPRA,290,146.4543,10.9720,2026-08-04 10:15:52,2026-08-04 10:15:55,2026-08-04 10:15:55
204032,3171,WMQZ6,COMPRA,445,77.8763,6.4614,2026-08-04 12:17:13,2026-08-04 12:17:15,2026-08-04 12:17:15
204033,2754,IPXK2,COMPRA,110,257.1069,6.5916,2026-08-04 15:22:15,2026-08-04 15:22:17,2026-08-04 15:22:17
204034,1850,IWAK1,COMPRA,390,93.7073,10.5630,2026-08-04 13:01:50,2026-08-04 13:01:51,2026-08-04 13:01:51
204035,3308,MOLF3,COMPRA,245,62.4079,5.3164,2026-08-04 12:46:48,2026-08-04 12:46:50,2026-08-04 12:46:50
204036,3372,UCHR6,COMPRA,45,373.6834,5.9597,2026-08-04 16:57:16,2026-08-04 16:57:17,2026-08-04 16:57:17
204037,2176,UVEY5,COMPRA,65,103.3917,7.1845,2026-08-04 11:35:46,2026-08-04 11:35:48,2026-08-04 11:35:48
204038,3410,QTHQ1,COMPRA,266,24.3586,6.3405,2026-08-04 12:16:45,2026-08-04 12:16:47,2026-08-04 12:16:47
204039,3373,ICSU4,COMPRA,308,171.7500,3.7629,2026-08-04 14:45:49,2026-08-04 14:45:50,2026-08-04 14:45:50
204040,3297,HVEX2,COMPRA,95,167.2348,1.4090,2026-08-04 10:11:28,2026-08-04 10:11:31,2026-08-04 10:11:31
204041,1427,ENRZ2,COMPRA,440,111.1953,2.2610,2026-08-04 10:04:57,2026-08-04 10:04:59,2026-08-04 10:04:59
204042,3131,WHMT3,COMPRA,150,84.7467,4.9176,2026-08-04 10:00:12,2026-08-04 10:00:13,2026-08-04 10:00:13
204043,2852,AAWB3,COMPRA,340,204.5647,3.3134,2026-08-04 14:20:43,2026-08-04 14:20:46,2026-08-04 14:20:46
204044,1214,SGBG8,COMPRA,210,70.5392,6.6889,2026-08-04 10:09:04,2026-08-04 10:09:07,2026-08-04 10:09:07
204045,2536,WXFC8,COMPRA,395,86.9352,12.5096,2026-08-04 14:54:25,2026-08-04 14:54:26,2026-08-04 14:54:26
204046,3178,BXFJ9,COMPRA,150,161.4131,7.8855,2026-08-04 13:09:04,2026-08-04 13:09:04,2026-08-04 13:09:04
204047,2573,GULD2,COMPRA,355,170.1284,3.1888,2026-08-04 11:37:03,2026-08-04 11:37:06,2026-08-04 11:37:06
204048,3140,RIET5,COMPRA,375,123.8755,9.3497,2026-08-04 16:06:39,2026-08-04 16:06:39,2026-08-04 16:06:39
204049,1790,ACSV1,COMPRA,30,88.0980,9.2637,2026-08-04 15:10:14,2026-08-04 15:10:14,2026-08-04 15:10:14
204050,1053,UYFJ9,COMPRA,180,102.7863,5.9743,2026-08-04 17:08:27,2026-08-04 17:08:29,2026-08-04 17:08:29
204051,3189,DFGR7,COMPRA,310,110.2943,2.8853,2026-08-04 16:42:40,2026-08-04 16:42:40,2026-08-04 16:42:40
204052,3047,DFGR7,COMPRA,250,81.3334,5.9579,2026-08-04 12:35:09,2026-08-04 12:35:09,2026-08-04 12:35:09
204053,1392,DMTZ8,COMPRA,405,140.7236,11.6747,2026-08-04 14:23:08,2026-08-04 14:23:09,2026-08-04 14:23:09
204054,3398,UFIU3,COMPRA,75,79.7728,0.1106,2026-08-04 13:51:22,2026-08-04 13:51:23,2026-08-04 13:51:23
204055,3474,MCHX2,COMPRA,325,102.3352,8.9087,2026-08-04 10:57:11,2026-08-04 10:57:14,2026-08-04 10:57:14
204056,3223,KFSY2,COMPRA,280,123.0224,6.6647,2026-08-04 15:27:05,2026-08-04 15:27:07,2026-08-04 15:27:07
204057,3238,DGBT6,COMPRA,430,84.9517,9.7065,2026-08-04 15:31:29,2026-08-04 15:31:32,2026-08-04 15:31:32
204058,2061,RMRT1,COMPRA,35,89.0797,0.9220,2026-08-04 12:55:28,2026-08-04 12:55:31,2026-08-04 12:55:31
204059,2094,RYPL6,COMPRA,92,74.5428,2.8444,2026-08-04 15:41:01,2026-08-04 15:41:02,2026-08-04 15:41:02
204060,3144,OEQA8,COMPRA,195,442.2003,11.9781,2026-08-04 14:25:42,2026-08-04 14:25:42,2026-08-04 14:25:42
204061,3329,BXFJ9,COMPRA,199,127.3288,12.6876,2026-08-04 14:40:41,2026-08-04 14:40:42,2026-08-04 14:40:42
204062,1331,JIPR4,COMPRA,450,30.4455,3.2590,2026-08-04 11:12:09,2026-08-04 11:12:12,2026-08-04 11:12:12
204063,1368,PQUT9,COMPRA,435,76.4285,5.7688,2026-08-04 13:37:41,2026-08-04 13:37:42,2026-08-04 13:37:42
204064,1227,SGBG8,COMPRA,35,70.7741,6.9532,2026-08-04 16:42:54,2026-08-04 16:42:57,2026-08-04 16:42:57
204065,2944,SGBG8,COMPRA,260,64.8151,3.0777,2026-08-04 17:22:38,2026-08-04 17:22:41,2026-08-04 17:22:41
204066,1631,CQIL9,COMPRA,415,35.7971,0.1062,2026-08-04 11:19:12,2026-08-04 11:19:14,2026-08-04 11:19:14
204067,1982,MCMT2,COMPRA,340,109.8231,12.4519,2026-08-04 16:46:46,2026-08-04 16:46:48,2026-08-04 16:46:48
204068,2585,BXFJ9,COMPRA,110,169.0307,1.5917,2026-08-04 10:36:30,2026-08-04 10:36:32,2026-08-04 10:36:32
204069,1751,DMTZ8,COMPRA,175,185.2112,2.4446,2026-08-04 14:34:12,2026-08-04 14:34:14,2026-08-04 14:34:14
204070,1630,UYFJ9,COMPRA,20,105.6124,10.5720,2026-08-04 13:50:42,2026-08-04 13:50:42,2026-08-04 13:50:42
204071,1977,FRGH8,COMPRA,338,68.1360,8.0825,2026-08-04 16:19:04,2026-08-04 16:19:07,2026-08-04 16:19:07
204072,2423,QHFL8,COMPRA,15,159.0386,5.1627,2026-08-04 11:20:33,2026-08-04 11:20:35,2026-08-04 11:20:35
204073,1074,XTVW5,COMPRA,495,103.6173,,2026-08-04 13:49:30,2026-08-04 13:49:30,2026-08-04 13:49:30
204074,3324,OEQA8,COMPRA,310,505.4179,2.1653,2026-08-04 16:18:41,2026-08-04 16:18:41,2026-08-04 16:18:41
204075,2870,PSEN6,COMPRA,360,146.4872,9.6109,2026-08-04 15:01:13,2026-08-04 15:01:16,2026-08-04 15:01:16
204076,1589,BGNM6,COMPRA,85,93.6384,7.5097,2026-08-04 10:18:40,2026-08-04 10:18:43,2026-08-04 10:18:43
204077,1373,NHYK8,COMPRA,60,62.9129,6.1429,2026-08-04 15:46:44,2026-08-04 15:46:46,2026-08-04 15:46:46
204078,3135,JIPA6,COMPRA,5,35.5940,3.0068,2026-08-04 15:34:59,2026-08-04 15:35:01,2026-08-04 15:35:01
204079,1922,JIPA6,COMPRA,35,42.8925,2.3810,2026-08-04 16:39:51,2026-08-04 16:39:51,2026-08-04 16:39:51
204080,3324,HVEX2,COMPRA,455,155.4966,7.2830,2026-08-04 11:30:54,2026-08-04 11:30:55,2026-08-04 11:30:55
204081,2397,FYZB6,COMPRA,322,67.4310,11.4529,2026-08-04 12:25:06,2026-08-04 12:25:09,2026-08-04 12:25:09
204082,1366,JUDG8,COMPRA,275,107.3387,8.1870,2026-08-04 12:59:09,2026-08-04 12:59:10,2026-08-04 12:59:10
204083,1946,PQUT9,COMPRA,350,100.7494,9.1674,2026-08-04 10:13:25,2026-08-04 10:13:25,2026-08-04 10:13:25
204084,3286,NYGT6,COMPRA,210,111.0543,7.7303,2026-08-04 16:19:50,2026-08-04 16:19:52,2026-08-04 16:19:52
204085,1110,FIUW1,COMPRA,175,135.3667,8.0648,2026-08-04 10:04:53,2026-08-04 10:04:53,2026-08-04 10:04:53
204086,2824,QATW7,COMPRA,365,53.7739,7.9124,2026-08-04 14:53:01,2026-08-04 14:53:03,2026-08-04 14:53:03
204087,2605,DQSN6,COMPRA,210,112.0320,10.1725,2026-08-04 13:45:56,2026-08-04 13:45:58,2026-08-04 13:45:58
204088,1720,JDJG6,COMPRA,5,82.6420,2.3802,2026-08-04 17:18:58,2026-08-04 17:18:59,2026-08-04 17:18:59
204089,1641,CQIL9,COMPRA,143,29.4224,2.9657,2026-08-04 11:00:40,2026-08-04 11:00:40,2026-08-04 11:00:40
204090,1475,AYFQ2,COMPRA,17,10.1913,2.4729,2026-08-04 14:01:58,2026-08-04 14:02:01,2026-08-04 14:02:01
204091,2193,RSBT4,COMPRA,210,432.4496,5.6898,2026-08-04 11:00:09,2026-08-04 11:00:12,2026-08-04 11:00:12
204092,1605,YRWH3,COMPRA,328,234.0265,5.7519,2026-08-04 15:49:57,2026-08-04 15:50:00,2026-08-04 15:50:00
204093,2316,XPVA7,COMPRA,195,514.9198,,2026-08-04 13:33:27,2026-08-04 13:33:29,2026-08-04 13:33:29
204094,1343,OXVD8,COMPRA,60,92.4874,7.5064,2026-08-04 12:12:54,2026-08-04 12:12:54,2026-08-04 12:12:54
204095,2104,MGRR2,COMPRA,125,105.3451,3.9089,2026-08-04 12:19:06,2026-08-04 12:19:09,2026-08-04 12:19:09
204096,2980,WXFC8,COMPRA,138,75.5153,3.3178,2026-08-04 15:27:49,2026-08-04 15:27:52,2026-08-04 15:27:52
204097,1841,ECQD7,COMPRA,195,111.5964,11.7952,2026-08-04 17:05:02,2026-08-04 17:05:02,2026-08-04 17:05:02
204098,3248,MOLF3,COMPRA,354,51.0580,4.0949,2026-08-04 16:38:22,2026-08-04 16:38:22,2026-08-04 16:38:22
204099,1260,WMQZ6,COMPRA,155,88.5499,0.5847,2026-08-04 17:24:35,2026-08-04 17:24:36,2026-08-04 17:24:36
204100,1380,NAOF3,COMPRA,400,58.0105,3.3607,2026-08-04 13:42:14,2026-08-04 13:42:14,2026-08-04 13:42:14
204101,2155,EEYY9,COMPRA,225,154.1851,2.6553,2026-08-04 10:52:17,2026-08-04 10:52:20,2026-08-04 10:52:20
204102,1632,TVCE9,COMPRA,355,58.6336,7.2448,2026-08-04 15:02:25,2026-08-04 15:02:25,2026-08-04 15:02:25
204103,2406,TVCE9,COMPRA,330,66.9917,4.8906,2026-08-04 11:31:49,2026-08-04 11:31:49,2026-08-04 11:31:49
204104,1274,TXHR8,COMPRA,410,83.1249,7.1036,2026-08-04 12:56:20,2026-08-04 12:56:22,2026-08-04 12:56:22
204105,3369,ZFBT3,COMPRA,405,92.1381,9.2537,2026-08-04 13:41:08,2026-08-04 13:41:09,2026-08-04 13:41:09
204106,2883,GAKD5,COMPRA,95,242.5313,11.2368,2026-08-04 10:01:03,2026-08-04 10:01:03,2026-08-04 10:01:03
204107,3471,WIPB2,COMPRA,5,127.4926,1.1620,2026-08-04 12:55:27,2026-08-04 12:55:30,2026-08-04 12:55:30
204108,2365,NWGB4,COMPRA,470,119.4722,1.0385,2026-08-04 12:01:09,2026-08-04 12:01:11,2026-08-04 12:01:11
204109,1557,UQIQ7,COMPRA,456,63.1932,7.9002,2026-08-04 15:14:24,2026-08-04 15:14:24,2026-08-04 15:14:24
204110,1253,AYFQ2,COMPRA,185,13.0871,7.2787,2026-08-04 17:23:59,2026-08-04 17:24:02,2026-08-04 17:24:02
204111,1106,JUDG8,COMPRA,350,95.4916,4.7222,2026-08-04 16:50:01,2026-08-04 16:50:01,2026-08-04 16:50:01
204112,2220,VLEB3,COMPRA,22,494.2989,2.3916,2026-08-04 13:22:49,2026-08-04 13:22:51,2026-08-04 13:22:51
204113,2014,TXHR8,COMPRA,355,80.9772,2.1225,2026-08-04 10:48:57,2026-08-04 10:49:00,2026-08-04 10:49:00
204114,3118,JIPR4,COMPRA,215,26.2377,2.9501,2026-08-04 11:13:03,2026-08-04 11:13:05,2026-08-04 11:13:05
204115,1971,TBWG2,COMPRA,230,92.5953,5.4055,2026-08-04 13:03:36,2026-08-04 13:03:37,2026-08-04 13:03:37
204116,1747,XLZM9,COMPRA,25,46.9297,8.6617,2026-08-04 14:26:10,2026-08-04 14:26:11,2026-08-04 14:26:11
204117,1007,NGIU9,COMPRA,450,123.7113,9.8448,2026-08-04 16:29:08,2026-08-04 16:29:08,2026-08-04 16:29:08
204118,3028,YCCK8,COMPRA,35,329.6863,0.8673,2026-08-04 15:54:56,2026-08-04 15:54:57,2026-08-04 15:54:57
204119,1689,EEYY9,VENDA,420,147.2340,11.5503,2026-08-04 12:44:54,2026-08-04 12:44:55,2026-08-04 12:44:55
204120,3400,WMQZ6,COMPRA,295,67.1884,5.6329,2026-08-04 14:17:30,2026-08-04 14:17:33,2026-08-04 14:17:33
204121,1462,GFDF2,COMPRA,177,110.5234,0.1691,2026-08-04 17:24:45,2026-08-04 17:24:45,2026-08-04 17:24:45
204122,2380,QTDZ2,COMPRA,5,52.5752,3.9022,2026-08-04 13:03:11,2026-08-04 13:03:11,2026-08-04 13:03:11
204123,1490,QYBV3,COMPRA,80,71.8811,1.0374,2026-08-04 15:13:41,2026-08-04 15:13:43,2026-08-04 15:13:43
204124,2064,HCLJ8,COMPRA,300,104.3205,9.5463,2026-08-04 15:28:16,2026-08-04 15:28:18,2026-08-04 15:28:18
204125,1455,XPVA7,COMPRA,240,492.6558,11.4003,2026-08-04 10:20:02,2026-08-04 10:20:03,2026-08-04 10:20:03
204126,1176,DGBT6,COMPRA,470,94.2534,8.9048,2026-08-04 11:27:16,2026-08-04 11:27:17,2026-08-04 11:27:17
204127,2167,NHYK8,COMPRA,365,56.2162,6.7527,2026-08-04 11:23:25,2026-08-04 11:23:28,2026-08-04 11:23:28
204128,2104,GFDF2,COMPRA,330,77.9318,7.3964,2026-08-04 15:42:55,2026-08-04 15:42:57,2026-08-04 15:42:57
204129,2689,TTHO3,COMPRA,315,29.7335,6.1433,2026-08-04 10:47:23,2026-08-04 10:47:24,2026-08-04 10:47:24
204130,1725,CQIL9,COMPRA,300,29.3872,6.2299,2026-08-04 12:09:52,2026-08-04 12:09:54,2026-08-04 12:09:54
204131,2331,RYPL6,COMPRA,310,90.4409,0.8483,2026-08-04 10:54:44,2026-08-04 10:54:47,2026-08-04 10:54:47
204132,2978,MJDL9,COMPRA,400,33.0378,12.1329,2026-08-04 13:51:42,2026-08-04 13:51:44,2026-08-04 13:51:44
204133,3352,PBZM6,COMPRA,347,57.1045,12.8860,2026-08-04 16:40:56,2026-08-04 16:40:57,2026-08-04 16:40:57
204134,2677,QATW7,COMPRA,180,60.3020,4.7955,2026-08-04 13:33:14,2026-08-04 13:33:14,2026-08-04 13:33:14
204135,2035,RYPL6,COMPRA,395,80.0038,0.4990,2026-08-04 11:15:14,2026-08-04 11:15:14,2026-08-04 11:15:14
204136,3370,TTHO3,COMPRA,90,35.9268,6.7954,2026-08-04 16:38:25,2026-08-04 16:38:25,2026-08-04 16:38:25
204137,1544,HVEX2,COMPRA,312,114.1191,11.2855,2026-08-04 14:08:58,2026-08-04 14:09:01,2026-08-04 14:09:01
204138,1753,NAOF3,COMPRA,100,67.6799,11.3654,2026-08-04 13:22:13,2026-08-04 13:22:16,2026-08-04 13:22:16
204139,1914,JIPR4,COMPRA,265,34.1577,5.3842,2026-08-04 15:20:06,2026-08-04 15:20:09,2026-08-04 15:20:09
204140,1744,DQSN6,COMPRA,45,111.4562,0.9040,2026-08-04 12:20:16,2026-08-04 12:20:17,2026-08-04 12:20:17
204141,2187,KHGP6,COMPRA,215,77.9703,11.0008,2026-08-04 16:09:34,2026-08-04 16:09:37,2026-08-04 16:09:37
204142,2811,ACSV1,COMPRA,500,122.0237,8.5943,2026-08-04 11:35:37,2026-08-04 11:35:39,2026-08-04 11:35:39
204143,3113,UQJU7,COMPRA,480,90.2606,2.1139,2026-08-04 10:36:36,2026-08-04 10:36:37,2026-08-04 10:36:37
204144,2674,OVYL9,COMPRA,430,72.7264,12.1758,2026-08-04 11:07:50,2026-08-04 11:07:50,2026-08-04 11:07:50
204145,2612,YYLA4,COMPRA,140,177.4172,12.5657,2026-08-04 16:30:35,2026-08-04 16:30:38,2026-08-04 16:30:38
204146,2120,NREP8,COMPRA,90,139.0372,2.4691,2026-08-04 12:16:39,2026-08-04 12:16:42,2026-08-04 12:16:42
204147,2520,BSDJ7,COMPRA,130,205.5356,6.3257,2026-08-04 16:04:40,2026-08-04 16:04:41,2026-08-04 16:04:41
204148,2695,XTVW5,COMPRA,225,115.2030,1.1028,2026-08-04 12:33:39,2026-08-04 12:33:39,2026-08-04 12:33:39
204149,1585,GULD2,COMPRA,350,160.2370,7.7962,2026-08-04 11:06:27,2026-08-04 11:06:29,2026-08-04 11:06:29
204150,1174,RDOA3,COMPRA,340,88.1724,11.9060,2026-08-04 17:29:12,2026-08-04 17:29:13,2026-08-04 17:29:13
204151,2893,UVEY5,COMPRA,50,88.8640,9.5075,2026-08-04 14:36:47,2026-08-04 14:36:49,2026-08-04 14:36:49
204152,3372,ZAAS7,COMPRA,405,505.0327,2.6501,2026-08-04 10:15:31,2026-08-04 10:15:31,2026-08-04 10:15:31
204153,1945,BGNM6,COMPRA,385,103.9749,3.9463,2026-08-04 12:43:35,2026-08-04 12:43:38,2026-08-04 12:43:38
204154,1514,UFIU3,COMPRA,270,96.8920,3.7102,2026-08-04 12:30:29,2026-08-04 12:30:30,2026-08-04 12:30:30
204155,1114,XTVW5,VENDA,265,106.3575,3.8241,2026-08-04 10:50:16,2026-08-04 10:50:16,2026-08-04 10:50:16
204156,3295,MCHX2,COMPRA,250,140.2432,2.3013,2026-08-04 15:36:23,2026-08-04 15:36:25,2026-08-04 15:36:25
204157,2435,BGNM6,COMPRA,150,124.9503,1.5262,2026-08-04 14:28:26,2026-08-04 14:28:27,2026-08-04 14:28:27
204158,1024,DGBT6,COMPRA,35,84.6242,5.1197,2026-08-04 17:29:04,2026-08-04 17:29:05,2026-08-04 17:29:05
204159,3007,QHFL8,COMPRA,375,177.5546,2.8701,2026-08-04 16:46:41,2026-08-04 16:46:43,2026-08-04 16:46:43
204160,3368,PZUP8,COMPRA,49,128.7525,1.2616,2026-08-04 13:09:46,2026-08-04 13:09:49,2026-08-04 13:09:49
204161,2540,XTVW5,COMPRA,440,103.2193,8.5690,2026-08-04 15:17:25,2026-08-04 15:17:26,2026-08-04 15:17:26
204162,2253,WXFC8,COMPRA,365,94.7538,2.1373,2026-08-04 15:48:28,2026-08-04 15:48:31,2026-08-04 15:48:31
204163,3331,TXHR8,COMPRA,300,91.6999,6.7871,2026-08-04 14:41:11,2026-08-04 14:41:12,2026-08-04 14:41:12
204164,1889,FIUW1,COMPRA,395,112.2130,3.6563,2026-08-04 14:24:31,2026-08-04 14:24:32,2026-08-04 14:24:32
204165,3212,DFGR7,COMPRA,330,81.4931,10.3566,2026-08-04 11:35:22,2026-08-04 11:35:22,2026-08-04 11:35:22
204166,2336,QATW7,COMPRA,195,53.5620,7.0677,2026-08-04 11:10:40,2026-08-04 11:10:43,2026-08-04 11:10:43
204167,3201,LIEG8,COMPRA,65,118.4026,11.1788,2026-08-04 11:46:11,2026-08-04 11:46:12,2026-08-04 11:46:12
204168,3078,FRGH8,COMPRA,393,81.7764,5.8027,2026-08-04 14:02:48,2026-08-04 14:02:51,2026-08-04 14:02:51
204169,1980,RIET5,COMPRA,395,130.3656,8.1318,2026-08-04 12:14:22,2026-08-04 12:14:25,2026-08-04 12:14:25
204170,2357,TVCE9,COMPRA,160,62.8041,10.3751,2026-08-04 16:36:24,2026-08-04 16:36:25,2026-08-04 16:36:25
204171,1264,PQUT9,COMPRA,10,68.4378,,2026-08-04 16:08:25,2026-08-04 16:08:26,2026-08-04 16:08:26
204172,2944,ZHTL2,COMPRA,440,73.4219,1.8952,2026-08-04 17:01:09,2026-08-04 17:01:12,2026-08-04 17:01:12
204173,2088,BOCS8,COMPRA,365,63.0527,2.0851,2026-08-04 15:56:56,2026-08-04 15:56:56,2026-08-04 15:56:56
204174,1544,AAWB3,COMPRA,115,191.4452,1.3476,2026-08-04 11:28:47,2026-08-04 11:28:50,2026-08-04 11:28:50
204175,2728,ZFBT3,COMPRA,5,101.1072,12.7068,2026-08-04 14:03:02,2026-08-04 14:03:03,2026-08-04 14:03:03
204176,1766,LGKU6,COMPRA,290,74.6268,10.0807,2026-08-04 13:02:20,2026-08-04 13:02:20,2026-08-04 13:02:20
204177,1315,BGNM6,COMPRA,242,93.2382,3.0094,2026-08-04 17:04:32,2026-08-04 17:04:33,2026-08-04 17:04:33
204178,2935,NAOF3,COMPRA,435,73.4180,11.3503,2026-08-04 15:43:37,2026-08-04 15:43:37,2026-08-04 15:43:37
204179,3054,LIEG8,COMPRA,275,84.2707,5.6396,2026-08-04 12:35:06,2026-08-04 12:35:09,2026-08-04 12:35:09
204180,2169,NPEM3,VENDA,410,125.8587,4.9738,2026-08-04 10:21:36,2026-08-04 10:21:38,2026-08-04 10:21:38
204181,3404,GAKD5,COMPRA,3,311.8825,0.1647,2026-08-04 11:17:30,2026-08-04 11:17:31,2026-08-04 11:17:31
204182,2772,XLZM9,COMPRA,90,50.5375,7.3425,2026-08-04 10:38:19,2026-08-04 10:38:20,2026-08-04 10:38:20
204183,3263,SGBG8,COMPRA,285,102.6331,4.5904,2026-08-04 10:57:59,2026-08-04 10:58:01,2026-08-04 10:58:01
204184,3034,TXHR8,COMPRA,365,87.4250,2.7719,2026-08-04 15:04:16,2026-08-04 15:04:17,2026-08-04 15:04:17
204185,1826,NREP8,COMPRA,325,155.2059,7.4954,2026-08-04 10:03:37,2026-08-04 10:03:39,2026-08-04 10:03:39
204186,2787,DMTZ8,COMPRA,165,174.8280,10.1717,2026-08-04 16:07:36,2026-08-04 16:07:36,2026-08-04 16:07:36
204187,1066,NAOF3,COMPRA,165,54.3450,9.3309,2026-08-04 15:32:44,2026-08-04 15:32:46,2026-08-04 15:32:46
204188,1194,UYFJ9,COMPRA,135,73.2314,6.3809,2026-08-04 12:23:14,2026-08-04 12:23:15,2026-08-04 12:23:15
204189,2972,IZTY4,COMPRA,345,25.4054,8.6083,2026-08-04 13:06:33,2026-08-04 13:06:33,2026-08-04 13:06:33
204190,3073,KHGP6,VENDA,120,116.5369,4.1550,2026-08-04 11:47:30,2026-08-04 11:47:31,2026-08-04 11:47:31
204191,2308,SVOZ4,COMPRA,465,48.1839,1.6535,2026-08-04 12:00:54,2026-08-04 12:00:54,2026-08-04 12:00:54
204192,3300,KFSY2,COMPRA,100,137.2204,4.7403,2026-08-04 15:20:41,2026-08-04 15:20:44,2026-08-04 15:20:44
204193,2782,NWGB4,COMPRA,345,158.6274,4.6144,2026-08-04 14:49:17,2026-08-04 14:49:17,2026-08-04 14:49:17
204194,2762,GFDF2,COMPRA,170,76.5753,,2026-08-04 15:55:12,2026-08-04 15:55:13,2026-08-04 15:55:13
204195,3270,YFAH5,COMPRA,390,129.2995,0.6847,2026-08-04 17:07:33,2026-08-04 17:07:36,2026-08-04 17:07:36
204196,1405,NGIU9,COMPRA,335,131.7023,11.0853,2026-08-04 13:03:51,2026-08-04 13:03:52,2026-08-04 13:03:52
204197,2992,ERTC4,COMPRA,70,54.3438,12.4566,2026-08-04 15:34:34,2026-08-04 15:34:34,2026-08-04 15:34:34
204198,2797,UVEY5,COMPRA,10,87.8568,0.0966,2026-08-04 10:59:10,2026-08-04 10:59:12,2026-08-04 10:59:12
204199,2765,DHRM5,COMPRA,160,248.1251,10.5572,2026-08-04 16:22:32,2026-08-04 16:22:32,2026-08-04 16:22:32
204200,1411,AYFQ2,COMPRA,103,12.7837,12.7251,2026-08-04 14:23:50,2026-08-04 14:23:53,2026-08-04 14:23:53
204201,2226,UFIU3,COMPRA,250,81.7594,3.7408,2026-08-04 13:06:40,2026-08-04 13:06:41,2026-08-04 13:06:41
204202,1041,QHFL8,COMPRA,50,162.0958,10.4221,2026-08-04 10:01:54,2026-08-04 10:01:55,2026-08-04 10:01:55
204203,2708,HCZM2,COMPRA,200,486.7120,4.7548,2026-08-04 12:17:09,2026-08-04 12:17:10,2026-08-04 12:17:10
204204,1944,NQYT3,COMPRA,94,76.3421,0.7543,2026-08-04 10:30:20,2026-08-04 10:30:21,2026-08-04 10:30:21
204205,2817,QYBV3,COMPRA,215,85.6554,12.5323,2026-08-04 14:13:47,2026-08-04 14:13:48,2026-08-04 14:13:48
204206,2173,LIEG8,COMPRA,355,109.3014,1.5751,2026-08-04 11:20:56,2026-08-04 11:20:57,2026-08-04 11:20:57
204207,3150,GAKD5,COMPRA,40,251.2893,9.5388,2026-08-04 11:10:26,2026-08-04 11:10:29,2026-08-04 11:10:29
204208,1074,PBZM6,COMPRA,90,73.7309,6.2351,2026-08-04 16:44:52,2026-08-04 16:44:53,2026-08-04 16:44:53
204209,1443,CQJZ4,COMPRA,90,86.4686,,2026-08-04 13:38:41,2026-08-04 13:38:41,2026-08-04 13:38:41
204210,1896,YFAH5,COMPRA,30,197.6444,8.4816,2026-08-04 16:24:18,2026-08-04 16:24:21,2026-08-04 16:24:21
204211,1671,OVYL9,COMPRA,222,88.3005,1.8102,2026-08-04 12:36:23,2026-08-04 12:36:23,2026-08-04 12:36:23
204212,2641,GULD2,COMPRA,205,109.7304,3.7638,2026-08-04 13:42:53,2026-08-04 13:42:55,2026-08-04 13:42:55
204213,1787,KFSY2,COMPRA,170,106.9543,12.0914,2026-08-04 15:45:02,2026-08-04 15:45:05,2026-08-04 15:45:05
204214,1201,HVEX2,COMPRA,128,155.7350,12.4753,2026-08-04 14:20:04,2026-08-04 14:20:05,2026-08-04 14:20:05
204215,1098,MJDL9,COMPRA,15,35.9410,2.8924,2026-08-04 14:22:38,2026-08-04 14:22:41,2026-08-04 14:22:41
204216,2758,HVEX2,COMPRA,170,143.1025,8.4478,2026-08-04 15:28:18,2026-08-04 15:28:19,2026-08-04 15:28:19
204217,3496,DSFC9,COMPRA,180,429.4413,12.3235,2026-08-04 13:07:26,2026-08-04 13:07:26,2026-08-04 13:07:26
204218,3080,FIUW1,COMPRA,440,92.9579,6.9494,2026-08-04 17:00:26,2026-08-04 17:00:28,2026-08-04 17:00:28
204219,3270,RFNS7,COMPRA,380,86.3371,5.7425,2026-08-04 10:45:36,2026-08-04 10:45:36,2026-08-04 10:45:36
204220,1393,UVEY5,COMPRA,185,92.5210,2.5047,2026-08-04 13:01:25,2026-08-04 13:01:26,2026-08-04 13:01:26
204221,3151,WMQZ6,COMPRA,270,65.4160,6.7198,2026-08-04 16:19:15,2026-08-04 16:19:17,2026-08-04 16:19:17
204222,2414,HVEX2,COMPRA,345,155.2104,7.0669,2026-08-04 13:42:17,2026-08-04 13:42:19,2026-08-04 13:42:19
204223,1866,DMTZ8,COMPRA,125,161.5971,2.2511,2026-08-04 16:37:28,2026-08-04 16:37:31,2026-08-04 16:37:31
204224,1818,PZUP8,COMPRA,375,169.0418,5.9854,2026-08-04 15:29:49,2026-08-04 15:29:49,2026-08-04 15:29:49
204225,1913,QTDZ2,COMPRA,365,54.5089,8.3059,2026-08-04 12:54:45,2026-08-04 12:54:45,2026-08-04 12:54:45
204226,2756,IZTY4,VENDA,190,29.2253,2.1292,2026-08-04 14:40:50,2026-08-04 14:40:50,2026-08-04 14:40:50
204227,2087,JDJG6,COMPRA,180,65.3143,7.9344,2026-08-04 11:58:10,2026-08-04 11:58:10,2026-08-04 11:58:10
204228,3174,CQJZ4,COMPRA,220,69.3027,11.1823,2026-08-04 12:14:39,2026-08-04 12:14:42,2026-08-04 12:14:42
204229,1363,MJDL9,COMPRA,335,40.8007,1.5145,2026-08-04 17:27:34,2026-08-04 17:27:35,2026-08-04 17:27:35
204230,1203,OEQA8,COMPRA,370,428.4799,11.9781,2026-08-04 13:27:40,2026-08-04 13:27:42,2026-08-04 13:27:42
204231,3078,FYZB6,COMPRA,385,80.7399,11.8663,2026-08-04 15:31:26,2026-08-04 15:31:28,2026-08-04 15:31:28
204232,2967,YFAH5,COMPRA,300,182.5923,6.8259,2026-08-04 16:39:47,2026-08-04 16:39:49,2026-08-04 16:39:49
204233,1423,FRGH8,COMPRA,305,66.8932,2.9903,2026-08-04 11:20:22,2026-08-04 11:20:24,2026-08-04 11:20:24
204234,1421,QATW7,COMPRA,155,43.8395,2.8216,2026-08-04 11:39:37,2026-08-04 11:39:40,2026-08-04 11:39:40
204235,1327,DGBT6,COMPRA,455,88.7726,4.3593,2026-08-04 12:41:04,2026-08-04 12:41:07,2026-08-04 12:41:07
204236,2144,YOWA1,COMPRA,265,63.4965,8.2180,2026-08-04 13:57:47,2026-08-04 13:57:49,2026-08-04 13:57:49
204237,2062,UYFJ9,COMPRA,340,80.8189,7.3898,2026-08-04 11:59:02,2026-08-04 11:59:05,2026-08-04 11:59:05
204238,3454,LQML9,COMPRA,20,139.9002,8.2670,2026-08-04 11:15:22,2026-08-04 11:15:24,2026-08-04 11:15:24
204239,2261,FRGH8,COMPRA,200,77.3577,4.5950,2026-08-04 11:41:29,2026-08-04 11:41:30,2026-08-04 11:41:30
204240,2588,UFIU3,COMPRA,240,95.8069,2.1166,2026-08-04 13:30:37,2026-08-04 13:30:37,2026-08-04 13:30:37
204241,3328,TNHT4,COMPRA,450,142.8797,3.3375,2026-08-04 13:35:15,2026-08-04 13:35:16,2026-08-04 13:35:16
204242,3078,QHFL8,COMPRA,190,180.9801,11.0929,2026-08-04 13:46:09,2026-08-04 13:46:11,2026-08-04 13:46:11
204243,1284,PQUT9,COMPRA,180,96.5420,7.0203,2026-08-04 11:05:27,2026-08-04 11:05:30,2026-08-04 11:05:30
204244,2885,YYLA4,COMPRA,5,175.6087,5.4197,2026-08-04 15:54:08,2026-08-04 15:54:10,2026-08-04 15:54:10
204245,1978,QATW7,COMPRA,475,45.7779,3.9306,2026-08-04 11:48:58,2026-08-04 11:48:59,2026-08-04 11:48:59
204246,1244,XAVL3,COMPRA,490,151.5199,3.0318,2026-08-04 14:57:06,2026-08-04 14:57:08,2026-08-04 14:57:08
204247,3305,GAKD5,COMPRA,110,281.0365,6.4422,2026-08-04 10:56:37,2026-08-04 10:56:39,2026-08-04 10:56:39
204248,2382,LIEG8,COMPRA,333,118.7577,2.3133,2026-08-04 11:09:22,2026-08-04 11:09:23,2026-08-04 11:09:23
204249,2454,PBZM6,COMPRA,205,66.2584,5.6459,2026-08-04 17:12:13,2026-08-04 17:12:15,2026-08-04 17:12:15
204250,2058,QYBV3,COMPRA,140,69.1403,8.0995,2026-08-04 11:35:47,2026-08-04 11:35:48,2026-08-04 11:35:48
204251,2415,LGKU6,COMPRA,405,93.5712,3.6177,2026-08-04 14:35:12,2026-08-04 14:35:15,2026-08-04 14:35:15
204252,2596,MCMT2,COMPRA,340,118.8580,0.8086,2026-08-04 12:36:01,2026-08-04 12:36:02,2026-08-04 12:36:02
204253,3317,JIPA6,COMPRA,194,32.4722,2.5865,2026-08-04 13:12:27,2026-08-04 13:12:29,2026-08-04 13:12:29
204254,3438,MJDL9,COMPRA,245,34.7175,2.2649,2026-08-04 12:55:55,2026-08-04 12:55:55,2026-08-04 12:55:55
204255,3096,KQEO3,COMPRA,250,73.5206,3.8742,2026-08-04 17:07:53,2026-08-04 17:07:53,2026-08-04 17:07:53
204256,2070,UYFJ9,COMPRA,345,85.5613,1.7545,2026-08-04 10:20:09,2026-08-04 10:20:09,2026-08-04 10:20:09
204257,1752,OVYL9,COMPRA,144,60.0000,2.0668,2026-08-04 11:34:54,2026-08-04 11:34:57,2026-08-04 11:34:57
204258,2814,JIPA6,COMPRA,190,34.2253,7.6198,2026-08-04 10:41:01,2026-08-04 10:41:02,2026-08-04 10:41:02
204259,3410,LGKU6,COMPRA,85,94.0734,1.6260,2026-08-04 12:17:49,2026-08-04 12:17:49,2026-08-04 12:17:49
204260,3457,DMTZ8,COMPRA,400,173.6562,2.9141,2026-08-04 13:05:08,2026-08-04 13:05:10,2026-08-04 13:05:10
204261,2510,CQIL9,COMPRA,400,37.1798,9.7493,2026-08-04 13:09:53,2026-08-04 13:09:55,2026-08-04 13:09:55
204262,1723,BXFJ9,COMPRA,25,154.8690,0.4033,2026-08-04 17:03:30,2026-08-04 17:03:31,2026-08-04 17:03:31
204263,3027,NAOF3,COMPRA,383,59.2195,6.9625,2026-08-04 13:59:30,2026-08-04 13:59:30,2026-08-04 13:59:30
204264,1734,MJDL9,COMPRA,468,28.0925,0.7955,2026-08-04 14:14:36,2026-08-04 14:14:36,2026-08-04 14:14:36
204265,2740,MJDL9,COMPRA,290,41.7810,9.3154,2026-08-04 16:13:10,2026-08-04 16:13:10,2026-08-04 16:13:10
204266,3373,IZTY4,COMPRA,160,24.7717,7.6612,2026-08-04 16:07:27,2026-08-04 16:07:28,2026-08-04 16:07:28
204267,1401,NREP8,COMPRA,60,95.8043,7.2157,2026-08-04 17:06:31,2026-08-04 17:06:31,2026-08-04 17:06:31
204268,2645,RIET5,COMPRA,230,163.5567,4.3809,2026-08-04 13:36:57,2026-08-04 13:36:58,2026-08-04 13:36:58
204269,2035,WXQM6,COMPRA,25,59.7988,8.8714,2026-08-04 16:46:55,2026-08-04 16:46:55,2026-08-04 16:46:55
204270,3073,JIPA6,COMPRA,150,40.1344,5.3896,2026-08-04 12:10:46,2026-08-04 12:10:49,2026-08-04 12:10:49
204271,2381,FYZB6,COMPRA,5,73.3956,4.5395,2026-08-04 10:43:21,2026-08-04 10:43:23,2026-08-04 10:43:23
204272,2065,IWAK1,COMPRA,430,67.9971,7.0746,2026-08-04 14:13:24,2026-08-04 14:13:26,2026-08-04 14:13:26
204273,2919,SGBG8,COMPRA,495,81.8481,12.4580,2026-08-04 15:14:00,2026-08-04 15:14:00,2026-08-04 15:14:00
204274,3075,AYFQ2,COMPRA,115,13.7275,4.6501,2026-08-04 17:03:59,2026-08-04 17:04:01,2026-08-04 17:04:01
204275,2803,QEUC2,COMPRA,394,211.6616,8.7101,2026-08-04 11:47:23,2026-08-04 11:47:25,2026-08-04 11:47:25
204276,2218,QTHQ1,COMPRA,20,21.2441,0.3714,2026-08-04 16:23:29,2026-08-04 16:23:29,2026-08-04 16:23:29
204277,1442,SUZL4,COMPRA,185,167.6957,2.6624,2026-08-04 16:11:44,2026-08-04 16:11:47,2026-08-04 16:11:47
204278,1159,AAWB3,COMPRA,145,176.9570,6.8171,2026-08-04 16:49:40,2026-08-04 16:49:42,2026-08-04 16:49:42
204279,1846,NREP8,COMPRA,365,140.1569,7.5018,2026-08-04 10:49:41,2026-08-04 10:49:42,2026-08-04 10:49:42
204280,2643,CQJZ4,COMPRA,190,79.1318,12.3480,2026-08-04 13:04:43,2026-08-04 13:04:44,2026-08-04 13:04:44
204281,2390,CQJZ4,COMPRA,245,72.5181,12.4755,2026-08-04 11:26:42,2026-08-04 11:26:42,2026-08-04 11:26:42
204282,2054,TXHR8,COMPRA,120,102.0661,11.7032,2026-08-04 13:51:43,2026-08-04 13:51:43,2026-08-04 13:51:43
204283,2465,OEQA8,COMPRA,95,361.4567,1.1216,2026-08-04 15:03:39,2026-08-04 15:03:42,2026-08-04 15:03:42
204284,2961,PSEN6,COMPRA,200,180.0063,4.6210,2026-08-04 12:04:54,2026-08-04 12:04:56,2026-08-04 12:04:56
204285,2229,DGBT6,COMPRA,5,82.5918,10.0674,2026-08-04 14:42:00,2026-08-04 14:42:00,2026-08-04 14:42:00
204286,1989,YOWA1,COMPRA,243,60.7847,10.7907,2026-08-04 10:21:53,2026-08-04 10:21:56,2026-08-04 10:21:56
204287,1494,CQIL9,COMPRA,295,44.9106,9.4467,2026-08-04 14:20:02,2026-08-04 14:20:03,2026-08-04 14:20:03
204288,2033,KHGP6,COMPRA,310,78.7638,6.4065,2026-08-04 12:00:51,2026-08-04 12:00:54,2026-08-04 12:00:54
204289,2610,DFGR7,COMPRA,465,83.9787,4.4695,2026-08-04 13:42:04,2026-08-04 13:42:05,2026-08-04 13:42:05
204290,3167,JUDG8,COMPRA,465,109.6546,10.0819,2026-08-04 14:41:10,2026-08-04 14:41:12,2026-08-04 14:41:12
204291,1315,UQJU7,COMPRA,410,60.0000,9.0684,2026-08-04 17:12:49,2026-08-04 17:12:51,2026-08-04 17:12:51
204292,1553,PBZM6,COMPRA,375,50.4325,4.6516,2026-08-04 13:33:04,2026-08-04 13:33:05,2026-08-04 13:33:05
204293,2536,AAUA7,COMPRA,40,107.7381,0.3400,2026-08-04 12:09:29,2026-08-04 12:09:32,2026-08-04 12:09:32
204294,1419,PQUT9,COMPRA,390,85.9688,9.8453,2026-08-04 17:13:45,2026-08-04 17:13:46,2026-08-04 17:13:46
204295,1557,MCHX2,COMPRA,450,92.8377,7.7843,2026-08-04 13:25:26,2026-08-04 13:25:26,2026-08-04 13:25:26
204296,1961,ICSU4,COMPRA,100,116.5750,11.0485,2026-08-04 14:05:27,2026-08-04 14:05:30,2026-08-04 14:05:30
204297,2693,ENRZ2,COMPRA,160,81.4310,4.9313,2026-08-04 13:17:03,2026-08-04 13:17:06,2026-08-04 13:17:06
204298,3114,DMTZ8,COMPRA,480,182.6929,3.7036,2026-08-04 11:29:51,2026-08-04 11:29:54,2026-08-04 11:29:54
204299,3434,IWAK1,COMPRA,265,73.7184,4.7395,2026-08-04 11:45:07,2026-08-04 11:45:10,2026-08-04 11:45:10
204300,1655,BGNM6,COMPRA,130,77.5458,6.2987,2026-08-04 12:41:49,2026-08-04 12:41:52,2026-08-04 12:41:52
204301,2211,XPVA7,COMPRA,410,433.5899,0.9909,2026-08-04 11:37:52,2026-08-04 11:37:54,2026-08-04 11:37:54
204302,2532,IPXK2,COMPRA,135,252.8503,1.8353,2026-08-04 15:44:07,2026-08-04 15:44:10,2026-08-04 15:44:10
204303,2848,GULD2,COMPRA,175,141.7075,10.7442,2026-08-04 16:23:18,2026-08-04 16:23:21,2026-08-04 16:23:21
204304,2909,KQEO3,COMPRA,330,75.5307,4.8179,2026-08-04 13:47:16,2026-08-04 13:47:19,2026-08-04 13:47:19
204305,2517,XPVA7,COMPRA,20,438.4284,11.8654,2026-08-04 11:23:28,2026-08-04 11:23:30,2026-08-04 11:23:30
204306,2794,RHXV4,COMPRA,310,69.5895,12.4783,2026-08-04 11:14:29,2026-08-04 11:14:32,2026-08-04 11:14:32
204307,1029,PQUT9,COMPRA,260,96.8833,7.5861,2026-08-04 16:26:00,2026-08-04 16:26:01,2026-08-04 16:26:01
204308,1532,MJDL9,COMPRA,160,30.9064,12.0803,2026-08-04 16:19:16,2026-08-04 16:19:19,2026-08-04 16:19:19
204309,1831,DGBT6,COMPRA,445,78.1139,1.6380,2026-08-04 13:00:45,2026-08-04 13:00:48,2026-08-04 13:00:48
204310,2764,TNHT4,COMPRA,160,145.2832,8.6178,2026-08-04 16:29:56,2026-08-04 16:29:59,2026-08-04 16:29:59
204311,3396,NPEM3,COMPRA,300,78.6053,9.2419,2026-08-04 10:25:49,2026-08-04 10:25:51,2026-08-04 10:25:51
204312,2968,PZUP8,COMPRA,20,161.4590,1.2517,2026-08-04 10:08:53,2026-08-04 10:08:54,2026-08-04 10:08:54
204313,2589,WXFC8,COMPRA,447,106.3997,5.3711,2026-08-04 13:29:03,2026-08-04 13:29:06,2026-08-04 13:29:06
204314,2087,FRGH8,COMPRA,330,87.6360,9.9593,2026-08-04 14:16:57,2026-08-04 14:16:59,2026-08-04 14:16:59
204315,1767,DSFC9,COMPRA,239,347.1265,9.9285,2026-08-04 14:17:56,2026-08-04 14:17:59,2026-08-04 14:17:59
204316,3087,BGNM6,COMPRA,260,108.4480,11.1787,2026-08-04 10:15:08,2026-08-04 10:15:10,2026-08-04 10:15:10
204317,1297,WMQZ6,COMPRA,360,91.3510,8.1260,2026-08-04 13:14:54,2026-08-04 13:14:56,2026-08-04 13:14:56
204318,1635,QHFL8,COMPRA,460,117.1199,8.5968,2026-08-04 10:28:03,2026-08-04 10:28:06,2026-08-04 10:28:06
204319,2165,LIEG8,VENDA,280,115.2222,0.4864,2026-08-04 15:03:25,2026-08-04 15:03:25,2026-08-04 15:03:25
204320,3208,UQIQ7,COMPRA,214,78.9586,2.4018,2026-08-04 16:02:04,2026-08-04 16:02:04,2026-08-04 16:02:04
204321,1419,RSBT4,COMPRA,25,388.8301,1.8887,2026-08-04 14:42:43,2026-08-04 14:42:45,2026-08-04 14:42:45
204322,3126,PSEN6,COMPRA,259,179.3225,2.6078,2026-08-04 17:14:03,2026-08-04 17:14:05,2026-08-04 17:14:05
204323,2985,IZTY4,COMPRA,120,27.4622,10.1067,2026-08-04 14:28:02,2026-08-04 14:28:04,2026-08-04 14:28:04
204324,2273,IPXK2,COMPRA,415,350.3506,12.0611,2026-08-04 10:08:40,2026-08-04 10:08:40,2026-08-04 10:08:40
204325,1714,ZAAS7,COMPRA,295,510.2160,4.9101,2026-08-04 13:36:31,2026-08-04 13:36:34,2026-08-04 13:36:34
204326,1599,PSEN6,COMPRA,255,207.6051,0.1033,2026-08-04 13:36:06,2026-08-04 13:36:08,2026-08-04 13:36:08
204327,2541,NREP8,COMPRA,151,109.4419,0.7506,2026-08-04 15:01:20,2026-08-04 15:01:20,2026-08-04 15:01:20
204328,2922,IWFI1,COMPRA,330,132.9996,9.2014,2026-08-04 10:14:33,2026-08-04 10:14:33,2026-08-04 10:14:33
204329,2157,YCCK8,COMPRA,145,354.5051,4.9616,2026-08-04 11:56:59,2026-08-04 11:57:01,2026-08-04 11:57:01
204330,2174,YCCK8,COMPRA,490,352.9305,3.7709,2026-08-04 16:51:27,2026-08-04 16:51:30,2026-08-04 16:51:30
204331,1041,PSEN6,COMPRA,370,182.7203,4.7005,2026-08-04 11:17:48,2026-08-04 11:17:51,2026-08-04 11:17:51
204332,1666,XPVA7,COMPRA,470,403.8942,0.8350,2026-08-04 12:51:46,2026-08-04 12:51:46,2026-08-04 12:51:46
204333,3369,XLZM9,VENDA,155,59.6182,1.0980,2026-08-04 17:18:09,2026-08-04 17:18:10,2026-08-04 17:18:10
204334,2574,MCHX2,COMPRA,335,109.4570,12.8045,2026-08-04 17:15:29,2026-08-04 17:15:30,2026-08-04 17:15:30
204335,1585,PQUT9,COMPRA,310,72.4109,0.8275,2026-08-04 12:42:15,2026-08-04 12:42:15,2026-08-04 12:42:15
204336,1807,LCCH9,COMPRA,70,9.6211,5.2017,2026-08-04 12:02:09,2026-08-04 12:02:11,2026-08-04 12:02:11
204337,2989,HVEX2,COMPRA,355,170.2362,8.4300,2026-08-04 15:40:02,2026-08-04 15:40:03,2026-08-04 15:40:03
204338,1233,DFGR7,COMPRA,265,79.1799,8.0294,2026-08-04 14:48:05,2026-08-04 14:48:06,2026-08-04 14:48:06
204339,2072,CQJZ4,COMPRA,150,107.2681,10.7915,2026-08-04 16:57:43,2026-08-04 16:57:44,2026-08-04 16:57:44
204340,1325,KQEO3,COMPRA,307,81.8523,1.1220,2026-08-04 13:16:43,2026-08-04 13:16:46,2026-08-04 13:16:46
204341,2039,IWFI1,COMPRA,350,197.1719,3.0716,2026-08-04 11:19:25,2026-08-04 11:19:25,2026-08-04 11:19:25
204342,1140,HCLJ8,COMPRA,420,97.1494,1.2388,2026-08-04 10:34:03,2026-08-04 10:34:03,2026-08-04 10:34:03
204343,1407,JJVW6,COMPRA,324,105.2551,1.0358,2026-08-04 17:04:44,2026-08-04 17:04:45,2026-08-04 17:04:45
204344,2324,ICSU4,COMPRA,325,141.9551,10.4409,2026-08-04 11:33:56,2026-08-04 11:33:57,2026-08-04 11:33:57
204345,1128,SUZL4,COMPRA,170,133.6144,10.3113,2026-08-04 16:55:02,2026-08-04 16:55:02,2026-08-04 16:55:02
204346,2046,ZHTL2,COMPRA,325,59.5565,2.3355,2026-08-04 12:31:27,2026-08-04 12:31:30,2026-08-04 12:31:30
204347,3474,MCMT2,COMPRA,302,113.1731,12.8555,2026-08-04 12:03:39,2026-08-04 12:03:41,2026-08-04 12:03:41
204348,2970,NPEM3,COMPRA,170,80.5273,3.2279,2026-08-04 10:56:44,2026-08-04 10:56:47,2026-08-04 10:56:47
204349,1804,JUDG8,COMPRA,465,85.8746,3.0897,2026-08-04 15:42:08,2026-08-04 15:42:08,2026-08-04 15:42:08
204350,1961,DSFC9,COMPRA,340,354.4630,10.2873,2026-08-04 10:02:05,2026-08-04 10:02:07,2026-08-04 10:02:07
204351,3162,DMTZ8,COMPRA,315,167.1895,1.9697,2026-08-04 15:17:29,2026-08-04 15:17:32,2026-08-04 15:17:32
204352,2347,NYGT6,COMPRA,345,86.1415,0.2594,2026-08-04 12:53:28,2026-08-04 12:53:28,2026-08-04 12:53:28
204353,2861,WIPB2,COMPRA,180,131.7533,0.3296,2026-08-04 16:31:40,2026-08-04 16:31:41,2026-08-04 16:31:41
204354,1673,PQUT9,COMPRA,410,90.2181,10.4054,2026-08-04 16:06:06,2026-08-04 16:06:06,2026-08-04 16:06:06
204355,3008,MCMT2,COMPRA,445,120.5796,12.8203,2026-08-04 12:36:57,2026-08-04 12:36:57,2026-08-04 12:36:57
204356,3306,LCCH9,COMPRA,475,9.4100,3.7824,2026-08-04 17:17:46,2026-08-04 17:17:48,2026-08-04 17:17:48
204357,1567,GFDF2,COMPRA,425,84.1661,10.6020,2026-08-04 14:50:52,2026-08-04 14:50:53,2026-08-04 14:50:53
204358,1732,YOWA1,COMPRA,200,70.2855,,2026-08-04 15:45:07,2026-08-04 15:45:09,2026-08-04 15:45:09
204359,1340,CQJZ4,COMPRA,290,79.7205,1.8348,2026-08-04 15:30:32,2026-08-04 15:30:32,2026-08-04 15:30:32
204360,3305,BSDJ7,COMPRA,184,228.4361,9.8988,2026-08-04 16:55:02,2026-08-04 16:55:04,2026-08-04 16:55:04
204361,2148,QEUC2,COMPRA,197,181.4648,,2026-08-04 10:15:29,2026-08-04 10:15:31,2026-08-04 10:15:31
204362,1321,IWAK1,COMPRA,465,69.8444,8.5378,2026-08-04 16:57:31,2026-08-04 16:57:32,2026-08-04 16:57:32
204363,2230,NAOF3,COMPRA,151,54.9867,3.5119,2026-08-04 10:57:07,2026-08-04 10:57:10,2026-08-04 10:57:10
204364,1726,OXVD8,COMPRA,440,88.1678,1.4097,2026-08-04 14:05:12,2026-08-04 14:05:12,2026-08-04 14:05:12
204365,1258,UVEY5,COMPRA,410,93.9660,6.2717,2026-08-04 12:17:25,2026-08-04 12:17:27,2026-08-04 12:17:27
204366,1337,NWGB4,COMPRA,411,113.1967,2.6506,2026-08-04 17:29:33,2026-08-04 17:29:36,2026-08-04 17:29:36
204367,2594,GFDF2,COMPRA,5,78.2221,8.7043,2026-08-04 12:36:44,2026-08-04 12:36:44,2026-08-04 12:36:44
204368,1437,ZAAS7,COMPRA,495,486.7816,10.5645,2026-08-04 10:23:42,2026-08-04 10:23:44,2026-08-04 10:23:44
204369,3345,QYBV3,COMPRA,157,60.1111,2.1773,2026-08-04 12:00:49,2026-08-04 12:00:52,2026-08-04 12:00:52
204370,2123,RIET5,COMPRA,495,130.8092,3.8406,2026-08-04 14:36:11,2026-08-04 14:36:12,2026-08-04 14:36:12
204371,1052,ENRZ2,COMPRA,215,91.5693,0.1642,2026-08-04 10:26:37,2026-08-04 10:26:38,2026-08-04 10:26:38
204372,1765,XOVY4,COMPRA,445,106.1251,6.3291,2026-08-04 11:04:12,2026-08-04 11:04:13,2026-08-04 11:04:13
204373,1534,QEUC2,COMPRA,350,140.7378,11.4451,2026-08-04 12:19:28,2026-08-04 12:19:29,2026-08-04 12:19:29
204374,2548,AAWB3,COMPRA,5,184.0603,3.8070,2026-08-04 16:31:07,2026-08-04 16:31:08,2026-08-04 16:31:08
204375,3482,ZAAS7,COMPRA,225,327.8597,4.6429,2026-08-04 12:17:01,2026-08-04 12:17:04,2026-08-04 12:17:04
204376,2892,YYLA4,COMPRA,460,146.8404,4.6284,2026-08-04 10:59:43,2026-08-04 10:59:44,2026-08-04 10:59:44
204377,3210,DSFC9,COMPRA,341,321.8845,10.9573,2026-08-04 14:23:57,2026-08-04 14:23:58,2026-08-04 14:23:58
204378,3468,DSFC9,COMPRA,380,484.0142,1.8174,2026-08-04 17:30:51,2026-08-04 17:30:52,2026-08-04 17:30:52
204379,1003,LCCH9,COMPRA,350,8.2922,7.1899,2026-08-04 16:27:28,2026-08-04 16:27:28,2026-08-04 16:27:28
204380,3208,GAKD5,COMPRA,365,219.9152,,2026-08-04 11:03:49,2026-08-04 11:03:49,2026-08-04 11:03:49
204381,2058,LQML9,COMPRA,275,134.9838,5.0783,2026-08-04 11:15:30,2026-08-04 11:15:32,2026-08-04 11:15:32
204382,3336,DEGN5,COMPRA,420,103.6957,2.9410,2026-08-04 14:18:30,2026-08-04 14:18:31,2026-08-04 14:18:31
204383,1222,CQJZ4,COMPRA,165,95.8623,3.3046,2026-08-04 14:49:20,2026-08-04 14:49:23,2026-08-04 14:49:23
204384,2737,PQUT9,COMPRA,170,80.9011,12.8218,2026-08-04 16:42:38,2026-08-04 16:42:41,2026-08-04 16:42:41
204385,1265,ICSU4,COMPRA,465,165.6448,11.6886,2026-08-04 10:58:14,2026-08-04 10:58:17,2026-08-04 10:58:17
204386,2733,PZUP8,COMPRA,30,140.2218,8.8741,2026-08-04 12:26:02,2026-08-04 12:26:05,2026-08-04 12:26:05
204387,1363,JDJG6,VENDA,266,73.0201,5.8345,2026-08-04 13:04:02,2026-08-04 13:04:05,2026-08-04 13:04:05
204388,1332,WMQZ6,COMPRA,15,68.4447,2.5651,2026-08-04 10:02:09,2026-08-04 10:02:10,2026-08-04 10:02:10
204389,2989,ZFBT3,COMPRA,425,126.0796,5.5871,2026-08-04 13:24:34,2026-08-04 13:24:34,2026-08-04 13:24:34
204390,3176,MCMT2,VENDA,65,83.0415,8.5337,2026-08-04 12:46:29,2026-08-04 12:46:32,2026-08-04 12:46:32
204391,2056,KQEO3,COMPRA,340,62.4051,10.7466,2026-08-04 11:41:31,2026-08-04 11:41:32,2026-08-04 11:41:32
204392,2735,UCHR6,COMPRA,233,475.5803,12.6553,2026-08-04 17:15:14,2026-08-04 17:15:14,2026-08-04 17:15:14
204393,2528,BOCS8,COMPRA,120,52.1216,11.0470,2026-08-04 11:42:05,2026-08-04 11:42:05,2026-08-04 11:42:05
204394,1393,WIPB2,COMPRA,465,86.7144,12.0365,2026-08-04 11:07:03,2026-08-04 11:07:03,2026-08-04 11:07:03
204395,2511,PZUP8,COMPRA,286,147.5545,0.6046,2026-08-04 17:27:25,2026-08-04 17:27:27,2026-08-04 17:27:27
204396,3496,WMQZ6,COMPRA,115,88.9155,8.3617,2026-08-04 10:27:01,2026-08-04 10:27:04,2026-08-04 10:27:04
204397,2937,DQSN6,COMPRA,167,105.3736,6.2696,2026-08-04 10:56:32,2026-08-04 10:56:32,2026-08-04 10:56:32
204398,1873,XTVW5,COMPRA,495,96.1936,1.1215,2026-08-04 10:42:19,2026-08-04 10:42:19,2026-08-04 10:42:19
204399,2907,CQJZ4,COMPRA,295,81.5056,12.5309,2026-08-04 17:03:26,2026-08-04 17:03:29,2026-08-04 17:03:29
204400,1170,RFNS7,COMPRA,480,98.8617,10.0572,2026-08-04 15:59:38,2026-08-04 15:59:40,2026-08-04 15:59:40
204401,3463,YYLA4,COMPRA,100,195.2717,10.3865,2026-08-04 12:26:40,2026-08-04 12:26:42,2026-08-04 12:26:42
204402,1337,FRGH8,COMPRA,202,90.7113,1.0834,2026-08-04 13:30:01,2026-08-04 13:30:01,2026-08-04 13:30:01
204403,2677,RYPL6,COMPRA,434,80.7329,2.6888,2026-08-04 12:19:42,2026-08-04 12:19:45,2026-08-04 12:19:45
204404,1774,CQJZ4,COMPRA,75,72.2914,5.2373,2026-08-04 10:17:38,2026-08-04 10:17:40,2026-08-04 10:17:40
204405,3274,NHYK8,COMPRA,135,83.9519,10.6705,2026-08-04 12:36:00,2026-08-04 12:36:00,2026-08-04 12:36:00
204406,2773,SRDU1,COMPRA,475,84.1908,12.6267,2026-08-04 10:51:36,2026-08-04 10:51:36,2026-08-04 10:51:36
204407,2056,TVCE9,COMPRA,245,73.1886,7.9586,2026-08-04 15:34:37,2026-08-04 15:34:37,2026-08-04 15:34:37
204408,2209,ACSV1,COMPRA,120,87.5988,3.9119,2026-08-04 10:22:33,2026-08-04 10:22:33,2026-08-04 10:22:33
204409,3153,ERTC4,COMPRA,255,42.9650,4.9313,2026-08-04 14:15:37,2026-08-04 14:15:37,2026-08-04 14:15:37
204410,2256,NWGB4,COMPRA,260,124.6786,8.3982,2026-08-04 14:04:06,2026-08-04 14:04:09,2026-08-04 14:04:09
204411,1466,LIEG8,COMPRA,255,88.3962,0.2329,2026-08-04 15:16:26,2026-08-04 15:16:28,2026-08-04 15:16:28
204412,2861,BGNM6,COMPRA,45,118.5521,10.3101,2026-08-04 15:20:37,2026-08-04 15:20:38,2026-08-04 15:20:38
204413,2797,JIPA6,COMPRA,183,39.9235,4.9943,2026-08-04 13:38:05,2026-08-04 13:38:06,2026-08-04 13:38:06
204414,3218,QATW7,COMPRA,180,48.0637,12.8769,2026-08-04 15:20:30,2026-08-04 15:20:33,2026-08-04 15:20:33
204415,3136,DMTZ8,COMPRA,235,139.6030,7.3742,2026-08-04 15:10:07,2026-08-04 15:10:10,2026-08-04 15:10:10
204416,3206,MGRR2,COMPRA,365,145.8602,0.1248,2026-08-04 10:21:17,2026-08-04 10:21:18,2026-08-04 10:21:18
204417,2803,AYFQ2,COMPRA,230,14.0059,10.8779,2026-08-04 14:54:49,2026-08-04 14:54:50,2026-08-04 14:54:50
204418,1731,NQYT3,COMPRA,300,56.3180,4.4226,2026-08-04 15:14:47,2026-08-04 15:14:49,2026-08-04 15:14:49
204419,1995,NREP8,COMPRA,415,136.8178,7.4592,2026-08-04 13:26:37,2026-08-04 13:26:38,2026-08-04 13:26:38
204420,1707,MGRR2,COMPRA,370,147.4556,10.7736,2026-08-04 11:49:38,2026-08-04 11:49:39,2026-08-04 11:49:39
204421,3348,KHGP6,COMPRA,130,83.9387,10.2374,2026-08-04 13:31:03,2026-08-04 13:31:05,2026-08-04 13:31:05
204422,2686,UQJU7,COMPRA,79,66.9901,4.4425,2026-08-04 13:22:07,2026-08-04 13:22:08,2026-08-04 13:22:08
204423,2194,HVEX2,COMPRA,420,163.0185,0.6844,2026-08-04 13:55:27,2026-08-04 13:55:30,2026-08-04 13:55:30
204424,1307,KFSY2,COMPRA,280,85.5944,11.1996,2026-08-04 11:17:03,2026-08-04 11:17:05,2026-08-04 11:17:05
204425,1501,EEYY9,COMPRA,205,182.2767,4.6253,2026-08-04 11:22:14,2026-08-04 11:22:17,2026-08-04 11:22:17
204426,3273,HCZM2,COMPRA,240,516.3033,0.3122,2026-08-04 11:45:59,2026-08-04 11:46:01,2026-08-04 11:46:01
204427,1893,ECQD7,COMPRA,10,84.4930,6.4113,2026-08-04 15:15:21,2026-08-04 15:15:22,2026-08-04 15:15:22
204428,2781,QEUC2,COMPRA,315,186.7353,3.0326,2026-08-04 12:56:23,2026-08-04 12:56:26,2026-08-04 12:56:26
204429,1024,SGBG8,COMPRA,60,93.3959,5.4820,2026-08-04 16:23:16,2026-08-04 16:23:19,2026-08-04 16:23:19
204430,1193,NREP8,COMPRA,199,143.8149,7.8666,2026-08-04 14:39:54,2026-08-04 14:39:55,2026-08-04 14:39:55
204431,1572,QTHQ1,COMPRA,55,22.8762,1.2542,2026-08-04 11:59:52,2026-08-04 11:59:52,2026-08-04 11:59:52
204432,1509,IPXK2,COMPRA,110,245.5375,9.4913,2026-08-04 14:26:01,2026-08-04 14:26:01,2026-08-04 14:26:01
204433,2633,NUJZ2,COMPRA,70,34.8249,2.3700,2026-08-04 14:12:10,2026-08-04 14:12:11,2026-08-04 14:12:11
204434,2400,LCCH9,COMPRA,190,9.2124,9.6674,2026-08-04 10:36:04,2026-08-04 10:36:06,2026-08-04 10:36:06
204435,1277,NPEM3,COMPRA,90,76.7776,5.3344,2026-08-04 12:38:38,2026-08-04 12:38:38,2026-08-04 12:38:38
204436,2707,MCHX2,COMPRA,441,140.0102,1.8827,2026-08-04 14:26:18,2026-08-04 14:26:21,2026-08-04 14:26:21
204437,3436,YOWA1,COMPRA,325,43.9277,9.0210,2026-08-04 16:12:03,2026-08-04 16:12:06,2026-08-04 16:12:06
204438,1193,ZAAS7,COMPRA,375,476.4771,1.2072,2026-08-04 11:40:34,2026-08-04 11:40:35,2026-08-04 11:40:35
204439,1460,QQQS1,COMPRA,362,20.2302,2.8624,2026-08-04 10:43:49,2026-08-04 10:43:52,2026-08-04 10:43:52
204440,3495,YYLA4,COMPRA,355,151.9129,5.8587,2026-08-04 11:09:11,2026-08-04 11:09:11,2026-08-04 11:09:11
204441,1987,GFDF2,COMPRA,130,76.9371,3.9372,2026-08-04 14:54:12,2026-08-04 14:54:12,2026-08-04 14:54:12
204442,2841,WHMT3,COMPRA,450,109.6604,1.2046,2026-08-04 14:14:22,2026-08-04 14:14:23,2026-08-04 14:14:23
204443,2518,SVOZ4,COMPRA,300,42.1572,9.0208,2026-08-04 13:13:18,2026-08-04 13:13:20,2026-08-04 13:13:20
204444,1170,HVEX2,COMPRA,165,155.3867,4.8407,2026-08-04 12:34:10,2026-08-04 12:34:10,2026-08-04 12:34:10
204445,2257,UCHR6,COMPRA,450,329.5539,5.0057,2026-08-04 17:14:23,2026-08-04 17:14:24,2026-08-04 17:14:24
204446,1984,IZTY4,COMPRA,320,31.2484,3.0291,2026-08-04 12:31:36,2026-08-04 12:31:38,2026-08-04 12:31:38
204447,2421,IWFI1,COMPRA,115,202.2289,1.0675,2026-08-04 14:49:09,2026-08-04 14:49:10,2026-08-04 14:49:10
204448,3126,BGNM6,COMPRA,259,97.8492,10.3572,2026-08-04 13:39:58,2026-08-04 13:39:58,2026-08-04 13:39:58
204449,3073,QATW7,COMPRA,170,60.4939,3.4631,2026-08-04 10:05:29,2026-08-04 10:05:30,2026-08-04 10:05:30
204450,1865,TBWG2,COMPRA,170,70.6820,12.3920,2026-08-04 13:19:01,2026-08-04 13:19:04,2026-08-04 13:19:04
204451,2012,MOLF3,COMPRA,25,44.2608,3.9807,2026-08-04 13:29:01,2026-08-04 13:29:01,2026-08-04 13:29:01
204452,2167,RDOA3,COMPRA,230,106.7960,6.3820,2026-08-04 12:36:00,2026-08-04 12:36:01,2026-08-04 12:36:01
204453,2864,JJVW6,COMPRA,292,135.8045,8.5667,2026-08-04 14:19:17,2026-08-04 14:19:17,2026-08-04 14:19:17
204454,3369,JIPA6,COMPRA,325,45.1882,11.1661,2026-08-04 11:16:44,2026-08-04 11:16:46,2026-08-04 11:16:46
204455,1709,RSBT4,COMPRA,449,366.2495,11.3376,2026-08-04 10:12:24,2026-08-04 10:12:26,2026-08-04 10:12:26
204456,2921,TNHT4,COMPRA,415,137.2771,4.7856,2026-08-04 10:06:59,2026-08-04 10:07:00,2026-08-04 10:07:00
204457,2787,DMTZ8,COMPRA,50,138.8320,4.4106,2026-08-04 15:24:00,2026-08-04 15:24:03,2026-08-04 15:24:03
204458,2432,OXVD8,COMPRA,139,87.6791,3.6354,2026-08-04 11:28:29,2026-08-04 11:28:32,2026-08-04 11:28:32
204459,2350,WIPB2,COMPRA,390,85.8345,0.7491,2026-08-04 10:00:09,2026-08-04 10:00:12,2026-08-04 10:00:12
204460,2344,YFAH5,COMPRA,95,200.3798,10.2429,2026-08-04 15:08:59,2026-08-04 15:09:01,2026-08-04 15:09:01
204461,1241,WXFC8,COMPRA,70,69.1091,3.9052,2026-08-04 17:11:50,2026-08-04 17:11:50,2026-08-04 17:11:50
204462,1636,WXFC8,COMPRA,110,87.2193,5.7467,2026-08-04 14:22:00,2026-08-04 14:22:00,2026-08-04 14:22:00
204463,1754,PBZM6,COMPRA,40,54.6477,12.4502,2026-08-04 12:29:07,2026-08-04 12:29:07,2026-08-04 12:29:07
204464,1627,PBZM6,COMPRA,330,59.1843,9.8844,2026-08-04 13:46:55,2026-08-04 13:46:58,2026-08-04 13:46:58
204465,1051,BGNM6,COMPRA,370,118.1053,11.3520,2026-08-04 11:48:57,2026-08-04 11:48:57,2026-08-04 11:48:57
204466,2728,ZAAS7,COMPRA,420,409.7542,12.5628,2026-08-04 13:02:26,2026-08-04 13:02:29,2026-08-04 13:02:29
204467,1436,MCHX2,COMPRA,335,133.5903,9.6488,2026-08-04 15:21:15,2026-08-04 15:21:18,2026-08-04 15:21:18
204468,2410,NUJZ2,COMPRA,35,34.8187,11.2027,2026-08-04 16:33:31,2026-08-04 16:33:31,2026-08-04 16:33:31
204469,1588,TXHR8,COMPRA,118,85.8207,11.3403,2026-08-04 15:49:21,2026-08-04 15:49:21,2026-08-04 15:49:21
204470,1330,NPEM3,COMPRA,342,82.1231,6.3550,2026-08-04 12:36:46,2026-08-04 12:36:46,2026-08-04 12:36:46
204471,2812,RFNS7,COMPRA,195,71.6516,5.7218,2026-08-04 13:09:31,2026-08-04 13:09:31,2026-08-04 13:09:31
204472,3348,GKQC5,COMPRA,265,138.8399,10.4932,2026-08-04 15:44:17,2026-08-04 15:44:17,2026-08-04 15:44:17
204473,2724,YRWH3,COMPRA,205,164.7104,9.9457,2026-08-04 16:41:53,2026-08-04 16:41:55,2026-08-04 16:41:55
204474,3250,ACSV1,COMPRA,420,95.0208,11.0310,2026-08-04 17:03:29,2026-08-04 17:03:30,2026-08-04 17:03:30
204475,1605,UFIU3,COMPRA,245,76.2392,4.7531,2026-08-04 14:05:24,2026-08-04 14:05:26,2026-08-04 14:05:26
204476,2103,UYFJ9,COMPRA,180,94.1389,8.6567,2026-08-04 12:07:34,2026-08-04 12:07:37,2026-08-04 12:07:37
204477,1625,UYFJ9,COMPRA,55,96.1914,2.8912,2026-08-04 11:21:12,2026-08-04 11:21:15,2026-08-04 11:21:15
204478,2980,ERTC4,COMPRA,146,50.1865,12.5335,2026-08-04 11:12:02,2026-08-04 11:12:05,2026-08-04 11:12:05
204479,1781,HCLJ8,COMPRA,117,119.1920,2.4437,2026-08-04 16:58:51,2026-08-04 16:58:53,2026-08-04 16:58:53
204480,1575,RYPL6,COMPRA,15,95.3389,6.0553,2026-08-04 11:34:53,2026-08-04 11:34:53,2026-08-04 11:34:53
204481,3257,GKQC5,COMPRA,9,142.0345,2.2573,2026-08-04 13:29:17,2026-08-04 13:29:19,2026-08-04 13:29:19
204482,2835,HCLJ8,COMPRA,276,97.4403,2.7163,2026-08-04 15:36:18,2026-08-04 15:36:18,2026-08-04 15:36:18
204483,3325,DSFC9,COMPRA,300,511.3162,8.1847,2026-08-04 13:17:03,2026-08-04 13:17:04,2026-08-04 13:17:04
204484,3128,RFNS7,COMPRA,255,104.3287,10.8744,2026-08-04 12:17:45,2026-08-04 12:17:45,2026-08-04 12:17:45
204485,1379,GULD2,COMPRA,10,150.5151,10.1465,2026-08-04 12:53:15,2026-08-04 12:53:16,2026-08-04 12:53:16
204486,1260,AYFQ2,COMPRA,309,11.0321,4.5405,2026-08-04 14:51:07,2026-08-04 14:51:08,2026-08-04 14:51:08
204487,1753,NUJZ2,COMPRA,296,33.2774,9.8258,2026-08-04 11:38:37,2026-08-04 11:38:40,2026-08-04 11:38:40
204488,2132,MCMT2,COMPRA,390,104.1884,10.4018,2026-08-04 11:55:08,2026-08-04 11:55:10,2026-08-04 11:55:10
204489,1617,XTVW5,COMPRA,360,84.5333,6.5259,2026-08-04 15:01:52,2026-08-04 15:01:53,2026-08-04 15:01:53
204490,2342,PBZM6,COMPRA,245,62.4025,12.0209,2026-08-04 16:59:33,2026-08-04 16:59:36,2026-08-04 16:59:36
204491,3212,UCHR6,COMPRA,110,362.0672,4.0138,2026-08-04 13:01:31,2026-08-04 13:01:33,2026-08-04 13:01:33
204492,3210,UCHR6,COMPRA,5,513.0683,1.9942,2026-08-04 14:11:58,2026-08-04 14:11:59,2026-08-04 14:11:59
204493,2324,IWAK1,COMPRA,140,63.6768,0.2145,2026-08-04 10:52:20,2026-08-04 10:52:21,2026-08-04 10:52:21
204494,1984,RFNS7,COMPRA,468,102.8387,7.4055,2026-08-04 13:06:05,2026-08-04 13:06:06,2026-08-04 13:06:06
204495,2835,WHMT3,COMPRA,415,94.0686,3.3492,2026-08-04 13:39:44,2026-08-04 13:39:45,2026-08-04 13:39:45
204496,2418,MGRR2,COMPRA,175,106.9565,10.8968,2026-08-04 12:49:00,2026-08-04 12:49:01,2026-08-04 12:49:01
204497,1235,HJRH5,COMPRA,72,196.6421,9.6656,2026-08-04 12:02:58,2026-08-04 12:02:58,2026-08-04 12:02:58
204498,1670,WXFC8,COMPRA,375,87.4123,0.0172,2026-08-04 16:30:38,2026-08-04 16:30:38,2026-08-04 16:30:38
204499,3142,YOWA1,COMPRA,170,61.3618,4.0688,2026-08-04 13:38:43,2026-08-04 13:38:46,2026-08-04 13:38:46
204500,2085,UFIU3,COMPRA,460,92.9675,2.1369,2026-08-04 15:56:41,2026-08-04 15:56:43,2026-08-04 15:56:43
204501,1346,MJDL9,COMPRA,330,40.2457,0.9897,2026-08-04 17:27:02,2026-08-04 17:27:04,2026-08-04 17:27:04
204502,1991,UYFJ9,COMPRA,120,87.1157,4.4105,2026-08-04 11:45:59,2026-08-04 11:46:02,2026-08-04 11:46:02
204503,2394,WXFC8,COMPRA,10,97.5969,9.8386,2026-08-04 13:06:18,2026-08-04 13:06:21,2026-08-04 13:06:21
204504,1206,FRGH8,COMPRA,411,74.8133,8.0133,2026-08-04 16:13:45,2026-08-04 16:13:45,2026-08-04 16:13:45
204505,2439,UQJU7,COMPRA,245,60.7779,6.7317,2026-08-04 15:10:21,2026-08-04 15:10:24,2026-08-04 15:10:24
204506,2498,CQIL9,COMPRA,458,40.2809,6.2230,2026-08-04 15:27:04,2026-08-04 15:27:04,2026-08-04 15:27:04
204507,1833,WXFC8,COMPRA,35,68.3240,,2026-08-04 17:27:34,2026-08-04 17:27:34,2026-08-04 17:27:34
204508,1209,KQEO3,COMPRA,340,71.9589,12.8983,2026-08-04 16:38:51,2026-08-04 16:38:54,2026-08-04 16:38:54
204509,2012,WXQM6,COMPRA,250,38.4213,1.5035,2026-08-04 16:16:14,2026-08-04 16:16:16,2026-08-04 16:16:16
204510,3042,RYPL6,COMPRA,140,104.2052,9.3468,2026-08-04 11:53:15,2026-08-04 11:53:17,2026-08-04 11:53:17
204511,3206,IWFI1,COMPRA,47,129.0562,,2026-08-04 12:27:52,2026-08-04 12:27:55,2026-08-04 12:27:55
204512,3212,JDJG6,COMPRA,435,56.7669,5.0340,2026-08-04 10:04:17,2026-08-04 10:04:17,2026-08-04 10:04:17
204513,3380,TVCE9,VENDA,235,66.9470,6.0571,2026-08-04 13:34:55,2026-08-04 13:34:55,2026-08-04 13:34:55
204514,2014,AAWB3,COMPRA,315,182.8703,6.0156,2026-08-04 13:20:31,2026-08-04 13:20:32,2026-08-04 13:20:32
204515,3220,GKQC5,COMPRA,305,108.8145,5.2304,2026-08-04 16:12:58,2026-08-04 16:12:58,2026-08-04 16:12:58
204516,2479,TBWG2,COMPRA,230,86.5611,0.1581,2026-08-04 10:13:56,2026-08-04 10:13:59,2026-08-04 10:13:59
204517,2843,TBWG2,COMPRA,75,74.2197,10.2610,2026-08-04 11:17:46,2026-08-04 11:17:46,2026-08-04 11:17:46
204518,3490,AYFQ2,COMPRA,105,9.8737,10.0093,2026-08-04 15:48:45,2026-08-04 15:48:47,2026-08-04 15:48:47
204519,2917,QEUC2,COMPRA,135,165.8749,12.8617,2026-08-04 11:30:27,2026-08-04 11:30:30,2026-08-04 11:30:30
204520,2804,ZYVN7,COMPRA,485,62.6271,10.6375,2026-08-04 14:50:11,2026-08-04 14:50:14,2026-08-04 14:50:14
204521,1773,ZHTL2,COMPRA,250,62.7374,3.1415,2026-08-04 12:02:08,2026-08-04 12:02:10,2026-08-04 12:02:10
204522,3357,MOLF3,COMPRA,76,43.2956,12.2483,2026-08-04 16:02:46,2026-08-04 16:02:48,2026-08-04 16:02:48
204523,1979,HJRH5,COMPRA,97,180.4628,5.7654,2026-08-04 11:42:19,2026-08-04 11:42:22,2026-08-04 11:42:22
204524,3408,OXVD8,COMPRA,340,73.7587,4.4331,2026-08-04 16:31:09,2026-08-04 16:31:11,2026-08-04 16:31:11
204525,2744,XPVA7,COMPRA,220,529.8417,5.2249,2026-08-04 14:46:45,2026-08-04 14:46:48,2026-08-04 14:46:48
204526,1487,PQUT9,COMPRA,430,72.5165,9.7909,2026-08-04 11:19:31,2026-08-04 11:19:34,2026-08-04 11:19:34
204527,1690,WIPB2,COMPRA,329,127.2455,12.6307,2026-08-04 14:33:45,2026-08-04 14:33:47,2026-08-04 14:33:47
204528,3335,TNHT4,COMPRA,50,128.7723,9.5406,2026-08-04 11:02:56,2026-08-04 11:02:58,2026-08-04 11:02:58
204529,2858,AYFQ2,COMPRA,330,12.5240,4.2021,2026-08-04 11:39:09,2026-08-04 11:39:10,2026-08-04 11:39:10
204530,1779,OVUQ2,COMPRA,480,49.5682,7.9285,2026-08-04 14:51:28,2026-08-04 14:51:31,2026-08-04 14:51:31
204531,3397,DGBT6,COMPRA,20,101.5693,5.8110,2026-08-04 12:23:10,2026-08-04 12:23:12,2026-08-04 12:23:12
204532,2980,NAOF3,COMPRA,190,78.0371,6.4751,2026-08-04 11:21:35,2026-08-04 11:21:37,2026-08-04 11:21:37
204533,2032,SUZL4,COMPRA,225,151.1242,2.2108,2026-08-04 17:27:24,2026-08-04 17:27:24,2026-08-04 17:27:24
204534,2708,LIEG8,COMPRA,277,120.1710,9.3036,2026-08-04 14:59:19,2026-08-04 14:59:19,2026-08-04 14:59:19
204535,2603,BSDJ7,COMPRA,250,218.2749,5.1762,2026-08-04 11:03:11,2026-08-04 11:03:11,2026-08-04 11:03:11
204536,1485,ZAAS7,COMPRA,500,486.2323,9.4787,2026-08-04 15:37:41,2026-08-04 15:37:41,2026-08-04 15:37:41
204537,2418,IWFI1,COMPRA,45,171.6036,3.3944,2026-08-04 14:10:37,2026-08-04 14:10:38,2026-08-04 14:10:38
204538,3222,OXVD8,COMPRA,40,99.5910,2.0217,2026-08-04 12:31:57,2026-08-04 12:31:57,2026-08-04 12:31:57
204539,3233,LCCH9,COMPRA,245,9.2907,2.0996,2026-08-04 14:04:12,2026-08-04 14:04:12,2026-08-04 14:04:12
204540,2303,ZYVN7,COMPRA,127,64.3636,5.1797,2026-08-04 12:00:33,2026-08-04 12:00:36,2026-08-04 12:00:36
204541,1119,QYBV3,COMPRA,290,83.6070,1.2717,2026-08-04 12:38:46,2026-08-04 12:38:49,2026-08-04 12:38:49
204542,3185,NWGB4,COMPRA,425,127.3698,12.1580,2026-08-04 13:46:38,2026-08-04 13:46:38,2026-08-04 13:46:38
204543,3228,DHRM5,COMPRA,445,261.7432,7.1208,2026-08-04 15:00:35,2026-08-04 15:00:36,2026-08-04 15:00:36
204544,2118,JUDG8,COMPRA,365,83.3692,7.2567,2026-08-04 16:17:25,2026-08-04 16:17:27,2026-08-04 16:17:27
204545,3277,MCHX2,COMPRA,250,108.5674,7.9891,2026-08-04 11:17:05,2026-08-04 11:17:05,2026-08-04 11:17:05
204546,3194,UFIU3,COMPRA,75,107.6935,3.0116,2026-08-04 13:15:07,2026-08-04 13:15:08,2026-08-04 13:15:08
204547,3087,KHGP6,COMPRA,315,104.1463,8.7351,2026-08-04 11:06:35,2026-08-04 11:06:35,2026-08-04 11:06:35
204548,1010,ACSV1,COMPRA,35,122.2529,2.6639,2026-08-04 13:25:01,2026-08-04 13:25:01,2026-08-04 13:25:01
204549,1022,OEQA8,COMPRA,280,473.7294,0.6280,2026-08-04 11:45:32,2026-08-04 11:45:34,2026-08-04 11:45:34
204550,1355,RSBT4,COMPRA,201,340.5814,3.8091,2026-08-04 11:30:36,2026-08-04 11:30:37,2026-08-04 11:30:37
204551,1137,ACSV1,COMPRA,405,106.5135,12.7408,2026-08-04 11:08:57,2026-08-04 11:09:00,2026-08-04 11:09:00
204552,1359,NGIU9,COMPRA,5,84.4642,8.7938,2026-08-04 14:27:46,2026-08-04 14:27:46,2026-08-04 14:27:46
204553,2746,KFSY2,COMPRA,370,128.4240,6.2701,2026-08-04 17:13:46,2026-08-04 17:13:49,2026-08-04 17:13:49
204554,1978,XLZM9,COMPRA,335,61.7598,7.1304,2026-08-04 12:39:01,2026-08-04 12:39:03,2026-08-04 12:39:03
204555,2246,IJJK3,COMPRA,115,85.3000,3.6741,2026-08-04 15:19:41,2026-08-04 15:19:44,2026-08-04 15:19:44
204556,2915,XLZM9,COMPRA,135,64.9446,12.0273,2026-08-04 17:20:52,2026-08-04 17:20:54,2026-08-04 17:20:54
204557,1693,QEUC2,COMPRA,333,177.3979,2.3465,2026-08-04 10:40:54,2026-08-04 10:40:56,2026-08-04 10:40:56
204558,2321,FIUW1,COMPRA,275,89.6801,5.0159,2026-08-04 14:03:24,2026-08-04 14:03:25,2026-08-04 14:03:25
204559,1691,KFSY2,COMPRA,425,86.4386,5.4871,2026-08-04 16:46:32,2026-08-04 16:46:34,2026-08-04 16:46:34
204560,1083,QTHQ1,COMPRA,380,24.8611,2.7076,2026-08-04 11:41:05,2026-08-04 11:41:05,2026-08-04 11:41:05
204561,1224,IJJK3,COMPRA,400,136.9947,5.6789,2026-08-04 12:23:57,2026-08-04 12:23:57,2026-08-04 12:23:57
204562,3245,RFNS7,COMPRA,235,97.7919,4.4015,2026-08-04 15:38:54,2026-08-04 15:38:57,2026-08-04 15:38:57
204563,2538,QATW7,COMPRA,415,55.7730,7.1135,2026-08-04 12:20:41,2026-08-04 12:20:44,2026-08-04 12:20:44
204564,2965,NAOF3,COMPRA,285,75.4509,2.1767,2026-08-04 10:08:19,2026-08-04 10:08:22,2026-08-04 10:08:22
204565,1199,OVUQ2,COMPRA,205,47.0034,4.6798,2026-08-04 17:26:30,2026-08-04 17:26:32,2026-08-04 17:26:32
204566,3376,ERTC4,COMPRA,390,52.4941,8.9313,2026-08-04 16:15:43,2026-08-04 16:15:46,2026-08-04 16:15:46
204567,3339,YYLA4,COMPRA,385,179.2248,10.7559,2026-08-04 10:07:13,2026-08-04 10:07:15,2026-08-04 10:07:15
204568,1992,RDOA3,COMPRA,235,95.1144,0.2745,2026-08-04 11:23:18,2026-08-04 11:23:19,2026-08-04 11:23:19
204569,2892,SRDU1,COMPRA,224,79.3576,0.7731,2026-08-04 16:36:07,2026-08-04 16:36:09,2026-08-04 16:36:09
204570,1310,RMRT1,COMPRA,460,108.4538,0.5124,2026-08-04 13:59:53,2026-08-04 13:59:55,2026-08-04 13:59:55
204571,1269,BOCS8,COMPRA,383,75.8184,4.0173,2026-08-04 15:58:02,2026-08-04 15:58:05,2026-08-04 15:58:05
204572,2580,MGRR2,COMPRA,345,102.1675,10.0903,2026-08-04 13:29:16,2026-08-04 13:29:16,2026-08-04 13:29:16
204573,1771,XLZM9,COMPRA,15,48.4267,2.3978,2026-08-04 13:58:12,2026-08-04 13:58:14,2026-08-04 13:58:14
204574,2069,NUJZ2,COMPRA,131,34.1059,8.2127,2026-08-04 15:51:20,2026-08-04 15:51:23,2026-08-04 15:51:23
204575,2096,WXQM6,COMPRA,344,47.4065,8.4692,2026-08-04 10:33:34,2026-08-04 10:33:34,2026-08-04 10:33:34
204576,1390,RHXV4,COMPRA,295,64.2193,2.3737,2026-08-04 14:31:45,2026-08-04 14:31:46,2026-08-04 14:31:46
204577,1771,NREP8,COMPRA,10,142.8099,0.5675,2026-08-04 15:33:44,2026-08-04 15:33:45,2026-08-04 15:33:45
204578,1483,HJRH5,COMPRA,160,164.7215,9.1109,2026-08-04 13:18:36,2026-08-04 13:18:37,2026-08-04 13:18:37
204579,2588,OVUQ2,COMPRA,255,53.6717,5.3942,2026-08-04 15:42:17,2026-08-04 15:42:18,2026-08-04 15:42:18
204580,2646,BGNM6,VENDA,345,104.8126,9.1275,2026-08-04 12:19:28,2026-08-04 12:19:29,2026-08-04 12:19:29
204581,3189,YYLA4,COMPRA,297,203.8682,9.0662,2026-08-04 11:01:55,2026-08-04 11:01:58,2026-08-04 11:01:58
204582,1519,UQIQ7,COMPRA,152,66.2093,9.6971,2026-08-04 15:47:56,2026-08-04 15:47:57,2026-08-04 15:47:57
204583,1804,IWFI1,COMPRA,446,126.8649,0.4529,2026-08-04 17:25:02,2026-08-04 17:25:02,2026-08-04 17:25:02
204584,1893,SGBG8,COMPRA,430,71.2520,11.4988,2026-08-04 12:59:42,2026-08-04 12:59:42,2026-08-04 12:59:42
204585,2853,KHGP6,COMPRA,185,120.3412,11.8359,2026-08-04 13:14:54,2026-08-04 13:14:55,2026-08-04 13:14:55
204586,1845,KHGP6,COMPRA,171,93.1212,1.7765,2026-08-04 15:42:28,2026-08-04 15:42:28,2026-08-04 15:42:28
204587,1814,RIET5,COMPRA,390,177.9042,2.0480,2026-08-04 11:25:57,2026-08-04 11:25:59,2026-08-04 11:25:59
204588,2087,WXQM6,COMPRA,240,57.3088,12.6149,2026-08-04 12:10:04,2026-08-04 12:10:04,2026-08-04 12:10:04
204589,3270,DMTZ8,COMPRA,240,168.2593,4.3214,2026-08-04 13:11:12,2026-08-04 13:11:12,2026-08-04 13:11:12
204590,2413,XPVA7,COMPRA,480,456.0084,8.9245,2026-08-04 11:10:52,2026-08-04 11:10:52,2026-08-04 11:10:52
204591,1649,XPVA7,COMPRA,371,503.4631,7.7421,2026-08-04 12:37:05,2026-08-04 12:37:07,2026-08-04 12:37:07
204592,2658,JIPR4,COMPRA,190,34.9676,6.8303,2026-08-04 13:55:26,2026-08-04 13:55:29,2026-08-04 13:55:29
204593,3154,DHRM5,COMPRA,155,372.5157,6.4208,2026-08-04 16:11:12,2026-08-04 16:11:12,2026-08-04 16:11:12
204594,2203,MJDL9,COMPRA,10,42.8647,11.7604,2026-08-04 14:18:51,2026-08-04 14:18:52,2026-08-04 14:18:52
204595,1105,KQEO3,COMPRA,315,81.2915,1.6609,2026-08-04 16:43:11,2026-08-04 16:43:14,2026-08-04 16:43:14
204596,1205,DQSN6,COMPRA,270,150.6362,6.8448,2026-08-04 11:49:57,2026-08-04 11:49:57,2026-08-04 11:49:57
204597,1429,GKQC5,COMPRA,120,112.5475,4.9288,2026-08-04 12:28:21,2026-08-04 12:28:22,2026-08-04 12:28:22
204598,2688,NWGB4,COMPRA,315,131.5074,2.0892,2026-08-04 16:26:30,2026-08-04 16:26:32,2026-08-04 16:26:32
204599,1541,NHYK8,COMPRA,500,78.2919,10.4819,2026-08-04 13:57:15,2026-08-04 13:57:15,2026-08-04 13:57:15
204600,1771,AAWB3,COMPRA,405,172.3051,8.8961,2026-08-04 12:56:17,2026-08-04 12:56:17,2026-08-04 12:56:17
204601,2372,MJDL9,COMPRA,85,31.7789,1.7840,2026-08-04 10:05:16,2026-08-04 10:05:19,2026-08-04 10:05:19
204602,2347,XLZM9,COMPRA,450,63.8850,9.2453,2026-08-04 16:55:24,2026-08-04 16:55:25,2026-08-04 16:55:25
204603,2903,TVCE9,COMPRA,185,80.0068,9.3168,2026-08-04 10:56:24,2026-08-04 10:56:27,2026-08-04 10:56:27
204604,2793,HCLJ8,COMPRA,200,89.4299,5.1265,2026-08-04 13:32:53,2026-08-04 13:32:54,2026-08-04 13:32:54
204605,1759,NPEM3,COMPRA,275,77.1418,11.9281,2026-08-04 10:33:01,2026-08-04 10:33:03,2026-08-04 10:33:03
204606,2885,UCHR6,COMPRA,346,370.2800,1.4053,2026-08-04 11:43:02,2026-08-04 11:43:03,2026-08-04 11:43:03
204607,2119,FYZB6,COMPRA,240,58.9236,7.8193,2026-08-04 11:35:42,2026-08-04 11:35:43,2026-08-04 11:35:43
204608,2743,NREP8,COMPRA,472,133.9346,7.7483,2026-08-04 14:45:05,2026-08-04 14:45:05,2026-08-04 14:45:05
204609,3009,XOVY4,COMPRA,155,91.4150,6.7083,2026-08-04 14:48:31,2026-08-04 14:48:31,2026-08-04 14:48:31
204610,2055,BSDJ7,COMPRA,416,200.3567,1.9580,2026-08-04 13:26:18,2026-08-04 13:26:19,2026-08-04 13:26:19
204611,2592,WHMT3,COMPRA,430,102.9488,11.2266,2026-08-04 14:53:56,2026-08-04 14:53:59,2026-08-04 14:53:59
204612,3164,PSEN6,COMPRA,60,239.0152,,2026-08-04 10:26:42,2026-08-04 10:26:42,2026-08-04 10:26:42
204613,1127,SRDU1,COMPRA,270,82.9033,2.7706,2026-08-04 12:06:10,2026-08-04 12:06:11,2026-08-04 12:06:11
204614,2949,TBWG2,COMPRA,350,94.5691,10.2188,2026-08-04 10:49:28,2026-08-04 10:49:29,2026-08-04 10:49:29
204615,2273,GULD2,COMPRA,385,159.6654,0.7134,2026-08-04 15:07:10,2026-08-04 15:07:10,2026-08-04 15:07:10
204616,3254,XLZM9,COMPRA,80,51.6622,7.2263,2026-08-04 11:09:03,2026-08-04 11:09:05,2026-08-04 11:09:05
204617,2489,RFNS7,COMPRA,420,83.8039,0.9207,2026-08-04 15:16:21,2026-08-04 15:16:23,2026-08-04 15:16:23
204618,1942,LQML9,COMPRA,405,110.0428,11.8434,2026-08-04 10:42:55,2026-08-04 10:42:55,2026-08-04 10:42:55
204619,1378,ENRZ2,COMPRA,145,98.2254,0.4019,2026-08-04 14:38:02,2026-08-04 14:38:03,2026-08-04 14:38:03
204620,1657,DQSN6,COMPRA,378,105.4091,5.7248,2026-08-04 13:15:12,2026-08-04 13:15:13,2026-08-04 13:15:13
204621,2215,ERTC4,COMPRA,490,47.2992,12.3403,2026-08-04 16:47:23,2026-08-04 16:47:24,2026-08-04 16:47:24
204622,1827,FRGH8,COMPRA,400,95.0774,11.2164,2026-08-04 15:13:29,2026-08-04 15:13:30,2026-08-04 15:13:30
204623,2532,MGRR2,COMPRA,365,116.5263,11.3823,2026-08-04 14:00:54,2026-08-04 14:00:57,2026-08-04 14:00:57
204624,2063,WIPB2,COMPRA,396,85.2595,0.5266,2026-08-04 15:19:11,2026-08-04 15:19:12,2026-08-04 15:19:12
204625,2679,SRDU1,COMPRA,225,78.0859,10.8871,2026-08-04 17:01:33,2026-08-04 17:01:33,2026-08-04 17:01:33
204626,2560,XLZM9,COMPRA,435,63.9096,4.3030,2026-08-04 16:19:17,2026-08-04 16:19:20,2026-08-04 16:19:20
204627,2950,ZYVN7,COMPRA,45,74.9028,6.2564,2026-08-04 10:35:19,2026-08-04 10:35:20,2026-08-04 10:35:20
204628,2159,ICSU4,COMPRA,120,169.3145,7.7599,2026-08-04 12:21:10,2026-08-04 12:21:13,2026-08-04 12:21:13
204629,2498,QYBV3,COMPRA,210,67.4141,4.5866,2026-08-04 12:26:05,2026-08-04 12:26:07,2026-08-04 12:26:07
204630,3143,ZHTL2,VENDA,130,47.5142,,2026-08-04 12:01:25,2026-08-04 12:01:28,2026-08-04 12:01:28
204631,2720,QATW7,COMPRA,429,38.4076,12.0755,2026-08-04 14:26:40,2026-08-04 14:26:40,2026-08-04 14:26:40
204632,2204,RDOA3,COMPRA,353,87.3247,3.9674,2026-08-04 11:55:59,2026-08-04 11:55:59,2026-08-04 11:55:59
204633,2891,JUDG8,COMPRA,5,89.9273,10.1895,2026-08-04 14:40:38,2026-08-04 14:40:38,2026-08-04 14:40:38
204634,3049,HVEX2,COMPRA,420,144.7984,10.5429,2026-08-04 14:04:43,2026-08-04 14:04:44,2026-08-04 14:04:44
204635,2935,ENRZ2,COMPRA,345,122.2237,6.8491,2026-08-04 15:16:59,2026-08-04 15:16:59,2026-08-04 15:16:59
204636,1211,FRGH8,COMPRA,170,88.7726,3.2365,2026-08-04 11:00:48,2026-08-04 11:00:51,2026-08-04 11:00:51
204637,2394,OVYL9,COMPRA,255,60.0000,9.0462,2026-08-04 12:54:39,2026-08-04 12:54:41,2026-08-04 12:54:41
204638,2319,CQJZ4,COMPRA,475,108.2643,4.8041,2026-08-04 16:29:52,2026-08-04 16:29:54,2026-08-04 16:29:54
204639,2260,TNHT4,COMPRA,145,122.0170,0.2084,2026-08-04 15:31:41,2026-08-04 15:31:44,2026-08-04 15:31:44
204640,3052,ZAAS7,COMPRA,215,477.5581,3.1514,2026-08-04 16:14:58,2026-08-04 16:15:01,2026-08-04 16:15:01
204641,2008,YCCK8,COMPRA,410,378.3017,3.3480,2026-08-04 10:24:57,2026-08-04 10:24:59,2026-08-04 10:24:59
204642,1643,ZYVN7,COMPRA,205,76.5268,6.5039,2026-08-04 12:10:50,2026-08-04 12:10:53,2026-08-04 12:10:53
204643,3459,YFAH5,COMPRA,345,159.8062,0.4263,2026-08-04 13:07:39,2026-08-04 13:07:42,2026-08-04 13:07:42
204644,2271,QYBV3,COMPRA,60,84.6022,1.3291,2026-08-04 16:42:17,2026-08-04 16:42:17,2026-08-04 16:42:17
204645,2945,TTHO3,COMPRA,460,37.8780,8.8192,2026-08-04 16:31:23,2026-08-04 16:31:26,2026-08-04 16:31:26
204646,2268,OVUQ2,COMPRA,235,47.3914,6.4038,2026-08-04 12:27:27,2026-08-04 12:27:28,2026-08-04 12:27:28
204647,2706,MCHX2,COMPRA,153,121.6184,6.8947,2026-08-04 15:11:37,2026-08-04 15:11:37,2026-08-04 15:11:37
204648,2048,FYZB6,COMPRA,20,75.6379,3.4239,2026-08-04 17:12:29,2026-08-04 17:12:30,2026-08-04 17:12:30
204649,2481,CQJZ4,COMPRA,485,83.5335,9.0986,2026-08-04 14:33:52,2026-08-04 14:33:52,2026-08-04 14:33:52
204650,3422,NREP8,COMPRA,10,143.2863,9.9235,2026-08-04 12:52:15,2026-08-04 12:52:15,2026-08-04 12:52:15
204651,1561,NYGT6,COMPRA,30,93.3435,8.0751,2026-08-04 13:29:20,2026-08-04 13:29:23,2026-08-04 13:29:23
204652,1749,BGNM6,COMPRA,335,94.0197,5.9510,2026-08-04 10:05:30,2026-08-04 10:05:33,2026-08-04 10:05:33
204653,1513,SGBG8,COMPRA,475,69.4417,2.7792,2026-08-04 13:55:34,2026-08-04 13:55:35,2026-08-04 13:55:35
204654,2519,AAWB3,COMPRA,120,214.9956,6.9661,2026-08-04 12:46:44,2026-08-04 12:46:45,2026-08-04 12:46:45
204655,3044,CQJZ4,COMPRA,95,106.9221,3.2968,2026-08-04 17:10:20,2026-08-04 17:10:21,2026-08-04 17:10:21
204656,2479,QQQS1,COMPRA,260,23.7154,11.7217,2026-08-04 10:13:26,2026-08-04 10:13:29,2026-08-04 10:13:29
204657,1009,LCCH9,COMPRA,480,10.1927,5.9334,2026-08-04 14:24:04,2026-08-04 14:24:04,2026-08-04 14:24:04
204658,1211,HVEX2,COMPRA,433,117.4311,3.0267,2026-08-04 14:50:08,2026-08-04 14:50:11,2026-08-04 14:50:11
204659,2754,FYZB6,COMPRA,270,84.4253,8.2731,2026-08-04 14:22:27,2026-08-04 14:22:30,2026-08-04 14:22:30
204660,1320,UCHR6,COMPRA,266,493.5838,9.1825,2026-08-04 12:27:56,2026-08-04 12:27:56,2026-08-04 12:27:56
204661,3417,LGKU6,COMPRA,120,94.6526,9.4425,2026-08-04 13:08:51,2026-08-04 13:08:54,2026-08-04 13:08:54
204662,1006,IPXK2,COMPRA,230,319.4483,7.2989,2026-08-04 16:45:54,2026-08-04 16:45:56,2026-08-04 16:45:56
204663,3340,PSEN6,COMPRA,100,196.0012,2.3465,2026-08-04 12:56:45,2026-08-04 12:56:45,2026-08-04 12:56:45
204664,1114,JIPA6,COMPRA,250,45.0977,6.9253,2026-08-04 17:23:33,2026-08-04 17:23:35,2026-08-04 17:23:35
204665,2793,TVCE9,COMPRA,360,58.4543,6.0996,2026-08-04 15:30:54,2026-08-04 15:30:56,2026-08-04 15:30:56
204666,2899,JDJG6,COMPRA,475,90.4824,11.5461,2026-08-04 11:24:27,2026-08-04 11:24:29,2026-08-04 11:24:29
204667,3007,XAVL3,COMPRA,175,215.2109,1.2500,2026-08-04 11:24:44,2026-08-04 11:24:47,2026-08-04 11:24:47
204668,1109,RMRT1,COMPRA,190,85.3066,12.1893,2026-08-04 14:50:11,2026-08-04 14:50:12,2026-08-04 14:50:12
204669,3291,OEQA8,COMPRA,145,457.6382,7.5751,2026-08-04 16:41:45,2026-08-04 16:41:48,2026-08-04 16:41:48
204670,2429,DMTZ8,COMPRA,245,202.3775,2.1164,2026-08-04 11:54:46,2026-08-04 11:54:48,2026-08-04 11:54:48
204671,1643,BOCS8,COMPRA,100,77.1329,4.4351,2026-08-04 17:24:38,2026-08-04 17:24:41,2026-08-04 17:24:41
204672,3218,UCHR6,VENDA,125,453.4542,5.1546,2026-08-04 14:21:44,2026-08-04 14:21:47,2026-08-04 14:21:47
204673,1772,RSBT4,COMPRA,340,304.9885,5.1344,2026-08-04 10:12:53,2026-08-04 10:12:56,2026-08-04 10:12:56
204674,3477,TTHO3,COMPRA,128,43.1608,5.3394,2026-08-04 10:11:32,2026-08-04 10:11:32,2026-08-04 10:11:32
204675,1173,BSDJ7,COMPRA,355,274.1771,1.8896,2026-08-04 11:09:45,2026-08-04 11:09:48,2026-08-04 11:09:48
204676,3215,GKQC5,COMPRA,54,115.5147,2.2042,2026-08-04 13:54:15,2026-08-04 13:54:17,2026-08-04 13:54:17
204677,3154,NHYK8,COMPRA,145,66.6693,8.9126,2026-08-04 16:32:29,2026-08-04 16:32:31,2026-08-04 16:32:31
204678,2641,FRGH8,COMPRA,315,79.3672,11.5300,2026-08-04 12:07:17,2026-08-04 12:07:20,2026-08-04 12:07:20
204679,1464,ZAAS7,COMPRA,210,468.3546,4.7108,2026-08-04 10:25:31,2026-08-04 10:25:33,2026-08-04 10:25:33
204680,2422,EEYY9,COMPRA,101,190.7993,9.6791,2026-08-04 17:01:21,2026-08-04 17:01:21,2026-08-04 17:01:21
204681,1915,YCCK8,COMPRA,87,360.6919,10.4620,2026-08-04 15:23:07,2026-08-04 15:23:08,2026-08-04 15:23:08
204682,3152,NHYK8,COMPRA,135,71.7902,6.4167,2026-08-04 15:15:13,2026-08-04 15:15:13,2026-08-04 15:15:13
204683,1606,ZHTL2,COMPRA,415,55.2090,3.8885,2026-08-04 14:13:23,2026-08-04 14:13:25,2026-08-04 14:13:25
204684,3265,JDJG6,COMPRA,430,83.9330,12.5804,2026-08-04 10:55:00,2026-08-04 10:55:03,2026-08-04 10:55:03
204685,2702,JIPR4,COMPRA,193,26.2434,1.3823,2026-08-04 14:05:38,2026-08-04 14:05:40,2026-08-04 14:05:40
204686,3491,HCLJ8,COMPRA,410,87.1892,0.3381,2026-08-04 16:34:59,2026-08-04 16:34:59,2026-08-04 16:34:59
204687,3465,PZUP8,COMPRA,140,136.7357,2.3909,2026-08-04 12:25:43,2026-08-04 12:25:45,2026-08-04 12:25:45
204688,1662,GKQC5,COMPRA,340,134.2686,11.2640,2026-08-04 13:44:05,2026-08-04 13:44:06,2026-08-04 13:44:06
204689,1655,XTVW5,COMPRA,250,133.3366,11.7468,2026-08-04 14:54:33,2026-08-04 14:54:36,2026-08-04 14:54:36
204690,2075,ICSU4,COMPRA,258,115.5751,11.1464,2026-08-04 10:31:01,2026-08-04 10:31:02,2026-08-04 10:31:02
204691,1898,NGIU9,COMPRA,295,81.9945,7.1166,2026-08-04 14:58:46,2026-08-04 14:58:46,2026-08-04 14:58:46
204692,2832,VLEB3,COMPRA,200,443.4944,10.9362,2026-08-04 12:09:40,2026-08-04 12:09:42,2026-08-04 12:09:42
204693,1866,GAKD5,COMPRA,94,222.4307,11.3186,2026-08-04 15:42:48,2026-08-04 15:42:51,2026-08-04 15:42:51
204694,3086,NYGT6,COMPRA,463,131.4308,0.4103,2026-08-04 16:31:36,2026-08-04 16:31:39,2026-08-04 16:31:39
204695,3404,SRDU1,COMPRA,350,99.6273,10.3374,2026-08-04 13:49:37,2026-08-04 13:49:39,2026-08-04 13:49:39
204696,2631,WMQZ6,COMPRA,30,93.9512,1.6472,2026-08-04 10:43:07,2026-08-04 10:43:08,2026-08-04 10:43:08
204697,3259,YCCK8,COMPRA,195,405.6054,1.7373,2026-08-04 11:42:55,2026-08-04 11:42:58,2026-08-04 11:42:58
204698,1955,NQYT3,COMPRA,170,51.3416,1.4986,2026-08-04 15:04:25,2026-08-04 15:04:27,2026-08-04 15:04:27
204699,2978,PSEN6,COMPRA,245,161.9911,8.2897,2026-08-04 11:12:44,2026-08-04 11:12:45,2026-08-04 11:12:45
204700,1187,OVYL9,COMPRA,475,86.7721,3.0205,2026-08-04 14:03:49,2026-08-04 14:03:51,2026-08-04 14:03:51
204701,1217,JDJG6,COMPRA,175,65.6123,0.3611,2026-08-04 13:33:53,2026-08-04 13:33:53,2026-08-04 13:33:53
204702,3492,YYLA4,COMPRA,150,212.1359,8.7793,2026-08-04 11:53:41,2026-08-04 11:53:41,2026-08-04 11:53:41
204703,2731,DFGR7,COMPRA,160,103.2462,1.1850,2026-08-04 15:48:22,2026-08-04 15:48:22,2026-08-04 15:48:22
204704,1186,ERTC4,COMPRA,320,61.4330,8.3202,2026-08-04 13:13:51,2026-08-04 13:13:52,2026-08-04 13:13:52
204705,2450,ZFBT3,COMPRA,231,95.4688,12.3687,2026-08-04 11:44:16,2026-08-04 11:44:19,2026-08-04 11:44:19
204706,1894,JIPA6,COMPRA,367,43.9120,11.2816,2026-08-04 15:49:47,2026-08-04 15:49:48,2026-08-04 15:49:48
204707,1401,TBWG2,COMPRA,50,93.0873,3.1091,2026-08-04 10:17:58,2026-08-04 10:17:59,2026-08-04 10:17:59
204708,2039,NHYK8,COMPRA,335,52.8794,6.3072,2026-08-04 15:35:43,2026-08-04 15:35:45,2026-08-04 15:35:45
204709,3177,YRWH3,COMPRA,237,214.5233,7.8085,2026-08-04 14:28:41,2026-08-04 14:28:44,2026-08-04 14:28:44
204710,3096,CQIL9,COMPRA,50,31.8780,6.4345,2026-08-04 15:03:48,2026-08-04 15:03:48,2026-08-04 15:03:48
204711,2743,NPEM3,COMPRA,360,76.7414,11.7411,2026-08-04 11:30:14,2026-08-04 11:30:17,2026-08-04 11:30:17
204712,2291,MCHX2,COMPRA,160,85.9959,1.3403,2026-08-04 15:51:06,2026-08-04 15:51:06,2026-08-04 15:51:06
204713,2474,JJVW6,COMPRA,230,158.3528,1.0743,2026-08-04 11:43:21,2026-08-04 11:43:24,2026-08-04 11:43:24
204714,1129,KFSY2,COMPRA,270,119.2009,1.7585,2026-08-04 14:15:16,2026-08-04 14:15:19,2026-08-04 14:15:19
204715,1776,QHFL8,COMPRA,155,184.4035,3.5670,2026-08-04 12:05:43,2026-08-04 12:05:43,2026-08-04 12:05:43
204716,2104,BGNM6,COMPRA,365,84.3809,7.2268,2026-08-04 12:03:18,2026-08-04 12:03:19,2026-08-04 12:03:19
204717,1066,UCHR6,COMPRA,165,361.1249,11.0813,2026-08-04 13:21:47,2026-08-04 13:21:50,2026-08-04 13:21:50
204718,1298,TBWG2,COMPRA,470,87.4135,3.8899,2026-08-04 12:35:16,2026-08-04 12:35:16,2026-08-04 12:35:16
204719,1791,QEUC2,COMPRA,220,209.5345,5.7850,2026-08-04 11:18:54,2026-08-04 11:18:56,2026-08-04 11:18:56
204720,3023,QHFL8,COMPRA,365,160.6539,1.7431,2026-08-04 12:03:08,2026-08-04 12:03:08,2026-08-04 12:03:08
204721,3263,MOLF3,COMPRA,380,50.4846,11.1034,2026-08-04 13:18:40,2026-08-04 13:18:43,2026-08-04 13:18:43
204722,2059,DHRM5,COMPRA,420,343.4755,4.7869,2026-08-04 11:36:00,2026-08-04 11:36:01,2026-08-04 11:36:01
204723,2307,QHFL8,COMPRA,105,156.2085,7.2842,2026-08-04 15:35:17,2026-08-04 15:35:17,2026-08-04 15:35:17
204724,1315,GULD2,COMPRA,481,131.6485,5.9995,2026-08-04 13:35:58,2026-08-04 13:35:59,2026-08-04 13:35:59
204725,1188,UQJU7,COMPRA,415,60.0000,0.5150,2026-08-04 13:35:51,2026-08-04 13:35:52,2026-08-04 13:35:52
204726,1359,NPEM3,COMPRA,13,97.1406,10.6194,2026-08-04 13:49:47,2026-08-04 13:49:50,2026-08-04 13:49:50
204727,3477,RHXV4,COMPRA,210,54.4612,10.5782,2026-08-04 11:03:59,2026-08-04 11:04:00,2026-08-04 11:04:00
204728,2028,TXHR8,COMPRA,370,87.5766,7.7058,2026-08-04 13:28:07,2026-08-04 13:28:09,2026-08-04 13:28:09
204729,2603,RHXV4,COMPRA,50,78.0515,9.0855,2026-08-04 10:16:06,2026-08-04 10:16:09,2026-08-04 10:16:09
204730,2652,UVEY5,COMPRA,2,75.3894,2.6198,2026-08-04 15:43:39,2026-08-04 15:43:42,2026-08-04 15:43:42
204731,2388,OEQA8,COMPRA,365,494.2686,11.1525,2026-08-04 13:26:10,2026-08-04 13:26:12,2026-08-04 13:26:12
204732,1853,QQQS1,COMPRA,130,23.6138,7.8700,2026-08-04 11:57:38,2026-08-04 11:57:39,2026-08-04 11:57:39
204733,1751,UQJU7,COMPRA,253,85.6323,12.8945,2026-08-04 12:29:13,2026-08-04 12:29:16,2026-08-04 12:29:16
204734,2288,BOCS8,COMPRA,415,48.2939,8.4862,2026-08-04 10:00:54,2026-08-04 10:00:54,2026-08-04 10:00:54
204735,2047,BXFJ9,COMPRA,100,185.7457,1.5468,2026-08-04 12:21:46,2026-08-04 12:21:47,2026-08-04 12:21:47
204736,1916,BXFJ9,COMPRA,220,159.0510,12.8972,2026-08-04 15:20:59,2026-08-04 15:21:02,2026-08-04 15:21:02
204737,2077,QHFL8,COMPRA,270,130.6586,1.8814,2026-08-04 16:07:17,2026-08-04 16:07:20,2026-08-04 16:07:20
204738,1219,RYPL6,COMPRA,50,98.6327,7.1800,2026-08-04 11:12:52,2026-08-04 11:12:52,2026-08-04 11:12:52
204739,3488,LCCH9,COMPRA,265,8.1564,0.7635,2026-08-04 15:37:14,2026-08-04 15:37:17,2026-08-04 15:37:17
204740,2288,JIPA6,COMPRA,125,44.3432,4.1081,2026-08-04 15:28:35,2026-08-04 15:28:37,2026-08-04 15:28:37
204741,3356,NREP8,COMPRA,495,100.4424,0.1887,2026-08-04 12:57:15,2026-08-04 12:57:16,2026-08-04 12:57:16
204742,2044,WXQM6,COMPRA,305,55.9802,12.7821,2026-08-04 12:48:50,2026-08-04 12:48:52,2026-08-04 12:48:52
204743,2421,YCCK8,COMPRA,140,408.0127,4.3476,2026-08-04 13:11:32,2026-08-04 13:11:35,2026-08-04 13:11:35
204744,2421,NWGB4,COMPRA,100,116.3967,12.7372,2026-08-04 12:45:49,2026-08-04 12:45:51,2026-08-04 12:45:51
204745,2565,OVUQ2,COMPRA,190,48.3418,2.5150,2026-08-04 15:22:59,2026-08-04 15:22:59,2026-08-04 15:22:59
204746,2376,MOLF3,COMPRA,385,49.5377,11.4531,2026-08-04 15:15:52,2026-08-04 15:15:55,2026-08-04 15:15:55
204747,1512,OVUQ2,COMPRA,290,52.2350,8.4930,2026-08-04 12:35:44,2026-08-04 12:35:44,2026-08-04 12:35:44
204748,3468,SVOZ4,COMPRA,55,53.5177,7.9525,2026-08-04 14:18:09,2026-08-04 14:18:11,2026-08-04 14:18:11
204749,1714,PSEN6,COMPRA,455,241.4126,10.8311,2026-08-04 11:15:13,2026-08-04 11:15:13,2026-08-04 11:15:13
204750,1310,YYLA4,COMPRA,485,218.1434,5.6232,2026-08-04 10:20:17,2026-08-04 10:20:19,2026-08-04 10:20:19
204751,2045,BGNM6,COMPRA,325,112.5397,7.1721,2026-08-04 14:25:59,2026-08-04 14:26:01,2026-08-04 14:26:01
204752,3009,QHFL8,COMPRA,435,115.0290,7.9733,2026-08-04 16:31:43,2026-08-04 16:31:46,2026-08-04 16:31:46
204753,2982,AAUA7,COMPRA,65,123.7875,4.2942,2026-08-04 16:22:24,2026-08-04 16:22:27,2026-08-04 16:22:27
204754,1632,DMTZ8,COMPRA,315,159.9587,7.4939,2026-08-04 15:02:53,2026-08-04 15:02:56,2026-08-04 15:02:56
204755,3365,QTHQ1,COMPRA,475,19.2540,11.0142,2026-08-04 14:40:11,2026-08-04 14:40:12,2026-08-04 14:40:12
204756,3089,WMQZ6,COMPRA,65,92.1260,10.2448,2026-08-04 14:16:06,2026-08-04 14:16:07,2026-08-04 14:16:07
204757,2780,QHFL8,COMPRA,330,173.4370,12.7745,2026-08-04 17:08:33,2026-08-04 17:08:36,2026-08-04 17:08:36
204758,2769,UVEY5,COMPRA,425,89.2996,6.6302,2026-08-04 14:29:42,2026-08-04 14:29:44,2026-08-04 14:29:44
204759,2531,GAKD5,COMPRA,445,314.0910,2.2835,2026-08-04 16:27:07,2026-08-04 16:27:07,2026-08-04 16:27:07
204760,3267,TTHO3,COMPRA,70,37.5879,2.5176,2026-08-04 15:10:58,2026-08-04 15:10:59,2026-08-04 15:10:59
204761,1004,IWFI1,COMPRA,374,201.9525,2.8585,2026-08-04 10:42:25,2026-08-04 10:42:25,2026-08-04 10:42:25
204762,2158,JUDG8,COMPRA,10,105.7887,3.6101,2026-08-04 12:26:49,2026-08-04 12:26:50,2026-08-04 12:26:50
204763,2368,DGBT6,COMPRA,265,103.0396,9.8054,2026-08-04 10:54:34,2026-08-04 10:54:35,2026-08-04 10:54:35
204764,1439,BSDJ7,COMPRA,475,265.6324,1.3224,2026-08-04 15:37:04,2026-08-04 15:37:06,2026-08-04 15:37:06
204765,2227,LCCH9,COMPRA,399,10.2741,2.6386,2026-08-04 12:58:54,2026-08-04 12:58:54,2026-08-04 12:58:54
204766,1535,KQEO3,COMPRA,215,88.7602,10.4280,2026-08-04 14:07:39,2026-08-04 14:07:42,2026-08-04 14:07:42
204767,2365,TXHR8,COMPRA,495,101.3330,5.5087,2026-08-04 17:28:35,2026-08-04 17:28:36,2026-08-04 17:28:36
204768,2598,JJVW6,COMPRA,490,114.6059,11.9022,2026-08-04 16:46:21,2026-08-04 16:46:22,2026-08-04 16:46:22
204769,2364,RMRT1,COMPRA,85,79.1516,9.6086,2026-08-04 10:13:20,2026-08-04 10:13:23,2026-08-04 10:13:23
204770,2394,UQJU7,COMPRA,214,60.0000,2.7231,2026-08-04 13:39:14,2026-08-04 13:39:15,2026-08-04 13:39:15
204771,2501,AAWB3,COMPRA,415,183.0819,9.9252,2026-08-04 15:52:55,2026-08-04 15:52:57,2026-08-04 15:52:57
204772,2448,ERTC4,COMPRA,315,54.3474,8.8956,2026-08-04 15:14:31,2026-08-04 15:14:34,2026-08-04 15:14:34
204773,3089,LGKU6,VENDA,105,77.9203,0.4886,2026-08-04 15:06:08,2026-08-04 15:06:11,2026-08-04 15:06:11
204774,2026,GKQC5,COMPRA,339,128.6000,7.1293,2026-08-04 13:37:35,2026-08-04 13:37:38,2026-08-04 13:37:38
204775,1821,NUJZ2,COMPRA,320,27.9594,7.0966,2026-08-04 11:31:39,2026-08-04 11:31:42,2026-08-04 11:31:42
204776,2422,DHRM5,COMPRA,434,322.4557,11.4931,2026-08-04 12:13:33,2026-08-04 12:13:36,2026-08-04 12:13:36
204777,1994,DHRM5,COMPRA,470,286.2766,7.1038,2026-08-04 14:58:13,2026-08-04 14:58:13,2026-08-04 14:58:13
204778,3476,RSBT4,COMPRA,470,456.6881,2.8737,2026-08-04 15:01:19,2026-08-04 15:01:21,2026-08-04 15:01:21
204779,3088,WXFC8,COMPRA,225,100.5406,0.3143,2026-08-04 15:10:34,2026-08-04 15:10:37,2026-08-04 15:10:37
204780,1667,MJDL9,COMPRA,418,42.2135,11.0189,2026-08-04 14:40:01,2026-08-04 14:40:03,2026-08-04 14:40:03
204781,1229,DMTZ8,COMPRA,428,142.7224,6.4189,2026-08-04 15:31:13,2026-08-04 15:31:13,2026-08-04 15:31:13
204782,2501,DFGR7,COMPRA,140,91.9985,3.7185,2026-08-04 11:17:26,2026-08-04 11:17:29,2026-08-04 11:17:29
204783,1080,UYFJ9,COMPRA,440,105.9506,9.0027,2026-08-04 11:56:52,2026-08-04 11:56:54,2026-08-04 11:56:54
204784,1303,RIET5,COMPRA,15,142.5192,9.1797,2026-08-04 10:49:09,2026-08-04 10:49:09,2026-08-04 10:49:09
204785,3250,XPVA7,COMPRA,300,380.8462,12.0660,2026-08-04 16:21:49,2026-08-04 16:21:49,2026-08-04 16:21:49
204786,2080,MCMT2,COMPRA,465,100.5759,8.7205,2026-08-04 10:29:42,2026-08-04 10:29:44,2026-08-04 10:29:44
204787,3369,CQIL9,COMPRA,290,44.5606,8.0835,2026-08-04 14:44:30,2026-08-04 14:44:31,2026-08-04 14:44:31
204788,1834,GKQC5,COMPRA,475,156.6969,4.7986,2026-08-04 13:02:01,2026-08-04 13:02:04,2026-08-04 13:02:04
204789,2618,MCMT2,COMPRA,460,97.2876,1.7526,2026-08-04 12:49:48,2026-08-04 12:49:48,2026-08-04 12:49:48
204790,3419,YCCK8,COMPRA,445,371.8850,1.5792,2026-08-04 16:10:45,2026-08-04 16:10:46,2026-08-04 16:10:46
204791,1078,ZHTL2,COMPRA,365,52.6469,6.8579,2026-08-04 15:31:54,2026-08-04 15:31:55,2026-08-04 15:31:55
204792,1197,RYPL6,COMPRA,240,100.4204,5.0273,2026-08-04 14:30:05,2026-08-04 14:30:06,2026-08-04 14:30:06
204793,1431,ACSV1,COMPRA,15,121.9100,8.7933,2026-08-04 10:46:12,2026-08-04 10:46:12,2026-08-04 10:46:12
204794,3459,HVEX2,COMPRA,150,124.6027,12.3375,2026-08-04 14:21:49,2026-08-04 14:21:52,2026-08-04 14:21:52
204795,3367,XPVA7,COMPRA,385,442.0716,5.7798,2026-08-04 12:48:18,2026-08-04 12:48:20,2026-08-04 12:48:20
204796,1516,XOVY4,COMPRA,70,86.3482,10.7894,2026-08-04 13:36:10,2026-08-04 13:36:10,2026-08-04 13:36:10
204797,2778,RIET5,COMPRA,435,163.2526,7.7146,2026-08-04 12:34:39,2026-08-04 12:34:42,2026-08-04 12:34:42
204798,1142,HVEX2,COMPRA,20,106.3893,11.6786,2026-08-04 13:15:18,2026-08-04 13:15:20,2026-08-04 13:15:20
204799,2147,QATW7,COMPRA,67,50.5350,5.3866,2026-08-04 10:32:53,2026-08-04 10:32:56,2026-08-04 10:32:56
204800,2832,BGNM6,COMPRA,330,102.4749,9.6625,2026-08-04 13:59:37,2026-08-04 13:59:38,2026-08-04 13:59:38
204801,3325,WIPB2,COMPRA,395,125.7042,1.7758,2026-08-04 14:28:30,2026-08-04 14:28:30,2026-08-04 14:28:30
204802,2349,NHYK8,COMPRA,475,82.9479,2.0715,2026-08-04 12:09:57,2026-08-04 12:09:58,2026-08-04 12:09:58
204803,1519,PZUP8,COMPRA,105,148.0172,9.9977,2026-08-04 16:27:18,2026-08-04 16:27:18,2026-08-04 16:27:18
204804,3372,MJDL9,COMPRA,373,36.7652,3.4885,2026-08-04 10:41:41,2026-08-04 10:41:43,2026-08-04 10:41:43
204805,3458,ACSV1,COMPRA,345,104.5113,10.1138,2026-08-04 16:54:17,2026-08-04 16:54:17,2026-08-04 16:54:17
204806,2253,FYZB6,COMPRA,15,54.2759,7.3516,2026-08-04 13:38:23,2026-08-04 13:38:26,2026-08-04 13:38:26
204807,1475,IZTY4,COMPRA,455,37.7278,7.5400,2026-08-04 11:00:25,2026-08-04 11:00:26,2026-08-04 11:00:26
204808,1469,HVEX2,COMPRA,210,143.2692,6.2519,2026-08-04 13:00:41,2026-08-04 13:00:43,2026-08-04 13:00:43
204809,2630,FYZB6,COMPRA,20,67.5435,12.7199,2026-08-04 14:27:12,2026-08-04 14:27:13,2026-08-04 14:27:13
204810,2485,ZFBT3,COMPRA,300,84.5306,1.5281,2026-08-04 15:09:37,2026-08-04 15:09:39,2026-08-04 15:09:39
204811,2880,XPVA7,COMPRA,5,567.0313,7.7721,2026-08-04 12:41:41,2026-08-04 12:41:43,2026-08-04 12:41:43
204812,2837,TXHR8,COMPRA,215,76.1348,2.8967,2026-08-04 12:33:04,2026-08-04 12:33:06,2026-08-04 12:33:06
204813,2391,XLZM9,COMPRA,355,56.0899,10.2546,2026-08-04 14:01:17,2026-08-04 14:01:18,2026-08-04 14:01:18
204814,1373,PSEN6,COMPRA,500,204.3904,7.8131,2026-08-04 12:24:04,2026-08-04 12:24:06,2026-08-04 12:24:06
204815,2238,DQSN6,COMPRA,265,103.3507,0.5300,2026-08-04 13:56:27,2026-08-04 13:56:28,2026-08-04 13:56:28
204816,1596,MGRR2,COMPRA,205,121.5678,12.5339,2026-08-04 13:17:42,2026-08-04 13:17:43,2026-08-04 13:17:43
204817,3122,KHGP6,COMPRA,325,107.1712,7.8228,2026-08-04 11:11:56,2026-08-04 11:11:59,2026-08-04 11:11:59
204818,2479,DFGR7,COMPRA,321,97.9145,2.9480,2026-08-04 14:15:43,2026-08-04 14:15:46,2026-08-04 14:15:46
204819,1123,UCHR6,COMPRA,75,463.5141,3.9573,2026-08-04 10:02:17,2026-08-04 10:02:18,2026-08-04 10:02:18
204820,2625,YOWA1,COMPRA,487,50.0674,4.5937,2026-08-04 16:09:33,2026-08-04 16:09:34,2026-08-04 16:09:34
204821,1373,RIET5,COMPRA,255,164.5730,0.8782,2026-08-04 14:47:02,2026-08-04 14:47:04,2026-08-04 14:47:04
204822,2876,JJVW6,COMPRA,45,123.9761,1.4783,2026-08-04 14:04:39,2026-08-04 14:04:39,2026-08-04 14:04:39
204823,3359,GULD2,COMPRA,95,127.4188,2.2613,2026-08-04 11:38:18,2026-08-04 11:38:19,2026-08-04 11:38:19
204824,2840,SGBG8,COMPRA,100,79.9317,3.9031,2026-08-04 16:59:12,2026-08-04 16:59:15,2026-08-04 16:59:15
204825,1342,CQIL9,COMPRA,390,40.6629,2.1564,2026-08-04 17:06:32,2026-08-04 17:06:35,2026-08-04 17:06:35
204826,1711,WMQZ6,COMPRA,410,64.6597,3.4561,2026-08-04 13:43:02,2026-08-04 13:43:05,2026-08-04 13:43:05
204827,3073,FIUW1,COMPRA,320,102.1688,4.0581,2026-08-04 15:01:29,2026-08-04 15:01:29,2026-08-04 15:01:29
204828,1640,UQJU7,COMPRA,320,75.2711,0.8575,2026-08-04 13:35:22,2026-08-04 13:35:25,2026-08-04 13:35:25
204829,2908,NAOF3,COMPRA,495,61.9025,8.0616,2026-08-04 13:42:44,2026-08-04 13:42:44,2026-08-04 13:42:44
204830,2453,KQEO3,COMPRA,15,81.0486,11.3808,2026-08-04 17:25:59,2026-08-04 17:26:02,2026-08-04 17:26:02
204831,2833,BGNM6,COMPRA,460,79.7434,10.3101,2026-08-04 14:26:16,2026-08-04 14:26:19,2026-08-04 14:26:19
204832,1644,JDJG6,COMPRA,250,86.8521,2.0880,2026-08-04 10:50:51,2026-08-04 10:50:54,2026-08-04 10:50:54
204833,3094,ERTC4,VENDA,473,60.0251,0.0567,2026-08-04 16:20:07,2026-08-04 16:20:09,2026-08-04 16:20:09
204834,1031,ERTC4,COMPRA,390,59.7318,10.7154,2026-08-04 10:09:15,2026-08-04 10:09:15,2026-08-04 10:09:15
204835,2516,FIUW1,COMPRA,340,94.6957,12.7321,2026-08-04 15:57:26,2026-08-04 15:57:26,2026-08-04 15:57:26
204836,2040,IZTY4,COMPRA,116,28.4136,8.2090,2026-08-04 11:11:58,2026-08-04 11:12:01,2026-08-04 11:12:01
204837,2742,OXVD8,COMPRA,365,63.5379,3.1369,2026-08-04 16:53:15,2026-08-04 16:53:17,2026-08-04 16:53:17
204838,1822,KHGP6,COMPRA,240,106.1947,5.2136,2026-08-04 10:31:34,2026-08-04 10:31:34,2026-08-04 10:31:34
204839,2325,KQEO3,COMPRA,310,88.2375,4.9931,2026-08-04 12:06:49,2026-08-04 12:06:50,2026-08-04 12:06:50
204840,2491,MJDL9,COMPRA,465,38.9822,4.6749,2026-08-04 16:12:40,2026-08-04 16:12:42,2026-08-04 16:12:42
204841,1006,QQQS1,COMPRA,224,19.8706,3.4945,2026-08-04 14:19:31,2026-08-04 14:19:32,2026-08-04 14:19:32
204842,3021,SGBG8,COMPRA,283,93.8515,7.8634,2026-08-04 15:39:38,2026-08-04 15:39:39,2026-08-04 15:39:39
204843,1866,NUJZ2,COMPRA,55,39.1831,7.4150,2026-08-04 12:44:23,2026-08-04 12:44:25,2026-08-04 12:44:25
204844,3033,ZFBT3,COMPRA,250,82.1337,1.4115,2026-08-04 11:38:17,2026-08-04 11:38:19,2026-08-04 11:38:19
204845,2370,WHMT3,COMPRA,400,133.2279,12.1415,2026-08-04 16:07:45,2026-08-04 16:07:48,2026-08-04 16:07:48
204846,1299,MCMT2,COMPRA,215,83.2446,6.0306,2026-08-04 17:15:29,2026-08-04 17:15:31,2026-08-04 17:15:31
204847,2064,OEQA8,COMPRA,200,356.2192,1.5783,2026-08-04 11:29:11,2026-08-04 11:29:14,2026-08-04 11:29:14
204848,2313,AAUA7,COMPRA,376,146.5732,10.8230,2026-08-04 12:13:33,2026-08-04 12:13:35,2026-08-04 12:13:35
204849,1775,DFGR7,COMPRA,95,113.4147,3.3212,2026-08-04 12:44:20,2026-08-04 12:44:21,2026-08-04 12:44:21
204850,2330,HJRH5,COMPRA,198,149.5399,6.8365,2026-08-04 13:19:32,2026-08-04 13:19:32,2026-08-04 13:19:32
204851,2099,NHYK8,COMPRA,15,60.6611,3.4224,2026-08-04 11:45:45,2026-08-04 11:45:48,2026-08-04 11:45:48
204852,3026,WIPB2,COMPRA,185,133.3154,10.6834,2026-08-04 16:28:42,2026-08-04 16:28:44,2026-08-04 16:28:44
204853,1052,ICSU4,COMPRA,90,108.6276,10.8817,2026-08-04 13:20:25,2026-08-04 13:20:26,2026-08-04 13:20:26
204854,1029,ZAAS7,COMPRA,280,510.2813,11.3567,2026-08-04 15:50:32,2026-08-04 15:50:34,2026-08-04 15:50:34
204855,2126,ICSU4,COMPRA,61,158.1069,7.0395,2026-08-04 12:44:46,2026-08-04 12:44:49,2026-08-04 12:44:49
204856,2720,AAWB3,COMPRA,360,174.1585,1.3031,2026-08-04 17:02:15,2026-08-04 17:02:15,2026-08-04 17:02:15
204857,1724,SUZL4,COMPRA,435,121.0252,12.5737,2026-08-04 13:54:18,2026-08-04 13:54:19,2026-08-04 13:54:19
204858,3008,HVEX2,COMPRA,175,157.9050,2.8695,2026-08-04 11:20:14,2026-08-04 11:20:17,2026-08-04 11:20:17
204859,1769,UQJU7,COMPRA,340,88.6519,2.6264,2026-08-04 16:25:53,2026-08-04 16:25:53,2026-08-04 16:25:53
204860,2416,BOCS8,COMPRA,95,60.8982,10.3636,2026-08-04 15:21:22,2026-08-04 15:21:22,2026-08-04 15:21:22
204861,2945,HVEX2,COMPRA,250,123.7515,12.3559,2026-08-04 16:30:01,2026-08-04 16:30:04,2026-08-04 16:30:04
204862,3334,YOWA1,COMPRA,420,62.5962,4.0913,2026-08-04 11:30:53,2026-08-04 11:30:55,2026-08-04 11:30:55
204863,1983,OVYL9,COMPRA,464,60.0000,5.7342,2026-08-04 17:13:10,2026-08-04 17:13:10,2026-08-04 17:13:10
204864,1270,OEQA8,COMPRA,35,498.2174,0.9551,2026-08-04 16:50:06,2026-08-04 16:50:08,2026-08-04 16:50:08
204865,1595,XLZM9,COMPRA,315,58.2034,7.6887,2026-08-04 13:25:58,2026-08-04 13:25:58,2026-08-04 13:25:58
204866,3073,PSEN6,COMPRA,284,228.0708,4.3244,2026-08-04 12:53:50,2026-08-04 12:53:52,2026-08-04 12:53:52
204867,3497,MGRR2,COMPRA,364,103.5696,8.6760,2026-08-04 14:25:13,2026-08-04 14:25:13,2026-08-04 14:25:13
204868,2048,LQML9,COMPRA,460,130.2993,9.6934,2026-08-04 12:08:33,2026-08-04 12:08:36,2026-08-04 12:08:36
204869,2677,JDJG6,COMPRA,395,79.9376,9.2973,2026-08-04 17:19:37,2026-08-04 17:19:38,2026-08-04 17:19:38
204870,3457,UYFJ9,COMPRA,180,99.6093,8.7844,2026-08-04 10:03:03,2026-08-04 10:03:04,2026-08-04 10:03:04
204871,3344,HCZM2,COMPRA,85,459.4448,9.6363,2026-08-04 10:32:37,2026-08-04 10:32:40,2026-08-04 10:32:40
204872,2899,MJDL9,COMPRA,135,37.5068,1.6970,2026-08-04 10:28:39,2026-08-04 10:28:41,2026-08-04 10:28:41
204873,1853,QATW7,COMPRA,130,53.0354,9.6732,2026-08-04 13:28:36,2026-08-04 13:28:38,2026-08-04 13:28:38
204874,1277,FRGH8,COMPRA,5,85.3482,5.1879,2026-08-04 14:59:56,2026-08-04 14:59:58,2026-08-04 14:59:58
204875,1070,FIUW1,COMPRA,225,98.4853,3.0651,2026-08-04 12:28:12,2026-08-04 12:28:12,2026-08-04 12:28:12
204876,1032,DMTZ8,COMPRA,235,193.0640,7.4595,2026-08-04 10:31:38,2026-08-04 10:31:39,2026-08-04 10:31:39
204877,2067,HCZM2,COMPRA,320,371.4348,5.7555,2026-08-04 11:48:27,2026-08-04 11:48:29,2026-08-04 11:48:29
204878,1867,QEUC2,COMPRA,360,214.8846,6.3086,2026-08-04 12:52:45,2026-08-04 12:52:47,2026-08-04 12:52:47
204879,2501,PZUP8,COMPRA,335,160.5199,0.3419,2026-08-04 13:11:54,2026-08-04 13:11:57,2026-08-04 13:11:57
204880,2517,LQML9,COMPRA,210,108.9399,0.5915,2026-08-04 14:36:15,2026-08-04 14:36:16,2026-08-04 14:36:16
204881,3427,HCZM2,COMPRA,35,493.4123,0.4443,2026-08-04 14:37:59,2026-08-04 14:38:00,2026-08-04 14:38:00
204882,1243,TNHT4,COMPRA,435,97.1151,1.6330,2026-08-04 10:35:48,2026-08-04 10:35:49,2026-08-04 10:35:49
204883,2257,PZUP8,VENDA,485,131.3171,6.3844,2026-08-04 11:13:27,2026-08-04 11:13:28,2026-08-04 11:13:28
204884,1195,NYGT6,COMPRA,465,131.4616,12.8651,2026-08-04 13:44:08,2026-08-04 13:44:08,2026-08-04 13:44:08
204885,1941,DEGN5,COMPRA,40,108.2644,12.4617,2026-08-04 11:18:42,2026-08-04 11:18:43,2026-08-04 11:18:43
204886,2689,NWGB4,COMPRA,500,148.1933,5.0918,2026-08-04 11:28:15,2026-08-04 11:28:17,2026-08-04 11:28:17
204887,3298,XOVY4,COMPRA,380,125.5113,12.2158,2026-08-04 13:31:38,2026-08-04 13:31:38,2026-08-04 13:31:38
204888,3389,SUZL4,COMPRA,69,164.3292,4.7193,2026-08-04 13:46:41,2026-08-04 13:46:41,2026-08-04 13:46:41
204889,2798,QATW7,COMPRA,359,57.5154,6.4010,2026-08-04 10:26:36,2026-08-04 10:26:39,2026-08-04 10:26:39
204890,2302,XLZM9,COMPRA,137,60.1385,8.2012,2026-08-04 16:26:44,2026-08-04 16:26:44,2026-08-04 16:26:44
204891,3340,QQQS1,COMPRA,25,22.5164,3.4164,2026-08-04 13:52:01,2026-08-04 13:52:01,2026-08-04 13:52:01
204892,1030,KQEO3,COMPRA,355,88.0782,10.5939,2026-08-04 14:45:58,2026-08-04 14:46:00,2026-08-04 14:46:00
204893,2180,SVOZ4,COMPRA,445,46.1780,11.2734,2026-08-04 14:34:50,2026-08-04 14:34:53,2026-08-04 14:34:53
204894,2562,RSBT4,COMPRA,175,449.0977,8.6798,2026-08-04 15:48:10,2026-08-04 15:48:11,2026-08-04 15:48:11
204895,3227,TBWG2,COMPRA,435,78.6875,6.3914,2026-08-04 15:01:22,2026-08-04 15:01:25,2026-08-04 15:01:25
204896,2304,IZTY4,COMPRA,375,36.0666,2.8341,2026-08-04 11:41:38,2026-08-04 11:41:41,2026-08-04 11:41:41
204897,1005,DSFC9,COMPRA,190,327.5536,3.6691,2026-08-04 12:38:15,2026-08-04 12:38:16,2026-08-04 12:38:16
204898,1902,DGBT6,COMPRA,254,110.1182,5.8995,2026-08-04 11:19:14,2026-08-04 11:19:16,2026-08-04 11:19:16
204899,2267,YCCK8,COMPRA,430,390.4736,12.4581,2026-08-04 11:02:35,2026-08-04 11:02:38,2026-08-04 11:02:38
204900,1627,NGIU9,COMPRA,320,87.6000,1.0868,2026-08-04 14:08:22,2026-08-04 14:08:25,2026-08-04 14:08:25
204901,2434,KFSY2,COMPRA,480,131.3538,2.3351,2026-08-04 17:00:39,2026-08-04 17:00:40,2026-08-04 17:00:40
204902,1409,KQEO3,COMPRA,190,72.9153,0.0978,2026-08-04 11:28:17,2026-08-04 11:28:17,2026-08-04 11:28:17
204903,1158,NAOF3,COMPRA,275,71.6452,7.1995,2026-08-04 14:37:07,2026-08-04 14:37:07,2026-08-04 14:37:07
204904,1927,YYLA4,COMPRA,305,214.4527,3.7867,2026-08-04 12:24:09,2026-08-04 12:24:09,2026-08-04 12:24:09
204905,1766,ZFBT3,COMPRA,5,117.1067,11.2277,2026-08-04 16:42:19,2026-08-04 16:42:19,2026-08-04 16:42:19
204906,3070,GULD2,COMPRA,65,168.9964,3.7951,2026-08-04 13:08:55,2026-08-04 13:08:58,2026-08-04 13:08:58
204907,1484,NAOF3,COMPRA,254,71.6499,12.3916,2026-08-04 15:57:03,2026-08-04 15:57:03,2026-08-04 15:57:03
204908,3047,ACSV1,COMPRA,500,118.6311,5.5788,2026-08-04 13:08:52,2026-08-04 13:08:52,2026-08-04 13:08:52
204909,2920,BSDJ7,COMPRA,269,201.0552,7.5894,2026-08-04 15:12:39,2026-08-04 15:12:42,2026-08-04 15:12:42
204910,3334,FRGH8,COMPRA,260,71.3697,6.1087,2026-08-04 17:19:44,2026-08-04 17:19:45,2026-08-04 17:19:45
204911,1277,UCHR6,COMPRA,430,314.7459,6.8315,2026-08-04 16:02:14,2026-08-04 16:02:17,2026-08-04 16:02:17
204912,2356,FYZB6,COMPRA,291,55.7927,5.3347,2026-08-04 12:37:21,2026-08-04 12:37:24,2026-08-04 12:37:24
204913,3266,MCHX2,COMPRA,289,108.1185,8.6838,2026-08-04 17:17:38,2026-08-04 17:17:38,2026-08-04 17:17:38
204914,3143,JIPR4,COMPRA,75,40.4252,11.8125,2026-08-04 15:05:57,2026-08-04 15:05:57,2026-08-04 15:05:57
204915,2199,UQJU7,COMPRA,305,60.0000,12.1022,2026-08-04 11:27:57,2026-08-04 11:28:00,2026-08-04 11:28:00
204916,1279,TBWG2,COMPRA,209,96.9490,0.8322,2026-08-04 14:36:16,2026-08-04 14:36:18,2026-08-04 14:36:18
204917,2897,AAUA7,COMPRA,70,103.2070,10.0249,2026-08-04 14:13:02,2026-08-04 14:13:05,2026-08-04 14:13:05
204918,2965,JIPR4,COMPRA,435,32.5223,3.4112,2026-08-04 12:51:06,2026-08-04 12:51:09,2026-08-04 12:51:09
204919,1369,GKQC5,COMPRA,130,119.5288,6.4884,2026-08-04 16:13:32,2026-08-04 16:13:32,2026-08-04 16:13:32
204920,2612,DFGR7,COMPRA,276,90.6466,2.3241,2026-08-04 16:25:43,2026-08-04 16:25:46,2026-08-04 16:25:46
204921,1519,PSEN6,COMPRA,345,149.8274,0.1682,2026-08-04 14:43:16,2026-08-04 14:43:18,2026-08-04 14:43:18
204922,2139,GKQC5,COMPRA,187,126.7088,10.0806,2026-08-04 13:43:32,2026-08-04 13:43:35,2026-08-04 13:43:35
204923,1331,DQSN6,COMPRA,470,164.9573,2.2270,2026-08-04 12:28:29,2026-08-04 12:28:29,2026-08-04 12:28:29
204924,1989,QQQS1,COMPRA,305,26.8070,6.4018,2026-08-04 14:03:29,2026-08-04 14:03:31,2026-08-04 14:03:31
204925,2490,FRGH8,COMPRA,180,70.2309,0.8759,2026-08-04 16:30:29,2026-08-04 16:30:29,2026-08-04 16:30:29
204926,2916,PQUT9,COMPRA,460,86.3402,4.2753,2026-08-04 14:58:43,2026-08-04 14:58:46,2026-08-04 14:58:46
204927,2837,WHMT3,COMPRA,290,116.3960,0.6482,2026-08-04 11:34:51,2026-08-04 11:34:53,2026-08-04 11:34:53
204928,2431,YRWH3,COMPRA,333,239.5710,4.4740,2026-08-04 14:00:08,2026-08-04 14:00:08,2026-08-04 14:00:08
204929,1963,RHXV4,COMPRA,220,51.9463,7.3723,2026-08-04 16:10:15,2026-08-04 16:10:15,2026-08-04 16:10:15
204930,1303,UVEY5,COMPRA,145,85.1333,5.6063,2026-08-04 11:05:46,2026-08-04 11:05:46,2026-08-04 11:05:46
204931,1123,JUDG8,COMPRA,390,101.1148,8.2320,2026-08-04 13:11:00,2026-08-04 13:11:02,2026-08-04 13:11:02
204932,3406,HCLJ8,COMPRA,35,89.8631,0.4047,2026-08-04 15:44:44,2026-08-04 15:44:47,2026-08-04 15:44:47
204933,1276,EEYY9,COMPRA,55,188.0003,4.0121,2026-08-04 10:19:28,2026-08-04 10:19:29,2026-08-04 10:19:29
204934,1745,SUZL4,COMPRA,200,136.2940,4.1282,2026-08-04 15:55:47,2026-08-04 15:55:48,2026-08-04 15:55:48
204935,2169,PSEN6,COMPRA,200,205.5118,12.6019,2026-08-04 13:40:49,2026-08-04 13:40:50,2026-08-04 13:40:50
204936,1046,QATW7,COMPRA,305,42.8162,3.7316,2026-08-04 12:05:02,2026-08-04 12:05:05,2026-08-04 12:05:05
204937,3483,NREP8,COMPRA,485,147.4275,1.7734,2026-08-04 14:08:06,2026-08-04 14:08:09,2026-08-04 14:08:09
204938,1156,ACSV1,COMPRA,245,108.6824,2.0485,2026-08-04 16:51:39,2026-08-04 16:51:41,2026-08-04 16:51:41
204939,1024,QEUC2,COMPRA,410,178.8115,10.2270,2026-08-04 15:15:16,2026-08-04 15:15:19,2026-08-04 15:15:19
204940,2596,FYZB6,COMPRA,205,63.6315,0.7003,2026-08-04 10:00:39,2026-08-04 10:00:39,2026-08-04 10:00:39
204941,2839,ECQD7,COMPRA,110,69.7815,7.5868,2026-08-04 10:21:39,2026-08-04 10:21:41,2026-08-04 10:21:41
204942,2202,RMRT1,COMPRA,250,118.5674,0.7316,2026-08-04 13:45:18,2026-08-04 13:45:20,2026-08-04 13:45:20
204943,1464,SVOZ4,COMPRA,230,46.8765,12.1495,2026-08-04 15:36:50,2026-08-04 15:36:50,2026-08-04 15:36:50
204944,1011,QHFL8,COMPRA,36,184.0068,1.7180,2026-08-04 12:50:56,2026-08-04 12:50:58,2026-08-04 12:50:58
204945,1562,JIPR4,COMPRA,420,41.0993,2.4042,2026-08-04 10:35:14,2026-08-04 10:35:17,2026-08-04 10:35:17
204946,2488,XPVA7,COMPRA,240,537.3538,8.2906,2026-08-04 12:45:16,2026-08-04 12:45:19,2026-08-04 12:45:19
204947,1993,HJRH5,COMPRA,335,130.9538,4.3948,2026-08-04 10:33:07,2026-08-04 10:33:07,2026-08-04 10:33:07
204948,2126,AAWB3,COMPRA,116,175.3986,3.3191,2026-08-04 12:37:09,2026-08-04 12:37:11,2026-08-04 12:37:11
204949,2973,FIUW1,COMPRA,385,135.4063,3.1852,2026-08-04 11:30:36,2026-08-04 11:30:36,2026-08-04 11:30:36
204950,1244,KQEO3,COMPRA,440,69.7783,6.3863,2026-08-04 16:10:33,2026-08-04 16:10:33,2026-08-04 16:10:33
204951,2506,BXFJ9,COMPRA,390,150.3793,1.5387,2026-08-04 17:24:08,2026-08-04 17:24:11,2026-08-04 17:24:11
204952,1609,BXFJ9,COMPRA,405,168.3872,12.1779,2026-08-04 11:14:07,2026-08-04 11:14:08,2026-08-04 11:14:08
204953,2116,PSEN6,COMPRA,80,155.5117,7.5161,2026-08-04 12:36:52,2026-08-04 12:36:54,2026-08-04 12:36:54
204954,2844,ZYVN7,COMPRA,285,76.0270,8.2535,2026-08-04 16:40:24,2026-08-04 16:40:26,2026-08-04 16:40:26
204955,1471,NQYT3,COMPRA,327,73.5783,7.6264,2026-08-04 14:18:39,2026-08-04 14:18:41,2026-08-04 14:18:41
204956,2452,WXFC8,COMPRA,135,107.3762,5.2173,2026-08-04 14:45:33,2026-08-04 14:45:33,2026-08-04 14:45:33
204957,1217,TTHO3,VENDA,340,30.6948,10.6889,2026-08-04 12:48:02,2026-08-04 12:48:04,2026-08-04 12:48:04
204958,2370,QQQS1,COMPRA,158,26.8228,9.4841,2026-08-04 14:34:21,2026-08-04 14:34:24,2026-08-04 14:34:24
204959,2030,KFSY2,COMPRA,210,131.1251,4.1819,2026-08-04 14:05:32,2026-08-04 14:05:32,2026-08-04 14:05:32
204960,2709,IWFI1,COMPRA,430,173.4746,3.0588,2026-08-04 14:46:23,2026-08-04 14:46:23,2026-08-04 14:46:23
204961,1478,KHGP6,COMPRA,45,81.3042,1.7145,2026-08-04 15:16:53,2026-08-04 15:16:53,2026-08-04 15:16:53
204962,2618,YCCK8,COMPRA,497,343.0145,4.6998,2026-08-04 14:09:51,2026-08-04 14:09:54,2026-08-04 14:09:54
204963,3093,UQJU7,COMPRA,270,68.9109,1.2241,2026-08-04 11:35:23,2026-08-04 11:35:26,2026-08-04 11:35:26
204964,2925,RSBT4,COMPRA,85,331.7777,12.4877,2026-08-04 10:52:23,2026-08-04 10:52:26,2026-08-04 10:52:26
204965,1689,ENRZ2,COMPRA,369,90.9085,12.8121,2026-08-04 16:48:49,2026-08-04 16:48:49,2026-08-04 16:48:49
204966,3279,PBZM6,COMPRA,406,47.4432,4.6723,2026-08-04 17:27:58,2026-08-04 17:28:01,2026-08-04 17:28:01
204967,1943,WXFC8,COMPRA,65,105.3716,9.5592,2026-08-04 16:42:31,2026-08-04 16:42:31,2026-08-04 16:42:31
204968,1917,BSDJ7,COMPRA,95,206.9862,2.0041,2026-08-04 10:30:34,2026-08-04 10:30:37,2026-08-04 10:30:37
204969,2994,RMRT1,COMPRA,75,109.9815,10.2890,2026-08-04 10:18:48,2026-08-04 10:18:48,2026-08-04 10:18:48
204970,1576,NQYT3,COMPRA,124,76.2510,6.2141,2026-08-04 10:22:55,2026-08-04 10:22:56,2026-08-04 10:22:56
204971,2350,XPVA7,COMPRA,250,426.7829,7.8392,2026-08-04 11:45:31,2026-08-04 11:45:32,2026-08-04 11:45:32
204972,3467,UQJU7,COMPRA,455,87.1030,8.3653,2026-08-04 12:53:02,2026-08-04 12:53:04,2026-08-04 12:53:04
204973,2893,PZUP8,COMPRA,150,178.7077,8.6526,2026-08-04 15:37:06,2026-08-04 15:37:08,2026-08-04 15:37:08
204974,2251,DFGR7,COMPRA,255,103.7299,0.9860,2026-08-04 12:10:20,2026-08-04 12:10:22,2026-08-04 12:10:22
204975,1059,PZUP8,COMPRA,290,146.8291,5.1851,2026-08-04 12:03:48,2026-08-04 12:03:50,2026-08-04 12:03:50
204976,1936,HVEX2,COMPRA,480,159.2223,5.9441,2026-08-04 13:42:06,2026-08-04 13:42:06,2026-08-04 13:42:06
204977,2507,VLEB3,COMPRA,265,383.3696,10.1532,2026-08-04 17:08:26,2026-08-04 17:08:27,2026-08-04 17:08:27
204978,1909,IZTY4,COMPRA,323,29.8095,5.0951,2026-08-04 14:41:42,2026-08-04 14:41:43,2026-08-04 14:41:43
204979,1717,TVCE9,COMPRA,480,52.9714,2.6770,2026-08-04 12:13:48,2026-08-04 12:13:49,2026-08-04 12:13:49
204980,2893,OVUQ2,COMPRA,157,53.0613,9.9362,2026-08-04 15:15:19,2026-08-04 15:15:22,2026-08-04 15:15:22
204981,2437,NPEM3,COMPRA,275,115.0383,12.8603,2026-08-04 17:11:38,2026-08-04 17:11:41,2026-08-04 17:11:41
204982,2745,ENRZ2,COMPRA,485,77.3246,11.2076,2026-08-04 13:26:49,2026-08-04 13:26:51,2026-08-04 13:26:51
204983,2938,DGBT6,COMPRA,340,73.2825,2.4056,2026-08-04 11:23:36,2026-08-04 11:23:38,2026-08-04 11:23:38
204984,1312,YOWA1,COMPRA,275,64.8089,8.1298,2026-08-04 11:56:01,2026-08-04 11:56:02,2026-08-04 11:56:02
204985,1596,LGKU6,COMPRA,159,65.0228,2.0274,2026-08-04 12:53:27,2026-08-04 12:53:27,2026-08-04 12:53:27
204986,2216,BGNM6,COMPRA,220,115.9029,2.9313,2026-08-04 17:16:48,2026-08-04 17:16:48,2026-08-04 17:16:48
204987,1262,IZTY4,COMPRA,145,27.8807,1.1901,2026-08-04 15:25:11,2026-08-04 15:25:14,2026-08-04 15:25:14
204988,1718,BOCS8,COMPRA,40,66.3367,5.2587,2026-08-04 14:15:10,2026-08-04 14:15:10,2026-08-04 14:15:10
204989,2980,QATW7,COMPRA,160,42.6687,11.5226,2026-08-04 12:34:14,2026-08-04 12:34:14,2026-08-04 12:34:14
204990,1386,QTDZ2,COMPRA,195,56.0219,4.8136,2026-08-04 12:32:45,2026-08-04 12:32:46,2026-08-04 12:32:46
204991,1229,KHGP6,COMPRA,260,97.9229,5.9424,2026-08-04 11:29:31,2026-08-04 11:29:33,2026-08-04 11:29:33
204992,1334,TTHO3,COMPRA,445,29.2441,3.3927,2026-08-04 16:37:36,2026-08-04 16:37:38,2026-08-04 16:37:38
204993,2501,RDOA3,COMPRA,400,76.5218,11.1469,2026-08-04 12:07:59,2026-08-04 12:08:02,2026-08-04 12:08:02
204994,3245,UQJU7,COMPRA,455,60.0000,3.7021,2026-08-04 16:48:02,2026-08-04 16:48:02,2026-08-04 16:48:02
204995,2072,PQUT9,COMPRA,425,75.6017,4.8867,2026-08-04 13:20:14,2026-08-04 13:20:15,2026-08-04 13:20:15
204996,2225,WXFC8,COMPRA,160,99.4253,0.3239,2026-08-04 14:33:30,2026-08-04 14:33:31,2026-08-04 14:33:31
204997,2721,AYFQ2,COMPRA,264,9.8486,4.0844,2026-08-04 16:26:58,2026-08-04 16:26:58,2026-08-04 16:26:58
204998,1654,YRWH3,COMPRA,300,157.4220,9.2571,2026-08-04 15:52:48,2026-08-04 15:52:49,2026-08-04 15:52:49
204999,3368,BXFJ9,COMPRA,20,167.1298,7.3471,2026-08-04 12:28:20,2026-08-04 12:28:23,2026-08-04 12:28:23
205000,1290,UCHR6,COMPRA,85,363.8748,9.1538,2026-08-04 11:13:40,2026-08-04 11:13:42,2026-08-04 11:13:42
205001,1946,KFSY2,COMPRA,495,98.3488,2.2668,2026-08-04 15:13:40,2026-08-04 15:13:40,2026-08-04 15:13:40
205002,1477,TNHT4,COMPRA,100,96.1828,7.3382,2026-08-04 13:41:30,2026-08-04 13:41:32,2026-08-04 13:41:32
205003,3012,SRDU1,COMPRA,185,96.7437,0.1446,2026-08-04 11:29:14,2026-08-04 11:29:17,2026-08-04 11:29:17
205004,2291,DMTZ8,COMPRA,366,178.7656,9.4770,2026-08-04 12:22:53,2026-08-04 12:22:54,2026-08-04 12:22:54
205005,1908,IWAK1,COMPRA,150,76.7451,12.0186,2026-08-04 10:24:21,2026-08-04 10:24:24,2026-08-04 10:24:24
205006,1844,DSFC9,COMPRA,470,525.9960,11.1970,2026-08-04 14:04:12,2026-08-04 14:04:15,2026-08-04 14:04:15
205007,2765,WXFC8,VENDA,40,90.2897,9.1916,2026-08-04 13:07:50,2026-08-04 13:07:50,2026-08-04 13:07:50
205008,2405,JUDG8,COMPRA,135,104.8169,11.1869,2026-08-04 16:49:03,2026-08-04 16:49:05,2026-08-04 16:49:05
205009,2393,YRWH3,COMPRA,280,164.7110,9.0714,2026-08-04 17:19:16,2026-08-04 17:19:19,2026-08-04 17:19:19
205010,1880,PQUT9,COMPRA,238,76.8691,11.9001,2026-08-04 10:56:06,2026-08-04 10:56:06,2026-08-04 10:56:06
205011,3498,IJJK3,COMPRA,170,92.7760,1.7591,2026-08-04 13:07:51,2026-08-04 13:07:51,2026-08-04 13:07:51
205012,1079,NHYK8,COMPRA,95,74.6336,3.3170,2026-08-04 10:10:24,2026-08-04 10:10:26,2026-08-04 10:10:26
205013,3282,IPXK2,COMPRA,185,355.9875,10.4430,2026-08-04 15:52:13,2026-08-04 15:52:14,2026-08-04 15:52:14
205014,1812,NYGT6,COMPRA,105,92.5292,9.0984,2026-08-04 12:26:04,2026-08-04 12:26:06,2026-08-04 12:26:06
205015,1164,NHYK8,COMPRA,270,74.9350,0.0429,2026-08-04 10:50:41,2026-08-04 10:50:42,2026-08-04 10:50:42
205016,2883,QEUC2,COMPRA,65,198.6996,12.4184,2026-08-04 12:11:32,2026-08-04 12:11:35,2026-08-04 12:11:35
205017,2740,OEQA8,COMPRA,190,339.1694,9.8200,2026-08-04 14:45:59,2026-08-04 14:46:00,2026-08-04 14:46:00
205018,2507,PBZM6,COMPRA,80,54.9582,11.0044,2026-08-04 15:05:53,2026-08-04 15:05:54,2026-08-04 15:05:54
205019,2794,JIPA6,COMPRA,299,44.9396,5.5763,2026-08-04 11:39:57,2026-08-04 11:39:57,2026-08-04 11:39:57
205020,1052,PBZM6,COMPRA,400,48.7613,4.8815,2026-08-04 16:07:12,2026-08-04 16:07:14,2026-08-04 16:07:14
205021,1306,IWAK1,COMPRA,35,84.4944,2.6072,2026-08-04 15:11:03,2026-08-04 15:11:04,2026-08-04 15:11:04
205022,2266,WIPB2,COMPRA,476,99.2746,0.3334,2026-08-04 17:19:14,2026-08-04 17:19:16,2026-08-04 17:19:16
205023,1288,NPEM3,COMPRA,77,120.2577,11.3845,2026-08-04 15:42:20,2026-08-04 15:42:22,2026-08-04 15:42:22
205024,1416,TXHR8,COMPRA,490,104.1792,11.1002,2026-08-04 10:03:13,2026-08-04 10:03:14,2026-08-04 10:03:14
205025,2722,WHMT3,COMPRA,259,116.1838,9.7949,2026-08-04 11:42:51,2026-08-04 11:42:53,2026-08-04 11:42:53
205026,3137,YYLA4,COMPRA,340,242.6653,4.0161,2026-08-04 15:41:01,2026-08-04 15:41:03,2026-08-04 15:41:03
205027,1413,JDJG6,COMPRA,60,62.9121,3.9029,2026-08-04 13:22:40,2026-08-04 13:22:41,2026-08-04 13:22:41
205028,2509,SVOZ4,VENDA,310,41.0702,6.3205,2026-08-04 14:34:26,2026-08-04 14:34:28,2026-08-04 14:34:28
205029,3188,YOWA1,COMPRA,130,59.2239,10.2245,2026-08-04 13:58:44,2026-08-04 13:58:46,2026-08-04 13:58:46
205030,3395,PQUT9,COMPRA,243,95.2593,2.1786,2026-08-04 16:05:18,2026-08-04 16:05:19,2026-08-04 16:05:19
205031,1095,ERTC4,COMPRA,415,52.5482,0.0913,2026-08-04 12:55:04,2026-08-04 12:55:07,2026-08-04 12:55:07
205032,1977,NYGT6,COMPRA,130,89.5083,6.2595,2026-08-04 16:30:39,2026-08-04 16:30:39,2026-08-04 16:30:39
205033,2545,RYPL6,COMPRA,210,83.6330,12.4217,2026-08-04 15:13:04,2026-08-04 15:13:05,2026-08-04 15:13:05
205034,1615,OVYL9,COMPRA,478,71.1209,0.5321,2026-08-04 15:15:12,2026-08-04 15:15:14,2026-08-04 15:15:14
205035,2680,OXVD8,COMPRA,102,68.4473,8.0780,2026-08-04 16:51:44,2026-08-04 16:51:46,2026-08-04 16:51:46
205036,2052,HJRH5,COMPRA,315,169.1989,12.2282,2026-08-04 15:36:58,2026-08-04 15:37:01,2026-08-04 15:37:01
205037,2944,HCLJ8,COMPRA,475,89.0128,3.2433,2026-08-04 11:12:46,2026-08-04 11:12:46,2026-08-04 11:12:46
205038,1810,PSEN6,COMPRA,385,175.2945,3.7632,2026-08-04 16:19:47,2026-08-04 16:19:50,2026-08-04 16:19:50
205039,1056,DEGN5,COMPRA,60,91.1714,9.9339,2026-08-04 15:16:18,2026-08-04 15:16:20,2026-08-04 15:16:20
205040,3444,SGBG8,COMPRA,145,102.3450,2.0605,2026-08-04 11:38:00,2026-08-04 11:38:02,2026-08-04 11:38:02
205041,2979,NQYT3,COMPRA,80,64.8961,3.5696,2026-08-04 10:58:17,2026-08-04 10:58:20,2026-08-04 10:58:20
205042,1164,BOCS8,COMPRA,170,74.9293,12.8643,2026-08-04 14:10:38,2026-08-04 14:10:41,2026-08-04 14:10:41
205043,1572,TXHR8,COMPRA,355,106.4361,4.6385,2026-08-04 10:09:10,2026-08-04 10:09:11,2026-08-04 10:09:11
205044,2966,ZFBT3,COMPRA,10,94.3274,0.1526,2026-08-04 11:15:54,2026-08-04 11:15:57,2026-08-04 11:15:57
205045,1682,PBZM6,COMPRA,325,54.4452,7.3367,2026-08-04 13:03:47,2026-08-04 13:03:49,2026-08-04 13:03:49
205046,2510,OVYL9,COMPRA,190,65.2697,4.9462,2026-08-04 14:14:10,2026-08-04 14:14:11,2026-08-04 14:14:11
205047,2642,RYPL6,COMPRA,195,96.3653,7.8750,2026-08-04 14:47:27,2026-08-04 14:47:29,2026-08-04 14:47:29
205048,3463,JIPR4,COMPRA,1,32.6780,6.6843,2026-08-04 16:11:11,2026-08-04 16:11:12,2026-08-04 16:11:12
205049,1412,NGIU9,COMPRA,55,96.6247,7.7945,2026-08-04 13:39:40,2026-08-04 13:39:43,2026-08-04 13:39:43
205050,1732,UVEY5,COMPRA,19,98.6997,12.0754,2026-08-04 14:24:28,2026-08-04 14:24:29,2026-08-04 14:24:29
205051,1618,WMQZ6,COMPRA,235,91.5238,0.4117,2026-08-04 15:16:44,2026-08-04 15:16:46,2026-08-04 15:16:46
205052,1967,UCHR6,COMPRA,460,466.4956,3.9305,2026-08-04 14:10:53,2026-08-04 14:10:54,2026-08-04 14:10:54
205053,1105,TXHR8,COMPRA,485,99.7838,4.3178,2026-08-04 17:08:05,2026-08-04 17:08:08,2026-08-04 17:08:08
205054,1116,OXVD8,COMPRA,100,74.9064,12.4502,2026-08-04 10:23:16,2026-08-04 10:23:17,2026-08-04 10:23:17
205055,1165,FIUW1,COMPRA,220,121.3654,0.0797,2026-08-04 17:15:44,2026-08-04 17:15:44,2026-08-04 17:15:44
205056,3420,BOCS8,COMPRA,15,74.4306,5.3596,2026-08-04 16:56:24,2026-08-04 16:56:26,2026-08-04 16:56:26
205057,3111,MCHX2,COMPRA,350,113.8025,3.4052,2026-08-04 16:54:34,2026-08-04 16:54:35,2026-08-04 16:54:35
205058,3269,FIUW1,COMPRA,150,136.5558,11.1847,2026-08-04 16:27:52,2026-08-04 16:27:52,2026-08-04 16:27:52
205059,1735,TBWG2,COMPRA,340,63.3522,12.6863,2026-08-04 15:12:51,2026-08-04 15:12:51,2026-08-04 15:12:51
205060,1440,IJJK3,COMPRA,455,95.9787,0.4023,2026-08-04 12:36:20,2026-08-04 12:36:20,2026-08-04 12:36:20
205061,2650,RDOA3,COMPRA,460,99.9291,11.6466,2026-08-04 17:06:21,2026-08-04 17:06:22,2026-08-04 17:06:22
205062,2819,WXQM6,COMPRA,332,40.6548,12.2537,2026-08-04 11:51:41,2026-08-04 11:51:44,2026-08-04 11:51:44
205063,1765,BGNM6,COMPRA,500,103.4353,10.1691,2026-08-04 14:25:21,2026-08-04 14:25:21,2026-08-04 14:25:21
205064,3096,ZYVN7,COMPRA,136,65.5088,10.2101,2026-08-04 12:06:05,2026-08-04 12:06:06,2026-08-04 12:06:06
205065,1995,NUJZ2,COMPRA,80,38.1882,0.0016,2026-08-04 10:42:43,2026-08-04 10:42:45,2026-08-04 10:42:45
205066,2082,NHYK8,COMPRA,200,71.7173,2.1581,2026-08-04 16:03:08,2026-08-04 16:03:10,2026-08-04 16:03:10
205067,2495,NQYT3,COMPRA,243,73.0889,10.6899,2026-08-04 13:29:32,2026-08-04 13:29:35,2026-08-04 13:29:35
205068,3208,NHYK8,COMPRA,145,74.9186,5.8073,2026-08-04 13:12:04,2026-08-04 13:12:07,2026-08-04 13:12:07
205069,1367,NQYT3,COMPRA,370,54.1329,6.9676,2026-08-04 10:36:25,2026-08-04 10:36:26,2026-08-04 10:36:26
205070,3312,JIPR4,COMPRA,235,40.1594,12.3887,2026-08-04 11:33:20,2026-08-04 11:33:21,2026-08-04 11:33:21
205071,2063,MJDL9,COMPRA,220,41.2454,1.0136,2026-08-04 10:21:45,2026-08-04 10:21:47,2026-08-04 10:21:47
205072,3259,DQSN6,COMPRA,385,136.0711,5.4095,2026-08-04 10:59:24,2026-08-04 10:59:27,2026-08-04 10:59:27
205073,1113,NQYT3,COMPRA,10,47.6253,0.1575,2026-08-04 16:05:15,2026-08-04 16:05:15,2026-08-04 16:05:15
205074,2154,DEGN5,COMPRA,390,99.4593,9.2264,2026-08-04 12:54:14,2026-08-04 12:54:14,2026-08-04 12:54:14
205075,2009,ERTC4,COMPRA,200,52.5719,8.8476,2026-08-04 10:58:47,2026-08-04 10:58:48,2026-08-04 10:58:48
205076,1489,LIEG8,COMPRA,195,87.2429,8.6034,2026-08-04 16:53:27,2026-08-04 16:53:30,2026-08-04 16:53:30
205077,3310,IPXK2,COMPRA,170,377.2029,3.5343,2026-08-04 12:50:03,2026-08-04 12:50:03,2026-08-04 12:50:03
205078,2445,JIPA6,COMPRA,140,37.1613,1.6993,2026-08-04 11:49:24,2026-08-04 11:49:27,2026-08-04 11:49:27
205079,2452,TXHR8,COMPRA,215,104.2579,7.5991,2026-08-04 10:42:19,2026-08-04 10:42:21,2026-08-04 10:42:21
205080,1191,WMQZ6,COMPRA,385,71.2730,0.2875,2026-08-04 15:28:09,2026-08-04 15:28:10,2026-08-04 15:28:10
205081,2960,FIUW1,COMPRA,167,136.7776,5.4858,2026-08-04 13:23:38,2026-08-04 13:23:40,2026-08-04 13:23:40
205082,2577,OVUQ2,COMPRA,288,44.7198,5.4200,2026-08-04 12:11:24,2026-08-04 12:11:26,2026-08-04 12:11:26
205083,2194,WXFC8,COMPRA,110,72.4525,8.7386,2026-08-04 14:04:34,2026-08-04 14:04:35,2026-08-04 14:04:35
205084,2914,OXVD8,COMPRA,140,84.0338,9.1356,2026-08-04 11:58:55,2026-08-04 11:58:56,2026-08-04 11:58:56
205085,2030,NWGB4,COMPRA,361,108.4176,11.8599,2026-08-04 10:19:01,2026-08-04 10:19:04,2026-08-04 10:19:04
205086,2516,ICSU4,COMPRA,175,126.0457,11.7449,2026-08-04 17:12:16,2026-08-04 17:12:19,2026-08-04 17:12:19
205087,2863,KQEO3,COMPRA,330,75.7168,11.7276,2026-08-04 12:09:16,2026-08-04 12:09:18,2026-08-04 12:09:18
205088,2736,ICSU4,COMPRA,35,174.7237,1.0139,2026-08-04 14:44:03,2026-08-04 14:44:06,2026-08-04 14:44:06
205089,2796,XLZM9,COMPRA,85,63.7755,4.7941,2026-08-04 16:58:57,2026-08-04 16:58:58,2026-08-04 16:58:58
205090,3105,RHXV4,COMPRA,390,67.6019,7.9020,2026-08-04 17:06:19,2026-08-04 17:06:19,2026-08-04 17:06:19
205091,2733,XLZM9,COMPRA,410,58.6169,6.6336,2026-08-04 16:31:09,2026-08-04 16:31:09,2026-08-04 16:31:09
205092,1530,NHYK8,COMPRA,280,80.6143,3.1704,2026-08-04 11:38:31,2026-08-04 11:38:31,2026-08-04 11:38:31
205093,1253,IWFI1,COMPRA,125,180.8808,0.4193,2026-08-04 12:24:35,2026-08-04 12:24:35,2026-08-04 12:24:35
205094,3344,XTVW5,COMPRA,270,96.8477,7.9193,2026-08-04 14:12:12,2026-08-04 14:12:14,2026-08-04 14:12:14
205095,3042,DMTZ8,COMPRA,310,205.3493,1.5560,2026-08-04 12:32:58,2026-08-04 12:33:00,2026-08-04 12:33:00
205096,1791,WXFC8,COMPRA,285,105.0090,3.6679,2026-08-04 17:14:56,2026-08-04 17:14:58,2026-08-04 17:14:58
205097,1209,XOVY4,COMPRA,310,100.8405,7.8513,2026-08-04 14:06:51,2026-08-04 14:06:51,2026-08-04 14:06:51
205098,2849,SGBG8,COMPRA,35,75.5034,3.2564,2026-08-04 13:56:57,2026-08-04 13:57:00,2026-08-04 13:57:00
205099,3257,NPEM3,COMPRA,310,119.5143,3.6854,2026-08-04 17:13:27,2026-08-04 17:13:29,2026-08-04 17:13:29
205100,2372,UVEY5,COMPRA,117,106.1180,9.3414,2026-08-04 16:46:28,2026-08-04 16:46:30,2026-08-04 16:46:30
205101,1330,FYZB6,COMPRA,263,73.3691,11.5770,2026-08-04 10:07:10,2026-08-04 10:07:10,2026-08-04 10:07:10
205102,3377,NPEM3,COMPRA,125,122.9541,7.2926,2026-08-04 17:02:18,2026-08-04 17:02:20,2026-08-04 17:02:20
205103,2049,UFIU3,COMPRA,305,98.3301,7.4780,2026-08-04 17:02:27,2026-08-04 17:02:29,2026-08-04 17:02:29
205104,1056,QEUC2,COMPRA,160,132.2510,9.1933,2026-08-04 16:58:39,2026-08-04 16:58:42,2026-08-04 16:58:42
205105,2234,KHGP6,COMPRA,246,74.0320,1.0172,2026-08-04 15:10:49,2026-08-04 15:10:49,2026-08-04 15:10:49
205106,2697,MCMT2,COMPRA,350,99.8281,9.4729,2026-08-04 12:30:02,2026-08-04 12:30:02,2026-08-04 12:30:02
205107,2195,LCCH9,VENDA,450,9.7916,3.8723,2026-08-04 16:27:23,2026-08-04 16:27:24,2026-08-04 16:27:24
205108,3387,QTDZ2,COMPRA,365,61.8175,2.7208,2026-08-04 11:56:09,2026-08-04 11:56:10,2026-08-04 11:56:10
205109,2164,DFGR7,COMPRA,340,117.3008,8.1598,2026-08-04 13:12:29,2026-08-04 13:12:31,2026-08-04 13:12:31
205110,3111,DGBT6,COMPRA,171,90.9906,8.3054,2026-08-04 17:21:04,2026-08-04 17:21:07,2026-08-04 17:21:07
205111,1741,BOCS8,COMPRA,20,70.5988,8.0471,2026-08-04 16:50:38,2026-08-04 16:50:39,2026-08-04 16:50:39
205112,3370,IWAK1,COMPRA,100,84.3599,11.2837,2026-08-04 11:50:18,2026-08-04 11:50:19,2026-08-04 11:50:19
205113,2538,HCLJ8,COMPRA,435,91.0946,6.2080,2026-08-04 14:48:55,2026-08-04 14:48:57,2026-08-04 14:48:57
205114,2151,OVYL9,COMPRA,400,60.3333,9.2129,2026-08-04 11:50:23,2026-08-04 11:50:24,2026-08-04 11:50:24
205115,1315,TXHR8,COMPRA,101,98.7315,0.2988,2026-08-04 15:54:28,2026-08-04 15:54:31,2026-08-04 15:54:31
205116,3341,CQJZ4,COMPRA,370,96.3750,6.4562,2026-08-04 14:45:09,2026-08-04 14:45:12,2026-08-04 14:45:12
205117,1895,UCHR6,COMPRA,370,379.6230,3.4377,2026-08-04 14:39:16,2026-08-04 14:39:19,2026-08-04 14:39:19
205118,2579,DEGN5,COMPRA,140,66.1326,6.4524,2026-08-04 16:22:20,2026-08-04 16:22:21,2026-08-04 16:22:21
205119,2623,UYFJ9,COMPRA,425,92.6244,5.2347,2026-08-04 13:32:09,2026-08-04 13:32:09,2026-08-04 13:32:09
205120,3325,CQJZ4,COMPRA,290,75.4220,1.7797,2026-08-04 11:37:07,2026-08-04 11:37:08,2026-08-04 11:37:08
205121,1037,WXFC8,COMPRA,110,107.2001,5.3599,2026-08-04 13:32:52,2026-08-04 13:32:53,2026-08-04 13:32:53
205122,2713,OEQA8,COMPRA,485,525.9679,4.2317,2026-08-04 16:45:50,2026-08-04 16:45:52,2026-08-04 16:45:52
205123,2483,MGRR2,COMPRA,500,158.2129,9.7876,2026-08-04 17:27:46,2026-08-04 17:27:46,2026-08-04 17:27:46
205124,3355,HCZM2,COMPRA,195,399.4334,0.5482,2026-08-04 11:31:33,2026-08-04 11:31:36,2026-08-04 11:31:36
205125,2774,SVOZ4,COMPRA,45,51.6914,2.0158,2026-08-04 14:33:07,2026-08-04 14:33:07,2026-08-04 14:33:07
205126,2929,YRWH3,COMPRA,30,191.8679,8.2753,2026-08-04 14:26:52,2026-08-04 14:26:52,2026-08-04 14:26:52
205127,3101,OEQA8,COMPRA,455,528.0242,7.4714,2026-08-04 13:15:01,2026-08-04 13:15:04,2026-08-04 13:15:04
205128,3394,NREP8,COMPRA,255,129.7194,9.0202,2026-08-04 10:58:02,2026-08-04 10:58:02,2026-08-04 10:58:02
205129,2006,WHMT3,COMPRA,189,136.3782,6.0181,2026-08-04 11:29:17,2026-08-04 11:29:20,2026-08-04 11:29:20
205130,2513,DGBT6,COMPRA,335,72.1268,5.6736,2026-08-04 16:26:23,2026-08-04 16:26:24,2026-08-04 16:26:24
205131,1821,QTDZ2,COMPRA,485,41.8518,1.3383,2026-08-04 10:43:40,2026-08-04 10:43:40,2026-08-04 10:43:40
205132,1188,WIPB2,COMPRA,355,118.6706,0.6184,2026-08-04 14:16:04,2026-08-04 14:16:04,2026-08-04 14:16:04
205133,2755,NGIU9,COMPRA,325,102.3005,7.9860,2026-08-04 13:21:09,2026-08-04 13:21:11,2026-08-04 13:21:11
205134,2489,AYFQ2,COMPRA,55,11.7685,7.6094,2026-08-04 12:48:48,2026-08-04 12:48:50,2026-08-04 12:48:50
205135,3298,DGBT6,COMPRA,492,93.0751,3.2133,2026-08-04 16:12:34,2026-08-04 16:12:36,2026-08-04 16:12:36
205136,1556,UYFJ9,COMPRA,35,119.4518,2.7997,2026-08-04 14:15:37,2026-08-04 14:15:40,2026-08-04 14:15:40
205137,1050,LIEG8,COMPRA,295,101.9312,1.3199,2026-08-04 12:00:53,2026-08-04 12:00:55,2026-08-04 12:00:55
205138,1503,ACSV1,COMPRA,335,82.9303,3.5315,2026-08-04 17:27:32,2026-08-04 17:27:33,2026-08-04 17:27:33
205139,1268,RHXV4,COMPRA,165,63.2595,1.0660,2026-08-04 14:55:44,2026-08-04 14:55:44,2026-08-04 14:55:44
205140,3217,NPEM3,COMPRA,182,115.9388,2.0269,2026-08-04 15:04:23,2026-08-04 15:04:25,2026-08-04 15:04:25
205141,1897,UCHR6,COMPRA,435,380.0561,6.2900,2026-08-04 15:15:49,2026-08-04 15:15:52,2026-08-04 15:15:52
205142,1398,OXVD8,COMPRA,255,80.8399,1.5010,2026-08-04 10:30:00,2026-08-04 10:30:03,2026-08-04 10:30:03
205143,2682,KQEO3,COMPRA,500,61.7911,7.6441,2026-08-04 15:00:57,2026-08-04 15:00:58,2026-08-04 15:00:58
205144,2613,PZUP8,COMPRA,25,196.9093,2.6549,2026-08-04 13:17:19,2026-08-04 13:17:19,2026-08-04 13:17:19
205145,2101,TTHO3,COMPRA,135,30.7024,2.8826,2026-08-04 14:29:04,2026-08-04 14:29:06,2026-08-04 14:29:06
205146,1316,KFSY2,COMPRA,370,90.1048,0.3675,2026-08-04 16:54:59,2026-08-04 16:55:00,2026-08-04 16:55:00
205147,2032,JIPA6,COMPRA,37,39.0525,10.5315,2026-08-04 14:37:48,2026-08-04 14:37:51,2026-08-04 14:37:51
205148,2500,ZAAS7,COMPRA,440,335.6271,4.0008,2026-08-04 11:11:01,2026-08-04 11:11:04,2026-08-04 11:11:04
205149,3427,TNHT4,COMPRA,465,126.6148,5.2124,2026-08-04 10:24:47,2026-08-04 10:24:50,2026-08-04 10:24:50
205150,3131,NGIU9,COMPRA,61,123.4196,10.0018,2026-08-04 10:37:16,2026-08-04 10:37:19,2026-08-04 10:37:19
205151,1640,PQUT9,COMPRA,500,95.8364,8.8682,2026-08-04 10:44:14,2026-08-04 10:44:17,2026-08-04 10:44:17
205152,1719,LGKU6,COMPRA,85,84.9045,4.9441,2026-08-04 13:00:42,2026-08-04 13:00:42,2026-08-04 13:00:42
205153,1949,UQIQ7,COMPRA,55,97.7214,9.6921,2026-08-04 10:10:03,2026-08-04 10:10:06,2026-08-04 10:10:06
205154,2038,JUDG8,COMPRA,95,70.0045,2.7845,2026-08-04 12:54:39,2026-08-04 12:54:39,2026-08-04 12:54:39
205155,1326,WMQZ6,COMPRA,5,69.2267,12.0593,2026-08-04 14:33:32,2026-08-04 14:33:32,2026-08-04 14:33:32
205156,2983,TVCE9,COMPRA,20,68.7869,3.5782,2026-08-04 12:21:26,2026-08-04 12:21:26,2026-08-04 12:21:26
205157,3500,JJVW6,COMPRA,5,143.0148,3.4485,2026-08-04 12:19:05,2026-08-04 12:19:06,2026-08-04 12:19:06
205158,1942,JJVW6,COMPRA,220,130.6565,1.7260,2026-08-04 10:06:15,2026-08-04 10:06:18,2026-08-04 10:06:18
205159,2229,XOVY4,COMPRA,450,100.9430,,2026-08-04 13:44:34,2026-08-04 13:44:37,2026-08-04 13:44:37
205160,2121,TXHR8,COMPRA,25,102.1188,3.3042,2026-08-04 16:16:09,2026-08-04 16:16:11,2026-08-04 16:16:11
205161,1030,WMQZ6,COMPRA,500,82.1656,8.1837,2026-08-04 17:00:38,2026-08-04 17:00:38,2026-08-04 17:00:38
205162,1544,BOCS8,COMPRA,228,70.9309,2.9478,2026-08-04 16:35:45,2026-08-04 16:35:48,2026-08-04 16:35:48
205163,1166,HVEX2,COMPRA,425,153.8506,4.6296,2026-08-04 17:30:10,2026-08-04 17:30:13,2026-08-04 17:30:13
205164,1816,QQQS1,COMPRA,63,22.9246,10.0635,2026-08-04 10:18:46,2026-08-04 10:18:48,2026-08-04 10:18:48
205165,3072,BOCS8,COMPRA,150,58.0216,9.9342,2026-08-04 12:36:22,2026-08-04 12:36:24,2026-08-04 12:36:24
205166,1826,FRGH8,COMPRA,275,61.0406,6.7387,2026-08-04 12:49:48,2026-08-04 12:49:48,2026-08-04 12:49:48
205167,3119,JDJG6,COMPRA,350,77.5870,0.9288,2026-08-04 13:06:20,2026-08-04 13:06:20,2026-08-04 13:06:20
205168,1898,UYFJ9,COMPRA,385,101.7919,0.7211,2026-08-04 11:44:17,2026-08-04 11:44:17,2026-08-04 11:44:17
205169,3357,WXFC8,COMPRA,360,69.0445,5.2672,2026-08-04 14:35:36,2026-08-04 14:35:36,2026-08-04 14:35:36
205170,1283,GFDF2,COMPRA,60,109.0315,8.4718,2026-08-04 11:57:58,2026-08-04 11:58:01,2026-08-04 11:58:01
205171,1202,YFAH5,COMPRA,80,189.9595,2.7796,2026-08-04 16:39:16,2026-08-04 16:39:17,2026-08-04 16:39:17
205172,2290,UYFJ9,COMPRA,210,100.3186,12.3532,2026-08-04 14:05:52,2026-08-04 14:05:55,2026-08-04 14:05:55
205173,3439,QATW7,COMPRA,205,40.6452,5.3612,2026-08-04 15:21:26,2026-08-04 15:21:28,2026-08-04 15:21:28
205174,1093,DFGR7,COMPRA,465,116.5656,3.2401,2026-08-04 12:35:04,2026-08-04 12:35:05,2026-08-04 12:35:05
205175,2973,PBZM6,COMPRA,310,66.5336,2.3815,2026-08-04 13:29:16,2026-08-04 13:29:18,2026-08-04 13:29:18
205176,2314,KHGP6,COMPRA,445,111.7372,5.6590,2026-08-04 15:46:57,2026-08-04 15:46:59,2026-08-04 15:46:59
205177,3172,IJJK3,COMPRA,235,94.7785,11.1754,2026-08-04 13:20:10,2026-08-04 13:20:10,2026-08-04 13:20:10
205178,1800,DGBT6,VENDA,340,77.0570,5.4737,2026-08-04 15:06:46,2026-08-04 15:06:49,2026-08-04 15:06:49
205179,2724,DEGN5,COMPRA,159,94.2878,12.5699,2026-08-04 17:09:22,2026-08-04 17:09:25,2026-08-04 17:09:25
205180,1761,YRWH3,COMPRA,485,173.8409,5.2034,2026-08-04 14:40:45,2026-08-04 14:40:46,2026-08-04 14:40:46
205181,1792,NHYK8,COMPRA,355,69.4012,0.5238,2026-08-04 15:58:31,2026-08-04 15:58:34,2026-08-04 15:58:34
205182,1587,ZFBT3,COMPRA,210,122.7459,0.1212,2026-08-04 17:09:20,2026-08-04 17:09:23,2026-08-04 17:09:23
205183,2651,SUZL4,COMPRA,260,135.9836,1.8303,2026-08-04 12:55:27,2026-08-04 12:55:27,2026-08-04 12:55:27
205184,2424,TNHT4,COMPRA,400,114.9256,6.3297,2026-08-04 12:37:41,2026-08-04 12:37:41,2026-08-04 12:37:41
205185,1866,MJDL9,COMPRA,440,31.0456,10.3962,2026-08-04 11:35:03,2026-08-04 11:35:03,2026-08-04 11:35:03
205186,1479,DHRM5,COMPRA,315,334.1662,9.6151,2026-08-04 13:36:47,2026-08-04 13:36:49,2026-08-04 13:36:49
205187,2732,TXHR8,COMPRA,95,78.5602,1.4191,2026-08-04 16:38:56,2026-08-04 16:38:57,2026-08-04 16:38:57
205188,1999,SVOZ4,COMPRA,470,52.3337,2.6725,2026-08-04 10:58:37,2026-08-04 10:58:38,2026-08-04 10:58:38
205189,3459,GKQC5,COMPRA,210,102.8985,0.4180,2026-08-04 12:44:02,2026-08-04 12:44:04,2026-08-04 12:44:04
205190,2869,GULD2,COMPRA,195,131.9248,12.0262,2026-08-04 13:46:56,2026-08-04 13:46:59,2026-08-04 13:46:59
205191,1578,GULD2,COMPRA,430,156.4271,7.9603,2026-08-04 10:37:47,2026-08-04 10:37:50,2026-08-04 10:37:50
205192,2409,NREP8,COMPRA,435,118.0702,1.5351,2026-08-04 14:39:28,2026-08-04 14:39:29,2026-08-04 14:39:29
205193,1704,DEGN5,COMPRA,410,73.4395,4.6334,2026-08-04 12:41:52,2026-08-04 12:41:52,2026-08-04 12:41:52
205194,1414,FYZB6,COMPRA,365,55.0835,1.5676,2026-08-04 10:56:46,2026-08-04 10:56:46,2026-08-04 10:56:46
205195,2099,PQUT9,COMPRA,440,97.1162,8.8656,2026-08-04 14:47:24,2026-08-04 14:47:27,2026-08-04 14:47:27
205196,1849,NAOF3,COMPRA,315,48.9702,4.2326,2026-08-04 13:11:10,2026-08-04 13:11:11,2026-08-04 13:11:11
205197,2594,UQJU7,COMPRA,100,70.4663,6.4246,2026-08-04 11:19:19,2026-08-04 11:19:19,2026-08-04 11:19:19
205198,3213,GAKD5,COMPRA,70,297.4089,8.3710,2026-08-04 15:55:26,2026-08-04 15:55:29,2026-08-04 15:55:29
205199,1072,IPXK2,COMPRA,350,312.0435,4.1333,2026-08-04 16:13:14,2026-08-04 16:13:16,2026-08-04 16:13:16
205200,2076,PQUT9,COMPRA,355,96.3239,6.5082,2026-08-04 12:25:54,2026-08-04 12:25:55,2026-08-04 12:25:55
205201,2742,WMQZ6,COMPRA,310,70.6415,12.5697,2026-08-04 12:23:39,2026-08-04 12:23:42,2026-08-04 12:23:42
205202,3456,ZHTL2,COMPRA,495,64.9607,4.9852,2026-08-04 15:17:17,2026-08-04 15:17:19,2026-08-04 15:17:19
205203,1715,AAUA7,COMPRA,80,112.0832,3.5759,2026-08-04 15:52:22,2026-08-04 15:52:25,2026-08-04 15:52:25
205204,2486,OVYL9,COMPRA,375,75.7793,2.4403,2026-08-04 13:47:06,2026-08-04 13:47:09,2026-08-04 13:47:09
205205,3008,QQQS1,COMPRA,440,22.9134,3.2155,2026-08-04 15:24:11,2026-08-04 15:24:12,2026-08-04 15:24:12
205206,2175,YRWH3,COMPRA,215,171.4913,0.0648,2026-08-04 13:35:53,2026-08-04 13:35:55,2026-08-04 13:35:55
205207,1810,YRWH3,COMPRA,380,187.5918,7.7511,2026-08-04 13:11:39,2026-08-04 13:11:39,2026-08-04 13:11:39
205208,2573,XPVA7,COMPRA,220,483.1649,6.2752,2026-08-04 17:07:31,2026-08-04 17:07:31,2026-08-04 17:07:31
205209,2489,KHGP6,COMPRA,160,85.1363,4.8277,2026-08-04 17:07:49,2026-08-04 17:07:51,2026-08-04 17:07:51
205210,3278,PQUT9,COMPRA,20,70.1664,0.4710,2026-08-04 13:15:31,2026-08-04 13:15:32,2026-08-04 13:15:32
205211,2671,YOWA1,COMPRA,485,52.8310,10.2338,2026-08-04 10:24:24,2026-08-04 10:24:24,2026-08-04 10:24:24
205212,1918,HCLJ8,COMPRA,490,105.9940,7.5740,2026-08-04 12:06:12,2026-08-04 12:06:12,2026-08-04 12:06:12
205213,1294,XPVA7,COMPRA,395,468.7685,9.5155,2026-08-04 15:09:43,2026-08-04 15:09:46,2026-08-04 15:09:46
205214,3382,ENRZ2,COMPRA,361,110.0022,,2026-08-04 16:31:24,2026-08-04 16:31:27,2026-08-04 16:31:27
205215,2046,GFDF2,COMPRA,380,73.0949,0.5342,2026-08-04 10:24:22,2026-08-04 10:24:23,2026-08-04 10:24:23
205216,2513,RFNS7,COMPRA,395,97.2429,3.8708,2026-08-04 17:03:17,2026-08-04 17:03:18,2026-08-04 17:03:18
205217,1077,NUJZ2,COMPRA,250,40.0906,1.7492,2026-08-04 17:10:45,2026-08-04 17:10:48,2026-08-04 17:10:48
205218,1680,UYFJ9,COMPRA,107,98.7105,11.5320,2026-08-04 11:55:08,2026-08-04 11:55:11,2026-08-04 11:55:11
205219,1381,YOWA1,COMPRA,25,70.1489,10.7450,2026-08-04 10:04:18,2026-08-04 10:04:20,2026-08-04 10:04:20
205220,1821,FRGH8,COMPRA,180,93.3831,8.3755,2026-08-04 15:50:19,2026-08-04 15:50:20,2026-08-04 15:50:20
205221,1773,QYBV3,COMPRA,480,84.0235,4.2664,2026-08-04 10:57:07,2026-08-04 10:57:08,2026-08-04 10:57:08
205222,2915,PQUT9,COMPRA,270,94.2400,7.2966,2026-08-04 11:25:52,2026-08-04 11:25:52,2026-08-04 11:25:52
205223,2209,QHFL8,COMPRA,230,187.8280,7.9936,2026-08-04 10:06:56,2026-08-04 10:06:58,2026-08-04 10:06:58
205224,3338,WIPB2,COMPRA,195,101.5969,8.3653,2026-08-04 14:12:43,2026-08-04 14:12:43,2026-08-04 14:12:43
205225,2640,YCCK8,COMPRA,211,336.7474,6.3969,2026-08-04 16:45:43,2026-08-04 16:45:45,2026-08-04 16:45:45
205226,2116,ERTC4,COMPRA,390,58.5147,0.4419,2026-08-04 14:50:28,2026-08-04 14:50:30,2026-08-04 14:50:30
205227,1944,FYZB6,COMPRA,50,85.2298,0.6080,2026-08-04 15:25:27,2026-08-04 15:25:27,2026-08-04 15:25:27
205228,2546,LGKU6,COMPRA,465,88.3618,3.5537,2026-08-04 15:37:34,2026-08-04 15:37:37,2026-08-04 15:37:37
205229,2718,IWFI1,COMPRA,445,166.7174,7.7940,2026-08-04 13:55:40,2026-08-04 13:55:43,2026-08-04 13:55:43
205230,3402,FIUW1,COMPRA,250,100.0988,9.2338,2026-08-04 13:18:05,2026-08-04 13:18:06,2026-08-04 13:18:06
205231,2565,JIPR4,COMPRA,66,36.7061,6.3947,2026-08-04 12:07:12,2026-08-04 12:07:12,2026-08-04 12:07:12
205232,3440,NYGT6,COMPRA,416,125.9872,4.1133,2026-08-04 14:05:53,2026-08-04 14:05:54,2026-08-04 14:05:54
205233,2062,PSEN6,COMPRA,5,206.6391,6.4981,2026-08-04 12:58:20,2026-08-04 12:58:23,2026-08-04 12:58:23
205234,1202,AAWB3,COMPRA,435,151.5932,2.7837,2026-08-04 13:49:31,2026-08-04 13:49:34,2026-08-04 13:49:34
205235,3013,NWGB4,COMPRA,150,105.7041,6.5631,2026-08-04 15:04:47,2026-08-04 15:04:48,2026-08-04 15:04:48
205236,1334,TTHO3,COMPRA,495,29.1192,3.9343,2026-08-04 11:50:45,2026-08-04 11:50:46,2026-08-04 11:50:46
205237,2278,FRGH8,COMPRA,305,61.7531,12.7683,2026-08-04 12:41:04,2026-08-04 12:41:04,2026-08-04 12:41:04
205238,1530,NHYK8,COMPRA,115,70.1074,2.7308,2026-08-04 17:28:23,2026-08-04 17:28:26,2026-08-04 17:28:26
205239,2216,YRWH3,COMPRA,90,228.6800,9.3557,2026-08-04 13:22:32,2026-08-04 13:22:35,2026-08-04 13:22:35
205240,1612,DGBT6,COMPRA,350,88.7022,6.3471,2026-08-04 15:57:44,2026-08-04 15:57:46,2026-08-04 15:57:46
205241,3206,JIPA6,COMPRA,285,33.7301,1.7386,2026-08-04 17:06:26,2026-08-04 17:06:27,2026-08-04 17:06:27
205242,2143,QHFL8,COMPRA,250,160.5892,2.1299,2026-08-04 13:17:11,2026-08-04 13:17:14,2026-08-04 13:17:14
205243,1310,DSFC9,COMPRA,455,349.4034,1.3306,2026-08-04 17:22:18,2026-08-04 17:22:18,2026-08-04 17:22:18
205244,2802,HJRH5,COMPRA,465,165.5282,7.0115,2026-08-04 16:01:14,2026-08-04 16:01:14,2026-08-04 16:01:14
205245,1124,JIPR4,COMPRA,155,35.4006,8.0954,2026-08-04 17:02:45,2026-08-04 17:02:48,2026-08-04 17:02:48
205246,2568,ZAAS7,COMPRA,385,460.7954,2.2021,2026-08-04 15:00:21,2026-08-04 15:00:21,2026-08-04 15:00:21
205247,1066,YFAH5,COMPRA,110,131.3937,6.2159,2026-08-04 14:57:42,2026-08-04 14:57:42,2026-08-04 14:57:42
205248,2318,BXFJ9,COMPRA,280,187.7512,0.7919,2026-08-04 13:31:11,2026-08-04 13:31:14,2026-08-04 13:31:14
205249,1729,YCCK8,COMPRA,140,402.9474,0.0584,2026-08-04 11:34:06,2026-08-04 11:34:06,2026-08-04 11:34:06
205250,2470,CQIL9,COMPRA,135,36.9255,11.4166,2026-08-04 17:01:22,2026-08-04 17:01:23,2026-08-04 17:01:23
205251,2410,MJDL9,COMPRA,500,30.2083,2.8436,2026-08-04 15:28:38,2026-08-04 15:28:41,2026-08-04 15:28:41
205252,2889,RIET5,COMPRA,255,153.8522,8.9949,2026-08-04 14:57:10,2026-08-04 14:57:10,2026-08-04 14:57:10
205253,1773,ICSU4,COMPRA,10,166.0409,6.5339,2026-08-04 10:43:22,2026-08-04 10:43:23,2026-08-04 10:43:23
205254,2019,JDJG6,COMPRA,55,56.1699,2.8500,2026-08-04 16:05:19,2026-08-04 16:05:21,2026-08-04 16:05:21
205255,1008,ZHTL2,COMPRA,290,60.2175,0.1098,2026-08-04 11:18:08,2026-08-04 11:18:10,2026-08-04 11:18:10
205256,2606,RMRT1,COMPRA,325,97.3330,3.7354,2026-08-04 12:11:32,2026-08-04 12:11:33,2026-08-04 12:11:33
205257,2928,YCCK8,COMPRA,420,396.6485,12.5319,2026-08-04 11:47:01,2026-08-04 11:47:04,2026-08-04 11:47:04
205258,3270,UQJU7,COMPRA,495,73.9691,7.7464,2026-08-04 16:57:22,2026-08-04 16:57:24,2026-08-04 16:57:24
205259,1241,LGKU6,COMPRA,400,99.1243,7.7286,2026-08-04 15:40:26,2026-08-04 15:40:26,2026-08-04 15:40:26
205260,1888,ZHTL2,COMPRA,335,77.3574,12.7730,2026-08-04 16:32:33,2026-08-04 16:32:34,2026-08-04 16:32:34
205261,3072,BGNM6,COMPRA,108,101.3902,9.6151,2026-08-04 12:09:18,2026-08-04 12:09:21,2026-08-04 12:09:21
205262,1548,BOCS8,COMPRA,254,60.3791,3.4616,2026-08-04 13:37:10,2026-08-04 13:37:11,2026-08-04 13:37:11
205263,2247,JIPA6,COMPRA,500,46.5043,1.1881,2026-08-04 11:41:35,2026-08-04 11:41:38,2026-08-04 11:41:38
205264,2390,UVEY5,COMPRA,97,92.4644,7.1022,2026-08-04 16:10:51,2026-08-04 16:10:51,2026-08-04 16:10:51
205265,2659,MGRR2,COMPRA,460,164.1700,6.2272,2026-08-04 12:55:50,2026-08-04 12:55:52,2026-08-04 12:55:52
205266,1107,DQSN6,COMPRA,385,143.4275,11.1425,2026-08-04 14:55:51,2026-08-04 14:55:52,2026-08-04 14:55:52
205267,3373,SUZL4,COMPRA,140,118.7219,2.8755,2026-08-04 15:42:43,2026-08-04 15:42:46,2026-08-04 15:42:46
205268,2470,RYPL6,COMPRA,115,67.8111,5.1725,2026-08-04 12:21:55,2026-08-04 12:21:55,2026-08-04 12:21:55
205269,1605,IJJK3,COMPRA,460,125.1630,9.0768,2026-08-04 15:53:32,2026-08-04 15:53:35,2026-08-04 15:53:35
205270,1594,ECQD7,COMPRA,395,103.4129,11.7085,2026-08-04 12:44:40,2026-08-04 12:44:41,2026-08-04 12:44:41
205271,1686,ZYVN7,COMPRA,241,84.8447,11.0158,2026-08-04 15:27:28,2026-08-04 15:27:28,2026-08-04 15:27:28
205272,1783,FYZB6,COMPRA,440,60.2560,10.6151,2026-08-04 12:56:28,2026-08-04 12:56:30,2026-08-04 12:56:30
205273,1183,JDJG6,COMPRA,385,56.9912,8.3275,2026-08-04 13:28:31,2026-08-04 13:28:32,2026-08-04 13:28:32
205274,1213,IZTY4,COMPRA,480,30.9864,11.0370,2026-08-04 11:54:31,2026-08-04 11:54:31,2026-08-04 11:54:31
205275,2121,WXFC8,COMPRA,395,91.5016,5.2631,2026-08-04 11:38:45,2026-08-04 11:38:48,2026-08-04 11:38:48
205276,3417,FIUW1,COMPRA,32,102.7839,3.9923,2026-08-04 12:28:55,2026-08-04 12:28:58,2026-08-04 12:28:58
205277,2423,GULD2,COMPRA,345,138.7892,7.5125,2026-08-04 10:11:16,2026-08-04 10:11:17,2026-08-04 10:11:17
205278,2861,JDJG6,VENDA,70,83.8208,9.7661,2026-08-04 15:24:35,2026-08-04 15:24:38,2026-08-04 15:24:38
205279,1553,UCHR6,COMPRA,20,470.4390,11.9815,2026-08-04 11:47:40,2026-08-04 11:47:40,2026-08-04 11:47:40
205280,2245,XLZM9,COMPRA,396,59.0445,6.9888,2026-08-04 12:45:19,2026-08-04 12:45:19,2026-08-04 12:45:19
205281,2354,ACSV1,COMPRA,15,106.5368,9.3867,2026-08-04 15:12:35,2026-08-04 15:12:37,2026-08-04 15:12:37
205282,3343,MGRR2,COMPRA,160,101.6402,9.6598,2026-08-04 15:49:03,2026-08-04 15:49:06,2026-08-04 15:49:06
205283,1511,NPEM3,COMPRA,185,126.6435,0.7192,2026-08-04 15:01:35,2026-08-04 15:01:35,2026-08-04 15:01:35
205284,2695,WIPB2,COMPRA,442,127.5257,1.0843,2026-08-04 15:29:09,2026-08-04 15:29:09,2026-08-04 15:29:09
205285,1855,UFIU3,COMPRA,400,72.2637,4.7683,2026-08-04 11:14:30,2026-08-04 11:14:33,2026-08-04 11:14:33
205286,1367,FIUW1,VENDA,120,96.6694,1.0699,2026-08-04 15:09:33,2026-08-04 15:09:36,2026-08-04 15:09:36
205287,1330,JUDG8,COMPRA,170,104.0100,0.7698,2026-08-04 13:45:57,2026-08-04 13:45:59,2026-08-04 13:45:59
205288,1682,EEYY9,COMPRA,61,123.2537,1.0043,2026-08-04 14:26:07,2026-08-04 14:26:07,2026-08-04 14:26:07
205289,3015,FIUW1,COMPRA,46,125.2549,6.9482,2026-08-04 17:26:53,2026-08-04 17:26:55,2026-08-04 17:26:55
205290,3492,TVCE9,COMPRA,451,73.7631,5.1146,2026-08-04 11:28:41,2026-08-04 11:28:44,2026-08-04 11:28:44
205291,2713,BSDJ7,COMPRA,61,278.5932,9.0176,2026-08-04 17:25:56,2026-08-04 17:25:59,2026-08-04 17:25:59
205292,2436,PZUP8,COMPRA,470,124.0779,4.7989,2026-08-04 17:18:02,2026-08-04 17:18:03,2026-08-04 17:18:03
205293,3059,XPVA7,COMPRA,300,564.2748,5.8209,2026-08-04 11:38:59,2026-08-04 11:39:00,2026-08-04 11:39:00
205294,3491,JIPR4,COMPRA,140,28.2328,2.5928,2026-08-04 16:24:04,2026-08-04 16:24:07,2026-08-04 16:24:07
205295,3402,WXFC8,COMPRA,150,87.7548,10.7759,2026-08-04 11:00:00,2026-08-04 11:00:01,2026-08-04 11:00:01
205296,1494,FIUW1,COMPRA,405,136.2773,5.4771,2026-08-04 10:16:26,2026-08-04 10:16:29,2026-08-04 10:16:29
205297,1159,ERTC4,COMPRA,290,61.7387,3.6956,2026-08-04 17:03:12,2026-08-04 17:03:12,2026-08-04 17:03:12
205298,2180,JJVW6,COMPRA,180,146.6681,7.5123,2026-08-04 15:13:43,2026-08-04 15:13:43,2026-08-04 15:13:43
205299,3014,DQSN6,COMPRA,385,110.0589,1.7256,2026-08-04 13:26:25,2026-08-04 13:26:26,2026-08-04 13:26:26
205300,3281,PZUP8,COMPRA,110,178.5555,9.7774,2026-08-04 13:47:39,2026-08-04 13:47:42,2026-08-04 13:47:42
205301,3001,UQJU7,COMPRA,140,60.0000,11.6628,2026-08-04 14:14:19,2026-08-04 14:14:22,2026-08-04 14:14:22
205302,2473,BSDJ7,COMPRA,225,192.2480,2.3371,2026-08-04 12:11:58,2026-08-04 12:12:01,2026-08-04 12:12:01
205303,1084,NGIU9,COMPRA,10,113.8658,1.6498,2026-08-04 14:38:50,2026-08-04 14:38:53,2026-08-04 14:38:53
205304,1607,FYZB6,COMPRA,496,85.2260,5.9820,2026-08-04 13:41:48,2026-08-04 13:41:50,2026-08-04 13:41:50
205305,2625,RMRT1,COMPRA,210,81.7058,8.6691,2026-08-04 12:14:44,2026-08-04 12:14:46,2026-08-04 12:14:46
205306,2064,HVEX2,COMPRA,5,105.0843,6.1225,2026-08-04 16:47:00,2026-08-04 16:47:00,2026-08-04 16:47:00
205307,2394,SGBG8,COMPRA,500,102.1106,1.4311,2026-08-04 13:22:20,2026-08-04 13:22:20,2026-08-04 13:22:20
205308,3001,XOVY4,COMPRA,220,97.6123,8.2986,2026-08-04 12:33:33,2026-08-04 12:33:33,2026-08-04 12:33:33
205309,2397,TTHO3,COMPRA,215,27.4013,11.6917,2026-08-04 15:17:27,2026-08-04 15:17:30,2026-08-04 15:17:30
205310,1653,KFSY2,COMPRA,29,133.2489,11.8320,2026-08-04 14:22:23,2026-08-04 14:22:23,2026-08-04 14:22:23
205311,1215,NYGT6,COMPRA,340,88.5984,9.7647,2026-08-04 15:34:08,2026-08-04 15:34:11,2026-08-04 15:34:11
205312,1747,OVUQ2,COMPRA,398,55.1272,1.7992,2026-08-04 14:23:19,2026-08-04 14:23:19,2026-08-04 14:23:19
205313,2286,TBWG2,COMPRA,55,85.1573,7.3413,2026-08-04 13:11:51,2026-08-04 13:11:53,2026-08-04 13:11:53
205314,1246,DEGN5,VENDA,440,99.1538,9.8918,2026-08-04 11:34:39,2026-08-04 11:34:40,2026-08-04 11:34:40
205315,1328,KHGP6,COMPRA,480,73.2764,0.8110,2026-08-04 17:17:47,2026-08-04 17:17:49,2026-08-04 17:17:49
205316,2083,DEGN5,COMPRA,398,104.0819,1.9017,2026-08-04 13:17:53,2026-08-04 13:17:53,2026-08-04 13:17:53
205317,3186,BOCS8,COMPRA,220,56.3878,4.6423,2026-08-04 16:53:30,2026-08-04 16:53:31,2026-08-04 16:53:31
205318,2516,FYZB6,COMPRA,50,60.0112,1.9466,2026-08-04 10:53:07,2026-08-04 10:53:09,2026-08-04 10:53:09
205319,3045,JUDG8,COMPRA,269,69.7574,1.1786,2026-08-04 12:24:51,2026-08-04 12:24:52,2026-08-04 12:24:52
205320,2995,IZTY4,COMPRA,330,30.6766,7.1118,2026-08-04 13:37:58,2026-08-04 13:37:58,2026-08-04 13:37:58
205321,1373,XAVL3,COMPRA,45,205.3657,3.3846,2026-08-04 13:58:56,2026-08-04 13:58:57,2026-08-04 13:58:57
205322,1873,DHRM5,COMPRA,250,363.0938,4.5944,2026-08-04 10:39:40,2026-08-04 10:39:40,2026-08-04 10:39:40
205323,3175,NWGB4,COMPRA,151,119.8770,2.1508,2026-08-04 12:34:05,2026-08-04 12:34:07,2026-08-04 12:34:07
205324,1803,BOCS8,COMPRA,290,73.8599,8.7075,2026-08-04 13:45:16,2026-08-04 13:45:16,2026-08-04 13:45:16
205325,2549,BGNM6,COMPRA,445,96.6414,2.5148,2026-08-04 15:52:59,2026-08-04 15:53:02,2026-08-04 15:53:02
205326,3495,NWGB4,COMPRA,440,110.4705,11.2257,2026-08-04 12:09:22,2026-08-04 12:09:24,2026-08-04 12:09:24
205327,1507,XAVL3,COMPRA,75,142.0555,4.5309,2026-08-04 16:47:26,2026-08-04 16:47:28,2026-08-04 16:47:28
205328,1805,ZYVN7,COMPRA,145,87.6452,9.8659,2026-08-04 10:20:52,2026-08-04 10:20:53,2026-08-04 10:20:53
205329,3201,OEQA8,COMPRA,15,465.4967,4.8576,2026-08-04 12:22:55,2026-08-04 12:22:56,2026-08-04 12:22:56
205330,3428,YRWH3,COMPRA,329,162.3709,0.2490,2026-08-04 14:48:52,2026-08-04 14:48:54,2026-08-04 14:48:54
205331,2205,CQJZ4,COMPRA,95,75.0259,1.0820,2026-08-04 10:03:58,2026-08-04 10:04:01,2026-08-04 10:04:01
205332,1502,SRDU1,COMPRA,440,79.8217,9.5875,2026-08-04 15:16:58,2026-08-04 15:16:59,2026-08-04 15:16:59
205333,1720,DGBT6,COMPRA,85,68.7938,5.0709,2026-08-04 15:01:03,2026-08-04 15:01:06,2026-08-04 15:01:06
205334,1952,YCCK8,COMPRA,350,424.8498,6.4582,2026-08-04 12:24:17,2026-08-04 12:24:18,2026-08-04 12:24:18
205335,2047,NPEM3,COMPRA,335,93.6162,7.1091,2026-08-04 17:12:52,2026-08-04 17:12:54,2026-08-04 17:12:54
205336,3003,IZTY4,COMPRA,170,28.6395,11.7198,2026-08-04 15:15:23,2026-08-04 15:15:25,2026-08-04 15:15:25
205337,3384,BGNM6,COMPRA,335,85.6878,12.7846,2026-08-04 11:29:03,2026-08-04 11:29:05,2026-08-04 11:29:05
205338,2474,IWFI1,COMPRA,480,156.7588,7.1362,2026-08-04 11:05:37,2026-08-04 11:05:40,2026-08-04 11:05:40
205339,2615,RMRT1,COMPRA,327,94.0080,6.3846,2026-08-04 15:48:03,2026-08-04 15:48:03,2026-08-04 15:48:03
205340,1725,DEGN5,COMPRA,430,89.6585,6.8886,2026-08-04 16:44:16,2026-08-04 16:44:16,2026-08-04 16:44:16
205341,1706,ZFBT3,COMPRA,115,82.2434,10.3820,2026-08-04 13:36:37,2026-08-04 13:36:38,2026-08-04 13:36:38
205342,1700,OXVD8,COMPRA,500,72.4508,12.0210,2026-08-04 12:27:28,2026-08-04 12:27:30,2026-08-04 12:27:30
205343,1126,QYBV3,COMPRA,285,83.0530,5.7756,2026-08-04 16:34:18,2026-08-04 16:34:18,2026-08-04 16:34:18
205344,3225,PQUT9,COMPRA,100,83.8949,11.1194,2026-08-04 17:14:10,2026-08-04 17:14:13,2026-08-04 17:14:13
205345,2485,LCCH9,COMPRA,315,7.1758,2.4904,2026-08-04 12:46:32,2026-08-04 12:46:32,2026-08-04 12:46:32
205346,3148,UCHR6,COMPRA,395,502.0342,11.8708,2026-08-04 11:23:19,2026-08-04 11:23:21,2026-08-04 11:23:21
205347,3468,GULD2,COMPRA,285,137.0727,11.5656,2026-08-04 16:03:51,2026-08-04 16:03:51,2026-08-04 16:03:51
205348,2779,ENRZ2,COMPRA,230,90.6734,11.7069,2026-08-04 15:37:47,2026-08-04 15:37:49,2026-08-04 15:37:49
205349,2854,NHYK8,COMPRA,90,79.9190,9.2800,2026-08-04 13:13:00,2026-08-04 13:13:03,2026-08-04 13:13:03
205350,3424,BGNM6,COMPRA,425,127.8076,11.1833,2026-08-04 16:12:24,2026-08-04 16:12:27,2026-08-04 16:12:27
205351,1894,ZHTL2,COMPRA,453,64.0920,0.7634,2026-08-04 16:21:24,2026-08-04 16:21:27,2026-08-04 16:21:27
205352,2964,QTHQ1,COMPRA,375,27.8126,3.2473,2026-08-04 15:47:30,2026-08-04 15:47:30,2026-08-04 15:47:30
205353,2533,DQSN6,COMPRA,235,141.0531,12.2744,2026-08-04 15:48:38,2026-08-04 15:48:39,2026-08-04 15:48:39
205354,1966,QEUC2,COMPRA,54,189.1217,5.8778,2026-08-04 11:32:01,2026-08-04 11:32:03,2026-08-04 11:32:03
205355,2925,FRGH8,COMPRA,112,67.5521,5.2271,2026-08-04 12:56:22,2026-08-04 12:56:23,2026-08-04 12:56:23
205356,1177,LCCH9,COMPRA,100,7.4354,10.4838,2026-08-04 11:19:07,2026-08-04 11:19:08,2026-08-04 11:19:08
205357,3251,JDJG6,COMPRA,280,67.8522,10.9968,2026-08-04 11:01:33,2026-08-04 11:01:33,2026-08-04 11:01:33
205358,2641,IPXK2,COMPRA,45,383.3523,4.0732,2026-08-04 14:24:42,2026-08-04 14:24:43,2026-08-04 14:24:43
205359,1517,AAUA7,VENDA,140,143.2454,1.0532,2026-08-04 10:11:12,2026-08-04 10:11:15,2026-08-04 10:11:15
205360,2594,YOWA1,COMPRA,460,46.5040,9.7714,2026-08-04 15:40:07,2026-08-04 15:40:08,2026-08-04 15:40:08
205361,1174,QYBV3,COMPRA,255,82.5172,1.5938,2026-08-04 16:26:23,2026-08-04 16:26:24,2026-08-04 16:26:24
205362,1324,BGNM6,COMPRA,145,85.4887,8.5575,2026-08-04 11:04:07,2026-08-04 11:04:10,2026-08-04 11:04:10
205363,1178,WXQM6,VENDA,35,45.6909,12.0927,2026-08-04 13:39:37,2026-08-04 13:39:39,2026-08-04 13:39:39
205364,3252,QYBV3,COMPRA,183,63.8219,12.7380,2026-08-04 14:22:44,2026-08-04 14:22:44,2026-08-04 14:22:44
205365,3338,IJJK3,COMPRA,435,126.1838,11.5859,2026-08-04 17:08:09,2026-08-04 17:08:09,2026-08-04 17:08:09
205366,2739,RIET5,COMPRA,205,138.5969,5.1520,2026-08-04 11:14:02,2026-08-04 11:14:03,2026-08-04 11:14:03
205367,2586,UYFJ9,COMPRA,355,119.3166,7.6251,2026-08-04 11:18:50,2026-08-04 11:18:51,2026-08-04 11:18:51
205368,1726,TTHO3,COMPRA,445,30.9462,0.1025,2026-08-04 15:22:23,2026-08-04 15:22:24,2026-08-04 15:22:24
205369,3228,WMQZ6,COMPRA,380,66.2166,8.7616,2026-08-04 12:42:02,2026-08-04 12:42:05,2026-08-04 12:42:05
205370,3429,TVCE9,COMPRA,35,83.8647,7.7220,2026-08-04 13:52:04,2026-08-04 13:52:07,2026-08-04 13:52:07
205371,1564,PBZM6,COMPRA,335,62.2745,7.9426,2026-08-04 15:18:10,2026-08-04 15:18:12,2026-08-04 15:18:12
205372,2820,XPVA7,COMPRA,435,475.8862,6.5543,2026-08-04 12:06:01,2026-08-04 12:06:02,2026-08-04 12:06:02
205373,1194,BGNM6,COMPRA,260,114.5515,10.1535,2026-08-04 17:02:32,2026-08-04 17:02:34,2026-08-04 17:02:34
205374,1404,AAWB3,COMPRA,340,147.9613,4.4179,2026-08-04 17:00:18,2026-08-04 17:00:20,2026-08-04 17:00:20
205375,2728,WXFC8,COMPRA,365,68.7990,9.8571,2026-08-04 16:33:58,2026-08-04 16:34:00,2026-08-04 16:34:00
205376,2527,KHGP6,COMPRA,365,109.4494,2.2746,2026-08-04 16:18:19,2026-08-04 16:18:22,2026-08-04 16:18:22
205377,3118,FRGH8,COMPRA,455,71.2661,2.7575,2026-08-04 15:23:23,2026-08-04 15:23:25,2026-08-04 15:23:25
205378,1661,DHRM5,COMPRA,175,290.9110,6.0635,2026-08-04 12:37:42,2026-08-04 12:37:42,2026-08-04 12:37:42
205379,1376,LIEG8,COMPRA,470,83.4861,11.1971,2026-08-04 14:44:31,2026-08-04 14:44:32,2026-08-04 14:44:32
205380,1864,YYLA4,COMPRA,70,154.8270,8.9183,2026-08-04 10:58:53,2026-08-04 10:58:56,2026-08-04 10:58:56
205381,1500,NPEM3,COMPRA,30,114.3101,8.4298,2026-08-04 13:48:02,2026-08-04 13:48:03,2026-08-04 13:48:03
205382,1888,DEGN5,COMPRA,225,89.3019,12.3859,2026-08-04 13:54:13,2026-08-04 13:54:13,2026-08-04 13:54:13
205383,2265,MGRR2,COMPRA,470,128.2443,1.4389,2026-08-04 16:56:06,2026-08-04 16:56:08,2026-08-04 16:56:08
205384,3343,DEGN5,COMPRA,370,88.0829,2.9952,2026-08-04 17:01:46,2026-08-04 17:01:46,2026-08-04 17:01:46
205385,1109,QTHQ1,COMPRA,470,19.3166,7.8413,2026-08-04 17:19:01,2026-08-04 17:19:02,2026-08-04 17:19:02
205386,2226,DMTZ8,COMPRA,450,141.6449,9.5533,2026-08-04 10:55:59,2026-08-04 10:56:00,2026-08-04 10:56:00
205387,3420,RSBT4,COMPRA,185,469.4083,1.9049,2026-08-04 12:25:56,2026-08-04 12:25:58,2026-08-04 12:25:58
205388,1779,DMTZ8,COMPRA,113,204.5287,12.6665,2026-08-04 17:20:37,2026-08-04 17:20:38,2026-08-04 17:20:38
205389,2448,HJRH5,COMPRA,35,172.6697,10.1688,2026-08-04 10:36:16,2026-08-04 10:36:16,2026-08-04 10:36:16
205390,3035,QTHQ1,COMPRA,260,17.5772,1.5411,2026-08-04 13:35:27,2026-08-04 13:35:28,2026-08-04 13:35:28
205391,3399,SUZL4,COMPRA,310,135.3106,8.8224,2026-08-04 13:48:30,2026-08-04 13:48:33,2026-08-04 13:48:33
205392,1811,LGKU6,COMPRA,90,92.2556,0.1167,2026-08-04 12:46:44,2026-08-04 12:46:44,2026-08-04 12:46:44
205393,2800,OVUQ2,COMPRA,325,54.0116,0.6126,2026-08-04 14:52:37,2026-08-04 14:52:40,2026-08-04 14:52:40
205394,2287,LGKU6,COMPRA,70,85.1275,12.2422,2026-08-04 13:08:33,2026-08-04 13:08:33,2026-08-04 13:08:33
205395,1383,SVOZ4,COMPRA,195,50.9610,12.0197,2026-08-04 10:42:20,2026-08-04 10:42:23,2026-08-04 10:42:23
205396,1832,XOVY4,COMPRA,150,77.7499,6.2926,2026-08-04 16:57:40,2026-08-04 16:57:40,2026-08-04 16:57:40
205397,1139,SRDU1,COMPRA,120,88.8833,10.4256,2026-08-04 11:43:19,2026-08-04 11:43:20,2026-08-04 11:43:20
205398,1636,SUZL4,COMPRA,415,159.6759,2.2768,2026-08-04 14:39:02,2026-08-04 14:39:05,2026-08-04 14:39:05
205399,3001,MOLF3,COMPRA,215,66.1591,9.0736,2026-08-04 17:08:11,2026-08-04 17:08:13,2026-08-04 17:08:13
205400,3454,OVYL9,COMPRA,40,72.7101,0.1175,2026-08-04 13:12:07,2026-08-04 13:12:07,2026-08-04 13:12:07
205401,2614,DFGR7,COMPRA,411,84.6874,4.1298,2026-08-04 16:35:14,2026-08-04 16:35:16,2026-08-04 16:35:16
205402,1215,DEGN5,COMPRA,393,67.0863,3.1205,2026-08-04 12:34:27,2026-08-04 12:34:30,2026-08-04 12:34:30
205403,2333,LIEG8,COMPRA,80,95.9795,11.4835,2026-08-04 13:57:48,2026-08-04 13:57:50,2026-08-04 13:57:50
205404,1727,TVCE9,COMPRA,240,63.2344,1.5062,2026-08-04 16:13:54,2026-08-04 16:13:55,2026-08-04 16:13:55
205405,1721,NHYK8,COMPRA,420,69.5172,1.0909,2026-08-04 11:05:21,2026-08-04 11:05:24,2026-08-04 11:05:24
205406,3087,WIPB2,COMPRA,170,118.7799,8.8774,2026-08-04 16:49:19,2026-08-04 16:49:21,2026-08-04 16:49:21
205407,1894,DQSN6,COMPRA,390,126.8862,7.3927,2026-08-04 13:08:26,2026-08-04 13:08:28,2026-08-04 13:08:28
205408,2825,PZUP8,COMPRA,90,147.0734,11.6980,2026-08-04 10:56:00,2026-08-04 10:56:03,2026-08-04 10:56:03
205409,3000,IWFI1,COMPRA,199,137.1202,12.1716,2026-08-04 13:24:14,2026-08-04 13:24:16,2026-08-04 13:24:16
205410,2001,XAVL3,COMPRA,250,164.0496,1.1483,2026-08-04 16:20:24,2026-08-04 16:20:25,2026-08-04 16:20:25
205411,1591,QEUC2,COMPRA,85,204.8839,0.4494,2026-08-04 12:02:44,2026-08-04 12:02:44,2026-08-04 12:02:44
205412,2844,UFIU3,COMPRA,55,100.9949,1.8100,2026-08-04 10:32:58,2026-08-04 10:33:01,2026-08-04 10:33:01
205413,1676,WMQZ6,COMPRA,480,65.3783,8.2518,2026-08-04 11:30:38,2026-08-04 11:30:40,2026-08-04 11:30:40
205414,3007,DMTZ8,COMPRA,20,174.6691,9.7793,2026-08-04 13:40:48,2026-08-04 13:40:51,2026-08-04 13:40:51
205415,1165,NREP8,COMPRA,173,142.0993,8.6458,2026-08-04 11:15:59,2026-08-04 11:16:00,2026-08-04 11:16:00
205416,1198,UCHR6,COMPRA,425,329.0592,1.6179,2026-08-04 15:18:46,2026-08-04 15:18:48,2026-08-04 15:18:48
205417,3328,ENRZ2,COMPRA,173,76.3781,9.9534,2026-08-04 13:03:45,2026-08-04 13:03:47,2026-08-04 13:03:47
205418,3073,QTDZ2,COMPRA,310,61.1857,0.0558,2026-08-04 12:28:08,2026-08-04 12:28:09,2026-08-04 12:28:09
205419,1734,AYFQ2,COMPRA,400,10.7147,0.2108,2026-08-04 16:54:19,2026-08-04 16:54:22,2026-08-04 16:54:22
205420,2693,AAWB3,COMPRA,370,168.9728,3.7519,2026-08-04 15:02:07,2026-08-04 15:02:09,2026-08-04 15:02:09
205421,3219,QHFL8,COMPRA,325,186.3709,11.4887,2026-08-04 12:29:59,2026-08-04 12:29:59,2026-08-04 12:29:59
205422,1624,FRGH8,COMPRA,296,79.6761,10.3714,2026-08-04 15:07:58,2026-08-04 15:07:58,2026-08-04 15:07:58
205423,2677,MJDL9,COMPRA,380,40.6262,8.5912,2026-08-04 14:15:24,2026-08-04 14:15:27,2026-08-04 14:15:27
205424,2966,FRGH8,COMPRA,385,62.8415,12.3400,2026-08-04 12:45:06,2026-08-04 12:45:07,2026-08-04 12:45:07
205425,1984,PZUP8,COMPRA,245,137.8476,6.0332,2026-08-04 15:27:14,2026-08-04 15:27:15,2026-08-04 15:27:15
205426,1105,XTVW5,COMPRA,44,111.3527,10.6963,2026-08-04 15:29:17,2026-08-04 15:29:17,2026-08-04 15:29:17
205427,1144,DEGN5,COMPRA,420,78.0657,3.5555,2026-08-04 16:19:10,2026-08-04 16:19:11,2026-08-04 16:19:11
205428,1016,ZAAS7,COMPRA,495,348.0231,0.3938,2026-08-04 11:10:02,2026-08-04 11:10:03,2026-08-04 11:10:03
205429,3225,UQIQ7,COMPRA,10,65.8936,2.9377,2026-08-04 15:01:38,2026-08-04 15:01:38,2026-08-04 15:01:38
205430,3024,JJVW6,COMPRA,20,158.4369,7.6684,2026-08-04 15:36:18,2026-08-04 15:36:21,2026-08-04 15:36:21
205431,2455,MOLF3,COMPRA,375,60.0519,4.3954,2026-08-04 14:47:05,2026-08-04 14:47:06,2026-08-04 14:47:06
205432,1899,BSDJ7,COMPRA,395,187.0891,4.2628,2026-08-04 12:59:43,2026-08-04 12:59:44,2026-08-04 12:59:44
205433,1135,NAOF3,COMPRA,35,65.7709,6.2100,2026-08-04 14:20:41,2026-08-04 14:20:44,2026-08-04 14:20:44
205434,2732,JUDG8,COMPRA,28,69.3672,0.1866,2026-08-04 13:41:59,2026-08-04 13:42:01,2026-08-04 13:42:01
205435,1504,DFGR7,COMPRA,300,94.0868,11.1227,2026-08-04 11:16:57,2026-08-04 11:17:00,2026-08-04 11:17:00
205436,3430,IWAK1,COMPRA,15,97.6062,6.2815,2026-08-04 12:59:24,2026-08-04 12:59:27,2026-08-04 12:59:27
205437,2592,DSFC9,COMPRA,330,322.0629,6.9478,2026-08-04 14:48:48,2026-08-04 14:48:49,2026-08-04 14:48:49
205438,3043,GULD2,COMPRA,455,118.6885,9.8999,2026-08-04 11:36:36,2026-08-04 11:36:38,2026-08-04 11:36:38
205439,2396,ENRZ2,COMPRA,83,78.2855,7.5717,2026-08-04 10:32:37,2026-08-04 10:32:40,2026-08-04 10:32:40
205440,3383,NREP8,COMPRA,198,98.0701,11.4878,2026-08-04 14:50:40,2026-08-04 14:50:43,2026-08-04 14:50:43
205441,1785,OVUQ2,COMPRA,201,40.2025,6.9108,2026-08-04 14:06:36,2026-08-04 14:06:39,2026-08-04 14:06:39
205442,3026,WHMT3,COMPRA,170,94.5659,12.7889,2026-08-04 14:13:27,2026-08-04 14:13:28,2026-08-04 14:13:28
205443,1316,UYFJ9,COMPRA,445,90.0242,3.5488,2026-08-04 15:43:14,2026-08-04 15:43:17,2026-08-04 15:43:17
205444,1051,GAKD5,COMPRA,400,248.9481,,2026-08-04 13:42:50,2026-08-04 13:42:50,2026-08-04 13:42:50
205445,1692,NAOF3,COMPRA,75,78.9822,7.0592,2026-08-04 13:22:12,2026-08-04 13:22:14,2026-08-04 13:22:14
205446,1244,TXHR8,COMPRA,115,69.7435,7.3098,2026-08-04 11:22:03,2026-08-04 11:22:04,2026-08-04 11:22:04
205447,3433,SGBG8,COMPRA,494,68.9829,11.2418,2026-08-04 17:05:21,2026-08-04 17:05:22,2026-08-04 17:05:22
205448,1260,IWFI1,COMPRA,170,140.9498,0.6792,2026-08-04 12:04:47,2026-08-04 12:04:50,2026-08-04 12:04:50
205449,1902,AAUA7,COMPRA,115,143.8916,3.3366,2026-08-04 12:58:22,2026-08-04 12:58:24,2026-08-04 12:58:24
205450,1161,LCCH9,COMPRA,335,8.9621,5.1411,2026-08-04 11:31:33,2026-08-04 11:31:33,2026-08-04 11:31:33
205451,1054,CQJZ4,COMPRA,80,73.1343,5.8519,2026-08-04 12:12:21,2026-08-04 12:12:24,2026-08-04 12:12:24
205452,1059,TTHO3,COMPRA,320,33.0549,12.6140,2026-08-04 15:25:42,2026-08-04 15:25:44,2026-08-04 15:25:44
205453,1833,QEUC2,COMPRA,275,168.8163,1.3459,2026-08-04 16:42:45,2026-08-04 16:42:46,2026-08-04 16:42:46
205454,2632,FYZB6,COMPRA,315,63.0618,12.7950,2026-08-04 17:11:01,2026-08-04 17:11:02,2026-08-04 17:11:02
205455,2063,YCCK8,COMPRA,12,348.5693,10.3003,2026-08-04 13:39:35,2026-08-04 13:39:37,2026-08-04 13:39:37
205456,3004,YCCK8,COMPRA,40,353.0966,7.4645,2026-08-04 10:23:37,2026-08-04 10:23:39,2026-08-04 10:23:39
205457,1565,DEGN5,COMPRA,145,88.3896,10.1339,2026-08-04 11:44:27,2026-08-04 11:44:30,2026-08-04 11:44:30
205458,2683,MOLF3,COMPRA,275,40.0069,9.7527,2026-08-04 15:31:35,2026-08-04 15:31:36,2026-08-04 15:31:36
205459,2743,QATW7,COMPRA,203,38.9613,1.6666,2026-08-04 12:49:29,2026-08-04 12:49:29,2026-08-04 12:49:29
205460,1768,JDJG6,COMPRA,230,84.1634,10.9068,2026-08-04 14:37:13,2026-08-04 14:37:14,2026-08-04 14:37:14
205461,1557,OXVD8,VENDA,405,100.6956,10.3978,2026-08-04 14:11:42,2026-08-04 14:11:43,2026-08-04 14:11:43
205462,3030,RMRT1,COMPRA,350,98.0294,12.8328,2026-08-04 11:38:50,2026-08-04 11:38:52,2026-08-04 11:38:52
205463,3410,EEYY9,COMPRA,315,192.3455,8.4336,2026-08-04 15:13:03,2026-08-04 15:13:04,2026-08-04 15:13:04
205464,1145,RIET5,COMPRA,25,158.8105,5.4131,2026-08-04 13:02:08,2026-08-04 13:02:11,2026-08-04 13:02:11
205465,2385,AYFQ2,COMPRA,445,9.5690,5.3693,2026-08-04 10:37:38,2026-08-04 10:37:38,2026-08-04 10:37:38
205466,1430,AYFQ2,COMPRA,315,9.5197,10.8983,2026-08-04 17:17:06,2026-08-04 17:17:08,2026-08-04 17:17:08
205467,2634,AYFQ2,COMPRA,393,10.4291,4.0598,2026-08-04 16:58:08,2026-08-04 16:58:10,2026-08-04 16:58:10
205468,1606,LGKU6,COMPRA,395,68.3460,3.7127,2026-08-04 14:23:39,2026-08-04 14:23:41,2026-08-04 14:23:41
205469,2092,XAVL3,COMPRA,150,139.0330,12.7047,2026-08-04 16:48:13,2026-08-04 16:48:15,2026-08-04 16:48:15
205470,2463,YOWA1,COMPRA,325,60.0234,8.8742,2026-08-04 17:00:23,2026-08-04 17:00:25,2026-08-04 17:00:25
205471,1338,TXHR8,COMPRA,480,96.0451,5.5172,2026-08-04 10:53:24,2026-08-04 10:53:27,2026-08-04 10:53:27
205472,2684,ZFBT3,COMPRA,365,79.7492,8.0386,2026-08-04 14:57:41,2026-08-04 14:57:41,2026-08-04 14:57:41
205473,1991,PSEN6,COMPRA,285,243.2756,7.2816,2026-08-04 14:49:10,2026-08-04 14:49:12,2026-08-04 14:49:12
205474,1958,PBZM6,COMPRA,422,58.2405,10.7700,2026-08-04 16:15:18,2026-08-04 16:15:18,2026-08-04 16:15:18
205475,1427,CQIL9,COMPRA,105,35.6881,10.9823,2026-08-04 17:24:45,2026-08-04 17:24:47,2026-08-04 17:24:47
205476,1034,IZTY4,COMPRA,142,37.4516,0.8918,2026-08-04 12:25:27,2026-08-04 12:25:27,2026-08-04 12:25:27
205477,3389,NHYK8,COMPRA,225,56.4755,5.1716,2026-08-04 14:01:33,2026-08-04 14:01:35,2026-08-04 14:01:35
205478,1226,RIET5,COMPRA,25,130.0402,11.6715,2026-08-04 15:42:26,2026-08-04 15:42:28,2026-08-04 15:42:28
205479,2305,OVUQ2,COMPRA,315,38.1348,3.3364,2026-08-04 14:10:15,2026-08-04 14:10:15,2026-08-04 14:10:15
205480,1466,UQIQ7,COMPRA,486,70.3438,1.9655,2026-08-04 15:15:26,2026-08-04 15:15:26,2026-08-04 15:15:26
205481,1440,WXFC8,COMPRA,243,102.2258,10.0010,2026-08-04 16:15:19,2026-08-04 16:15:22,2026-08-04 16:15:22
205482,1362,JJVW6,COMPRA,155,103.2884,10.1138,2026-08-04 15:37:45,2026-08-04 15:37:48,2026-08-04 15:37:48
205483,2146,OVYL9,COMPRA,500,69.2111,8.0177,2026-08-04 16:47:35,2026-08-04 16:47:35,2026-08-04 16:47:35
205484,2912,SGBG8,COMPRA,130,84.8509,3.8224,2026-08-04 15:24:23,2026-08-04 15:24:25,2026-08-04 15:24:25
205485,1788,EEYY9,COMPRA,55,142.2372,10.6271,2026-08-04 13:08:33,2026-08-04 13:08:33,2026-08-04 13:08:33
205486,1993,OEQA8,COMPRA,240,458.1817,9.9114,2026-08-04 17:02:42,2026-08-04 17:02:42,2026-08-04 17:02:42
205487,1056,KHGP6,COMPRA,110,118.7236,9.7620,2026-08-04 14:26:55,2026-08-04 14:26:58,2026-08-04 14:26:58
205488,1015,OEQA8,COMPRA,400,519.7279,4.9073,2026-08-04 16:16:38,2026-08-04 16:16:38,2026-08-04 16:16:38
205489,2140,TBWG2,COMPRA,395,99.2789,6.0138,2026-08-04 17:20:59,2026-08-04 17:21:00,2026-08-04 17:21:00
205490,2443,LIEG8,COMPRA,465,98.2519,2.5075,2026-08-04 13:26:11,2026-08-04 13:26:12,2026-08-04 13:26:12
205491,2111,NREP8,COMPRA,230,141.8435,6.4916,2026-08-04 11:34:47,2026-08-04 11:34:50,2026-08-04 11:34:50
205492,3168,HVEX2,COMPRA,330,121.1273,6.4400,2026-08-04 12:12:06,2026-08-04 12:12:07,2026-08-04 12:12:07
205493,3405,TNHT4,COMPRA,275,114.7912,1.0222,2026-08-04 13:21:33,2026-08-04 13:21:36,2026-08-04 13:21:36
205494,2995,YYLA4,COMPRA,160,206.8470,6.7082,2026-08-04 11:55:31,2026-08-04 11:55:33,2026-08-04 11:55:33
205495,1013,ECQD7,COMPRA,260,88.8487,8.8963,2026-08-04 12:30:22,2026-08-04 12:30:22,2026-08-04 12:30:22
205496,1683,TVCE9,COMPRA,15,61.9016,5.5536,2026-08-04 11:49:18,2026-08-04 11:49:18,2026-08-04 11:49:18
205497,1632,BGNM6,COMPRA,155,121.7139,12.1355,2026-08-04 15:53:15,2026-08-04 15:53:16,2026-08-04 15:53:16
205498,1644,XAVL3,COMPRA,245,160.3937,12.3169,2026-08-04 12:58:54,2026-08-04 12:58:57,2026-08-04 12:58:57
205499,3324,MOLF3,COMPRA,482,46.5976,9.3312,2026-08-04 16:49:33,2026-08-04 16:49:35,2026-08-04 16:49:35
205500,2942,XLZM9,COMPRA,80,66.3729,1.2357,2026-08-04 15:10:34,2026-08-04 15:10:34,2026-08-04 15:10:34
205501,2501,NHYK8,COMPRA,454,73.7787,0.8138,2026-08-04 13:04:24,2026-08-04 13:04:24,2026-08-04 13:04:24
205502,2001,YYLA4,COMPRA,50,184.5803,3.8984,2026-08-04 17:27:14,2026-08-04 17:27:14,2026-08-04 17:27:14
205503,1132,YCCK8,COMPRA,500,472.0998,2.0548,2026-08-04 17:04:29,2026-08-04 17:04:32,2026-08-04 17:04:32
205504,1672,ZFBT3,COMPRA,245,85.7382,9.5692,2026-08-04 14:51:41,2026-08-04 14:51:43,2026-08-04 14:51:43
205505,1648,YRWH3,COMPRA,475,200.4930,5.6830,2026-08-04 17:23:40,2026-08-04 17:23:42,2026-08-04 17:23:42
205506,2563,QQQS1,COMPRA,140,21.7624,6.9103,2026-08-04 14:55:07,2026-08-04 14:55:10,2026-08-04 14:55:10
205507,3226,NUJZ2,COMPRA,160,35.0735,4.2460,2026-08-04 14:24:31,2026-08-04 14:24:31,2026-08-04 14:24:31
205508,1536,JDJG6,COMPRA,185,78.0650,4.1651,2026-08-04 13:38:13,2026-08-04 13:38:13,2026-08-04 13:38:13
205509,2371,NUJZ2,COMPRA,95,25.9291,6.8816,2026-08-04 10:26:53,2026-08-04 10:26:53,2026-08-04 10:26:53
205510,1326,GULD2,COMPRA,132,130.1032,6.7983,2026-08-04 16:38:46,2026-08-04 16:38:49,2026-08-04 16:38:49
205511,2502,XAVL3,COMPRA,110,197.5592,6.2726,2026-08-04 14:18:31,2026-08-04 14:18:33,2026-08-04 14:18:33
205512,2842,YRWH3,COMPRA,105,229.1473,0.5610,2026-08-04 16:25:30,2026-08-04 16:25:33,2026-08-04 16:25:33
205513,2181,PBZM6,COMPRA,450,56.5811,2.3253,2026-08-04 15:47:48,2026-08-04 15:47:49,2026-08-04 15:47:49
205514,2705,SGBG8,COMPRA,270,97.6312,12.5782,2026-08-04 16:11:28,2026-08-04 16:11:29,2026-08-04 16:11:29
205515,2382,YFAH5,COMPRA,350,153.9556,0.9776,2026-08-04 13:33:45,2026-08-04 13:33:45,2026-08-04 13:33:45
205516,1835,ZHTL2,COMPRA,460,60.0267,11.4406,2026-08-04 10:18:39,2026-08-04 10:18:42,2026-08-04 10:18:42
205517,2806,QTHQ1,COMPRA,60,27.8618,8.5181,2026-08-04 10:36:57,2026-08-04 10:36:57,2026-08-04 10:36:57
205518,1524,ERTC4,COMPRA,150,38.2404,3.4341,2026-08-04 17:30:54,2026-08-04 17:30:56,2026-08-04 17:30:56
205519,1681,DHRM5,COMPRA,350,267.5681,11.8234,2026-08-04 14:58:13,2026-08-04 14:58:14,2026-08-04 14:58:14
205520,1061,AAWB3,VENDA,240,158.1302,12.7616,2026-08-04 12:19:41,2026-08-04 12:19:44,2026-08-04 12:19:44
205521,1684,GFDF2,COMPRA,380,88.3220,4.2876,2026-08-04 12:22:17,2026-08-04 12:22:17,2026-08-04 12:22:17
205522,2997,RHXV4,COMPRA,184,57.1071,9.0768,2026-08-04 13:53:01,2026-08-04 13:53:02,2026-08-04 13:53:02
205523,2290,JJVW6,COMPRA,340,155.2915,3.7619,2026-08-04 15:46:41,2026-08-04 15:46:43,2026-08-04 15:46:43
205524,1232,OVUQ2,COMPRA,445,59.6691,10.6649,2026-08-04 16:14:29,2026-08-04 16:14:32,2026-08-04 16:14:32
205525,2416,DFGR7,COMPRA,215,110.9872,8.2020,2026-08-04 13:47:44,2026-08-04 13:47:46,2026-08-04 13:47:46
205526,1369,FYZB6,COMPRA,294,77.5952,4.3093,2026-08-04 16:05:14,2026-08-04 16:05:17,2026-08-04 16:05:17
205527,2551,LCCH9,COMPRA,310,9.0026,7.8522,2026-08-04 15:54:49,2026-08-04 15:54:50,2026-08-04 15:54:50
205528,2506,PZUP8,COMPRA,30,189.4123,1.6032,2026-08-04 12:07:04,2026-08-04 12:07:06,2026-08-04 12:07:06
205529,2815,PSEN6,COMPRA,295,147.9865,3.4966,2026-08-04 12:59:43,2026-08-04 12:59:43,2026-08-04 12:59:43
205530,1604,OXVD8,COMPRA,190,66.1158,5.9999,2026-08-04 17:17:30,2026-08-04 17:17:33,2026-08-04 17:17:33
205531,2880,AAWB3,COMPRA,170,139.1146,1.8972,2026-08-04 11:32:58,2026-08-04 11:33:00,2026-08-04 11:33:00
205532,3214,OVYL9,COMPRA,485,81.5518,9.4516,2026-08-04 13:13:57,2026-08-04 13:13:59,2026-08-04 13:13:59
205533,3092,SRDU1,COMPRA,265,96.6592,6.5081,2026-08-04 14:07:56,2026-08-04 14:07:59,2026-08-04 14:07:59
205534,1698,PZUP8,COMPRA,445,145.0993,8.8831,2026-08-04 12:32:31,2026-08-04 12:32:32,2026-08-04 12:32:32
205535,3265,BSDJ7,COMPRA,335,213.5864,3.0034,2026-08-04 17:14:17,2026-08-04 17:14:17,2026-08-04 17:14:17
205536,2660,QTDZ2,COMPRA,300,49.5922,1.5684,2026-08-04 10:37:57,2026-08-04 10:38:00,2026-08-04 10:38:00
205537,1626,IWFI1,VENDA,305,163.3250,0.6550,2026-08-04 12:13:51,2026-08-04 12:13:53,2026-08-04 12:13:53
205538,1315,UCHR6,COMPRA,260,428.2847,2.1054,2026-08-04 15:16:50,2026-08-04 15:16:51,2026-08-04 15:16:51
205539,3076,IJJK3,COMPRA,266,112.6777,0.0463,2026-08-04 10:29:00,2026-08-04 10:29:01,2026-08-04 10:29:01
205540,2011,ENRZ2,COMPRA,380,121.5890,1.3063,2026-08-04 17:04:49,2026-08-04 17:04:52,2026-08-04 17:04:52
205541,1355,NYGT6,COMPRA,405,87.7239,5.7321,2026-08-04 16:39:13,2026-08-04 16:39:15,2026-08-04 16:39:15
205542,3135,HCZM2,COMPRA,20,529.1116,12.4057,2026-08-04 16:55:44,2026-08-04 16:55:44,2026-08-04 16:55:44
205543,3032,IWAK1,COMPRA,163,85.6452,2.9215,2026-08-04 11:52:44,2026-08-04 11:52:47,2026-08-04 11:52:47
205544,1578,TBWG2,COMPRA,460,70.1895,7.4177,2026-08-04 14:17:05,2026-08-04 14:17:05,2026-08-04 14:17:05
205545,3127,KFSY2,COMPRA,75,104.5190,11.8082,2026-08-04 12:36:31,2026-08-04 12:36:33,2026-08-04 12:36:33
205546,3003,DMTZ8,VENDA,265,177.3510,0.9529,2026-08-04 13:56:31,2026-08-04 13:56:32,2026-08-04 13:56:32
205547,3491,DQSN6,COMPRA,106,165.4428,1.3943,2026-08-04 14:48:41,2026-08-04 14:48:43,2026-08-04 14:48:43
205548,1229,EEYY9,COMPRA,273,195.1836,10.0937,2026-08-04 14:16:37,2026-08-04 14:16:37,2026-08-04 14:16:37
205549,2843,QYBV3,COMPRA,465,66.1585,9.0823,2026-08-04 12:36:04,2026-08-04 12:36:05,2026-08-04 12:36:05
205550,2211,CQJZ4,COMPRA,115,68.2545,2.3674,2026-08-04 11:04:16,2026-08-04 11:04:18,2026-08-04 11:04:18
205551,3356,QHFL8,COMPRA,215,166.8068,8.5923,2026-08-04 14:40:05,2026-08-04 14:40:08,2026-08-04 14:40:08
205552,2746,GAKD5,COMPRA,305,216.0374,10.1879,2026-08-04 10:29:58,2026-08-04 10:30:00,2026-08-04 10:30:00
205553,1146,DGBT6,COMPRA,352,112.3371,11.6974,2026-08-04 17:29:33,2026-08-04 17:29:35,2026-08-04 17:29:35
205554,3367,IWFI1,COMPRA,385,187.1863,5.3144,2026-08-04 10:58:35,2026-08-04 10:58:38,2026-08-04 10:58:38
205555,2240,JIPA6,COMPRA,315,45.8569,8.0721,2026-08-04 16:19:14,2026-08-04 16:19:16,2026-08-04 16:19:16
205556,3463,PZUP8,COMPRA,145,136.4150,8.0136,2026-08-04 15:32:56,2026-08-04 15:32:58,2026-08-04 15:32:58
205557,1240,SGBG8,COMPRA,500,63.1764,4.2210,2026-08-04 13:42:03,2026-08-04 13:42:03,2026-08-04 13:42:03
205558,2534,NAOF3,COMPRA,30,79.2160,9.1363,2026-08-04 12:34:47,2026-08-04 12:34:47,2026-08-04 12:34:47
205559,1275,HCZM2,COMPRA,395,329.7345,12.7851,2026-08-04 16:58:46,2026-08-04 16:58:49,2026-08-04 16:58:49
205560,1810,DEGN5,COMPRA,240,97.2754,11.3118,2026-08-04 15:56:53,2026-08-04 15:56:56,2026-08-04 15:56:56
205561,1772,MCMT2,COMPRA,110,90.9756,5.2778,2026-08-04 16:13:03,2026-08-04 16:13:04,2026-08-04 16:13:04
205562,2938,MJDL9,COMPRA,325,34.2320,2.2595,2026-08-04 10:01:07,2026-08-04 10:01:07,2026-08-04 10:01:07
205563,1554,LIEG8,COMPRA,350,84.2800,8.9449,2026-08-04 11:22:27,2026-08-04 11:22:28,2026-08-04 11:22:28
205564,1988,ZFBT3,COMPRA,245,105.6455,3.9524,2026-08-04 11:31:20,2026-08-04 11:31:20,2026-08-04 11:31:20
205565,2344,FYZB6,COMPRA,90,81.4789,10.1534,2026-08-04 11:33:32,2026-08-04 11:33:35,2026-08-04 11:33:35
205566,2712,BSDJ7,COMPRA,120,223.8602,1.1355,2026-08-04 15:57:05,2026-08-04 15:57:06,2026-08-04 15:57:06
205567,1379,BOCS8,COMPRA,230,67.8492,9.9152,2026-08-04 11:32:48,2026-08-04 11:32:49,2026-08-04 11:32:49
205568,3482,PSEN6,COMPRA,115,147.0137,4.6550,2026-08-04 11:32:36,2026-08-04 11:32:38,2026-08-04 11:32:38
205569,3172,UQJU7,COMPRA,295,67.1695,7.4582,2026-08-04 12:14:41,2026-08-04 12:14:41,2026-08-04 12:14:41
205570,3286,TNHT4,COMPRA,5,146.5762,8.4708,2026-08-04 10:11:22,2026-08-04 10:11:24,2026-08-04 10:11:24
205571,2423,UVEY5,COMPRA,85,86.5726,7.7812,2026-08-04 10:07:57,2026-08-04 10:07:57,2026-08-04 10:07:57
205572,1532,QTHQ1,COMPRA,355,19.4026,5.0306,2026-08-04 12:22:31,2026-08-04 12:22:33,2026-08-04 12:22:33
205573,2285,ZHTL2,COMPRA,320,77.4728,1.0030,2026-08-04 12:46:57,2026-08-04 12:46:59,2026-08-04 12:46:59
205574,2182,HJRH5,COMPRA,465,178.3557,0.8665,2026-08-04 15:34:13,2026-08-04 15:34:15,2026-08-04 15:34:15
205575,1926,ICSU4,COMPRA,435,168.6111,12.7636,2026-08-04 12:30:08,2026-08-04 12:30:09,2026-08-04 12:30:09
205576,3496,IJJK3,COMPRA,260,91.7212,10.1223,2026-08-04 13:40:33,2026-08-04 13:40:34,2026-08-04 13:40:34
205577,2664,TBWG2,COMPRA,480,64.9271,10.1516,2026-08-04 15:54:46,2026-08-04 15:54:46,2026-08-04 15:54:46
205578,1134,SVOZ4,COMPRA,265,37.0748,3.8343,2026-08-04 13:29:15,2026-08-04 13:29:16,2026-08-04 13:29:16
205579,2939,UFIU3,COMPRA,395,102.0756,11.0830,2026-08-04 13:32:21,2026-08-04 13:32:24,2026-08-04 13:32:24
205580,1129,MCMT2,COMPRA,325,102.4511,7.3664,2026-08-04 13:24:00,2026-08-04 13:24:02,2026-08-04 13:24:02
205581,2230,NUJZ2,COMPRA,340,35.2668,12.3760,2026-08-04 11:23:44,2026-08-04 11:23:44,2026-08-04 11:23:44
205582,2716,XLZM9,COMPRA,290,40.5950,1.5453,2026-08-04 11:31:30,2026-08-04 11:31:32,2026-08-04 11:31:32
205583,1658,GAKD5,COMPRA,105,256.9240,6.4544,2026-08-04 15:22:51,2026-08-04 15:22:54,2026-08-04 15:22:54
205584,2445,MGRR2,COMPRA,85,104.6944,11.7758,2026-08-04 11:16:06,2026-08-04 11:16:07,2026-08-04 11:16:07
205585,3466,DSFC9,COMPRA,90,486.3464,10.3957,2026-08-04 13:47:49,2026-08-04 13:47:49,2026-08-04 13:47:49
205586,3114,XAVL3,COMPRA,490,155.2384,1.9671,2026-08-04 11:53:05,2026-08-04 11:53:05,2026-08-04 11:53:05
205587,1506,ZFBT3,COMPRA,360,112.6371,5.6274,2026-08-04 14:43:35,2026-08-04 14:43:35,2026-08-04 14:43:35
205588,1143,WMQZ6,COMPRA,465,69.6977,10.1688,2026-08-04 10:16:54,2026-08-04 10:16:56,2026-08-04 10:16:56
205589,1830,SGBG8,COMPRA,410,97.7153,9.2501,2026-08-04 11:54:44,2026-08-04 11:54:46,2026-08-04 11:54:46
205590,2350,AAUA7,COMPRA,238,141.1416,5.5619,2026-08-04 12:52:02,2026-08-04 12:52:04,2026-08-04 12:52:04
205591,1617,RDOA3,COMPRA,224,104.9704,7.5903,2026-08-04 12:43:52,2026-08-04 12:43:54,2026-08-04 12:43:54
205592,1192,ICSU4,COMPRA,495,166.9713,10.9189,2026-08-04 15:48:48,2026-08-04 15:48:48,2026-08-04 15:48:48
205593,1765,TTHO3,COMPRA,497,41.6479,0.2768,2026-08-04 17:14:56,2026-08-04 17:14:58,2026-08-04 17:14:58
205594,2782,QYBV3,COMPRA,285,87.0865,0.7796,2026-08-04 11:42:29,2026-08-04 11:42:31,2026-08-04 11:42:31
205595,2836,BSDJ7,COMPRA,140,182.6952,12.3367,2026-08-04 17:02:25,2026-08-04 17:02:27,2026-08-04 17:02:27
205596,2201,YOWA1,COMPRA,235,57.8410,1.1898,2026-08-04 11:00:06,2026-08-04 11:00:08,2026-08-04 11:00:08
205597,3401,SVOZ4,COMPRA,276,53.0826,3.4065,2026-08-04 13:04:12,2026-08-04 13:04:14,2026-08-04 13:04:14
205598,2308,AYFQ2,COMPRA,155,13.5805,1.4048,2026-08-04 11:23:42,2026-08-04 11:23:45,2026-08-04 11:23:45
205599,2397,NREP8,COMPRA,35,102.8539,11.6048,2026-08-04 10:10:00,2026-08-04 10:10:00,2026-08-04 10:10:00
205600,2321,CQIL9,COMPRA,135,29.5573,0.8648,2026-08-04 15:37:52,2026-08-04 15:37:52,2026-08-04 15:37:52
205601,1663,NAOF3,COMPRA,130,69.2285,3.5992,2026-08-04 16:46:06,2026-08-04 16:46:07,2026-08-04 16:46:07
205602,2789,DSFC9,COMPRA,30,425.5791,10.6766,2026-08-04 12:37:57,2026-08-04 12:37:57,2026-08-04 12:37:57
205603,2739,LCCH9,COMPRA,460,7.5435,2.0041,2026-08-04 16:24:30,2026-08-04 16:24:30,2026-08-04 16:24:30
205604,1098,SUZL4,COMPRA,469,165.0754,11.1148,2026-08-04 13:15:26,2026-08-04 13:15:27,2026-08-04 13:15:27
205605,1344,IWFI1,COMPRA,450,158.5718,2.6556,2026-08-04 10:12:31,2026-08-04 10:12:34,2026-08-04 10:12:34
205606,1656,EEYY9,COMPRA,20,157.2654,3.3371,2026-08-04 15:24:36,2026-08-04 15:24:37,2026-08-04 15:24:37
205607,3042,AAUA7,COMPRA,35,165.2780,3.0082,2026-08-04 12:46:13,2026-08-04 12:46:16,2026-08-04 12:46:16
205608,2526,ICSU4,COMPRA,330,120.8830,12.8802,2026-08-04 13:44:57,2026-08-04 13:45:00,2026-08-04 13:45:00
205609,1610,GKQC5,COMPRA,255,155.3175,11.4278,2026-08-04 12:12:06,2026-08-04 12:12:08,2026-08-04 12:12:08
205610,2711,MJDL9,COMPRA,395,27.6848,1.0051,2026-08-04 16:45:51,2026-08-04 16:45:52,2026-08-04 16:45:52
205611,1895,HVEX2,COMPRA,20,127.4763,8.1182,2026-08-04 14:13:11,2026-08-04 14:13:14,2026-08-04 14:13:14
205612,1048,BOCS8,COMPRA,220,60.6189,1.3277,2026-08-04 15:51:54,2026-08-04 15:51:54,2026-08-04 15:51:54
205613,3039,AYFQ2,COMPRA,193,12.7913,6.6144,2026-08-04 15:26:52,2026-08-04 15:26:55,2026-08-04 15:26:55
205614,3141,IPXK2,COMPRA,95,255.0236,7.8954,2026-08-04 13:00:06,2026-08-04 13:00:07,2026-08-04 13:00:07
205615,1624,JUDG8,COMPRA,220,75.7125,11.4327,2026-08-04 11:05:02,2026-08-04 11:05:03,2026-08-04 11:05:03
205616,2134,YCCK8,COMPRA,485,433.3737,1.7120,2026-08-04 14:25:51,2026-08-04 14:25:53,2026-08-04 14:25:53
205617,3377,QTDZ2,COMPRA,95,60.9376,7.9694,2026-08-04 13:12:05,2026-08-04 13:12:05,2026-08-04 13:12:05
205618,1749,LQML9,COMPRA,240,162.4964,6.5134,2026-08-04 10:00:10,2026-08-04 10:00:10,2026-08-04 10:00:10
205619,2018,CQJZ4,COMPRA,230,91.4932,9.6872,2026-08-04 17:25:02,2026-08-04 17:25:02,2026-08-04 17:25:02
205620,2694,QATW7,COMPRA,310,55.6383,6.7861,2026-08-04 15:30:53,2026-08-04 15:30:54,2026-08-04 15:30:54
205621,2031,DFGR7,COMPRA,155,81.8183,6.4288,2026-08-04 14:02:41,2026-08-04 14:02:43,2026-08-04 14:02:43
205622,2035,KQEO3,VENDA,30,85.6671,5.3516,2026-08-04 15:33:05,2026-08-04 15:33:06,2026-08-04 15:33:06
205623,2218,TBWG2,COMPRA,295,63.1378,11.7156,2026-08-04 11:18:26,2026-08-04 11:18:29,2026-08-04 11:18:29
205624,2406,ECQD7,COMPRA,330,87.8131,8.7913,2026-08-04 10:25:35,2026-08-04 10:25:38,2026-08-04 10:25:38
205625,3077,LQML9,COMPRA,425,162.5304,0.6327,2026-08-04 16:09:36,2026-08-04 16:09:38,2026-08-04 16:09:38
205626,3053,ZAAS7,COMPRA,215,469.0776,11.5040,2026-08-04 17:03:16,2026-08-04 17:03:18,2026-08-04 17:03:18
205627,1207,QATW7,COMPRA,227,53.7878,3.1333,2026-08-04 14:19:58,2026-08-04 14:19:58,2026-08-04 14:19:58
205628,1525,SUZL4,COMPRA,255,110.6796,10.4076,2026-08-04 11:15:54,2026-08-04 11:15:54,2026-08-04 11:15:54
205629,3391,TXHR8,COMPRA,435,86.7489,2.0529,2026-08-04 12:37:36,2026-08-04 12:37:39,2026-08-04 12:37:39
205630,1786,XAVL3,COMPRA,384,185.2149,5.0320,2026-08-04 16:15:33,2026-08-04 16:15:35,2026-08-04 16:15:35
205631,1753,QYBV3,COMPRA,395,61.0493,12.6760,2026-08-04 15:41:53,2026-08-04 15:41:54,2026-08-04 15:41:54
205632,3421,JJVW6,COMPRA,376,141.1481,4.2575,2026-08-04 11:39:00,2026-08-04 11:39:00,2026-08-04 11:39:00
205633,2384,NYGT6,COMPRA,307,132.6836,1.3637,2026-08-04 16:04:31,2026-08-04 16:04:34,2026-08-04 16:04:34
205634,2786,NQYT3,COMPRA,250,52.5957,10.0386,2026-08-04 17:19:35,2026-08-04 17:19:37,2026-08-04 17:19:37
205635,1803,HCLJ8,COMPRA,120,131.9201,5.8989,2026-08-04 17:10:19,2026-08-04 17:10:21,2026-08-04 17:10:21
205636,2239,QTHQ1,COMPRA,150,25.2648,0.3566,2026-08-04 12:31:11,2026-08-04 12:31:11,2026-08-04 12:31:11
205637,1743,DQSN6,COMPRA,250,104.4472,10.1289,2026-08-04 11:42:55,2026-08-04 11:42:58,2026-08-04 11:42:58
205638,2664,UFIU3,COMPRA,450,92.9570,1.5724,2026-08-04 15:15:08,2026-08-04 15:15:11,2026-08-04 15:15:11
205639,2950,WHMT3,COMPRA,15,112.6341,6.3170,2026-08-04 12:50:22,2026-08-04 12:50:24,2026-08-04 12:50:24
205640,1577,UVEY5,COMPRA,280,90.5144,0.7642,2026-08-04 10:01:51,2026-08-04 10:01:53,2026-08-04 10:01:53
205641,2246,XPVA7,COMPRA,93,550.3769,0.6076,2026-08-04 15:24:51,2026-08-04 15:24:51,2026-08-04 15:24:51
205642,2256,GKQC5,COMPRA,259,113.1859,10.8199,2026-08-04 16:34:56,2026-08-04 16:34:58,2026-08-04 16:34:58
205643,1349,BGNM6,COMPRA,435,98.8343,7.1663,2026-08-04 15:43:27,2026-08-04 15:43:28,2026-08-04 15:43:28
205644,1795,QATW7,COMPRA,365,57.6572,1.1477,2026-08-04 14:00:48,2026-08-04 14:00:50,2026-08-04 14:00:50
205645,1527,CQIL9,COMPRA,75,32.1034,5.2102,2026-08-04 15:55:12,2026-08-04 15:55:14,2026-08-04 15:55:14
205646,1018,UVEY5,COMPRA,180,82.6048,9.7927,2026-08-04 15:27:44,2026-08-04 15:27:47,2026-08-04 15:27:47
205647,1279,AYFQ2,VENDA,116,14.2554,6.3794,2026-08-04 17:09:35,2026-08-04 17:09:37,2026-08-04 17:09:37
205648,1982,DQSN6,COMPRA,240,127.0466,9.6896,2026-08-04 16:22:16,2026-08-04 16:22:17,2026-08-04 16:22:17
205649,2767,WXQM6,COMPRA,310,56.7759,3.6187,2026-08-04 12:56:51,2026-08-04 12:56:51,2026-08-04 12:56:51
205650,1832,YCCK8,COMPRA,140,359.6086,6.2214,2026-08-04 16:44:37,2026-08-04 16:44:39,2026-08-04 16:44:39
205651,1348,RMRT1,COMPRA,451,125.4309,11.7131,2026-08-04 16:07:18,2026-08-04 16:07:19,2026-08-04 16:07:19
205652,2011,BOCS8,COMPRA,269,75.4385,3.5339,2026-08-04 11:31:43,2026-08-04 11:31:44,2026-08-04 11:31:44
205653,1825,TTHO3,COMPRA,115,32.9775,3.0762,2026-08-04 10:13:24,2026-08-04 10:13:27,2026-08-04 10:13:27
205654,2887,LCCH9,VENDA,65,8.0516,4.8517,2026-08-04 14:15:47,2026-08-04 14:15:48,2026-08-04 14:15:48
205655,2341,ZAAS7,COMPRA,368,338.6985,4.9446,2026-08-04 14:37:43,2026-08-04 14:37:43,2026-08-04 14:37:43
205656,2929,LCCH9,COMPRA,185,8.1264,4.4196,2026-08-04 12:41:38,2026-08-04 12:41:38,2026-08-04 12:41:38
205657,1264,RSBT4,COMPRA,104,411.3899,8.4422,2026-08-04 10:31:52,2026-08-04 10:31:55,2026-08-04 10:31:55
205658,1313,VLEB3,COMPRA,406,467.2524,0.2288,2026-08-04 11:07:02,2026-08-04 11:07:05,2026-08-04 11:07:05
205659,2658,RIET5,COMPRA,450,115.6967,2.5794,2026-08-04 14:42:55,2026-08-04 14:42:57,2026-08-04 14:42:57
205660,1304,DEGN5,COMPRA,230,66.0838,0.2815,2026-08-04 12:49:34,2026-08-04 12:49:37,2026-08-04 12:49:37
205661,3374,LIEG8,COMPRA,280,99.1068,10.5678,2026-08-04 16:20:23,2026-08-04 16:20:26,2026-08-04 16:20:26
205662,1977,TBWG2,VENDA,284,70.3295,6.1819,2026-08-04 10:42:36,2026-08-04 10:42:37,2026-08-04 10:42:37
205663,2650,ACSV1,COMPRA,355,92.7330,1.3350,2026-08-04 16:30:22,2026-08-04 16:30:25,2026-08-04 16:30:25
205664,2079,NREP8,COMPRA,175,99.8554,11.7876,2026-08-04 15:28:09,2026-08-04 15:28:10,2026-08-04 15:28:10
205665,2186,LIEG8,COMPRA,397,88.0315,1.9479,2026-08-04 15:35:58,2026-08-04 15:36:01,2026-08-04 15:36:01
205666,1235,GULD2,COMPRA,497,171.4389,10.5197,2026-08-04 14:47:17,2026-08-04 14:47:18,2026-08-04 14:47:18
205667,1140,GFDF2,COMPRA,68,110.6964,2.1661,2026-08-04 12:44:46,2026-08-04 12:44:49,2026-08-04 12:44:49
205668,1131,RDOA3,COMPRA,145,80.1926,0.1646,2026-08-04 12:30:49,2026-08-04 12:30:51,2026-08-04 12:30:51
205669,1523,LGKU6,COMPRA,285,72.2913,8.9653,2026-08-04 17:19:27,2026-08-04 17:19:30,2026-08-04 17:19:30
205670,1169,TBWG2,COMPRA,245,99.6983,7.1359,2026-08-04 14:37:43,2026-08-04 14:37:46,2026-08-04 14:37:46
205671,2627,SRDU1,COMPRA,326,76.2568,5.0999,2026-08-04 12:46:26,2026-08-04 12:46:28,2026-08-04 12:46:28
205672,2879,BXFJ9,COMPRA,25,172.6827,10.8291,2026-08-04 11:03:36,2026-08-04 11:03:36,2026-08-04 11:03:36
205673,3011,XPVA7,COMPRA,450,555.5881,12.2314,2026-08-04 16:56:54,2026-08-04 16:56:57,2026-08-04 16:56:57
205674,3125,XLZM9,COMPRA,115,58.2563,7.1922,2026-08-04 15:08:30,2026-08-04 15:08:33,2026-08-04 15:08:33
205675,2006,WMQZ6,COMPRA,445,85.1937,8.6013,2026-08-04 11:18:42,2026-08-04 11:18:42,2026-08-04 11:18:42
205676,3060,MGRR2,COMPRA,30,130.7277,8.1786,2026-08-04 17:29:24,2026-08-04 17:29:25,2026-08-04 17:29:25
205677,1615,GULD2,COMPRA,355,151.0109,4.2524,2026-08-04 14:39:37,2026-08-04 14:39:40,2026-08-04 14:39:40
205678,2786,VLEB3,COMPRA,35,473.8805,0.2857,2026-08-04 17:21:46,2026-08-04 17:21:46,2026-08-04 17:21:46
205679,2615,FIUW1,COMPRA,245,116.6993,7.7170,2026-08-04 15:12:58,2026-08-04 15:12:59,2026-08-04 15:12:59
205680,3099,AYFQ2,COMPRA,380,12.5279,5.4523,2026-08-04 11:12:13,2026-08-04 11:12:13,2026-08-04 11:12:13
205681,2950,DMTZ8,COMPRA,5,154.2780,6.4761,2026-08-04 12:27:01,2026-08-04 12:27:01,2026-08-04 12:27:01
205682,1101,DHRM5,COMPRA,483,323.0491,3.5587,2026-08-04 16:01:33,2026-08-04 16:01:35,2026-08-04 16:01:35
205683,1946,ZFBT3,COMPRA,165,112.8385,12.2063,2026-08-04 17:21:32,2026-08-04 17:21:33,2026-08-04 17:21:33
205684,2036,QTHQ1,COMPRA,18,21.0654,11.3984,2026-08-04 10:56:07,2026-08-04 10:56:10,2026-08-04 10:56:10
205685,2895,NQYT3,COMPRA,415,62.8065,12.1780,2026-08-04 15:57:01,2026-08-04 15:57:01,2026-08-04 15:57:01
205686,2827,QATW7,COMPRA,140,51.8965,6.0067,2026-08-04 16:52:08,2026-08-04 16:52:08,2026-08-04 16:52:08
205687,2562,DMTZ8,COMPRA,410,161.1433,12.7175,2026-08-04 12:49:05,2026-08-04 12:49:07,2026-08-04 12:49:07
205688,1134,PBZM6,COMPRA,330,53.0881,0.7280,2026-08-04 15:15:17,2026-08-04 15:15:20,2026-08-04 15:15:20
205689,2438,GAKD5,COMPRA,105,320.5511,11.2897,2026-08-04 13:01:40,2026-08-04 13:01:41,2026-08-04 13:01:41
205690,1813,DMTZ8,COMPRA,166,153.5296,6.5666,2026-08-04 12:55:27,2026-08-04 12:55:30,2026-08-04 12:55:30
205691,1450,YOWA1,COMPRA,110,52.1387,6.7235,2026-08-04 10:00:24,2026-08-04 10:00:25,2026-08-04 10:00:25
205692,3013,RHXV4,COMPRA,225,71.4777,10.3290,2026-08-04 12:16:47,2026-08-04 12:16:49,2026-08-04 12:16:49
205693,1827,LIEG8,COMPRA,390,119.7053,7.0798,2026-08-04 15:17:08,2026-08-04 15:17:09,2026-08-04 15:17:09
205694,2013,ICSU4,COMPRA,425,139.5109,11.0273,2026-08-04 15:44:37,2026-08-04 15:44:39,2026-08-04 15:44:39
205695,1183,ERTC4,COMPRA,360,41.7890,7.8786,2026-08-04 10:10:50,2026-08-04 10:10:51,2026-08-04 10:10:51
205696,2250,PZUP8,COMPRA,195,125.6677,5.3148,2026-08-04 14:43:55,2026-08-04 14:43:57,2026-08-04 14:43:57
205697,1079,GULD2,COMPRA,95,120.0897,2.0213,2026-08-04 13:47:20,2026-08-04 13:47:22,2026-08-04 13:47:22
205698,2267,IZTY4,COMPRA,210,26.6115,6.3964,2026-08-04 13:30:54,2026-08-04 13:30:55,2026-08-04 13:30:55
205699,1220,ZYVN7,COMPRA,275,64.2728,11.3597,2026-08-04 11:47:22,2026-08-04 11:47:25,2026-08-04 11:47:25
205700,1033,GAKD5,VENDA,225,328.9346,2.5502,2026-08-04 15:59:45,2026-08-04 15:59:48,2026-08-04 15:59:48
205701,1120,YYLA4,COMPRA,205,190.8266,5.2653,2026-08-04 10:57:11,2026-08-04 10:57:12,2026-08-04 10:57:12
205702,1908,OXVD8,COMPRA,335,93.5930,4.4707,2026-08-04 13:05:11,2026-08-04 13:05:11,2026-08-04 13:05:11
205703,1999,XTVW5,COMPRA,425,96.8723,0.8002,2026-08-04 10:27:38,2026-08-04 10:27:40,2026-08-04 10:27:40
205704,1951,KQEO3,COMPRA,385,83.6713,8.5816,2026-08-04 10:35:44,2026-08-04 10:35:46,2026-08-04 10:35:46
205705,1397,GKQC5,COMPRA,325,107.2525,7.8928,2026-08-04 17:01:38,2026-08-04 17:01:41,2026-08-04 17:01:41
205706,3044,KQEO3,COMPRA,60,74.0072,1.5777,2026-08-04 11:34:41,2026-08-04 11:34:43,2026-08-04 11:34:43
205707,1935,NGIU9,COMPRA,195,115.9446,4.7117,2026-08-04 16:32:50,2026-08-04 16:32:53,2026-08-04 16:32:53
205708,2899,NGIU9,COMPRA,260,85.7122,1.7587,2026-08-04 11:19:18,2026-08-04 11:19:20,2026-08-04 11:19:20
205709,3498,UCHR6,COMPRA,90,482.7692,11.9403,2026-08-04 16:20:15,2026-08-04 16:20:15,2026-08-04 16:20:15
205710,2628,KFSY2,COMPRA,115,140.1847,3.3147,2026-08-04 12:08:22,2026-08-04 12:08:23,2026-08-04 12:08:23
205711,1248,FRGH8,COMPRA,320,64.9714,0.8514,2026-08-04 10:22:46,2026-08-04 10:22:46,2026-08-04 10:22:46
205712,1151,DSFC9,COMPRA,20,424.5656,12.8351,2026-08-04 16:12:41,2026-08-04 16:12:43,2026-08-04 16:12:43
205713,1159,NYGT6,COMPRA,355,80.3621,2.5115,2026-08-04 16:27:33,2026-08-04 16:27:33,2026-08-04 16:27:33
205714,1809,TNHT4,COMPRA,500,126.7788,,2026-08-04 13:31:26,2026-08-04 13:31:28,2026-08-04 13:31:28
205715,2008,FIUW1,COMPRA,100,125.1652,4.5179,2026-08-04 10:54:28,2026-08-04 10:54:29,2026-08-04 10:54:29
205716,1739,FYZB6,COMPRA,55,78.2278,0.1543,2026-08-04 14:19:50,2026-08-04 14:19:53,2026-08-04 14:19:53
205717,2573,ICSU4,COMPRA,175,124.9309,0.8067,2026-08-04 15:35:00,2026-08-04 15:35:02,2026-08-04 15:35:02
205718,1012,XOVY4,COMPRA,229,121.3245,11.7524,2026-08-04 14:41:49,2026-08-04 14:41:51,2026-08-04 14:41:51
205719,1667,HJRH5,COMPRA,440,173.7438,6.3147,2026-08-04 10:55:51,2026-08-04 10:55:51,2026-08-04 10:55:51
205720,1579,IZTY4,COMPRA,260,34.3941,4.1683,2026-08-04 10:04:51,2026-08-04 10:04:54,2026-08-04 10:04:54
205721,2788,RHXV4,COMPRA,365,74.4676,3.7175,2026-08-04 15:06:59,2026-08-04 15:07:01,2026-08-04 15:07:01
205722,2670,NWGB4,COMPRA,290,150.1160,7.3292,2026-08-04 12:26:24,2026-08-04 12:26:27,2026-08-04 12:26:27
205723,3339,XAVL3,COMPRA,65,140.0431,12.7991,2026-08-04 16:57:10,2026-08-04 16:57:11,2026-08-04 16:57:11
205724,2344,OVUQ2,COMPRA,35,43.7628,7.2829,2026-08-04 15:52:34,2026-08-04 15:52:35,2026-08-04 15:52:35
205725,3069,IZTY4,COMPRA,315,26.9167,9.4165,2026-08-04 11:55:36,2026-08-04 11:55:38,2026-08-04 11:55:38
205726,3051,ZHTL2,COMPRA,275,63.8731,7.4032,2026-08-04 13:10:00,2026-08-04 13:10:03,2026-08-04 13:10:03
205727,1765,ZHTL2,COMPRA,370,62.2547,1.4445,2026-08-04 12:52:07,2026-08-04 12:52:09,2026-08-04 12:52:09
205728,2797,QYBV3,COMPRA,50,60.0000,0.8410,2026-08-04 15:07:35,2026-08-04 15:07:37,2026-08-04 15:07:37
205729,3449,DMTZ8,COMPRA,225,160.8626,8.5900,2026-08-04 14:55:12,2026-08-04 14:55:14,2026-08-04 14:55:14
205730,1870,KQEO3,COMPRA,350,58.4492,12.5698,2026-08-04 10:43:08,2026-08-04 10:43:10,2026-08-04 10:43:10
205731,2898,NGIU9,COMPRA,395,129.0076,5.8962,2026-08-04 14:39:43,2026-08-04 14:39:44,2026-08-04 14:39:44
205732,1308,NYGT6,COMPRA,16,87.1693,5.1905,2026-08-04 11:30:26,2026-08-04 11:30:28,2026-08-04 11:30:28
205733,3025,KFSY2,COMPRA,345,137.7015,4.6500,2026-08-04 12:21:21,2026-08-04 12:21:21,2026-08-04 12:21:21
205734,2131,SGBG8,COMPRA,270,73.8743,5.0106,2026-08-04 12:14:44,2026-08-04 12:14:44,2026-08-04 12:14:44
205735,2221,OEQA8,COMPRA,380,359.7934,9.4157,2026-08-04 13:58:24,2026-08-04 13:58:24,2026-08-04 13:58:24
205736,1985,IWAK1,COMPRA,475,85.9945,1.3226,2026-08-04 12:52:14,2026-08-04 12:52:17,2026-08-04 12:52:17
205737,1635,FYZB6,COMPRA,102,66.0464,0.0939,2026-08-04 13:19:13,2026-08-04 13:19:13,2026-08-04 13:19:13
205738,1616,BSDJ7,COMPRA,90,239.1528,6.3708,2026-08-04 14:14:39,2026-08-04 14:14:42,2026-08-04 14:14:42
205739,2564,RMRT1,COMPRA,210,98.1045,10.8516,2026-08-04 14:07:42,2026-08-04 14:07:44,2026-08-04 14:07:44
205740,2515,NUJZ2,COMPRA,265,28.2981,6.2470,2026-08-04 14:02:59,2026-08-04 14:03:02,2026-08-04 14:03:02
205741,2584,MCHX2,COMPRA,210,133.1350,1.4383,2026-08-04 11:31:28,2026-08-04 11:31:28,2026-08-04 11:31:28
205742,1515,BXFJ9,COMPRA,460,125.8778,10.5836,2026-08-04 15:44:34,2026-08-04 15:44:37,2026-08-04 15:44:37
205743,2552,JIPA6,COMPRA,95,28.6566,6.4140,2026-08-04 11:14:07,2026-08-04 11:14:08,2026-08-04 11:14:08
205744,2683,SGBG8,COMPRA,5,93.9874,5.4192,2026-08-04 14:34:41,2026-08-04 14:34:44,2026-08-04 14:34:44
205745,1006,NREP8,COMPRA,90,101.9211,10.0598,2026-08-04 11:58:10,2026-08-04 11:58:10,2026-08-04 11:58:10
205746,2853,LGKU6,COMPRA,490,60.4012,10.7920,2026-08-04 12:04:54,2026-08-04 12:04:56,2026-08-04 12:04:56
205747,2495,JIPA6,COMPRA,85,34.6946,3.6258,2026-08-04 12:38:53,2026-08-04 12:38:55,2026-08-04 12:38:55
205748,2136,HCLJ8,COMPRA,85,87.8709,5.6428,2026-08-04 13:36:07,2026-08-04 13:36:10,2026-08-04 13:36:10
205749,1423,JDJG6,COMPRA,195,72.0076,4.4472,2026-08-04 15:00:42,2026-08-04 15:00:43,2026-08-04 15:00:43
205750,3501,NPEM3,COMPRA,230,101.3006,12.8509,2026-08-04 16:27:01,2026-08-04 16:27:04,2026-08-04 16:27:04
205751,1365,RMRT1,VENDA,305,115.4729,4.3408,2026-08-04 14:46:38,2026-08-04 14:46:41,2026-08-04 14:46:41
205752,1043,UQJU7,COMPRA,175,60.0000,1.5346,2026-08-04 17:16:16,2026-08-04 17:16:19,2026-08-04 17:16:19
205753,1595,VLEB3,COMPRA,105,442.3129,3.6724,2026-08-04 10:47:13,2026-08-04 10:47:14,2026-08-04 10:47:14
205754,2911,UVEY5,COMPRA,440,85.4683,11.8073,2026-08-04 11:07:20,2026-08-04 11:07:21,2026-08-04 11:07:21
205755,3495,ERTC4,COMPRA,365,38.2303,0.3851,2026-08-04 15:37:57,2026-08-04 15:37:58,2026-08-04 15:37:58
205756,1584,NWGB4,COMPRA,400,135.6786,6.9145,2026-08-04 12:33:09,2026-08-04 12:33:12,2026-08-04 12:33:12
205757,2743,RHXV4,COMPRA,345,50.7095,2.8034,2026-08-04 11:40:12,2026-08-04 11:40:15,2026-08-04 11:40:15
205758,2486,ERTC4,COMPRA,106,57.2496,8.9435,2026-08-04 10:17:27,2026-08-04 10:17:29,2026-08-04 10:17:29
205759,1284,UQIQ7,COMPRA,140,62.8844,3.2931,2026-08-04 11:59:35,2026-08-04 11:59:38,2026-08-04 11:59:38
205760,3435,NGIU9,COMPRA,315,89.4189,6.9183,2026-08-04 13:19:18,2026-08-04 13:19:18,2026-08-04 13:19:18
205761,2087,DMTZ8,COMPRA,45,139.5131,8.5236,2026-08-04 10:43:08,2026-08-04 10:43:09,2026-08-04 10:43:09
205762,2197,FIUW1,COMPRA,140,90.0656,9.2961,2026-08-04 17:01:54,2026-08-04 17:01:57,2026-08-04 17:01:57
205763,1503,DEGN5,COMPRA,160,66.0052,3.5996,2026-08-04 12:18:45,2026-08-04 12:18:45,2026-08-04 12:18:45
205764,3480,PZUP8,COMPRA,265,171.6818,0.4270,2026-08-04 10:26:06,2026-08-04 10:26:08,2026-08-04 10:26:08
205765,3086,WXFC8,COMPRA,266,105.4525,7.7679,2026-08-04 11:01:02,2026-08-04 11:01:02,2026-08-04 11:01:02
205766,1052,JUDG8,COMPRA,69,95.6849,8.8976,2026-08-04 16:49:58,2026-08-04 16:50:00,2026-08-04 16:50:00
205767,1376,TVCE9,VENDA,370,74.5044,10.9572,2026-08-04 11:15:57,2026-08-04 11:15:58,2026-08-04 11:15:58
205768,2400,FYZB6,COMPRA,160,81.3494,5.3595,2026-08-04 12:13:28,2026-08-04 12:13:31,2026-08-04 12:13:31
205769,3072,HCLJ8,COMPRA,465,109.6588,12.1038,2026-08-04 14:08:40,2026-08-04 14:08:42,2026-08-04 14:08:42
205770,1263,AYFQ2,COMPRA,420,13.6990,9.9505,2026-08-04 15:56:49,2026-08-04 15:56:52,2026-08-04 15:56:52
205771,3156,IPXK2,COMPRA,70,281.2791,8.8458,2026-08-04 12:12:03,2026-08-04 12:12:05,2026-08-04 12:12:05
205772,1052,VLEB3,COMPRA,118,373.9322,12.4029,2026-08-04 10:57:41,2026-08-04 10:57:41,2026-08-04 10:57:41
205773,2628,IZTY4,COMPRA,310,29.9556,4.9446,2026-08-04 12:01:09,2026-08-04 12:01:10,2026-08-04 12:01:10
205774,2721,QQQS1,COMPRA,445,21.6195,5.1662,2026-08-04 10:04:23,2026-08-04 10:04:25,2026-08-04 10:04:25
205775,3212,DSFC9,COMPRA,398,410.6864,10.4311,2026-08-04 15:28:32,2026-08-04 15:28:32,2026-08-04 15:28:32
205776,2687,GKQC5,COMPRA,145,145.0374,7.5150,2026-08-04 10:49:57,2026-08-04 10:49:57,2026-08-04 10:49:57
205777,2871,DFGR7,COMPRA,470,101.4498,12.2461,2026-08-04 10:16:05,2026-08-04 10:16:05,2026-08-04 10:16:05
205778,1040,YFAH5,VENDA,215,189.5028,12.4382,2026-08-04 15:59:47,2026-08-04 15:59:47,2026-08-04 15:59:47
205779,1303,ECQD7,COMPRA,465,82.8583,5.4653,2026-08-04 12:02:52,2026-08-04 12:02:55,2026-08-04 12:02:55
205780,2236,BOCS8,COMPRA,235,50.9923,7.5263,2026-08-04 14:39:43,2026-08-04 14:39:43,2026-08-04 14:39:43
205781,1890,TNHT4,COMPRA,50,132.4452,10.1714,2026-08-04 12:28:50,2026-08-04 12:28:53,2026-08-04 12:28:53
205782,3269,YFAH5,COMPRA,400,166.3327,7.2279,2026-08-04 11:30:14,2026-08-04 11:30:16,2026-08-04 11:30:16
205783,1362,ECQD7,COMPRA,220,108.7019,9.6620,2026-08-04 17:04:23,2026-08-04 17:04:23,2026-08-04 17:04:23
205784,2469,PQUT9,COMPRA,365,63.6902,5.7577,2026-08-04 17:07:06,2026-08-04 17:07:08,2026-08-04 17:07:08
205785,2276,WXFC8,COMPRA,300,65.0326,8.0100,2026-08-04 12:11:29,2026-08-04 12:11:31,2026-08-04 12:11:31
205786,3243,DMTZ8,COMPRA,125,200.2804,3.0718,2026-08-04 14:59:06,2026-08-04 14:59:09,2026-08-04 14:59:09
205787,1550,DQSN6,COMPRA,395,129.5453,9.2816,2026-08-04 12:59:52,2026-08-04 12:59:52,2026-08-04 12:59:52
205788,2819,LQML9,COMPRA,70,142.1236,10.8763,2026-08-04 15:17:44,2026-08-04 15:17:44,2026-08-04 15:17:44
205789,3494,DQSN6,COMPRA,495,152.9116,2.0341,2026-08-04 16:00:21,2026-08-04 16:00:22,2026-08-04 16:00:22
205790,1449,HVEX2,COMPRA,300,161.2366,8.3719,2026-08-04 14:23:54,2026-08-04 14:23:56,2026-08-04 14:23:56
205791,2076,RIET5,COMPRA,15,110.3764,2.5806,2026-08-04 16:03:06,2026-08-04 16:03:09,2026-08-04 16:03:09
205792,2084,QQQS1,COMPRA,400,19.9503,11.3269,2026-08-04 15:16:04,2026-08-04 15:16:05,2026-08-04 15:16:05
205793,2796,QTHQ1,COMPRA,350,20.6837,12.8520,2026-08-04 13:53:15,2026-08-04 13:53:17,2026-08-04 13:53:17
205794,1861,HJRH5,COMPRA,475,193.0065,7.8318,2026-08-04 13:20:24,2026-08-04 13:20:27,2026-08-04 13:20:27
205795,3175,QTDZ2,COMPRA,380,59.1878,7.4566,2026-08-04 14:11:58,2026-08-04 14:11:58,2026-08-04 14:11:58
205796,3349,RHXV4,COMPRA,366,78.1504,11.8791,2026-08-04 11:21:39,2026-08-04 11:21:42,2026-08-04 11:21:42
205797,1181,DQSN6,COMPRA,415,147.3079,5.2790,2026-08-04 13:56:58,2026-08-04 13:57:01,2026-08-04 13:57:01
205798,2312,MGRR2,COMPRA,180,114.1586,12.0338,2026-08-04 14:31:58,2026-08-04 14:31:59,2026-08-04 14:31:59
205799,2173,PQUT9,COMPRA,58,65.9730,7.8201,2026-08-04 11:22:16,2026-08-04 11:22:19,2026-08-04 11:22:19
205800,1509,YFAH5,COMPRA,305,190.9884,8.6377,2026-08-04 15:10:49,2026-08-04 15:10:49,2026-08-04 15:10:49
205801,1246,CQJZ4,COMPRA,225,109.1580,4.1158,2026-08-04 13:39:25,2026-08-04 13:39:27,2026-08-04 13:39:27
205802,1091,UYFJ9,COMPRA,55,73.5893,0.4546,2026-08-04 16:10:53,2026-08-04 16:10:56,2026-08-04 16:10:56
205803,1649,RSBT4,COMPRA,195,480.3171,2.3708,2026-08-04 15:42:27,2026-08-04 15:42:30,2026-08-04 15:42:30
205804,2534,ZHTL2,COMPRA,155,71.0269,2.1272,2026-08-04 14:44:55,2026-08-04 14:44:57,2026-08-04 14:44:57
205805,3434,WXQM6,COMPRA,10,40.4248,5.5341,2026-08-04 15:50:27,2026-08-04 15:50:28,2026-08-04 15:50:28
205806,2339,OXVD8,COMPRA,430,88.1862,5.5694,2026-08-04 16:05:34,2026-08-04 16:05:36,2026-08-04 16:05:36
205807,1964,BOCS8,COMPRA,490,51.6037,11.6158,2026-08-04 10:53:50,2026-08-04 10:53:51,2026-08-04 10:53:51
205808,3101,JUDG8,COMPRA,135,68.5306,2.2948,2026-08-04 13:42:24,2026-08-04 13:42:24,2026-08-04 13:42:24
205809,2734,SGBG8,COMPRA,500,95.0529,6.7931,2026-08-04 17:14:48,2026-08-04 17:14:48,2026-08-04 17:14:48
205810,3210,HVEX2,COMPRA,340,103.8240,5.9417,2026-08-04 14:33:52,2026-08-04 14:33:54,2026-08-04 14:33:54
205811,3032,AYFQ2,COMPRA,127,14.5539,10.3172,2026-08-04 15:21:56,2026-08-04 15:21:59,2026-08-04 15:21:59
205812,1244,XTVW5,COMPRA,485,80.6569,9.1526,2026-08-04 11:10:27,2026-08-04 11:10:27,2026-08-04 11:10:27
205813,1647,QTDZ2,COMPRA,290,56.5070,11.1345,2026-08-04 12:18:51,2026-08-04 12:18:51,2026-08-04 12:18:51
205814,2238,XPVA7,COMPRA,495,519.5289,0.8563,2026-08-04 12:59:51,2026-08-04 12:59:53,2026-08-04 12:59:53
205815,1792,IWFI1,COMPRA,206,150.5056,10.8068,2026-08-04 11:16:19,2026-08-04 11:16:21,2026-08-04 11:16:21
205816,2177,SGBG8,COMPRA,65,76.1500,1.6508,2026-08-04 10:46:53,2026-08-04 10:46:53,2026-08-04 10:46:53
205817,1534,YYLA4,COMPRA,305,170.6851,7.2112,2026-08-04 16:52:28,2026-08-04 16:52:29,2026-08-04 16:52:29
205818,3032,UYFJ9,COMPRA,72,89.3652,7.0318,2026-08-04 10:00:43,2026-08-04 10:00:45,2026-08-04 10:00:45
205819,1713,GFDF2,COMPRA,80,109.7209,10.7007,2026-08-04 12:15:11,2026-08-04 12:15:12,2026-08-04 12:15:12
205820,1163,WIPB2,COMPRA,205,85.2481,5.8814,2026-08-04 13:53:56,2026-08-04 13:53:56,2026-08-04 13:53:56
205821,1781,KHGP6,COMPRA,361,81.6234,12.6404,2026-08-04 10:47:54,2026-08-04 10:47:55,2026-08-04 10:47:55
205822,3013,UCHR6,COMPRA,290,465.6957,3.3513,2026-08-04 14:49:25,2026-08-04 14:49:26,2026-08-04 14:49:26
205823,2921,NGIU9,COMPRA,228,112.6609,3.8640,2026-08-04 16:57:20,2026-08-04 16:57:23,2026-08-04 16:57:23
205824,2445,QTHQ1,COMPRA,20,18.4271,1.2866,2026-08-04 10:34:37,2026-08-04 10:34:38,2026-08-04 10:34:38
205825,3437,QHFL8,COMPRA,245,171.6362,1.6679,2026-08-04 17:21:40,2026-08-04 17:21:41,2026-08-04 17:21:41
205826,3373,CQJZ4,COMPRA,155,96.1232,7.1880,2026-08-04 15:12:24,2026-08-04 15:12:27,2026-08-04 15:12:27
205827,1813,XTVW5,COMPRA,260,122.8486,3.1536,2026-08-04 16:01:47,2026-08-04 16:01:48,2026-08-04 16:01:48
205828,2082,XTVW5,COMPRA,440,127.8385,8.5536,2026-08-04 13:04:18,2026-08-04 13:04:21,2026-08-04 13:04:21
205829,1249,CQIL9,COMPRA,420,45.8834,7.3775,2026-08-04 11:02:48,2026-08-04 11:02:51,2026-08-04 11:02:51
205830,1963,DFGR7,COMPRA,230,90.9901,2.7890,2026-08-04 11:27:29,2026-08-04 11:27:31,2026-08-04 11:27:31
205831,1599,CQJZ4,COMPRA,14,110.6787,7.4158,2026-08-04 13:20:53,2026-08-04 13:20:54,2026-08-04 13:20:54
205832,2390,RSBT4,COMPRA,245,313.1381,7.6535,2026-08-04 13:31:31,2026-08-04 13:31:34,2026-08-04 13:31:34
205833,1750,NREP8,COMPRA,279,130.0550,5.0310,2026-08-04 16:19:38,2026-08-04 16:19:41,2026-08-04 16:19:41
205834,2028,JJVW6,COMPRA,390,153.5411,5.4581,2026-08-04 11:42:51,2026-08-04 11:42:53,2026-08-04 11:42:53
205835,2455,QTDZ2,COMPRA,75,50.4080,5.0181,2026-08-04 10:43:03,2026-08-04 10:43:04,2026-08-04 10:43:04
205836,2744,TNHT4,COMPRA,356,112.0236,0.1431,2026-08-04 16:38:07,2026-08-04 16:38:09,2026-08-04 16:38:09
205837,1790,NHYK8,COMPRA,485,63.3005,9.6716,2026-08-04 10:51:15,2026-08-04 10:51:17,2026-08-04 10:51:17
205838,1252,YYLA4,COMPRA,310,212.2515,8.1155,2026-08-04 13:24:48,2026-08-04 13:24:48,2026-08-04 13:24:48
205839,1719,AYFQ2,COMPRA,285,10.4026,3.6054,2026-08-04 13:13:39,2026-08-04 13:13:41,2026-08-04 13:13:41
205840,1647,NQYT3,COMPRA,430,57.6824,8.9101,2026-08-04 11:17:08,2026-08-04 11:17:10,2026-08-04 11:17:10
205841,1442,FYZB6,VENDA,280,67.7548,0.3804,2026-08-04 13:01:29,2026-08-04 13:01:29,2026-08-04 13:01:29
205842,1889,HVEX2,COMPRA,310,146.2047,12.3320,2026-08-04 12:26:56,2026-08-04 12:26:58,2026-08-04 12:26:58
205843,3019,HCLJ8,COMPRA,10,134.1902,10.1212,2026-08-04 11:48:26,2026-08-04 11:48:29,2026-08-04 11:48:29
205844,2576,LQML9,COMPRA,141,111.9357,6.7790,2026-08-04 13:46:22,2026-08-04 13:46:25,2026-08-04 13:46:25
205845,1944,AAUA7,COMPRA,135,169.5956,3.0017,2026-08-04 14:41:18,2026-08-04 14:41:19,2026-08-04 14:41:19
205846,2619,HVEX2,COMPRA,408,165.0468,10.3691,2026-08-04 13:10:02,2026-08-04 13:10:04,2026-08-04 13:10:04
205847,1608,DGBT6,VENDA,20,106.9398,2.9198,2026-08-04 13:23:16,2026-08-04 13:23:19,2026-08-04 13:23:19
205848,3405,IJJK3,COMPRA,500,123.1372,1.1163,2026-08-04 13:23:24,2026-08-04 13:23:24,2026-08-04 13:23:24
205849,2760,OXVD8,COMPRA,260,75.1788,4.7029,2026-08-04 12:23:57,2026-08-04 12:24:00,2026-08-04 12:24:00
205850,1765,QATW7,COMPRA,335,54.3924,10.4219,2026-08-04 16:24:58,2026-08-04 16:24:58,2026-08-04 16:24:58
205851,2333,CQJZ4,COMPRA,240,80.9712,4.5818,2026-08-04 15:52:54,2026-08-04 15:52:57,2026-08-04 15:52:57
205852,3493,JUDG8,VENDA,370,110.0734,3.3707,2026-08-04 15:38:11,2026-08-04 15:38:12,2026-08-04 15:38:12
205853,1313,GAKD5,COMPRA,425,334.6161,12.1204,2026-08-04 13:11:06,2026-08-04 13:11:06,2026-08-04 13:11:06
205854,2220,WHMT3,COMPRA,125,116.5637,9.8280,2026-08-04 11:36:24,2026-08-04 11:36:25,2026-08-04 11:36:25
205855,2908,SGBG8,COMPRA,475,69.2040,0.3008,2026-08-04 10:40:37,2026-08-04 10:40:40,2026-08-04 10:40:40
205856,2235,CQIL9,COMPRA,500,36.3358,2.2925,2026-08-04 10:37:29,2026-08-04 10:37:29,2026-08-04 10:37:29
205857,2179,OEQA8,COMPRA,320,343.8403,2.8344,2026-08-04 15:07:52,2026-08-04 15:07:55,2026-08-04 15:07:55
205858,1722,YYLA4,COMPRA,320,197.3002,7.8277,2026-08-04 13:00:31,2026-08-04 13:00:31,2026-08-04 13:00:31
205859,2955,NGIU9,COMPRA,445,127.0925,4.9966,2026-08-04 11:35:19,2026-08-04 11:35:22,2026-08-04 11:35:22
205860,3277,DMTZ8,COMPRA,25,206.5710,11.5133,2026-08-04 11:49:51,2026-08-04 11:49:51,2026-08-04 11:49:51
205861,3111,FRGH8,COMPRA,380,60.0000,4.7645,2026-08-04 16:08:19,2026-08-04 16:08:22,2026-08-04 16:08:22
205862,2265,CQIL9,COMPRA,323,32.4203,6.5794,2026-08-04 10:27:58,2026-08-04 10:27:59,2026-08-04 10:27:59
205863,2376,UYFJ9,COMPRA,115,100.6599,6.1682,2026-08-04 15:42:20,2026-08-04 15:42:21,2026-08-04 15:42:21
205864,1730,DGBT6,COMPRA,145,86.3282,1.4832,2026-08-04 13:41:18,2026-08-04 13:41:20,2026-08-04 13:41:20
205865,1694,WHMT3,COMPRA,217,95.9569,2.8620,2026-08-04 10:33:28,2026-08-04 10:33:31,2026-08-04 10:33:31
205866,3426,UQIQ7,COMPRA,180,63.2406,5.6787,2026-08-04 15:14:28,2026-08-04 15:14:29,2026-08-04 15:14:29
205867,2275,TXHR8,COMPRA,230,101.4973,0.1051,2026-08-04 16:34:36,2026-08-04 16:34:37,2026-08-04 16:34:37
205868,2184,RIET5,COMPRA,190,142.0687,9.2253,2026-08-04 15:00:58,2026-08-04 15:01:01,2026-08-04 15:01:01
205869,2635,SGBG8,COMPRA,438,88.1791,,2026-08-04 14:40:23,2026-08-04 14:40:26,2026-08-04 14:40:26
205870,2945,JJVW6,COMPRA,460,119.9329,4.9822,2026-08-04 13:04:18,2026-08-04 13:04:18,2026-08-04 13:04:18
205871,2414,YYLA4,COMPRA,310,178.0095,0.5426,2026-08-04 14:20:55,2026-08-04 14:20:58,2026-08-04 14:20:58
205872,1810,NREP8,COMPRA,30,94.5844,4.8217,2026-08-04 14:41:56,2026-08-04 14:41:56,2026-08-04 14:41:56
205873,1844,OEQA8,COMPRA,240,383.9694,0.6886,2026-08-04 11:26:29,2026-08-04 11:26:29,2026-08-04 11:26:29
205874,2604,FRGH8,COMPRA,325,94.7528,3.5066,2026-08-04 10:04:55,2026-08-04 10:04:58,2026-08-04 10:04:58
205875,2299,AAUA7,COMPRA,260,131.1446,12.8766,2026-08-04 10:22:05,2026-08-04 10:22:05,2026-08-04 10:22:05
205876,3124,JIPA6,COMPRA,115,34.2827,12.4455,2026-08-04 16:23:59,2026-08-04 16:24:02,2026-08-04 16:24:02
205877,1963,DGBT6,COMPRA,170,88.3264,1.6858,2026-08-04 10:07:34,2026-08-04 10:07:35,2026-08-04 10:07:35
205878,2031,SUZL4,COMPRA,385,140.4710,3.8458,2026-08-04 12:20:56,2026-08-04 12:20:57,2026-08-04 12:20:57
205879,3103,OVUQ2,COMPRA,165,48.4233,11.5961,2026-08-04 11:13:26,2026-08-04 11:13:27,2026-08-04 11:13:27
205880,1846,KHGP6,COMPRA,89,75.7062,10.3779,2026-08-04 12:10:25,2026-08-04 12:10:28,2026-08-04 12:10:28
205881,2331,CQIL9,COMPRA,30,38.4057,3.7227,2026-08-04 17:03:21,2026-08-04 17:03:22,2026-08-04 17:03:22
205882,2586,IJJK3,COMPRA,315,90.3242,11.2768,2026-08-04 15:15:10,2026-08-04 15:15:11,2026-08-04 15:15:11
205883,1497,SVOZ4,COMPRA,475,39.8119,4.5165,2026-08-04 11:21:22,2026-08-04 11:21:22,2026-08-04 11:21:22
205884,2952,PQUT9,COMPRA,195,95.0298,10.2469,2026-08-04 15:44:56,2026-08-04 15:44:56,2026-08-04 15:44:56
205885,1931,PQUT9,COMPRA,390,82.5740,8.3527,2026-08-04 13:38:25,2026-08-04 13:38:28,2026-08-04 13:38:28
205886,1661,GKQC5,COMPRA,205,161.9648,0.8089,2026-08-04 15:31:37,2026-08-04 15:31:40,2026-08-04 15:31:40
205887,2267,WMQZ6,COMPRA,65,61.3461,5.9953,2026-08-04 15:00:19,2026-08-04 15:00:20,2026-08-04 15:00:20
205888,2350,SVOZ4,COMPRA,5,47.8532,11.4270,2026-08-04 12:57:44,2026-08-04 12:57:44,2026-08-04 12:57:44
205889,1909,OXVD8,COMPRA,85,100.5916,5.7395,2026-08-04 11:51:14,2026-08-04 11:51:15,2026-08-04 11:51:15
205890,1054,OVYL9,COMPRA,225,74.7765,3.3969,2026-08-04 16:17:54,2026-08-04 16:17:56,2026-08-04 16:17:56
205891,1802,XOVY4,COMPRA,150,120.9539,3.3984,2026-08-04 10:48:10,2026-08-04 10:48:12,2026-08-04 10:48:12
205892,1133,PBZM6,COMPRA,455,54.9048,4.2398,2026-08-04 10:09:23,2026-08-04 10:09:24,2026-08-04 10:09:24
205893,1341,NREP8,COMPRA,310,100.6348,8.2351,2026-08-04 16:02:52,2026-08-04 16:02:55,2026-08-04 16:02:55
205894,2661,RHXV4,COMPRA,355,53.6646,12.4183,2026-08-04 10:31:05,2026-08-04 10:31:08,2026-08-04 10:31:08
205895,1274,KHGP6,COMPRA,420,102.6926,11.3573,2026-08-04 13:29:05,2026-08-04 13:29:07,2026-08-04 13:29:07
205896,1558,EEYY9,COMPRA,10,124.8757,11.7703,2026-08-04 15:54:06,2026-08-04 15:54:09,2026-08-04 15:54:09
205897,2756,JJVW6,COMPRA,411,147.5805,12.4004,2026-08-04 17:06:06,2026-08-04 17:06:06,2026-08-04 17:06:06
205898,1730,TNHT4,COMPRA,350,97.7147,8.1830,2026-08-04 10:25:02,2026-08-04 10:25:03,2026-08-04 10:25:03
205899,1531,AAUA7,COMPRA,210,120.4836,11.4795,2026-08-04 16:39:27,2026-08-04 16:39:28,2026-08-04 16:39:28
205900,2674,OXVD8,COMPRA,390,61.8762,1.1282,2026-08-04 14:34:59,2026-08-04 14:35:02,2026-08-04 14:35:02
205901,1163,ACSV1,COMPRA,340,89.9048,1.8402,2026-08-04 13:51:16,2026-08-04 13:51:17,2026-08-04 13:51:17
205902,2061,UVEY5,VENDA,32,83.2059,1.0367,2026-08-04 16:29:59,2026-08-04 16:30:01,2026-08-04 16:30:01
205903,2315,QTDZ2,COMPRA,395,52.0809,4.6876,2026-08-04 11:01:08,2026-08-04 11:01:10,2026-08-04 11:01:10
205904,1317,CQJZ4,COMPRA,181,91.2730,8.5705,2026-08-04 16:16:10,2026-08-04 16:16:10,2026-08-04 16:16:10
205905,2720,NAOF3,COMPRA,190,78.6384,5.6122,2026-08-04 13:58:59,2026-08-04 13:59:00,2026-08-04 13:59:00
205906,1552,YRWH3,COMPRA,495,163.8142,0.2311,2026-08-04 12:05:04,2026-08-04 12:05:06,2026-08-04 12:05:06
205907,2269,QTDZ2,VENDA,270,47.5493,10.9389,2026-08-04 16:02:28,2026-08-04 16:02:30,2026-08-04 16:02:30
205908,3226,UCHR6,COMPRA,25,423.9199,12.1423,2026-08-04 16:08:44,2026-08-04 16:08:46,2026-08-04 16:08:46
205909,1446,UCHR6,COMPRA,210,461.7768,4.5844,2026-08-04 14:28:14,2026-08-04 14:28:16,2026-08-04 14:28:16
205910,3183,LCCH9,COMPRA,469,7.0431,,2026-08-04 11:49:27,2026-08-04 11:49:27,2026-08-04 11:49:27
205911,2785,UYFJ9,COMPRA,312,112.6818,0.7048,2026-08-04 15:19:37,2026-08-04 15:19:37,2026-08-04 15:19:37
205912,1880,NGIU9,COMPRA,153,130.8849,1.7525,2026-08-04 16:03:56,2026-08-04 16:03:57,2026-08-04 16:03:57
205913,2555,IWAK1,COMPRA,265,63.4600,7.5152,2026-08-04 16:54:19,2026-08-04 16:54:22,2026-08-04 16:54:22
205914,2809,AAWB3,COMPRA,323,187.6553,,2026-08-04 10:30:52,2026-08-04 10:30:55,2026-08-04 10:30:55
205915,1050,NWGB4,COMPRA,475,154.6565,1.3139,2026-08-04 14:18:17,2026-08-04 14:18:17,2026-08-04 14:18:17
205916,2699,SGBG8,COMPRA,430,62.4594,10.0088,2026-08-04 16:41:29,2026-08-04 16:41:30,2026-08-04 16:41:30
205917,1943,ACSV1,COMPRA,235,87.8666,3.9718,2026-08-04 10:31:07,2026-08-04 10:31:07,2026-08-04 10:31:07
205918,2999,ZYVN7,COMPRA,390,73.3994,7.3079,2026-08-04 14:22:25,2026-08-04 14:22:26,2026-08-04 14:22:26
205919,3016,JJVW6,COMPRA,120,141.7579,5.5267,2026-08-04 10:36:45,2026-08-04 10:36:47,2026-08-04 10:36:47
205920,2284,GFDF2,COMPRA,51,98.2941,2.0599,2026-08-04 14:13:22,2026-08-04 14:13:23,2026-08-04 14:13:23
205921,1409,BGNM6,COMPRA,315,120.4277,3.8450,2026-08-04 14:43:18,2026-08-04 14:43:18,2026-08-04 14:43:18
205922,3359,PZUP8,COMPRA,430,175.4294,7.8221,2026-08-04 13:19:12,2026-08-04 13:19:14,2026-08-04 13:19:14
205923,3192,GAKD5,COMPRA,255,344.4043,4.8070,2026-08-04 15:13:53,2026-08-04 15:13:55,2026-08-04 15:13:55
205924,2600,QHFL8,COMPRA,235,153.0101,6.4693,2026-08-04 10:51:39,2026-08-04 10:51:41,2026-08-04 10:51:41
205925,2489,WIPB2,COMPRA,130,104.3022,0.7121,2026-08-04 14:59:55,2026-08-04 14:59:56,2026-08-04 14:59:56
205926,2738,DHRM5,COMPRA,65,297.9963,9.9091,2026-08-04 10:14:26,2026-08-04 10:14:29,2026-08-04 10:14:29
205927,2917,AYFQ2,COMPRA,15,9.5651,7.1518,2026-08-04 11:10:52,2026-08-04 11:10:53,2026-08-04 11:10:53
205928,2994,DSFC9,COMPRA,485,407.5057,2.3667,2026-08-04 17:25:34,2026-08-04 17:25:37,2026-08-04 17:25:37
205929,3174,RYPL6,COMPRA,415,73.7115,11.6011,2026-08-04 14:41:26,2026-08-04 14:41:27,2026-08-04 14:41:27
205930,1154,QTHQ1,COMPRA,377,26.6262,5.3684,2026-08-04 11:48:50,2026-08-04 11:48:52,2026-08-04 11:48:52
205931,2393,NGIU9,COMPRA,244,108.1764,9.6010,2026-08-04 11:19:49,2026-08-04 11:19:49,2026-08-04 11:19:49
205932,1512,BSDJ7,COMPRA,305,220.1704,10.9815,2026-08-04 14:33:10,2026-08-04 14:33:10,2026-08-04 14:33:10
205933,3141,ACSV1,COMPRA,80,86.1290,4.0976,2026-08-04 15:13:25,2026-08-04 15:13:25,2026-08-04 15:13:25
205934,1297,NGIU9,COMPRA,260,86.5942,2.6058,2026-08-04 11:05:42,2026-08-04 11:05:45,2026-08-04 11:05:45
205935,1435,YRWH3,COMPRA,110,225.0957,2.0561,2026-08-04 10:09:16,2026-08-04 10:09:18,2026-08-04 10:09:18
205936,2531,EEYY9,COMPRA,410,155.4289,9.9497,2026-08-04 11:23:38,2026-08-04 11:23:40,2026-08-04 11:23:40
205937,2776,DGBT6,COMPRA,245,85.0940,8.2167,2026-08-04 16:02:08,2026-08-04 16:02:08,2026-08-04 16:02:08
205938,2965,XTVW5,COMPRA,465,98.3894,2.0230,2026-08-04 10:43:27,2026-08-04 10:43:29,2026-08-04 10:43:29
205939,1457,YFAH5,COMPRA,450,204.2047,6.7540,2026-08-04 14:43:48,2026-08-04 14:43:48,2026-08-04 14:43:48
205940,1049,UQJU7,COMPRA,224,76.3524,7.3666,2026-08-04 11:01:01,2026-08-04 11:01:03,2026-08-04 11:01:03
205941,3344,RYPL6,COMPRA,195,95.6685,7.3958,2026-08-04 15:51:39,2026-08-04 15:51:41,2026-08-04 15:51:41
205942,2433,NQYT3,COMPRA,10,56.1645,9.7017,2026-08-04 10:48:39,2026-08-04 10:48:42,2026-08-04 10:48:42
205943,2822,RMRT1,COMPRA,498,102.9765,1.0480,2026-08-04 14:20:17,2026-08-04 14:20:19,2026-08-04 14:20:19
205944,2701,OVUQ2,COMPRA,380,39.2196,3.6958,2026-08-04 15:00:01,2026-08-04 15:00:04,2026-08-04 15:00:04
205945,1322,AAUA7,COMPRA,224,154.8061,0.2354,2026-08-04 12:02:40,2026-08-04 12:02:40,2026-08-04 12:02:40
205946,2647,YYLA4,COMPRA,320,223.5956,,2026-08-04 10:59:18,2026-08-04 10:59:18,2026-08-04 10:59:18
205947,2618,AYFQ2,COMPRA,80,13.6316,0.7707,2026-08-04 16:17:13,2026-08-04 16:17:15,2026-08-04 16:17:15
205948,2261,NAOF3,COMPRA,35,80.0227,4.4224,2026-08-04 14:37:42,2026-08-04 14:37:43,2026-08-04 14:37:43
205949,3049,RFNS7,COMPRA,235,96.7479,,2026-08-04 15:48:59,2026-08-04 15:49:01,2026-08-04 15:49:01
205950,2362,ERTC4,COMPRA,70,60.8741,12.0195,2026-08-04 13:05:05,2026-08-04 13:05:05,2026-08-04 13:05:05
205951,3219,JUDG8,COMPRA,165,107.7510,8.0786,2026-08-04 14:59:23,2026-08-04 14:59:26,2026-08-04 14:59:26
205952,2778,AYFQ2,COMPRA,355,13.2767,3.0314,2026-08-04 12:32:12,2026-08-04 12:32:14,2026-08-04 12:32:14
205953,2979,QTDZ2,COMPRA,455,42.2068,12.3820,2026-08-04 17:25:36,2026-08-04 17:25:36,2026-08-04 17:25:36
205954,2399,PZUP8,COMPRA,15,178.4214,4.4193,2026-08-04 14:01:14,2026-08-04 14:01:15,2026-08-04 14:01:15
205955,2245,RHXV4,COMPRA,285,47.2910,6.2361,2026-08-04 14:20:45,2026-08-04 14:20:45,2026-08-04 14:20:45
205956,1128,MJDL9,COMPRA,30,37.0007,7.2497,2026-08-04 16:04:17,2026-08-04 16:04:19,2026-08-04 16:04:19
205957,1610,KQEO3,COMPRA,411,74.7378,0.8081,2026-08-04 12:52:40,2026-08-04 12:52:42,2026-08-04 12:52:42
205958,1145,UCHR6,COMPRA,195,436.6755,1.3236,2026-08-04 10:45:05,2026-08-04 10:45:08,2026-08-04 10:45:08
205959,2379,XPVA7,VENDA,45,453.6812,4.7056,2026-08-04 15:51:26,2026-08-04 15:51:29,2026-08-04 15:51:29
205960,1831,WMQZ6,COMPRA,30,75.8193,11.9592,2026-08-04 11:13:10,2026-08-04 11:13:11,2026-08-04 11:13:11
205961,1319,DFGR7,COMPRA,425,84.7479,5.4878,2026-08-04 12:54:30,2026-08-04 12:54:30,2026-08-04 12:54:30
205962,1796,RIET5,COMPRA,25,164.7637,6.0566,2026-08-04 10:46:44,2026-08-04 10:46:47,2026-08-04 10:46:47
205963,3227,WHMT3,COMPRA,270,123.7218,11.5242,2026-08-04 10:53:08,2026-08-04 10:53:11,2026-08-04 10:53:11
205964,2274,BXFJ9,COMPRA,395,185.5156,8.9710,2026-08-04 11:18:05,2026-08-04 11:18:06,2026-08-04 11:18:06
205965,3204,PQUT9,COMPRA,155,69.8538,11.2054,2026-08-04 16:46:15,2026-08-04 16:46:18,2026-08-04 16:46:18
205966,1212,QQQS1,COMPRA,445,23.1789,5.5002,2026-08-04 16:52:24,2026-08-04 16:52:24,2026-08-04 16:52:24
205967,1535,DGBT6,COMPRA,410,79.6542,5.8010,2026-08-04 10:05:35,2026-08-04 10:05:36,2026-08-04 10:05:36
205968,3120,PSEN6,COMPRA,20,196.4518,5.2763,2026-08-04 16:29:13,2026-08-04 16:29:16,2026-08-04 16:29:16
205969,1687,YOWA1,COMPRA,355,58.9685,9.0577,2026-08-04 11:39:34,2026-08-04 11:39:36,2026-08-04 11:39:36
205970,3240,UQIQ7,COMPRA,15,70.3775,5.7840,2026-08-04 13:33:00,2026-08-04 13:33:00,2026-08-04 13:33:00
205971,1929,UVEY5,COMPRA,375,81.4638,1.3287,2026-08-04 11:38:33,2026-08-04 11:38:34,2026-08-04 11:38:34
205972,1261,HJRH5,COMPRA,105,172.1762,5.1928,2026-08-04 10:53:08,2026-08-04 10:53:11,2026-08-04 10:53:11
205973,3185,YCCK8,COMPRA,160,362.8841,2.7139,2026-08-04 16:22:14,2026-08-04 16:22:16,2026-08-04 16:22:16
205974,2478,GKQC5,COMPRA,236,142.1501,0.4167,2026-08-04 11:09:57,2026-08-04 11:09:58,2026-08-04 11:09:58
205975,2922,RSBT4,COMPRA,361,354.5527,8.1155,2026-08-04 13:59:34,2026-08-04 13:59:34,2026-08-04 13:59:34
205976,2432,MOLF3,COMPRA,135,64.1351,4.2100,2026-08-04 15:38:19,2026-08-04 15:38:21,2026-08-04 15:38:21
205977,1452,FIUW1,COMPRA,247,90.5351,0.2153,2026-08-04 10:16:06,2026-08-04 10:16:09,2026-08-04 10:16:09
205978,3386,MGRR2,COMPRA,385,129.1829,2.7492,2026-08-04 11:29:40,2026-08-04 11:29:40,2026-08-04 11:29:40
205979,2252,KFSY2,COMPRA,155,140.4875,4.6162,2026-08-04 16:47:49,2026-08-04 16:47:50,2026-08-04 16:47:50
205980,2004,PSEN6,COMPRA,70,232.1432,0.1818,2026-08-04 10:29:58,2026-08-04 10:29:58,2026-08-04 10:29:58
205981,2112,ZYVN7,COMPRA,200,69.8774,6.3830,2026-08-04 15:21:19,2026-08-04 15:21:22,2026-08-04 15:21:22
205982,1646,JUDG8,COMPRA,5,86.9274,4.1671,2026-08-04 13:35:31,2026-08-04 13:35:34,2026-08-04 13:35:34
205983,2866,WIPB2,COMPRA,340,93.4860,10.7078,2026-08-04 12:34:44,2026-08-04 12:34:45,2026-08-04 12:34:45
205984,3144,ECQD7,COMPRA,417,107.2901,4.5396,2026-08-04 11:03:50,2026-08-04 11:03:53,2026-08-04 11:03:53
205985,1674,XAVL3,COMPRA,115,198.5793,4.1003,2026-08-04 16:12:38,2026-08-04 16:12:40,2026-08-04 16:12:40
205986,2652,JIPR4,COMPRA,255,32.4421,7.7869,2026-08-04 16:01:17,2026-08-04 16:01:18,2026-08-04 16:01:18
205987,2074,JJVW6,COMPRA,330,108.5630,9.5674,2026-08-04 11:29:14,2026-08-04 11:29:15,2026-08-04 11:29:15
205988,1914,ICSU4,COMPRA,70,160.8618,6.1784,2026-08-04 14:13:35,2026-08-04 14:13:36,2026-08-04 14:13:36
205989,1058,OVYL9,COMPRA,49,88.0542,0.7082,2026-08-04 13:16:00,2026-08-04 13:16:01,2026-08-04 13:16:01
205990,2952,HVEX2,COMPRA,285,159.2828,6.5450,2026-08-04 17:02:32,2026-08-04 17:02:33,2026-08-04 17:02:33
205991,2752,BXFJ9,COMPRA,302,161.0651,3.0205,2026-08-04 16:14:28,2026-08-04 16:14:28,2026-08-04 16:14:28
205992,2130,TNHT4,COMPRA,115,141.1411,7.2520,2026-08-04 14:44:56,2026-08-04 14:44:56,2026-08-04 14:44:56
205993,2964,PBZM6,COMPRA,130,45.8099,1.5968,2026-08-04 11:32:01,2026-08-04 11:32:04,2026-08-04 11:32:04
205994,2421,JIPA6,COMPRA,120,34.6459,12.3982,2026-08-04 11:16:54,2026-08-04 11:16:57,2026-08-04 11:16:57
205995,2065,NQYT3,COMPRA,485,62.9456,8.1172,2026-08-04 15:47:29,2026-08-04 15:47:31,2026-08-04 15:47:31
205996,3236,QEUC2,COMPRA,125,204.4630,6.0479,2026-08-04 15:36:39,2026-08-04 15:36:39,2026-08-04 15:36:39
205997,3132,TNHT4,COMPRA,415,104.6482,0.9076,2026-08-04 17:06:00,2026-08-04 17:06:03,2026-08-04 17:06:03
205998,1383,NQYT3,COMPRA,490,62.0421,0.2895,2026-08-04 10:01:40,2026-08-04 10:01:41,2026-08-04 10:01:41
205999,2669,NQYT3,COMPRA,380,52.6764,10.4721,2026-08-04 15:25:15,2026-08-04 15:25:16,2026-08-04 15:25:16
206000,2988,TNHT4,COMPRA,425,146.4917,8.3282,2026-08-04 12:59:39,2026-08-04 12:59:39,2026-08-04 12:59:39
206001,1031,PSEN6,COMPRA,265,192.1291,10.6898,2026-08-04 15:18:28,2026-08-04 15:18:31,2026-08-04 15:18:31
206002,3450,IZTY4,COMPRA,180,35.0660,6.4723,2026-08-04 11:57:48,2026-08-04 11:57:51,2026-08-04 11:57:51
206003,2573,GAKD5,COMPRA,445,346.7115,1.2742,2026-08-04 15:50:15,2026-08-04 15:50:16,2026-08-04 15:50:16
206004,2244,YRWH3,COMPRA,500,205.6326,10.8047,2026-08-04 12:20:14,2026-08-04 12:20:15,2026-08-04 12:20:15
206005,2619,KHGP6,COMPRA,170,103.1627,8.3993,2026-08-04 12:34:52,2026-08-04 12:34:54,2026-08-04 12:34:54
206006,2032,XOVY4,COMPRA,377,92.6888,1.3639,2026-08-04 17:10:41,2026-08-04 17:10:44,2026-08-04 17:10:44
206007,1857,GULD2,COMPRA,135,165.8586,8.9287,2026-08-04 14:43:56,2026-08-04 14:43:59,2026-08-04 14:43:59
206008,3008,OVYL9,COMPRA,400,65.5257,4.7344,2026-08-04 16:45:12,2026-08-04 16:45:12,2026-08-04 16:45:12
206009,3404,PSEN6,COMPRA,235,235.7125,6.5768,2026-08-04 10:36:49,2026-08-04 10:36:49,2026-08-04 10:36:49
206010,1477,HVEX2,COMPRA,5,117.7040,5.8139,2026-08-04 15:03:28,2026-08-04 15:03:29,2026-08-04 15:03:29
206011,2754,RFNS7,COMPRA,475,88.3676,2.7354,2026-08-04 16:02:06,2026-08-04 16:02:06,2026-08-04 16:02:06
206012,1698,ZYVN7,COMPRA,345,90.0505,7.3042,2026-08-04 14:06:57,2026-08-04 14:06:59,2026-08-04 14:06:59
206013,2047,JIPA6,COMPRA,335,37.5723,12.1245,2026-08-04 15:14:51,2026-08-04 15:14:53,2026-08-04 15:14:53
206014,1633,TXHR8,COMPRA,408,80.2782,0.8073,2026-08-04 15:42:30,2026-08-04 15:42:30,2026-08-04 15:42:30
206015,3262,HVEX2,COMPRA,365,162.8454,5.0566,2026-08-04 13:43:53,2026-08-04 13:43:55,2026-08-04 13:43:55
206016,3057,EEYY9,COMPRA,420,185.4959,6.9820,2026-08-04 12:50:40,2026-08-04 12:50:42,2026-08-04 12:50:42
206017,1616,NGIU9,COMPRA,465,124.6794,8.2466,2026-08-04 14:17:18,2026-08-04 14:17:21,2026-08-04 14:17:21
206018,3116,YYLA4,COMPRA,105,240.8892,3.5014,2026-08-04 17:29:14,2026-08-04 17:29:14,2026-08-04 17:29:14
206019,1647,ZYVN7,COMPRA,269,63.3453,8.0647,2026-08-04 15:23:20,2026-08-04 15:23:20,2026-08-04 15:23:20
206020,3252,YYLA4,COMPRA,45,184.5899,0.6565,2026-08-04 15:24:14,2026-08-04 15:24:17,2026-08-04 15:24:17
206021,1047,JJVW6,COMPRA,425,106.7646,10.1690,2026-08-04 14:03:24,2026-08-04 14:03:26,2026-08-04 14:03:26
206022,3317,OVYL9,COMPRA,400,66.7710,9.6367,2026-08-04 12:50:17,2026-08-04 12:50:18,2026-08-04 12:50:18
206023,1142,ZHTL2,COMPRA,225,72.3311,12.3950,2026-08-04 15:41:09,2026-08-04 15:41:10,2026-08-04 15:41:10
206024,2196,UQIQ7,COMPRA,5,86.1511,11.9064,2026-08-04 12:08:24,2026-08-04 12:08:25,2026-08-04 12:08:25
206025,2218,DGBT6,COMPRA,95,101.8127,12.8472,2026-08-04 13:27:47,2026-08-04 13:27:48,2026-08-04 13:27:48
206026,1172,RMRT1,COMPRA,196,126.7716,12.7746,2026-08-04 11:01:15,2026-08-04 11:01:18,2026-08-04 11:01:18
206027,3378,WXFC8,COMPRA,260,78.0917,11.9400,2026-08-04 10:11:38,2026-08-04 10:11:41,2026-08-04 10:11:41
206028,2773,IJJK3,COMPRA,240,86.1573,9.6112,2026-08-04 11:04:34,2026-08-04 11:04:34,2026-08-04 11:04:34
206029,1391,XLZM9,COMPRA,240,45.5642,3.7852,2026-08-04 15:17:56,2026-08-04 15:17:57,2026-08-04 15:17:57
206030,2799,ENRZ2,COMPRA,85,108.4914,1.7425,2026-08-04 15:33:00,2026-08-04 15:33:02,2026-08-04 15:33:02
206031,2920,FRGH8,COMPRA,361,90.4462,1.9012,2026-08-04 11:07:06,2026-08-04 11:07:07,2026-08-04 11:07:07
206032,1802,YOWA1,COMPRA,30,56.0551,8.8900,2026-08-04 12:38:24,2026-08-04 12:38:24,2026-08-04 12:38:24
206033,3256,RMRT1,COMPRA,90,85.8087,2.1505,2026-08-04 14:20:06,2026-08-04 14:20:07,2026-08-04 14:20:07
206034,1888,NHYK8,COMPRA,205,54.6414,4.3057,2026-08-04 15:34:28,2026-08-04 15:34:31,2026-08-04 15:34:31
206035,3046,SGBG8,COMPRA,370,101.1672,4.6729,2026-08-04 12:00:51,2026-08-04 12:00:54,2026-08-04 12:00:54
206036,3172,DQSN6,COMPRA,50,158.6109,5.8900,2026-08-04 16:13:07,2026-08-04 16:13:08,2026-08-04 16:13:08
206037,1435,JIPA6,COMPRA,374,40.9191,0.7754,2026-08-04 13:08:58,2026-08-04 13:09:01,2026-08-04 13:09:01
206038,2088,DFGR7,COMPRA,385,88.2476,5.1631,2026-08-04 15:01:46,2026-08-04 15:01:46,2026-08-04 15:01:46
206039,1218,TTHO3,COMPRA,442,35.8502,7.7037,2026-08-04 14:13:47,2026-08-04 14:13:47,2026-08-04 14:13:47
206040,1901,WMQZ6,COMPRA,55,78.3454,11.1251,2026-08-04 10:45:44,2026-08-04 10:45:44,2026-08-04 10:45:44
206041,3009,SGBG8,COMPRA,385,83.4389,1.0828,2026-08-04 11:50:25,2026-08-04 11:50:27,2026-08-04 11:50:27
206042,1302,QYBV3,VENDA,315,88.8138,8.8187,2026-08-04 15:19:05,2026-08-04 15:19:08,2026-08-04 15:19:08
206043,1667,BSDJ7,COMPRA,37,237.9712,6.1528,2026-08-04 12:45:32,2026-08-04 12:45:34,2026-08-04 12:45:34
206044,1845,YFAH5,COMPRA,240,200.1174,6.5506,2026-08-04 17:19:36,2026-08-04 17:19:36,2026-08-04 17:19:36
206045,2536,UYFJ9,COMPRA,220,101.5335,12.6860,2026-08-04 12:34:25,2026-08-04 12:34:28,2026-08-04 12:34:28
206046,3260,IPXK2,COMPRA,415,292.0077,7.7425,2026-08-04 14:05:59,2026-08-04 14:06:02,2026-08-04 14:06:02
206047,1290,PZUP8,COMPRA,405,119.3950,12.8340,2026-08-04 13:23:53,2026-08-04 13:23:55,2026-08-04 13:23:55
206048,1645,WXFC8,COMPRA,200,105.1470,0.8060,2026-08-04 16:47:54,2026-08-04 16:47:56,2026-08-04 16:47:56
206049,1324,PZUP8,COMPRA,325,175.5337,8.1542,2026-08-04 10:55:27,2026-08-04 10:55:27,2026-08-04 10:55:27
206050,2818,FIUW1,COMPRA,375,114.9887,8.9435,2026-08-04 16:52:30,2026-08-04 16:52:32,2026-08-04 16:52:32
206051,2367,UCHR6,COMPRA,217,438.1429,6.9687,2026-08-04 14:29:55,2026-08-04 14:29:56,2026-08-04 14:29:56
206052,1436,RSBT4,COMPRA,175,474.1868,1.3187,2026-08-04 11:49:42,2026-08-04 11:49:43,2026-08-04 11:49:43
206053,1511,NAOF3,COMPRA,240,70.3665,8.8400,2026-08-04 10:40:38,2026-08-04 10:40:40,2026-08-04 10:40:40
206054,2559,MOLF3,COMPRA,130,40.9132,0.2347,2026-08-04 13:41:02,2026-08-04 13:41:04,2026-08-04 13:41:04
206055,2029,UQJU7,COMPRA,147,63.8405,1.9772,2026-08-04 15:18:39,2026-08-04 15:18:39,2026-08-04 15:18:39
206056,2192,WMQZ6,COMPRA,113,88.4310,10.7498,2026-08-04 15:21:50,2026-08-04 15:21:53,2026-08-04 15:21:53
206057,3138,LQML9,COMPRA,278,127.6976,6.0870,2026-08-04 11:02:52,2026-08-04 11:02:54,2026-08-04 11:02:54
206058,2067,OVUQ2,COMPRA,455,52.1555,10.9266,2026-08-04 16:32:12,2026-08-04 16:32:15,2026-08-04 16:32:15
206059,2420,HVEX2,COMPRA,435,131.8579,2.6359,2026-08-04 11:20:49,2026-08-04 11:20:52,2026-08-04 11:20:52
206060,1254,UCHR6,COMPRA,445,332.8255,6.5026,2026-08-04 13:45:29,2026-08-04 13:45:29,2026-08-04 13:45:29
206061,1536,RFNS7,COMPRA,475,65.8722,8.2158,2026-08-04 10:48:10,2026-08-04 10:48:12,2026-08-04 10:48:12
206062,2869,AAUA7,COMPRA,260,150.5451,4.5548,2026-08-04 16:14:46,2026-08-04 16:14:46,2026-08-04 16:14:46
206063,1174,RFNS7,COMPRA,465,77.9635,6.4209,2026-08-04 15:08:48,2026-08-04 15:08:51,2026-08-04 15:08:51
206064,2928,UYFJ9,COMPRA,5,102.5335,12.7134,2026-08-04 14:25:35,2026-08-04 14:25:38,2026-08-04 14:25:38
206065,2712,LQML9,COMPRA,395,172.2993,4.9067,2026-08-04 11:41:53,2026-08-04 11:41:56,2026-08-04 11:41:56
206066,1782,NUJZ2,COMPRA,315,30.1946,9.3177,2026-08-04 12:07:47,2026-08-04 12:07:47,2026-08-04 12:07:47
206067,1827,GKQC5,COMPRA,470,156.6702,8.9222,2026-08-04 13:51:18,2026-08-04 13:51:20,2026-08-04 13:51:20
206068,1429,AAWB3,COMPRA,235,185.3188,5.1019,2026-08-04 13:56:56,2026-08-04 13:56:57,2026-08-04 13:56:57
206069,1874,JUDG8,COMPRA,86,92.0788,11.1232,2026-08-04 15:07:17,2026-08-04 15:07:20,2026-08-04 15:07:20
206070,1662,JJVW6,COMPRA,143,114.1611,0.8191,2026-08-04 11:06:28,2026-08-04 11:06:28,2026-08-04 11:06:28
206071,3087,RHXV4,COMPRA,275,53.5740,7.7488,2026-08-04 11:56:06,2026-08-04 11:56:06,2026-08-04 11:56:06
206072,3070,CQIL9,COMPRA,435,41.4557,4.9929,2026-08-04 13:32:56,2026-08-04 13:32:57,2026-08-04 13:32:57
206073,1514,TBWG2,COMPRA,245,60.8567,11.2669,2026-08-04 12:12:29,2026-08-04 12:12:32,2026-08-04 12:12:32
206074,3446,MCHX2,COMPRA,100,96.4959,2.6287,2026-08-04 13:01:00,2026-08-04 13:01:03,2026-08-04 13:01:03
206075,2894,UQJU7,COMPRA,225,64.1592,8.1730,2026-08-04 10:28:22,2026-08-04 10:28:25,2026-08-04 10:28:25
206076,1323,TVCE9,COMPRA,75,84.5151,1.9932,2026-08-04 10:57:04,2026-08-04 10:57:06,2026-08-04 10:57:06
206077,2370,HCZM2,COMPRA,255,362.1137,0.8165,2026-08-04 13:05:49,2026-08-04 13:05:51,2026-08-04 13:05:51
206078,3292,MCHX2,COMPRA,105,114.8325,8.4381,2026-08-04 16:47:56,2026-08-04 16:47:56,2026-08-04 16:47:56
206079,2783,JJVW6,COMPRA,235,135.7988,4.4193,2026-08-04 14:56:06,2026-08-04 14:56:08,2026-08-04 14:56:08
206080,2127,LCCH9,COMPRA,148,7.7284,9.9558,2026-08-04 15:34:00,2026-08-04 15:34:00,2026-08-04 15:34:00
206081,1826,WXQM6,COMPRA,182,47.3848,7.3075,2026-08-04 10:18:56,2026-08-04 10:18:59,2026-08-04 10:18:59
206082,3348,YOWA1,VENDA,35,47.4991,11.1776,2026-08-04 15:33:04,2026-08-04 15:33:07,2026-08-04 15:33:07
206083,3249,SRDU1,COMPRA,290,79.0397,5.9156,2026-08-04 17:23:29,2026-08-04 17:23:31,2026-08-04 17:23:31
206084,2958,HCLJ8,COMPRA,100,111.3059,4.3795,2026-08-04 10:01:28,2026-08-04 10:01:31,2026-08-04 10:01:31
206085,3410,PSEN6,COMPRA,285,156.8154,4.0545,2026-08-04 11:40:03,2026-08-04 11:40:04,2026-08-04 11:40:04
206086,1742,TBWG2,COMPRA,220,98.2505,3.0065,2026-08-04 13:36:17,2026-08-04 13:36:19,2026-08-04 13:36:19
206087,3186,UQIQ7,COMPRA,174,95.5732,6.1331,2026-08-04 14:17:47,2026-08-04 14:17:48,2026-08-04 14:17:48
206088,3361,XPVA7,COMPRA,247,396.5107,0.5849,2026-08-04 12:25:54,2026-08-04 12:25:57,2026-08-04 12:25:57
206089,1052,NYGT6,COMPRA,40,130.2354,9.6418,2026-08-04 10:05:05,2026-08-04 10:05:05,2026-08-04 10:05:05
206090,1990,ERTC4,COMPRA,350,57.6552,1.9914,2026-08-04 17:07:52,2026-08-04 17:07:54,2026-08-04 17:07:54
206091,2579,HJRH5,COMPRA,130,166.7070,9.6506,2026-08-04 14:56:09,2026-08-04 14:56:10,2026-08-04 14:56:10
206092,1684,FIUW1,COMPRA,125,96.7718,4.4646,2026-08-04 10:15:59,2026-08-04 10:16:01,2026-08-04 10:16:01
206093,1537,LGKU6,COMPRA,338,95.1614,4.8086,2026-08-04 16:52:10,2026-08-04 16:52:10,2026-08-04 16:52:10
206094,2350,NUJZ2,COMPRA,360,32.1483,7.2423,2026-08-04 16:20:13,2026-08-04 16:20:13,2026-08-04 16:20:13
206095,1782,VLEB3,COMPRA,465,480.6141,2.0759,2026-08-04 13:10:26,2026-08-04 13:10:27,2026-08-04 13:10:27
206096,1547,RHXV4,COMPRA,136,74.8053,3.0625,2026-08-04 12:50:24,2026-08-04 12:50:25,2026-08-04 12:50:25
206097,3248,GAKD5,COMPRA,370,236.9246,0.1702,2026-08-04 14:33:28,2026-08-04 14:33:30,2026-08-04 14:33:30
206098,2199,RMRT1,COMPRA,480,115.1169,11.7975,2026-08-04 14:14:32,2026-08-04 14:14:32,2026-08-04 14:14:32
206099,1284,UQJU7,COMPRA,85,78.9372,7.6123,2026-08-04 15:55:14,2026-08-04 15:55:15,2026-08-04 15:55:15
206100,3307,LCCH9,COMPRA,319,8.5494,11.3944,2026-08-04 13:06:08,2026-08-04 13:06:10,2026-08-04 13:06:10
206101,2369,OEQA8,COMPRA,155,376.7015,3.1182,2026-08-04 14:53:49,2026-08-04 14:53:52,2026-08-04 14:53:52
206102,2349,WMQZ6,COMPRA,260,62.3782,0.3592,2026-08-04 15:04:17,2026-08-04 15:04:18,2026-08-04 15:04:18
206103,2631,NQYT3,COMPRA,385,66.4492,8.8046,2026-08-04 11:06:00,2026-08-04 11:06:00,2026-08-04 11:06:00
206104,1777,RDOA3,COMPRA,273,102.5597,7.8812,2026-08-04 13:44:23,2026-08-04 13:44:25,2026-08-04 13:44:25
206105,1520,KFSY2,COMPRA,365,96.6952,7.3637,2026-08-04 13:17:29,2026-08-04 13:17:30,2026-08-04 13:17:30
206106,1474,NGIU9,COMPRA,386,86.3457,3.9497,2026-08-04 10:05:18,2026-08-04 10:05:21,2026-08-04 10:05:21
206107,1561,UCHR6,COMPRA,395,449.3230,6.5141,2026-08-04 10:42:35,2026-08-04 10:42:36,2026-08-04 10:42:36
206108,3128,DQSN6,COMPRA,350,154.3986,8.7085,2026-08-04 16:44:40,2026-08-04 16:44:42,2026-08-04 16:44:42
206109,2231,WIPB2,COMPRA,285,107.0250,5.0641,2026-08-04 13:23:03,2026-08-04 13:23:05,2026-08-04 13:23:05
206110,2652,BXFJ9,COMPRA,75,120.7732,7.4623,2026-08-04 17:06:37,2026-08-04 17:06:37,2026-08-04 17:06:37
206111,1368,TXHR8,COMPRA,355,71.3513,1.5294,2026-08-04 17:27:36,2026-08-04 17:27:38,2026-08-04 17:27:38
206112,2826,QTDZ2,COMPRA,355,39.7828,11.3342,2026-08-04 16:46:09,2026-08-04 16:46:10,2026-08-04 16:46:10
206113,2520,WMQZ6,COMPRA,472,80.8432,,2026-08-04 10:49:10,2026-08-04 10:49:12,2026-08-04 10:49:12
206114,2381,UYFJ9,COMPRA,15,111.1140,10.1857,2026-08-04 10:18:54,2026-08-04 10:18:55,2026-08-04 10:18:55
206115,1211,TTHO3,COMPRA,475,39.5333,9.9012,2026-08-04 14:33:03,2026-08-04 14:33:04,2026-08-04 14:33:04
206116,2153,PBZM6,COMPRA,241,47.0018,2.1422,2026-08-04 11:34:47,2026-08-04 11:34:48,2026-08-04 11:34:48
206117,1605,TNHT4,COMPRA,30,136.3120,12.3257,2026-08-04 11:02:56,2026-08-04 11:02:58,2026-08-04 11:02:58
206118,1670,EEYY9,COMPRA,95,143.9642,10.1175,2026-08-04 12:49:59,2026-08-04 12:50:01,2026-08-04 12:50:01
206119,2390,YFAH5,COMPRA,225,135.3192,4.5462,2026-08-04 13:46:21,2026-08-04 13:46:23,2026-08-04 13:46:23
206120,1739,LIEG8,COMPRA,55,112.9142,9.5295,2026-08-04 12:16:09,2026-08-04 12:16:10,2026-08-04 12:16:10
206121,2191,DSFC9,COMPRA,5,392.8469,5.8293,2026-08-04 11:57:16,2026-08-04 11:57:17,2026-08-04 11:57:17
206122,3274,YRWH3,COMPRA,215,183.7069,7.7743,2026-08-04 13:38:59,2026-08-04 13:39:01,2026-08-04 13:39:01
206123,1476,XPVA7,COMPRA,33,354.1924,10.0514,2026-08-04 13:01:22,2026-08-04 13:01:25,2026-08-04 13:01:25
206124,2420,ZHTL2,COMPRA,350,70.1724,7.3386,2026-08-04 11:10:26,2026-08-04 11:10:27,2026-08-04 11:10:27
206125,1788,JDJG6,COMPRA,135,73.9634,4.4743,2026-08-04 11:26:03,2026-08-04 11:26:03,2026-08-04 11:26:03
206126,2120,KFSY2,COMPRA,185,112.5163,12.4544,2026-08-04 10:43:53,2026-08-04 10:43:54,2026-08-04 10:43:54
206127,2123,NUJZ2,COMPRA,125,34.5073,6.5396,2026-08-04 14:35:57,2026-08-04 14:35:59,2026-08-04 14:35:59
206128,3096,HVEX2,COMPRA,355,113.3855,3.3658,2026-08-04 14:47:00,2026-08-04 14:47:00,2026-08-04 14:47:00
206129,2656,GULD2,COMPRA,70,163.9038,1.2827,2026-08-04 16:06:11,2026-08-04 16:06:13,2026-08-04 16:06:13
206130,3181,YFAH5,COMPRA,500,165.5074,8.9561,2026-08-04 10:13:56,2026-08-04 10:13:59,2026-08-04 10:13:59
206131,2825,TBWG2,COMPRA,35,91.5736,7.9652,2026-08-04 12:44:47,2026-08-04 12:44:50,2026-08-04 12:44:50
206132,3319,TNHT4,COMPRA,135,157.2644,11.6030,2026-08-04 12:05:47,2026-08-04 12:05:47,2026-08-04 12:05:47
206133,2041,IZTY4,COMPRA,367,33.3954,8.2024,2026-08-04 17:27:12,2026-08-04 17:27:14,2026-08-04 17:27:14
206134,1358,TNHT4,COMPRA,155,152.1440,5.6576,2026-08-04 13:55:56,2026-08-04 13:55:58,2026-08-04 13:55:58
206135,2131,SGBG8,COMPRA,400,76.3553,1.3177,2026-08-04 17:08:33,2026-08-04 17:08:35,2026-08-04 17:08:35
206136,1195,HCZM2,COMPRA,305,541.9261,6.9088,2026-08-04 10:09:55,2026-08-04 10:09:55,2026-08-04 10:09:55
206137,1756,PQUT9,COMPRA,195,90.9545,6.2478,2026-08-04 16:27:54,2026-08-04 16:27:54,2026-08-04 16:27:54
206138,1452,IZTY4,COMPRA,65,31.3416,3.3348,2026-08-04 11:06:27,2026-08-04 11:06:28,2026-08-04 11:06:28
206139,1472,NYGT6,COMPRA,442,96.4755,10.2145,2026-08-04 15:41:57,2026-08-04 15:42:00,2026-08-04 15:42:00
206140,2634,BGNM6,VENDA,450,117.5445,2.1049,2026-08-04 16:18:56,2026-08-04 16:18:58,2026-08-04 16:18:58
206141,2033,KFSY2,COMPRA,300,137.4301,6.2163,2026-08-04 15:14:09,2026-08-04 15:14:11,2026-08-04 15:14:11
206142,2580,VLEB3,COMPRA,9,408.2637,6.9613,2026-08-04 10:26:21,2026-08-04 10:26:24,2026-08-04 10:26:24
206143,2077,UQJU7,COMPRA,150,60.1486,8.2808,2026-08-04 14:50:18,2026-08-04 14:50:19,2026-08-04 14:50:19
206144,1004,PSEN6,COMPRA,325,179.6624,0.4946,2026-08-04 15:47:11,2026-08-04 15:47:12,2026-08-04 15:47:12
206145,2443,MOLF3,COMPRA,170,47.3748,9.4551,2026-08-04 11:27:56,2026-08-04 11:27:58,2026-08-04 11:27:58
206146,3469,PQUT9,COMPRA,45,63.1378,9.6354,2026-08-04 13:23:04,2026-08-04 13:23:04,2026-08-04 13:23:04
206147,2918,ZFBT3,COMPRA,45,105.7225,2.8650,2026-08-04 16:18:10,2026-08-04 16:18:11,2026-08-04 16:18:11
206148,2812,UCHR6,VENDA,160,474.2527,10.7337,2026-08-04 15:48:09,2026-08-04 15:48:09,2026-08-04 15:48:09
206149,1356,JJVW6,COMPRA,305,142.7789,6.9191,2026-08-04 10:52:36,2026-08-04 10:52:36,2026-08-04 10:52:36
206150,1563,RSBT4,COMPRA,225,427.7873,4.9057,2026-08-04 15:21:03,2026-08-04 15:21:04,2026-08-04 15:21:04
206151,2821,ZYVN7,COMPRA,295,86.0306,1.5072,2026-08-04 11:34:11,2026-08-04 11:34:11,2026-08-04 11:34:11
206152,2941,RSBT4,COMPRA,280,440.4261,11.1079,2026-08-04 13:53:44,2026-08-04 13:53:46,2026-08-04 13:53:46
206153,2340,RYPL6,COMPRA,20,66.9151,6.6229,2026-08-04 14:59:19,2026-08-04 14:59:22,2026-08-04 14:59:22
206154,2655,YCCK8,COMPRA,5,446.4413,10.4756,2026-08-04 13:02:34,2026-08-04 13:02:34,2026-08-04 13:02:34
206155,1754,CQIL9,COMPRA,480,41.9403,11.0554,2026-08-04 11:42:14,2026-08-04 11:42:17,2026-08-04 11:42:17
206156,2752,XTVW5,COMPRA,420,120.8634,6.4140,2026-08-04 12:47:18,2026-08-04 12:47:18,2026-08-04 12:47:18
206157,1079,OVUQ2,COMPRA,110,44.2094,1.6558,2026-08-04 15:09:29,2026-08-04 15:09:30,2026-08-04 15:09:30
206158,1516,MJDL9,COMPRA,460,38.9123,6.2311,2026-08-04 12:53:47,2026-08-04 12:53:49,2026-08-04 12:53:49
206159,3292,QYBV3,COMPRA,450,61.8003,1.6071,2026-08-04 17:06:37,2026-08-04 17:06:37,2026-08-04 17:06:37
206160,3035,GULD2,COMPRA,375,115.7742,0.6311,2026-08-04 16:33:30,2026-08-04 16:33:32,2026-08-04 16:33:32
206161,1050,GAKD5,COMPRA,105,229.7202,10.3990,2026-08-04 10:12:20,2026-08-04 10:12:22,2026-08-04 10:12:22
206162,1891,GAKD5,COMPRA,335,348.7129,0.6210,2026-08-04 14:14:37,2026-08-04 14:14:39,2026-08-04 14:14:39
206163,1145,TTHO3,COMPRA,195,30.5482,12.8264,2026-08-04 13:21:48,2026-08-04 13:21:51,2026-08-04 13:21:51
206164,1324,NUJZ2,COMPRA,160,36.8501,3.3037,2026-08-04 14:23:27,2026-08-04 14:23:29,2026-08-04 14:23:29
206165,1978,DQSN6,COMPRA,480,150.1768,3.0310,2026-08-04 10:52:37,2026-08-04 10:52:40,2026-08-04 10:52:40
206166,1873,AAWB3,COMPRA,10,176.6393,2.5576,2026-08-04 16:50:05,2026-08-04 16:50:06,2026-08-04 16:50:06
206167,2646,YYLA4,COMPRA,500,152.5357,9.2952,2026-08-04 11:36:58,2026-08-04 11:36:59,2026-08-04 11:36:59
206168,2092,NYGT6,COMPRA,36,90.7516,6.4719,2026-08-04 16:47:19,2026-08-04 16:47:19,2026-08-04 16:47:19
206169,1884,KFSY2,COMPRA,260,115.8370,4.2531,2026-08-04 14:09:39,2026-08-04 14:09:41,2026-08-04 14:09:41
206170,3370,KQEO3,COMPRA,50,56.3007,12.4269,2026-08-04 12:53:19,2026-08-04 12:53:22,2026-08-04 12:53:22
206171,3350,TBWG2,COMPRA,210,78.4966,1.9040,2026-08-04 10:45:58,2026-08-04 10:45:58,2026-08-04 10:45:58
206172,1285,MGRR2,COMPRA,480,120.1741,12.1677,2026-08-04 12:43:58,2026-08-04 12:44:01,2026-08-04 12:44:01
206173,1367,ECQD7,COMPRA,235,93.2927,9.2837,2026-08-04 11:16:01,2026-08-04 11:16:04,2026-08-04 11:16:04
206174,1629,LGKU6,COMPRA,410,62.4912,0.3051,2026-08-04 12:14:38,2026-08-04 12:14:38,2026-08-04 12:14:38
206175,1457,ERTC4,COMPRA,30,42.0916,6.9457,2026-08-04 15:19:50,2026-08-04 15:19:50,2026-08-04 15:19:50
206176,1003,EEYY9,COMPRA,455,196.0736,1.7316,2026-08-04 14:23:12,2026-08-04 14:23:14,2026-08-04 14:23:14
206177,1553,WHMT3,COMPRA,435,121.8026,1.2037,2026-08-04 11:28:00,2026-08-04 11:28:00,2026-08-04 11:28:00
206178,1831,RHXV4,COMPRA,435,58.1334,11.3147,2026-08-04 16:53:41,2026-08-04 16:53:42,2026-08-04 16:53:42
206179,2912,JIPA6,COMPRA,155,30.4024,7.6654,2026-08-04 14:26:30,2026-08-04 14:26:32,2026-08-04 14:26:32
206180,3331,TVCE9,COMPRA,495,70.2404,6.6393,2026-08-04 13:20:06,2026-08-04 13:20:07,2026-08-04 13:20:07
206181,2829,RIET5,COMPRA,440,172.0753,4.0030,2026-08-04 17:06:43,2026-08-04 17:06:44,2026-08-04 17:06:44
206182,3419,RHXV4,COMPRA,455,75.1845,5.6103,2026-08-04 13:15:51,2026-08-04 13:15:51,2026-08-04 13:15:51
206183,1760,UQJU7,COMPRA,265,63.2071,0.3058,2026-08-04 13:01:06,2026-08-04 13:01:09,2026-08-04 13:01:09
206184,3493,TBWG2,COMPRA,55,68.0971,5.6001,2026-08-04 11:32:15,2026-08-04 11:32:16,2026-08-04 11:32:16
206185,1186,BOCS8,COMPRA,175,57.9571,5.4120,2026-08-04 12:35:38,2026-08-04 12:35:41,2026-08-04 12:35:41
206186,2186,NPEM3,COMPRA,35,115.4919,6.3966,2026-08-04 13:36:58,2026-08-04 13:36:59,2026-08-04 13:36:59
206187,1986,KQEO3,COMPRA,95,88.4366,6.9746,2026-08-04 11:23:13,2026-08-04 11:23:14,2026-08-04 11:23:14
206188,1383,VLEB3,COMPRA,95,388.6668,9.1053,2026-08-04 16:28:50,2026-08-04 16:28:52,2026-08-04 16:28:52
206189,2700,WHMT3,COMPRA,70,84.6011,8.9850,2026-08-04 11:31:12,2026-08-04 11:31:12,2026-08-04 11:31:12
206190,1576,UFIU3,COMPRA,300,90.7098,11.6688,2026-08-04 10:29:46,2026-08-04 10:29:48,2026-08-04 10:29:48
206191,2769,XAVL3,COMPRA,150,217.5044,1.0230,2026-08-04 11:25:20,2026-08-04 11:25:23,2026-08-04 11:25:23
206192,1885,YOWA1,COMPRA,330,45.5970,6.7318,2026-08-04 12:37:23,2026-08-04 12:37:26,2026-08-04 12:37:26
206193,1807,AAUA7,COMPRA,80,163.3135,1.3055,2026-08-04 13:13:15,2026-08-04 13:13:15,2026-08-04 13:13:15
206194,1215,ERTC4,COMPRA,399,60.6986,5.1159,2026-08-04 17:08:11,2026-08-04 17:08:11,2026-08-04 17:08:11
206195,1276,JJVW6,COMPRA,245,146.1323,12.3523,2026-08-04 16:48:36,2026-08-04 16:48:37,2026-08-04 16:48:37
206196,1806,ZAAS7,COMPRA,325,499.0012,12.1617,2026-08-04 10:16:59,2026-08-04 10:17:01,2026-08-04 10:17:01
206197,1510,QYBV3,COMPRA,225,68.9335,8.5937,2026-08-04 17:10:21,2026-08-04 17:10:22,2026-08-04 17:10:22
206198,2246,TVCE9,COMPRA,435,78.7590,4.5228,2026-08-04 15:04:50,2026-08-04 15:04:50,2026-08-04 15:04:50
206199,2714,SGBG8,COMPRA,435,73.2886,10.3175,2026-08-04 15:27:47,2026-08-04 15:27:48,2026-08-04 15:27:48
206200,2306,UVEY5,COMPRA,85,100.6268,6.7426,2026-08-04 11:59:53,2026-08-04 11:59:55,2026-08-04 11:59:55
206201,1754,UFIU3,COMPRA,330,83.3786,8.0685,2026-08-04 13:08:25,2026-08-04 13:08:26,2026-08-04 13:08:26
206202,1192,MCMT2,COMPRA,198,76.3772,10.8076,2026-08-04 14:54:29,2026-08-04 14:54:30,2026-08-04 14:54:30
206203,2915,KFSY2,COMPRA,365,111.8820,1.3069,2026-08-04 15:32:32,2026-08-04 15:32:33,2026-08-04 15:32:33
206204,3471,AAUA7,COMPRA,165,145.6357,12.7945,2026-08-04 10:03:32,2026-08-04 10:03:33,2026-08-04 10:03:33
206205,2359,TXHR8,COMPRA,495,71.2469,1.7003,2026-08-04 12:38:16,2026-08-04 12:38:17,2026-08-04 12:38:17
206206,3196,IJJK3,COMPRA,118,126.1071,6.4794,2026-08-04 15:48:04,2026-08-04 15:48:06,2026-08-04 15:48:06
206207,2016,YCCK8,COMPRA,320,348.8538,8.2475,2026-08-04 10:55:17,2026-08-04 10:55:17,2026-08-04 10:55:17
206208,3484,NREP8,COMPRA,415,131.7169,1.6369,2026-08-04 12:02:21,2026-08-04 12:02:23,2026-08-04 12:02:23
206209,3457,OXVD8,COMPRA,115,93.5080,0.3086,2026-08-04 10:40:47,2026-08-04 10:40:48,2026-08-04 10:40:48
206210,1082,RDOA3,COMPRA,85,74.5550,2.9672,2026-08-04 15:20:41,2026-08-04 15:20:41,2026-08-04 15:20:41
206211,3229,YFAH5,COMPRA,295,183.7173,3.9849,2026-08-04 17:30:13,2026-08-04 17:30:16,2026-08-04 17:30:16
206212,1055,DQSN6,COMPRA,35,159.2517,9.9615,2026-08-04 11:00:40,2026-08-04 11:00:40,2026-08-04 11:00:40
206213,1771,BSDJ7,COMPRA,144,247.2862,1.3916,2026-08-04 17:18:42,2026-08-04 17:18:42,2026-08-04 17:18:42
206214,2677,JUDG8,COMPRA,55,68.8786,0.1995,2026-08-04 13:34:34,2026-08-04 13:34:35,2026-08-04 13:34:35
206215,1301,WMQZ6,COMPRA,455,85.7262,2.3314,2026-08-04 16:16:27,2026-08-04 16:16:27,2026-08-04 16:16:27
206216,3194,LGKU6,COMPRA,165,62.8011,0.7312,2026-08-04 12:50:09,2026-08-04 12:50:10,2026-08-04 12:50:10
206217,1493,LQML9,COMPRA,110,122.5864,9.3516,2026-08-04 13:01:23,2026-08-04 13:01:26,2026-08-04 13:01:26
206218,1077,JUDG8,COMPRA,454,97.1630,8.2047,2026-08-04 16:04:59,2026-08-04 16:05:01,2026-08-04 16:05:01
206219,2337,JIPR4,COMPRA,240,30.3430,7.5348,2026-08-04 11:18:48,2026-08-04 11:18:51,2026-08-04 11:18:51
206220,1918,JJVW6,COMPRA,405,161.9533,3.9337,2026-08-04 15:18:49,2026-08-04 15:18:50,2026-08-04 15:18:50
206221,1386,JUDG8,VENDA,265,109.1718,8.7340,2026-08-04 13:38:44,2026-08-04 13:38:46,2026-08-04 13:38:46
206222,2926,BXFJ9,COMPRA,105,150.2637,5.4608,2026-08-04 12:59:50,2026-08-04 12:59:51,2026-08-04 12:59:51
206223,1039,YOWA1,COMPRA,10,45.5723,2.1755,2026-08-04 11:47:11,2026-08-04 11:47:14,2026-08-04 11:47:14
206224,3357,PSEN6,COMPRA,470,220.5913,1.7659,2026-08-04 13:51:35,2026-08-04 13:51:37,2026-08-04 13:51:37
206225,2276,IPXK2,COMPRA,375,235.1771,1.8421,2026-08-04 10:31:16,2026-08-04 10:31:19,2026-08-04 10:31:19
206226,2951,GKQC5,COMPRA,490,130.7092,0.5538,2026-08-04 13:31:50,2026-08-04 13:31:53,2026-08-04 13:31:53
206227,2646,JIPR4,COMPRA,250,26.4872,11.8726,2026-08-04 12:15:37,2026-08-04 12:15:37,2026-08-04 12:15:37
206228,1631,IWFI1,COMPRA,110,209.5953,1.7745,2026-08-04 10:18:40,2026-08-04 10:18:42,2026-08-04 10:18:42
206229,1565,ZYVN7,COMPRA,435,70.7437,2.0368,2026-08-04 12:32:10,2026-08-04 12:32:11,2026-08-04 12:32:11
206230,2282,BGNM6,COMPRA,405,81.5475,6.5869,2026-08-04 11:04:52,2026-08-04 11:04:54,2026-08-04 11:04:54
206231,2562,UCHR6,COMPRA,465,433.8971,1.3787,2026-08-04 14:11:54,2026-08-04 14:11:56,2026-08-04 14:11:56
206232,3247,KFSY2,COMPRA,335,94.2704,9.7120,2026-08-04 16:00:10,2026-08-04 16:00:13,2026-08-04 16:00:13
206233,1068,NREP8,COMPRA,156,133.4491,0.5581,2026-08-04 14:41:32,2026-08-04 14:41:34,2026-08-04 14:41:34
206234,2369,PZUP8,VENDA,455,158.3307,1.0258,2026-08-04 11:30:10,2026-08-04 11:30:12,2026-08-04 11:30:12
206235,1004,ENRZ2,COMPRA,400,94.6029,11.5023,2026-08-04 13:26:00,2026-08-04 13:26:03,2026-08-04 13:26:03
206236,2993,WXFC8,COMPRA,300,73.4124,12.7132,2026-08-04 11:56:15,2026-08-04 11:56:18,2026-08-04 11:56:18
206237,2620,RHXV4,COMPRA,209,76.0630,8.6305,2026-08-04 11:56:18,2026-08-04 11:56:18,2026-08-04 11:56:18
206238,2032,RDOA3,COMPRA,80,82.2030,3.5254,2026-08-04 16:43:46,2026-08-04 16:43:48,2026-08-04 16:43:48
206239,1352,HVEX2,COMPRA,485,149.1869,10.5371,2026-08-04 12:08:44,2026-08-04 12:08:44,2026-08-04 12:08:44
206240,3222,NHYK8,COMPRA,364,80.1637,3.1765,2026-08-04 15:29:55,2026-08-04 15:29:55,2026-08-04 15:29:55
206241,1845,WXQM6,COMPRA,230,50.1587,0.8316,2026-08-04 15:01:31,2026-08-04 15:01:32,2026-08-04 15:01:32
206242,3090,RYPL6,COMPRA,115,68.8058,10.1131,2026-08-04 14:37:03,2026-08-04 14:37:03,2026-08-04 14:37:03
206243,2517,TNHT4,COMPRA,420,132.5737,8.3472,2026-08-04 13:24:07,2026-08-04 13:24:08,2026-08-04 13:24:08
206244,1295,KHGP6,COMPRA,455,91.8836,7.9528,2026-08-04 10:09:36,2026-08-04 10:09:39,2026-08-04 10:09:39
206245,2238,WXFC8,COMPRA,330,89.0815,7.3980,2026-08-04 11:37:02,2026-08-04 11:37:05,2026-08-04 11:37:05
206246,1710,RFNS7,COMPRA,10,102.9298,10.7622,2026-08-04 16:08:14,2026-08-04 16:08:16,2026-08-04 16:08:16
206247,3380,RYPL6,COMPRA,156,82.7417,0.1000,2026-08-04 13:24:16,2026-08-04 13:24:19,2026-08-04 13:24:19
206248,3213,OVUQ2,COMPRA,479,52.1363,9.3624,2026-08-04 13:13:48,2026-08-04 13:13:48,2026-08-04 13:13:48
206249,1760,GKQC5,COMPRA,95,125.6734,4.2358,2026-08-04 13:33:18,2026-08-04 13:33:18,2026-08-04 13:33:18
206250,3467,NREP8,VENDA,477,121.7863,10.6177,2026-08-04 13:41:20,2026-08-04 13:41:21,2026-08-04 13:41:21
206251,2376,QYBV3,COMPRA,395,89.2773,8.2541,2026-08-04 10:01:22,2026-08-04 10:01:24,2026-08-04 10:01:24
206252,2088,ENRZ2,COMPRA,266,84.1881,6.8473,2026-08-04 10:40:39,2026-08-04 10:40:40,2026-08-04 10:40:40
206253,2774,LIEG8,COMPRA,5,88.9519,10.5457,2026-08-04 11:11:56,2026-08-04 11:11:56,2026-08-04 11:11:56
206254,1209,IJJK3,COMPRA,335,87.3428,4.9911,2026-08-04 10:29:59,2026-08-04 10:30:02,2026-08-04 10:30:02
206255,3160,FYZB6,COMPRA,246,53.9387,10.9042,2026-08-04 15:04:39,2026-08-04 15:04:40,2026-08-04 15:04:40
206256,1156,RSBT4,COMPRA,275,496.3211,8.3837,2026-08-04 12:19:14,2026-08-04 12:19:16,2026-08-04 12:19:16
206257,2481,UCHR6,COMPRA,400,352.7113,4.2714,2026-08-04 16:51:57,2026-08-04 16:52:00,2026-08-04 16:52:00
206258,2450,OVUQ2,COMPRA,425,47.6139,2.0626,2026-08-04 12:18:08,2026-08-04 12:18:10,2026-08-04 12:18:10
206259,2963,RIET5,COMPRA,45,170.6456,10.7829,2026-08-04 12:45:23,2026-08-04 12:45:26,2026-08-04 12:45:26
206260,2243,DGBT6,VENDA,315,82.4550,5.7030,2026-08-04 16:11:22,2026-08-04 16:11:23,2026-08-04 16:11:23
206261,1458,GFDF2,COMPRA,310,81.7775,4.8654,2026-08-04 12:06:44,2026-08-04 12:06:47,2026-08-04 12:06:47
206262,2726,AYFQ2,COMPRA,55,10.9156,3.8566,2026-08-04 16:01:30,2026-08-04 16:01:31,2026-08-04 16:01:31
206263,2672,JDJG6,COMPRA,175,66.6218,0.4407,2026-08-04 17:19:05,2026-08-04 17:19:06,2026-08-04 17:19:06
206264,2242,DHRM5,COMPRA,380,288.5974,4.0898,2026-08-04 13:40:54,2026-08-04 13:40:57,2026-08-04 13:40:57
206265,3358,ACSV1,COMPRA,115,115.7426,3.2762,2026-08-04 12:39:22,2026-08-04 12:39:24,2026-08-04 12:39:24
206266,3227,XOVY4,COMPRA,270,77.8242,5.3041,2026-08-04 13:28:47,2026-08-04 13:28:48,2026-08-04 13:28:48
206267,2365,RFNS7,COMPRA,380,65.4485,2.8005,2026-08-04 15:36:17,2026-08-04 15:36:19,2026-08-04 15:36:19
206268,1232,UFIU3,COMPRA,120,83.6951,6.4103,2026-08-04 14:56:03,2026-08-04 14:56:04,2026-08-04 14:56:04
206269,2360,FRGH8,COMPRA,375,86.9852,4.2060,2026-08-04 12:25:18,2026-08-04 12:25:21,2026-08-04 12:25:21
206270,1759,MCHX2,COMPRA,285,122.2582,12.7300,2026-08-04 12:36:55,2026-08-04 12:36:58,2026-08-04 12:36:58
206271,3104,TBWG2,COMPRA,125,69.7802,10.6327,2026-08-04 10:08:41,2026-08-04 10:08:42,2026-08-04 10:08:42
206272,3252,IZTY4,COMPRA,440,38.2357,12.4239,2026-08-04 15:40:44,2026-08-04 15:40:45,2026-08-04 15:40:45
206273,1790,OEQA8,COMPRA,55,408.8706,6.1397,2026-08-04 13:42:17,2026-08-04 13:42:19,2026-08-04 13:42:19
206274,2882,OVYL9,COMPRA,300,82.6833,1.5420,2026-08-04 13:09:35,2026-08-04 13:09:38,2026-08-04 13:09:38
206275,1969,IWFI1,COMPRA,215,194.3809,7.2007,2026-08-04 10:46:25,2026-08-04 10:46:28,2026-08-04 10:46:28
206276,2001,BGNM6,COMPRA,65,95.1493,8.9173,2026-08-04 14:24:42,2026-08-04 14:24:42,2026-08-04 14:24:42
206277,3282,JIPA6,COMPRA,220,41.8189,6.1826,2026-08-04 17:27:26,2026-08-04 17:27:27,2026-08-04 17:27:27
206278,1154,ECQD7,COMPRA,118,94.4523,9.1647,2026-08-04 15:37:29,2026-08-04 15:37:29,2026-08-04 15:37:29
206279,2770,DQSN6,COMPRA,175,161.8489,5.6360,2026-08-04 17:09:09,2026-08-04 17:09:09,2026-08-04 17:09:09
206280,2836,QTHQ1,COMPRA,465,21.7519,10.9320,2026-08-04 11:41:53,2026-08-04 11:41:53,2026-08-04 11:41:53
206281,3440,QATW7,COMPRA,147,60.2399,3.8970,2026-08-04 13:39:17,2026-08-04 13:39:17,2026-08-04 13:39:17
206282,1152,BSDJ7,COMPRA,280,190.9507,,2026-08-04 13:28:29,2026-08-04 13:28:32,2026-08-04 13:28:32
206283,1608,JJVW6,COMPRA,85,155.4669,0.9424,2026-08-04 15:59:32,2026-08-04 15:59:33,2026-08-04 15:59:33
206284,3271,VLEB3,COMPRA,340,317.3578,11.5108,2026-08-04 15:26:57,2026-08-04 15:26:58,2026-08-04 15:26:58
206285,2096,FIUW1,VENDA,375,125.0013,9.9246,2026-08-04 12:21:51,2026-08-04 12:21:51,2026-08-04 12:21:51
206286,1019,UFIU3,COMPRA,240,103.4080,11.7871,2026-08-04 10:20:14,2026-08-04 10:20:16,2026-08-04 10:20:16
206287,2200,FYZB6,COMPRA,391,75.5093,7.6104,2026-08-04 16:35:55,2026-08-04 16:35:56,2026-08-04 16:35:56
206288,3437,DGBT6,COMPRA,245,92.6060,12.1794,2026-08-04 13:10:49,2026-08-04 13:10:49,2026-08-04 13:10:49
206289,2041,IPXK2,COMPRA,95,281.2181,2.6980,2026-08-04 14:02:41,2026-08-04 14:02:42,2026-08-04 14:02:42
206290,1802,ECQD7,COMPRA,440,88.0842,6.9686,2026-08-04 14:04:27,2026-08-04 14:04:27,2026-08-04 14:04:27
206291,3136,XTVW5,COMPRA,380,131.8554,4.5901,2026-08-04 16:59:46,2026-08-04 16:59:49,2026-08-04 16:59:49
206292,1671,MCHX2,COMPRA,322,86.1198,12.3040,2026-08-04 13:14:03,2026-08-04 13:14:04,2026-08-04 13:14:04
206293,2750,XAVL3,COMPRA,145,218.9456,8.8524,2026-08-04 12:42:14,2026-08-04 12:42:15,2026-08-04 12:42:15
206294,2189,ZYVN7,COMPRA,15,62.4560,2.9426,2026-08-04 10:57:23,2026-08-04 10:57:26,2026-08-04 10:57:26
206295,2806,YOWA1,COMPRA,350,54.1876,1.3158,2026-08-04 10:05:34,2026-08-04 10:05:37,2026-08-04 10:05:37
206296,3064,UCHR6,COMPRA,125,391.9959,6.2102,2026-08-04 16:13:15,2026-08-04 16:13:16,2026-08-04 16:13:16
206297,2506,ZHTL2,COMPRA,64,55.3652,8.1634,2026-08-04 12:24:20,2026-08-04 12:24:23,2026-08-04 12:24:23
206298,1633,RSBT4,COMPRA,35,490.8015,3.1668,2026-08-04 10:23:34,2026-08-04 10:23:37,2026-08-04 10:23:37
206299,3487,SRDU1,COMPRA,100,101.3529,0.4443,2026-08-04 11:01:04,2026-08-04 11:01:07,2026-08-04 11:01:07
206300,2708,RIET5,COMPRA,295,145.7672,9.7222,2026-08-04 12:12:14,2026-08-04 12:12:14,2026-08-04 12:12:14
206301,1035,PZUP8,VENDA,179,155.1042,,2026-08-04 11:26:14,2026-08-04 11:26:17,2026-08-04 11:26:17
206302,2247,JDJG6,COMPRA,420,87.6296,2.6610,2026-08-04 11:04:31,2026-08-04 11:04:34,2026-08-04 11:04:34
206303,2383,ICSU4,COMPRA,225,158.7423,9.7707,2026-08-04 15:06:10,2026-08-04 15:06:12,2026-08-04 15:06:12
206304,1339,DSFC9,COMPRA,500,375.6092,1.0641,2026-08-04 12:47:02,2026-08-04 12:47:03,2026-08-04 12:47:03
206305,2510,WMQZ6,COMPRA,70,76.6848,11.8099,2026-08-04 16:39:47,2026-08-04 16:39:50,2026-08-04 16:39:50
206306,3164,HCLJ8,COMPRA,125,130.5553,2.6511,2026-08-04 11:55:18,2026-08-04 11:55:20,2026-08-04 11:55:20
206307,3327,NAOF3,COMPRA,224,64.8337,6.7025,2026-08-04 11:26:10,2026-08-04 11:26:11,2026-08-04 11:26:11
206308,1127,RSBT4,COMPRA,465,427.6948,8.1748,2026-08-04 11:54:57,2026-08-04 11:54:58,2026-08-04 11:54:58
206309,2817,XOVY4,COMPRA,478,118.1778,4.9097,2026-08-04 14:46:14,2026-08-04 14:46:14,2026-08-04 14:46:14
206310,2754,YYLA4,COMPRA,90,230.3397,11.9736,2026-08-04 13:52:39,2026-08-04 13:52:39,2026-08-04 13:52:39
206311,2740,MOLF3,COMPRA,265,50.6322,4.8379,2026-08-04 11:05:19,2026-08-04 11:05:21,2026-08-04 11:05:21
206312,1271,ACSV1,COMPRA,145,118.3972,11.8689,2026-08-04 10:11:04,2026-08-04 10:11:05,2026-08-04 10:11:05
206313,1692,AAUA7,COMPRA,365,114.2524,4.5243,2026-08-04 16:00:13,2026-08-04 16:00:16,2026-08-04 16:00:16
206314,3342,DEGN5,COMPRA,300,81.7903,10.4211,2026-08-04 13:01:11,2026-08-04 13:01:11,2026-08-04 13:01:11
206315,3406,IWAK1,COMPRA,485,101.8723,0.1554,2026-08-04 10:20:41,2026-08-04 10:20:42,2026-08-04 10:20:42
206316,1540,BSDJ7,COMPRA,412,183.6402,4.9819,2026-08-04 17:01:50,2026-08-04 17:01:51,2026-08-04 17:01:51
206317,2973,NGIU9,COMPRA,440,124.4141,0.4533,2026-08-04 12:27:43,2026-08-04 12:27:46,2026-08-04 12:27:46
206318,2089,OVUQ2,COMPRA,460,39.1456,3.4743,2026-08-04 16:58:14,2026-08-04 16:58:16,2026-08-04 16:58:16
206319,3393,DHRM5,COMPRA,15,295.2031,7.2500,2026-08-04 11:13:18,2026-08-04 11:13:19,2026-08-04 11:13:19
206320,2223,BOCS8,COMPRA,466,69.1582,1.2784,2026-08-04 16:41:37,2026-08-04 16:41:38,2026-08-04 16:41:38
206321,1029,HCLJ8,COMPRA,280,134.7201,11.7482,2026-08-04 12:08:04,2026-08-04 12:08:05,2026-08-04 12:08:05
206322,2420,TBWG2,COMPRA,185,69.7826,12.5148,2026-08-04 16:38:31,2026-08-04 16:38:31,2026-08-04 16:38:31
206323,2136,ACSV1,COMPRA,460,121.6176,8.8163,2026-08-04 17:00:05,2026-08-04 17:00:08,2026-08-04 17:00:08
206324,2544,RHXV4,COMPRA,188,58.6148,5.8049,2026-08-04 13:14:47,2026-08-04 13:14:47,2026-08-04 13:14:47
206325,1416,YCCK8,COMPRA,335,358.6556,2.0952,2026-08-04 16:26:58,2026-08-04 16:26:58,2026-08-04 16:26:58
206326,3296,QHFL8,COMPRA,123,137.0347,6.8697,2026-08-04 11:18:30,2026-08-04 11:18:31,2026-08-04 11:18:31
206327,1260,LCCH9,COMPRA,170,9.0500,3.6915,2026-08-04 13:42:30,2026-08-04 13:42:32,2026-08-04 13:42:32
206328,2475,IWAK1,COMPRA,425,90.9245,5.2395,2026-08-04 16:17:31,2026-08-04 16:17:32,2026-08-04 16:17:32
206329,2090,ZFBT3,COMPRA,280,95.7299,5.3730,2026-08-04 11:18:15,2026-08-04 11:18:17,2026-08-04 11:18:17
206330,1255,ZHTL2,COMPRA,338,51.9986,9.5293,2026-08-04 11:30:00,2026-08-04 11:30:01,2026-08-04 11:30:01
206331,2199,SGBG8,COMPRA,290,76.5746,4.0908,2026-08-04 14:00:20,2026-08-04 14:00:22,2026-08-04 14:00:22
206332,2466,ZYVN7,COMPRA,435,60.0000,6.3032,2026-08-04 15:29:10,2026-08-04 15:29:13,2026-08-04 15:29:13
206333,2497,GAKD5,COMPRA,335,342.5931,9.6414,2026-08-04 11:37:09,2026-08-04 11:37:10,2026-08-04 11:37:10
206334,2398,AAWB3,COMPRA,320,203.7789,5.8806,2026-08-04 12:27:47,2026-08-04 12:27:50,2026-08-04 12:27:50
206335,3189,UFIU3,COMPRA,465,87.8430,8.6796,2026-08-04 16:47:50,2026-08-04 16:47:53,2026-08-04 16:47:53
206336,3285,JIPR4,COMPRA,25,28.3165,6.4539,2026-08-04 15:30:15,2026-08-04 15:30:16,2026-08-04 15:30:16
206337,1765,TXHR8,COMPRA,60,69.7872,7.1603,2026-08-04 12:20:35,2026-08-04 12:20:38,2026-08-04 12:20:38
206338,1586,NAOF3,COMPRA,410,66.4231,11.8304,2026-08-04 14:42:21,2026-08-04 14:42:23,2026-08-04 14:42:23
206339,2234,WXFC8,COMPRA,335,98.2658,9.4972,2026-08-04 15:03:17,2026-08-04 15:03:19,2026-08-04 15:03:19
206340,3167,RIET5,COMPRA,280,123.2583,11.2098,2026-08-04 16:02:25,2026-08-04 16:02:26,2026-08-04 16:02:26
206341,3021,FYZB6,COMPRA,160,56.4188,3.8319,2026-08-04 13:12:16,2026-08-04 13:12:17,2026-08-04 13:12:17
206342,3216,LQML9,COMPRA,290,126.2365,8.8069,2026-08-04 13:13:01,2026-08-04 13:13:04,2026-08-04 13:13:04
206343,3345,IPXK2,VENDA,130,301.1643,7.5183,2026-08-04 11:44:10,2026-08-04 11:44:12,2026-08-04 11:44:12
206344,1699,TTHO3,COMPRA,184,38.5257,8.4084,2026-08-04 15:43:30,2026-08-04 15:43:31,2026-08-04 15:43:31
206345,2285,YCCK8,COMPRA,15,335.9301,10.6235,2026-08-04 15:11:45,2026-08-04 15:11:45,2026-08-04 15:11:45
206346,2497,JUDG8,COMPRA,390,103.1847,1.8518,2026-08-04 12:26:22,2026-08-04 12:26:23,2026-08-04 12:26:23
206347,2283,DGBT6,COMPRA,310,108.8196,1.3006,2026-08-04 15:27:24,2026-08-04 15:27:26,2026-08-04 15:27:26
206348,1154,NAOF3,COMPRA,500,71.5772,4.2915,2026-08-04 11:43:17,2026-08-04 11:43:19,2026-08-04 11:43:19
206349,1271,VLEB3,COMPRA,135,308.2609,3.8915,2026-08-04 10:51:34,2026-08-04 10:51:34,2026-08-04 10:51:34
206350,2458,XPVA7,COMPRA,135,486.1420,2.3183,2026-08-04 13:01:15,2026-08-04 13:01:15,2026-08-04 13:01:15
206351,3300,OEQA8,COMPRA,155,403.4314,4.0144,2026-08-04 12:55:41,2026-08-04 12:55:42,2026-08-04 12:55:42
206352,2658,LIEG8,COMPRA,460,85.8514,2.7062,2026-08-04 17:09:58,2026-08-04 17:09:59,2026-08-04 17:09:59
206353,3386,RHXV4,COMPRA,151,55.6163,0.8612,2026-08-04 11:29:27,2026-08-04 11:29:29,2026-08-04 11:29:29
206354,2210,JIPA6,COMPRA,125,44.0354,0.0152,2026-08-04 17:00:49,2026-08-04 17:00:50,2026-08-04 17:00:50
206355,1103,OXVD8,COMPRA,130,62.4705,4.5983,2026-08-04 16:32:05,2026-08-04 16:32:07,2026-08-04 16:32:07
206356,1491,GAKD5,COMPRA,70,329.5962,6.6734,2026-08-04 12:47:35,2026-08-04 12:47:36,2026-08-04 12:47:36
206357,2743,RYPL6,COMPRA,290,108.1076,2.1844,2026-08-04 16:11:53,2026-08-04 16:11:53,2026-08-04 16:11:53
206358,2664,LIEG8,COMPRA,229,111.6359,4.1273,2026-08-04 15:15:54,2026-08-04 15:15:57,2026-08-04 15:15:57
206359,1802,SRDU1,COMPRA,85,68.0477,4.9712,2026-08-04 17:10:26,2026-08-04 17:10:29,2026-08-04 17:10:29
206360,2516,NPEM3,COMPRA,245,109.0255,2.2228,2026-08-04 10:39:01,2026-08-04 10:39:03,2026-08-04 10:39:03
206361,2394,LCCH9,COMPRA,495,7.7182,6.7558,2026-08-04 15:59:13,2026-08-04 15:59:15,2026-08-04 15:59:15
206362,3364,WIPB2,COMPRA,490,103.6067,5.3883,2026-08-04 15:38:05,2026-08-04 15:38:05,2026-08-04 15:38:05
206363,2057,IWFI1,COMPRA,430,133.5506,5.0175,2026-08-04 16:41:45,2026-08-04 16:41:46,2026-08-04 16:41:46
206364,1706,UFIU3,COMPRA,335,71.6835,5.4103,2026-08-04 14:51:12,2026-08-04 14:51:14,2026-08-04 14:51:14
206365,1319,GFDF2,COMPRA,70,106.1978,6.9185,2026-08-04 10:01:07,2026-08-04 10:01:09,2026-08-04 10:01:09
206366,3068,HJRH5,COMPRA,55,133.4982,6.0170,2026-08-04 11:46:39,2026-08-04 11:46:41,2026-08-04 11:46:41
206367,1770,ZYVN7,COMPRA,65,79.7280,0.1316,2026-08-04 14:57:40,2026-08-04 14:57:40,2026-08-04 14:57:40
206368,1177,LIEG8,COMPRA,480,94.5470,12.6788,2026-08-04 12:30:42,2026-08-04 12:30:45,2026-08-04 12:30:45
206369,1249,GAKD5,COMPRA,370,348.7609,11.0329,2026-08-04 12:42:41,2026-08-04 12:42:42,2026-08-04 12:42:42
206370,2316,UYFJ9,COMPRA,470,88.5785,0.3943,2026-08-04 10:31:54,2026-08-04 10:31:56,2026-08-04 10:31:56
206371,2758,WIPB2,COMPRA,410,95.4978,10.0530,2026-08-04 16:41:07,2026-08-04 16:41:07,2026-08-04 16:41:07
206372,2506,JIPA6,COMPRA,268,42.6091,10.8754,2026-08-04 15:05:37,2026-08-04 15:05:40,2026-08-04 15:05:40
206373,2555,IWFI1,COMPRA,470,191.5610,0.1332,2026-08-04 11:30:30,2026-08-04 11:30:30,2026-08-04 11:30:30
206374,1261,WXQM6,COMPRA,320,45.9835,4.4059,2026-08-04 15:25:24,2026-08-04 15:25:27,2026-08-04 15:25:27
206375,3406,FIUW1,COMPRA,190,98.9994,0.2054,2026-08-04 16:57:24,2026-08-04 16:57:26,2026-08-04 16:57:26
206376,2798,OVUQ2,COMPRA,360,53.4807,9.6480,2026-08-04 13:26:26,2026-08-04 13:26:27,2026-08-04 13:26:27
206377,2768,DGBT6,COMPRA,374,104.2853,5.7718,2026-08-04 13:51:37,2026-08-04 13:51:39,2026-08-04 13:51:39
206378,1191,LGKU6,COMPRA,165,96.6109,12.5986,2026-08-04 13:58:03,2026-08-04 13:58:06,2026-08-04 13:58:06
206379,1170,FYZB6,COMPRA,120,63.8397,9.1893,2026-08-04 15:25:31,2026-08-04 15:25:33,2026-08-04 15:25:33
206380,1990,MCHX2,COMPRA,159,140.7983,9.5279,2026-08-04 16:47:38,2026-08-04 16:47:38,2026-08-04 16:47:38
206381,3069,MJDL9,COMPRA,283,37.5225,0.6756,2026-08-04 16:06:32,2026-08-04 16:06:34,2026-08-04 16:06:34
206382,1173,BXFJ9,COMPRA,85,119.6951,5.9171,2026-08-04 12:57:21,2026-08-04 12:57:22,2026-08-04 12:57:22
206383,2427,TTHO3,COMPRA,455,35.1354,4.0956,2026-08-04 14:35:59,2026-08-04 14:35:59,2026-08-04 14:35:59
206384,1080,BOCS8,COMPRA,393,66.2527,2.8860,2026-08-04 15:38:58,2026-08-04 15:39:01,2026-08-04 15:39:01
206385,2226,XPVA7,COMPRA,310,457.4313,4.7748,2026-08-04 11:51:13,2026-08-04 11:51:16,2026-08-04 11:51:16
206386,2052,MJDL9,COMPRA,15,27.8844,10.1552,2026-08-04 14:39:49,2026-08-04 14:39:51,2026-08-04 14:39:51
206387,1322,ACSV1,COMPRA,275,110.9414,6.4677,2026-08-04 12:58:29,2026-08-04 12:58:31,2026-08-04 12:58:31
206388,1044,VLEB3,COMPRA,270,466.6420,10.6787,2026-08-04 11:34:02,2026-08-04 11:34:02,2026-08-04 11:34:02
206389,1424,LIEG8,COMPRA,425,82.7716,12.0632,2026-08-04 12:45:26,2026-08-04 12:45:26,2026-08-04 12:45:26
206390,3159,WMQZ6,COMPRA,406,73.8516,5.0064,2026-08-04 11:27:19,2026-08-04 11:27:20,2026-08-04 11:27:20
206391,1524,MOLF3,COMPRA,160,55.4978,11.0097,2026-08-04 13:24:48,2026-08-04 13:24:49,2026-08-04 13:24:49
206392,1339,TTHO3,COMPRA,360,38.7535,0.1668,2026-08-04 14:23:29,2026-08-04 14:23:30,2026-08-04 14:23:30
206393,2913,UFIU3,COMPRA,425,91.2805,0.8869,2026-08-04 10:51:32,2026-08-04 10:51:34,2026-08-04 10:51:34
206394,3180,IWAK1,COMPRA,230,61.4196,2.5469,2026-08-04 12:34:06,2026-08-04 12:34:06,2026-08-04 12:34:06
206395,1021,TXHR8,COMPRA,415,96.9265,2.2476,2026-08-04 14:49:59,2026-08-04 14:50:00,2026-08-04 14:50:00
206396,1756,NPEM3,COMPRA,220,100.2650,11.4790,2026-08-04 16:15:55,2026-08-04 16:15:56,2026-08-04 16:15:56
206397,3380,NGIU9,COMPRA,306,118.2968,2.8322,2026-08-04 11:07:45,2026-08-04 11:07:48,2026-08-04 11:07:48
206398,3086,TVCE9,COMPRA,420,70.2752,8.6595,2026-08-04 10:56:13,2026-08-04 10:56:16,2026-08-04 10:56:16
206399,3412,QATW7,COMPRA,474,43.8099,10.9875,2026-08-04 17:12:18,2026-08-04 17:12:18,2026-08-04 17:12:18
206400,1087,KFSY2,COMPRA,370,118.1476,0.5370,2026-08-04 16:58:07,2026-08-04 16:58:09,2026-08-04 16:58:09
206401,1104,JDJG6,COMPRA,155,59.3753,0.8286,2026-08-04 10:55:22,2026-08-04 10:55:24,2026-08-04 10:55:24
206402,2650,QTDZ2,COMPRA,130,54.1097,12.6270,2026-08-04 17:09:14,2026-08-04 17:09:15,2026-08-04 17:09:15
206403,1453,TBWG2,COMPRA,173,98.5004,7.2984,2026-08-04 16:04:03,2026-08-04 16:04:06,2026-08-04 16:04:06
206404,3368,BSDJ7,COMPRA,180,179.9497,0.2982,2026-08-04 11:47:16,2026-08-04 11:47:17,2026-08-04 11:47:17
206405,2539,MCHX2,COMPRA,230,105.9322,1.7808,2026-08-04 11:11:14,2026-08-04 11:11:14,2026-08-04 11:11:14
206406,2840,AYFQ2,COMPRA,220,11.3204,7.3348,2026-08-04 12:06:26,2026-08-04 12:06:29,2026-08-04 12:06:29
206407,2705,XTVW5,COMPRA,445,110.9628,3.3506,2026-08-04 15:29:50,2026-08-04 15:29:51,2026-08-04 15:29:51
206408,1091,HVEX2,COMPRA,80,119.6460,8.9318,2026-08-04 13:44:57,2026-08-04 13:45:00,2026-08-04 13:45:00
206409,3255,AYFQ2,COMPRA,180,11.7634,2.6351,2026-08-04 14:14:13,2026-08-04 14:14:15,2026-08-04 14:14:15
206410,2139,YFAH5,COMPRA,330,180.2368,8.7310,2026-08-04 15:55:41,2026-08-04 15:55:44,2026-08-04 15:55:44
206411,2493,JIPR4,COMPRA,90,36.0916,3.5847,2026-08-04 16:37:09,2026-08-04 16:37:10,2026-08-04 16:37:10
206412,1515,YRWH3,COMPRA,360,152.7756,3.7417,2026-08-04 12:49:05,2026-08-04 12:49:08,2026-08-04 12:49:08
206413,1096,ACSV1,COMPRA,315,111.7203,9.9709,2026-08-04 13:52:00,2026-08-04 13:52:01,2026-08-04 13:52:01
206414,1793,SRDU1,COMPRA,435,96.4487,0.4511,2026-08-04 12:09:17,2026-08-04 12:09:18,2026-08-04 12:09:18
206415,1494,GKQC5,COMPRA,40,136.7500,5.0159,2026-08-04 14:38:45,2026-08-04 14:38:45,2026-08-04 14:38:45
206416,1227,UYFJ9,COMPRA,227,83.0261,3.5359,2026-08-04 10:40:18,2026-08-04 10:40:20,2026-08-04 10:40:20
206417,2072,HJRH5,COMPRA,220,147.3198,10.2690,2026-08-04 10:26:09,2026-08-04 10:26:12,2026-08-04 10:26:12
206418,1375,IJJK3,COMPRA,80,131.1092,11.5702,2026-08-04 17:26:06,2026-08-04 17:26:08,2026-08-04 17:26:08
206419,2780,IPXK2,COMPRA,145,334.5889,11.2610,2026-08-04 15:35:23,2026-08-04 15:35:23,2026-08-04 15:35:23
206420,2115,ZYVN7,COMPRA,305,60.0000,5.7048,2026-08-04 10:51:58,2026-08-04 10:52:00,2026-08-04 10:52:00
206421,2520,UQIQ7,COMPRA,366,97.7908,7.7485,2026-08-04 15:10:17,2026-08-04 15:10:18,2026-08-04 15:10:18
206422,2072,KQEO3,COMPRA,125,85.6570,11.0984,2026-08-04 10:27:15,2026-08-04 10:27:17,2026-08-04 10:27:17
206423,1119,FYZB6,COMPRA,460,53.2161,11.8608,2026-08-04 12:08:59,2026-08-04 12:09:01,2026-08-04 12:09:01
206424,1668,XOVY4,COMPRA,455,105.2698,4.1851,2026-08-04 13:39:16,2026-08-04 13:39:16,2026-08-04 13:39:16
206425,2863,TNHT4,COMPRA,258,123.8311,12.6467,2026-08-04 11:07:34,2026-08-04 11:07:36,2026-08-04 11:07:36
206426,2552,PBZM6,COMPRA,405,73.0246,5.9314,2026-08-04 11:43:03,2026-08-04 11:43:05,2026-08-04 11:43:05
206427,1503,IZTY4,COMPRA,95,36.2926,12.2783,2026-08-04 11:46:32,2026-08-04 11:46:33,2026-08-04 11:46:33
206428,1907,SUZL4,COMPRA,245,159.0393,10.0011,2026-08-04 11:49:43,2026-08-04 11:49:44,2026-08-04 11:49:44
206429,1837,WXQM6,COMPRA,340,57.8294,12.5394,2026-08-04 16:01:52,2026-08-04 16:01:55,2026-08-04 16:01:55
206430,1807,AYFQ2,COMPRA,310,10.8880,2.9849,2026-08-04 12:35:23,2026-08-04 12:35:24,2026-08-04 12:35:24
206431,2232,LQML9,COMPRA,361,160.1336,5.6272,2026-08-04 11:23:36,2026-08-04 11:23:39,2026-08-04 11:23:39
206432,2064,UFIU3,COMPRA,80,77.9583,4.8776,2026-08-04 13:43:24,2026-08-04 13:43:26,2026-08-04 13:43:26
206433,3353,JIPA6,COMPRA,285,34.5919,3.8849,2026-08-04 11:10:53,2026-08-04 11:10:55,2026-08-04 11:10:55
206434,2860,LCCH9,COMPRA,315,10.4364,9.4297,2026-08-04 15:24:40,2026-08-04 15:24:40,2026-08-04 15:24:40
206435,2297,KHGP6,COMPRA,200,97.5524,7.9930,2026-08-04 15:29:19,2026-08-04 15:29:20,2026-08-04 15:29:20
206436,2156,OXVD8,COMPRA,165,83.6680,2.6084,2026-08-04 15:31:28,2026-08-04 15:31:28,2026-08-04 15:31:28
206437,3406,JUDG8,COMPRA,480,96.6127,11.2548,2026-08-04 16:41:05,2026-08-04 16:41:06,2026-08-04 16:41:06
206438,1501,NPEM3,COMPRA,110,126.9009,10.6265,2026-08-04 10:39:40,2026-08-04 10:39:40,2026-08-04 10:39:40
206439,1414,CQJZ4,COMPRA,300,94.9990,8.8342,2026-08-04 15:18:29,2026-08-04 15:18:31,2026-08-04 15:18:31
206440,1534,RDOA3,COMPRA,75,89.7205,6.6217,2026-08-04 13:01:59,2026-08-04 13:01:59,2026-08-04 13:01:59
206441,1591,DEGN5,COMPRA,15,81.4533,9.2772,2026-08-04 11:32:34,2026-08-04 11:32:34,2026-08-04 11:32:34
206442,1137,LIEG8,COMPRA,330,92.4101,6.8299,2026-08-04 10:31:34,2026-08-04 10:31:34,2026-08-04 10:31:34
206443,3424,AAUA7,COMPRA,256,148.1930,2.6171,2026-08-04 11:07:53,2026-08-04 11:07:53,2026-08-04 11:07:53
206444,2490,DGBT6,COMPRA,435,83.0830,1.1433,2026-08-04 14:36:35,2026-08-04 14:36:38,2026-08-04 14:36:38
206445,1526,MJDL9,COMPRA,494,26.4571,7.7933,2026-08-04 14:03:25,2026-08-04 14:03:25,2026-08-04 14:03:25
206446,3065,DEGN5,COMPRA,74,83.7458,9.5734,2026-08-04 13:23:13,2026-08-04 13:23:16,2026-08-04 13:23:16
206447,2846,HCZM2,COMPRA,410,394.6254,11.0694,2026-08-04 12:58:43,2026-08-04 12:58:45,2026-08-04 12:58:45
206448,3145,UQJU7,COMPRA,150,64.5226,11.1716,2026-08-04 17:21:37,2026-08-04 17:21:40,2026-08-04 17:21:40
206449,2279,CQIL9,COMPRA,345,34.8767,1.9262,2026-08-04 14:56:17,2026-08-04 14:56:18,2026-08-04 14:56:18
206450,3248,NWGB4,COMPRA,450,160.4428,12.1001,2026-08-04 17:20:36,2026-08-04 17:20:37,2026-08-04 17:20:37
206451,3318,TNHT4,COMPRA,150,129.8703,10.5834,2026-08-04 12:38:38,2026-08-04 12:38:41,2026-08-04 12:38:41
206452,2095,ZFBT3,COMPRA,90,97.2345,4.4965,2026-08-04 15:58:25,2026-08-04 15:58:28,2026-08-04 15:58:28
206453,1368,NHYK8,COMPRA,30,81.1000,11.3587,2026-08-04 17:17:37,2026-08-04 17:17:37,2026-08-04 17:17:37
206454,2391,QTDZ2,COMPRA,225,58.6553,4.5020,2026-08-04 12:25:20,2026-08-04 12:25:23,2026-08-04 12:25:23
206455,2696,HVEX2,COMPRA,280,145.8499,4.8758,2026-08-04 11:59:39,2026-08-04 11:59:42,2026-08-04 11:59:42
206456,2895,KQEO3,COMPRA,231,65.0020,12.3355,2026-08-04 13:21:10,2026-08-04 13:21:10,2026-08-04 13:21:10
206457,2908,WXFC8,COMPRA,392,88.4477,5.8179,2026-08-04 10:40:48,2026-08-04 10:40:50,2026-08-04 10:40:50
206458,1242,FYZB6,COMPRA,420,80.8112,11.1917,2026-08-04 14:09:18,2026-08-04 14:09:19,2026-08-04 14:09:19
206459,2346,TTHO3,COMPRA,255,32.2850,6.8055,2026-08-04 15:18:27,2026-08-04 15:18:29,2026-08-04 15:18:29
206460,3058,FYZB6,COMPRA,150,59.3367,4.3150,2026-08-04 13:11:59,2026-08-04 13:11:59,2026-08-04 13:11:59
206461,1034,NREP8,COMPRA,182,133.1023,7.9491,2026-08-04 11:35:19,2026-08-04 11:35:20,2026-08-04 11:35:20
206462,1636,HVEX2,COMPRA,340,115.5822,8.4872,2026-08-04 13:14:51,2026-08-04 13:14:54,2026-08-04 13:14:54
206463,3158,QEUC2,COMPRA,320,217.4914,0.5912,2026-08-04 12:13:11,2026-08-04 12:13:13,2026-08-04 12:13:13
206464,1304,JUDG8,COMPRA,110,99.0315,1.5030,2026-08-04 10:39:12,2026-08-04 10:39:14,2026-08-04 10:39:14
206465,2117,RFNS7,COMPRA,140,93.9683,9.2205,2026-08-04 12:02:29,2026-08-04 12:02:29,2026-08-04 12:02:29
206466,1249,NPEM3,COMPRA,410,111.8982,4.6785,2026-08-04 14:39:27,2026-08-04 14:39:28,2026-08-04 14:39:28
206467,2839,LGKU6,VENDA,345,88.4539,5.8226,2026-08-04 10:53:32,2026-08-04 10:53:32,2026-08-04 10:53:32
206468,1264,GAKD5,COMPRA,385,294.9397,4.0668,2026-08-04 12:06:07,2026-08-04 12:06:07,2026-08-04 12:06:07
206469,2797,MCHX2,COMPRA,480,102.1674,7.8789,2026-08-04 11:25:23,2026-08-04 11:25:23,2026-08-04 11:25:23
206470,3252,DSFC9,COMPRA,260,407.4124,8.6350,2026-08-04 15:09:45,2026-08-04 15:09:47,2026-08-04 15:09:47
206471,1622,SRDU1,COMPRA,155,84.9742,1.7866,2026-08-04 14:42:43,2026-08-04 14:42:46,2026-08-04 14:42:46
206472,3446,IZTY4,COMPRA,155,34.8386,8.8103,2026-08-04 16:24:52,2026-08-04 16:24:52,2026-08-04 16:24:52
206473,3460,GFDF2,COMPRA,295,106.6414,2.5105,2026-08-04 11:30:34,2026-08-04 11:30:37,2026-08-04 11:30:37
206474,1070,PBZM6,COMPRA,485,55.7532,1.4485,2026-08-04 12:53:39,2026-08-04 12:53:42,2026-08-04 12:53:42
206475,1801,NWGB4,COMPRA,330,117.1833,2.0888,2026-08-04 15:06:22,2026-08-04 15:06:24,2026-08-04 15:06:24
206476,2002,RHXV4,COMPRA,278,77.8919,2.2301,2026-08-04 17:16:41,2026-08-04 17:16:44,2026-08-04 17:16:44
206477,2096,JUDG8,COMPRA,380,90.9300,12.8846,2026-08-04 14:28:24,2026-08-04 14:28:24,2026-08-04 14:28:24
206478,3483,DGBT6,COMPRA,225,81.9540,8.2223,2026-08-04 13:36:28,2026-08-04 13:36:30,2026-08-04 13:36:30
206479,1450,UYFJ9,COMPRA,330,77.2735,8.5964,2026-08-04 11:10:18,2026-08-04 11:10:19,2026-08-04 11:10:19
206480,1092,IWFI1,COMPRA,220,179.5939,8.2015,2026-08-04 15:18:42,2026-08-04 15:18:44,2026-08-04 15:18:44
206481,2244,DMTZ8,COMPRA,475,165.4963,6.4502,2026-08-04 12:23:16,2026-08-04 12:23:18,2026-08-04 12:23:18
206482,1361,UQJU7,COMPRA,130,73.3979,5.5130,2026-08-04 13:48:02,2026-08-04 13:48:05,2026-08-04 13:48:05
206483,1008,TXHR8,COMPRA,135,88.5384,1.1183,2026-08-04 15:15:42,2026-08-04 15:15:45,2026-08-04 15:15:45
206484,1197,RFNS7,COMPRA,225,94.9549,3.4148,2026-08-04 16:28:40,2026-08-04 16:28:42,2026-08-04 16:28:42
206485,2605,DQSN6,COMPRA,320,126.9562,11.9452,2026-08-04 13:49:33,2026-08-04 13:49:34,2026-08-04 13:49:34
206486,2530,HJRH5,COMPRA,190,177.6087,2.2506,2026-08-04 14:40:03,2026-08-04 14:40:06,2026-08-04 14:40:06
206487,1662,DGBT6,COMPRA,169,92.5961,9.6554,2026-08-04 16:39:09,2026-08-04 16:39:10,2026-08-04 16:39:10
206488,1843,YYLA4,COMPRA,100,173.5668,8.1452,2026-08-04 14:20:18,2026-08-04 14:20:21,2026-08-04 14:20:21
206489,1681,WIPB2,COMPRA,90,130.7020,12.7599,2026-08-04 13:05:13,2026-08-04 13:05:13,2026-08-04 13:05:13
206490,3297,QATW7,COMPRA,325,37.8423,12.6813,2026-08-04 17:17:25,2026-08-04 17:17:28,2026-08-04 17:17:28
206491,2118,IZTY4,COMPRA,460,37.1077,11.3413,2026-08-04 12:07:00,2026-08-04 12:07:02,2026-08-04 12:07:02
206492,1753,BXFJ9,COMPRA,360,189.1282,3.9471,2026-08-04 10:55:43,2026-08-04 10:55:43,2026-08-04 10:55:43
206493,1733,NUJZ2,COMPRA,135,27.4964,3.3934,2026-08-04 10:14:52,2026-08-04 10:14:53,2026-08-04 10:14:53
206494,1787,UYFJ9,COMPRA,15,115.0130,7.6791,2026-08-04 14:20:08,2026-08-04 14:20:09,2026-08-04 14:20:09
206495,1296,GKQC5,COMPRA,230,107.1481,5.5064,2026-08-04 10:26:32,2026-08-04 10:26:33,2026-08-04 10:26:33
206496,1519,GAKD5,COMPRA,120,339.8953,7.1368,2026-08-04 11:32:40,2026-08-04 11:32:41,2026-08-04 11:32:41
206497,2020,IZTY4,COMPRA,205,35.1339,11.4115,2026-08-04 10:41:22,2026-08-04 10:41:25,2026-08-04 10:41:25
206498,1856,TNHT4,COMPRA,500,102.8192,1.5728,2026-08-04 13:35:15,2026-08-04 13:35:17,2026-08-04 13:35:17
206499,2354,AAUA7,COMPRA,110,165.2729,8.5739,2026-08-04 17:06:32,2026-08-04 17:06:34,2026-08-04 17:06:34
206500,1095,JUDG8,COMPRA,370,109.3071,12.1004,2026-08-04 13:19:34,2026-08-04 13:19:34,2026-08-04 13:19:34
206501,3202,XPVA7,COMPRA,210,519.5487,11.9110,2026-08-04 12:01:55,2026-08-04 12:01:55,2026-08-04 12:01:55
206502,3359,NWGB4,COMPRA,355,155.1304,3.3537,2026-08-04 12:31:06,2026-08-04 12:31:06,2026-08-04 12:31:06
206503,2529,RSBT4,COMPRA,375,483.7653,1.5091,2026-08-04 15:27:45,2026-08-04 15:27:47,2026-08-04 15:27:47
206504,2761,XTVW5,COMPRA,255,89.4801,2.9316,2026-08-04 15:56:08,2026-08-04 15:56:09,2026-08-04 15:56:09
206505,2795,LGKU6,COMPRA,470,76.7245,9.6617,2026-08-04 13:50:23,2026-08-04 13:50:25,2026-08-04 13:50:25
206506,2568,PZUP8,COMPRA,457,192.8378,8.4464,2026-08-04 14:18:40,2026-08-04 14:18:40,2026-08-04 14:18:40
206507,2659,IWAK1,COMPRA,125,97.0085,9.0325,2026-08-04 13:49:13,2026-08-04 13:49:15,2026-08-04 13:49:15
206508,1051,IPXK2,COMPRA,435,315.1923,8.1280,2026-08-04 16:03:08,2026-08-04 16:03:11,2026-08-04 16:03:11
206509,2162,OXVD8,COMPRA,380,77.5909,8.4970,2026-08-04 12:31:27,2026-08-04 12:31:29,2026-08-04 12:31:29
206510,2595,OVYL9,COMPRA,65,88.7401,5.1830,2026-08-04 16:24:22,2026-08-04 16:24:22,2026-08-04 16:24:22
206511,1545,MCMT2,COMPRA,430,79.6256,8.1806,2026-08-04 13:41:05,2026-08-04 13:41:06,2026-08-04 13:41:06
206512,2044,OEQA8,VENDA,290,468.8193,10.2869,2026-08-04 12:36:27,2026-08-04 12:36:29,2026-08-04 12:36:29
206513,2069,MCHX2,COMPRA,280,101.4968,6.7183,2026-08-04 12:08:48,2026-08-04 12:08:50,2026-08-04 12:08:50
206514,1066,UQJU7,COMPRA,215,60.0000,0.3119,2026-08-04 11:54:23,2026-08-04 11:54:26,2026-08-04 11:54:26
206515,1862,IWFI1,COMPRA,478,148.8812,12.1230,2026-08-04 16:37:19,2026-08-04 16:37:20,2026-08-04 16:37:20
206516,1636,KFSY2,COMPRA,400,126.6074,7.3150,2026-08-04 14:24:29,2026-08-04 14:24:29,2026-08-04 14:24:29
206517,2922,WXFC8,COMPRA,75,91.0025,9.0866,2026-08-04 10:50:10,2026-08-04 10:50:10,2026-08-04 10:50:10
206518,3214,XTVW5,COMPRA,165,81.7569,0.5737,2026-08-04 10:03:14,2026-08-04 10:03:14,2026-08-04 10:03:14
206519,1757,CQJZ4,COMPRA,285,74.6916,1.8558,2026-08-04 14:35:39,2026-08-04 14:35:41,2026-08-04 14:35:41
206520,1330,IJJK3,COMPRA,25,106.0869,12.2676,2026-08-04 12:54:48,2026-08-04 12:54:50,2026-08-04 12:54:50
206521,2942,QTHQ1,COMPRA,420,22.9311,4.9369,2026-08-04 10:28:32,2026-08-04 10:28:35,2026-08-04 10:28:35
206522,2262,SRDU1,COMPRA,408,88.0849,1.1488,2026-08-04 15:42:35,2026-08-04 15:42:36,2026-08-04 15:42:36
206523,1827,YFAH5,COMPRA,405,186.4307,10.5617,2026-08-04 16:28:36,2026-08-04 16:28:36,2026-08-04 16:28:36
206524,3362,DMTZ8,COMPRA,330,146.7109,10.2445,2026-08-04 13:56:54,2026-08-04 13:56:54,2026-08-04 13:56:54
206525,3351,OEQA8,COMPRA,402,383.3789,9.1173,2026-08-04 10:17:12,2026-08-04 10:17:12,2026-08-04 10:17:12
206526,2552,LIEG8,COMPRA,270,94.5481,9.4356,2026-08-04 12:18:52,2026-08-04 12:18:55,2026-08-04 12:18:55
206527,2850,GAKD5,COMPRA,260,314.8214,1.1399,2026-08-04 13:29:19,2026-08-04 13:29:20,2026-08-04 13:29:20
206528,1565,LIEG8,COMPRA,396,100.0050,8.3128,2026-08-04 13:19:04,2026-08-04 13:19:04,2026-08-04 13:19:04
206529,1969,QATW7,COMPRA,60,44.0976,12.6167,2026-08-04 16:54:38,2026-08-04 16:54:40,2026-08-04 16:54:40
206530,2944,KHGP6,COMPRA,150,85.1465,9.7287,2026-08-04 13:45:15,2026-08-04 13:45:15,2026-08-04 13:45:15
206531,2703,BSDJ7,COMPRA,260,296.4429,9.7799,2026-08-04 15:19:26,2026-08-04 15:19:27,2026-08-04 15:19:27
206532,2920,BXFJ9,COMPRA,360,144.0123,9.7157,2026-08-04 12:09:21,2026-08-04 12:09:21,2026-08-04 12:09:21
206533,1527,DFGR7,COMPRA,160,110.8167,0.9243,2026-08-04 11:14:58,2026-08-04 11:15:01,2026-08-04 11:15:01
206534,1491,AAUA7,COMPRA,200,120.7792,0.7801,2026-08-04 14:21:36,2026-08-04 14:21:36,2026-08-04 14:21:36
206535,2502,IWAK1,COMPRA,165,87.1835,9.4911,2026-08-04 12:31:14,2026-08-04 12:31:15,2026-08-04 12:31:15
206536,2104,YYLA4,COMPRA,180,174.2341,9.6039,2026-08-04 10:27:04,2026-08-04 10:27:05,2026-08-04 10:27:05
206537,3390,HCLJ8,COMPRA,60,87.7297,8.3139,2026-08-04 13:50:07,2026-08-04 13:50:07,2026-08-04 13:50:07
206538,1477,QYBV3,COMPRA,310,83.1252,11.4999,2026-08-04 14:26:08,2026-08-04 14:26:11,2026-08-04 14:26:11
206539,3031,ENRZ2,COMPRA,116,88.1099,3.8313,2026-08-04 13:38:56,2026-08-04 13:38:56,2026-08-04 13:38:56
206540,1747,NWGB4,COMPRA,90,142.0533,2.7754,2026-08-04 14:04:55,2026-08-04 14:04:56,2026-08-04 14:04:56
206541,1977,TNHT4,COMPRA,315,95.8446,9.0060,2026-08-04 16:32:32,2026-08-04 16:32:33,2026-08-04 16:32:33
206542,3162,RDOA3,COMPRA,425,105.5048,6.8865,2026-08-04 15:26:50,2026-08-04 15:26:51,2026-08-04 15:26:51
206543,1260,SVOZ4,COMPRA,105,46.5461,6.1570,2026-08-04 17:11:11,2026-08-04 17:11:13,2026-08-04 17:11:13
206544,2966,OVUQ2,COMPRA,300,47.1429,12.8421,2026-08-04 13:35:12,2026-08-04 13:35:15,2026-08-04 13:35:15
206545,3375,MCHX2,COMPRA,470,132.7952,8.6538,2026-08-04 13:48:34,2026-08-04 13:48:37,2026-08-04 13:48:37
206546,1356,ZHTL2,COMPRA,135,68.3375,7.7288,2026-08-04 12:39:49,2026-08-04 12:39:50,2026-08-04 12:39:50
206547,2865,NREP8,COMPRA,45,94.0105,2.5894,2026-08-04 13:41:25,2026-08-04 13:41:28,2026-08-04 13:41:28
206548,2079,LCCH9,COMPRA,455,8.7452,11.4057,2026-08-04 14:46:16,2026-08-04 14:46:18,2026-08-04 14:46:18
206549,1408,CQJZ4,COMPRA,390,101.6987,6.2828,2026-08-04 10:04:55,2026-08-04 10:04:58,2026-08-04 10:04:58
206550,2760,QEUC2,COMPRA,160,207.5603,12.1014,2026-08-04 10:02:28,2026-08-04 10:02:31,2026-08-04 10:02:31
206551,1700,HJRH5,COMPRA,165,155.8943,2.7610,2026-08-04 15:28:01,2026-08-04 15:28:03,2026-08-04 15:28:03
206552,1945,IWFI1,COMPRA,350,165.5151,7.6609,2026-08-04 15:53:12,2026-08-04 15:53:14,2026-08-04 15:53:14
206553,1543,IWFI1,COMPRA,399,182.5746,1.7327,2026-08-04 11:06:41,2026-08-04 11:06:42,2026-08-04 11:06:42
206554,1212,GFDF2,COMPRA,375,80.3396,6.8774,2026-08-04 14:21:52,2026-08-04 14:21:53,2026-08-04 14:21:53
206555,1883,CQIL9,COMPRA,260,43.8685,11.7154,2026-08-04 14:39:49,2026-08-04 14:39:50,2026-08-04 14:39:50
206556,2612,NHYK8,COMPRA,495,67.6317,2.9774,2026-08-04 10:28:18,2026-08-04 10:28:20,2026-08-04 10:28:20
206557,3361,NREP8,COMPRA,400,135.4521,12.5035,2026-08-04 13:37:15,2026-08-04 13:37:16,2026-08-04 13:37:16
206558,2146,DEGN5,COMPRA,65,104.9813,4.3464,2026-08-04 13:49:30,2026-08-04 13:49:30,2026-08-04 13:49:30
206559,3292,CQJZ4,COMPRA,336,93.5685,11.4919,2026-08-04 17:19:03,2026-08-04 17:19:06,2026-08-04 17:19:06
206560,2559,WIPB2,COMPRA,435,122.9526,11.5838,2026-08-04 11:37:01,2026-08-04 11:37:04,2026-08-04 11:37:04
206561,1515,ACSV1,COMPRA,205,119.0425,11.1529,2026-08-04 14:07:35,2026-08-04 14:07:38,2026-08-04 14:07:38
206562,2906,DEGN5,COMPRA,75,97.4548,4.5297,2026-08-04 12:35:39,2026-08-04 12:35:39,2026-08-04 12:35:39
206563,3221,ENRZ2,COMPRA,45,112.5308,7.2537,2026-08-04 14:02:44,2026-08-04 14:02:47,2026-08-04 14:02:47
206564,2549,ACSV1,COMPRA,460,88.5148,3.1050,2026-08-04 15:19:04,2026-08-04 15:19:05,2026-08-04 15:19:05
206565,2480,WMQZ6,COMPRA,445,87.5591,5.7761,2026-08-04 14:48:06,2026-08-04 14:48:06,2026-08-04 14:48:06
206566,2685,RDOA3,COMPRA,225,84.0758,8.1631,2026-08-04 16:19:58,2026-08-04 16:20:00,2026-08-04 16:20:00
206567,2437,RMRT1,COMPRA,148,92.0016,2.8797,2026-08-04 15:38:44,2026-08-04 15:38:45,2026-08-04 15:38:45
206568,3320,NUJZ2,COMPRA,310,35.8150,2.4251,2026-08-04 13:55:43,2026-08-04 13:55:44,2026-08-04 13:55:44
206569,2972,MGRR2,COMPRA,200,110.1664,0.7004,2026-08-04 16:00:34,2026-08-04 16:00:35,2026-08-04 16:00:35
206570,1921,HJRH5,COMPRA,55,143.3247,10.3211,2026-08-04 15:49:01,2026-08-04 15:49:01,2026-08-04 15:49:01
206571,1301,HVEX2,COMPRA,135,126.6230,1.5491,2026-08-04 14:50:34,2026-08-04 14:50:36,2026-08-04 14:50:36
206572,1958,ICSU4,COMPRA,175,172.5421,4.2350,2026-08-04 15:41:58,2026-08-04 15:41:58,2026-08-04 15:41:58
206573,2411,OVYL9,COMPRA,69,60.0000,11.2805,2026-08-04 11:50:39,2026-08-04 11:50:41,2026-08-04 11:50:41
206574,2937,WMQZ6,COMPRA,56,61.7752,7.0295,2026-08-04 14:25:53,2026-08-04 14:25:56,2026-08-04 14:25:56
206575,1479,TNHT4,COMPRA,300,147.4720,0.8897,2026-08-04 14:36:44,2026-08-04 14:36:46,2026-08-04 14:36:46
206576,2029,NREP8,VENDA,75,107.7885,2.5114,2026-08-04 15:00:16,2026-08-04 15:00:19,2026-08-04 15:00:19
206577,1866,RMRT1,COMPRA,220,96.6790,4.4965,2026-08-04 16:17:53,2026-08-04 16:17:54,2026-08-04 16:17:54
206578,1092,WIPB2,COMPRA,370,137.7967,2.4561,2026-08-04 11:49:26,2026-08-04 11:49:26,2026-08-04 11:49:26
206579,1650,MGRR2,COMPRA,103,162.4427,3.3825,2026-08-04 15:00:39,2026-08-04 15:00:39,2026-08-04 15:00:39
206580,1246,EEYY9,COMPRA,78,141.3997,9.6715,2026-08-04 16:25:15,2026-08-04 16:25:17,2026-08-04 16:25:17
206581,1528,IJJK3,COMPRA,130,127.1074,4.5487,2026-08-04 15:43:56,2026-08-04 15:43:58,2026-08-04 15:43:58
206582,3486,ENRZ2,COMPRA,325,95.1639,12.1267,2026-08-04 15:43:56,2026-08-04 15:43:59,2026-08-04 15:43:59
206583,1351,WHMT3,COMPRA,320,135.6341,9.5629,2026-08-04 13:07:38,2026-08-04 13:07:39,2026-08-04 13:07:39
206584,2828,NREP8,COMPRA,220,151.0186,11.0461,2026-08-04 10:49:46,2026-08-04 10:49:47,2026-08-04 10:49:47
206585,2688,YRWH3,COMPRA,75,237.7363,9.3537,2026-08-04 10:35:28,2026-08-04 10:35:30,2026-08-04 10:35:30
206586,2520,RMRT1,COMPRA,230,115.1316,5.7346,2026-08-04 11:51:18,2026-08-04 11:51:19,2026-08-04 11:51:19
206587,3299,CQJZ4,COMPRA,395,85.1218,5.8473,2026-08-04 15:58:18,2026-08-04 15:58:19,2026-08-04 15:58:19
206588,2561,NGIU9,COMPRA,300,128.1254,2.0905,2026-08-04 13:28:26,2026-08-04 13:28:26,2026-08-04 13:28:26
206589,2926,MJDL9,COMPRA,60,37.2472,6.6773,2026-08-04 15:05:11,2026-08-04 15:05:14,2026-08-04 15:05:14
206590,3074,WMQZ6,COMPRA,375,63.3928,10.6790,2026-08-04 11:26:38,2026-08-04 11:26:40,2026-08-04 11:26:40
206591,1038,RSBT4,COMPRA,387,427.2317,8.2005,2026-08-04 17:08:18,2026-08-04 17:08:21,2026-08-04 17:08:21
206592,2807,XOVY4,COMPRA,465,105.8478,3.0352,2026-08-04 15:47:35,2026-08-04 15:47:35,2026-08-04 15:47:35
206593,1889,YRWH3,COMPRA,415,206.2761,2.5115,2026-08-04 12:01:59,2026-08-04 12:02:01,2026-08-04 12:02:01
206594,2350,HCLJ8,COMPRA,495,135.2636,12.2142,2026-08-04 13:18:11,2026-08-04 13:18:11,2026-08-04 13:18:11
206595,1341,NWGB4,COMPRA,315,156.6350,4.1929,2026-08-04 17:17:39,2026-08-04 17:17:42,2026-08-04 17:17:42
206596,1366,TTHO3,COMPRA,175,29.4068,9.7910,2026-08-04 14:30:28,2026-08-04 14:30:29,2026-08-04 14:30:29
206597,2804,AAWB3,COMPRA,100,191.9793,7.7724,2026-08-04 14:53:13,2026-08-04 14:53:13,2026-08-04 14:53:13
206598,2690,IJJK3,COMPRA,175,113.5578,11.8767,2026-08-04 15:18:47,2026-08-04 15:18:50,2026-08-04 15:18:50
206599,2551,QATW7,COMPRA,80,47.6012,11.3174,2026-08-04 13:42:47,2026-08-04 13:42:48,2026-08-04 13:42:48
206600,1170,TXHR8,COMPRA,245,68.6039,3.8833,2026-08-04 10:27:13,2026-08-04 10:27:15,2026-08-04 10:27:15
206601,2536,KHGP6,COMPRA,370,75.5125,0.3515,2026-08-04 11:20:59,2026-08-04 11:21:02,2026-08-04 11:21:02
206602,2751,NYGT6,COMPRA,55,114.7405,0.0686,2026-08-04 14:41:57,2026-08-04 14:41:58,2026-08-04 14:41:58
206603,2555,KFSY2,COMPRA,155,88.3292,12.5932,2026-08-04 10:47:31,2026-08-04 10:47:32,2026-08-04 10:47:32
206604,1149,SRDU1,COMPRA,300,93.9843,7.1303,2026-08-04 10:39:45,2026-08-04 10:39:48,2026-08-04 10:39:48
206605,1178,BSDJ7,COMPRA,245,189.6929,10.9886,2026-08-04 10:50:28,2026-08-04 10:50:31,2026-08-04 10:50:31
206606,1679,QTHQ1,COMPRA,190,23.4694,12.1723,2026-08-04 11:41:46,2026-08-04 11:41:46,2026-08-04 11:41:46
206607,3265,HVEX2,COMPRA,225,112.8523,1.9595,2026-08-04 10:10:44,2026-08-04 10:10:46,2026-08-04 10:10:46
206608,3053,UQJU7,COMPRA,475,60.1993,11.9899,2026-08-04 12:02:05,2026-08-04 12:02:07,2026-08-04 12:02:07
206609,2247,HCZM2,COMPRA,165,528.6559,12.0687,2026-08-04 16:04:14,2026-08-04 16:04:15,2026-08-04 16:04:15
206610,3146,IJJK3,COMPRA,110,93.7060,5.2500,2026-08-04 11:20:45,2026-08-04 11:20:48,2026-08-04 11:20:48
206611,1457,DSFC9,COMPRA,65,409.7093,10.2592,2026-08-04 14:53:14,2026-08-04 14:53:16,2026-08-04 14:53:16
206612,2740,XOVY4,COMPRA,185,75.9713,12.0927,2026-08-04 15:37:11,2026-08-04 15:37:14,2026-08-04 15:37:14
206613,2573,JUDG8,COMPRA,60,75.7023,6.6061,2026-08-04 12:53:54,2026-08-04 12:53:56,2026-08-04 12:53:56
206614,2825,HCLJ8,VENDA,250,124.4144,3.1859,2026-08-04 16:34:19,2026-08-04 16:34:22,2026-08-04 16:34:22
206615,2781,ACSV1,COMPRA,210,80.5523,7.3104,2026-08-04 15:47:10,2026-08-04 15:47:11,2026-08-04 15:47:11
206616,1906,UVEY5,COMPRA,60,107.4253,3.9886,2026-08-04 12:23:50,2026-08-04 12:23:50,2026-08-04 12:23:50
206617,1441,NQYT3,COMPRA,180,61.2750,12.1425,2026-08-04 13:31:06,2026-08-04 13:31:08,2026-08-04 13:31:08
206618,2452,UFIU3,COMPRA,80,88.5732,10.6808,2026-08-04 14:10:33,2026-08-04 14:10:35,2026-08-04 14:10:35
206619,2282,QQQS1,COMPRA,170,21.6478,,2026-08-04 13:54:37,2026-08-04 13:54:38,2026-08-04 13:54:38
206620,1497,NYGT6,COMPRA,100,82.6655,12.2555,2026-08-04 10:49:51,2026-08-04 10:49:53,2026-08-04 10:49:53
206621,2160,AAWB3,COMPRA,65,189.5923,0.7706,2026-08-04 16:05:48,2026-08-04 16:05:49,2026-08-04 16:05:49
206622,1513,UVEY5,COMPRA,5,106.0823,11.0406,2026-08-04 13:48:26,2026-08-04 13:48:27,2026-08-04 13:48:27
206623,2165,KHGP6,COMPRA,430,80.1468,3.0991,2026-08-04 13:23:26,2026-08-04 13:23:26,2026-08-04 13:23:26
206624,1641,ICSU4,COMPRA,305,113.4431,7.7164,2026-08-04 14:04:41,2026-08-04 14:04:41,2026-08-04 14:04:41
206625,1355,IWAK1,COMPRA,230,70.2814,4.5552,2026-08-04 11:14:25,2026-08-04 11:14:28,2026-08-04 11:14:28
206626,3224,QEUC2,COMPRA,435,207.3619,7.8981,2026-08-04 11:08:18,2026-08-04 11:08:20,2026-08-04 11:08:20
206627,1676,QTDZ2,COMPRA,165,58.3902,5.5762,2026-08-04 16:46:56,2026-08-04 16:46:59,2026-08-04 16:46:59
206628,1628,DGBT6,COMPRA,345,91.9797,11.5609,2026-08-04 17:21:30,2026-08-04 17:21:32,2026-08-04 17:21:32
206629,2555,ZHTL2,COMPRA,373,49.3079,2.3831,2026-08-04 16:32:53,2026-08-04 16:32:56,2026-08-04 16:32:56
206630,2679,AAUA7,COMPRA,110,136.6162,11.3515,2026-08-04 17:03:37,2026-08-04 17:03:37,2026-08-04 17:03:37
206631,2744,UQIQ7,COMPRA,170,81.3486,8.2509,2026-08-04 17:02:45,2026-08-04 17:02:46,2026-08-04 17:02:46
206632,3014,PZUP8,COMPRA,55,153.2410,3.3375,2026-08-04 10:44:39,2026-08-04 10:44:42,2026-08-04 10:44:42
206633,3382,XOVY4,COMPRA,30,89.7356,0.3340,2026-08-04 16:31:38,2026-08-04 16:31:38,2026-08-04 16:31:38
206634,1820,IJJK3,COMPRA,170,85.7583,0.9052,2026-08-04 11:32:09,2026-08-04 11:32:11,2026-08-04 11:32:11
206635,2323,ENRZ2,COMPRA,400,84.2347,2.2099,2026-08-04 13:35:24,2026-08-04 13:35:25,2026-08-04 13:35:25
206636,3105,IZTY4,COMPRA,330,28.5487,8.5154,2026-08-04 14:26:45,2026-08-04 14:26:46,2026-08-04 14:26:46
206637,1250,LGKU6,COMPRA,350,95.3584,1.1665,2026-08-04 12:03:20,2026-08-04 12:03:23,2026-08-04 12:03:23
206638,1444,IWAK1,COMPRA,340,68.3419,,2026-08-04 17:01:42,2026-08-04 17:01:44,2026-08-04 17:01:44
206639,2487,BGNM6,COMPRA,380,88.0040,1.9827,2026-08-04 13:41:31,2026-08-04 13:41:31,2026-08-04 13:41:31
206640,1712,SGBG8,COMPRA,140,90.3637,5.3026,2026-08-04 15:52:55,2026-08-04 15:52:55,2026-08-04 15:52:55
206641,1788,LGKU6,COMPRA,305,86.2291,3.6041,2026-08-04 14:10:01,2026-08-04 14:10:03,2026-08-04 14:10:03
206642,3264,YFAH5,COMPRA,160,169.9015,3.0787,2026-08-04 10:51:21,2026-08-04 10:51:24,2026-08-04 10:51:24
206643,1197,AAUA7,COMPRA,105,104.4245,9.1665,2026-08-04 14:15:14,2026-08-04 14:15:15,2026-08-04 14:15:15
206644,1089,WXQM6,COMPRA,70,48.7595,0.3383,2026-08-04 13:53:50,2026-08-04 13:53:52,2026-08-04 13:53:52
206645,2138,NREP8,COMPRA,285,134.7962,6.0468,2026-08-04 14:07:24,2026-08-04 14:07:26,2026-08-04 14:07:26
206646,1066,WIPB2,COMPRA,45,93.4903,10.3362,2026-08-04 13:48:32,2026-08-04 13:48:35,2026-08-04 13:48:35
206647,2297,DFGR7,COMPRA,335,92.4815,11.7477,2026-08-04 11:49:51,2026-08-04 11:49:54,2026-08-04 11:49:54
206648,1663,HCLJ8,COMPRA,111,129.3819,4.5379,2026-08-04 14:56:03,2026-08-04 14:56:06,2026-08-04 14:56:06
206649,2977,CQIL9,COMPRA,8,42.2075,5.9397,2026-08-04 16:58:26,2026-08-04 16:58:26,2026-08-04 16:58:26
206650,1996,AAUA7,COMPRA,414,154.9528,3.5749,2026-08-04 16:20:30,2026-08-04 16:20:31,2026-08-04 16:20:31
206651,1529,AAWB3,COMPRA,105,196.3369,11.3859,2026-08-04 11:22:51,2026-08-04 11:22:51,2026-08-04 11:22:51
206652,2228,UQIQ7,COMPRA,55,99.4398,2.0923,2026-08-04 16:15:48,2026-08-04 16:15:49,2026-08-04 16:15:49
206653,2328,LCCH9,COMPRA,10,9.6588,8.4584,2026-08-04 13:22:03,2026-08-04 13:22:06,2026-08-04 13:22:06
206654,3294,UQIQ7,COMPRA,445,100.3627,4.7035,2026-08-04 13:20:21,2026-08-04 13:20:22,2026-08-04 13:20:22
206655,2721,ECQD7,COMPRA,345,100.2171,3.4469,2026-08-04 15:31:25,2026-08-04 15:31:27,2026-08-04 15:31:27
206656,1788,WMQZ6,COMPRA,300,65.1801,4.2670,2026-08-04 13:57:02,2026-08-04 13:57:05,2026-08-04 13:57:05
206657,2193,IPXK2,VENDA,70,243.0558,12.4791,2026-08-04 14:08:26,2026-08-04 14:08:26,2026-08-04 14:08:26
206658,2654,CQIL9,COMPRA,70,36.7965,6.8421,2026-08-04 11:50:03,2026-08-04 11:50:05,2026-08-04 11:50:05
206659,1079,WMQZ6,COMPRA,17,86.1712,5.5463,2026-08-04 14:11:36,2026-08-04 14:11:37,2026-08-04 14:11:37
206660,1361,HVEX2,COMPRA,305,136.7808,7.3630,2026-08-04 15:57:26,2026-08-04 15:57:29,2026-08-04 15:57:29
206661,2284,YCCK8,COMPRA,80,440.5063,12.1872,2026-08-04 10:46:06,2026-08-04 10:46:09,2026-08-04 10:46:09
206662,1003,SRDU1,COMPRA,21,105.8749,12.8709,2026-08-04 12:37:52,2026-08-04 12:37:53,2026-08-04 12:37:53
206663,2550,IWFI1,COMPRA,390,182.5692,1.9228,2026-08-04 14:15:41,2026-08-04 14:15:41,2026-08-04 14:15:41
206664,1336,QATW7,COMPRA,380,46.9326,5.3060,2026-08-04 14:32:53,2026-08-04 14:32:53,2026-08-04 14:32:53
206665,1746,ACSV1,VENDA,275,110.7109,5.5311,2026-08-04 12:23:16,2026-08-04 12:23:17,2026-08-04 12:23:17
206666,3364,YYLA4,COMPRA,230,232.9427,1.2203,2026-08-04 12:38:35,2026-08-04 12:38:36,2026-08-04 12:38:36
206667,2180,DEGN5,COMPRA,358,94.6884,1.7228,2026-08-04 15:48:35,2026-08-04 15:48:35,2026-08-04 15:48:35
206668,1944,EEYY9,COMPRA,325,154.3264,4.1520,2026-08-04 14:22:24,2026-08-04 14:22:24,2026-08-04 14:22:24
206669,3378,GAKD5,COMPRA,75,325.5576,9.5857,2026-08-04 16:31:39,2026-08-04 16:31:42,2026-08-04 16:31:42
206670,2010,PSEN6,COMPRA,390,171.9982,2.5270,2026-08-04 15:02:30,2026-08-04 15:02:33,2026-08-04 15:02:33
206671,1743,VLEB3,COMPRA,230,423.4194,10.1146,2026-08-04 10:13:39,2026-08-04 10:13:42,2026-08-04 10:13:42
206672,1838,ERTC4,COMPRA,420,41.7717,4.0897,2026-08-04 12:37:45,2026-08-04 12:37:46,2026-08-04 12:37:46
206673,2779,ICSU4,COMPRA,80,157.4545,12.6254,2026-08-04 10:01:59,2026-08-04 10:02:02,2026-08-04 10:02:02
206674,1694,TXHR8,COMPRA,475,89.8313,3.2291,2026-08-04 13:36:36,2026-08-04 13:36:38,2026-08-04 13:36:38
206675,2630,AAUA7,COMPRA,500,170.0387,10.8847,2026-08-04 12:00:31,2026-08-04 12:00:33,2026-08-04 12:00:33
206676,1089,NHYK8,COMPRA,465,85.1922,12.2079,2026-08-04 10:48:18,2026-08-04 10:48:21,2026-08-04 10:48:21
206677,1595,SVOZ4,COMPRA,490,46.1981,4.7946,2026-08-04 13:36:09,2026-08-04 13:36:11,2026-08-04 13:36:11
206678,1710,QTHQ1,COMPRA,235,19.2767,1.6849,2026-08-04 14:44:21,2026-08-04 14:44:23,2026-08-04 14:44:23
206679,3363,FYZB6,COMPRA,130,72.7985,9.4106,2026-08-04 15:27:15,2026-08-04 15:27:15,2026-08-04 15:27:15
206680,3271,CQJZ4,COMPRA,180,73.2351,1.4668,2026-08-04 15:02:48,2026-08-04 15:02:48,2026-08-04 15:02:48
206681,2042,NPEM3,COMPRA,220,81.4708,8.9464,2026-08-04 13:07:27,2026-08-04 13:07:29,2026-08-04 13:07:29
206682,3062,BXFJ9,COMPRA,270,190.1283,7.0188,2026-08-04 13:42:53,2026-08-04 13:42:55,2026-08-04 13:42:55
206683,2197,FIUW1,COMPRA,375,109.0919,0.3668,2026-08-04 14:05:00,2026-08-04 14:05:02,2026-08-04 14:05:02
206684,3388,BOCS8,COMPRA,410,71.5352,5.3147,2026-08-04 16:21:59,2026-08-04 16:22:02,2026-08-04 16:22:02
206685,1922,DHRM5,COMPRA,464,336.0213,3.0360,2026-08-04 10:59:42,2026-08-04 10:59:44,2026-08-04 10:59:44
206686,2328,LQML9,COMPRA,75,136.1321,11.5075,2026-08-04 11:42:38,2026-08-04 11:42:38,2026-08-04 11:42:38
206687,1185,MJDL9,COMPRA,335,35.1366,11.3608,2026-08-04 14:54:31,2026-08-04 14:54:31,2026-08-04 14:54:31
206688,1527,QATW7,COMPRA,190,39.3149,1.0416,2026-08-04 13:04:44,2026-08-04 13:04:47,2026-08-04 13:04:47
206689,1144,PSEN6,COMPRA,35,203.6566,4.4087,2026-08-04 13:47:51,2026-08-04 13:47:54,2026-08-04 13:47:54
206690,2458,TXHR8,COMPRA,380,105.7122,5.0006,2026-08-04 11:25:25,2026-08-04 11:25:28,2026-08-04 11:25:28
206691,1974,IWFI1,COMPRA,15,131.5970,0.3010,2026-08-04 13:47:45,2026-08-04 13:47:46,2026-08-04 13:47:46
206692,2150,ICSU4,COMPRA,200,173.6499,2.5608,2026-08-04 14:08:30,2026-08-04 14:08:32,2026-08-04 14:08:32
206693,3073,SRDU1,COMPRA,20,103.8337,10.1489,2026-08-04 16:15:31,2026-08-04 16:15:32,2026-08-04 16:15:32
206694,3011,JDJG6,COMPRA,468,69.0553,1.1956,2026-08-04 13:11:04,2026-08-04 13:11:05,2026-08-04 13:11:05
206695,1997,WXQM6,COMPRA,69,53.3923,0.0818,2026-08-04 16:04:39,2026-08-04 16:04:41,2026-08-04 16:04:41
206696,1959,DHRM5,COMPRA,215,361.9792,7.6809,2026-08-04 15:14:22,2026-08-04 15:14:22,2026-08-04 15:14:22
206697,1322,BSDJ7,COMPRA,235,213.5557,5.5471,2026-08-04 10:31:20,2026-08-04 10:31:21,2026-08-04 10:31:21
206698,2148,RHXV4,COMPRA,495,55.0195,12.8253,2026-08-04 10:51:29,2026-08-04 10:51:30,2026-08-04 10:51:30
206699,1358,BSDJ7,COMPRA,125,296.2293,10.6465,2026-08-04 11:26:25,2026-08-04 11:26:25,2026-08-04 11:26:25
206700,1117,NHYK8,COMPRA,285,83.9989,2.7879,2026-08-04 12:29:48,2026-08-04 12:29:48,2026-08-04 12:29:48
206701,1724,LIEG8,COMPRA,495,103.2595,9.9849,2026-08-04 10:26:43,2026-08-04 10:26:44,2026-08-04 10:26:44
206702,3280,DSFC9,COMPRA,215,472.5310,5.4540,2026-08-04 12:37:04,2026-08-04 12:37:06,2026-08-04 12:37:06
206703,1735,YYLA4,COMPRA,130,192.3518,11.2406,2026-08-04 16:10:23,2026-08-04 16:10:26,2026-08-04 16:10:26
206704,1961,RHXV4,COMPRA,310,63.1699,4.0389,2026-08-04 13:01:26,2026-08-04 13:01:27,2026-08-04 13:01:27
206705,2656,UYFJ9,COMPRA,380,114.5344,3.8274,2026-08-04 13:17:01,2026-08-04 13:17:04,2026-08-04 13:17:04
206706,2469,LCCH9,COMPRA,370,10.4747,0.2880,2026-08-04 13:39:23,2026-08-04 13:39:26,2026-08-04 13:39:26
206707,1246,XAVL3,COMPRA,85,201.1946,7.5036,2026-08-04 12:50:13,2026-08-04 12:50:14,2026-08-04 12:50:14
206708,1250,LGKU6,VENDA,5,77.9510,6.0022,2026-08-04 15:15:32,2026-08-04 15:15:34,2026-08-04 15:15:34
206709,2460,RMRT1,COMPRA,455,87.5513,7.9943,2026-08-04 10:18:35,2026-08-04 10:18:38,2026-08-04 10:18:38
206710,3067,PQUT9,COMPRA,138,85.6740,0.6329,2026-08-04 10:13:20,2026-08-04 10:13:22,2026-08-04 10:13:22
206711,3228,FRGH8,COMPRA,395,74.9646,12.1580,2026-08-04 14:38:28,2026-08-04 14:38:29,2026-08-04 14:38:29
206712,1514,NAOF3,COMPRA,60,51.3501,,2026-08-04 15:16:00,2026-08-04 15:16:00,2026-08-04 15:16:00
206713,2523,DEGN5,COMPRA,225,105.9100,3.9960,2026-08-04 12:15:15,2026-08-04 12:15:18,2026-08-04 12:15:18
206714,2111,SRDU1,COMPRA,215,70.4280,7.4377,2026-08-04 16:53:52,2026-08-04 16:53:52,2026-08-04 16:53:52
206715,3243,YRWH3,COMPRA,395,153.1347,11.0136,2026-08-04 14:03:34,2026-08-04 14:03:35,2026-08-04 14:03:35
206716,1581,KQEO3,COMPRA,310,82.1025,8.2900,2026-08-04 15:18:25,2026-08-04 15:18:27,2026-08-04 15:18:27
206717,2835,MGRR2,COMPRA,145,131.3549,8.0420,2026-08-04 16:03:47,2026-08-04 16:03:50,2026-08-04 16:03:50
206718,2979,IZTY4,COMPRA,280,34.8893,2.6226,2026-08-04 10:40:48,2026-08-04 10:40:48,2026-08-04 10:40:48
206719,2969,AAUA7,COMPRA,175,136.7258,7.2552,2026-08-04 11:44:29,2026-08-04 11:44:31,2026-08-04 11:44:31
206720,1648,RYPL6,COMPRA,415,92.9298,5.9311,2026-08-04 13:54:16,2026-08-04 13:54:19,2026-08-04 13:54:19
206721,2345,QHFL8,COMPRA,240,119.0277,8.5325,2026-08-04 11:45:40,2026-08-04 11:45:40,2026-08-04 11:45:40
206722,2634,JJVW6,COMPRA,346,117.6436,5.0589,2026-08-04 16:44:01,2026-08-04 16:44:04,2026-08-04 16:44:04
206723,2567,RIET5,COMPRA,320,143.2302,3.4035,2026-08-04 16:40:45,2026-08-04 16:40:45,2026-08-04 16:40:45
206724,3286,WMQZ6,COMPRA,188,65.0388,6.5056,2026-08-04 16:18:37,2026-08-04 16:18:39,2026-08-04 16:18:39
206725,3303,XOVY4,COMPRA,390,124.2317,1.5123,2026-08-04 12:12:51,2026-08-04 12:12:54,2026-08-04 12:12:54
206726,1125,JIPA6,COMPRA,465,45.7336,11.0303,2026-08-04 14:52:45,2026-08-04 14:52:48,2026-08-04 14:52:48
206727,3127,ACSV1,COMPRA,210,85.9010,4.7902,2026-08-04 16:07:54,2026-08-04 16:07:55,2026-08-04 16:07:55
206728,1603,ACSV1,COMPRA,45,109.9583,1.0054,2026-08-04 15:21:57,2026-08-04 15:22:00,2026-08-04 15:22:00
206729,1284,QQQS1,COMPRA,149,18.2565,7.3149,2026-08-04 12:16:10,2026-08-04 12:16:10,2026-08-04 12:16:10
206730,1458,ZYVN7,COMPRA,85,80.6978,2.8275,2026-08-04 17:19:57,2026-08-04 17:20:00,2026-08-04 17:20:00
206731,3109,AAUA7,COMPRA,160,150.2227,11.4614,2026-08-04 11:20:16,2026-08-04 11:20:18,2026-08-04 11:20:18
206732,2361,HCZM2,COMPRA,185,436.8423,0.9537,2026-08-04 17:07:19,2026-08-04 17:07:22,2026-08-04 17:07:22
206733,2830,IWFI1,COMPRA,406,136.3423,0.4164,2026-08-04 12:37:51,2026-08-04 12:37:54,2026-08-04 12:37:54
206734,2226,HCLJ8,COMPRA,350,106.1044,8.8882,2026-08-04 10:33:39,2026-08-04 10:33:39,2026-08-04 10:33:39
206735,1703,SVOZ4,COMPRA,365,49.5532,1.1667,2026-08-04 10:55:36,2026-08-04 10:55:38,2026-08-04 10:55:38
206736,2107,PQUT9,COMPRA,21,88.8021,8.7874,2026-08-04 11:21:14,2026-08-04 11:21:15,2026-08-04 11:21:15
206737,1674,BXFJ9,COMPRA,200,131.9536,2.0793,2026-08-04 12:07:17,2026-08-04 12:07:19,2026-08-04 12:07:19
206738,1218,RIET5,COMPRA,430,162.2183,8.1077,2026-08-04 13:14:35,2026-08-04 13:14:36,2026-08-04 13:14:36
206739,1193,ECQD7,COMPRA,100,87.4380,12.2882,2026-08-04 11:20:20,2026-08-04 11:20:21,2026-08-04 11:20:21
206740,2417,MCMT2,COMPRA,454,81.4654,10.6783,2026-08-04 12:23:28,2026-08-04 12:23:29,2026-08-04 12:23:29
206741,3040,WXQM6,COMPRA,130,45.7701,3.2324,2026-08-04 15:24:02,2026-08-04 15:24:04,2026-08-04 15:24:04
206742,2865,RYPL6,COMPRA,485,107.5719,6.1621,2026-08-04 16:45:05,2026-08-04 16:45:07,2026-08-04 16:45:07
206743,1222,QYBV3,COMPRA,255,80.2451,11.9887,2026-08-04 16:00:58,2026-08-04 16:01:00,2026-08-04 16:01:00
206744,3051,LQML9,COMPRA,215,154.2293,7.1254,2026-08-04 12:46:15,2026-08-04 12:46:17,2026-08-04 12:46:17
206745,1697,XOVY4,COMPRA,495,103.6428,0.6321,2026-08-04 13:25:05,2026-08-04 13:25:06,2026-08-04 13:25:06
206746,1558,BGNM6,COMPRA,75,123.9652,5.1467,2026-08-04 16:50:54,2026-08-04 16:50:54,2026-08-04 16:50:54
206747,2402,ZYVN7,COMPRA,265,89.9871,0.5339,2026-08-04 15:52:38,2026-08-04 15:52:41,2026-08-04 15:52:41
206748,1696,YCCK8,COMPRA,70,386.5290,4.2101,2026-08-04 12:50:27,2026-08-04 12:50:27,2026-08-04 12:50:27
206749,2076,DSFC9,COMPRA,85,365.5998,6.8147,2026-08-04 13:32:30,2026-08-04 13:32:33,2026-08-04 13:32:33
206750,3489,FYZB6,COMPRA,27,55.0150,0.7877,2026-08-04 13:13:28,2026-08-04 13:13:29,2026-08-04 13:13:29
206751,2979,RFNS7,COMPRA,235,102.1052,10.8481,2026-08-04 12:43:42,2026-08-04 12:43:42,2026-08-04 12:43:42
206752,3239,RYPL6,COMPRA,345,108.5863,11.5183,2026-08-04 17:02:20,2026-08-04 17:02:22,2026-08-04 17:02:22
206753,1689,QQQS1,COMPRA,490,21.0989,0.3782,2026-08-04 14:05:40,2026-08-04 14:05:43,2026-08-04 14:05:43
206754,3289,ICSU4,COMPRA,10,128.9434,7.2263,2026-08-04 11:27:19,2026-08-04 11:27:22,2026-08-04 11:27:22
206755,1981,NREP8,COMPRA,305,133.8133,6.9938,2026-08-04 10:11:01,2026-08-04 10:11:03,2026-08-04 10:11:03
206756,2869,RYPL6,COMPRA,430,84.1634,,2026-08-04 16:56:28,2026-08-04 16:56:30,2026-08-04 16:56:30
206757,3418,GFDF2,COMPRA,63,98.9566,4.5128,2026-08-04 12:47:15,2026-08-04 12:47:16,2026-08-04 12:47:16
206758,2604,IPXK2,COMPRA,265,312.9163,8.6129,2026-08-04 11:07:08,2026-08-04 11:07:09,2026-08-04 11:07:09
206759,3081,DGBT6,COMPRA,170,102.1721,5.6960,2026-08-04 16:13:56,2026-08-04 16:13:57,2026-08-04 16:13:57
206760,1277,JDJG6,COMPRA,386,88.9119,4.4023,2026-08-04 12:21:33,2026-08-04 12:21:33,2026-08-04 12:21:33
203176,2519,GKQC5,COMPRA,125,103.6955,2.7062,2026-08-04 14:40:44,2026-08-04 14:40:47,2026-08-04 14:40:47
205929,3174,RYPL6,COMPRA,415,73.7115,11.6011,2026-08-04 14:41:26,2026-08-04 14:41:27,2026-08-04 14:41:27
