id_transacao,id_conta,ticker,tipo_operacao,quantidade,preco_unitario,taxa_corretagem,data_operacao,created_at,updated_at
208876,1637,WXFC8,COMPRA,90,94.7833,11.3046,2026-08-06 16:41:22,2026-08-06 16:41:24,2026-08-06 16:41:24
208877,2009,YCCK8,COMPRA,310,426.4053,1.3290,2026-08-06 12:49:18,2026-08-06 12:49:19,2026-08-06 12:49:19
208878,3306,GFDF2,COMPRA,95,104.2703,6.8830,2026-08-06 12:50:13,2026-08-06 12:50:15,2026-08-06 12:50:15
208879,3511,DMTZ8,COMPRA,309,176.9691,2.0185,2026-08-06 10:27:10,2026-08-06 10:27:11,2026-08-06 10:27:11
208880,1380,TNHT4,COMPRA,410,99.6282,11.6593,2026-08-06 15:54:51,2026-08-06 15:54:54,2026-08-06 15:54:54
208881,1557,JJVW6,COMPRA,490,143.4823,7.2181,2026-08-06 14:57:30,2026-08-06 14:57:32,2026-08-06 14:57:32
208882,3164,AAUA7,COMPRA,25,150.1273,1.0203,2026-08-06 11:38:41,2026-08-06 11:38:44,2026-08-06 11:38:44
208883,2385,GKQC5,COMPRA,149,158.8829,12.7956,2026-08-06 16:19:40,2026-08-06 16:19:41,2026-08-06 16:19:41
208884,2453,PZUP8,COMPRA,390,137.2926,4.1868,2026-08-06 15:24:57,2026-08-06 15:24:57,2026-08-06 15:24:57
208885,3147,PSEN6,COMPRA,345,223.3785,6.4196,2026-08-06 10:03:52,2026-08-06 10:03:52,2026-08-06 10:03:52
208886,1565,WIPB2,COMPRA,480,102.0027,5.4757,2026-08-06 12:25:46,2026-08-06 12:25:49,2026-08-06 12:25:49
208887,2686,SUZL4,COMPRA,435,131.2967,0.1851,2026-08-06 17:13:13,2026-08-06 17:13:16,2026-08-06 17:13:16
208888,3222,FIUW1,COMPRA,235,126.7699,3.5295,2026-08-06 10:24:53,2026-08-06 10:24:55,2026-08-06 10:24:55
208889,3142,QQQS1,COMPRA,48,22.5476,8.6622,2026-08-06 10:23:35,2026-08-06 10:23:37,2026-08-06 10:23:37
208890,1402,NQYT3,COMPRA,295,75.1019,10.0168,2026-08-06 15:52:08,2026-08-06 15:52:11,2026-08-06 15:52:11
208891,1844,RDOA3,COMPRA,60,81.8341,1.6196,2026-08-06 11:41:16,2026-08-06 11:41:18,2026-08-06 11:41:18
208892,1251,RMRT1,COMPRA,380,93.5847,5.9548,2026-08-06 17:15:00,2026-08-06 17:15:03,2026-08-06 17:15:03
208893,3004,DGBT6,COMPRA,290,89.7918,2.3665,2026-08-06 14:52:49,2026-08-06 14:52:51,2026-08-06 14:52:51
208894,2197,LGKU6,COMPRA,280,61.3793,4.4714,2026-08-06 13:47:40,2026-08-06 13:47:43,2026-08-06 13:47:43
208895,1837,JDJG6,COMPRA,90,71.3185,9.6888,2026-08-06 13:20:29,2026-08-06 13:20:31,2026-08-06 13:20:31
208896,1335,ZFBT3,COMPRA,285,91.3742,5.1888,2026-08-06 10:47:44,2026-08-06 10:47:44,2026-08-06 10:47:44
208897,1366,ACSV1,COMPRA,210,79.9142,9.3262,2026-08-06 11:22:49,2026-08-06 11:22:51,2026-08-06 11:22:51
208898,2028,LIEG8,COMPRA,318,117.7351,11.8169,2026-08-06 15:05:01,2026-08-06 15:05:02,2026-08-06 15:05:02
208899,2652,UQIQ7,COMPRA,170,100.6778,7.7034,2026-08-06 11:30:11,2026-08-06 11:30:12,2026-08-06 11:30:12
208900,2119,ECQD7,COMPRA,410,114.3882,8.6542,2026-08-06 12:15:38,2026-08-06 12:15:41,2026-08-06 12:15:41
208901,2652,LGKU6,COMPRA,205,92.9281,12.3247,2026-08-06 17:07:53,2026-08-06 17:07:55,2026-08-06 17:07:55
208902,1043,YFAH5,COMPRA,445,134.4887,1.8514,2026-08-06 15:50:40,2026-08-06 15:50:43,2026-08-06 15:50:43
208903,2356,XLZM9,COMPRA,30,43.0697,12.6806,2026-08-06 16:02:28,2026-08-06 16:02:30,2026-08-06 16:02:30
208904,3002,NHYK8,COMPRA,85,65.1702,8.4844,2026-08-06 13:05:50,2026-08-06 13:05:52,2026-08-06 13:05:52
208905,1638,IZTY4,COMPRA,405,29.0749,8.9630,2026-08-06 13:15:01,2026-08-06 13:15:02,2026-08-06 13:15:02
208906,3444,TNHT4,COMPRA,240,150.6659,9.0420,2026-08-06 17:25:50,2026-08-06 17:25:53,2026-08-06 17:25:53
208907,1375,UFIU3,COMPRA,130,107.9651,2.9791,2026-08-06 14:46:22,2026-08-06 14:46:22,2026-08-06 14:46:22
208908,1769,HVEX2,COMPRA,225,109.6983,7.5669,2026-08-06 12:02:14,2026-08-06 12:02:15,2026-08-06 12:02:15
208909,3086,BXFJ9,COMPRA,305,173.9422,12.2800,2026-08-06 14:23:36,2026-08-06 14:23:37,2026-08-06 14:23:37
208910,3226,EEYY9,COMPRA,195,170.7904,12.4503,2026-08-06 14:54:58,2026-08-06 14:55:01,2026-08-06 14:55:01
208911,1834,UVEY5,COMPRA,335,99.1468,1.4083,2026-08-06 11:08:22,2026-08-06 11:08:24,2026-08-06 11:08:24
208912,3030,BXFJ9,COMPRA,405,175.7951,7.1159,2026-08-06 17:23:59,2026-08-06 17:24:01,2026-08-06 17:24:01
208913,3026,PBZM6,COMPRA,435,47.7108,9.0938,2026-08-06 11:24:29,2026-08-06 11:24:32,2026-08-06 11:24:32
208914,2143,PSEN6,COMPRA,275,202.0065,0.9543,2026-08-06 15:20:36,2026-08-06 15:20:38,2026-08-06 15:20:38
208915,1923,IPXK2,COMPRA,280,283.3230,10.6063,2026-08-06 11:20:55,2026-08-06 11:20:55,2026-08-06 11:20:55
208916,3374,RFNS7,COMPRA,340,107.7390,1.3735,2026-08-06 14:33:06,2026-08-06 14:33:09,2026-08-06 14:33:09
208917,2754,ENRZ2,COMPRA,250,115.4966,11.8793,2026-08-06 11:33:17,2026-08-06 11:33:19,2026-08-06 11:33:19
208918,2403,XTVW5,COMPRA,195,117.2392,3.0706,2026-08-06 17:30:09,2026-08-06 17:30:11,2026-08-06 17:30:11
208919,2866,YFAH5,COMPRA,280,154.3045,6.4649,2026-08-06 14:58:03,2026-08-06 14:58:03,2026-08-06 14:58:03
208920,2142,NPEM3,COMPRA,115,109.4899,0.8752,2026-08-06 10:50:30,2026-08-06 10:50:32,2026-08-06 10:50:32
208921,3466,ACSV1,COMPRA,350,96.7621,5.2702,2026-08-06 16:47:42,2026-08-06 16:47:42,2026-08-06 16:47:42
208922,1020,QATW7,COMPRA,155,45.5809,2.7975,2026-08-06 16:06:39,2026-08-06 16:06:42,2026-08-06 16:06:42
208923,1412,PZUP8,COMPRA,170,170.2263,1.4251,2026-08-06 16:45:21,2026-08-06 16:45:21,2026-08-06 16:45:21
208924,2447,NQYT3,COMPRA,500,50.0778,3.9361,2026-08-06 15:00:46,2026-08-06 15:00:46,2026-08-06 15:00:46
208925,3232,IZTY4,COMPRA,5,25.1314,6.3012,2026-08-06 12:34:56,2026-08-06 12:34:58,2026-08-06 12:34:58
208926,1407,SUZL4,COMPRA,291,116.8914,1.2226,2026-08-06 16:41:11,2026-08-06 16:41:12,2026-08-06 16:41:12
208927,3238,WXFC8,COMPRA,240,76.3150,6.1451,2026-08-06 13:12:36,2026-08-06 13:12:37,2026-08-06 13:12:37
208928,1446,PZUP8,COMPRA,240,193.7169,5.8148,2026-08-06 11:34:46,2026-08-06 11:34:47,2026-08-06 11:34:47
208929,1954,HCLJ8,COMPRA,485,110.7737,0.1930,2026-08-06 11:50:03,2026-08-06 11:50:04,2026-08-06 11:50:04
208930,2405,LIEG8,COMPRA,50,91.5026,1.1365,2026-08-06 17:28:08,2026-08-06 17:28:10,2026-08-06 17:28:10
208931,3375,JIPR4,COMPRA,485,38.1385,3.7499,2026-08-06 12:29:53,2026-08-06 12:29:53,2026-08-06 12:29:53
208932,2315,OVUQ2,COMPRA,260,57.8471,8.1695,2026-08-06 13:23:45,2026-08-06 13:23:48,2026-08-06 13:23:48
208933,2453,AAUA7,COMPRA,260,143.5094,10.7718,2026-08-06 13:29:01,2026-08-06 13:29:03,2026-08-06 13:29:03
208934,1057,JDJG6,COMPRA,159,86.1096,3.5236,2026-08-06 16:28:52,2026-08-06 16:28:53,2026-08-06 16:28:53
208935,1456,IWFI1,COMPRA,145,149.4415,4.6281,2026-08-06 12:56:12,2026-08-06 12:56:14,2026-08-06 12:56:14
208936,2892,PBZM6,COMPRA,275,51.0171,3.8920,2026-08-06 12:19:37,2026-08-06 12:19:38,2026-08-06 12:19:38
208937,2503,DSFC9,COMPRA,305,458.1876,10.5297,2026-08-06 12:56:39,2026-08-06 12:56:41,2026-08-06 12:56:41
208938,2837,SGBG8,COMPRA,69,89.2457,9.4008,2026-08-06 13:09:27,2026-08-06 13:09:30,2026-08-06 13:09:30
208939,3512,SVOZ4,COMPRA,40,40.6283,0.0448,2026-08-06 13:36:17,2026-08-06 13:36:20,2026-08-06 13:36:20
208940,2220,WXQM6,COMPRA,160,45.8458,10.1793,2026-08-06 15:01:02,2026-08-06 15:01:04,2026-08-06 15:01:04
208941,2251,AYFQ2,COMPRA,185,11.8910,0.8479,2026-08-06 12:40:39,2026-08-06 12:40:41,2026-08-06 12:40:41
208942,2413,WXQM6,COMPRA,460,53.2613,11.8204,2026-08-06 14:36:04,2026-08-06 14:36:04,2026-08-06 14:36:04
208943,3408,DHRM5,COMPRA,195,306.1056,5.7832,2026-08-06 12:14:08,2026-08-06 12:14:11,2026-08-06 12:14:11
208944,2023,YOWA1,COMPRA,160,58.7098,1.1347,2026-08-06 12:57:25,2026-08-06 12:57:27,2026-08-06 12:57:27
208945,3511,JIPR4,COMPRA,153,38.5434,7.3114,2026-08-06 13:36:26,2026-08-06 13:36:27,2026-08-06 13:36:27
208946,2996,IWAK1,COMPRA,85,72.9987,10.5408,2026-08-06 13:35:46,2026-08-06 13:35:47,2026-08-06 13:35:47
208947,2008,SVOZ4,COMPRA,65,34.8847,11.8405,2026-08-06 16:45:54,2026-08-06 16:45:56,2026-08-06 16:45:56
208948,1562,HCZM2,COMPRA,215,417.3282,2.6965,2026-08-06 11:34:12,2026-08-06 11:34:13,2026-08-06 11:34:13
208949,3509,SUZL4,COMPRA,450,155.3441,8.5957,2026-08-06 13:17:08,2026-08-06 13:17:09,2026-08-06 13:17:09
208950,1308,SGBG8,COMPRA,315,64.6321,9.1625,2026-08-06 11:00:50,2026-08-06 11:00:51,2026-08-06 11:00:51
208951,1366,DEGN5,COMPRA,80,89.6222,4.4066,2026-08-06 13:00:20,2026-08-06 13:00:20,2026-08-06 13:00:20
208952,1864,SGBG8,COMPRA,380,74.1627,8.5060,2026-08-06 16:00:33,2026-08-06 16:00:34,2026-08-06 16:00:34
208953,2550,YOWA1,COMPRA,385,46.3125,3.2822,2026-08-06 17:07:54,2026-08-06 17:07:56,2026-08-06 17:07:56
208954,1256,TXHR8,COMPRA,95,100.8043,7.0066,2026-08-06 16:41:49,2026-08-06 16:41:52,2026-08-06 16:41:52
208955,2859,UYFJ9,VENDA,90,115.9130,6.8143,2026-08-06 14:31:53,2026-08-06 14:31:56,2026-08-06 14:31:56
208956,2171,RSBT4,COMPRA,496,494.9952,12.7900,2026-08-06 13:27:24,2026-08-06 13:27:26,2026-08-06 13:27:26
208957,1315,HCZM2,COMPRA,285,432.8459,2.2710,2026-08-06 16:29:51,2026-08-06 16:29:52,2026-08-06 16:29:52
208958,2954,ZAAS7,COMPRA,260,366.9376,2.6827,2026-08-06 10:29:45,2026-08-06 10:29:47,2026-08-06 10:29:47
208959,1766,DEGN5,COMPRA,287,84.8277,0.9612,2026-08-06 13:14:42,2026-08-06 13:14:43,2026-08-06 13:14:43
208960,3047,ENRZ2,COMPRA,55,76.7499,5.3701,2026-08-06 15:18:04,2026-08-06 15:18:06,2026-08-06 15:18:06
208961,1779,FRGH8,COMPRA,95,68.4214,11.5784,2026-08-06 14:56:38,2026-08-06 14:56:38,2026-08-06 14:56:38
208962,3109,SGBG8,COMPRA,125,76.9839,8.0138,2026-08-06 16:18:55,2026-08-06 16:18:56,2026-08-06 16:18:56
208963,1581,NYGT6,COMPRA,490,110.3140,8.4100,2026-08-06 10:08:45,2026-08-06 10:08:48,2026-08-06 10:08:48
208964,1400,HJRH5,COMPRA,415,140.2343,0.8609,2026-08-06 15:46:37,2026-08-06 15:46:40,2026-08-06 15:46:40
208965,1310,HCLJ8,COMPRA,160,135.5427,9.8480,2026-08-06 15:19:34,2026-08-06 15:19:35,2026-08-06 15:19:35
208966,2285,YFAH5,COMPRA,105,133.1872,8.3007,2026-08-06 17:08:30,2026-08-06 17:08:32,2026-08-06 17:08:32
208967,2909,GAKD5,COMPRA,472,293.1841,5.6191,2026-08-06 13:02:40,2026-08-06 13:02:40,2026-08-06 13:02:40
208968,1942,KFSY2,COMPRA,255,127.9558,10.0106,2026-08-06 15:53:59,2026-08-06 15:54:00,2026-08-06 15:54:00
208969,1163,XLZM9,COMPRA,70,42.7916,8.4120,2026-08-06 16:49:55,2026-08-06 16:49:55,2026-08-06 16:49:55
208970,2040,YFAH5,COMPRA,470,188.4189,3.7427,2026-08-06 10:42:43,2026-08-06 10:42:46,2026-08-06 10:42:46
208971,2873,QYBV3,COMPRA,450,77.3145,10.5924,2026-08-06 16:34:08,2026-08-06 16:34:10,2026-08-06 16:34:10
208972,2729,RMRT1,COMPRA,380,106.7571,10.6404,2026-08-06 10:30:22,2026-08-06 10:30:22,2026-08-06 10:30:22
208973,2843,QQQS1,COMPRA,15,27.7565,2.1839,2026-08-06 16:23:02,2026-08-06 16:23:05,2026-08-06 16:23:05
208974,1266,TTHO3,COMPRA,85,37.3602,1.6131,2026-08-06 17:03:06,2026-08-06 17:03:08,2026-08-06 17:03:08
208975,1253,MCMT2,COMPRA,175,105.0481,10.4229,2026-08-06 12:24:16,2026-08-06 12:24:17,2026-08-06 12:24:17
208976,3229,UQJU7,COMPRA,155,81.5200,0.1970,2026-08-06 17:15:53,2026-08-06 17:15:56,2026-08-06 17:15:56
208977,2725,FIUW1,COMPRA,45,121.2056,9.4606,2026-08-06 14:12:53,2026-08-06 14:12:53,2026-08-06 14:12:53
208978,1760,SVOZ4,COMPRA,229,42.8814,5.0138,2026-08-06 13:16:28,2026-08-06 13:16:29,2026-08-06 13:16:29
208979,2928,IWFI1,COMPRA,385,192.7165,9.6920,2026-08-06 15:00:04,2026-08-06 15:00:06,2026-08-06 15:00:06
208980,1079,SGBG8,COMPRA,199,92.1042,3.2662,2026-08-06 12:42:52,2026-08-06 12:42:52,2026-08-06 12:42:52
208981,3442,RDOA3,COMPRA,145,110.5222,7.7560,2026-08-06 10:22:42,2026-08-06 10:22:45,2026-08-06 10:22:45
208982,2900,NWGB4,COMPRA,75,142.0959,1.4018,2026-08-06 14:43:46,2026-08-06 14:43:48,2026-08-06 14:43:48
208983,2468,ECQD7,COMPRA,247,101.8213,10.9121,2026-08-06 13:21:51,2026-08-06 13:21:51,2026-08-06 13:21:51
208984,1174,ZHTL2,COMPRA,265,63.6335,6.0822,2026-08-06 13:45:14,2026-08-06 13:45:17,2026-08-06 13:45:17
208985,2289,NQYT3,COMPRA,471,50.2956,12.7134,2026-08-06 10:25:26,2026-08-06 10:25:27,2026-08-06 10:25:27
208986,1267,KQEO3,COMPRA,370,82.7363,2.2740,2026-08-06 11:04:50,2026-08-06 11:04:50,2026-08-06 11:04:50
208987,1661,NHYK8,COMPRA,465,84.0200,1.7109,2026-08-06 15:19:09,2026-08-06 15:19:12,2026-08-06 15:19:12
208988,3304,QQQS1,COMPRA,375,18.5972,11.9056,2026-08-06 11:16:37,2026-08-06 11:16:38,2026-08-06 11:16:38
208989,2296,NYGT6,COMPRA,1,119.6592,6.5862,2026-08-06 12:03:00,2026-08-06 12:03:03,2026-08-06 12:03:03
208990,1215,ACSV1,COMPRA,370,122.6369,11.8923,2026-08-06 12:25:04,2026-08-06 12:25:05,2026-08-06 12:25:05
208991,1149,UYFJ9,COMPRA,65,111.9445,3.3521,2026-08-06 16:56:51,2026-08-06 16:56:54,2026-08-06 16:56:54
208992,2302,JDJG6,COMPRA,95,62.8532,9.8972,2026-08-06 14:13:20,2026-08-06 14:13:22,2026-08-06 14:13:22
208993,2937,YCCK8,COMPRA,43,319.8652,3.0154,2026-08-06 10:36:28,2026-08-06 10:36:31,2026-08-06 10:36:31
208994,2270,UFIU3,VENDA,160,96.3751,4.5481,2026-08-06 15:06:15,2026-08-06 15:06:18,2026-08-06 15:06:18
208995,1068,ZFBT3,COMPRA,105,120.9700,9.6614,2026-08-06 14:59:20,2026-08-06 14:59:22,2026-08-06 14:59:22
208996,2719,DSFC9,COMPRA,185,467.0627,12.5852,2026-08-06 12:08:53,2026-08-06 12:08:56,2026-08-06 12:08:56
208997,3080,LGKU6,COMPRA,190,62.3067,10.0228,2026-08-06 12:44:24,2026-08-06 12:44:24,2026-08-06 12:44:24
208998,2008,RDOA3,COMPRA,40,95.9576,6.8384,2026-08-06 16:24:07,2026-08-06 16:24:10,2026-08-06 16:24:10
208999,1874,IZTY4,COMPRA,165,35.8820,12.3791,2026-08-06 17:29:57,2026-08-06 17:29:58,2026-08-06 17:29:58
209000,2477,UQIQ7,COMPRA,197,89.0059,6.2421,2026-08-06 12:21:04,2026-08-06 12:21:05,2026-08-06 12:21:05
209001,2041,AAWB3,COMPRA,265,175.4862,10.4144,2026-08-06 12:43:01,2026-08-06 12:43:03,2026-08-06 12:43:03
209002,2544,ZAAS7,COMPRA,425,374.7660,2.6859,2026-08-06 15:31:38,2026-08-06 15:31:39,2026-08-06 15:31:39
209003,1220,WHMT3,COMPRA,179,121.4383,0.6761,2026-08-06 10:22:06,2026-08-06 10:22:06,2026-08-06 10:22:06
209004,1474,JIPR4,COMPRA,470,26.5685,7.0231,2026-08-06 12:45:00,2026-08-06 12:45:02,2026-08-06 12:45:02
209005,2081,JJVW6,COMPRA,210,107.0319,2.8843,2026-08-06 11:47:22,2026-08-06 11:47:22,2026-08-06 11:47:22
209006,1143,LQML9,COMPRA,322,129.6808,4.1967,2026-08-06 16:43:26,2026-08-06 16:43:28,2026-08-06 16:43:28
209007,2205,FRGH8,COMPRA,235,62.2653,10.6772,2026-08-06 12:33:38,2026-08-06 12:33:39,2026-08-06 12:33:39
209008,1823,XAVL3,COMPRA,195,150.6498,4.5069,2026-08-06 11:39:06,2026-08-06 11:39:09,2026-08-06 11:39:09
209009,1133,UCHR6,COMPRA,220,452.5446,12.8701,2026-08-06 12:40:22,2026-08-06 12:40:24,2026-08-06 12:40:24
209010,3188,RDOA3,COMPRA,65,115.1752,4.8479,2026-08-06 10:55:10,2026-08-06 10:55:13,2026-08-06 10:55:13
209011,1365,FIUW1,COMPRA,45,91.7974,9.8144,2026-08-06 14:19:05,2026-08-06 14:19:05,2026-08-06 14:19:05
209012,1862,UCHR6,COMPRA,490,363.2572,5.8074,2026-08-06 15:58:23,2026-08-06 15:58:23,2026-08-06 15:58:23
209013,3442,AAUA7,COMPRA,170,121.4127,5.9311,2026-08-06 14:52:29,2026-08-06 14:52:29,2026-08-06 14:52:29
209014,1611,RFNS7,COMPRA,35,94.7687,2.9995,2026-08-06 10:44:38,2026-08-06 10:44:40,2026-08-06 10:44:40
209015,1390,IWAK1,COMPRA,190,66.6666,1.3540,2026-08-06 11:03:43,2026-08-06 11:03:46,2026-08-06 11:03:46
209016,2441,MCMT2,COMPRA,160,89.9185,0.4999,2026-08-06 10:20:07,2026-08-06 10:20:09,2026-08-06 10:20:09
209017,1261,QEUC2,COMPRA,220,132.9678,1.4353,2026-08-06 10:19:14,2026-08-06 10:19:14,2026-08-06 10:19:14
209018,1292,MCMT2,COMPRA,305,111.3241,10.2118,2026-08-06 12:43:08,2026-08-06 12:43:10,2026-08-06 12:43:10
209019,2292,QHFL8,COMPRA,155,126.8357,5.3913,2026-08-06 10:54:54,2026-08-06 10:54:56,2026-08-06 10:54:56
209020,2327,QATW7,COMPRA,306,55.6023,12.7781,2026-08-06 17:12:10,2026-08-06 17:12:11,2026-08-06 17:12:11
209021,2637,PSEN6,COMPRA,175,190.0281,8.1866,2026-08-06 10:05:13,2026-08-06 10:05:14,2026-08-06 10:05:14
209022,1017,UCHR6,COMPRA,490,494.2135,12.5599,2026-08-06 15:46:29,2026-08-06 15:46:29,2026-08-06 15:46:29
209023,2220,NQYT3,COMPRA,115,46.2189,5.2596,2026-08-06 11:52:56,2026-08-06 11:52:56,2026-08-06 11:52:56
209024,2256,IZTY4,COMPRA,235,26.1822,8.0579,2026-08-06 16:16:48,2026-08-06 16:16:48,2026-08-06 16:16:48
209025,2197,QATW7,COMPRA,50,40.8465,4.6269,2026-08-06 12:37:19,2026-08-06 12:37:20,2026-08-06 12:37:20
209026,2049,OXVD8,COMPRA,135,71.5908,11.3212,2026-08-06 16:00:20,2026-08-06 16:00:23,2026-08-06 16:00:23
209027,3345,ENRZ2,COMPRA,427,107.7400,11.6867,2026-08-06 15:31:03,2026-08-06 15:31:05,2026-08-06 15:31:05
209028,1682,LIEG8,COMPRA,80,73.6512,11.2314,2026-08-06 14:35:04,2026-08-06 14:35:05,2026-08-06 14:35:05
209029,1055,TXHR8,COMPRA,310,104.6871,3.2845,2026-08-06 14:55:11,2026-08-06 14:55:12,2026-08-06 14:55:12
209030,1964,OVYL9,COMPRA,198,91.1390,2.5859,2026-08-06 10:44:10,2026-08-06 10:44:11,2026-08-06 10:44:11
209031,2757,OVYL9,COMPRA,400,77.4968,0.6719,2026-08-06 16:53:02,2026-08-06 16:53:03,2026-08-06 16:53:03
209032,1917,UYFJ9,COMPRA,125,84.1698,0.9672,2026-08-06 10:17:27,2026-08-06 10:17:28,2026-08-06 10:17:28
209033,2887,UQJU7,COMPRA,350,66.3686,0.5494,2026-08-06 11:17:24,2026-08-06 11:17:24,2026-08-06 11:17:24
209034,2238,JIPA6,COMPRA,390,37.6631,5.9709,2026-08-06 12:41:30,2026-08-06 12:41:32,2026-08-06 12:41:32
209035,2903,AAUA7,COMPRA,180,111.8055,11.1080,2026-08-06 13:08:27,2026-08-06 13:08:27,2026-08-06 13:08:27
209036,2063,TVCE9,COMPRA,330,58.9021,10.1984,2026-08-06 12:58:33,2026-08-06 12:58:35,2026-08-06 12:58:35
209037,3322,RYPL6,COMPRA,425,99.0860,4.8942,2026-08-06 15:58:55,2026-08-06 15:58:56,2026-08-06 15:58:56
209038,3238,SUZL4,COMPRA,365,121.0799,6.2980,2026-08-06 10:21:47,2026-08-06 10:21:49,2026-08-06 10:21:49
209039,2754,LCCH9,COMPRA,159,9.5002,2.4763,2026-08-06 12:16:16,2026-08-06 12:16:16,2026-08-06 12:16:16
209040,1626,IWFI1,VENDA,35,181.4767,0.6303,2026-08-06 12:12:07,2026-08-06 12:12:10,2026-08-06 12:12:10
209041,1743,IWAK1,COMPRA,160,80.3773,4.7328,2026-08-06 14:31:07,2026-08-06 14:31:09,2026-08-06 14:31:09
209042,3425,IPXK2,COMPRA,140,320.0824,4.6024,2026-08-06 12:40:06,2026-08-06 12:40:08,2026-08-06 12:40:08
209043,2022,PZUP8,COMPRA,105,183.8798,0.4055,2026-08-06 14:10:12,2026-08-06 14:10:14,2026-08-06 14:10:14
209044,1768,QHFL8,COMPRA,171,124.1863,0.4379,2026-08-06 14:18:24,2026-08-06 14:18:27,2026-08-06 14:18:27
209045,2867,WMQZ6,COMPRA,155,88.8010,3.1042,2026-08-06 10:42:50,2026-08-06 10:42:53,2026-08-06 10:42:53
209046,3132,WXFC8,COMPRA,115,89.9979,9.2598,2026-08-06 13:37:02,2026-08-06 13:37:05,2026-08-06 13:37:05
209047,3333,UQIQ7,COMPRA,480,63.1825,7.8056,2026-08-06 13:14:22,2026-08-06 13:14:25,2026-08-06 13:14:25
209048,2739,AYFQ2,COMPRA,386,13.8950,7.6279,2026-08-06 16:21:12,2026-08-06 16:21:12,2026-08-06 16:21:12
209049,2739,HJRH5,COMPRA,335,128.0500,0.1259,2026-08-06 15:26:03,2026-08-06 15:26:03,2026-08-06 15:26:03
209050,1311,ZFBT3,COMPRA,245,105.5320,11.2593,2026-08-06 16:37:02,2026-08-06 16:37:05,2026-08-06 16:37:05
209051,1860,RSBT4,COMPRA,30,347.0431,3.6442,2026-08-06 13:07:24,2026-08-06 13:07:25,2026-08-06 13:07:25
209052,1009,OEQA8,COMPRA,240,420.4260,1.8153,2026-08-06 13:25:31,2026-08-06 13:25:33,2026-08-06 13:25:33
209053,1675,RDOA3,VENDA,20,100.5572,9.9087,2026-08-06 12:59:28,2026-08-06 12:59:31,2026-08-06 12:59:31
209054,1569,AAUA7,COMPRA,210,122.5384,2.3850,2026-08-06 13:34:43,2026-08-06 13:34:45,2026-08-06 13:34:45
209055,2773,DQSN6,COMPRA,278,155.6196,1.8654,2026-08-06 16:49:03,2026-08-06 16:49:06,2026-08-06 16:49:06
209056,3068,EEYY9,COMPRA,475,161.2419,4.6744,2026-08-06 15:59:35,2026-08-06 15:59:35,2026-08-06 15:59:35
209057,3070,TBWG2,VENDA,485,94.1421,5.3339,2026-08-06 12:30:33,2026-08-06 12:30:35,2026-08-06 12:30:35
209058,2657,XAVL3,COMPRA,280,191.3984,9.1488,2026-08-06 16:03:06,2026-08-06 16:03:09,2026-08-06 16:03:09
209059,3094,ERTC4,COMPRA,320,38.6909,0.0209,2026-08-06 15:26:23,2026-08-06 15:26:24,2026-08-06 15:26:24
209060,2049,ACSV1,COMPRA,225,107.6992,7.9723,2026-08-06 10:38:46,2026-08-06 10:38:47,2026-08-06 10:38:47
209061,2651,KHGP6,COMPRA,395,100.8677,1.2945,2026-08-06 16:33:44,2026-08-06 16:33:44,2026-08-06 16:33:44
209062,3054,CQJZ4,COMPRA,235,104.1266,10.1967,2026-08-06 14:16:38,2026-08-06 14:16:41,2026-08-06 14:16:41
209063,2965,XOVY4,VENDA,165,108.0495,12.3692,2026-08-06 16:01:59,2026-08-06 16:01:59,2026-08-06 16:01:59
209064,2025,AYFQ2,COMPRA,295,10.0140,2.6058,2026-08-06 13:04:00,2026-08-06 13:04:00,2026-08-06 13:04:00
209065,2245,PQUT9,COMPRA,30,87.5679,8.3045,2026-08-06 13:27:59,2026-08-06 13:28:00,2026-08-06 13:28:00
209066,1470,ENRZ2,COMPRA,95,106.1584,5.8199,2026-08-06 15:51:42,2026-08-06 15:51:44,2026-08-06 15:51:44
209067,3447,ERTC4,COMPRA,295,49.0591,11.1349,2026-08-06 15:10:27,2026-08-06 15:10:27,2026-08-06 15:10:27
209068,1636,XTVW5,COMPRA,484,92.5579,0.4805,2026-08-06 15:20:13,2026-08-06 15:20:13,2026-08-06 15:20:13
209069,1019,BSDJ7,COMPRA,30,292.5817,6.6608,2026-08-06 14:38:19,2026-08-06 14:38:20,2026-08-06 14:38:20
209070,2161,JIPR4,COMPRA,255,34.5438,10.0967,2026-08-06 16:50:08,2026-08-06 16:50:09,2026-08-06 16:50:09
209071,2103,ZFBT3,COMPRA,40,84.3281,6.7489,2026-08-06 15:07:36,2026-08-06 15:07:38,2026-08-06 15:07:38
209072,2952,FIUW1,COMPRA,90,92.2284,3.4728,2026-08-06 12:38:54,2026-08-06 12:38:57,2026-08-06 12:38:57
209073,1733,UFMA7,COMPRA,10,196.9506,1.7718,2026-08-06 14:42:27,2026-08-06 14:42:28,2026-08-06 14:42:28
209074,2581,AYFQ2,COMPRA,415,10.8171,1.3825,2026-08-06 15:31:49,2026-08-06 15:31:50,2026-08-06 15:31:50
209075,1740,ECQD7,COMPRA,445,82.5581,9.9643,2026-08-06 10:54:17,2026-08-06 10:54:18,2026-08-06 10:54:18
209076,2744,RHXV4,COMPRA,370,70.5970,12.4918,2026-08-06 11:07:27,2026-08-06 11:07:30,2026-08-06 11:07:30
209077,2167,NREP8,COMPRA,355,120.2566,9.2838,2026-08-06 16:29:31,2026-08-06 16:29:33,2026-08-06 16:29:33
209078,1290,SUZL4,COMPRA,250,130.5814,11.3222,2026-08-06 14:04:10,2026-08-06 14:04:12,2026-08-06 14:04:12
209079,1153,QYBV3,COMPRA,360,85.9408,7.2219,2026-08-06 16:40:54,2026-08-06 16:40:55,2026-08-06 16:40:55
209080,2221,SVOZ4,COMPRA,485,48.0338,6.7721,2026-08-06 11:44:44,2026-08-06 11:44:45,2026-08-06 11:44:45
209081,1387,XOVY4,COMPRA,380,103.5116,4.9064,2026-08-06 14:54:45,2026-08-06 14:54:48,2026-08-06 14:54:48
209082,3381,PSEN6,COMPRA,335,184.5043,8.0298,2026-08-06 12:31:57,2026-08-06 12:31:57,2026-08-06 12:31:57
209083,1910,MCMT2,COMPRA,235,94.5115,5.1671,2026-08-06 15:21:03,2026-08-06 15:21:05,2026-08-06 15:21:05
209084,1402,WXFC8,COMPRA,60,88.5086,11.4361,2026-08-06 13:24:20,2026-08-06 13:24:22,2026-08-06 13:24:22
209085,1356,RHXV4,COMPRA,400,72.1860,10.9731,2026-08-06 17:19:46,2026-08-06 17:19:49,2026-08-06 17:19:49
209086,3276,DGBT6,COMPRA,40,69.1632,6.5566,2026-08-06 11:11:25,2026-08-06 11:11:26,2026-08-06 11:11:26
209087,1908,TTHO3,COMPRA,85,26.1276,7.2983,2026-08-06 16:02:57,2026-08-06 16:02:57,2026-08-06 16:02:57
209088,2860,UFIU3,COMPRA,60,104.8279,9.2792,2026-08-06 13:03:13,2026-08-06 13:03:14,2026-08-06 13:03:14
209089,1918,WXQM6,COMPRA,117,53.1447,9.6312,2026-08-06 13:30:51,2026-08-06 13:30:53,2026-08-06 13:30:53
209090,1875,SUZL4,COMPRA,413,122.4485,8.6914,2026-08-06 13:16:48,2026-08-06 13:16:51,2026-08-06 13:16:51
209091,2282,WXFC8,COMPRA,80,98.8656,1.4677,2026-08-06 15:05:58,2026-08-06 15:05:58,2026-08-06 15:05:58
209092,1667,ECQD7,COMPRA,450,93.1679,1.3289,2026-08-06 15:50:18,2026-08-06 15:50:21,2026-08-06 15:50:21
209093,3370,PBZM6,COMPRA,470,55.2757,11.3715,2026-08-06 14:19:44,2026-08-06 14:19:44,2026-08-06 14:19:44
209094,2377,AAUA7,COMPRA,403,165.7971,1.6885,2026-08-06 11:18:04,2026-08-06 11:18:07,2026-08-06 11:18:07
209095,3305,QQQS1,COMPRA,130,24.9600,3.2119,2026-08-06 11:57:38,2026-08-06 11:57:40,2026-08-06 11:57:40
209096,2931,KHGP6,COMPRA,295,100.6476,2.5450,2026-08-06 11:34:28,2026-08-06 11:34:31,2026-08-06 11:34:31
209097,2749,VLEB3,COMPRA,345,454.4697,7.0371,2026-08-06 11:51:20,2026-08-06 11:51:20,2026-08-06 11:51:20
209098,2222,YCCK8,COMPRA,385,478.6750,11.8162,2026-08-06 15:35:33,2026-08-06 15:35:34,2026-08-06 15:35:34
209099,2823,XPVA7,COMPRA,265,571.4097,6.2321,2026-08-06 14:50:03,2026-08-06 14:50:05,2026-08-06 14:50:05
209100,1526,YCCK8,COMPRA,430,379.0861,12.6425,2026-08-06 17:04:07,2026-08-06 17:04:08,2026-08-06 17:04:08
209101,1025,NHYK8,COMPRA,391,58.9926,5.4371,2026-08-06 15:42:47,2026-08-06 15:42:48,2026-08-06 15:42:48
209102,2348,NWGB4,COMPRA,395,139.7887,3.9953,2026-08-06 11:27:51,2026-08-06 11:27:54,2026-08-06 11:27:54
209103,2172,WXFC8,COMPRA,135,66.5998,1.7576,2026-08-06 13:11:18,2026-08-06 13:11:21,2026-08-06 13:11:21
209104,1996,EEYY9,COMPRA,55,189.2744,12.7404,2026-08-06 15:04:09,2026-08-06 15:04:11,2026-08-06 15:04:11
209105,1768,OXVD8,COMPRA,20,90.4291,2.7357,2026-08-06 13:46:34,2026-08-06 13:46:36,2026-08-06 13:46:36
209106,1697,XLZM9,COMPRA,425,42.0869,8.8870,2026-08-06 13:47:35,2026-08-06 13:47:38,2026-08-06 13:47:38
209107,3195,HCZM2,COMPRA,490,338.7264,1.0916,2026-08-06 13:21:00,2026-08-06 13:21:02,2026-08-06 13:21:02
209108,1636,UVEY5,COMPRA,111,71.5133,6.2102,2026-08-06 11:10:47,2026-08-06 11:10:49,2026-08-06 11:10:49
209109,3467,WXFC8,COMPRA,345,83.3320,0.0001,2026-08-06 17:17:36,2026-08-06 17:17:36,2026-08-06 17:17:36
209110,1605,DQSN6,COMPRA,227,117.0597,12.3780,2026-08-06 13:22:35,2026-08-06 13:22:38,2026-08-06 13:22:38
209111,2799,TTHO3,COMPRA,220,35.2294,10.5522,2026-08-06 11:39:54,2026-08-06 11:39:56,2026-08-06 11:39:56
209112,1231,BXFJ9,COMPRA,295,176.9653,3.2939,2026-08-06 13:52:03,2026-08-06 13:52:05,2026-08-06 13:52:05
209113,2133,MCHX2,COMPRA,400,119.2531,1.9873,2026-08-06 10:43:08,2026-08-06 10:43:11,2026-08-06 10:43:11
209114,2509,LCCH9,COMPRA,70,7.0159,5.7200,2026-08-06 10:19:51,2026-08-06 10:19:53,2026-08-06 10:19:53
209115,3410,RMRT1,COMPRA,370,89.1031,10.2315,2026-08-06 11:06:55,2026-08-06 11:06:56,2026-08-06 11:06:56
209116,1583,PSEN6,COMPRA,485,173.1432,6.9057,2026-08-06 14:04:55,2026-08-06 14:04:58,2026-08-06 14:04:58
209117,3163,UCHR6,COMPRA,104,386.2054,12.2026,2026-08-06 11:45:22,2026-08-06 11:45:25,2026-08-06 11:45:25
209118,1085,LIEG8,COMPRA,86,88.6031,4.3594,2026-08-06 10:41:57,2026-08-06 10:41:59,2026-08-06 10:41:59
209119,2806,AAUA7,COMPRA,249,116.1808,3.1948,2026-08-06 15:04:40,2026-08-06 15:04:42,2026-08-06 15:04:42
209120,3127,JJVW6,COMPRA,195,122.6181,9.4612,2026-08-06 11:06:38,2026-08-06 11:06:38,2026-08-06 11:06:38
209121,3198,NPEM3,COMPRA,370,107.8350,10.2104,2026-08-06 15:16:20,2026-08-06 15:16:22,2026-08-06 15:16:22
209122,1216,UQJU7,COMPRA,480,85.6225,9.4788,2026-08-06 12:52:56,2026-08-06 12:52:57,2026-08-06 12:52:57
209123,1971,QATW7,COMPRA,300,62.2446,4.6776,2026-08-06 15:17:35,2026-08-06 15:17:35,2026-08-06 15:17:35
209124,1387,RYPL6,VENDA,160,77.6152,12.0124,2026-08-06 11:16:06,2026-08-06 11:16:06,2026-08-06 11:16:06
209125,2319,LCCH9,COMPRA,185,8.3245,3.3992,2026-08-06 15:45:47,2026-08-06 15:45:47,2026-08-06 15:45:47
209126,2626,FYZB6,COMPRA,244,76.9161,1.9658,2026-08-06 15:55:38,2026-08-06 15:55:39,2026-08-06 15:55:39
209127,1113,QTDZ2,COMPRA,115,61.1906,6.0115,2026-08-06 13:27:42,2026-08-06 13:27:44,2026-08-06 13:27:44
209128,2461,MOLF3,COMPRA,270,42.2631,0.3746,2026-08-06 12:57:38,2026-08-06 12:57:41,2026-08-06 12:57:41
209129,2014,RDOA3,COMPRA,180,86.6953,3.9193,2026-08-06 16:26:12,2026-08-06 16:26:13,2026-08-06 16:26:13
209130,2454,ACSV1,COMPRA,375,121.4369,1.3079,2026-08-06 13:44:32,2026-08-06 13:44:34,2026-08-06 13:44:34
209131,1972,PBZM6,COMPRA,490,52.7615,1.4414,2026-08-06 14:19:56,2026-08-06 14:19:57,2026-08-06 14:19:57
209132,1213,SUZL4,COMPRA,230,165.2709,6.2820,2026-08-06 10:14:19,2026-08-06 10:14:20,2026-08-06 10:14:20
209133,1888,BXFJ9,COMPRA,140,151.2156,12.6190,2026-08-06 13:02:29,2026-08-06 13:02:29,2026-08-06 13:02:29
209134,1451,XTVW5,COMPRA,404,89.9380,4.4972,2026-08-06 10:26:48,2026-08-06 10:26:51,2026-08-06 10:26:51
209135,3480,RDOA3,COMPRA,480,112.2919,5.3213,2026-08-06 10:38:46,2026-08-06 10:38:49,2026-08-06 10:38:49
209136,2994,QQQS1,COMPRA,495,24.1290,9.4568,2026-08-06 15:56:27,2026-08-06 15:56:29,2026-08-06 15:56:29
209137,2276,UFMA7,COMPRA,495,176.4862,10.5732,2026-08-06 15:37:01,2026-08-06 15:37:02,2026-08-06 15:37:02
209138,2428,ZFBT3,COMPRA,78,112.5235,12.5916,2026-08-06 15:43:05,2026-08-06 15:43:05,2026-08-06 15:43:05
209139,3232,BSDJ7,COMPRA,235,281.8672,7.4076,2026-08-06 15:42:21,2026-08-06 15:42:24,2026-08-06 15:42:24
209140,1233,LGKU6,COMPRA,430,66.1088,3.1288,2026-08-06 11:25:21,2026-08-06 11:25:21,2026-08-06 11:25:21
209141,1717,QQQS1,COMPRA,155,17.6776,2.0223,2026-08-06 16:33:26,2026-08-06 16:33:27,2026-08-06 16:33:27
209142,2525,NPEM3,COMPRA,315,101.0048,4.6717,2026-08-06 13:55:42,2026-08-06 13:55:42,2026-08-06 13:55:42
209143,1377,YYLA4,COMPRA,5,197.8014,4.2954,2026-08-06 16:58:51,2026-08-06 16:58:52,2026-08-06 16:58:52
209144,1820,RYPL6,COMPRA,155,68.8791,8.5120,2026-08-06 17:11:34,2026-08-06 17:11:36,2026-08-06 17:11:36
209145,1239,HVEX2,COMPRA,105,131.9005,,2026-08-06 14:48:48,2026-08-06 14:48:51,2026-08-06 14:48:51
209146,2384,NQYT3,COMPRA,440,62.3908,10.4135,2026-08-06 14:58:05,2026-08-06 14:58:06,2026-08-06 14:58:06
209147,1564,ECQD7,COMPRA,475,90.0459,6.9084,2026-08-06 16:23:29,2026-08-06 16:23:31,2026-08-06 16:23:31
209148,2391,MCHX2,COMPRA,375,102.2294,12.7544,2026-08-06 17:25:20,2026-08-06 17:25:22,2026-08-06 17:25:22
209149,3320,NWGB4,COMPRA,484,127.0623,4.1006,2026-08-06 11:35:56,2026-08-06 11:35:57,2026-08-06 11:35:57
209150,3512,KQEO3,COMPRA,445,70.9011,1.2640,2026-08-06 12:14:28,2026-08-06 12:14:31,2026-08-06 12:14:31
209151,3473,YYLA4,COMPRA,215,149.5679,5.2352,2026-08-06 14:44:06,2026-08-06 14:44:07,2026-08-06 14:44:07
209152,1127,GFDF2,COMPRA,20,108.9530,7.5933,2026-08-06 10:27:29,2026-08-06 10:27:31,2026-08-06 10:27:31
209153,1253,MJDL9,VENDA,110,42.6599,10.8861,2026-08-06 14:13:02,2026-08-06 14:13:03,2026-08-06 14:13:03
209154,1950,YFAH5,COMPRA,18,204.7929,5.8664,2026-08-06 16:54:06,2026-08-06 16:54:07,2026-08-06 16:54:07
209155,3128,UCHR6,COMPRA,45,446.3947,11.4656,2026-08-06 10:08:23,2026-08-06 10:08:26,2026-08-06 10:08:26
209156,3266,KHGP6,COMPRA,40,89.5465,9.3026,2026-08-06 11:01:05,2026-08-06 11:01:08,2026-08-06 11:01:08
209157,1603,WIPB2,COMPRA,215,129.2029,11.1710,2026-08-06 12:44:57,2026-08-06 12:44:59,2026-08-06 12:44:59
209158,3206,BXFJ9,COMPRA,85,183.1774,2.0645,2026-08-06 17:04:43,2026-08-06 17:04:44,2026-08-06 17:04:44
209159,1991,XTVW5,COMPRA,355,107.3897,8.4760,2026-08-06 12:21:33,2026-08-06 12:21:35,2026-08-06 12:21:35
209160,1523,FRGH8,COMPRA,155,85.5511,2.8321,2026-08-06 10:49:40,2026-08-06 10:49:40,2026-08-06 10:49:40
209161,2554,WMQZ6,COMPRA,193,63.8160,7.4142,2026-08-06 11:38:01,2026-08-06 11:38:03,2026-08-06 11:38:03
209162,1360,DHRM5,COMPRA,425,233.8444,2.2915,2026-08-06 10:32:36,2026-08-06 10:32:36,2026-08-06 10:32:36
209163,2911,JUDG8,COMPRA,75,69.3107,11.7134,2026-08-06 12:58:37,2026-08-06 12:58:39,2026-08-06 12:58:39
209164,2000,IJJK3,COMPRA,500,96.7353,11.4693,2026-08-06 15:21:22,2026-08-06 15:21:22,2026-08-06 15:21:22
209165,2246,TVCE9,VENDA,405,84.7480,0.7502,2026-08-06 14:07:57,2026-08-06 14:08:00,2026-08-06 14:08:00
209166,2525,KQEO3,COMPRA,270,68.7059,3.1903,2026-08-06 10:42:13,2026-08-06 10:42:15,2026-08-06 10:42:15
209167,1705,MOLF3,COMPRA,410,58.2629,10.7795,2026-08-06 16:02:03,2026-08-06 16:02:03,2026-08-06 16:02:03
209168,2294,KFSY2,COMPRA,340,97.8434,8.1965,2026-08-06 11:51:54,2026-08-06 11:51:55,2026-08-06 11:51:55
209169,1395,NGIU9,COMPRA,215,114.6703,5.0214,2026-08-06 10:04:08,2026-08-06 10:04:11,2026-08-06 10:04:11
209170,2276,WHMT3,COMPRA,410,89.8947,2.8398,2026-08-06 13:45:53,2026-08-06 13:45:54,2026-08-06 13:45:54
209171,2666,QHFL8,COMPRA,120,147.2657,12.7716,2026-08-06 16:51:31,2026-08-06 16:51:34,2026-08-06 16:51:34
209172,1764,YOWA1,COMPRA,10,46.3769,2.5795,2026-08-06 14:20:25,2026-08-06 14:20:26,2026-08-06 14:20:26
209173,1545,QEUC2,COMPRA,170,156.9026,0.9935,2026-08-06 12:12:07,2026-08-06 12:12:10,2026-08-06 12:12:10
209174,1453,OVYL9,COMPRA,405,68.7017,2.6126,2026-08-06 16:48:25,2026-08-06 16:48:27,2026-08-06 16:48:27
209175,2115,PBZM6,COMPRA,475,53.4003,2.8794,2026-08-06 16:38:36,2026-08-06 16:38:39,2026-08-06 16:38:39
209176,2599,XLZM9,COMPRA,292,44.0660,6.3021,2026-08-06 17:27:12,2026-08-06 17:27:12,2026-08-06 17:27:12
209177,2512,ZFBT3,COMPRA,369,83.5955,12.5512,2026-08-06 17:05:21,2026-08-06 17:05:23,2026-08-06 17:05:23
209178,3364,YFAH5,COMPRA,215,171.1467,9.6733,2026-08-06 12:19:33,2026-08-06 12:19:35,2026-08-06 12:19:35
209179,1611,QTDZ2,COMPRA,370,58.8202,9.9886,2026-08-06 11:31:39,2026-08-06 11:31:40,2026-08-06 11:31:40
209180,1580,UCHR6,COMPRA,85,382.7777,12.0252,2026-08-06 14:50:07,2026-08-06 14:50:09,2026-08-06 14:50:09
209181,1658,OVYL9,COMPRA,430,71.4821,1.8183,2026-08-06 14:04:47,2026-08-06 14:04:47,2026-08-06 14:04:47
209182,3107,JDJG6,COMPRA,20,74.9369,2.4096,2026-08-06 15:50:28,2026-08-06 15:50:31,2026-08-06 15:50:31
209183,2508,NREP8,COMPRA,135,130.6444,4.2307,2026-08-06 16:00:29,2026-08-06 16:00:29,2026-08-06 16:00:29
209184,3184,RDOA3,COMPRA,375,84.6839,,2026-08-06 11:28:25,2026-08-06 11:28:25,2026-08-06 11:28:25
209185,3147,TNHT4,COMPRA,95,154.6591,10.2561,2026-08-06 15:16:51,2026-08-06 15:16:54,2026-08-06 15:16:54
209186,1065,NQYT3,COMPRA,365,65.2406,5.9214,2026-08-06 12:52:31,2026-08-06 12:52:33,2026-08-06 12:52:33
209187,2724,MCMT2,COMPRA,430,75.2832,4.5766,2026-08-06 12:33:33,2026-08-06 12:33:34,2026-08-06 12:33:34
209188,2537,WIPB2,COMPRA,42,112.3752,9.5093,2026-08-06 12:31:53,2026-08-06 12:31:54,2026-08-06 12:31:54
209189,2301,QTDZ2,COMPRA,385,61.1321,5.3183,2026-08-06 10:47:37,2026-08-06 10:47:38,2026-08-06 10:47:38
209190,1108,DHRM5,COMPRA,460,379.0244,12.5920,2026-08-06 15:22:45,2026-08-06 15:22:45,2026-08-06 15:22:45
209191,1534,KHGP6,COMPRA,192,92.9365,6.3021,2026-08-06 15:16:16,2026-08-06 15:16:16,2026-08-06 15:16:16
209192,1007,ECQD7,COMPRA,175,94.9300,8.7903,2026-08-06 11:07:58,2026-08-06 11:08:01,2026-08-06 11:08:01
209193,1277,CQJZ4,COMPRA,360,88.8294,1.1557,2026-08-06 14:47:53,2026-08-06 14:47:55,2026-08-06 14:47:55
209194,2492,NYGT6,COMPRA,60,97.4039,6.5372,2026-08-06 16:44:16,2026-08-06 16:44:17,2026-08-06 16:44:17
209195,3325,VLEB3,COMPRA,175,312.4158,12.7394,2026-08-06 10:33:33,2026-08-06 10:33:36,2026-08-06 10:33:36
209196,3285,NPEM3,COMPRA,339,104.5808,1.4835,2026-08-06 10:48:45,2026-08-06 10:48:47,2026-08-06 10:48:47
209197,1197,TTHO3,COMPRA,206,42.7421,11.4901,2026-08-06 17:26:29,2026-08-06 17:26:30,2026-08-06 17:26:30
209198,2849,MCHX2,COMPRA,291,138.6745,3.7229,2026-08-06 15:10:32,2026-08-06 15:10:32,2026-08-06 15:10:32
209199,1741,DMTZ8,COMPRA,335,143.8159,0.4049,2026-08-06 11:57:02,2026-08-06 11:57:05,2026-08-06 11:57:05
209200,1798,CQJZ4,COMPRA,345,92.9488,7.1925,2026-08-06 10:06:46,2026-08-06 10:06:47,2026-08-06 10:06:47
209201,2584,HVEX2,COMPRA,80,123.8510,,2026-08-06 17:22:12,2026-08-06 17:22:15,2026-08-06 17:22:15
209202,3173,QTDZ2,COMPRA,115,47.4323,9.3567,2026-08-06 16:53:38,2026-08-06 16:53:38,2026-08-06 16:53:38
209203,1888,KFSY2,COMPRA,80,92.2393,2.1135,2026-08-06 13:42:37,2026-08-06 13:42:37,2026-08-06 13:42:37
209204,2400,ECQD7,COMPRA,485,114.6043,10.2460,2026-08-06 10:15:17,2026-08-06 10:15:18,2026-08-06 10:15:18
209205,3202,DQSN6,COMPRA,190,138.9333,7.9296,2026-08-06 16:41:46,2026-08-06 16:41:46,2026-08-06 16:41:46
209206,2738,YRWH3,COMPRA,410,208.5937,3.2082,2026-08-06 11:50:29,2026-08-06 11:50:29,2026-08-06 11:50:29
209207,1587,WXQM6,COMPRA,200,39.1198,11.5033,2026-08-06 13:48:47,2026-08-06 13:48:47,2026-08-06 13:48:47
209208,2158,DGBT6,COMPRA,440,101.3594,1.3817,2026-08-06 14:38:23,2026-08-06 14:38:26,2026-08-06 14:38:26
209209,2563,JIPA6,VENDA,105,28.5635,12.2425,2026-08-06 13:05:16,2026-08-06 13:05:17,2026-08-06 13:05:17
209210,2448,XOVY4,COMPRA,35,79.2109,2.5118,2026-08-06 14:48:19,2026-08-06 14:48:22,2026-08-06 14:48:22
209211,2032,MGRR2,COMPRA,415,156.4872,12.5254,2026-08-06 13:03:19,2026-08-06 13:03:19,2026-08-06 13:03:19
209212,2987,NHYK8,COMPRA,160,52.5259,0.0636,2026-08-06 15:13:12,2026-08-06 15:13:13,2026-08-06 15:13:13
209213,1477,IJJK3,COMPRA,5,105.4337,8.5095,2026-08-06 16:57:22,2026-08-06 16:57:24,2026-08-06 16:57:24
209214,3480,OVUQ2,COMPRA,355,45.3127,2.2340,2026-08-06 15:40:54,2026-08-06 15:40:55,2026-08-06 15:40:55
209215,1440,TNHT4,COMPRA,173,151.9504,7.1541,2026-08-06 16:40:09,2026-08-06 16:40:10,2026-08-06 16:40:10
209216,1879,MOLF3,VENDA,168,40.1255,4.0118,2026-08-06 16:33:27,2026-08-06 16:33:28,2026-08-06 16:33:28
209217,1538,ACSV1,COMPRA,370,84.4646,1.3259,2026-08-06 15:50:28,2026-08-06 15:50:31,2026-08-06 15:50:31
209218,1030,ZAAS7,COMPRA,90,343.3650,1.1757,2026-08-06 17:16:28,2026-08-06 17:16:31,2026-08-06 17:16:31
209219,2504,WXFC8,COMPRA,190,96.8680,9.2014,2026-08-06 11:46:24,2026-08-06 11:46:25,2026-08-06 11:46:25
209220,1823,TVCE9,COMPRA,460,63.4301,10.6136,2026-08-06 17:10:29,2026-08-06 17:10:31,2026-08-06 17:10:31
209221,1622,TTHO3,COMPRA,350,33.9047,4.7937,2026-08-06 14:09:33,2026-08-06 14:09:36,2026-08-06 14:09:36
209222,2729,WXQM6,COMPRA,355,57.1238,6.2514,2026-08-06 16:07:48,2026-08-06 16:07:48,2026-08-06 16:07:48
209223,2073,MJDL9,COMPRA,206,42.6647,0.7992,2026-08-06 10:27:48,2026-08-06 10:27:51,2026-08-06 10:27:51
209224,1462,AYFQ2,COMPRA,370,9.0321,12.4398,2026-08-06 13:29:27,2026-08-06 13:29:27,2026-08-06 13:29:27
209225,1367,WXQM6,COMPRA,290,54.5874,8.3364,2026-08-06 13:35:40,2026-08-06 13:35:43,2026-08-06 13:35:43
209226,1930,YOWA1,VENDA,80,60.3827,4.6388,2026-08-06 13:00:44,2026-08-06 13:00:47,2026-08-06 13:00:47
209227,2420,YOWA1,COMPRA,304,56.9156,11.7732,2026-08-06 15:00:16,2026-08-06 15:00:16,2026-08-06 15:00:16
209228,1767,OXVD8,COMPRA,465,83.4765,8.3866,2026-08-06 13:56:30,2026-08-06 13:56:31,2026-08-06 13:56:31
209229,3061,CQJZ4,VENDA,215,67.7467,7.0548,2026-08-06 11:40:42,2026-08-06 11:40:44,2026-08-06 11:40:44
209230,3502,QTHQ1,COMPRA,230,26.8469,0.1472,2026-08-06 10:47:53,2026-08-06 10:47:54,2026-08-06 10:47:54
209231,1117,MGRR2,COMPRA,400,116.0267,12.2623,2026-08-06 10:07:55,2026-08-06 10:07:56,2026-08-06 10:07:56
209232,3141,HVEX2,COMPRA,75,142.6016,5.7449,2026-08-06 11:49:41,2026-08-06 11:49:42,2026-08-06 11:49:42
209233,2138,FYZB6,COMPRA,75,52.6707,10.0899,2026-08-06 11:08:11,2026-08-06 11:08:14,2026-08-06 11:08:14
209234,1960,MGRR2,COMPRA,85,100.5301,2.3928,2026-08-06 10:25:14,2026-08-06 10:25:14,2026-08-06 10:25:14
209235,1597,LGKU6,COMPRA,195,66.2807,10.9543,2026-08-06 12:51:47,2026-08-06 12:51:48,2026-08-06 12:51:48
209236,1837,SRDU1,COMPRA,30,93.3094,3.0329,2026-08-06 14:54:15,2026-08-06 14:54:16,2026-08-06 14:54:16
209237,1463,XAVL3,COMPRA,420,215.5486,6.5702,2026-08-06 12:00:59,2026-08-06 12:01:00,2026-08-06 12:01:00
209238,2836,SGBG8,COMPRA,185,95.2904,1.9654,2026-08-06 13:06:01,2026-08-06 13:06:03,2026-08-06 13:06:03
209239,2011,WXQM6,COMPRA,70,51.2950,4.6481,2026-08-06 11:20:55,2026-08-06 11:20:56,2026-08-06 11:20:56
209240,3350,BOCS8,VENDA,350,56.4153,8.1442,2026-08-06 14:38:04,2026-08-06 14:38:06,2026-08-06 14:38:06
209241,2925,LQML9,COMPRA,75,160.6572,11.4826,2026-08-06 17:07:55,2026-08-06 17:07:57,2026-08-06 17:07:57
209242,2775,AYFQ2,COMPRA,235,9.2253,2.1665,2026-08-06 13:11:22,2026-08-06 13:11:22,2026-08-06 13:11:22
209243,1758,DEGN5,COMPRA,320,71.3249,7.8179,2026-08-06 11:12:24,2026-08-06 11:12:25,2026-08-06 11:12:25
209244,2926,NUJZ2,COMPRA,120,28.5974,9.8344,2026-08-06 12:42:28,2026-08-06 12:42:31,2026-08-06 12:42:31
209245,1832,AAUA7,COMPRA,149,115.0331,8.7873,2026-08-06 15:14:16,2026-08-06 15:14:16,2026-08-06 15:14:16
209246,1622,XOVY4,COMPRA,435,99.1183,11.8167,2026-08-06 15:10:55,2026-08-06 15:10:57,2026-08-06 15:10:57
209247,2553,RMRT1,COMPRA,265,78.9119,0.6402,2026-08-06 17:04:01,2026-08-06 17:04:03,2026-08-06 17:04:03
209248,3291,BGNM6,COMPRA,395,114.1913,0.6587,2026-08-06 13:44:38,2026-08-06 13:44:39,2026-08-06 13:44:39
209249,2101,HCLJ8,COMPRA,75,122.7479,4.0450,2026-08-06 16:56:31,2026-08-06 16:56:34,2026-08-06 16:56:34
209250,2661,QYBV3,COMPRA,237,66.9513,6.0926,2026-08-06 10:28:10,2026-08-06 10:28:10,2026-08-06 10:28:10
209251,2121,HJRH5,COMPRA,298,167.1446,5.6301,2026-08-06 11:08:57,2026-08-06 11:08:58,2026-08-06 11:08:58
209252,2092,BOCS8,COMPRA,114,49.9400,5.5074,2026-08-06 10:48:53,2026-08-06 10:48:53,2026-08-06 10:48:53
209253,2932,GAKD5,COMPRA,262,336.8798,8.9923,2026-08-06 10:35:45,2026-08-06 10:35:48,2026-08-06 10:35:48
209254,3457,MJDL9,COMPRA,155,33.3050,8.7530,2026-08-06 16:00:23,2026-08-06 16:00:23,2026-08-06 16:00:23
209255,1873,UVEY5,COMPRA,200,82.3398,7.2231,2026-08-06 10:31:21,2026-08-06 10:31:23,2026-08-06 10:31:23
209256,2359,SVOZ4,COMPRA,430,57.7373,2.9665,2026-08-06 12:48:56,2026-08-06 12:48:58,2026-08-06 12:48:58
209257,2933,RMRT1,COMPRA,75,101.8076,1.1105,2026-08-06 14:37:43,2026-08-06 14:37:44,2026-08-06 14:37:44
209258,1322,GFDF2,COMPRA,200,82.1533,9.9201,2026-08-06 14:36:23,2026-08-06 14:36:26,2026-08-06 14:36:26
209259,2250,KQEO3,COMPRA,312,75.0676,10.0162,2026-08-06 15:43:39,2026-08-06 15:43:40,2026-08-06 15:43:40
209260,3370,PZUP8,COMPRA,318,131.9849,0.6110,2026-08-06 13:03:29,2026-08-06 13:03:29,2026-08-06 13:03:29
209261,2218,AYFQ2,COMPRA,445,13.5326,4.2919,2026-08-06 10:46:01,2026-08-06 10:46:02,2026-08-06 10:46:02
209262,3117,RSBT4,COMPRA,495,361.3155,9.2910,2026-08-06 13:27:00,2026-08-06 13:27:00,2026-08-06 13:27:00
209263,2846,CQJZ4,COMPRA,325,91.0964,12.2644,2026-08-06 17:25:28,2026-08-06 17:25:28,2026-08-06 17:25:28
209264,2899,GFDF2,COMPRA,55,108.8633,6.6626,2026-08-06 14:48:48,2026-08-06 14:48:50,2026-08-06 14:48:50
209265,1199,ZHTL2,COMPRA,415,53.6371,4.8243,2026-08-06 10:11:26,2026-08-06 10:11:26,2026-08-06 10:11:26
209266,2982,LIEG8,COMPRA,187,75.9933,6.6738,2026-08-06 11:44:42,2026-08-06 11:44:44,2026-08-06 11:44:44
209267,3335,MCMT2,COMPRA,115,110.5228,0.3592,2026-08-06 17:02:58,2026-08-06 17:03:01,2026-08-06 17:03:01
209268,2811,AAWB3,COMPRA,495,153.3856,5.5883,2026-08-06 10:54:46,2026-08-06 10:54:48,2026-08-06 10:54:48
209269,2848,BOCS8,COMPRA,136,46.7033,3.0043,2026-08-06 11:23:00,2026-08-06 11:23:00,2026-08-06 11:23:00
209270,3225,XLZM9,COMPRA,490,62.0307,10.6347,2026-08-06 10:39:55,2026-08-06 10:39:58,2026-08-06 10:39:58
209271,1298,TNHT4,COMPRA,485,156.6634,4.8722,2026-08-06 15:33:52,2026-08-06 15:33:53,2026-08-06 15:33:53
209272,1041,JIPR4,COMPRA,440,33.9390,10.1105,2026-08-06 10:36:22,2026-08-06 10:36:24,2026-08-06 10:36:24
209273,2675,GAKD5,COMPRA,435,311.1586,0.9510,2026-08-06 14:33:50,2026-08-06 14:33:52,2026-08-06 14:33:52
209274,3330,LQML9,COMPRA,500,164.2297,5.9037,2026-08-06 17:01:56,2026-08-06 17:01:59,2026-08-06 17:01:59
209275,3296,DMTZ8,COMPRA,34,194.2188,9.7271,2026-08-06 12:56:05,2026-08-06 12:56:06,2026-08-06 12:56:06
209276,1726,GKQC5,COMPRA,95,133.4178,12.5738,2026-08-06 11:35:49,2026-08-06 11:35:50,2026-08-06 11:35:50
209277,2504,ZFBT3,COMPRA,380,94.1872,4.2150,2026-08-06 15:54:51,2026-08-06 15:54:52,2026-08-06 15:54:52
209278,3060,ZAAS7,COMPRA,400,426.1287,11.8714,2026-08-06 16:17:01,2026-08-06 16:17:02,2026-08-06 16:17:02
209279,1961,UQIQ7,COMPRA,312,93.4835,3.7146,2026-08-06 16:02:12,2026-08-06 16:02:14,2026-08-06 16:02:14
209280,1550,TNHT4,COMPRA,345,100.5181,2.8925,2026-08-06 13:17:18,2026-08-06 13:17:20,2026-08-06 13:17:20
209281,1646,LIEG8,COMPRA,335,95.5457,8.2980,2026-08-06 12:12:36,2026-08-06 12:12:39,2026-08-06 12:12:39
209282,1965,KQEO3,COMPRA,45,56.6251,5.1460,2026-08-06 15:21:35,2026-08-06 15:21:37,2026-08-06 15:21:37
209283,1506,HVEX2,COMPRA,185,135.7949,4.5827,2026-08-06 14:07:59,2026-08-06 14:08:00,2026-08-06 14:08:00
209284,3328,IWAK1,COMPRA,290,71.8297,3.3134,2026-08-06 11:08:02,2026-08-06 11:08:03,2026-08-06 11:08:03
209285,3016,BSDJ7,COMPRA,290,289.0563,3.5158,2026-08-06 15:59:49,2026-08-06 15:59:50,2026-08-06 15:59:50
209286,1942,BSDJ7,COMPRA,483,208.0548,6.8642,2026-08-06 10:16:34,2026-08-06 10:16:36,2026-08-06 10:16:36
209287,3136,YFAH5,COMPRA,400,188.1753,9.1186,2026-08-06 16:00:19,2026-08-06 16:00:21,2026-08-06 16:00:21
209288,1762,KQEO3,COMPRA,379,61.3780,2.0388,2026-08-06 12:46:17,2026-08-06 12:46:18,2026-08-06 12:46:18
209289,2709,DQSN6,COMPRA,400,126.7939,9.4381,2026-08-06 14:50:28,2026-08-06 14:50:28,2026-08-06 14:50:28
209290,1126,DMTZ8,COMPRA,75,144.9708,8.3915,2026-08-06 12:20:27,2026-08-06 12:20:28,2026-08-06 12:20:28
209291,2332,NUJZ2,COMPRA,450,26.3644,11.1839,2026-08-06 14:37:37,2026-08-06 14:37:38,2026-08-06 14:37:38
209292,3375,HCZM2,COMPRA,410,540.3161,2.5969,2026-08-06 12:04:18,2026-08-06 12:04:19,2026-08-06 12:04:19
209293,1095,YCCK8,COMPRA,370,507.4824,2.1664,2026-08-06 15:56:28,2026-08-06 15:56:30,2026-08-06 15:56:30
209294,1161,DQSN6,COMPRA,310,130.8319,5.9897,2026-08-06 11:01:13,2026-08-06 11:01:15,2026-08-06 11:01:15
209295,1085,XPVA7,COMPRA,385,432.1479,0.5073,2026-08-06 11:35:09,2026-08-06 11:35:12,2026-08-06 11:35:12
209296,2338,TXHR8,COMPRA,360,71.1595,4.7917,2026-08-06 12:17:41,2026-08-06 12:17:43,2026-08-06 12:17:43
209297,1504,IWFI1,COMPRA,10,199.7815,10.3014,2026-08-06 17:04:59,2026-08-06 17:04:59,2026-08-06 17:04:59
209298,3408,QQQS1,COMPRA,298,22.4433,5.1919,2026-08-06 14:54:07,2026-08-06 14:54:09,2026-08-06 14:54:09
209299,2063,RSBT4,COMPRA,261,328.4379,3.0081,2026-08-06 13:49:46,2026-08-06 13:49:47,2026-08-06 13:49:47
209300,3095,CQJZ4,COMPRA,150,94.6958,5.1021,2026-08-06 11:23:45,2026-08-06 11:23:48,2026-08-06 11:23:48
209301,2706,KHGP6,COMPRA,45,102.8716,0.5792,2026-08-06 17:29:49,2026-08-06 17:29:50,2026-08-06 17:29:50
209302,2750,IPXK2,COMPRA,70,277.6365,3.3430,2026-08-06 16:49:45,2026-08-06 16:49:47,2026-08-06 16:49:47
209303,1649,TVCE9,COMPRA,475,63.4946,6.4970,2026-08-06 16:22:54,2026-08-06 16:22:55,2026-08-06 16:22:55
209304,3512,DSFC9,COMPRA,10,489.6124,1.6714,2026-08-06 11:39:24,2026-08-06 11:39:26,2026-08-06 11:39:26
209305,2819,YRWH3,COMPRA,320,204.0742,0.8140,2026-08-06 16:36:07,2026-08-06 16:36:08,2026-08-06 16:36:08
209306,3227,YYLA4,COMPRA,10,158.2408,10.9981,2026-08-06 13:15:21,2026-08-06 13:15:24,2026-08-06 13:15:24
209307,1756,IJJK3,COMPRA,360,82.9200,9.4800,2026-08-06 16:40:38,2026-08-06 16:40:40,2026-08-06 16:40:40
209308,1214,RYPL6,COMPRA,110,96.0473,6.3273,2026-08-06 16:43:17,2026-08-06 16:43:18,2026-08-06 16:43:18
209309,2508,DGBT6,COMPRA,155,88.2264,8.9446,2026-08-06 12:34:44,2026-08-06 12:34:44,2026-08-06 12:34:44
209310,2955,MGRR2,COMPRA,285,107.1467,10.5419,2026-08-06 15:37:19,2026-08-06 15:37:19,2026-08-06 15:37:19
209311,2787,YCCK8,COMPRA,205,330.3096,4.9340,2026-08-06 16:34:04,2026-08-06 16:34:07,2026-08-06 16:34:07
209312,1172,ENRZ2,COMPRA,135,92.1379,4.0283,2026-08-06 15:04:01,2026-08-06 15:04:01,2026-08-06 15:04:01
209313,2813,PZUP8,VENDA,495,132.6023,0.7312,2026-08-06 15:49:20,2026-08-06 15:49:22,2026-08-06 15:49:22
209314,1895,HJRH5,COMPRA,159,120.5388,7.0879,2026-08-06 13:42:12,2026-08-06 13:42:14,2026-08-06 13:42:14
209315,1115,YOWA1,COMPRA,260,65.5677,7.0654,2026-08-06 14:08:52,2026-08-06 14:08:53,2026-08-06 14:08:53
209316,3379,YCCK8,COMPRA,87,503.1591,7.4001,2026-08-06 14:14:54,2026-08-06 14:14:55,2026-08-06 14:14:55
209317,2175,LGKU6,COMPRA,120,84.2248,3.3824,2026-08-06 10:31:09,2026-08-06 10:31:09,2026-08-06 10:31:09
209318,2646,GKQC5,COMPRA,325,123.0386,8.8069,2026-08-06 10:06:59,2026-08-06 10:07:02,2026-08-06 10:07:02
209319,1930,QEUC2,COMPRA,25,140.2863,9.2955,2026-08-06 15:32:00,2026-08-06 15:32:02,2026-08-06 15:32:02
209320,1132,ZFBT3,COMPRA,170,92.2731,8.2301,2026-08-06 12:54:22,2026-08-06 12:54:23,2026-08-06 12:54:23
209321,2895,HVEX2,COMPRA,235,137.4299,3.6608,2026-08-06 16:10:18,2026-08-06 16:10:18,2026-08-06 16:10:18
209322,2786,PSEN6,COMPRA,40,211.5583,1.3609,2026-08-06 16:05:31,2026-08-06 16:05:32,2026-08-06 16:05:32
209323,1533,DMTZ8,COMPRA,155,197.5918,12.8554,2026-08-06 17:26:01,2026-08-06 17:26:03,2026-08-06 17:26:03
209324,2784,UQIQ7,COMPRA,135,73.4524,12.4407,2026-08-06 14:22:27,2026-08-06 14:22:30,2026-08-06 14:22:30
209325,2876,LQML9,COMPRA,485,137.3085,11.8960,2026-08-06 11:42:37,2026-08-06 11:42:39,2026-08-06 11:42:39
209326,3482,NQYT3,COMPRA,350,58.3312,12.0503,2026-08-06 12:22:46,2026-08-06 12:22:49,2026-08-06 12:22:49
209327,1386,NWGB4,COMPRA,460,154.9102,3.2967,2026-08-06 11:27:26,2026-08-06 11:27:26,2026-08-06 11:27:26
209328,2265,XPVA7,COMPRA,396,487.3184,1.2212,2026-08-06 11:54:11,2026-08-06 11:54:12,2026-08-06 11:54:12
209329,3388,WHMT3,COMPRA,370,103.2458,9.1752,2026-08-06 10:49:22,2026-08-06 10:49:23,2026-08-06 10:49:23
209330,2054,YRWH3,COMPRA,45,174.2090,9.1903,2026-08-06 10:56:54,2026-08-06 10:56:54,2026-08-06 10:56:54
209331,1024,RDOA3,COMPRA,190,107.0407,11.6632,2026-08-06 15:49:17,2026-08-06 15:49:20,2026-08-06 15:49:20
209332,2579,EEYY9,COMPRA,90,130.5988,3.2526,2026-08-06 12:43:53,2026-08-06 12:43:56,2026-08-06 12:43:56
209333,2174,PBZM6,COMPRA,115,54.8907,12.3795,2026-08-06 14:32:19,2026-08-06 14:32:22,2026-08-06 14:32:22
209334,1049,UQIQ7,COMPRA,483,62.7606,,2026-08-06 12:16:30,2026-08-06 12:16:32,2026-08-06 12:16:32
209335,2064,YCCK8,COMPRA,41,474.9446,8.9964,2026-08-06 12:25:51,2026-08-06 12:25:53,2026-08-06 12:25:53
209336,2552,ECQD7,COMPRA,140,97.8337,0.2859,2026-08-06 11:06:54,2026-08-06 11:06:54,2026-08-06 11:06:54
209337,3361,QTDZ2,COMPRA,420,41.8407,9.4236,2026-08-06 13:23:26,2026-08-06 13:23:28,2026-08-06 13:23:28
209338,3135,WXFC8,COMPRA,135,74.8261,8.8489,2026-08-06 12:10:37,2026-08-06 12:10:38,2026-08-06 12:10:38
209339,1483,IZTY4,COMPRA,140,28.6304,6.6199,2026-08-06 16:31:20,2026-08-06 16:31:23,2026-08-06 16:31:23
209340,2487,FYZB6,COMPRA,385,52.6008,12.3282,2026-08-06 11:01:46,2026-08-06 11:01:48,2026-08-06 11:01:48
209341,3107,TVCE9,COMPRA,30,81.3350,9.0056,2026-08-06 12:54:15,2026-08-06 12:54:15,2026-08-06 12:54:15
209342,1353,YFAH5,COMPRA,10,204.3048,2.8558,2026-08-06 11:13:21,2026-08-06 11:13:23,2026-08-06 11:13:23
209343,1738,GULD2,COMPRA,140,154.6450,9.4545,2026-08-06 17:03:42,2026-08-06 17:03:44,2026-08-06 17:03:44
209344,1531,RFNS7,COMPRA,470,85.4312,11.0004,2026-08-06 11:26:51,2026-08-06 11:26:54,2026-08-06 11:26:54
209345,1120,DMTZ8,COMPRA,90,173.9304,3.3902,2026-08-06 13:10:38,2026-08-06 13:10:41,2026-08-06 13:10:41
209346,1142,PSEN6,COMPRA,65,231.8584,4.4875,2026-08-06 15:42:49,2026-08-06 15:42:49,2026-08-06 15:42:49
209347,1999,XAVL3,COMPRA,140,208.3342,9.0801,2026-08-06 15:18:02,2026-08-06 15:18:05,2026-08-06 15:18:05
209348,1786,UFIU3,COMPRA,300,107.2413,10.4139,2026-08-06 11:51:43,2026-08-06 11:51:46,2026-08-06 11:51:46
209349,1157,NUJZ2,COMPRA,115,30.3384,8.5492,2026-08-06 17:12:28,2026-08-06 17:12:31,2026-08-06 17:12:31
209350,1004,GAKD5,COMPRA,196,252.3731,3.7524,2026-08-06 14:03:00,2026-08-06 14:03:02,2026-08-06 14:03:02
209351,2283,YFAH5,COMPRA,135,189.1621,10.1567,2026-08-06 17:21:43,2026-08-06 17:21:46,2026-08-06 17:21:46
209352,1783,BSDJ7,COMPRA,225,282.3726,4.6643,2026-08-06 15:27:05,2026-08-06 15:27:05,2026-08-06 15:27:05
209353,2451,DQSN6,COMPRA,160,133.9269,3.0337,2026-08-06 10:17:18,2026-08-06 10:17:18,2026-08-06 10:17:18
209354,1519,AYFQ2,COMPRA,240,9.3136,3.5295,2026-08-06 11:54:04,2026-08-06 11:54:05,2026-08-06 11:54:05
209355,1159,ERTC4,COMPRA,431,48.0251,12.6971,2026-08-06 14:05:41,2026-08-06 14:05:42,2026-08-06 14:05:42
209356,3478,YCCK8,COMPRA,35,313.9920,3.3231,2026-08-06 17:14:42,2026-08-06 17:14:43,2026-08-06 17:14:43
209357,1511,BGNM6,COMPRA,337,121.3337,5.2127,2026-08-06 10:34:02,2026-08-06 10:34:04,2026-08-06 10:34:04
209358,2510,ACSV1,COMPRA,360,103.4038,,2026-08-06 14:02:39,2026-08-06 14:02:41,2026-08-06 14:02:41
209359,2751,QHFL8,COMPRA,45,152.6052,1.5026,2026-08-06 15:45:30,2026-08-06 15:45:30,2026-08-06 15:45:30
209360,1074,YCCK8,COMPRA,474,348.6269,11.9928,2026-08-06 17:07:28,2026-08-06 17:07:29,2026-08-06 17:07:29
209361,3034,SRDU1,COMPRA,460,95.4245,3.2365,2026-08-06 12:00:18,2026-08-06 12:00:19,2026-08-06 12:00:19
209362,1451,QHFL8,COMPRA,20,180.1870,5.1844,2026-08-06 11:37:09,2026-08-06 11:37:12,2026-08-06 11:37:12
209363,1049,FRGH8,COMPRA,485,82.9456,,2026-08-06 11:37:02,2026-08-06 11:37:05,2026-08-06 11:37:05
209364,3399,SRDU1,COMPRA,40,65.7475,3.3917,2026-08-06 11:57:13,2026-08-06 11:57:13,2026-08-06 11:57:13
209365,1265,TVCE9,COMPRA,445,60.8536,4.3476,2026-08-06 11:29:25,2026-08-06 11:29:25,2026-08-06 11:29:25
209366,2881,JUDG8,COMPRA,250,105.0070,8.4182,2026-08-06 11:28:43,2026-08-06 11:28:44,2026-08-06 11:28:44
209367,2042,MGRR2,COMPRA,207,160.9481,6.4246,2026-08-06 14:08:32,2026-08-06 14:08:32,2026-08-06 14:08:32
209368,3043,WXFC8,COMPRA,40,74.4924,0.1958,2026-08-06 15:13:02,2026-08-06 15:13:03,2026-08-06 15:13:03
209369,1131,UQJU7,VENDA,212,75.3809,5.5547,2026-08-06 14:41:40,2026-08-06 14:41:43,2026-08-06 14:41:43
209370,2158,IJJK3,COMPRA,60,83.9690,0.6358,2026-08-06 10:35:56,2026-08-06 10:35:59,2026-08-06 10:35:59
209371,3239,AYFQ2,COMPRA,15,11.4579,3.3442,2026-08-06 13:46:37,2026-08-06 13:46:40,2026-08-06 13:46:40
209372,1450,UQJU7,COMPRA,289,66.0476,4.0809,2026-08-06 14:51:00,2026-08-06 14:51:00,2026-08-06 14:51:00
209373,2952,ZFBT3,COMPRA,455,80.1118,10.4372,2026-08-06 10:05:30,2026-08-06 10:05:31,2026-08-06 10:05:31
209374,1022,LCCH9,COMPRA,210,8.3702,2.0338,2026-08-06 17:01:59,2026-08-06 17:01:59,2026-08-06 17:01:59
209375,2276,QYBV3,COMPRA,185,82.0871,11.6624,2026-08-06 17:16:02,2026-08-06 17:16:05,2026-08-06 17:16:05
209376,1126,PQUT9,COMPRA,60,84.9417,4.5688,2026-08-06 16:26:57,2026-08-06 16:26:59,2026-08-06 16:26:59
209377,2261,PQUT9,COMPRA,50,99.7610,9.4345,2026-08-06 12:42:08,2026-08-06 12:42:08,2026-08-06 12:42:08
209378,1822,ECQD7,COMPRA,120,72.9666,6.8445,2026-08-06 15:08:30,2026-08-06 15:08:33,2026-08-06 15:08:33
209379,2088,QQQS1,COMPRA,215,26.6387,3.6862,2026-08-06 11:20:04,2026-08-06 11:20:05,2026-08-06 11:20:05
209380,2240,MCMT2,COMPRA,385,93.7448,0.3243,2026-08-06 11:44:06,2026-08-06 11:44:09,2026-08-06 11:44:09
209381,2092,QQQS1,COMPRA,315,23.3764,3.7561,2026-08-06 16:36:20,2026-08-06 16:36:22,2026-08-06 16:36:22
209382,2346,KHGP6,VENDA,410,93.0341,10.0130,2026-08-06 11:42:23,2026-08-06 11:42:26,2026-08-06 11:42:26
209383,2379,QQQS1,COMPRA,359,27.5989,12.0864,2026-08-06 11:49:21,2026-08-06 11:49:22,2026-08-06 11:49:22
209384,1703,IWAK1,COMPRA,75,98.1046,3.2992,2026-08-06 11:52:11,2026-08-06 11:52:12,2026-08-06 11:52:12
209385,2638,XOVY4,COMPRA,112,76.2790,8.6512,2026-08-06 12:46:16,2026-08-06 12:46:19,2026-08-06 12:46:19
209386,3359,DSFC9,COMPRA,311,464.8773,12.0965,2026-08-06 17:29:07,2026-08-06 17:29:08,2026-08-06 17:29:08
209387,1131,TTHO3,COMPRA,135,39.9883,4.9397,2026-08-06 11:33:30,2026-08-06 11:33:30,2026-08-06 11:33:30
209388,1873,CQIL9,COMPRA,325,46.0158,10.8936,2026-08-06 14:15:59,2026-08-06 14:15:59,2026-08-06 14:15:59
209389,3261,YRWH3,COMPRA,46,163.3410,7.0671,2026-08-06 17:24:04,2026-08-06 17:24:04,2026-08-06 17:24:04
209390,1446,CQIL9,COMPRA,272,36.5079,9.0022,2026-08-06 11:03:26,2026-08-06 11:03:29,2026-08-06 11:03:29
209391,2494,UCHR6,COMPRA,490,373.4231,2.4792,2026-08-06 15:31:37,2026-08-06 15:31:37,2026-08-06 15:31:37
209392,2655,AAWB3,COMPRA,355,183.1651,4.7997,2026-08-06 16:01:51,2026-08-06 16:01:52,2026-08-06 16:01:52
209393,1016,DFGR7,COMPRA,140,97.0102,7.2868,2026-08-06 13:28:21,2026-08-06 13:28:21,2026-08-06 13:28:21
209394,2594,UYFJ9,COMPRA,14,94.3303,1.4769,2026-08-06 13:46:15,2026-08-06 13:46:16,2026-08-06 13:46:16
209395,2488,MOLF3,COMPRA,135,51.9982,1.4313,2026-08-06 15:31:52,2026-08-06 15:31:54,2026-08-06 15:31:54
209396,1982,OXVD8,COMPRA,365,82.7341,12.7703,2026-08-06 13:23:09,2026-08-06 13:23:09,2026-08-06 13:23:09
209397,2581,QHFL8,COMPRA,385,142.8656,0.5112,2026-08-06 12:00:41,2026-08-06 12:00:44,2026-08-06 12:00:44
209398,2104,OVUQ2,COMPRA,117,47.5155,7.0513,2026-08-06 16:00:29,2026-08-06 16:00:31,2026-08-06 16:00:31
209399,2366,HCLJ8,VENDA,170,131.5536,7.2541,2026-08-06 15:32:14,2026-08-06 15:32:14,2026-08-06 15:32:14
209400,3189,SGBG8,COMPRA,340,69.2624,3.6298,2026-08-06 11:26:20,2026-08-06 11:26:21,2026-08-06 11:26:21
209401,3380,DEGN5,COMPRA,240,79.8467,11.3398,2026-08-06 17:23:15,2026-08-06 17:23:18,2026-08-06 17:23:18
209402,2545,RYPL6,VENDA,190,86.7733,10.6713,2026-08-06 11:23:46,2026-08-06 11:23:48,2026-08-06 11:23:48
209403,1098,YCCK8,COMPRA,220,395.3024,12.6746,2026-08-06 15:18:21,2026-08-06 15:18:23,2026-08-06 15:18:23
209404,1108,OXVD8,COMPRA,345,68.2391,12.0720,2026-08-06 16:11:12,2026-08-06 16:11:14,2026-08-06 16:11:14
209405,3123,XOVY4,COMPRA,425,110.5999,2.5783,2026-08-06 16:16:25,2026-08-06 16:16:27,2026-08-06 16:16:27
209406,2859,QYBV3,COMPRA,325,79.3034,4.4472,2026-08-06 11:49:20,2026-08-06 11:49:20,2026-08-06 11:49:20
209407,3059,PBZM6,COMPRA,294,69.6895,5.7634,2026-08-06 11:49:56,2026-08-06 11:49:59,2026-08-06 11:49:59
209408,1079,KQEO3,COMPRA,125,68.1766,2.8389,2026-08-06 14:20:13,2026-08-06 14:20:15,2026-08-06 14:20:15
209409,1454,LCCH9,COMPRA,482,10.3329,,2026-08-06 13:05:50,2026-08-06 13:05:50,2026-08-06 13:05:50
209410,2058,IZTY4,COMPRA,445,31.0447,12.5582,2026-08-06 16:34:16,2026-08-06 16:34:16,2026-08-06 16:34:16
209411,2675,DGBT6,COMPRA,170,90.5880,0.4241,2026-08-06 13:42:15,2026-08-06 13:42:16,2026-08-06 13:42:16
209412,2646,QTDZ2,COMPRA,80,59.0184,1.6460,2026-08-06 14:15:11,2026-08-06 14:15:12,2026-08-06 14:15:12
209413,2343,WIPB2,COMPRA,325,90.4227,0.9726,2026-08-06 15:48:06,2026-08-06 15:48:09,2026-08-06 15:48:09
209414,1224,DEGN5,COMPRA,220,97.0497,8.9344,2026-08-06 11:10:37,2026-08-06 11:10:37,2026-08-06 11:10:37
209415,1100,GULD2,COMPRA,275,172.8646,4.1521,2026-08-06 16:27:30,2026-08-06 16:27:30,2026-08-06 16:27:30
209416,1189,NAOF3,COMPRA,295,73.6112,4.5066,2026-08-06 10:30:41,2026-08-06 10:30:44,2026-08-06 10:30:44
209417,1516,QYBV3,COMPRA,245,67.5238,11.6927,2026-08-06 15:22:31,2026-08-06 15:22:33,2026-08-06 15:22:33
209418,1853,GULD2,COMPRA,374,162.3684,11.2277,2026-08-06 16:20:16,2026-08-06 16:20:18,2026-08-06 16:20:18
209419,1712,TVCE9,COMPRA,230,55.8136,6.1870,2026-08-06 14:12:58,2026-08-06 14:13:00,2026-08-06 14:13:00
209420,2443,IWAK1,COMPRA,289,96.2857,9.9462,2026-08-06 10:49:18,2026-08-06 10:49:18,2026-08-06 10:49:18
209421,2141,WIPB2,COMPRA,290,115.2482,2.5113,2026-08-06 15:22:28,2026-08-06 15:22:30,2026-08-06 15:22:30
209422,1569,IJJK3,COMPRA,430,136.3936,6.0906,2026-08-06 12:44:24,2026-08-06 12:44:25,2026-08-06 12:44:25
209423,3290,KFSY2,COMPRA,300,101.8788,12.4413,2026-08-06 16:05:40,2026-08-06 16:05:42,2026-08-06 16:05:42
209424,2377,BOCS8,COMPRA,495,57.1405,4.2726,2026-08-06 11:48:18,2026-08-06 11:48:18,2026-08-06 11:48:18
209425,2646,QTDZ2,COMPRA,340,61.7305,6.7735,2026-08-06 12:23:10,2026-08-06 12:23:13,2026-08-06 12:23:13
209426,1143,BGNM6,COMPRA,45,111.2587,5.6468,2026-08-06 12:50:45,2026-08-06 12:50:48,2026-08-06 12:50:48
209427,3199,RYPL6,COMPRA,460,89.8115,2.5363,2026-08-06 13:59:07,2026-08-06 13:59:07,2026-08-06 13:59:07
209428,1733,RMRT1,COMPRA,345,126.5365,6.9891,2026-08-06 13:24:24,2026-08-06 13:24:27,2026-08-06 13:24:27
209429,2190,HVEX2,COMPRA,401,163.3307,11.4256,2026-08-06 16:46:36,2026-08-06 16:46:39,2026-08-06 16:46:39
209430,3418,TXHR8,COMPRA,195,67.5202,3.5926,2026-08-06 17:30:14,2026-08-06 17:30:16,2026-08-06 17:30:16
209431,2814,HJRH5,COMPRA,240,119.8635,6.5237,2026-08-06 14:45:19,2026-08-06 14:45:19,2026-08-06 14:45:19
209432,3507,KQEO3,COMPRA,430,90.6907,7.6929,2026-08-06 13:15:55,2026-08-06 13:15:57,2026-08-06 13:15:57
209433,2378,WMQZ6,COMPRA,420,75.3622,5.4498,2026-08-06 11:17:15,2026-08-06 11:17:16,2026-08-06 11:17:16
209434,1063,TTHO3,COMPRA,130,42.7878,9.4701,2026-08-06 11:13:38,2026-08-06 11:13:40,2026-08-06 11:13:40
209435,1050,GULD2,COMPRA,190,116.6547,11.9214,2026-08-06 11:33:57,2026-08-06 11:34:00,2026-08-06 11:34:00
209436,2635,JJVW6,VENDA,170,113.7488,3.3549,2026-08-06 11:53:29,2026-08-06 11:53:32,2026-08-06 11:53:32
209437,1302,IZTY4,COMPRA,70,31.6386,6.8498,2026-08-06 11:29:36,2026-08-06 11:29:38,2026-08-06 11:29:38
209438,2302,NYGT6,COMPRA,200,114.4300,3.3095,2026-08-06 12:50:43,2026-08-06 12:50:43,2026-08-06 12:50:43
209439,2059,MCHX2,COMPRA,245,122.0588,3.9178,2026-08-06 15:53:11,2026-08-06 15:53:13,2026-08-06 15:53:13
209440,3085,BSDJ7,COMPRA,290,283.4527,7.7802,2026-08-06 10:44:37,2026-08-06 10:44:37,2026-08-06 10:44:37
209441,1544,QATW7,COMPRA,420,47.8807,1.5453,2026-08-06 13:24:31,2026-08-06 13:24:34,2026-08-06 13:24:34
209442,1363,DSFC9,COMPRA,359,337.1061,6.7197,2026-08-06 10:17:10,2026-08-06 10:17:11,2026-08-06 10:17:11
209443,2619,XOVY4,COMPRA,55,75.6555,2.5171,2026-08-06 14:09:40,2026-08-06 14:09:40,2026-08-06 14:09:40
209444,3355,TBWG2,COMPRA,60,61.0642,0.9862,2026-08-06 12:45:32,2026-08-06 12:45:34,2026-08-06 12:45:34
209445,2036,CQJZ4,COMPRA,490,67.3049,4.1243,2026-08-06 15:48:07,2026-08-06 15:48:10,2026-08-06 15:48:10
209446,1771,BGNM6,COMPRA,500,102.7078,5.8769,2026-08-06 13:16:41,2026-08-06 13:16:44,2026-08-06 13:16:44
209447,1078,YFAH5,COMPRA,275,160.3989,12.1640,2026-08-06 11:02:22,2026-08-06 11:02:22,2026-08-06 11:02:22
209448,2177,RDOA3,COMPRA,83,112.9498,9.7510,2026-08-06 10:14:01,2026-08-06 10:14:02,2026-08-06 10:14:02
209449,1012,GKQC5,COMPRA,378,125.9349,7.1783,2026-08-06 17:12:20,2026-08-06 17:12:21,2026-08-06 17:12:21
209450,1694,IZTY4,COMPRA,364,35.0049,11.1696,2026-08-06 17:13:23,2026-08-06 17:13:24,2026-08-06 17:13:24
209451,1997,HVEX2,COMPRA,334,166.3056,2.7867,2026-08-06 14:28:58,2026-08-06 14:28:59,2026-08-06 14:28:59
209452,3077,SUZL4,COMPRA,360,108.6207,8.3732,2026-08-06 11:29:44,2026-08-06 11:29:46,2026-08-06 11:29:46
209453,3501,WXFC8,COMPRA,123,77.4712,0.3717,2026-08-06 17:07:14,2026-08-06 17:07:17,2026-08-06 17:07:17
209454,2234,TVCE9,COMPRA,390,58.3902,6.4739,2026-08-06 10:35:35,2026-08-06 10:35:36,2026-08-06 10:35:36
209455,3008,TBWG2,COMPRA,300,86.2127,9.8416,2026-08-06 10:30:03,2026-08-06 10:30:04,2026-08-06 10:30:04
209456,3059,CQIL9,VENDA,330,43.3672,4.9873,2026-08-06 12:43:33,2026-08-06 12:43:33,2026-08-06 12:43:33
209457,3088,WHMT3,COMPRA,420,93.2204,4.1204,2026-08-06 15:10:17,2026-08-06 15:10:18,2026-08-06 15:10:18
209458,2619,ECQD7,COMPRA,345,112.2949,0.0454,2026-08-06 15:49:27,2026-08-06 15:49:27,2026-08-06 15:49:27
209459,1156,UYFJ9,COMPRA,400,74.6559,9.9699,2026-08-06 16:26:33,2026-08-06 16:26:36,2026-08-06 16:26:36
209460,2239,HJRH5,COMPRA,365,150.3377,6.4175,2026-08-06 16:21:33,2026-08-06 16:21:36,2026-08-06 16:21:36
209461,2062,LCCH9,COMPRA,295,7.5517,0.0321,2026-08-06 15:37:50,2026-08-06 15:37:53,2026-08-06 15:37:53
209462,2446,XAVL3,COMPRA,135,202.9170,1.7357,2026-08-06 15:15:54,2026-08-06 15:15:57,2026-08-06 15:15:57
209463,2337,ICSU4,COMPRA,365,142.6696,10.2645,2026-08-06 15:30:26,2026-08-06 15:30:27,2026-08-06 15:30:27
209464,1500,LGKU6,COMPRA,500,82.8769,8.1777,2026-08-06 12:05:12,2026-08-06 12:05:12,2026-08-06 12:05:12
209465,2360,CQJZ4,COMPRA,180,78.7600,7.9255,2026-08-06 10:00:52,2026-08-06 10:00:53,2026-08-06 10:00:53
209466,1990,OVYL9,VENDA,205,83.4106,0.5595,2026-08-06 15:17:04,2026-08-06 15:17:06,2026-08-06 15:17:06
209467,1012,JJVW6,COMPRA,310,146.5334,1.7956,2026-08-06 10:02:41,2026-08-06 10:02:42,2026-08-06 10:02:42
209468,3484,IPXK2,COMPRA,85,389.0847,8.7514,2026-08-06 14:00:57,2026-08-06 14:00:57,2026-08-06 14:00:57
209469,3211,BGNM6,COMPRA,215,107.0123,1.6224,2026-08-06 12:10:44,2026-08-06 12:10:45,2026-08-06 12:10:45
209470,2378,ZAAS7,COMPRA,240,496.2335,11.0291,2026-08-06 11:43:40,2026-08-06 11:43:40,2026-08-06 11:43:40
209471,3213,ZHTL2,COMPRA,5,61.9811,6.3005,2026-08-06 15:34:25,2026-08-06 15:34:26,2026-08-06 15:34:26
209472,2670,JDJG6,COMPRA,230,85.7320,0.0670,2026-08-06 15:20:21,2026-08-06 15:20:21,2026-08-06 15:20:21
209473,2446,GFDF2,COMPRA,405,71.0300,11.6916,2026-08-06 13:05:54,2026-08-06 13:05:55,2026-08-06 13:05:55
209474,2734,GULD2,COMPRA,208,134.9555,4.8545,2026-08-06 16:51:50,2026-08-06 16:51:50,2026-08-06 16:51:50
209475,2191,NAOF3,COMPRA,340,56.1014,7.4773,2026-08-06 10:55:07,2026-08-06 10:55:08,2026-08-06 10:55:08
209476,1807,HCZM2,COMPRA,100,399.2612,12.6646,2026-08-06 14:33:53,2026-08-06 14:33:54,2026-08-06 14:33:54
209477,2464,SGBG8,COMPRA,222,102.7190,10.6205,2026-08-06 14:25:55,2026-08-06 14:25:57,2026-08-06 14:25:57
209478,2414,TNHT4,COMPRA,355,111.8256,11.1663,2026-08-06 13:55:12,2026-08-06 13:55:12,2026-08-06 13:55:12
209479,1765,DMTZ8,COMPRA,70,163.6079,0.4783,2026-08-06 16:49:32,2026-08-06 16:49:32,2026-08-06 16:49:32
209480,1423,TBWG2,COMPRA,210,76.2307,5.5950,2026-08-06 13:41:31,2026-08-06 13:41:33,2026-08-06 13:41:33
209481,2351,IWAK1,COMPRA,140,66.1738,9.0513,2026-08-06 12:46:52,2026-08-06 12:46:55,2026-08-06 12:46:55
209482,2509,QQQS1,COMPRA,335,21.9119,8.9119,2026-08-06 13:17:42,2026-08-06 13:17:43,2026-08-06 13:17:43
209483,3291,ENRZ2,COMPRA,445,96.3839,3.1573,2026-08-06 13:13:09,2026-08-06 13:13:09,2026-08-06 13:13:09
209484,1377,WXQM6,COMPRA,210,37.8512,6.8468,2026-08-06 14:37:48,2026-08-06 14:37:49,2026-08-06 14:37:49
209485,3292,ZFBT3,COMPRA,270,104.3502,9.9710,2026-08-06 10:26:39,2026-08-06 10:26:39,2026-08-06 10:26:39
209486,2944,CQIL9,COMPRA,392,39.2159,1.0533,2026-08-06 16:29:21,2026-08-06 16:29:24,2026-08-06 16:29:24
209487,1314,FRGH8,COMPRA,440,91.8181,4.8630,2026-08-06 16:56:17,2026-08-06 16:56:19,2026-08-06 16:56:19
209488,3257,ECQD7,COMPRA,465,72.9376,5.3732,2026-08-06 16:56:44,2026-08-06 16:56:45,2026-08-06 16:56:45
209489,1786,UCHR6,COMPRA,355,321.8677,11.8281,2026-08-06 10:13:22,2026-08-06 10:13:22,2026-08-06 10:13:22
209490,1511,OVUQ2,COMPRA,310,57.6830,0.7101,2026-08-06 14:49:53,2026-08-06 14:49:54,2026-08-06 14:49:54
209491,1204,IZTY4,COMPRA,50,25.2964,11.5139,2026-08-06 12:59:51,2026-08-06 12:59:54,2026-08-06 12:59:54
209492,1505,DFGR7,COMPRA,244,110.5452,6.1785,2026-08-06 16:58:10,2026-08-06 16:58:10,2026-08-06 16:58:10
209493,2070,YYLA4,COMPRA,260,166.7755,8.2464,2026-08-06 12:45:15,2026-08-06 12:45:15,2026-08-06 12:45:15
209494,3132,FIUW1,COMPRA,365,105.0204,6.6066,2026-08-06 13:51:19,2026-08-06 13:51:21,2026-08-06 13:51:21
209495,2625,BGNM6,COMPRA,465,123.9098,4.3550,2026-08-06 14:16:30,2026-08-06 14:16:30,2026-08-06 14:16:30
209496,2412,UFMA7,COMPRA,500,131.0006,10.6059,2026-08-06 14:08:07,2026-08-06 14:08:08,2026-08-06 14:08:08
209497,1521,MCHX2,COMPRA,460,122.5893,1.5085,2026-08-06 14:19:59,2026-08-06 14:20:00,2026-08-06 14:20:00
209498,2981,IWAK1,COMPRA,160,95.4501,8.9213,2026-08-06 15:51:59,2026-08-06 15:52:02,2026-08-06 15:52:02
209499,3169,CQJZ4,COMPRA,155,68.2480,10.9784,2026-08-06 14:04:55,2026-08-06 14:04:56,2026-08-06 14:04:56
209500,1641,BGNM6,COMPRA,315,127.4217,1.3110,2026-08-06 14:25:39,2026-08-06 14:25:40,2026-08-06 14:25:40
209501,2336,PZUP8,COMPRA,345,189.3245,0.3368,2026-08-06 12:36:35,2026-08-06 12:36:37,2026-08-06 12:36:37
209502,1081,WXQM6,COMPRA,355,46.0061,7.8376,2026-08-06 14:52:32,2026-08-06 14:52:33,2026-08-06 14:52:33
209503,2997,FRGH8,COMPRA,55,83.4900,7.6682,2026-08-06 16:18:38,2026-08-06 16:18:39,2026-08-06 16:18:39
209504,1676,YFAH5,COMPRA,95,163.7469,7.8065,2026-08-06 13:39:14,2026-08-06 13:39:15,2026-08-06 13:39:15
209505,2189,TVCE9,COMPRA,35,73.1586,2.9418,2026-08-06 15:09:03,2026-08-06 15:09:03,2026-08-06 15:09:03
209506,2051,DQSN6,COMPRA,205,161.6667,2.2431,2026-08-06 16:33:02,2026-08-06 16:33:04,2026-08-06 16:33:04
209507,1447,DGBT6,COMPRA,70,87.2345,11.3892,2026-08-06 15:40:53,2026-08-06 15:40:56,2026-08-06 15:40:56
209508,1895,ICSU4,COMPRA,315,155.9167,3.8276,2026-08-06 10:39:55,2026-08-06 10:39:57,2026-08-06 10:39:57
209509,2510,YIHC3,COMPRA,145,74.0634,6.4712,2026-08-06 12:40:42,2026-08-06 12:40:44,2026-08-06 12:40:44
209510,1314,GULD2,COMPRA,10,164.1983,11.8531,2026-08-06 14:29:46,2026-08-06 14:29:49,2026-08-06 14:29:49
209511,2999,OXVD8,COMPRA,435,66.0678,3.4676,2026-08-06 15:37:02,2026-08-06 15:37:05,2026-08-06 15:37:05
209512,2369,QHFL8,COMPRA,295,169.1562,1.7053,2026-08-06 15:21:46,2026-08-06 15:21:48,2026-08-06 15:21:48
209513,1257,FYZB6,COMPRA,360,61.9170,8.6091,2026-08-06 16:16:13,2026-08-06 16:16:14,2026-08-06 16:16:14
209514,2946,NGIU9,COMPRA,35,99.1695,8.0833,2026-08-06 11:47:56,2026-08-06 11:47:59,2026-08-06 11:47:59
209515,2541,QQQS1,VENDA,258,27.0189,6.5687,2026-08-06 12:40:33,2026-08-06 12:40:35,2026-08-06 12:40:35
209516,1750,RFNS7,COMPRA,350,88.1667,6.3591,2026-08-06 14:19:44,2026-08-06 14:19:45,2026-08-06 14:19:45
209517,1910,VLEB3,COMPRA,68,328.6218,7.0836,2026-08-06 13:56:47,2026-08-06 13:56:49,2026-08-06 13:56:49
209518,2929,EEYY9,COMPRA,445,185.9879,2.4053,2026-08-06 15:59:30,2026-08-06 15:59:32,2026-08-06 15:59:32
209519,1299,XPVA7,COMPRA,10,436.0695,5.1128,2026-08-06 15:07:22,2026-08-06 15:07:25,2026-08-06 15:07:25
209520,1920,UYFJ9,COMPRA,190,79.0013,11.8943,2026-08-06 15:39:41,2026-08-06 15:39:42,2026-08-06 15:39:42
209521,1840,HCZM2,COMPRA,420,417.5438,2.6245,2026-08-06 10:54:13,2026-08-06 10:54:13,2026-08-06 10:54:13
209522,2197,AAWB3,COMPRA,245,163.0322,5.0324,2026-08-06 12:15:17,2026-08-06 12:15:17,2026-08-06 12:15:17
209523,2294,PBZM6,COMPRA,110,48.9542,7.6472,2026-08-06 13:34:18,2026-08-06 13:34:18,2026-08-06 13:34:18
209524,2466,UQIQ7,COMPRA,60,81.0558,11.9457,2026-08-06 16:39:09,2026-08-06 16:39:09,2026-08-06 16:39:09
209525,2203,WHMT3,COMPRA,195,101.4020,6.5428,2026-08-06 10:21:30,2026-08-06 10:21:31,2026-08-06 10:21:31
209526,3021,OXVD8,COMPRA,355,66.5977,0.5112,2026-08-06 10:30:28,2026-08-06 10:30:28,2026-08-06 10:30:28
209527,2546,CQIL9,COMPRA,310,35.5686,5.9982,2026-08-06 12:27:21,2026-08-06 12:27:21,2026-08-06 12:27:21
209528,1343,IPXK2,COMPRA,55,367.8743,8.2541,2026-08-06 14:17:09,2026-08-06 14:17:12,2026-08-06 14:17:12
209529,3045,IWFI1,COMPRA,25,198.2727,0.4939,2026-08-06 12:46:06,2026-08-06 12:46:06,2026-08-06 12:46:06
209530,2914,GFDF2,COMPRA,305,79.4272,0.4793,2026-08-06 12:51:48,2026-08-06 12:51:51,2026-08-06 12:51:51
209531,3178,UVEY5,COMPRA,112,73.3897,6.8591,2026-08-06 12:04:34,2026-08-06 12:04:35,2026-08-06 12:04:35
209532,1794,YRWH3,COMPRA,5,205.3087,4.2275,2026-08-06 13:33:44,2026-08-06 13:33:46,2026-08-06 13:33:46
209533,1595,RYPL6,COMPRA,10,69.5816,9.5396,2026-08-06 11:46:27,2026-08-06 11:46:29,2026-08-06 11:46:29
209534,2650,NQYT3,COMPRA,270,74.2866,4.9618,2026-08-06 10:50:47,2026-08-06 10:50:50,2026-08-06 10:50:50
209535,2308,YCCK8,COMPRA,65,323.1703,12.8304,2026-08-06 16:10:36,2026-08-06 16:10:37,2026-08-06 16:10:37
209536,2180,CQIL9,COMPRA,120,28.3352,3.1513,2026-08-06 11:01:43,2026-08-06 11:01:44,2026-08-06 11:01:44
209537,2662,UYFJ9,COMPRA,485,100.6930,6.6892,2026-08-06 10:06:52,2026-08-06 10:06:52,2026-08-06 10:06:52
209538,2210,QEUC2,COMPRA,75,210.7584,1.3111,2026-08-06 17:10:13,2026-08-06 17:10:15,2026-08-06 17:10:15
209539,1920,MCMT2,COMPRA,25,74.3965,11.3587,2026-08-06 15:23:07,2026-08-06 15:23:10,2026-08-06 15:23:10
209540,3279,WXFC8,COMPRA,125,66.3570,11.7662,2026-08-06 13:58:25,2026-08-06 13:58:25,2026-08-06 13:58:25
209541,1391,YCCK8,COMPRA,237,312.0244,10.2809,2026-08-06 15:28:45,2026-08-06 15:28:48,2026-08-06 15:28:48
209542,3356,RHXV4,COMPRA,447,62.6253,4.6214,2026-08-06 11:39:20,2026-08-06 11:39:20,2026-08-06 11:39:20
209543,2859,KHGP6,COMPRA,240,78.2975,1.5260,2026-08-06 14:24:11,2026-08-06 14:24:14,2026-08-06 14:24:14
209544,1595,RDOA3,COMPRA,420,103.8276,1.3801,2026-08-06 11:38:27,2026-08-06 11:38:27,2026-08-06 11:38:27
209545,1645,MCMT2,COMPRA,94,117.4806,5.9058,2026-08-06 10:46:16,2026-08-06 10:46:19,2026-08-06 10:46:19
209546,2250,GKQC5,COMPRA,425,110.9115,9.9519,2026-08-06 13:33:11,2026-08-06 13:33:11,2026-08-06 13:33:11
209547,1010,PZUP8,COMPRA,485,170.1872,1.4260,2026-08-06 11:27:17,2026-08-06 11:27:19,2026-08-06 11:27:19
209548,3131,AAWB3,COMPRA,85,173.9716,7.4194,2026-08-06 13:54:16,2026-08-06 13:54:18,2026-08-06 13:54:18
209549,1077,EEYY9,COMPRA,65,198.0498,12.1971,2026-08-06 14:21:24,2026-08-06 14:21:27,2026-08-06 14:21:27
209550,1027,QTHQ1,COMPRA,95,25.3245,6.5756,2026-08-06 15:20:03,2026-08-06 15:20:05,2026-08-06 15:20:05
209551,2230,MGRR2,COMPRA,445,160.9517,1.3703,2026-08-06 17:23:30,2026-08-06 17:23:31,2026-08-06 17:23:31
209552,1882,YFAH5,COMPRA,490,171.2019,3.3529,2026-08-06 12:52:17,2026-08-06 12:52:18,2026-08-06 12:52:18
209553,3391,UFIU3,COMPRA,140,80.5050,1.9270,2026-08-06 15:30:34,2026-08-06 15:30:36,2026-08-06 15:30:36
209554,3368,YCCK8,COMPRA,170,497.9861,8.8949,2026-08-06 15:03:50,2026-08-06 15:03:52,2026-08-06 15:03:52
209555,1173,WIPB2,COMPRA,280,85.7715,12.2281,2026-08-06 17:17:57,2026-08-06 17:17:58,2026-08-06 17:17:58
209556,1715,JDJG6,COMPRA,245,56.8093,10.9233,2026-08-06 16:22:38,2026-08-06 16:22:39,2026-08-06 16:22:39
209557,2732,XTVW5,COMPRA,5,125.8854,5.2886,2026-08-06 11:17:52,2026-08-06 11:17:53,2026-08-06 11:17:53
209558,3510,PZUP8,COMPRA,450,156.6309,0.7012,2026-08-06 14:31:30,2026-08-06 14:31:33,2026-08-06 14:31:33
209559,2402,MJDL9,COMPRA,389,38.6883,7.1219,2026-08-06 17:05:55,2026-08-06 17:05:57,2026-08-06 17:05:57
209560,2680,HCLJ8,COMPRA,265,124.7728,4.4630,2026-08-06 11:30:19,2026-08-06 11:30:22,2026-08-06 11:30:22
209561,2889,QTDZ2,COMPRA,338,46.7307,10.3847,2026-08-06 13:54:53,2026-08-06 13:54:54,2026-08-06 13:54:54
209562,1677,NPEM3,COMPRA,323,110.9006,5.9838,2026-08-06 13:55:26,2026-08-06 13:55:27,2026-08-06 13:55:27
209563,3407,QTHQ1,COMPRA,490,25.2070,3.8712,2026-08-06 13:58:31,2026-08-06 13:58:31,2026-08-06 13:58:31
209564,3325,JDJG6,COMPRA,239,75.8377,5.9314,2026-08-06 10:28:59,2026-08-06 10:28:59,2026-08-06 10:28:59
209565,1823,TVCE9,VENDA,121,57.9216,8.3687,2026-08-06 11:13:28,2026-08-06 11:13:30,2026-08-06 11:13:30
209566,3288,NQYT3,COMPRA,445,72.0680,11.5167,2026-08-06 14:56:51,2026-08-06 14:56:51,2026-08-06 14:56:51
209567,1113,RHXV4,COMPRA,110,47.9729,5.1864,2026-08-06 16:31:21,2026-08-06 16:31:22,2026-08-06 16:31:22
209568,1968,RIET5,COMPRA,275,173.9201,9.9663,2026-08-06 12:20:09,2026-08-06 12:20:12,2026-08-06 12:20:12
209569,2905,IPXK2,COMPRA,35,248.8402,7.4131,2026-08-06 11:40:11,2026-08-06 11:40:11,2026-08-06 11:40:11
209570,2067,ENRZ2,COMPRA,125,77.5635,12.6391,2026-08-06 17:17:57,2026-08-06 17:18:00,2026-08-06 17:18:00
209571,3183,RYPL6,COMPRA,500,89.7683,10.0906,2026-08-06 14:15:22,2026-08-06 14:15:24,2026-08-06 14:15:24
209572,2734,NHYK8,COMPRA,215,53.5847,2.1715,2026-08-06 10:43:31,2026-08-06 10:43:33,2026-08-06 10:43:33
209573,3299,JIPR4,COMPRA,85,35.3442,9.4278,2026-08-06 14:11:29,2026-08-06 14:11:30,2026-08-06 14:11:30
209574,2254,SGBG8,COMPRA,35,63.1396,8.4598,2026-08-06 14:15:17,2026-08-06 14:15:17,2026-08-06 14:15:17
209575,2828,MCHX2,COMPRA,10,86.2008,1.6334,2026-08-06 14:18:12,2026-08-06 14:18:12,2026-08-06 14:18:12
209576,1317,RSBT4,COMPRA,395,401.6923,6.2977,2026-08-06 13:23:25,2026-08-06 13:23:27,2026-08-06 13:23:27
209577,2125,XTVW5,COMPRA,80,93.3878,7.2840,2026-08-06 13:24:15,2026-08-06 13:24:17,2026-08-06 13:24:17
209578,3393,LQML9,COMPRA,60,173.5389,7.4712,2026-08-06 13:09:24,2026-08-06 13:09:26,2026-08-06 13:09:26
209579,2844,MGRR2,COMPRA,265,115.6937,12.4981,2026-08-06 10:06:12,2026-08-06 10:06:13,2026-08-06 10:06:13
209580,1992,WXFC8,COMPRA,25,86.9093,12.4117,2026-08-06 16:25:35,2026-08-06 16:25:38,2026-08-06 16:25:38
209581,1775,LIEG8,COMPRA,385,115.0277,11.0407,2026-08-06 15:23:22,2026-08-06 15:23:22,2026-08-06 15:23:22
209582,1186,HCLJ8,COMPRA,410,138.3430,10.5287,2026-08-06 11:09:53,2026-08-06 11:09:54,2026-08-06 11:09:54
209583,3361,KFSY2,COMPRA,425,90.9387,6.6447,2026-08-06 10:21:03,2026-08-06 10:21:06,2026-08-06 10:21:06
209584,3009,GKQC5,COMPRA,305,124.3144,2.9559,2026-08-06 14:21:20,2026-08-06 14:21:22,2026-08-06 14:21:22
209585,3366,GAKD5,COMPRA,164,280.1157,9.0554,2026-08-06 12:50:10,2026-08-06 12:50:13,2026-08-06 12:50:13
209586,2159,ZAAS7,COMPRA,425,493.0786,1.4545,2026-08-06 11:23:06,2026-08-06 11:23:08,2026-08-06 11:23:08
209587,1276,ZFBT3,COMPRA,273,122.6387,8.9213,2026-08-06 12:18:20,2026-08-06 12:18:21,2026-08-06 12:18:21
209588,1302,UYFJ9,COMPRA,65,119.0813,9.9484,2026-08-06 13:48:46,2026-08-06 13:48:47,2026-08-06 13:48:47
209589,1771,DGBT6,COMPRA,490,93.2906,10.6950,2026-08-06 16:26:28,2026-08-06 16:26:31,2026-08-06 16:26:31
209590,2381,RFNS7,COMPRA,475,98.4640,10.8565,2026-08-06 12:34:10,2026-08-06 12:34:12,2026-08-06 12:34:12
209591,1983,YYLA4,COMPRA,202,165.6878,2.5571,2026-08-06 12:19:22,2026-08-06 12:19:25,2026-08-06 12:19:25
209592,1970,UCHR6,COMPRA,52,446.7285,9.5843,2026-08-06 15:56:44,2026-08-06 15:56:44,2026-08-06 15:56:44
209593,1983,LCCH9,COMPRA,490,8.0928,3.7198,2026-08-06 15:12:54,2026-08-06 15:12:56,2026-08-06 15:12:56
209594,1706,RDOA3,COMPRA,242,69.7326,7.9000,2026-08-06 13:40:24,2026-08-06 13:40:25,2026-08-06 13:40:25
209595,2615,SVOZ4,COMPRA,425,39.8370,9.2965,2026-08-06 11:59:56,2026-08-06 11:59:56,2026-08-06 11:59:56
209596,2097,RFNS7,COMPRA,80,88.2542,9.1226,2026-08-06 11:06:05,2026-08-06 11:06:07,2026-08-06 11:06:07
209597,1066,ERTC4,COMPRA,255,51.2625,10.7197,2026-08-06 14:46:51,2026-08-06 14:46:52,2026-08-06 14:46:52
209598,2200,IZTY4,COMPRA,70,32.2004,9.7933,2026-08-06 16:10:34,2026-08-06 16:10:37,2026-08-06 16:10:37
209599,2642,UFMA7,COMPRA,215,205.0402,4.0025,2026-08-06 14:44:13,2026-08-06 14:44:15,2026-08-06 14:44:15
209600,1489,LCCH9,COMPRA,460,8.2279,0.5303,2026-08-06 12:54:53,2026-08-06 12:54:54,2026-08-06 12:54:54
209601,2053,MOLF3,COMPRA,465,46.1994,,2026-08-06 14:43:51,2026-08-06 14:43:54,2026-08-06 14:43:54
209602,2349,IPXK2,COMPRA,485,377.6633,9.6848,2026-08-06 14:42:09,2026-08-06 14:42:11,2026-08-06 14:42:11
209603,2814,QYBV3,COMPRA,110,60.0000,2.9254,2026-08-06 15:45:08,2026-08-06 15:45:08,2026-08-06 15:45:08
209604,1556,ERTC4,COMPRA,425,56.2449,9.8290,2026-08-06 14:36:44,2026-08-06 14:36:45,2026-08-06 14:36:45
209605,2579,NQYT3,COMPRA,205,73.9402,6.4622,2026-08-06 13:27:18,2026-08-06 13:27:19,2026-08-06 13:27:19
209606,1425,YRWH3,COMPRA,310,223.3590,7.3451,2026-08-06 16:23:04,2026-08-06 16:23:05,2026-08-06 16:23:05
209607,1004,FYZB6,COMPRA,305,82.4294,9.6007,2026-08-06 15:25:47,2026-08-06 15:25:47,2026-08-06 15:25:47
209608,3487,UFIU3,COMPRA,395,95.8526,6.1096,2026-08-06 14:31:57,2026-08-06 14:31:57,2026-08-06 14:31:57
209609,1346,DHRM5,COMPRA,155,282.4474,12.1259,2026-08-06 13:17:23,2026-08-06 13:17:24,2026-08-06 13:17:24
209610,3094,GFDF2,COMPRA,390,93.6954,9.2312,2026-08-06 14:31:28,2026-08-06 14:31:28,2026-08-06 14:31:28
209611,3320,ENRZ2,COMPRA,415,78.9524,0.9100,2026-08-06 15:41:55,2026-08-06 15:41:56,2026-08-06 15:41:56
209612,3478,WHMT3,COMPRA,440,87.2700,10.2779,2026-08-06 11:01:43,2026-08-06 11:01:45,2026-08-06 11:01:45
209613,1168,QHFL8,COMPRA,149,178.0731,7.4519,2026-08-06 11:29:34,2026-08-06 11:29:35,2026-08-06 11:29:35
209614,1063,ZAAS7,COMPRA,185,433.0885,4.1710,2026-08-06 11:37:23,2026-08-06 11:37:24,2026-08-06 11:37:24
209615,2904,QYBV3,COMPRA,185,60.0000,8.2363,2026-08-06 14:01:59,2026-08-06 14:02:01,2026-08-06 14:02:01
209616,1806,UYFJ9,COMPRA,15,94.1678,8.8880,2026-08-06 14:24:01,2026-08-06 14:24:03,2026-08-06 14:24:03
209617,3377,OXVD8,COMPRA,455,74.4542,6.8528,2026-08-06 12:52:25,2026-08-06 12:52:25,2026-08-06 12:52:25
209618,2517,IJJK3,COMPRA,149,136.8869,7.8721,2026-08-06 17:21:15,2026-08-06 17:21:16,2026-08-06 17:21:16
209619,3354,YRWH3,COMPRA,195,232.3318,1.6032,2026-08-06 15:27:36,2026-08-06 15:27:39,2026-08-06 15:27:39
209620,1679,TBWG2,COMPRA,215,65.5720,9.6621,2026-08-06 11:52:48,2026-08-06 11:52:51,2026-08-06 11:52:51
209621,3438,AAWB3,COMPRA,325,217.2984,7.6327,2026-08-06 10:26:38,2026-08-06 10:26:40,2026-08-06 10:26:40
209622,2490,KFSY2,VENDA,345,116.0977,12.0473,2026-08-06 17:30:30,2026-08-06 17:30:33,2026-08-06 17:30:33
209623,2441,JJVW6,COMPRA,450,152.5799,10.5616,2026-08-06 15:00:43,2026-08-06 15:00:43,2026-08-06 15:00:43
209624,1596,DFGR7,COMPRA,70,96.2003,8.3425,2026-08-06 14:47:49,2026-08-06 14:47:51,2026-08-06 14:47:51
209625,1168,UYFJ9,COMPRA,165,111.3945,9.6226,2026-08-06 14:02:30,2026-08-06 14:02:31,2026-08-06 14:02:31
209626,1957,DQSN6,COMPRA,280,162.6525,6.1046,2026-08-06 14:11:35,2026-08-06 14:11:37,2026-08-06 14:11:37
209627,1012,LGKU6,COMPRA,62,92.6908,8.2527,2026-08-06 16:36:35,2026-08-06 16:36:38,2026-08-06 16:36:38
209628,1640,ACSV1,COMPRA,300,85.0207,12.4656,2026-08-06 11:29:22,2026-08-06 11:29:25,2026-08-06 11:29:25
209629,2936,QTHQ1,COMPRA,30,28.3920,7.7432,2026-08-06 11:54:01,2026-08-06 11:54:04,2026-08-06 11:54:04
209630,3110,XAVL3,COMPRA,265,193.2989,4.6655,2026-08-06 16:13:31,2026-08-06 16:13:31,2026-08-06 16:13:31
209631,2299,LIEG8,COMPRA,25,110.5497,10.7285,2026-08-06 12:33:05,2026-08-06 12:33:05,2026-08-06 12:33:05
209632,3434,TTHO3,COMPRA,420,27.8899,6.4338,2026-08-06 10:53:31,2026-08-06 10:53:32,2026-08-06 10:53:32
209633,2851,JUDG8,COMPRA,27,88.2863,5.7275,2026-08-06 16:37:22,2026-08-06 16:37:25,2026-08-06 16:37:25
209634,1357,XPVA7,COMPRA,380,419.4557,3.5557,2026-08-06 16:07:25,2026-08-06 16:07:25,2026-08-06 16:07:25
209635,1793,BXFJ9,COMPRA,250,160.8881,10.5323,2026-08-06 16:21:39,2026-08-06 16:21:40,2026-08-06 16:21:40
209636,3187,OVYL9,COMPRA,315,81.4653,4.0785,2026-08-06 16:34:52,2026-08-06 16:34:54,2026-08-06 16:34:54
209637,3107,GFDF2,COMPRA,55,98.6190,7.2281,2026-08-06 17:05:14,2026-08-06 17:05:16,2026-08-06 17:05:16
209638,1279,ZAAS7,COMPRA,480,445.4807,3.3073,2026-08-06 16:31:24,2026-08-06 16:31:25,2026-08-06 16:31:25
209639,2514,IWAK1,COMPRA,485,85.1499,12.6849,2026-08-06 11:37:13,2026-08-06 11:37:13,2026-08-06 11:37:13
209640,3224,SRDU1,COMPRA,140,89.0303,8.1256,2026-08-06 16:47:29,2026-08-06 16:47:29,2026-08-06 16:47:29
209641,2078,NYGT6,COMPRA,365,105.3414,1.4633,2026-08-06 17:30:33,2026-08-06 17:30:35,2026-08-06 17:30:35
209642,3044,UQJU7,COMPRA,40,73.8718,8.3270,2026-08-06 11:02:47,2026-08-06 11:02:47,2026-08-06 11:02:47
209643,1260,UCHR6,COMPRA,460,372.6851,8.1663,2026-08-06 14:14:40,2026-08-06 14:14:41,2026-08-06 14:14:41
209644,2246,MCMT2,COMPRA,280,85.4435,4.2454,2026-08-06 14:09:22,2026-08-06 14:09:22,2026-08-06 14:09:22
209645,1486,RDOA3,VENDA,320,82.2835,7.1460,2026-08-06 17:21:33,2026-08-06 17:21:35,2026-08-06 17:21:35
209646,1529,JDJG6,COMPRA,390,57.7831,0.0971,2026-08-06 13:56:44,2026-08-06 13:56:46,2026-08-06 13:56:46
209647,2731,WXQM6,COMPRA,500,37.0808,0.8728,2026-08-06 11:42:57,2026-08-06 11:42:59,2026-08-06 11:42:59
209648,1809,DSFC9,COMPRA,65,330.0983,4.9054,2026-08-06 13:33:16,2026-08-06 13:33:18,2026-08-06 13:33:18
209649,2779,XAVL3,COMPRA,380,196.2422,9.5856,2026-08-06 14:49:05,2026-08-06 14:49:07,2026-08-06 14:49:07
209650,1690,DFGR7,COMPRA,302,95.7526,6.9703,2026-08-06 12:30:16,2026-08-06 12:30:18,2026-08-06 12:30:18
209651,1349,WHMT3,COMPRA,150,95.6069,12.8572,2026-08-06 14:38:52,2026-08-06 14:38:54,2026-08-06 14:38:54
209652,2578,OXVD8,COMPRA,275,82.6698,0.2150,2026-08-06 15:13:17,2026-08-06 15:13:17,2026-08-06 15:13:17
209653,1059,LGKU6,COMPRA,185,98.0826,0.9029,2026-08-06 12:49:50,2026-08-06 12:49:52,2026-08-06 12:49:52
209654,3199,CQJZ4,COMPRA,220,83.2420,2.1921,2026-08-06 10:16:40,2026-08-06 10:16:42,2026-08-06 10:16:42
209655,2023,XOVY4,VENDA,10,120.7779,2.8505,2026-08-06 10:48:44,2026-08-06 10:48:45,2026-08-06 10:48:45
209656,2108,UFMA7,COMPRA,425,146.0337,3.0204,2026-08-06 11:25:31,2026-08-06 11:25:32,2026-08-06 11:25:32
209657,2369,GULD2,COMPRA,215,126.7732,4.6244,2026-08-06 15:37:49,2026-08-06 15:37:52,2026-08-06 15:37:52
209658,3155,GFDF2,COMPRA,381,100.0714,5.6552,2026-08-06 11:44:56,2026-08-06 11:44:57,2026-08-06 11:44:57
209659,1148,XTVW5,COMPRA,350,82.4442,10.5197,2026-08-06 16:58:14,2026-08-06 16:58:15,2026-08-06 16:58:15
209660,2006,OEQA8,COMPRA,185,372.1426,6.6221,2026-08-06 11:30:19,2026-08-06 11:30:22,2026-08-06 11:30:22
209661,1873,TVCE9,COMPRA,265,57.0969,6.0591,2026-08-06 16:00:02,2026-08-06 16:00:04,2026-08-06 16:00:04
209662,2287,XOVY4,COMPRA,395,110.6908,5.2874,2026-08-06 16:35:35,2026-08-06 16:35:37,2026-08-06 16:35:37
209663,2227,YYLA4,COMPRA,499,202.1452,12.4574,2026-08-06 12:36:14,2026-08-06 12:36:14,2026-08-06 12:36:14
209664,3495,FIUW1,COMPRA,75,125.6050,2.2103,2026-08-06 11:16:23,2026-08-06 11:16:23,2026-08-06 11:16:23
209665,1293,DEGN5,COMPRA,165,81.4565,6.9636,2026-08-06 14:39:41,2026-08-06 14:39:41,2026-08-06 14:39:41
209666,3400,QYBV3,COMPRA,155,60.0000,11.6099,2026-08-06 10:08:43,2026-08-06 10:08:45,2026-08-06 10:08:45
209667,2401,LGKU6,COMPRA,245,67.8388,9.9303,2026-08-06 11:13:19,2026-08-06 11:13:20,2026-08-06 11:13:20
209668,1270,ZAAS7,COMPRA,205,510.7513,6.9547,2026-08-06 16:01:48,2026-08-06 16:01:48,2026-08-06 16:01:48
209669,1997,GFDF2,COMPRA,10,67.4613,9.8462,2026-08-06 16:59:21,2026-08-06 16:59:21,2026-08-06 16:59:21
209670,2433,OXVD8,COMPRA,60,92.7554,6.3459,2026-08-06 15:44:43,2026-08-06 15:44:45,2026-08-06 15:44:45
209671,1910,QTDZ2,COMPRA,385,49.7450,10.8839,2026-08-06 10:38:13,2026-08-06 10:38:14,2026-08-06 10:38:14
209672,2671,EEYY9,COMPRA,335,160.1291,1.6790,2026-08-06 11:54:24,2026-08-06 11:54:24,2026-08-06 11:54:24
209673,2609,HCZM2,COMPRA,240,337.1619,5.5526,2026-08-06 13:45:37,2026-08-06 13:45:39,2026-08-06 13:45:39
209674,1458,LIEG8,COMPRA,470,87.3356,6.0602,2026-08-06 14:40:20,2026-08-06 14:40:21,2026-08-06 14:40:21
209675,1571,ENRZ2,COMPRA,40,81.7014,12.7813,2026-08-06 11:16:57,2026-08-06 11:16:58,2026-08-06 11:16:58
209676,2249,WMQZ6,COMPRA,448,88.7826,,2026-08-06 16:26:47,2026-08-06 16:26:50,2026-08-06 16:26:50
209677,2458,NYGT6,COMPRA,40,88.3946,9.0014,2026-08-06 12:17:26,2026-08-06 12:17:28,2026-08-06 12:17:28
209678,1882,OVYL9,COMPRA,220,78.9701,0.8215,2026-08-06 10:36:12,2026-08-06 10:36:14,2026-08-06 10:36:14
209679,1761,YFAH5,COMPRA,465,170.9932,12.3004,2026-08-06 16:40:13,2026-08-06 16:40:13,2026-08-06 16:40:13
209680,2283,QTDZ2,COMPRA,255,56.8119,4.0421,2026-08-06 15:03:20,2026-08-06 15:03:23,2026-08-06 15:03:23
209681,2113,MOLF3,COMPRA,194,54.4728,9.4852,2026-08-06 10:16:59,2026-08-06 10:17:00,2026-08-06 10:17:00
209682,1221,NPEM3,COMPRA,144,91.0904,4.4000,2026-08-06 10:23:12,2026-08-06 10:23:15,2026-08-06 10:23:15
209683,1650,ERTC4,COMPRA,480,53.1704,12.0833,2026-08-06 11:06:44,2026-08-06 11:06:45,2026-08-06 11:06:45
209684,1492,EEYY9,COMPRA,165,122.2969,6.9521,2026-08-06 13:38:45,2026-08-06 13:38:46,2026-08-06 13:38:46
209685,3229,TXHR8,COMPRA,175,79.9226,11.6860,2026-08-06 12:41:46,2026-08-06 12:41:49,2026-08-06 12:41:49
209686,2408,LQML9,COMPRA,360,156.1085,2.9017,2026-08-06 17:22:50,2026-08-06 17:22:51,2026-08-06 17:22:51
209687,2956,DQSN6,COMPRA,170,122.4655,6.9016,2026-08-06 13:17:43,2026-08-06 13:17:46,2026-08-06 13:17:46
209688,1567,GAKD5,COMPRA,460,309.4603,9.2663,2026-08-06 10:56:05,2026-08-06 10:56:05,2026-08-06 10:56:05
209689,2652,UCHR6,VENDA,170,330.6453,8.1399,2026-08-06 11:18:25,2026-08-06 11:18:28,2026-08-06 11:18:28
209690,2111,BSDJ7,COMPRA,106,297.4738,6.9591,2026-08-06 15:11:46,2026-08-06 15:11:46,2026-08-06 15:11:46
209691,1356,DHRM5,COMPRA,420,349.7424,2.6491,2026-08-06 12:22:08,2026-08-06 12:22:11,2026-08-06 12:22:11
209692,1632,LQML9,COMPRA,455,163.8401,8.4267,2026-08-06 17:02:48,2026-08-06 17:02:48,2026-08-06 17:02:48
209693,2767,LIEG8,COMPRA,460,106.3200,9.0456,2026-08-06 10:33:58,2026-08-06 10:34:01,2026-08-06 10:34:01
209694,2920,NUJZ2,COMPRA,370,41.2703,10.6664,2026-08-06 13:34:21,2026-08-06 13:34:24,2026-08-06 13:34:24
209695,2200,ECQD7,COMPRA,325,72.1073,10.8896,2026-08-06 13:19:13,2026-08-06 13:19:14,2026-08-06 13:19:14
209696,3277,QYBV3,COMPRA,40,60.0000,0.5770,2026-08-06 13:36:04,2026-08-06 13:36:04,2026-08-06 13:36:04
209697,2193,OXVD8,COMPRA,325,63.2513,4.2704,2026-08-06 11:45:27,2026-08-06 11:45:29,2026-08-06 11:45:29
209698,2591,ZYVN7,COMPRA,40,74.8828,11.2682,2026-08-06 15:02:16,2026-08-06 15:02:17,2026-08-06 15:02:17
209699,1104,PBZM6,COMPRA,460,68.9215,5.7212,2026-08-06 17:26:47,2026-08-06 17:26:47,2026-08-06 17:26:47
209700,1233,OVUQ2,COMPRA,215,54.7492,4.5604,2026-08-06 12:32:30,2026-08-06 12:32:33,2026-08-06 12:32:33
209701,2107,KQEO3,COMPRA,125,68.0185,10.2296,2026-08-06 11:55:43,2026-08-06 11:55:43,2026-08-06 11:55:43
209702,2635,TNHT4,COMPRA,200,139.6839,0.4091,2026-08-06 14:32:17,2026-08-06 14:32:19,2026-08-06 14:32:19
209703,2891,NQYT3,COMPRA,15,62.6696,3.9244,2026-08-06 16:52:42,2026-08-06 16:52:44,2026-08-06 16:52:44
209704,3496,QATW7,COMPRA,250,55.4036,10.4448,2026-08-06 12:53:26,2026-08-06 12:53:26,2026-08-06 12:53:26
209705,2761,FYZB6,COMPRA,165,70.3169,11.8450,2026-08-06 13:50:31,2026-08-06 13:50:32,2026-08-06 13:50:32
209706,2403,NQYT3,COMPRA,432,72.9734,1.9601,2026-08-06 10:13:59,2026-08-06 10:14:01,2026-08-06 10:14:01
209707,1412,WXFC8,COMPRA,50,67.1241,4.9809,2026-08-06 14:10:23,2026-08-06 14:10:25,2026-08-06 14:10:25
209708,1899,GKQC5,COMPRA,45,107.9126,9.8170,2026-08-06 11:01:04,2026-08-06 11:01:04,2026-08-06 11:01:04
209709,1461,ZAAS7,COMPRA,45,495.1607,6.1830,2026-08-06 17:25:33,2026-08-06 17:25:34,2026-08-06 17:25:34
209710,2036,HVEX2,COMPRA,304,127.9240,11.1579,2026-08-06 14:12:03,2026-08-06 14:12:05,2026-08-06 14:12:05
209711,2091,YCCK8,COMPRA,155,363.7375,1.8362,2026-08-06 16:11:57,2026-08-06 16:11:57,2026-08-06 16:11:57
209712,1353,QQQS1,COMPRA,400,21.1556,11.0778,2026-08-06 11:34:47,2026-08-06 11:34:49,2026-08-06 11:34:49
209713,1616,NPEM3,COMPRA,127,106.6978,7.8241,2026-08-06 13:00:46,2026-08-06 13:00:47,2026-08-06 13:00:47
209714,1037,RMRT1,COMPRA,2,125.4765,10.9652,2026-08-06 11:37:27,2026-08-06 11:37:27,2026-08-06 11:37:27
209715,2670,JJVW6,COMPRA,400,129.0292,10.4508,2026-08-06 13:05:52,2026-08-06 13:05:54,2026-08-06 13:05:54
209716,1090,UQJU7,COMPRA,440,60.0000,11.0099,2026-08-06 14:50:26,2026-08-06 14:50:26,2026-08-06 14:50:26
209717,2290,QTDZ2,COMPRA,80,44.0080,0.8196,2026-08-06 14:55:19,2026-08-06 14:55:21,2026-08-06 14:55:21
209718,3404,IPXK2,COMPRA,395,270.8946,5.6077,2026-08-06 10:09:59,2026-08-06 10:10:00,2026-08-06 10:10:00
209719,3123,TXHR8,COMPRA,35,80.7407,5.9844,2026-08-06 17:20:55,2026-08-06 17:20:58,2026-08-06 17:20:58
209720,2563,LQML9,COMPRA,430,126.4238,5.2937,2026-08-06 14:52:06,2026-08-06 14:52:06,2026-08-06 14:52:06
209721,3231,TBWG2,COMPRA,145,61.1266,4.3451,2026-08-06 13:08:25,2026-08-06 13:08:25,2026-08-06 13:08:25
209722,1142,KFSY2,COMPRA,230,119.8027,5.4254,2026-08-06 12:42:30,2026-08-06 12:42:30,2026-08-06 12:42:30
209723,1696,UCHR6,COMPRA,40,498.7611,7.3062,2026-08-06 13:09:38,2026-08-06 13:09:39,2026-08-06 13:09:39
209724,1692,SVOZ4,COMPRA,350,49.8532,10.0015,2026-08-06 10:18:05,2026-08-06 10:18:07,2026-08-06 10:18:07
209725,1139,NGIU9,COMPRA,71,121.7287,5.0585,2026-08-06 10:42:13,2026-08-06 10:42:14,2026-08-06 10:42:14
209726,3355,QYBV3,COMPRA,485,68.5292,6.0190,2026-08-06 16:07:13,2026-08-06 16:07:14,2026-08-06 16:07:14
209727,3319,BSDJ7,COMPRA,340,273.9688,12.1159,2026-08-06 10:35:07,2026-08-06 10:35:10,2026-08-06 10:35:10
209728,1631,ENRZ2,COMPRA,445,107.1297,4.1725,2026-08-06 14:16:44,2026-08-06 14:16:47,2026-08-06 14:16:47
209729,3302,JDJG6,COMPRA,265,59.8849,10.1509,2026-08-06 10:30:28,2026-08-06 10:30:31,2026-08-06 10:30:31
209730,1427,MJDL9,COMPRA,200,41.9513,6.5760,2026-08-06 14:57:01,2026-08-06 14:57:01,2026-08-06 14:57:01
209731,1953,SUZL4,COMPRA,450,166.6891,0.0284,2026-08-06 13:04:29,2026-08-06 13:04:30,2026-08-06 13:04:30
209732,1073,YRWH3,COMPRA,280,162.7027,11.5787,2026-08-06 15:47:08,2026-08-06 15:47:08,2026-08-06 15:47:08
209733,2243,TTHO3,COMPRA,360,27.9728,9.6080,2026-08-06 15:08:41,2026-08-06 15:08:42,2026-08-06 15:08:42
209734,3386,MCMT2,COMPRA,310,117.7682,10.4585,2026-08-06 17:09:26,2026-08-06 17:09:27,2026-08-06 17:09:27
209735,1349,UCHR6,COMPRA,5,387.2619,8.3205,2026-08-06 15:13:10,2026-08-06 15:13:12,2026-08-06 15:13:12
209736,1464,MJDL9,COMPRA,85,36.3135,1.0379,2026-08-06 16:23:08,2026-08-06 16:23:08,2026-08-06 16:23:08
209737,3124,RYPL6,COMPRA,425,87.6056,2.4501,2026-08-06 16:54:40,2026-08-06 16:54:40,2026-08-06 16:54:40
209738,1853,QQQS1,COMPRA,260,21.3935,6.1744,2026-08-06 16:28:45,2026-08-06 16:28:47,2026-08-06 16:28:47
209739,3320,CQIL9,VENDA,385,39.8907,10.2679,2026-08-06 14:26:44,2026-08-06 14:26:47,2026-08-06 14:26:47
209740,2961,QTDZ2,COMPRA,110,58.1316,4.4796,2026-08-06 12:38:19,2026-08-06 12:38:22,2026-08-06 12:38:22
209741,3324,TTHO3,COMPRA,95,39.6843,2.1037,2026-08-06 15:46:04,2026-08-06 15:46:07,2026-08-06 15:46:07
209742,2576,QEUC2,COMPRA,350,204.1464,9.9166,2026-08-06 15:04:20,2026-08-06 15:04:21,2026-08-06 15:04:21
209743,1859,NREP8,COMPRA,325,132.8600,1.5860,2026-08-06 13:47:22,2026-08-06 13:47:23,2026-08-06 13:47:23
209744,1275,RIET5,COMPRA,125,121.3062,10.6481,2026-08-06 11:37:03,2026-08-06 11:37:03,2026-08-06 11:37:03
209745,2828,YOWA1,COMPRA,290,46.7615,5.7885,2026-08-06 11:14:48,2026-08-06 11:14:48,2026-08-06 11:14:48
209746,1082,UQJU7,COMPRA,240,64.7126,3.5657,2026-08-06 16:59:27,2026-08-06 16:59:30,2026-08-06 16:59:30
209747,3300,VLEB3,COMPRA,310,310.0042,2.0922,2026-08-06 10:25:13,2026-08-06 10:25:16,2026-08-06 10:25:16
209748,2647,TVCE9,COMPRA,365,66.7779,0.4553,2026-08-06 14:11:20,2026-08-06 14:11:22,2026-08-06 14:11:22
209749,3145,YOWA1,VENDA,55,69.9381,12.7400,2026-08-06 10:40:26,2026-08-06 10:40:29,2026-08-06 10:40:29
209750,1518,BOCS8,COMPRA,320,67.0080,2.1430,2026-08-06 16:03:25,2026-08-06 16:03:27,2026-08-06 16:03:27
209751,1377,OXVD8,COMPRA,129,66.5266,10.1594,2026-08-06 17:24:12,2026-08-06 17:24:15,2026-08-06 17:24:15
209752,3389,FIUW1,COMPRA,205,90.3222,9.6255,2026-08-06 13:25:58,2026-08-06 13:25:59,2026-08-06 13:25:59
209753,1127,GFDF2,COMPRA,50,101.4168,9.2618,2026-08-06 17:30:32,2026-08-06 17:30:33,2026-08-06 17:30:33
209754,2163,NPEM3,COMPRA,353,112.3604,10.2176,2026-08-06 15:02:19,2026-08-06 15:02:22,2026-08-06 15:02:22
209755,3054,QTHQ1,COMPRA,125,28.5988,4.7462,2026-08-06 15:04:21,2026-08-06 15:04:21,2026-08-06 15:04:21
209756,3454,ICSU4,COMPRA,270,122.8385,2.9696,2026-08-06 16:14:38,2026-08-06 16:14:41,2026-08-06 16:14:41
209757,1171,NUJZ2,COMPRA,8,35.5766,0.8485,2026-08-06 14:17:55,2026-08-06 14:17:55,2026-08-06 14:17:55
209758,2146,DMTZ8,COMPRA,475,152.0329,11.3927,2026-08-06 15:25:15,2026-08-06 15:25:15,2026-08-06 15:25:15
209759,2818,MJDL9,COMPRA,355,35.6089,6.5655,2026-08-06 12:39:02,2026-08-06 12:39:05,2026-08-06 12:39:05
209760,1726,YFAH5,COMPRA,215,184.3557,7.6811,2026-08-06 17:28:01,2026-08-06 17:28:01,2026-08-06 17:28:01
209761,2863,EEYY9,COMPRA,425,180.4315,12.6386,2026-08-06 17:27:24,2026-08-06 17:27:26,2026-08-06 17:27:26
209762,2892,XLZM9,COMPRA,320,52.5125,4.5945,2026-08-06 10:40:10,2026-08-06 10:40:13,2026-08-06 10:40:13
209763,2049,DMTZ8,COMPRA,380,209.4264,4.3960,2026-08-06 15:17:49,2026-08-06 15:17:50,2026-08-06 15:17:50
209764,3379,ERTC4,COMPRA,160,42.8343,8.1478,2026-08-06 15:11:54,2026-08-06 15:11:54,2026-08-06 15:11:54
209765,3441,KQEO3,COMPRA,335,68.7989,11.3955,2026-08-06 13:39:03,2026-08-06 13:39:06,2026-08-06 13:39:06
209766,3287,NHYK8,COMPRA,240,66.6121,4.4383,2026-08-06 11:59:19,2026-08-06 11:59:20,2026-08-06 11:59:20
209767,1663,JUDG8,COMPRA,260,105.5338,4.6792,2026-08-06 14:37:53,2026-08-06 14:37:55,2026-08-06 14:37:55
209768,2443,JIPR4,COMPRA,280,40.8113,12.2144,2026-08-06 15:09:39,2026-08-06 15:09:42,2026-08-06 15:09:42
209769,3212,EEYY9,COMPRA,160,150.8815,4.9292,2026-08-06 16:58:55,2026-08-06 16:58:55,2026-08-06 16:58:55
209770,1831,ZHTL2,COMPRA,415,64.3777,9.9384,2026-08-06 16:44:41,2026-08-06 16:44:41,2026-08-06 16:44:41
209771,2272,SUZL4,COMPRA,76,116.7431,8.4489,2026-08-06 15:04:55,2026-08-06 15:04:56,2026-08-06 15:04:56
209772,2254,NGIU9,COMPRA,445,118.4988,2.0220,2026-08-06 16:33:43,2026-08-06 16:33:46,2026-08-06 16:33:46
209773,1065,ACSV1,COMPRA,130,99.8382,2.3709,2026-08-06 13:57:12,2026-08-06 13:57:13,2026-08-06 13:57:13
209774,1071,XTVW5,COMPRA,10,122.0565,2.5779,2026-08-06 14:29:59,2026-08-06 14:30:01,2026-08-06 14:30:01
209775,1345,SVOZ4,COMPRA,325,46.3367,11.0270,2026-08-06 14:13:35,2026-08-06 14:13:36,2026-08-06 14:13:36
209776,3205,ENRZ2,COMPRA,460,82.3464,10.8050,2026-08-06 17:16:32,2026-08-06 17:16:35,2026-08-06 17:16:35
209777,1179,DGBT6,COMPRA,200,100.4862,2.2235,2026-08-06 15:32:57,2026-08-06 15:32:59,2026-08-06 15:32:59
209778,2356,ZFBT3,COMPRA,165,91.3446,11.2255,2026-08-06 17:28:24,2026-08-06 17:28:27,2026-08-06 17:28:27
209779,1075,IJJK3,COMPRA,175,134.1461,10.8585,2026-08-06 14:32:37,2026-08-06 14:32:39,2026-08-06 14:32:39
209780,3060,KQEO3,COMPRA,230,88.4351,3.7254,2026-08-06 11:48:22,2026-08-06 11:48:23,2026-08-06 11:48:23
209781,3302,NPEM3,COMPRA,425,94.7593,8.6433,2026-08-06 11:16:20,2026-08-06 11:16:20,2026-08-06 11:16:20
209782,1948,SGBG8,COMPRA,75,74.1263,12.2416,2026-08-06 12:38:44,2026-08-06 12:38:44,2026-08-06 12:38:44
209783,2881,OVUQ2,COMPRA,438,58.1215,12.4454,2026-08-06 15:46:14,2026-08-06 15:46:17,2026-08-06 15:46:17
209784,2900,UCHR6,COMPRA,349,467.2871,3.0481,2026-08-06 10:25:02,2026-08-06 10:25:05,2026-08-06 10:25:05
209785,1649,LCCH9,COMPRA,385,8.1495,11.1768,2026-08-06 10:54:34,2026-08-06 10:54:35,2026-08-06 10:54:35
209786,2639,DHRM5,COMPRA,235,262.0543,4.8017,2026-08-06 10:51:49,2026-08-06 10:51:50,2026-08-06 10:51:50
209787,2953,UQJU7,COMPRA,150,76.1489,4.3660,2026-08-06 16:15:45,2026-08-06 16:15:46,2026-08-06 16:15:46
209788,2192,DFGR7,COMPRA,160,106.7608,10.2131,2026-08-06 10:35:50,2026-08-06 10:35:51,2026-08-06 10:35:51
209789,1679,RYPL6,COMPRA,465,80.4804,2.2440,2026-08-06 16:23:06,2026-08-06 16:23:09,2026-08-06 16:23:09
209790,3234,MOLF3,COMPRA,20,61.3229,12.2315,2026-08-06 16:38:38,2026-08-06 16:38:41,2026-08-06 16:38:41
209791,2181,DQSN6,COMPRA,305,116.4258,4.3168,2026-08-06 10:48:19,2026-08-06 10:48:20,2026-08-06 10:48:20
209792,3137,FIUW1,COMPRA,395,114.1935,1.9241,2026-08-06 12:21:16,2026-08-06 12:21:18,2026-08-06 12:21:18
209793,3371,ZYVN7,COMPRA,270,69.2256,5.6781,2026-08-06 15:05:50,2026-08-06 15:05:53,2026-08-06 15:05:53
209794,2247,UQIQ7,COMPRA,425,70.6658,8.1935,2026-08-06 10:50:46,2026-08-06 10:50:47,2026-08-06 10:50:47
209795,1483,HVEX2,COMPRA,9,171.1938,2.6343,2026-08-06 15:42:38,2026-08-06 15:42:39,2026-08-06 15:42:39
209796,1932,ENRZ2,COMPRA,442,84.9427,4.9759,2026-08-06 12:08:43,2026-08-06 12:08:45,2026-08-06 12:08:45
209797,3201,GULD2,COMPRA,115,157.7946,7.6794,2026-08-06 15:16:14,2026-08-06 15:16:16,2026-08-06 15:16:16
209798,2057,QTDZ2,COMPRA,210,55.1728,6.2565,2026-08-06 16:56:39,2026-08-06 16:56:42,2026-08-06 16:56:42
209799,1245,UQJU7,COMPRA,295,61.6997,6.4848,2026-08-06 12:29:07,2026-08-06 12:29:10,2026-08-06 12:29:10
209800,2897,LGKU6,COMPRA,210,74.4598,4.1166,2026-08-06 13:33:32,2026-08-06 13:33:34,2026-08-06 13:33:34
209801,1861,OVUQ2,COMPRA,440,39.0871,5.3253,2026-08-06 15:13:34,2026-08-06 15:13:36,2026-08-06 15:13:36
209802,2741,MCHX2,COMPRA,340,92.0951,10.3085,2026-08-06 10:17:30,2026-08-06 10:17:30,2026-08-06 10:17:30
209803,3282,AAUA7,COMPRA,90,152.0069,7.6099,2026-08-06 14:28:11,2026-08-06 14:28:13,2026-08-06 14:28:13
209804,2621,AAWB3,COMPRA,390,195.1114,7.7594,2026-08-06 14:17:26,2026-08-06 14:17:27,2026-08-06 14:17:27
209805,3481,AYFQ2,COMPRA,310,10.9842,1.0955,2026-08-06 12:16:15,2026-08-06 12:16:16,2026-08-06 12:16:16
209806,1564,SVOZ4,COMPRA,35,39.9498,12.0766,2026-08-06 14:07:50,2026-08-06 14:07:51,2026-08-06 14:07:51
209807,3244,RFNS7,COMPRA,327,68.8569,3.6318,2026-08-06 13:32:31,2026-08-06 13:32:34,2026-08-06 13:32:34
209808,2879,JDJG6,COMPRA,230,74.1592,6.7142,2026-08-06 10:15:44,2026-08-06 10:15:46,2026-08-06 10:15:46
209809,1814,SRDU1,COMPRA,165,85.1958,9.5151,2026-08-06 11:03:11,2026-08-06 11:03:12,2026-08-06 11:03:12
209810,1190,GFDF2,COMPRA,145,99.7295,0.9464,2026-08-06 11:31:36,2026-08-06 11:31:39,2026-08-06 11:31:39
209811,2655,XAVL3,COMPRA,155,184.7254,5.0027,2026-08-06 17:08:44,2026-08-06 17:08:47,2026-08-06 17:08:47
209812,1554,DSFC9,COMPRA,170,411.5785,3.0817,2026-08-06 10:09:32,2026-08-06 10:09:33,2026-08-06 10:09:33
209813,2943,JJVW6,COMPRA,470,163.8380,11.1228,2026-08-06 15:28:16,2026-08-06 15:28:17,2026-08-06 15:28:17
209814,3231,PSEN6,COMPRA,140,239.2411,0.9710,2026-08-06 11:11:17,2026-08-06 11:11:18,2026-08-06 11:11:18
209815,3350,TTHO3,COMPRA,479,30.0273,10.6460,2026-08-06 12:51:53,2026-08-06 12:51:56,2026-08-06 12:51:56
209816,1663,EEYY9,COMPRA,223,148.9493,4.6520,2026-08-06 14:16:00,2026-08-06 14:16:03,2026-08-06 14:16:03
209817,1189,CQIL9,COMPRA,250,32.1816,4.9729,2026-08-06 11:10:08,2026-08-06 11:10:10,2026-08-06 11:10:10
209818,2488,JDJG6,COMPRA,210,64.5013,0.7182,2026-08-06 12:47:37,2026-08-06 12:47:38,2026-08-06 12:47:38
209819,1980,PSEN6,COMPRA,140,237.1338,0.9151,2026-08-06 17:22:21,2026-08-06 17:22:24,2026-08-06 17:22:24
209820,2671,XOVY4,COMPRA,340,109.2643,2.6011,2026-08-06 12:44:46,2026-08-06 12:44:47,2026-08-06 12:44:47
209821,2881,YIHC3,COMPRA,105,48.4124,11.7535,2026-08-06 11:10:48,2026-08-06 11:10:49,2026-08-06 11:10:49
209822,2992,QATW7,COMPRA,150,40.8005,9.7589,2026-08-06 14:01:39,2026-08-06 14:01:39,2026-08-06 14:01:39
209823,2906,YFAH5,COMPRA,270,153.5876,1.9995,2026-08-06 14:27:27,2026-08-06 14:27:29,2026-08-06 14:27:29
209824,1523,WXFC8,COMPRA,440,97.8304,0.6239,2026-08-06 11:00:03,2026-08-06 11:00:03,2026-08-06 11:00:03
209825,2269,RDOA3,VENDA,205,112.5886,6.0765,2026-08-06 13:09:56,2026-08-06 13:09:58,2026-08-06 13:09:58
209826,1825,YIHC3,COMPRA,350,48.6027,2.1190,2026-08-06 16:58:23,2026-08-06 16:58:23,2026-08-06 16:58:23
209827,3065,FYZB6,COMPRA,474,67.1725,12.1336,2026-08-06 14:45:08,2026-08-06 14:45:09,2026-08-06 14:45:09
209828,1528,XPVA7,VENDA,45,524.0247,7.2638,2026-08-06 13:47:22,2026-08-06 13:47:25,2026-08-06 13:47:25
209829,2180,KHGP6,COMPRA,100,90.3942,12.3080,2026-08-06 15:24:16,2026-08-06 15:24:19,2026-08-06 15:24:19
209830,3200,NAOF3,COMPRA,265,74.8099,7.7804,2026-08-06 15:06:09,2026-08-06 15:06:09,2026-08-06 15:06:09
209831,1824,BOCS8,COMPRA,105,49.1610,11.7468,2026-08-06 15:28:45,2026-08-06 15:28:45,2026-08-06 15:28:45
209832,2007,JIPR4,COMPRA,55,32.9528,6.4790,2026-08-06 12:16:07,2026-08-06 12:16:07,2026-08-06 12:16:07
209833,1040,HJRH5,COMPRA,240,164.6715,3.8966,2026-08-06 14:26:32,2026-08-06 14:26:33,2026-08-06 14:26:33
209834,1694,SGBG8,COMPRA,85,73.5909,6.5800,2026-08-06 13:20:02,2026-08-06 13:20:03,2026-08-06 13:20:03
209835,2497,IZTY4,COMPRA,170,26.4372,8.2174,2026-08-06 17:08:33,2026-08-06 17:08:34,2026-08-06 17:08:34
209836,1438,OEQA8,COMPRA,425,547.3671,3.5137,2026-08-06 15:43:36,2026-08-06 15:43:36,2026-08-06 15:43:36
209837,2473,JIPA6,COMPRA,34,45.0188,8.0557,2026-08-06 13:04:36,2026-08-06 13:04:39,2026-08-06 13:04:39
209838,1024,ERTC4,COMPRA,500,42.9806,,2026-08-06 17:26:31,2026-08-06 17:26:34,2026-08-06 17:26:34
209839,2034,QATW7,COMPRA,196,52.3862,0.2622,2026-08-06 16:37:55,2026-08-06 16:37:55,2026-08-06 16:37:55
209840,3327,UFIU3,COMPRA,480,73.6625,2.9445,2026-08-06 11:25:20,2026-08-06 11:25:21,2026-08-06 11:25:21
209841,1762,QHFL8,COMPRA,154,139.3230,6.4226,2026-08-06 16:54:19,2026-08-06 16:54:20,2026-08-06 16:54:20
209842,2448,PQUT9,COMPRA,305,79.2483,0.3823,2026-08-06 12:21:58,2026-08-06 12:22:00,2026-08-06 12:22:00
209843,2768,DHRM5,COMPRA,250,373.3654,6.3149,2026-08-06 13:21:37,2026-08-06 13:21:38,2026-08-06 13:21:38
209844,2652,RMRT1,COMPRA,405,95.0890,1.8521,2026-08-06 16:11:00,2026-08-06 16:11:01,2026-08-06 16:11:01
209845,2406,AAWB3,COMPRA,350,195.6731,4.7791,2026-08-06 11:57:20,2026-08-06 11:57:23,2026-08-06 11:57:23
209846,1185,RMRT1,VENDA,285,103.7596,2.0120,2026-08-06 11:00:01,2026-08-06 11:00:03,2026-08-06 11:00:03
209847,1385,OVYL9,COMPRA,135,88.9794,10.3925,2026-08-06 14:32:27,2026-08-06 14:32:30,2026-08-06 14:32:30
209848,1954,ACSV1,COMPRA,245,83.7222,10.9894,2026-08-06 11:59:47,2026-08-06 11:59:50,2026-08-06 11:59:50
209849,3485,UQJU7,COMPRA,10,60.0000,0.5748,2026-08-06 12:00:51,2026-08-06 12:00:51,2026-08-06 12:00:51
209850,1982,QHFL8,COMPRA,265,122.6411,12.5082,2026-08-06 10:09:04,2026-08-06 10:09:05,2026-08-06 10:09:05
209851,1341,YIHC3,COMPRA,455,54.8094,8.2497,2026-08-06 14:30:59,2026-08-06 14:31:01,2026-08-06 14:31:01
209852,3019,UCHR6,COMPRA,110,425.7434,4.6673,2026-08-06 16:58:19,2026-08-06 16:58:21,2026-08-06 16:58:21
209853,1269,QATW7,COMPRA,90,52.1504,1.9972,2026-08-06 10:29:47,2026-08-06 10:29:50,2026-08-06 10:29:50
209854,3419,OXVD8,COMPRA,165,90.3287,9.3142,2026-08-06 14:29:50,2026-08-06 14:29:50,2026-08-06 14:29:50
209855,3329,HCZM2,COMPRA,440,441.4253,11.6676,2026-08-06 13:19:34,2026-08-06 13:19:37,2026-08-06 13:19:37
209856,1025,DEGN5,COMPRA,180,81.6298,9.4331,2026-08-06 11:06:13,2026-08-06 11:06:16,2026-08-06 11:06:16
209857,1552,XLZM9,COMPRA,60,43.2126,0.2673,2026-08-06 12:02:43,2026-08-06 12:02:45,2026-08-06 12:02:45
209858,3152,TXHR8,COMPRA,300,97.6743,9.9634,2026-08-06 14:04:57,2026-08-06 14:04:59,2026-08-06 14:04:59
209859,2813,XTVW5,COMPRA,165,86.6807,7.6989,2026-08-06 10:40:36,2026-08-06 10:40:39,2026-08-06 10:40:39
209860,3501,DHRM5,COMPRA,425,236.1314,7.1616,2026-08-06 12:36:59,2026-08-06 12:37:01,2026-08-06 12:37:01
209861,3121,UFMA7,COMPRA,415,136.6561,10.0552,2026-08-06 10:15:36,2026-08-06 10:15:39,2026-08-06 10:15:39
209862,2079,MCHX2,COMPRA,150,97.4228,9.5217,2026-08-06 12:29:25,2026-08-06 12:29:28,2026-08-06 12:29:28
209863,3046,RDOA3,COMPRA,345,76.0056,7.2485,2026-08-06 12:01:24,2026-08-06 12:01:24,2026-08-06 12:01:24
209864,2976,QQQS1,COMPRA,490,21.0669,7.8913,2026-08-06 10:22:00,2026-08-06 10:22:01,2026-08-06 10:22:01
209865,3171,SVOZ4,COMPRA,190,52.1723,5.1128,2026-08-06 10:02:29,2026-08-06 10:02:30,2026-08-06 10:02:30
209866,1957,HCZM2,COMPRA,225,342.8529,7.6753,2026-08-06 17:17:05,2026-08-06 17:17:05,2026-08-06 17:17:05
209867,1797,ZHTL2,COMPRA,490,62.4127,6.9967,2026-08-06 16:06:15,2026-08-06 16:06:17,2026-08-06 16:06:17
209868,2075,AAWB3,COMPRA,275,145.7049,6.8770,2026-08-06 13:58:45,2026-08-06 13:58:45,2026-08-06 13:58:45
209869,3408,MGRR2,VENDA,192,126.1942,7.0654,2026-08-06 12:42:26,2026-08-06 12:42:27,2026-08-06 12:42:27
209870,2920,UYFJ9,COMPRA,146,75.0613,10.8929,2026-08-06 13:33:16,2026-08-06 13:33:16,2026-08-06 13:33:16
209871,1669,XLZM9,COMPRA,10,48.4729,10.4236,2026-08-06 17:08:42,2026-08-06 17:08:44,2026-08-06 17:08:44
209872,2098,FIUW1,COMPRA,500,129.6964,3.4642,2026-08-06 10:04:14,2026-08-06 10:04:14,2026-08-06 10:04:14
209873,1011,DSFC9,COMPRA,495,461.8678,6.1776,2026-08-06 10:34:54,2026-08-06 10:34:55,2026-08-06 10:34:55
209874,3396,OVYL9,COMPRA,280,65.6938,8.4791,2026-08-06 14:53:55,2026-08-06 14:53:58,2026-08-06 14:53:58
209875,2557,XOVY4,COMPRA,115,122.2009,10.6989,2026-08-06 16:17:10,2026-08-06 16:17:12,2026-08-06 16:17:12
209876,3448,PZUP8,COMPRA,75,133.3886,2.5815,2026-08-06 14:45:01,2026-08-06 14:45:02,2026-08-06 14:45:02
209877,1948,ICSU4,COMPRA,470,172.9865,5.7125,2026-08-06 13:16:00,2026-08-06 13:16:01,2026-08-06 13:16:01
209878,2816,RSBT4,COMPRA,340,482.1443,5.6692,2026-08-06 16:20:08,2026-08-06 16:20:10,2026-08-06 16:20:10
209879,2411,KFSY2,COMPRA,220,86.6948,0.3289,2026-08-06 17:13:44,2026-08-06 17:13:45,2026-08-06 17:13:45
209880,2647,ZFBT3,COMPRA,168,89.3299,9.7525,2026-08-06 14:23:20,2026-08-06 14:23:21,2026-08-06 14:23:21
209881,1274,WXQM6,COMPRA,134,53.1546,4.7195,2026-08-06 13:33:21,2026-08-06 13:33:24,2026-08-06 13:33:24
209882,3322,TXHR8,COMPRA,340,96.9992,0.2211,2026-08-06 14:13:17,2026-08-06 14:13:18,2026-08-06 14:13:18
209883,2828,WHMT3,COMPRA,415,107.2886,0.0644,2026-08-06 12:13:46,2026-08-06 12:13:49,2026-08-06 12:13:49
209884,1805,YCCK8,COMPRA,110,339.6467,5.2275,2026-08-06 14:20:18,2026-08-06 14:20:20,2026-08-06 14:20:20
209885,3038,ZAAS7,COMPRA,490,333.5501,2.3135,2026-08-06 12:50:15,2026-08-06 12:50:16,2026-08-06 12:50:16
209886,1744,HCZM2,COMPRA,155,522.2100,11.1881,2026-08-06 13:23:24,2026-08-06 13:23:24,2026-08-06 13:23:24
209887,3426,IWAK1,COMPRA,90,74.9705,9.5405,2026-08-06 11:09:38,2026-08-06 11:09:41,2026-08-06 11:09:41
209888,1688,NHYK8,COMPRA,95,83.6965,0.2275,2026-08-06 10:52:41,2026-08-06 10:52:44,2026-08-06 10:52:44
209889,3334,GKQC5,COMPRA,7,153.9598,2.7183,2026-08-06 15:42:39,2026-08-06 15:42:40,2026-08-06 15:42:40
209890,3295,SGBG8,COMPRA,37,65.2644,4.4163,2026-08-06 14:20:38,2026-08-06 14:20:41,2026-08-06 14:20:41
209891,2020,ACSV1,COMPRA,95,87.5904,4.5138,2026-08-06 13:07:39,2026-08-06 13:07:41,2026-08-06 13:07:41
209892,3267,DFGR7,COMPRA,350,98.8248,4.3976,2026-08-06 14:32:37,2026-08-06 14:32:37,2026-08-06 14:32:37
209893,2040,QATW7,COMPRA,160,54.2607,11.2924,2026-08-06 13:01:02,2026-08-06 13:01:03,2026-08-06 13:01:03
209894,2843,ENRZ2,COMPRA,345,81.9822,5.0118,2026-08-06 13:46:45,2026-08-06 13:46:48,2026-08-06 13:46:48
209895,3352,DGBT6,COMPRA,425,95.0059,8.9084,2026-08-06 12:02:43,2026-08-06 12:02:44,2026-08-06 12:02:44
209896,3397,EEYY9,COMPRA,55,174.4876,12.5445,2026-08-06 10:38:14,2026-08-06 10:38:16,2026-08-06 10:38:16
209897,3072,ENRZ2,COMPRA,130,97.7574,0.1923,2026-08-06 10:07:53,2026-08-06 10:07:54,2026-08-06 10:07:54
209898,3202,IZTY4,COMPRA,180,38.4245,1.4439,2026-08-06 13:07:25,2026-08-06 13:07:27,2026-08-06 13:07:27
209899,1939,RSBT4,COMPRA,375,327.2430,6.6711,2026-08-06 13:51:00,2026-08-06 13:51:03,2026-08-06 13:51:03
209900,1387,ECQD7,COMPRA,405,78.8288,5.9070,2026-08-06 14:45:37,2026-08-06 14:45:39,2026-08-06 14:45:39
209901,2147,MCHX2,COMPRA,145,141.2377,6.6700,2026-08-06 10:42:34,2026-08-06 10:42:36,2026-08-06 10:42:36
209902,2150,VLEB3,COMPRA,340,464.5309,6.6463,2026-08-06 17:10:10,2026-08-06 17:10:13,2026-08-06 17:10:13
209903,2421,KHGP6,COMPRA,465,78.2007,7.9801,2026-08-06 14:57:10,2026-08-06 14:57:13,2026-08-06 14:57:13
209904,2028,SVOZ4,COMPRA,10,44.6295,5.5534,2026-08-06 10:35:18,2026-08-06 10:35:19,2026-08-06 10:35:19
209905,1223,UFMA7,COMPRA,324,127.6213,5.0028,2026-08-06 16:40:42,2026-08-06 16:40:42,2026-08-06 16:40:42
209906,2750,XTVW5,COMPRA,303,117.4337,7.2716,2026-08-06 14:34:14,2026-08-06 14:34:14,2026-08-06 14:34:14
209907,1197,RIET5,COMPRA,436,130.9203,7.2376,2026-08-06 14:42:22,2026-08-06 14:42:22,2026-08-06 14:42:22
209908,3268,LCCH9,COMPRA,385,7.9126,11.9682,2026-08-06 10:03:05,2026-08-06 10:03:06,2026-08-06 10:03:06
209909,1978,QTHQ1,COMPRA,330,24.8322,11.5513,2026-08-06 10:58:46,2026-08-06 10:58:48,2026-08-06 10:58:48
209910,2508,PSEN6,COMPRA,195,159.4619,12.7916,2026-08-06 13:31:42,2026-08-06 13:31:45,2026-08-06 13:31:45
209911,2248,HCZM2,COMPRA,170,495.6674,3.0931,2026-08-06 14:15:48,2026-08-06 14:15:50,2026-08-06 14:15:50
209912,1730,IPXK2,COMPRA,270,359.9300,10.9402,2026-08-06 16:14:38,2026-08-06 16:14:38,2026-08-06 16:14:38
209913,2418,FRGH8,COMPRA,26,70.3647,5.1980,2026-08-06 10:05:06,2026-08-06 10:05:07,2026-08-06 10:05:07
209914,2109,AYFQ2,COMPRA,255,12.4575,3.8001,2026-08-06 12:36:30,2026-08-06 12:36:30,2026-08-06 12:36:30
209915,2718,YIHC3,COMPRA,460,50.8534,8.5304,2026-08-06 15:52:05,2026-08-06 15:52:05,2026-08-06 15:52:05
209916,2758,PQUT9,COMPRA,85,67.2081,3.5087,2026-08-06 15:54:08,2026-08-06 15:54:08,2026-08-06 15:54:08
209917,1940,ACSV1,COMPRA,190,97.7839,2.6247,2026-08-06 15:57:37,2026-08-06 15:57:37,2026-08-06 15:57:37
209918,3290,SGBG8,COMPRA,440,81.0597,10.1280,2026-08-06 14:02:37,2026-08-06 14:02:37,2026-08-06 14:02:37
209919,2198,QYBV3,COMPRA,35,78.9891,4.0633,2026-08-06 15:08:26,2026-08-06 15:08:26,2026-08-06 15:08:26
209920,3509,OVUQ2,COMPRA,310,49.6874,9.9591,2026-08-06 13:11:55,2026-08-06 13:11:58,2026-08-06 13:11:58
209921,1893,RMRT1,COMPRA,415,121.5358,8.1463,2026-08-06 11:22:57,2026-08-06 11:22:57,2026-08-06 11:22:57
209922,3105,UYFJ9,COMPRA,135,119.9164,9.3074,2026-08-06 10:46:38,2026-08-06 10:46:38,2026-08-06 10:46:38
209923,1203,QHFL8,COMPRA,474,172.2308,,2026-08-06 11:36:56,2026-08-06 11:36:57,2026-08-06 11:36:57
209924,3501,TXHR8,COMPRA,50,81.5544,0.6701,2026-08-06 14:57:08,2026-08-06 14:57:10,2026-08-06 14:57:10
209925,2075,CQJZ4,COMPRA,355,104.3574,1.6771,2026-08-06 13:22:18,2026-08-06 13:22:19,2026-08-06 13:22:19
209926,2090,IWFI1,COMPRA,205,127.9160,3.0972,2026-08-06 14:44:24,2026-08-06 14:44:25,2026-08-06 14:44:25
209927,3274,HCLJ8,COMPRA,41,116.9785,7.4749,2026-08-06 16:21:23,2026-08-06 16:21:23,2026-08-06 16:21:23
209928,3052,MOLF3,COMPRA,245,57.7584,2.6405,2026-08-06 15:16:23,2026-08-06 15:16:25,2026-08-06 15:16:25
209929,2052,PQUT9,COMPRA,410,101.0482,1.2325,2026-08-06 15:35:52,2026-08-06 15:35:54,2026-08-06 15:35:54
209930,1878,JDJG6,COMPRA,165,89.2021,5.7494,2026-08-06 13:27:34,2026-08-06 13:27:35,2026-08-06 13:27:35
209931,1899,KQEO3,VENDA,180,91.9389,11.5706,2026-08-06 13:22:31,2026-08-06 13:22:31,2026-08-06 13:22:31
209932,1484,MCMT2,COMPRA,225,76.5951,2.2776,2026-08-06 11:57:31,2026-08-06 11:57:32,2026-08-06 11:57:32
209933,1492,SVOZ4,COMPRA,140,46.0421,7.9702,2026-08-06 12:47:35,2026-08-06 12:47:38,2026-08-06 12:47:38
209934,1331,PBZM6,COMPRA,500,64.1505,0.5692,2026-08-06 16:22:16,2026-08-06 16:22:19,2026-08-06 16:22:19
209935,2608,JDJG6,COMPRA,445,79.1583,0.3504,2026-08-06 12:16:04,2026-08-06 12:16:06,2026-08-06 12:16:06
209936,2430,YYLA4,COMPRA,310,198.6416,4.9509,2026-08-06 13:48:42,2026-08-06 13:48:43,2026-08-06 13:48:43
209937,1628,OXVD8,COMPRA,55,94.9361,3.9305,2026-08-06 13:08:01,2026-08-06 13:08:02,2026-08-06 13:08:02
209938,3395,SUZL4,COMPRA,275,123.3067,0.7982,2026-08-06 12:44:40,2026-08-06 12:44:41,2026-08-06 12:44:41
209939,1451,QEUC2,COMPRA,453,208.7921,8.6984,2026-08-06 15:22:39,2026-08-06 15:22:41,2026-08-06 15:22:41
209940,3173,JIPA6,COMPRA,385,28.1621,12.2060,2026-08-06 13:05:50,2026-08-06 13:05:52,2026-08-06 13:05:52
209941,2286,DSFC9,COMPRA,485,426.0885,10.7427,2026-08-06 17:18:08,2026-08-06 17:18:09,2026-08-06 17:18:09
209942,2253,DEGN5,COMPRA,250,81.9220,7.0906,2026-08-06 14:02:30,2026-08-06 14:02:33,2026-08-06 14:02:33
209943,2849,LIEG8,COMPRA,213,113.9497,8.7345,2026-08-06 10:11:21,2026-08-06 10:11:21,2026-08-06 10:11:21
209944,2482,YRWH3,COMPRA,105,227.9401,5.2795,2026-08-06 14:17:56,2026-08-06 14:17:58,2026-08-06 14:17:58
209945,2299,NWGB4,COMPRA,225,98.2149,9.0395,2026-08-06 10:27:32,2026-08-06 10:27:33,2026-08-06 10:27:33
209946,3005,BOCS8,COMPRA,230,61.5139,8.9580,2026-08-06 11:32:56,2026-08-06 11:32:59,2026-08-06 11:32:59
209947,1696,TVCE9,COMPRA,205,58.6345,0.2296,2026-08-06 12:45:11,2026-08-06 12:45:12,2026-08-06 12:45:12
209948,1364,KFSY2,COMPRA,316,103.9323,12.2949,2026-08-06 16:12:32,2026-08-06 16:12:35,2026-08-06 16:12:35
209949,2087,XOVY4,COMPRA,60,86.9760,5.3441,2026-08-06 16:17:53,2026-08-06 16:17:56,2026-08-06 16:17:56
209950,2913,NAOF3,COMPRA,135,61.6610,9.5856,2026-08-06 10:29:20,2026-08-06 10:29:20,2026-08-06 10:29:20
209951,2263,PSEN6,COMPRA,500,159.9388,1.1645,2026-08-06 13:56:24,2026-08-06 13:56:26,2026-08-06 13:56:26
209952,3273,GULD2,COMPRA,330,145.1963,11.7925,2026-08-06 16:59:08,2026-08-06 16:59:09,2026-08-06 16:59:09
209953,1878,RHXV4,COMPRA,355,70.4764,9.7747,2026-08-06 13:51:26,2026-08-06 13:51:29,2026-08-06 13:51:29
209954,2238,QYBV3,COMPRA,470,68.2743,4.6361,2026-08-06 13:21:24,2026-08-06 13:21:27,2026-08-06 13:21:27
209955,3221,OVYL9,COMPRA,410,66.4769,7.1954,2026-08-06 10:03:18,2026-08-06 10:03:21,2026-08-06 10:03:21
209956,2391,MJDL9,COMPRA,219,34.1062,3.9318,2026-08-06 14:51:56,2026-08-06 14:51:57,2026-08-06 14:51:57
209957,2479,UFMA7,COMPRA,155,150.3809,6.4129,2026-08-06 10:44:21,2026-08-06 10:44:24,2026-08-06 10:44:24
209958,1905,TTHO3,COMPRA,205,41.0031,6.0239,2026-08-06 16:24:08,2026-08-06 16:24:09,2026-08-06 16:24:09
209959,3498,HCLJ8,COMPRA,490,106.7986,3.0741,2026-08-06 11:05:01,2026-08-06 11:05:03,2026-08-06 11:05:03
209960,1780,WXFC8,COMPRA,268,87.4858,10.5901,2026-08-06 14:52:10,2026-08-06 14:52:12,2026-08-06 14:52:12
209961,2458,OVYL9,COMPRA,475,74.7538,9.4694,2026-08-06 11:05:26,2026-08-06 11:05:28,2026-08-06 11:05:28
209962,2352,GKQC5,COMPRA,55,108.1034,11.1045,2026-08-06 13:15:31,2026-08-06 13:15:31,2026-08-06 13:15:31
209963,2044,IPXK2,COMPRA,455,301.3099,9.6398,2026-08-06 14:00:00,2026-08-06 14:00:01,2026-08-06 14:00:01
209964,2470,ZYVN7,COMPRA,295,79.5767,2.4818,2026-08-06 11:08:02,2026-08-06 11:08:03,2026-08-06 11:08:03
209965,2966,WIPB2,COMPRA,315,84.0523,3.0638,2026-08-06 14:18:44,2026-08-06 14:18:45,2026-08-06 14:18:45
209966,3175,MJDL9,COMPRA,137,34.6562,10.6586,2026-08-06 15:42:12,2026-08-06 15:42:12,2026-08-06 15:42:12
209967,3223,IJJK3,COMPRA,25,89.2833,8.0079,2026-08-06 10:04:41,2026-08-06 10:04:41,2026-08-06 10:04:41
209968,2355,TNHT4,COMPRA,195,156.6433,9.9762,2026-08-06 16:57:08,2026-08-06 16:57:08,2026-08-06 16:57:08
209969,1684,UQJU7,COMPRA,435,60.0000,11.1603,2026-08-06 10:42:36,2026-08-06 10:42:39,2026-08-06 10:42:39
209970,2743,DEGN5,COMPRA,435,67.1471,7.2312,2026-08-06 10:38:04,2026-08-06 10:38:06,2026-08-06 10:38:06
209971,1005,LQML9,COMPRA,410,148.7006,3.7406,2026-08-06 12:01:05,2026-08-06 12:01:07,2026-08-06 12:01:07
209972,1491,WXFC8,COMPRA,251,79.6186,1.0709,2026-08-06 10:15:57,2026-08-06 10:15:59,2026-08-06 10:15:59
209973,1260,MCMT2,COMPRA,185,102.2822,9.9161,2026-08-06 10:44:26,2026-08-06 10:44:29,2026-08-06 10:44:29
209974,1615,CQJZ4,COMPRA,95,80.4221,1.2807,2026-08-06 11:01:49,2026-08-06 11:01:49,2026-08-06 11:01:49
209975,2211,WMQZ6,COMPRA,195,96.1826,12.4760,2026-08-06 16:27:56,2026-08-06 16:27:58,2026-08-06 16:27:58
209976,3416,HJRH5,COMPRA,330,126.9962,3.7490,2026-08-06 12:29:50,2026-08-06 12:29:52,2026-08-06 12:29:52
209977,1702,RIET5,COMPRA,140,158.1803,2.1190,2026-08-06 15:09:23,2026-08-06 15:09:24,2026-08-06 15:09:24
209978,1540,NWGB4,COMPRA,410,120.7472,7.5214,2026-08-06 16:05:36,2026-08-06 16:05:38,2026-08-06 16:05:38
209979,1857,ENRZ2,COMPRA,405,111.8811,5.5378,2026-08-06 17:19:41,2026-08-06 17:19:42,2026-08-06 17:19:42
209980,1428,PSEN6,COMPRA,355,188.0073,3.8253,2026-08-06 12:27:39,2026-08-06 12:27:39,2026-08-06 12:27:39
209981,1265,EEYY9,COMPRA,120,186.1381,6.8227,2026-08-06 14:56:28,2026-08-06 14:56:31,2026-08-06 14:56:31
209982,1010,LCCH9,COMPRA,315,7.0978,0.1357,2026-08-06 13:02:52,2026-08-06 13:02:55,2026-08-06 13:02:55
209983,1653,XAVL3,VENDA,253,208.7784,12.3932,2026-08-06 14:25:11,2026-08-06 14:25:12,2026-08-06 14:25:12
209984,1052,JJVW6,COMPRA,125,128.8280,5.6497,2026-08-06 14:44:36,2026-08-06 14:44:37,2026-08-06 14:44:37
209985,2959,FRGH8,COMPRA,155,94.4659,3.0619,2026-08-06 15:30:49,2026-08-06 15:30:52,2026-08-06 15:30:52
209986,1271,RFNS7,COMPRA,270,90.8017,3.2878,2026-08-06 14:10:44,2026-08-06 14:10:44,2026-08-06 14:10:44
209987,3217,OVYL9,COMPRA,65,71.1071,1.6996,2026-08-06 15:02:30,2026-08-06 15:02:32,2026-08-06 15:02:32
209988,3452,UQIQ7,COMPRA,115,87.9479,8.1936,2026-08-06 12:08:28,2026-08-06 12:08:28,2026-08-06 12:08:28
209989,1296,ZFBT3,COMPRA,96,121.4460,6.2462,2026-08-06 16:56:04,2026-08-06 16:56:04,2026-08-06 16:56:04
209990,2329,UVEY5,COMPRA,380,91.3535,11.7172,2026-08-06 10:01:52,2026-08-06 10:01:55,2026-08-06 10:01:55
209991,2341,ENRZ2,COMPRA,260,101.6369,7.9242,2026-08-06 10:00:12,2026-08-06 10:00:12,2026-08-06 10:00:12
209992,2017,MJDL9,COMPRA,360,39.7798,11.8874,2026-08-06 13:55:23,2026-08-06 13:55:25,2026-08-06 13:55:25
209993,2485,ZFBT3,COMPRA,390,99.0518,1.2082,2026-08-06 14:17:08,2026-08-06 14:17:09,2026-08-06 14:17:09
209994,3281,RSBT4,COMPRA,450,425.3438,8.3747,2026-08-06 14:24:37,2026-08-06 14:24:38,2026-08-06 14:24:38
209995,3162,QTHQ1,COMPRA,105,21.1841,3.3928,2026-08-06 13:46:05,2026-08-06 13:46:06,2026-08-06 13:46:06
209996,1534,RDOA3,VENDA,75,108.7488,2.8641,2026-08-06 14:43:49,2026-08-06 14:43:50,2026-08-06 14:43:50
209997,1181,ICSU4,VENDA,69,128.8137,1.9429,2026-08-06 16:11:12,2026-08-06 16:11:12,2026-08-06 16:11:12
209998,1239,DGBT6,COMPRA,491,90.0736,12.6199,2026-08-06 14:21:57,2026-08-06 14:22:00,2026-08-06 14:22:00
209999,1551,NGIU9,COMPRA,490,133.7292,4.8706,2026-08-06 11:52:02,2026-08-06 11:52:02,2026-08-06 11:52:02
210000,2193,ZFBT3,COMPRA,435,84.7819,2.6465,2026-08-06 11:04:24,2026-08-06 11:04:25,2026-08-06 11:04:25
210001,3350,BGNM6,COMPRA,40,85.7436,10.0595,2026-08-06 16:04:29,2026-08-06 16:04:30,2026-08-06 16:04:30
210002,2227,QYBV3,COMPRA,420,60.0000,0.4765,2026-08-06 16:15:57,2026-08-06 16:15:58,2026-08-06 16:15:58
210003,1491,YOWA1,COMPRA,50,48.8935,9.9734,2026-08-06 13:32:54,2026-08-06 13:32:54,2026-08-06 13:32:54
210004,3012,IZTY4,COMPRA,405,27.5675,8.8187,2026-08-06 10:30:21,2026-08-06 10:30:21,2026-08-06 10:30:21
210005,1519,UYFJ9,COMPRA,225,119.5245,2.7470,2026-08-06 12:13:57,2026-08-06 12:13:57,2026-08-06 12:13:57
210006,2961,SUZL4,COMPRA,495,133.7131,10.0104,2026-08-06 12:33:46,2026-08-06 12:33:47,2026-08-06 12:33:47
210007,3106,XAVL3,COMPRA,268,157.2358,2.6733,2026-08-06 13:51:10,2026-08-06 13:51:10,2026-08-06 13:51:10
210008,1912,TNHT4,COMPRA,115,125.3511,4.3095,2026-08-06 13:01:34,2026-08-06 13:01:37,2026-08-06 13:01:37
210009,3382,QTHQ1,COMPRA,115,20.5015,9.8570,2026-08-06 12:28:37,2026-08-06 12:28:39,2026-08-06 12:28:39
210010,2559,NHYK8,COMPRA,395,82.4008,10.3270,2026-08-06 16:24:00,2026-08-06 16:24:01,2026-08-06 16:24:01
210011,2092,JIPR4,COMPRA,200,24.9786,5.7435,2026-08-06 15:36:10,2026-08-06 15:36:12,2026-08-06 15:36:12
210012,2465,QTDZ2,COMPRA,220,59.5870,4.6483,2026-08-06 15:51:54,2026-08-06 15:51:56,2026-08-06 15:51:56
210013,3030,BGNM6,COMPRA,235,103.5697,2.1871,2026-08-06 16:49:26,2026-08-06 16:49:29,2026-08-06 16:49:29
210014,2650,XLZM9,COMPRA,455,65.5439,2.2466,2026-08-06 16:14:10,2026-08-06 16:14:12,2026-08-06 16:14:12
210015,2872,MOLF3,COMPRA,345,43.6520,5.5235,2026-08-06 16:49:47,2026-08-06 16:49:48,2026-08-06 16:49:48
210016,3388,IWAK1,COMPRA,461,85.4750,7.5561,2026-08-06 17:13:17,2026-08-06 17:13:20,2026-08-06 17:13:20
210017,3154,UCHR6,COMPRA,482,329.0755,8.0103,2026-08-06 13:50:37,2026-08-06 13:50:40,2026-08-06 13:50:40
210018,2548,IWAK1,COMPRA,75,79.1755,6.6596,2026-08-06 16:11:33,2026-08-06 16:11:35,2026-08-06 16:11:35
210019,1468,NQYT3,COMPRA,345,63.4201,10.5907,2026-08-06 10:15:08,2026-08-06 10:15:09,2026-08-06 10:15:09
210020,1282,MCHX2,COMPRA,10,120.8208,7.9272,2026-08-06 12:06:32,2026-08-06 12:06:34,2026-08-06 12:06:34
210021,1465,IWAK1,COMPRA,400,100.2323,10.2057,2026-08-06 10:20:17,2026-08-06 10:20:18,2026-08-06 10:20:18
210022,1992,OVUQ2,COMPRA,480,47.6283,12.1017,2026-08-06 11:25:15,2026-08-06 11:25:16,2026-08-06 11:25:16
210023,1403,WIPB2,COMPRA,25,102.7202,7.4162,2026-08-06 16:23:59,2026-08-06 16:24:00,2026-08-06 16:24:00
210024,2080,QYBV3,COMPRA,95,60.0000,8.6135,2026-08-06 15:15:14,2026-08-06 15:15:16,2026-08-06 15:15:16
210025,1229,PZUP8,COMPRA,266,176.0855,5.0031,2026-08-06 14:43:54,2026-08-06 14:43:56,2026-08-06 14:43:56
210026,1006,UVEY5,COMPRA,140,104.0693,3.6693,2026-08-06 15:12:27,2026-08-06 15:12:27,2026-08-06 15:12:27
210027,1877,SRDU1,COMPRA,375,70.0435,9.6053,2026-08-06 10:21:49,2026-08-06 10:21:52,2026-08-06 10:21:52
210028,1970,NUJZ2,COMPRA,210,37.1534,6.0876,2026-08-06 14:01:36,2026-08-06 14:01:38,2026-08-06 14:01:38
210029,3124,NUJZ2,COMPRA,285,40.9569,7.6952,2026-08-06 14:07:35,2026-08-06 14:07:36,2026-08-06 14:07:36
210030,2580,DMTZ8,COMPRA,165,171.0067,5.7971,2026-08-06 13:51:35,2026-08-06 13:51:38,2026-08-06 13:51:38
210031,3246,JIPR4,COMPRA,75,36.0902,3.2281,2026-08-06 13:50:54,2026-08-06 13:50:55,2026-08-06 13:50:55
210032,2659,NQYT3,COMPRA,275,61.2504,11.3311,2026-08-06 13:06:03,2026-08-06 13:06:04,2026-08-06 13:06:04
210033,1153,RDOA3,COMPRA,135,113.2136,8.7457,2026-08-06 14:35:20,2026-08-06 14:35:20,2026-08-06 14:35:20
210034,2187,DFGR7,COMPRA,360,97.4623,1.8991,2026-08-06 15:30:47,2026-08-06 15:30:47,2026-08-06 15:30:47
210035,3328,DSFC9,COMPRA,315,457.2593,6.9228,2026-08-06 16:40:29,2026-08-06 16:40:30,2026-08-06 16:40:30
210036,1651,TVCE9,COMPRA,225,67.3936,11.0949,2026-08-06 16:25:42,2026-08-06 16:25:45,2026-08-06 16:25:45
210037,2540,TNHT4,COMPRA,333,117.1299,0.2543,2026-08-06 13:00:27,2026-08-06 13:00:28,2026-08-06 13:00:28
210038,1888,NPEM3,COMPRA,499,103.5365,10.1697,2026-08-06 12:52:38,2026-08-06 12:52:41,2026-08-06 12:52:41
210039,2934,GFDF2,COMPRA,335,83.5000,6.7911,2026-08-06 14:17:33,2026-08-06 14:17:36,2026-08-06 14:17:36
210040,2667,CQIL9,COMPRA,235,44.0959,6.3491,2026-08-06 16:42:54,2026-08-06 16:42:56,2026-08-06 16:42:56
210041,3380,KQEO3,COMPRA,340,90.6878,1.8555,2026-08-06 13:52:28,2026-08-06 13:52:31,2026-08-06 13:52:31
210042,3492,ERTC4,COMPRA,126,41.9697,9.7499,2026-08-06 15:26:18,2026-08-06 15:26:21,2026-08-06 15:26:21
210043,2614,UYFJ9,COMPRA,35,80.0878,2.2165,2026-08-06 12:50:46,2026-08-06 12:50:49,2026-08-06 12:50:49
210044,3098,WXFC8,COMPRA,400,87.0265,6.9498,2026-08-06 15:45:17,2026-08-06 15:45:20,2026-08-06 15:45:20
210045,3285,ZFBT3,COMPRA,170,80.5930,,2026-08-06 15:23:13,2026-08-06 15:23:16,2026-08-06 15:23:16
210046,2411,FRGH8,COMPRA,430,94.0699,10.3042,2026-08-06 10:08:53,2026-08-06 10:08:56,2026-08-06 10:08:56
210047,2345,IZTY4,COMPRA,215,32.4696,11.5128,2026-08-06 11:05:21,2026-08-06 11:05:22,2026-08-06 11:05:22
210048,1486,DEGN5,COMPRA,200,80.6319,5.9037,2026-08-06 15:15:58,2026-08-06 15:15:59,2026-08-06 15:15:59
210049,3238,LIEG8,VENDA,30,102.7966,6.5961,2026-08-06 10:27:43,2026-08-06 10:27:45,2026-08-06 10:27:45
210050,2717,ECQD7,COMPRA,465,73.2374,5.1871,2026-08-06 17:22:24,2026-08-06 17:22:27,2026-08-06 17:22:27
210051,3262,QEUC2,COMPRA,500,176.9433,6.8055,2026-08-06 11:21:32,2026-08-06 11:21:35,2026-08-06 11:21:35
210052,1399,CQJZ4,COMPRA,455,83.8694,2.8129,2026-08-06 16:50:53,2026-08-06 16:50:54,2026-08-06 16:50:54
210053,1487,UFMA7,COMPRA,330,204.7653,0.3016,2026-08-06 11:12:31,2026-08-06 11:12:31,2026-08-06 11:12:31
210054,3029,WIPB2,COMPRA,130,133.2422,3.0506,2026-08-06 13:35:53,2026-08-06 13:35:55,2026-08-06 13:35:55
210055,2944,DGBT6,COMPRA,85,75.5934,1.5185,2026-08-06 17:24:50,2026-08-06 17:24:50,2026-08-06 17:24:50
210056,1023,DGBT6,COMPRA,85,105.2933,1.7460,2026-08-06 15:51:44,2026-08-06 15:51:47,2026-08-06 15:51:47
210057,3333,XLZM9,COMPRA,420,45.1958,10.7222,2026-08-06 14:32:36,2026-08-06 14:32:37,2026-08-06 14:32:37
210058,1731,DGBT6,COMPRA,385,74.3189,5.1371,2026-08-06 13:37:51,2026-08-06 13:37:54,2026-08-06 13:37:54
210059,3495,ICSU4,COMPRA,415,167.8630,1.3867,2026-08-06 14:40:30,2026-08-06 14:40:31,2026-08-06 14:40:31
210060,3512,NREP8,COMPRA,371,105.3499,9.4656,2026-08-06 17:27:23,2026-08-06 17:27:26,2026-08-06 17:27:26
210061,1925,JJVW6,COMPRA,30,139.5819,1.4488,2026-08-06 15:37:05,2026-08-06 15:37:05,2026-08-06 15:37:05
210062,1178,VLEB3,COMPRA,180,346.4153,1.8472,2026-08-06 13:34:10,2026-08-06 13:34:13,2026-08-06 13:34:13
210063,1281,UFIU3,COMPRA,90,71.0378,2.7782,2026-08-06 14:17:30,2026-08-06 14:17:30,2026-08-06 14:17:30
210064,3250,DHRM5,COMPRA,110,364.0800,9.6353,2026-08-06 14:12:13,2026-08-06 14:12:15,2026-08-06 14:12:15
210065,1257,YYLA4,COMPRA,75,155.3560,7.5179,2026-08-06 11:03:26,2026-08-06 11:03:29,2026-08-06 11:03:29
210066,1563,YYLA4,COMPRA,335,158.1006,5.5705,2026-08-06 10:36:26,2026-08-06 10:36:26,2026-08-06 10:36:26
210067,2671,YRWH3,COMPRA,490,180.3568,7.0788,2026-08-06 14:28:21,2026-08-06 14:28:24,2026-08-06 14:28:24
210068,2622,SRDU1,COMPRA,105,104.1165,11.2032,2026-08-06 10:35:34,2026-08-06 10:35:35,2026-08-06 10:35:35
210069,1251,GAKD5,COMPRA,425,315.9964,9.0385,2026-08-06 15:03:13,2026-08-06 15:03:14,2026-08-06 15:03:14
210070,1508,UQJU7,COMPRA,487,86.7827,4.6946,2026-08-06 12:21:44,2026-08-06 12:21:47,2026-08-06 12:21:47
210071,1130,WHMT3,COMPRA,245,137.6327,3.3297,2026-08-06 14:35:49,2026-08-06 14:35:49,2026-08-06 14:35:49
210072,1887,HVEX2,COMPRA,389,143.5433,7.3929,2026-08-06 12:39:22,2026-08-06 12:39:24,2026-08-06 12:39:24
210073,3279,SRDU1,COMPRA,285,83.4118,4.7004,2026-08-06 15:48:29,2026-08-06 15:48:29,2026-08-06 15:48:29
210074,2876,GULD2,COMPRA,50,173.1402,7.3552,2026-08-06 14:48:27,2026-08-06 14:48:28,2026-08-06 14:48:28
210075,3023,SRDU1,COMPRA,193,75.1604,1.0787,2026-08-06 13:28:44,2026-08-06 13:28:45,2026-08-06 13:28:45
210076,2339,LCCH9,COMPRA,250,7.7149,6.7869,2026-08-06 16:36:21,2026-08-06 16:36:24,2026-08-06 16:36:24
210077,1570,BOCS8,COMPRA,45,66.1327,8.3059,2026-08-06 16:17:52,2026-08-06 16:17:54,2026-08-06 16:17:54
210078,1592,XPVA7,COMPRA,120,357.8938,1.8051,2026-08-06 14:21:57,2026-08-06 14:21:57,2026-08-06 14:21:57
210079,3253,GAKD5,COMPRA,405,257.0148,9.1553,2026-08-06 16:41:22,2026-08-06 16:41:22,2026-08-06 16:41:22
210080,1504,DQSN6,COMPRA,480,171.3877,1.1464,2026-08-06 15:18:03,2026-08-06 15:18:03,2026-08-06 15:18:03
210081,1694,RMRT1,COMPRA,248,117.8929,9.6116,2026-08-06 11:47:17,2026-08-06 11:47:18,2026-08-06 11:47:18
210082,1336,DMTZ8,COMPRA,275,215.1107,9.8490,2026-08-06 14:05:47,2026-08-06 14:05:50,2026-08-06 14:05:50
210083,1885,TNHT4,COMPRA,325,121.9053,1.0908,2026-08-06 16:07:14,2026-08-06 16:07:15,2026-08-06 16:07:15
210084,1396,PZUP8,COMPRA,180,125.8570,9.0259,2026-08-06 10:16:03,2026-08-06 10:16:06,2026-08-06 10:16:06
210085,1440,QYBV3,COMPRA,435,86.1264,10.8199,2026-08-06 15:11:21,2026-08-06 15:11:22,2026-08-06 15:11:22
210086,1239,GKQC5,COMPRA,180,103.4871,8.4423,2026-08-06 12:54:36,2026-08-06 12:54:36,2026-08-06 12:54:36
210087,2401,RFNS7,COMPRA,285,70.2709,2.1086,2026-08-06 14:41:48,2026-08-06 14:41:48,2026-08-06 14:41:48
210088,3420,GKQC5,COMPRA,5,121.4357,,2026-08-06 15:45:33,2026-08-06 15:45:34,2026-08-06 15:45:34
210089,2109,SGBG8,COMPRA,190,96.2385,8.4227,2026-08-06 12:56:43,2026-08-06 12:56:43,2026-08-06 12:56:43
210090,2028,UFIU3,COMPRA,190,106.8425,0.2161,2026-08-06 11:08:12,2026-08-06 11:08:14,2026-08-06 11:08:14
210091,3240,XPVA7,COMPRA,318,405.3625,1.9059,2026-08-06 13:52:07,2026-08-06 13:52:07,2026-08-06 13:52:07
210092,3041,SGBG8,COMPRA,385,72.0929,3.0810,2026-08-06 11:48:11,2026-08-06 11:48:14,2026-08-06 11:48:14
210093,1093,SVOZ4,COMPRA,170,42.6413,4.9534,2026-08-06 17:10:30,2026-08-06 17:10:30,2026-08-06 17:10:30
210094,1562,SVOZ4,COMPRA,435,47.6346,0.1552,2026-08-06 15:35:45,2026-08-06 15:35:45,2026-08-06 15:35:45
210095,2327,DQSN6,VENDA,45,167.1291,5.2676,2026-08-06 10:47:06,2026-08-06 10:47:09,2026-08-06 10:47:09
210096,2617,QQQS1,COMPRA,208,17.8937,4.9991,2026-08-06 16:48:20,2026-08-06 16:48:21,2026-08-06 16:48:21
210097,2337,XPVA7,COMPRA,320,585.3694,0.6935,2026-08-06 16:28:33,2026-08-06 16:28:34,2026-08-06 16:28:34
210098,3323,QEUC2,COMPRA,220,134.7647,7.4917,2026-08-06 15:45:30,2026-08-06 15:45:32,2026-08-06 15:45:32
210099,1424,ZHTL2,COMPRA,350,51.0338,3.2703,2026-08-06 16:48:01,2026-08-06 16:48:03,2026-08-06 16:48:03
210100,1577,OEQA8,COMPRA,320,527.5821,,2026-08-06 16:28:04,2026-08-06 16:28:07,2026-08-06 16:28:07
210101,1418,WXFC8,COMPRA,311,69.5915,3.0695,2026-08-06 11:10:43,2026-08-06 11:10:45,2026-08-06 11:10:45
210102,2607,KHGP6,COMPRA,270,106.3580,8.1251,2026-08-06 13:31:51,2026-08-06 13:31:51,2026-08-06 13:31:51
210103,3378,LQML9,COMPRA,305,117.3203,1.6775,2026-08-06 17:13:17,2026-08-06 17:13:18,2026-08-06 17:13:18
210104,2320,MGRR2,COMPRA,195,104.3116,0.9593,2026-08-06 16:50:14,2026-08-06 16:50:15,2026-08-06 16:50:15
210105,1312,DSFC9,COMPRA,115,380.4729,12.2245,2026-08-06 15:19:35,2026-08-06 15:19:37,2026-08-06 15:19:37
210106,2014,JIPA6,COMPRA,495,41.8077,5.0350,2026-08-06 11:02:52,2026-08-06 11:02:55,2026-08-06 11:02:55
210107,2454,TBWG2,COMPRA,430,70.1949,11.1639,2026-08-06 13:12:32,2026-08-06 13:12:33,2026-08-06 13:12:33
210108,1129,PBZM6,COMPRA,435,46.5183,4.9051,2026-08-06 14:54:41,2026-08-06 14:54:42,2026-08-06 14:54:42
210109,1605,QTDZ2,COMPRA,40,41.6774,1.7922,2026-08-06 11:02:30,2026-08-06 11:02:31,2026-08-06 11:02:31
210110,1619,NWGB4,COMPRA,455,128.5763,6.5775,2026-08-06 12:38:44,2026-08-06 12:38:45,2026-08-06 12:38:45
210111,1778,IWAK1,COMPRA,245,80.3388,1.6356,2026-08-06 16:15:08,2026-08-06 16:15:08,2026-08-06 16:15:08
210112,2843,DHRM5,COMPRA,420,238.7588,1.3779,2026-08-06 10:28:36,2026-08-06 10:28:39,2026-08-06 10:28:39
210113,1586,GFDF2,COMPRA,455,93.0061,11.1983,2026-08-06 13:54:43,2026-08-06 13:54:45,2026-08-06 13:54:45
210114,1973,BGNM6,COMPRA,335,124.7184,1.2310,2026-08-06 16:30:52,2026-08-06 16:30:55,2026-08-06 16:30:55
210115,3449,MCHX2,COMPRA,300,134.2678,1.0527,2026-08-06 13:18:49,2026-08-06 13:18:51,2026-08-06 13:18:51
210116,1514,DEGN5,COMPRA,365,68.3004,7.6038,2026-08-06 17:07:30,2026-08-06 17:07:33,2026-08-06 17:07:33
210117,1073,WMQZ6,COMPRA,465,60.0000,6.4097,2026-08-06 11:37:42,2026-08-06 11:37:44,2026-08-06 11:37:44
210118,2672,SGBG8,COMPRA,175,98.4343,5.7246,2026-08-06 16:42:05,2026-08-06 16:42:05,2026-08-06 16:42:05
210119,2743,NWGB4,COMPRA,241,103.9360,7.1899,2026-08-06 13:24:12,2026-08-06 13:24:13,2026-08-06 13:24:13
210120,1431,QTDZ2,COMPRA,215,62.0765,12.8749,2026-08-06 12:33:16,2026-08-06 12:33:19,2026-08-06 12:33:19
210121,1291,RMRT1,COMPRA,445,113.8317,4.0798,2026-08-06 13:13:54,2026-08-06 13:13:54,2026-08-06 13:13:54
210122,2335,GULD2,COMPRA,365,169.8217,9.3117,2026-08-06 10:08:41,2026-08-06 10:08:41,2026-08-06 10:08:41
210123,3146,VLEB3,COMPRA,25,367.2020,9.8002,2026-08-06 15:44:28,2026-08-06 15:44:31,2026-08-06 15:44:31
210124,2702,AYFQ2,COMPRA,305,12.6815,10.1132,2026-08-06 16:08:22,2026-08-06 16:08:24,2026-08-06 16:08:24
210125,2656,JUDG8,COMPRA,185,109.6291,1.7753,2026-08-06 14:52:08,2026-08-06 14:52:09,2026-08-06 14:52:09
210126,2846,LGKU6,COMPRA,255,72.8569,10.1626,2026-08-06 14:33:45,2026-08-06 14:33:48,2026-08-06 14:33:48
210127,1201,IPXK2,COMPRA,320,316.8598,9.7577,2026-08-06 11:43:07,2026-08-06 11:43:08,2026-08-06 11:43:08
210128,2929,YYLA4,COMPRA,265,163.3102,0.2259,2026-08-06 13:05:34,2026-08-06 13:05:34,2026-08-06 13:05:34
210129,1682,SVOZ4,COMPRA,425,45.5581,2.3165,2026-08-06 16:20:46,2026-08-06 16:20:48,2026-08-06 16:20:48
210130,3226,NWGB4,COMPRA,120,114.3209,10.9128,2026-08-06 14:46:08,2026-08-06 14:46:09,2026-08-06 14:46:09
210131,1455,UCHR6,COMPRA,85,478.8738,0.5855,2026-08-06 13:12:14,2026-08-06 13:12:16,2026-08-06 13:12:16
210132,1887,AAUA7,COMPRA,440,109.4377,2.6506,2026-08-06 11:26:43,2026-08-06 11:26:45,2026-08-06 11:26:45
210133,2838,HCZM2,COMPRA,141,398.3721,11.1628,2026-08-06 13:20:03,2026-08-06 13:20:05,2026-08-06 13:20:05
210134,2792,KQEO3,COMPRA,180,55.6319,7.4917,2026-08-06 11:47:48,2026-08-06 11:47:49,2026-08-06 11:47:49
210135,3204,NREP8,COMPRA,288,153.3863,5.5167,2026-08-06 16:03:48,2026-08-06 16:03:48,2026-08-06 16:03:48
210136,1465,RHXV4,COMPRA,285,72.6818,6.0620,2026-08-06 10:45:46,2026-08-06 10:45:48,2026-08-06 10:45:48
210137,2236,ACSV1,COMPRA,115,80.3734,0.5483,2026-08-06 11:43:45,2026-08-06 11:43:45,2026-08-06 11:43:45
210138,1013,UYFJ9,COMPRA,350,111.4999,1.7389,2026-08-06 10:29:43,2026-08-06 10:29:46,2026-08-06 10:29:46
210139,1641,OVYL9,COMPRA,420,81.5298,10.8731,2026-08-06 12:05:31,2026-08-06 12:05:31,2026-08-06 12:05:31
210140,1180,JIPR4,COMPRA,260,37.8540,4.8558,2026-08-06 16:42:07,2026-08-06 16:42:09,2026-08-06 16:42:09
210141,1482,SRDU1,COMPRA,350,92.2812,6.2898,2026-08-06 15:15:49,2026-08-06 15:15:50,2026-08-06 15:15:50
210142,2191,NYGT6,COMPRA,495,115.7828,11.6030,2026-08-06 13:38:23,2026-08-06 13:38:25,2026-08-06 13:38:25
210143,1126,XOVY4,COMPRA,452,81.7476,0.9047,2026-08-06 10:05:26,2026-08-06 10:05:28,2026-08-06 10:05:28
210144,2599,UFMA7,COMPRA,260,133.3135,9.9663,2026-08-06 13:32:32,2026-08-06 13:32:35,2026-08-06 13:32:35
210145,1044,TVCE9,COMPRA,60,81.9701,11.4162,2026-08-06 13:17:33,2026-08-06 13:17:35,2026-08-06 13:17:35
210146,2909,ENRZ2,COMPRA,440,113.9022,11.9234,2026-08-06 11:55:17,2026-08-06 11:55:17,2026-08-06 11:55:17
210147,2860,KFSY2,VENDA,45,112.4880,5.1278,2026-08-06 14:16:40,2026-08-06 14:16:41,2026-08-06 14:16:41
210148,1357,HJRH5,COMPRA,489,197.8767,10.7648,2026-08-06 15:24:59,2026-08-06 15:25:02,2026-08-06 15:25:02
210149,2891,RFNS7,COMPRA,405,97.5398,8.7727,2026-08-06 14:47:10,2026-08-06 14:47:13,2026-08-06 14:47:13
210150,3356,NWGB4,COMPRA,145,103.6011,4.5592,2026-08-06 15:59:14,2026-08-06 15:59:14,2026-08-06 15:59:14
210151,1607,MGRR2,COMPRA,165,106.0079,10.0297,2026-08-06 13:30:09,2026-08-06 13:30:12,2026-08-06 13:30:12
210152,3416,UCHR6,COMPRA,100,353.8228,7.3224,2026-08-06 12:02:30,2026-08-06 12:02:30,2026-08-06 12:02:30
210153,3045,NHYK8,COMPRA,5,59.9518,6.9795,2026-08-06 16:05:38,2026-08-06 16:05:41,2026-08-06 16:05:41
210154,2948,ACSV1,COMPRA,75,90.5597,7.3859,2026-08-06 10:05:48,2026-08-06 10:05:50,2026-08-06 10:05:50
210155,3059,YIHC3,COMPRA,75,68.2299,6.2535,2026-08-06 15:29:16,2026-08-06 15:29:17,2026-08-06 15:29:17
210156,1153,AYFQ2,COMPRA,150,9.8454,12.7361,2026-08-06 12:09:13,2026-08-06 12:09:13,2026-08-06 12:09:13
210157,2562,MCHX2,COMPRA,460,119.7759,2.3150,2026-08-06 15:07:34,2026-08-06 15:07:37,2026-08-06 15:07:37
210158,2396,VLEB3,COMPRA,495,461.8198,2.8870,2026-08-06 14:47:49,2026-08-06 14:47:52,2026-08-06 14:47:52
210159,3427,MOLF3,COMPRA,205,64.1889,3.3679,2026-08-06 11:21:34,2026-08-06 11:21:35,2026-08-06 11:21:35
210160,1929,HCLJ8,COMPRA,205,89.3523,4.1446,2026-08-06 10:57:56,2026-08-06 10:57:58,2026-08-06 10:57:58
210161,2668,BGNM6,COMPRA,235,78.0859,3.0716,2026-08-06 15:40:44,2026-08-06 15:40:46,2026-08-06 15:40:46
210162,2576,YYLA4,COMPRA,165,222.2278,12.3495,2026-08-06 10:07:09,2026-08-06 10:07:12,2026-08-06 10:07:12
210163,2680,SRDU1,COMPRA,195,102.4405,11.0581,2026-08-06 16:13:45,2026-08-06 16:13:45,2026-08-06 16:13:45
210164,2053,YFAH5,COMPRA,175,145.9873,11.0758,2026-08-06 13:15:42,2026-08-06 13:15:42,2026-08-06 13:15:42
210165,3383,WHMT3,COMPRA,55,107.5690,11.0663,2026-08-06 10:09:45,2026-08-06 10:09:48,2026-08-06 10:09:48
210166,1504,PZUP8,COMPRA,55,154.5465,1.0771,2026-08-06 12:51:48,2026-08-06 12:51:48,2026-08-06 12:51:48
210167,1809,XAVL3,COMPRA,55,144.0160,1.7866,2026-08-06 10:12:11,2026-08-06 10:12:13,2026-08-06 10:12:13
210168,3405,SGBG8,COMPRA,375,98.0273,5.3798,2026-08-06 15:37:51,2026-08-06 15:37:52,2026-08-06 15:37:52
210169,1710,OVYL9,COMPRA,345,80.8651,0.2875,2026-08-06 15:19:08,2026-08-06 15:19:09,2026-08-06 15:19:09
210170,2907,JUDG8,COMPRA,145,81.7231,0.1257,2026-08-06 15:24:19,2026-08-06 15:24:22,2026-08-06 15:24:22
210171,2363,HCZM2,COMPRA,290,520.1488,5.8285,2026-08-06 11:48:26,2026-08-06 11:48:27,2026-08-06 11:48:27
210172,1134,WIPB2,COMPRA,234,132.3284,1.4558,2026-08-06 15:01:48,2026-08-06 15:01:50,2026-08-06 15:01:50
210173,3514,PBZM6,COMPRA,3,59.4973,5.5482,2026-08-06 11:24:53,2026-08-06 11:24:55,2026-08-06 11:24:55
210174,1374,IPXK2,COMPRA,20,317.8256,4.7590,2026-08-06 14:58:12,2026-08-06 14:58:14,2026-08-06 14:58:14
210175,1490,OVYL9,COMPRA,60,62.0926,3.7776,2026-08-06 15:46:56,2026-08-06 15:46:56,2026-08-06 15:46:56
210176,1401,PSEN6,COMPRA,15,165.2899,0.6458,2026-08-06 12:54:36,2026-08-06 12:54:38,2026-08-06 12:54:38
210177,1310,AAUA7,COMPRA,220,103.7753,4.0269,2026-08-06 15:58:42,2026-08-06 15:58:45,2026-08-06 15:58:45
210178,2416,NAOF3,COMPRA,278,67.0547,7.3518,2026-08-06 15:18:43,2026-08-06 15:18:43,2026-08-06 15:18:43
210179,2329,BXFJ9,COMPRA,365,126.4944,8.8357,2026-08-06 12:52:41,2026-08-06 12:52:41,2026-08-06 12:52:41
210180,2793,TTHO3,COMPRA,422,35.4056,2.0595,2026-08-06 12:15:40,2026-08-06 12:15:41,2026-08-06 12:15:41
210181,2301,WMQZ6,COMPRA,454,82.3152,7.3060,2026-08-06 14:03:24,2026-08-06 14:03:25,2026-08-06 14:03:25
210182,2440,XAVL3,COMPRA,460,146.6531,4.3028,2026-08-06 17:27:11,2026-08-06 17:27:13,2026-08-06 17:27:13
210183,3238,LGKU6,COMPRA,305,92.0678,1.4843,2026-08-06 14:16:28,2026-08-06 14:16:31,2026-08-06 14:16:31
210184,2771,QHFL8,COMPRA,384,177.1770,7.2073,2026-08-06 12:26:51,2026-08-06 12:26:53,2026-08-06 12:26:53
210185,1727,GKQC5,COMPRA,55,102.8548,6.3904,2026-08-06 10:23:00,2026-08-06 10:23:01,2026-08-06 10:23:01
210186,3431,TBWG2,COMPRA,305,66.8275,10.9183,2026-08-06 14:33:57,2026-08-06 14:33:57,2026-08-06 14:33:57
210187,1281,MCMT2,COMPRA,70,92.4957,11.2790,2026-08-06 17:29:26,2026-08-06 17:29:29,2026-08-06 17:29:29
210188,2629,XPVA7,COMPRA,435,483.4950,2.3065,2026-08-06 10:12:35,2026-08-06 10:12:35,2026-08-06 10:12:35
210189,2427,JJVW6,COMPRA,185,139.9586,3.1253,2026-08-06 14:00:05,2026-08-06 14:00:06,2026-08-06 14:00:06
210190,1185,UVEY5,COMPRA,295,94.7310,,2026-08-06 12:08:12,2026-08-06 12:08:12,2026-08-06 12:08:12
210191,2661,UYFJ9,COMPRA,125,105.8509,9.1367,2026-08-06 16:44:00,2026-08-06 16:44:02,2026-08-06 16:44:02
210192,3214,IPXK2,COMPRA,325,314.3221,6.6882,2026-08-06 16:38:48,2026-08-06 16:38:48,2026-08-06 16:38:48
210193,1132,RIET5,COMPRA,120,169.2896,10.2279,2026-08-06 13:29:37,2026-08-06 13:29:38,2026-08-06 13:29:38
210194,2929,ECQD7,COMPRA,470,88.8386,,2026-08-06 13:46:28,2026-08-06 13:46:28,2026-08-06 13:46:28
210195,3151,IWAK1,COMPRA,470,90.9235,4.5157,2026-08-06 13:31:15,2026-08-06 13:31:17,2026-08-06 13:31:17
210196,1982,XOVY4,COMPRA,75,114.7567,3.4948,2026-08-06 11:04:21,2026-08-06 11:04:24,2026-08-06 11:04:24
210197,1400,SRDU1,COMPRA,255,81.7643,9.2330,2026-08-06 10:08:30,2026-08-06 10:08:31,2026-08-06 10:08:31
210198,3062,ZFBT3,COMPRA,163,126.3053,12.4022,2026-08-06 11:40:32,2026-08-06 11:40:34,2026-08-06 11:40:34
210199,2297,SVOZ4,COMPRA,250,50.5447,7.5642,2026-08-06 11:55:05,2026-08-06 11:55:07,2026-08-06 11:55:07
210200,1175,SVOZ4,COMPRA,180,56.6003,0.6529,2026-08-06 12:34:23,2026-08-06 12:34:24,2026-08-06 12:34:24
210201,1704,IWAK1,COMPRA,410,90.9766,12.7429,2026-08-06 12:09:01,2026-08-06 12:09:01,2026-08-06 12:09:01
210202,2191,AYFQ2,COMPRA,200,12.3670,4.8144,2026-08-06 11:06:18,2026-08-06 11:06:20,2026-08-06 11:06:20
210203,1307,UFMA7,COMPRA,440,200.4684,7.9961,2026-08-06 10:47:43,2026-08-06 10:47:46,2026-08-06 10:47:46
210204,3077,ZAAS7,COMPRA,20,451.2246,2.7591,2026-08-06 16:43:33,2026-08-06 16:43:36,2026-08-06 16:43:36
210205,3229,TNHT4,COMPRA,440,108.2487,9.1075,2026-08-06 12:15:21,2026-08-06 12:15:23,2026-08-06 12:15:23
210206,2453,BGNM6,COMPRA,340,103.4206,2.3383,2026-08-06 15:26:28,2026-08-06 15:26:29,2026-08-06 15:26:29
210207,1622,NPEM3,COMPRA,245,89.9498,10.1213,2026-08-06 14:58:06,2026-08-06 14:58:07,2026-08-06 14:58:07
210208,2062,ACSV1,COMPRA,315,86.1781,12.5855,2026-08-06 14:01:06,2026-08-06 14:01:08,2026-08-06 14:01:08
210209,1399,VLEB3,COMPRA,455,470.1140,7.5291,2026-08-06 12:33:20,2026-08-06 12:33:22,2026-08-06 12:33:22
210210,3118,RSBT4,COMPRA,250,419.3319,0.6097,2026-08-06 13:44:59,2026-08-06 13:45:02,2026-08-06 13:45:02
210211,1474,OVUQ2,COMPRA,105,59.8550,7.5929,2026-08-06 17:28:49,2026-08-06 17:28:52,2026-08-06 17:28:52
210212,2683,YOWA1,COMPRA,40,57.8162,6.7231,2026-08-06 11:07:50,2026-08-06 11:07:52,2026-08-06 11:07:52
210213,3029,UQJU7,COMPRA,220,66.0498,11.5142,2026-08-06 12:14:35,2026-08-06 12:14:37,2026-08-06 12:14:37
210214,1753,IPXK2,COMPRA,480,245.0082,6.4685,2026-08-06 15:48:08,2026-08-06 15:48:08,2026-08-06 15:48:08
210215,2266,YOWA1,COMPRA,60,62.6810,1.5249,2026-08-06 12:11:18,2026-08-06 12:11:21,2026-08-06 12:11:21
210216,1087,QTDZ2,COMPRA,190,45.8849,0.2067,2026-08-06 12:40:03,2026-08-06 12:40:05,2026-08-06 12:40:05
210217,1307,SGBG8,COMPRA,335,72.3829,0.6629,2026-08-06 11:59:43,2026-08-06 11:59:44,2026-08-06 11:59:44
210218,2465,GKQC5,COMPRA,185,146.1120,1.5418,2026-08-06 12:44:18,2026-08-06 12:44:18,2026-08-06 12:44:18
210219,1122,QHFL8,COMPRA,300,187.3371,6.2957,2026-08-06 12:38:50,2026-08-06 12:38:52,2026-08-06 12:38:52
210220,1886,LQML9,COMPRA,85,126.0679,,2026-08-06 10:23:05,2026-08-06 10:23:08,2026-08-06 10:23:08
210221,2355,HVEX2,COMPRA,120,150.8856,3.3795,2026-08-06 14:20:44,2026-08-06 14:20:45,2026-08-06 14:20:45
210222,2230,MJDL9,COMPRA,70,30.9400,6.5785,2026-08-06 10:03:33,2026-08-06 10:03:35,2026-08-06 10:03:35
210223,3512,QHFL8,COMPRA,490,135.3914,2.9885,2026-08-06 16:00:33,2026-08-06 16:00:33,2026-08-06 16:00:33
210224,1668,QHFL8,COMPRA,375,149.9272,12.7266,2026-08-06 16:46:15,2026-08-06 16:46:16,2026-08-06 16:46:16
210225,2639,XPVA7,COMPRA,445,354.9053,11.5117,2026-08-06 11:32:20,2026-08-06 11:32:20,2026-08-06 11:32:20
210226,2706,DSFC9,COMPRA,460,422.9975,2.4582,2026-08-06 10:17:09,2026-08-06 10:17:09,2026-08-06 10:17:09
210227,1804,RFNS7,VENDA,395,75.2514,9.3122,2026-08-06 14:35:10,2026-08-06 14:35:13,2026-08-06 14:35:13
210228,1689,GAKD5,COMPRA,10,250.1541,4.3772,2026-08-06 12:32:10,2026-08-06 12:32:13,2026-08-06 12:32:13
210229,1585,SUZL4,VENDA,365,151.9392,11.4289,2026-08-06 11:29:47,2026-08-06 11:29:49,2026-08-06 11:29:49
210230,1918,QTDZ2,COMPRA,360,40.3033,1.5123,2026-08-06 11:23:16,2026-08-06 11:23:16,2026-08-06 11:23:16
210231,1805,MCHX2,COMPRA,490,134.3612,7.8896,2026-08-06 17:10:49,2026-08-06 17:10:50,2026-08-06 17:10:50
210232,1821,QTHQ1,COMPRA,120,26.7007,7.4580,2026-08-06 12:15:00,2026-08-06 12:15:01,2026-08-06 12:15:01
210233,1474,SUZL4,COMPRA,235,111.4724,6.6051,2026-08-06 13:23:40,2026-08-06 13:23:40,2026-08-06 13:23:40
210234,3499,TXHR8,COMPRA,500,66.4782,2.9825,2026-08-06 15:12:09,2026-08-06 15:12:09,2026-08-06 15:12:09
210235,2401,PSEN6,COMPRA,70,241.0233,6.0905,2026-08-06 11:30:23,2026-08-06 11:30:24,2026-08-06 11:30:24
210236,2400,PZUP8,COMPRA,20,128.8978,7.4568,2026-08-06 11:59:02,2026-08-06 11:59:02,2026-08-06 11:59:02
210237,3268,HCZM2,COMPRA,270,342.1441,12.1894,2026-08-06 15:35:14,2026-08-06 15:35:16,2026-08-06 15:35:16
210238,3113,FRGH8,COMPRA,80,77.8134,0.8421,2026-08-06 12:19:11,2026-08-06 12:19:11,2026-08-06 12:19:11
210239,2571,ACSV1,COMPRA,165,86.5688,4.0587,2026-08-06 12:38:01,2026-08-06 12:38:03,2026-08-06 12:38:03
210240,3286,GFDF2,COMPRA,445,110.4265,2.8750,2026-08-06 16:45:33,2026-08-06 16:45:33,2026-08-06 16:45:33
210241,1368,WXQM6,VENDA,330,52.2534,9.6089,2026-08-06 16:06:15,2026-08-06 16:06:18,2026-08-06 16:06:18
210242,1608,UQJU7,COMPRA,287,60.0000,1.7107,2026-08-06 11:25:03,2026-08-06 11:25:04,2026-08-06 11:25:04
210243,2290,SUZL4,COMPRA,295,159.1265,11.0458,2026-08-06 13:35:43,2026-08-06 13:35:46,2026-08-06 13:35:46
210244,1415,DFGR7,COMPRA,400,96.8448,10.4846,2026-08-06 11:22:57,2026-08-06 11:22:59,2026-08-06 11:22:59
210245,1580,LIEG8,COMPRA,90,106.5158,6.0623,2026-08-06 15:35:20,2026-08-06 15:35:20,2026-08-06 15:35:20
210246,3380,CQJZ4,COMPRA,255,90.0049,0.3249,2026-08-06 14:38:04,2026-08-06 14:38:05,2026-08-06 14:38:05
210247,2896,RMRT1,COMPRA,320,85.6883,3.9672,2026-08-06 11:48:47,2026-08-06 11:48:50,2026-08-06 11:48:50
210248,2863,MJDL9,COMPRA,135,40.3725,0.1906,2026-08-06 15:33:47,2026-08-06 15:33:50,2026-08-06 15:33:50
210249,1477,MGRR2,COMPRA,490,117.0124,11.7576,2026-08-06 12:29:21,2026-08-06 12:29:22,2026-08-06 12:29:22
210250,1432,IWFI1,COMPRA,10,162.6168,3.2468,2026-08-06 12:45:32,2026-08-06 12:45:34,2026-08-06 12:45:34
210251,2556,JUDG8,COMPRA,140,71.8030,3.7933,2026-08-06 14:51:17,2026-08-06 14:51:19,2026-08-06 14:51:19
210252,2251,ZHTL2,COMPRA,495,53.9781,8.9849,2026-08-06 10:18:21,2026-08-06 10:18:23,2026-08-06 10:18:23
210253,1925,XAVL3,COMPRA,485,167.8367,6.1531,2026-08-06 12:05:12,2026-08-06 12:05:13,2026-08-06 12:05:13
210254,2513,PSEN6,COMPRA,175,217.3124,10.6793,2026-08-06 13:28:03,2026-08-06 13:28:06,2026-08-06 13:28:06
210255,1950,IWAK1,COMPRA,435,98.1919,9.1673,2026-08-06 14:23:35,2026-08-06 14:23:37,2026-08-06 14:23:37
210256,2337,DSFC9,COMPRA,45,361.3518,4.9653,2026-08-06 10:42:36,2026-08-06 10:42:36,2026-08-06 10:42:36
210257,2247,AYFQ2,COMPRA,435,10.0808,7.6353,2026-08-06 12:29:23,2026-08-06 12:29:26,2026-08-06 12:29:26
210258,3503,CQIL9,COMPRA,445,35.1540,2.7287,2026-08-06 10:25:54,2026-08-06 10:25:55,2026-08-06 10:25:55
210259,2609,TBWG2,COMPRA,245,98.9615,11.5843,2026-08-06 10:23:57,2026-08-06 10:23:58,2026-08-06 10:23:58
210260,1825,NWGB4,COMPRA,160,105.5766,4.2690,2026-08-06 12:44:35,2026-08-06 12:44:37,2026-08-06 12:44:37
210261,3219,WIPB2,COMPRA,415,113.7959,8.2921,2026-08-06 12:12:37,2026-08-06 12:12:40,2026-08-06 12:12:40
210262,3457,YIHC3,COMPRA,450,52.0126,9.4360,2026-08-06 15:01:19,2026-08-06 15:01:20,2026-08-06 15:01:20
210263,3199,ICSU4,COMPRA,500,142.9752,3.8841,2026-08-06 15:17:41,2026-08-06 15:17:42,2026-08-06 15:17:42
210264,1067,UQIQ7,COMPRA,230,87.6314,12.6236,2026-08-06 16:28:57,2026-08-06 16:29:00,2026-08-06 16:29:00
210265,1818,CQJZ4,COMPRA,250,92.6527,12.2004,2026-08-06 11:48:40,2026-08-06 11:48:41,2026-08-06 11:48:41
210266,1383,YOWA1,COMPRA,317,64.6043,8.1817,2026-08-06 13:52:30,2026-08-06 13:52:33,2026-08-06 13:52:33
210267,2054,LQML9,COMPRA,85,147.9177,4.7731,2026-08-06 16:21:19,2026-08-06 16:21:22,2026-08-06 16:21:22
210268,1952,RIET5,COMPRA,235,110.8592,11.2596,2026-08-06 12:42:33,2026-08-06 12:42:34,2026-08-06 12:42:34
210269,2889,JUDG8,COMPRA,430,74.1629,5.5208,2026-08-06 14:53:18,2026-08-06 14:53:20,2026-08-06 14:53:20
210270,3391,QEUC2,COMPRA,70,166.4751,7.4243,2026-08-06 10:26:41,2026-08-06 10:26:41,2026-08-06 10:26:41
210271,2342,SUZL4,COMPRA,90,115.9063,11.2330,2026-08-06 11:03:40,2026-08-06 11:03:43,2026-08-06 11:03:43
210272,1176,WXFC8,COMPRA,407,104.6445,6.6199,2026-08-06 12:14:52,2026-08-06 12:14:52,2026-08-06 12:14:52
210273,1108,BXFJ9,COMPRA,50,147.4559,10.2802,2026-08-06 17:15:49,2026-08-06 17:15:52,2026-08-06 17:15:52
210274,1373,BGNM6,COMPRA,440,85.0730,6.5015,2026-08-06 13:51:45,2026-08-06 13:51:48,2026-08-06 13:51:48
210275,1473,MGRR2,COMPRA,85,113.9472,12.1743,2026-08-06 15:58:07,2026-08-06 15:58:09,2026-08-06 15:58:09
210276,1797,IPXK2,COMPRA,45,321.6141,7.8048,2026-08-06 11:31:42,2026-08-06 11:31:45,2026-08-06 11:31:45
210277,2222,NHYK8,COMPRA,295,68.5628,3.1393,2026-08-06 11:53:39,2026-08-06 11:53:39,2026-08-06 11:53:39
210278,2118,WXQM6,COMPRA,480,42.6012,10.8182,2026-08-06 10:27:17,2026-08-06 10:27:20,2026-08-06 10:27:20
210279,2638,MJDL9,COMPRA,205,32.4652,0.9794,2026-08-06 16:47:38,2026-08-06 16:47:38,2026-08-06 16:47:38
210280,1292,PSEN6,COMPRA,195,199.8903,0.6454,2026-08-06 15:23:51,2026-08-06 15:23:51,2026-08-06 15:23:51
210281,2057,OVUQ2,COMPRA,325,38.6117,6.6158,2026-08-06 14:43:30,2026-08-06 14:43:30,2026-08-06 14:43:30
210282,1313,WHMT3,COMPRA,95,120.1533,8.0827,2026-08-06 15:41:13,2026-08-06 15:41:15,2026-08-06 15:41:15
210283,2453,YOWA1,COMPRA,255,67.0339,6.8533,2026-08-06 10:52:03,2026-08-06 10:52:03,2026-08-06 10:52:03
210284,1053,JUDG8,COMPRA,10,106.1704,9.1344,2026-08-06 10:35:09,2026-08-06 10:35:11,2026-08-06 10:35:11
210285,2310,YYLA4,COMPRA,175,151.9927,5.6037,2026-08-06 16:18:07,2026-08-06 16:18:09,2026-08-06 16:18:09
210286,3213,XAVL3,COMPRA,370,178.0416,1.1415,2026-08-06 16:19:44,2026-08-06 16:19:47,2026-08-06 16:19:47
210287,1688,TXHR8,COMPRA,45,97.4020,10.5631,2026-08-06 16:26:51,2026-08-06 16:26:52,2026-08-06 16:26:52
210288,2304,JIPR4,COMPRA,420,33.1176,11.1789,2026-08-06 15:42:00,2026-08-06 15:42:03,2026-08-06 15:42:03
210289,2670,HCLJ8,VENDA,83,108.5921,7.1057,2026-08-06 13:53:48,2026-08-06 13:53:48,2026-08-06 13:53:48
210290,2162,SRDU1,COMPRA,185,95.0381,5.9881,2026-08-06 11:21:13,2026-08-06 11:21:14,2026-08-06 11:21:14
210291,2830,ZFBT3,COMPRA,125,81.8260,2.3972,2026-08-06 12:22:55,2026-08-06 12:22:57,2026-08-06 12:22:57
210292,1322,IZTY4,COMPRA,290,37.7427,11.2147,2026-08-06 16:50:04,2026-08-06 16:50:07,2026-08-06 16:50:07
210293,2861,UYFJ9,COMPRA,60,95.2035,10.1543,2026-08-06 12:06:25,2026-08-06 12:06:25,2026-08-06 12:06:25
210294,3119,ICSU4,COMPRA,355,135.8052,1.2660,2026-08-06 10:00:32,2026-08-06 10:00:33,2026-08-06 10:00:33
210295,1437,JDJG6,COMPRA,275,78.7890,12.0290,2026-08-06 13:11:38,2026-08-06 13:11:38,2026-08-06 13:11:38
210296,3062,QQQS1,COMPRA,370,25.7582,7.6074,2026-08-06 15:17:52,2026-08-06 15:17:52,2026-08-06 15:17:52
210297,2695,UQIQ7,COMPRA,465,77.5975,4.2177,2026-08-06 11:44:27,2026-08-06 11:44:28,2026-08-06 11:44:28
210298,3319,WIPB2,COMPRA,273,132.2617,8.7162,2026-08-06 12:07:06,2026-08-06 12:07:08,2026-08-06 12:07:08
210299,3086,JUDG8,COMPRA,250,90.4011,3.2060,2026-08-06 14:21:16,2026-08-06 14:21:16,2026-08-06 14:21:16
210300,1386,DEGN5,COMPRA,295,92.3994,0.7960,2026-08-06 15:47:23,2026-08-06 15:47:23,2026-08-06 15:47:23
210301,1579,RHXV4,COMPRA,290,76.3291,6.5343,2026-08-06 14:12:23,2026-08-06 14:12:23,2026-08-06 14:12:23
210302,1908,RDOA3,COMPRA,388,70.1251,2.0125,2026-08-06 15:22:08,2026-08-06 15:22:09,2026-08-06 15:22:09
210303,1354,YIHC3,COMPRA,345,62.8903,0.0299,2026-08-06 13:55:40,2026-08-06 13:55:40,2026-08-06 13:55:40
210304,2743,GAKD5,COMPRA,235,238.8185,0.4956,2026-08-06 13:18:49,2026-08-06 13:18:49,2026-08-06 13:18:49
210305,1573,TXHR8,COMPRA,490,97.4130,2.4379,2026-08-06 15:00:16,2026-08-06 15:00:19,2026-08-06 15:00:19
210306,1395,DSFC9,COMPRA,455,373.1331,0.7619,2026-08-06 14:01:50,2026-08-06 14:01:50,2026-08-06 14:01:50
210307,1397,DEGN5,COMPRA,404,87.3398,1.4571,2026-08-06 11:00:17,2026-08-06 11:00:17,2026-08-06 11:00:17
210308,2232,YCCK8,COMPRA,420,367.8971,9.4797,2026-08-06 12:30:45,2026-08-06 12:30:48,2026-08-06 12:30:48
210309,2131,LCCH9,COMPRA,495,6.7201,9.9024,2026-08-06 15:37:20,2026-08-06 15:37:20,2026-08-06 15:37:20
210310,2081,NREP8,COMPRA,468,120.2199,10.4696,2026-08-06 11:45:07,2026-08-06 11:45:07,2026-08-06 11:45:07
210311,2522,RIET5,COMPRA,135,155.4417,9.5255,2026-08-06 10:55:23,2026-08-06 10:55:24,2026-08-06 10:55:24
210312,3199,OVYL9,COMPRA,85,66.5480,9.0374,2026-08-06 11:38:17,2026-08-06 11:38:17,2026-08-06 11:38:17
210313,3129,MCHX2,COMPRA,220,105.8058,0.3941,2026-08-06 15:30:07,2026-08-06 15:30:10,2026-08-06 15:30:10
210314,3001,RYPL6,COMPRA,232,83.6280,12.6615,2026-08-06 12:58:06,2026-08-06 12:58:07,2026-08-06 12:58:07
210315,1484,YFAH5,COMPRA,390,194.7053,8.9183,2026-08-06 14:17:01,2026-08-06 14:17:01,2026-08-06 14:17:01
210316,1023,UQIQ7,COMPRA,365,92.8007,5.7372,2026-08-06 14:35:46,2026-08-06 14:35:48,2026-08-06 14:35:48
210317,3235,NREP8,COMPRA,230,147.0410,7.7519,2026-08-06 12:23:37,2026-08-06 12:23:38,2026-08-06 12:23:38
210318,1931,GFDF2,COMPRA,120,99.6028,9.7872,2026-08-06 15:40:36,2026-08-06 15:40:37,2026-08-06 15:40:37
210319,2446,MJDL9,COMPRA,15,41.2810,0.0633,2026-08-06 12:56:07,2026-08-06 12:56:09,2026-08-06 12:56:09
210320,1511,HVEX2,COMPRA,300,133.3596,6.2977,2026-08-06 14:26:08,2026-08-06 14:26:11,2026-08-06 14:26:11
210321,3142,GKQC5,VENDA,110,142.5131,2.7971,2026-08-06 14:27:20,2026-08-06 14:27:23,2026-08-06 14:27:23
210322,2326,NPEM3,COMPRA,470,78.7055,0.4156,2026-08-06 10:48:14,2026-08-06 10:48:17,2026-08-06 10:48:17
210323,3138,NQYT3,COMPRA,320,57.5013,0.5784,2026-08-06 10:14:24,2026-08-06 10:14:25,2026-08-06 10:14:25
210324,3334,OXVD8,COMPRA,65,76.2610,11.2023,2026-08-06 10:05:47,2026-08-06 10:05:50,2026-08-06 10:05:50
210325,2068,QQQS1,COMPRA,360,22.0524,7.3907,2026-08-06 17:25:16,2026-08-06 17:25:17,2026-08-06 17:25:17
210326,2363,QTHQ1,COMPRA,453,24.2495,12.7506,2026-08-06 13:04:38,2026-08-06 13:04:40,2026-08-06 13:04:40
210327,3183,YYLA4,COMPRA,370,208.7696,10.1729,2026-08-06 16:16:04,2026-08-06 16:16:06,2026-08-06 16:16:06
210328,3456,JIPA6,COMPRA,375,28.6899,4.6866,2026-08-06 10:25:35,2026-08-06 10:25:38,2026-08-06 10:25:38
210329,1814,YOWA1,COMPRA,465,65.5327,2.5872,2026-08-06 12:03:17,2026-08-06 12:03:17,2026-08-06 12:03:17
210330,1619,UYFJ9,COMPRA,390,86.2522,1.4889,2026-08-06 14:38:56,2026-08-06 14:38:57,2026-08-06 14:38:57
210331,2982,PZUP8,COMPRA,365,193.1644,7.9178,2026-08-06 10:31:55,2026-08-06 10:31:55,2026-08-06 10:31:55
210332,3078,JDJG6,COMPRA,490,59.8785,0.8479,2026-08-06 12:15:10,2026-08-06 12:15:11,2026-08-06 12:15:11
210333,2320,QTHQ1,COMPRA,255,26.3632,8.3706,2026-08-06 10:59:56,2026-08-06 10:59:56,2026-08-06 10:59:56
210334,3337,SVOZ4,COMPRA,476,56.3976,0.0831,2026-08-06 13:32:36,2026-08-06 13:32:36,2026-08-06 13:32:36
210335,1619,PQUT9,COMPRA,225,79.7715,6.4693,2026-08-06 16:06:37,2026-08-06 16:06:38,2026-08-06 16:06:38
210336,3495,QEUC2,COMPRA,155,166.3564,4.3269,2026-08-06 11:43:23,2026-08-06 11:43:24,2026-08-06 11:43:24
210337,2517,GFDF2,COMPRA,195,95.7917,3.7605,2026-08-06 12:23:54,2026-08-06 12:23:56,2026-08-06 12:23:56
210338,2729,WXQM6,COMPRA,155,59.2913,2.0324,2026-08-06 16:24:13,2026-08-06 16:24:15,2026-08-06 16:24:15
210339,1702,HCLJ8,COMPRA,20,91.6513,6.5457,2026-08-06 13:03:11,2026-08-06 13:03:14,2026-08-06 13:03:14
210340,1148,EEYY9,COMPRA,165,134.9956,0.5055,2026-08-06 16:31:38,2026-08-06 16:31:41,2026-08-06 16:31:41
210341,3069,NYGT6,COMPRA,445,88.7563,5.4432,2026-08-06 15:57:40,2026-08-06 15:57:40,2026-08-06 15:57:40
210342,3413,JUDG8,COMPRA,420,82.2613,4.9436,2026-08-06 11:09:35,2026-08-06 11:09:35,2026-08-06 11:09:35
210343,3460,ACSV1,COMPRA,45,84.9459,3.5949,2026-08-06 11:48:41,2026-08-06 11:48:41,2026-08-06 11:48:41
210344,2141,RFNS7,COMPRA,165,88.7649,9.1390,2026-08-06 14:16:30,2026-08-06 14:16:30,2026-08-06 14:16:30
210345,2129,LCCH9,COMPRA,475,6.7711,6.3671,2026-08-06 11:10:42,2026-08-06 11:10:45,2026-08-06 11:10:45
210346,2360,DMTZ8,COMPRA,145,202.6134,6.9897,2026-08-06 10:19:49,2026-08-06 10:19:50,2026-08-06 10:19:50
210347,2956,TNHT4,COMPRA,75,130.4268,3.9998,2026-08-06 10:11:14,2026-08-06 10:11:17,2026-08-06 10:11:17
210348,2646,KFSY2,COMPRA,375,133.2725,11.7334,2026-08-06 17:20:01,2026-08-06 17:20:02,2026-08-06 17:20:02
210349,3302,UFIU3,COMPRA,90,65.0977,6.1896,2026-08-06 17:16:35,2026-08-06 17:16:36,2026-08-06 17:16:36
210350,2900,RYPL6,COMPRA,32,78.4090,7.4039,2026-08-06 17:23:31,2026-08-06 17:23:33,2026-08-06 17:23:33
210351,2930,QATW7,COMPRA,425,48.9739,8.2500,2026-08-06 10:15:09,2026-08-06 10:15:11,2026-08-06 10:15:11
210352,2035,TTHO3,VENDA,335,34.8512,2.9919,2026-08-06 11:11:10,2026-08-06 11:11:13,2026-08-06 11:11:13
210353,3307,UFMA7,COMPRA,50,158.2761,0.7224,2026-08-06 13:39:34,2026-08-06 13:39:35,2026-08-06 13:39:35
210354,2944,PZUP8,COMPRA,140,185.9020,12.3430,2026-08-06 11:45:13,2026-08-06 11:45:13,2026-08-06 11:45:13
210355,2634,IJJK3,COMPRA,452,120.7608,7.8870,2026-08-06 11:57:48,2026-08-06 11:57:50,2026-08-06 11:57:50
210356,1831,SRDU1,COMPRA,490,95.7330,11.5914,2026-08-06 15:06:40,2026-08-06 15:06:41,2026-08-06 15:06:41
210357,1446,CQJZ4,COMPRA,133,88.5757,9.1092,2026-08-06 14:40:31,2026-08-06 14:40:31,2026-08-06 14:40:31
210358,2003,MCMT2,COMPRA,496,99.4642,12.3423,2026-08-06 12:11:02,2026-08-06 12:11:04,2026-08-06 12:11:04
210359,1721,JJVW6,COMPRA,205,110.2049,8.9742,2026-08-06 16:24:43,2026-08-06 16:24:45,2026-08-06 16:24:45
210360,2078,KFSY2,COMPRA,432,115.6877,9.4113,2026-08-06 11:57:49,2026-08-06 11:57:50,2026-08-06 11:57:50
210361,2434,QYBV3,COMPRA,490,81.5184,1.3654,2026-08-06 12:39:03,2026-08-06 12:39:05,2026-08-06 12:39:05
210362,1894,RIET5,COMPRA,130,175.8930,3.2617,2026-08-06 10:40:18,2026-08-06 10:40:21,2026-08-06 10:40:21
210363,1679,BOCS8,COMPRA,260,69.1045,4.0904,2026-08-06 15:32:31,2026-08-06 15:32:33,2026-08-06 15:32:33
210364,1661,NUJZ2,COMPRA,80,31.8432,9.1970,2026-08-06 13:07:07,2026-08-06 13:07:09,2026-08-06 13:07:09
210365,2091,GFDF2,COMPRA,399,83.9302,2.3047,2026-08-06 11:46:40,2026-08-06 11:46:43,2026-08-06 11:46:43
210366,1237,OVYL9,COMPRA,361,73.8741,9.7711,2026-08-06 14:20:55,2026-08-06 14:20:55,2026-08-06 14:20:55
210367,2380,JUDG8,COMPRA,485,95.7342,8.4343,2026-08-06 12:15:10,2026-08-06 12:15:10,2026-08-06 12:15:10
210368,1433,IPXK2,COMPRA,315,377.3889,11.8321,2026-08-06 13:21:00,2026-08-06 13:21:00,2026-08-06 13:21:00
210369,2885,KFSY2,COMPRA,135,110.9195,10.7924,2026-08-06 16:06:07,2026-08-06 16:06:07,2026-08-06 16:06:07
210370,1223,WXFC8,COMPRA,460,93.6493,6.6593,2026-08-06 11:27:24,2026-08-06 11:27:24,2026-08-06 11:27:24
210371,3127,RMRT1,COMPRA,200,119.6061,11.0599,2026-08-06 15:38:49,2026-08-06 15:38:50,2026-08-06 15:38:50
210372,2918,SRDU1,COMPRA,420,92.0128,12.3308,2026-08-06 10:25:28,2026-08-06 10:25:29,2026-08-06 10:25:29
210373,1997,AAWB3,COMPRA,180,139.7819,9.8236,2026-08-06 13:57:02,2026-08-06 13:57:05,2026-08-06 13:57:05
210374,2816,ZYVN7,COMPRA,303,72.6808,6.9886,2026-08-06 11:13:00,2026-08-06 11:13:02,2026-08-06 11:13:02
210375,1478,PBZM6,COMPRA,160,53.6137,5.1945,2026-08-06 12:31:56,2026-08-06 12:31:57,2026-08-06 12:31:57
210376,3244,DEGN5,VENDA,280,105.6227,0.7333,2026-08-06 11:11:10,2026-08-06 11:11:10,2026-08-06 11:11:10
210377,2374,KHGP6,COMPRA,268,80.9879,0.8197,2026-08-06 15:03:14,2026-08-06 15:03:15,2026-08-06 15:03:15
210378,3468,OXVD8,COMPRA,175,70.8932,0.2691,2026-08-06 10:25:37,2026-08-06 10:25:38,2026-08-06 10:25:38
210379,2605,UFIU3,COMPRA,170,76.7511,12.4044,2026-08-06 12:05:06,2026-08-06 12:05:07,2026-08-06 12:05:07
210380,3422,LQML9,COMPRA,195,162.2376,4.3473,2026-08-06 16:53:16,2026-08-06 16:53:19,2026-08-06 16:53:19
210381,3129,UQIQ7,COMPRA,10,66.8856,3.0330,2026-08-06 16:46:48,2026-08-06 16:46:51,2026-08-06 16:46:51
210382,1859,DMTZ8,COMPRA,320,212.0827,12.5387,2026-08-06 15:31:01,2026-08-06 15:31:02,2026-08-06 15:31:02
210383,1799,ZHTL2,COMPRA,220,55.7657,10.6393,2026-08-06 15:29:28,2026-08-06 15:29:31,2026-08-06 15:29:31
210384,2019,XLZM9,COMPRA,127,58.7808,10.9243,2026-08-06 14:39:57,2026-08-06 14:39:57,2026-08-06 14:39:57
210385,1352,IWFI1,COMPRA,460,138.0449,1.9249,2026-08-06 16:00:46,2026-08-06 16:00:49,2026-08-06 16:00:49
210386,2865,NHYK8,COMPRA,225,85.3976,10.9660,2026-08-06 12:51:48,2026-08-06 12:51:48,2026-08-06 12:51:48
210387,1416,LQML9,COMPRA,300,167.7959,11.3479,2026-08-06 17:20:01,2026-08-06 17:20:03,2026-08-06 17:20:03
210388,2548,QQQS1,COMPRA,470,21.0126,12.5173,2026-08-06 14:33:48,2026-08-06 14:33:49,2026-08-06 14:33:49
210389,1289,KQEO3,COMPRA,459,74.3136,1.2493,2026-08-06 12:46:06,2026-08-06 12:46:09,2026-08-06 12:46:09
210390,3307,OEQA8,COMPRA,436,369.0619,2.8030,2026-08-06 11:12:02,2026-08-06 11:12:04,2026-08-06 11:12:04
210391,3098,UQIQ7,COMPRA,300,67.8665,9.7247,2026-08-06 15:55:49,2026-08-06 15:55:52,2026-08-06 15:55:52
210392,2205,BXFJ9,COMPRA,365,187.0736,5.0694,2026-08-06 10:35:53,2026-08-06 10:35:54,2026-08-06 10:35:54
210393,3327,SVOZ4,COMPRA,215,37.6770,5.3593,2026-08-06 14:45:30,2026-08-06 14:45:30,2026-08-06 14:45:30
210394,3375,UYFJ9,COMPRA,255,88.4193,3.6837,2026-08-06 12:00:31,2026-08-06 12:00:34,2026-08-06 12:00:34
210395,1886,BXFJ9,COMPRA,455,158.0038,6.2365,2026-08-06 16:56:41,2026-08-06 16:56:41,2026-08-06 16:56:41
210396,2431,KQEO3,COMPRA,395,88.2341,6.4007,2026-08-06 13:50:47,2026-08-06 13:50:47,2026-08-06 13:50:47
210397,1645,HJRH5,COMPRA,362,162.5021,5.3230,2026-08-06 11:41:16,2026-08-06 11:41:19,2026-08-06 11:41:19
210398,2974,CQIL9,COMPRA,445,43.3798,11.5819,2026-08-06 11:36:13,2026-08-06 11:36:14,2026-08-06 11:36:14
210399,3230,GKQC5,COMPRA,445,132.3525,2.9497,2026-08-06 10:00:23,2026-08-06 10:00:25,2026-08-06 10:00:25
210400,3272,BSDJ7,COMPRA,205,243.0363,11.7895,2026-08-06 11:26:21,2026-08-06 11:26:24,2026-08-06 11:26:24
210401,2916,CQJZ4,COMPRA,110,96.2846,7.7901,2026-08-06 11:51:16,2026-08-06 11:51:19,2026-08-06 11:51:19
210402,1038,HVEX2,COMPRA,455,107.1116,1.5224,2026-08-06 11:24:18,2026-08-06 11:24:18,2026-08-06 11:24:18
210403,1885,QQQS1,COMPRA,255,19.5310,1.1216,2026-08-06 15:53:41,2026-08-06 15:53:42,2026-08-06 15:53:42
210404,3487,FIUW1,COMPRA,110,115.8148,11.4430,2026-08-06 13:15:54,2026-08-06 13:15:57,2026-08-06 13:15:57
210405,2573,XPVA7,COMPRA,41,411.9937,5.8935,2026-08-06 11:16:08,2026-08-06 11:16:11,2026-08-06 11:16:11
210406,3111,MJDL9,COMPRA,373,39.9752,9.9409,2026-08-06 14:35:07,2026-08-06 14:35:08,2026-08-06 14:35:08
210407,1784,WHMT3,COMPRA,155,88.5658,6.5048,2026-08-06 17:03:28,2026-08-06 17:03:28,2026-08-06 17:03:28
210408,2164,BXFJ9,COMPRA,185,143.5922,12.5384,2026-08-06 10:43:54,2026-08-06 10:43:55,2026-08-06 10:43:55
210409,2192,YIHC3,COMPRA,20,73.3233,3.1811,2026-08-06 10:26:08,2026-08-06 10:26:11,2026-08-06 10:26:11
210410,2421,XTVW5,COMPRA,275,85.8433,11.8855,2026-08-06 17:18:08,2026-08-06 17:18:09,2026-08-06 17:18:09
210411,2375,NUJZ2,COMPRA,385,29.0985,1.1066,2026-08-06 15:09:17,2026-08-06 15:09:19,2026-08-06 15:09:19
210412,1881,SRDU1,COMPRA,101,103.3182,12.3806,2026-08-06 11:22:30,2026-08-06 11:22:33,2026-08-06 11:22:33
210413,3100,NAOF3,COMPRA,4,74.0903,4.3102,2026-08-06 13:08:54,2026-08-06 13:08:57,2026-08-06 13:08:57
210414,1374,RSBT4,COMPRA,200,430.1077,5.9757,2026-08-06 12:52:13,2026-08-06 12:52:16,2026-08-06 12:52:16
210415,3263,DMTZ8,COMPRA,172,199.5402,0.7119,2026-08-06 10:57:33,2026-08-06 10:57:36,2026-08-06 10:57:36
210416,1778,NUJZ2,COMPRA,410,27.1990,9.8463,2026-08-06 14:31:54,2026-08-06 14:31:54,2026-08-06 14:31:54
210417,3370,NPEM3,COMPRA,235,89.2422,7.5352,2026-08-06 12:56:37,2026-08-06 12:56:40,2026-08-06 12:56:40
210418,2302,LGKU6,COMPRA,30,75.0539,11.7456,2026-08-06 15:03:30,2026-08-06 15:03:33,2026-08-06 15:03:33
210419,3090,RDOA3,COMPRA,325,99.4716,2.6343,2026-08-06 12:55:51,2026-08-06 12:55:52,2026-08-06 12:55:52
210420,1989,BOCS8,COMPRA,160,75.9979,0.1178,2026-08-06 13:55:03,2026-08-06 13:55:03,2026-08-06 13:55:03
210421,1066,UVEY5,COMPRA,297,70.6803,10.8200,2026-08-06 10:49:09,2026-08-06 10:49:10,2026-08-06 10:49:10
210422,3508,BSDJ7,COMPRA,39,187.2152,7.3919,2026-08-06 16:25:23,2026-08-06 16:25:23,2026-08-06 16:25:23
210423,2258,JIPR4,COMPRA,440,30.3145,12.4916,2026-08-06 12:16:19,2026-08-06 12:16:20,2026-08-06 12:16:20
210424,1651,MCHX2,COMPRA,67,106.9065,6.4302,2026-08-06 15:35:11,2026-08-06 15:35:11,2026-08-06 15:35:11
210425,2092,XAVL3,COMPRA,315,204.9619,9.5730,2026-08-06 13:37:19,2026-08-06 13:37:20,2026-08-06 13:37:20
210426,3102,RYPL6,COMPRA,395,89.8334,8.6291,2026-08-06 13:07:41,2026-08-06 13:07:43,2026-08-06 13:07:43
210427,3076,UFMA7,COMPRA,20,164.7100,12.7043,2026-08-06 13:23:44,2026-08-06 13:23:46,2026-08-06 13:23:46
210428,2871,ECQD7,COMPRA,93,90.3963,1.7737,2026-08-06 12:04:19,2026-08-06 12:04:22,2026-08-06 12:04:22
210429,1341,OVYL9,COMPRA,70,70.6729,3.8317,2026-08-06 12:55:59,2026-08-06 12:55:59,2026-08-06 12:55:59
210430,2817,YYLA4,COMPRA,120,146.3449,4.8358,2026-08-06 12:27:20,2026-08-06 12:27:20,2026-08-06 12:27:20
210431,3470,SVOZ4,COMPRA,122,36.2235,5.6745,2026-08-06 11:27:38,2026-08-06 11:27:39,2026-08-06 11:27:39
210432,1465,JIPR4,COMPRA,355,29.7126,8.0002,2026-08-06 15:11:26,2026-08-06 15:11:27,2026-08-06 15:11:27
210433,3339,DEGN5,COMPRA,55,92.4820,10.8461,2026-08-06 14:24:09,2026-08-06 14:24:10,2026-08-06 14:24:10
210434,2273,DEGN5,COMPRA,190,74.1433,5.6507,2026-08-06 10:12:26,2026-08-06 10:12:27,2026-08-06 10:12:27
210435,1471,JIPA6,COMPRA,215,30.7259,3.8148,2026-08-06 13:59:24,2026-08-06 13:59:25,2026-08-06 13:59:25
210436,1864,XPVA7,COMPRA,305,437.4965,10.8264,2026-08-06 11:50:07,2026-08-06 11:50:09,2026-08-06 11:50:09
210437,1284,OEQA8,COMPRA,320,398.5802,6.7205,2026-08-06 15:12:56,2026-08-06 15:12:58,2026-08-06 15:12:58
210438,1643,AAUA7,COMPRA,150,164.6627,5.0613,2026-08-06 12:07:00,2026-08-06 12:07:03,2026-08-06 12:07:03
210439,1941,TXHR8,COMPRA,125,86.1994,4.6821,2026-08-06 12:57:58,2026-08-06 12:58:01,2026-08-06 12:58:01
210440,2896,QTHQ1,COMPRA,75,26.7566,10.2188,2026-08-06 14:07:14,2026-08-06 14:07:14,2026-08-06 14:07:14
210441,1428,GFDF2,COMPRA,324,79.5491,11.0360,2026-08-06 10:00:21,2026-08-06 10:00:22,2026-08-06 10:00:22
210442,2550,JIPA6,COMPRA,240,45.1591,3.7246,2026-08-06 17:03:29,2026-08-06 17:03:31,2026-08-06 17:03:31
210443,3370,HVEX2,COMPRA,165,144.7102,11.7979,2026-08-06 12:42:02,2026-08-06 12:42:04,2026-08-06 12:42:04
210444,1934,JIPA6,COMPRA,359,34.7419,11.1645,2026-08-06 15:39:35,2026-08-06 15:39:36,2026-08-06 15:39:36
210445,3254,LIEG8,COMPRA,180,112.0982,2.3884,2026-08-06 13:45:10,2026-08-06 13:45:11,2026-08-06 13:45:11
210446,1005,XLZM9,COMPRA,370,46.3620,6.9716,2026-08-06 12:22:48,2026-08-06 12:22:51,2026-08-06 12:22:51
210447,1401,WIPB2,COMPRA,229,97.7928,1.0661,2026-08-06 10:26:07,2026-08-06 10:26:09,2026-08-06 10:26:09
210448,2440,DEGN5,COMPRA,195,96.4037,6.8872,2026-08-06 13:28:11,2026-08-06 13:28:13,2026-08-06 13:28:13
210449,2031,BSDJ7,COMPRA,437,236.5679,3.6560,2026-08-06 15:26:01,2026-08-06 15:26:04,2026-08-06 15:26:04
210450,1859,RYPL6,COMPRA,170,68.1652,9.5643,2026-08-06 15:52:37,2026-08-06 15:52:37,2026-08-06 15:52:37
210451,2005,AAUA7,COMPRA,310,165.5204,9.3951,2026-08-06 10:46:37,2026-08-06 10:46:38,2026-08-06 10:46:38
210452,1433,XAVL3,COMPRA,10,190.0550,5.7565,2026-08-06 12:29:01,2026-08-06 12:29:03,2026-08-06 12:29:03
210453,1538,UFIU3,COMPRA,465,83.5492,0.3156,2026-08-06 11:10:35,2026-08-06 11:10:38,2026-08-06 11:10:38
210454,3508,JJVW6,COMPRA,60,126.3503,12.4854,2026-08-06 16:08:24,2026-08-06 16:08:24,2026-08-06 16:08:24
210455,2894,WXFC8,COMPRA,370,102.9424,11.3696,2026-08-06 11:34:10,2026-08-06 11:34:10,2026-08-06 11:34:10
210456,2584,DSFC9,COMPRA,476,376.9156,9.5515,2026-08-06 12:54:15,2026-08-06 12:54:15,2026-08-06 12:54:15
210457,2416,LGKU6,COMPRA,155,70.3046,5.6799,2026-08-06 13:11:05,2026-08-06 13:11:07,2026-08-06 13:11:07
210458,2322,RMRT1,COMPRA,155,125.5018,11.0502,2026-08-06 12:02:43,2026-08-06 12:02:43,2026-08-06 12:02:43
210459,1716,DGBT6,COMPRA,95,101.7429,3.4200,2026-08-06 11:00:15,2026-08-06 11:00:15,2026-08-06 11:00:15
210460,3158,SUZL4,COMPRA,315,109.9434,5.9479,2026-08-06 11:30:21,2026-08-06 11:30:23,2026-08-06 11:30:23
210461,3170,NGIU9,COMPRA,115,87.7941,2.7907,2026-08-06 12:43:01,2026-08-06 12:43:04,2026-08-06 12:43:04
210462,1268,HJRH5,COMPRA,225,179.1237,11.3081,2026-08-06 12:04:10,2026-08-06 12:04:12,2026-08-06 12:04:12
210463,2499,WIPB2,COMPRA,470,84.4824,11.0683,2026-08-06 13:41:30,2026-08-06 13:41:33,2026-08-06 13:41:33
210464,2427,ICSU4,COMPRA,220,154.8602,3.2207,2026-08-06 10:52:27,2026-08-06 10:52:30,2026-08-06 10:52:30
210465,1996,DEGN5,COMPRA,378,94.4621,9.7382,2026-08-06 11:31:40,2026-08-06 11:31:41,2026-08-06 11:31:41
210466,2850,ENRZ2,COMPRA,165,77.6092,1.8543,2026-08-06 16:34:33,2026-08-06 16:34:33,2026-08-06 16:34:33
210467,2501,NREP8,COMPRA,340,105.6214,9.3462,2026-08-06 17:27:52,2026-08-06 17:27:55,2026-08-06 17:27:55
210468,2462,KHGP6,COMPRA,340,95.6088,4.7338,2026-08-06 16:11:03,2026-08-06 16:11:06,2026-08-06 16:11:06
210469,2503,DSFC9,VENDA,305,392.5799,12.7944,2026-08-06 15:49:39,2026-08-06 15:49:41,2026-08-06 15:49:41
210470,1231,QHFL8,COMPRA,188,162.6230,9.8725,2026-08-06 16:22:29,2026-08-06 16:22:29,2026-08-06 16:22:29
210471,1378,YRWH3,COMPRA,380,228.7634,0.6787,2026-08-06 12:58:04,2026-08-06 12:58:04,2026-08-06 12:58:04
210472,2439,YYLA4,COMPRA,138,209.2106,6.3526,2026-08-06 17:17:17,2026-08-06 17:17:19,2026-08-06 17:17:19
210473,2845,RIET5,COMPRA,495,114.4519,4.2931,2026-08-06 12:16:49,2026-08-06 12:16:49,2026-08-06 12:16:49
210474,2430,KHGP6,COMPRA,395,89.1740,9.5704,2026-08-06 14:41:04,2026-08-06 14:41:06,2026-08-06 14:41:06
210475,3451,QTHQ1,COMPRA,325,28.2743,12.7688,2026-08-06 15:29:24,2026-08-06 15:29:26,2026-08-06 15:29:26
210476,3343,LCCH9,VENDA,47,7.7325,5.2661,2026-08-06 12:23:23,2026-08-06 12:23:24,2026-08-06 12:23:24
210477,3288,EEYY9,COMPRA,242,146.8283,3.7310,2026-08-06 13:10:22,2026-08-06 13:10:22,2026-08-06 13:10:22
210478,1383,LCCH9,COMPRA,315,6.8291,,2026-08-06 13:24:42,2026-08-06 13:24:44,2026-08-06 13:24:44
210479,1172,GAKD5,COMPRA,450,331.7459,6.8228,2026-08-06 12:57:29,2026-08-06 12:57:30,2026-08-06 12:57:30
210480,2791,QATW7,COMPRA,175,50.3370,3.2375,2026-08-06 12:38:09,2026-08-06 12:38:10,2026-08-06 12:38:10
210481,3168,YYLA4,VENDA,130,190.4320,6.7309,2026-08-06 10:47:10,2026-08-06 10:47:13,2026-08-06 10:47:13
210482,2310,MCHX2,COMPRA,75,126.5468,5.6009,2026-08-06 13:37:16,2026-08-06 13:37:18,2026-08-06 13:37:18
210483,2917,UVEY5,COMPRA,65,86.9503,11.0030,2026-08-06 11:14:12,2026-08-06 11:14:13,2026-08-06 11:14:13
210484,3344,YYLA4,COMPRA,170,217.1400,8.8555,2026-08-06 12:41:46,2026-08-06 12:41:46,2026-08-06 12:41:46
210485,1786,FIUW1,COMPRA,335,124.9306,8.9588,2026-08-06 10:17:36,2026-08-06 10:17:38,2026-08-06 10:17:38
210486,2237,TXHR8,COMPRA,470,78.5732,8.2539,2026-08-06 10:16:33,2026-08-06 10:16:36,2026-08-06 10:16:36
210487,2513,DMTZ8,COMPRA,439,175.8809,9.4830,2026-08-06 13:26:37,2026-08-06 13:26:39,2026-08-06 13:26:39
210488,1678,XTVW5,COMPRA,398,103.3087,8.3736,2026-08-06 13:56:34,2026-08-06 13:56:34,2026-08-06 13:56:34
210489,3428,RHXV4,COMPRA,205,57.4561,5.0557,2026-08-06 17:14:47,2026-08-06 17:14:47,2026-08-06 17:14:47
210490,2622,XAVL3,COMPRA,279,165.7052,11.7418,2026-08-06 15:18:22,2026-08-06 15:18:24,2026-08-06 15:18:24
210491,2204,NYGT6,COMPRA,294,89.8343,0.1973,2026-08-06 15:26:02,2026-08-06 15:26:04,2026-08-06 15:26:04
210492,2117,PBZM6,COMPRA,105,64.1288,1.5451,2026-08-06 14:21:23,2026-08-06 14:21:25,2026-08-06 14:21:25
210493,2368,HCZM2,COMPRA,140,353.4407,1.7660,2026-08-06 13:12:58,2026-08-06 13:13:00,2026-08-06 13:13:00
210494,1406,IPXK2,COMPRA,235,375.7499,5.2316,2026-08-06 16:06:54,2026-08-06 16:06:57,2026-08-06 16:06:57
210495,1371,PZUP8,COMPRA,210,170.1776,11.0390,2026-08-06 15:03:31,2026-08-06 15:03:32,2026-08-06 15:03:32
210496,1345,DEGN5,COMPRA,140,105.4219,11.2471,2026-08-06 17:21:21,2026-08-06 17:21:22,2026-08-06 17:21:22
210497,2685,LCCH9,COMPRA,380,9.9175,9.3378,2026-08-06 14:11:58,2026-08-06 14:12:00,2026-08-06 14:12:00
210498,1716,EEYY9,COMPRA,235,147.1595,3.2856,2026-08-06 15:09:51,2026-08-06 15:09:52,2026-08-06 15:09:52
210499,3452,LIEG8,COMPRA,5,119.4820,2.6055,2026-08-06 16:47:10,2026-08-06 16:47:10,2026-08-06 16:47:10
210500,1499,NAOF3,COMPRA,175,65.9431,0.7747,2026-08-06 10:12:37,2026-08-06 10:12:40,2026-08-06 10:12:40
210501,3446,GAKD5,COMPRA,140,338.5936,7.8467,2026-08-06 10:51:09,2026-08-06 10:51:11,2026-08-06 10:51:11
210502,3143,GKQC5,COMPRA,5,107.3855,3.6099,2026-08-06 11:02:26,2026-08-06 11:02:27,2026-08-06 11:02:27
210503,1145,NHYK8,COMPRA,400,66.0879,4.8065,2026-08-06 15:14:31,2026-08-06 15:14:33,2026-08-06 15:14:33
210504,2013,VLEB3,COMPRA,285,478.9695,9.8674,2026-08-06 14:35:33,2026-08-06 14:35:36,2026-08-06 14:35:36
210505,2527,UVEY5,COMPRA,305,99.3076,2.9031,2026-08-06 12:06:59,2026-08-06 12:06:59,2026-08-06 12:06:59
210506,1414,ENRZ2,COMPRA,160,89.9808,1.4165,2026-08-06 11:27:23,2026-08-06 11:27:23,2026-08-06 11:27:23
210507,2172,UFIU3,COMPRA,260,94.2840,12.7519,2026-08-06 13:49:20,2026-08-06 13:49:23,2026-08-06 13:49:23
210508,2467,XPVA7,VENDA,142,540.8856,8.6838,2026-08-06 17:30:51,2026-08-06 17:30:52,2026-08-06 17:30:52
210509,1192,ZYVN7,COMPRA,499,90.9512,3.9545,2026-08-06 14:56:25,2026-08-06 14:56:26,2026-08-06 14:56:26
210510,2601,RHXV4,COMPRA,85,67.8420,0.9214,2026-08-06 15:16:44,2026-08-06 15:16:46,2026-08-06 15:16:46
210511,2895,NHYK8,COMPRA,310,74.9896,10.3264,2026-08-06 16:53:17,2026-08-06 16:53:20,2026-08-06 16:53:20
210512,1064,RDOA3,COMPRA,431,78.0623,1.3097,2026-08-06 11:49:39,2026-08-06 11:49:40,2026-08-06 11:49:40
210513,2888,TXHR8,COMPRA,238,72.2274,,2026-08-06 14:53:27,2026-08-06 14:53:30,2026-08-06 14:53:30
210514,2277,PZUP8,COMPRA,180,190.5490,6.4169,2026-08-06 10:15:27,2026-08-06 10:15:29,2026-08-06 10:15:29
210515,2954,HJRH5,COMPRA,33,168.0374,11.4989,2026-08-06 12:25:35,2026-08-06 12:25:35,2026-08-06 12:25:35
210516,2666,ERTC4,COMPRA,245,47.3274,0.4750,2026-08-06 11:39:47,2026-08-06 11:39:49,2026-08-06 11:39:49
210517,3422,UQIQ7,COMPRA,10,88.4927,12.2634,2026-08-06 10:03:04,2026-08-06 10:03:06,2026-08-06 10:03:06
210518,2162,YOWA1,COMPRA,490,67.2135,10.0041,2026-08-06 15:03:54,2026-08-06 15:03:56,2026-08-06 15:03:56
210519,1690,NWGB4,COMPRA,490,135.1441,11.2233,2026-08-06 11:57:29,2026-08-06 11:57:31,2026-08-06 11:57:31
210520,2066,SGBG8,VENDA,270,83.6516,11.1775,2026-08-06 10:04:03,2026-08-06 10:04:06,2026-08-06 10:04:06
210521,1534,MOLF3,COMPRA,240,62.1668,5.1449,2026-08-06 12:58:10,2026-08-06 12:58:13,2026-08-06 12:58:13
210522,3050,OXVD8,COMPRA,130,76.8186,2.2206,2026-08-06 16:51:02,2026-08-06 16:51:05,2026-08-06 16:51:05
210523,2011,RFNS7,COMPRA,305,71.2727,9.0065,2026-08-06 12:14:46,2026-08-06 12:14:49,2026-08-06 12:14:49
210524,2546,IZTY4,COMPRA,395,28.6126,1.3656,2026-08-06 11:33:08,2026-08-06 11:33:10,2026-08-06 11:33:10
210525,1262,GULD2,COMPRA,450,114.1381,3.9823,2026-08-06 14:51:12,2026-08-06 14:51:14,2026-08-06 14:51:14
210526,2819,IWFI1,COMPRA,375,190.3294,3.1335,2026-08-06 10:10:58,2026-08-06 10:11:01,2026-08-06 10:11:01
210527,3464,HCLJ8,COMPRA,350,124.4977,6.1071,2026-08-06 10:59:17,2026-08-06 10:59:19,2026-08-06 10:59:19
210528,2654,HCLJ8,COMPRA,25,92.4170,2.2204,2026-08-06 17:19:04,2026-08-06 17:19:05,2026-08-06 17:19:05
210529,2991,ZYVN7,COMPRA,450,81.5758,11.9925,2026-08-06 13:33:40,2026-08-06 13:33:40,2026-08-06 13:33:40
210530,1720,NGIU9,COMPRA,455,114.5092,5.0477,2026-08-06 11:17:34,2026-08-06 11:17:36,2026-08-06 11:17:36
210531,2575,IWFI1,COMPRA,220,151.1966,3.6258,2026-08-06 13:06:21,2026-08-06 13:06:23,2026-08-06 13:06:23
210532,2186,NPEM3,COMPRA,345,125.6661,6.4595,2026-08-06 12:08:29,2026-08-06 12:08:30,2026-08-06 12:08:30
210533,2079,DFGR7,COMPRA,230,87.7686,2.9212,2026-08-06 10:11:36,2026-08-06 10:11:38,2026-08-06 10:11:38
210534,1314,QATW7,COMPRA,201,54.8980,10.6677,2026-08-06 16:27:52,2026-08-06 16:27:53,2026-08-06 16:27:53
210535,1709,VLEB3,COMPRA,345,309.8533,1.2260,2026-08-06 16:00:03,2026-08-06 16:00:06,2026-08-06 16:00:06
210536,1125,TVCE9,COMPRA,120,68.7689,1.8793,2026-08-06 12:28:22,2026-08-06 12:28:24,2026-08-06 12:28:24
210537,1987,ERTC4,COMPRA,445,53.5760,0.2975,2026-08-06 12:38:02,2026-08-06 12:38:05,2026-08-06 12:38:05
210538,3253,QTHQ1,COMPRA,335,26.0217,10.9857,2026-08-06 15:48:52,2026-08-06 15:48:55,2026-08-06 15:48:55
210539,1223,MCMT2,COMPRA,235,115.7586,10.1525,2026-08-06 13:20:06,2026-08-06 13:20:06,2026-08-06 13:20:06
210540,1866,ZAAS7,COMPRA,250,438.0148,9.8076,2026-08-06 17:13:08,2026-08-06 17:13:08,2026-08-06 17:13:08
210541,1826,XAVL3,COMPRA,140,163.9757,6.5325,2026-08-06 14:57:50,2026-08-06 14:57:50,2026-08-06 14:57:50
210542,2859,LIEG8,COMPRA,161,103.7975,3.0914,2026-08-06 14:25:34,2026-08-06 14:25:35,2026-08-06 14:25:35
210543,1933,DSFC9,COMPRA,375,387.9506,4.3662,2026-08-06 13:41:08,2026-08-06 13:41:08,2026-08-06 13:41:08
210544,2485,IWAK1,COMPRA,5,81.5207,10.9529,2026-08-06 10:13:43,2026-08-06 10:13:46,2026-08-06 10:13:46
210545,3259,ZAAS7,COMPRA,125,374.1986,6.9023,2026-08-06 11:47:17,2026-08-06 11:47:19,2026-08-06 11:47:19
210546,2385,MJDL9,COMPRA,78,29.4901,4.3897,2026-08-06 11:40:04,2026-08-06 11:40:04,2026-08-06 11:40:04
210547,1721,GKQC5,COMPRA,307,101.0011,5.9541,2026-08-06 10:52:08,2026-08-06 10:52:09,2026-08-06 10:52:09
210548,1750,HCLJ8,COMPRA,150,93.9995,6.3818,2026-08-06 15:10:28,2026-08-06 15:10:29,2026-08-06 15:10:29
210549,3156,ACSV1,COMPRA,194,87.9626,4.8258,2026-08-06 11:13:08,2026-08-06 11:13:11,2026-08-06 11:13:11
210550,2953,IWAK1,COMPRA,30,71.4554,12.0316,2026-08-06 10:35:33,2026-08-06 10:35:36,2026-08-06 10:35:36
210551,1272,DMTZ8,COMPRA,265,190.8433,12.4894,2026-08-06 15:57:44,2026-08-06 15:57:45,2026-08-06 15:57:45
210552,2414,PZUP8,COMPRA,235,154.6513,7.6579,2026-08-06 13:48:12,2026-08-06 13:48:13,2026-08-06 13:48:13
210553,1185,PQUT9,COMPRA,310,66.1830,9.4412,2026-08-06 14:15:24,2026-08-06 14:15:27,2026-08-06 14:15:27
210554,3089,BXFJ9,COMPRA,315,148.4011,8.7069,2026-08-06 11:12:55,2026-08-06 11:12:55,2026-08-06 11:12:55
210555,1847,DFGR7,COMPRA,250,79.3014,3.9279,2026-08-06 10:17:07,2026-08-06 10:17:10,2026-08-06 10:17:10
210556,2664,BGNM6,COMPRA,478,95.1588,10.3121,2026-08-06 13:38:15,2026-08-06 13:38:15,2026-08-06 13:38:15
210557,2362,NAOF3,COMPRA,424,57.5030,,2026-08-06 17:13:55,2026-08-06 17:13:58,2026-08-06 17:13:58
210558,3365,TTHO3,COMPRA,270,31.9730,8.2058,2026-08-06 13:59:21,2026-08-06 13:59:24,2026-08-06 13:59:24
210559,2067,SVOZ4,VENDA,491,34.9702,10.3865,2026-08-06 17:03:24,2026-08-06 17:03:25,2026-08-06 17:03:25
210560,1990,TXHR8,COMPRA,455,87.7529,10.6553,2026-08-06 12:42:55,2026-08-06 12:42:55,2026-08-06 12:42:55
210561,1405,FYZB6,COMPRA,345,70.0400,7.2997,2026-08-06 10:21:47,2026-08-06 10:21:50,2026-08-06 10:21:50
210562,1838,KFSY2,COMPRA,160,109.3979,7.5375,2026-08-06 11:17:50,2026-08-06 11:17:53,2026-08-06 11:17:53
210563,3254,UQJU7,COMPRA,500,60.0000,5.4571,2026-08-06 12:13:22,2026-08-06 12:13:25,2026-08-06 12:13:25
210564,2676,JIPR4,COMPRA,465,36.3360,3.1321,2026-08-06 15:37:59,2026-08-06 15:38:00,2026-08-06 15:38:00
210565,2390,ERTC4,COMPRA,79,57.9875,8.5217,2026-08-06 16:52:15,2026-08-06 16:52:18,2026-08-06 16:52:18
210566,3499,ZYVN7,COMPRA,305,92.9022,7.8424,2026-08-06 14:14:27,2026-08-06 14:14:28,2026-08-06 14:14:28
210567,2532,WXFC8,COMPRA,165,87.4940,9.0364,2026-08-06 15:17:05,2026-08-06 15:17:08,2026-08-06 15:17:08
210568,1745,NPEM3,COMPRA,75,93.0051,0.1997,2026-08-06 10:08:53,2026-08-06 10:08:53,2026-08-06 10:08:53
210569,1155,ZYVN7,COMPRA,255,82.0664,9.4453,2026-08-06 15:31:15,2026-08-06 15:31:15,2026-08-06 15:31:15
210570,2656,HCLJ8,COMPRA,241,131.7160,9.9877,2026-08-06 16:12:37,2026-08-06 16:12:37,2026-08-06 16:12:37
210571,1401,LGKU6,COMPRA,5,75.2990,3.2318,2026-08-06 12:28:01,2026-08-06 12:28:01,2026-08-06 12:28:01
210572,1890,UVEY5,COMPRA,90,100.1920,1.9378,2026-08-06 14:11:06,2026-08-06 14:11:09,2026-08-06 14:11:09
210573,3504,NQYT3,COMPRA,450,50.5619,10.7427,2026-08-06 17:13:11,2026-08-06 17:13:12,2026-08-06 17:13:12
210574,1880,UQJU7,COMPRA,285,73.5381,9.3761,2026-08-06 14:03:48,2026-08-06 14:03:50,2026-08-06 14:03:50
210575,3283,RIET5,COMPRA,380,120.7036,5.7858,2026-08-06 10:17:36,2026-08-06 10:17:39,2026-08-06 10:17:39
210576,1130,OXVD8,COMPRA,168,75.8099,2.6331,2026-08-06 15:31:43,2026-08-06 15:31:43,2026-08-06 15:31:43
210577,1002,KFSY2,COMPRA,360,127.4297,7.0946,2026-08-06 15:23:33,2026-08-06 15:23:34,2026-08-06 15:23:34
210578,2372,SGBG8,COMPRA,40,96.9424,6.7071,2026-08-06 16:56:14,2026-08-06 16:56:16,2026-08-06 16:56:16
210579,3153,QHFL8,COMPRA,430,144.2077,4.0214,2026-08-06 13:15:02,2026-08-06 13:15:03,2026-08-06 13:15:03
210580,1615,DFGR7,COMPRA,25,81.9090,1.1099,2026-08-06 10:06:11,2026-08-06 10:06:14,2026-08-06 10:06:14
210581,2109,YYLA4,COMPRA,350,159.5764,4.3751,2026-08-06 12:29:04,2026-08-06 12:29:07,2026-08-06 12:29:07
210582,2119,JIPR4,COMPRA,280,29.7383,12.4711,2026-08-06 12:09:08,2026-08-06 12:09:08,2026-08-06 12:09:08
210583,2834,GFDF2,COMPRA,380,107.8598,12.0280,2026-08-06 11:50:01,2026-08-06 11:50:03,2026-08-06 11:50:03
210584,1467,CQIL9,COMPRA,480,27.7990,4.3630,2026-08-06 12:16:00,2026-08-06 12:16:02,2026-08-06 12:16:02
210585,1580,JIPR4,COMPRA,313,38.2650,1.4633,2026-08-06 16:21:09,2026-08-06 16:21:12,2026-08-06 16:21:12
210586,3362,AAUA7,COMPRA,440,127.2709,3.3338,2026-08-06 11:34:01,2026-08-06 11:34:01,2026-08-06 11:34:01
210587,2399,ICSU4,COMPRA,255,107.8767,7.3906,2026-08-06 14:38:25,2026-08-06 14:38:25,2026-08-06 14:38:25
210588,2391,TTHO3,COMPRA,25,27.5908,1.3886,2026-08-06 13:02:45,2026-08-06 13:02:45,2026-08-06 13:02:45
210589,1001,ECQD7,COMPRA,485,96.2212,10.9469,2026-08-06 10:12:15,2026-08-06 10:12:18,2026-08-06 10:12:18
210590,2882,XTVW5,COMPRA,160,125.4994,10.4817,2026-08-06 10:32:15,2026-08-06 10:32:18,2026-08-06 10:32:18
210591,2734,WXQM6,COMPRA,445,51.5641,9.7143,2026-08-06 10:51:22,2026-08-06 10:51:25,2026-08-06 10:51:25
210592,2240,QEUC2,COMPRA,365,142.6594,5.8952,2026-08-06 11:15:40,2026-08-06 11:15:43,2026-08-06 11:15:43
210593,3193,MCMT2,COMPRA,265,112.2391,0.0314,2026-08-06 16:34:28,2026-08-06 16:34:31,2026-08-06 16:34:31
210594,2672,GAKD5,COMPRA,208,338.1384,12.6350,2026-08-06 12:26:10,2026-08-06 12:26:10,2026-08-06 12:26:10
210595,3175,AYFQ2,COMPRA,190,14.7372,7.9774,2026-08-06 14:49:08,2026-08-06 14:49:09,2026-08-06 14:49:09
210596,1467,ZFBT3,COMPRA,420,94.4038,0.5638,2026-08-06 13:48:10,2026-08-06 13:48:13,2026-08-06 13:48:13
210597,2714,FRGH8,COMPRA,70,65.1088,0.0085,2026-08-06 14:53:08,2026-08-06 14:53:11,2026-08-06 14:53:11
210598,1258,BGNM6,COMPRA,80,96.9875,7.7759,2026-08-06 16:59:32,2026-08-06 16:59:32,2026-08-06 16:59:32
210599,3507,TVCE9,COMPRA,490,66.1597,2.7846,2026-08-06 14:24:24,2026-08-06 14:24:25,2026-08-06 14:24:25
210600,1643,VLEB3,VENDA,310,400.6939,10.7192,2026-08-06 16:03:16,2026-08-06 16:03:16,2026-08-06 16:03:16
210601,1799,OEQA8,COMPRA,260,347.9798,10.2426,2026-08-06 15:27:55,2026-08-06 15:27:55,2026-08-06 15:27:55
210602,3181,TVCE9,COMPRA,23,59.6532,12.6363,2026-08-06 13:33:22,2026-08-06 13:33:25,2026-08-06 13:33:25
210603,2160,BGNM6,COMPRA,120,123.4157,7.8254,2026-08-06 16:12:39,2026-08-06 16:12:39,2026-08-06 16:12:39
210604,2310,JJVW6,COMPRA,200,139.9928,2.6093,2026-08-06 14:21:02,2026-08-06 14:21:03,2026-08-06 14:21:03
210605,3462,MJDL9,COMPRA,475,27.9152,10.0004,2026-08-06 13:17:54,2026-08-06 13:17:55,2026-08-06 13:17:55
210606,2728,OVUQ2,COMPRA,265,57.7769,0.3637,2026-08-06 13:30:35,2026-08-06 13:30:38,2026-08-06 13:30:38
210607,2447,GFDF2,COMPRA,195,112.2462,10.3534,2026-08-06 15:21:56,2026-08-06 15:21:59,2026-08-06 15:21:59
210608,1625,JIPR4,COMPRA,399,26.2356,1.4996,2026-08-06 16:13:02,2026-08-06 16:13:04,2026-08-06 16:13:04
210609,3342,QEUC2,COMPRA,367,137.6647,7.5389,2026-08-06 17:16:03,2026-08-06 17:16:05,2026-08-06 17:16:05
210610,2868,MOLF3,COMPRA,455,50.6289,1.9935,2026-08-06 13:35:35,2026-08-06 13:35:38,2026-08-06 13:35:38
210611,2039,JIPR4,COMPRA,70,35.9670,7.2857,2026-08-06 10:03:59,2026-08-06 10:04:00,2026-08-06 10:04:00
210612,2121,MCHX2,COMPRA,460,95.7069,2.2944,2026-08-06 15:33:51,2026-08-06 15:33:54,2026-08-06 15:33:54
210613,1909,AAWB3,COMPRA,275,132.4248,0.8537,2026-08-06 16:12:22,2026-08-06 16:12:22,2026-08-06 16:12:22
210614,3035,JDJG6,COMPRA,445,86.9357,10.5072,2026-08-06 15:40:57,2026-08-06 15:40:59,2026-08-06 15:40:59
210615,1457,TXHR8,COMPRA,130,76.3298,0.4794,2026-08-06 13:49:16,2026-08-06 13:49:18,2026-08-06 13:49:18
210616,2544,YRWH3,COMPRA,195,168.7102,10.0398,2026-08-06 14:23:23,2026-08-06 14:23:23,2026-08-06 14:23:23
210617,2174,TTHO3,VENDA,159,36.2100,7.0240,2026-08-06 16:12:47,2026-08-06 16:12:49,2026-08-06 16:12:49
210618,3305,SGBG8,COMPRA,455,82.6486,2.7772,2026-08-06 16:39:01,2026-08-06 16:39:04,2026-08-06 16:39:04
210619,1732,RDOA3,COMPRA,390,102.3115,3.5595,2026-08-06 15:53:48,2026-08-06 15:53:51,2026-08-06 15:53:51
210620,2413,YIHC3,COMPRA,360,48.4094,1.4018,2026-08-06 17:11:50,2026-08-06 17:11:51,2026-08-06 17:11:51
210621,3041,FIUW1,COMPRA,175,110.9764,7.1158,2026-08-06 16:33:40,2026-08-06 16:33:40,2026-08-06 16:33:40
210622,2071,DMTZ8,COMPRA,315,132.3943,6.6076,2026-08-06 11:58:39,2026-08-06 11:58:39,2026-08-06 11:58:39
210623,2120,KQEO3,COMPRA,230,57.4993,2.1763,2026-08-06 16:23:15,2026-08-06 16:23:15,2026-08-06 16:23:15
210624,1896,NAOF3,COMPRA,400,60.8467,4.4884,2026-08-06 11:49:26,2026-08-06 11:49:27,2026-08-06 11:49:27
210625,3087,AAWB3,VENDA,351,169.0947,8.1891,2026-08-06 13:59:27,2026-08-06 13:59:30,2026-08-06 13:59:30
210626,2301,RDOA3,COMPRA,65,84.9028,7.5884,2026-08-06 14:37:16,2026-08-06 14:37:16,2026-08-06 14:37:16
210627,2624,OEQA8,VENDA,80,511.5741,2.4905,2026-08-06 16:57:26,2026-08-06 16:57:28,2026-08-06 16:57:28
210628,2618,NREP8,VENDA,60,130.2247,4.8095,2026-08-06 12:28:52,2026-08-06 12:28:54,2026-08-06 12:28:54
210629,3259,ACSV1,COMPRA,255,109.9050,9.5611,2026-08-06 13:45:50,2026-08-06 13:45:52,2026-08-06 13:45:52
210630,3078,RYPL6,COMPRA,345,96.7519,4.5455,2026-08-06 10:28:59,2026-08-06 10:29:00,2026-08-06 10:29:00
210631,1852,NYGT6,COMPRA,340,80.8554,6.4754,2026-08-06 16:40:17,2026-08-06 16:40:19,2026-08-06 16:40:19
210632,1687,ENRZ2,COMPRA,135,74.9344,1.1409,2026-08-06 10:56:31,2026-08-06 10:56:34,2026-08-06 10:56:34
210633,2650,NYGT6,COMPRA,450,113.1304,0.2774,2026-08-06 15:50:30,2026-08-06 15:50:33,2026-08-06 15:50:33
210634,1633,YIHC3,COMPRA,430,69.3181,2.8211,2026-08-06 16:03:02,2026-08-06 16:03:02,2026-08-06 16:03:02
210635,3493,GKQC5,COMPRA,280,120.6104,10.5848,2026-08-06 10:25:41,2026-08-06 10:25:42,2026-08-06 10:25:42
210636,1387,TBWG2,COMPRA,456,83.6812,3.9480,2026-08-06 15:05:04,2026-08-06 15:05:06,2026-08-06 15:05:06
210637,2113,NAOF3,COMPRA,485,65.5546,10.3965,2026-08-06 16:25:59,2026-08-06 16:26:01,2026-08-06 16:26:01
210638,1994,JUDG8,COMPRA,341,85.4269,8.9962,2026-08-06 13:55:02,2026-08-06 13:55:04,2026-08-06 13:55:04
210639,2696,TBWG2,COMPRA,34,64.0769,1.4794,2026-08-06 15:47:42,2026-08-06 15:47:45,2026-08-06 15:47:45
210640,1990,RHXV4,COMPRA,275,63.4433,5.2117,2026-08-06 15:52:17,2026-08-06 15:52:18,2026-08-06 15:52:18
210641,2798,FRGH8,COMPRA,235,95.7632,11.4229,2026-08-06 12:28:04,2026-08-06 12:28:04,2026-08-06 12:28:04
210642,3404,YYLA4,COMPRA,200,215.6256,12.2270,2026-08-06 12:54:25,2026-08-06 12:54:25,2026-08-06 12:54:25
210643,2017,UVEY5,COMPRA,85,94.9291,8.4295,2026-08-06 10:56:05,2026-08-06 10:56:07,2026-08-06 10:56:07
210644,2264,XAVL3,COMPRA,400,226.8660,8.6719,2026-08-06 16:19:52,2026-08-06 16:19:52,2026-08-06 16:19:52
210645,2211,LQML9,COMPRA,1,124.6783,6.8243,2026-08-06 12:56:50,2026-08-06 12:56:50,2026-08-06 12:56:50
210646,3068,SGBG8,COMPRA,295,69.9142,11.2546,2026-08-06 15:26:49,2026-08-06 15:26:51,2026-08-06 15:26:51
210647,2850,HJRH5,COMPRA,28,149.7836,3.2066,2026-08-06 12:54:28,2026-08-06 12:54:31,2026-08-06 12:54:31
210648,2235,DSFC9,COMPRA,85,419.4488,3.3211,2026-08-06 16:49:44,2026-08-06 16:49:45,2026-08-06 16:49:45
210649,1618,TBWG2,COMPRA,420,71.6755,10.1885,2026-08-06 11:18:04,2026-08-06 11:18:04,2026-08-06 11:18:04
210650,2029,ZAAS7,COMPRA,445,385.9337,8.0811,2026-08-06 17:21:52,2026-08-06 17:21:54,2026-08-06 17:21:54
210651,2396,ENRZ2,COMPRA,115,106.0595,10.6628,2026-08-06 14:19:13,2026-08-06 14:19:15,2026-08-06 14:19:15
210652,3067,NHYK8,COMPRA,185,56.4275,8.1898,2026-08-06 15:49:29,2026-08-06 15:49:29,2026-08-06 15:49:29
210653,2327,ZFBT3,COMPRA,300,124.4709,1.1013,2026-08-06 15:05:06,2026-08-06 15:05:09,2026-08-06 15:05:09
210654,3269,RDOA3,COMPRA,275,96.3485,4.0482,2026-08-06 13:38:59,2026-08-06 13:39:00,2026-08-06 13:39:00
210655,2297,PZUP8,COMPRA,445,175.5694,3.3051,2026-08-06 12:59:33,2026-08-06 12:59:34,2026-08-06 12:59:34
210656,2232,ENRZ2,COMPRA,450,108.8420,5.4374,2026-08-06 13:26:17,2026-08-06 13:26:20,2026-08-06 13:26:20
210657,2779,TXHR8,COMPRA,414,82.3035,12.2582,2026-08-06 12:15:47,2026-08-06 12:15:49,2026-08-06 12:15:49
210658,1559,IZTY4,COMPRA,478,25.6212,3.2840,2026-08-06 10:31:07,2026-08-06 10:31:09,2026-08-06 10:31:09
210659,2239,QTHQ1,COMPRA,195,19.2104,7.4565,2026-08-06 15:22:15,2026-08-06 15:22:15,2026-08-06 15:22:15
210660,1006,UQIQ7,COMPRA,130,99.1233,4.5925,2026-08-06 11:12:08,2026-08-06 11:12:09,2026-08-06 11:12:09
210661,1449,QTHQ1,COMPRA,245,27.7480,7.6185,2026-08-06 15:57:15,2026-08-06 15:57:18,2026-08-06 15:57:18
210662,2567,MOLF3,COMPRA,40,51.9858,0.3178,2026-08-06 12:14:25,2026-08-06 12:14:25,2026-08-06 12:14:25
210663,2909,YRWH3,COMPRA,210,187.1905,0.2889,2026-08-06 11:45:27,2026-08-06 11:45:30,2026-08-06 11:45:30
210664,1100,UYFJ9,COMPRA,365,73.5052,6.7822,2026-08-06 12:13:35,2026-08-06 12:13:35,2026-08-06 12:13:35
210665,2127,KFSY2,COMPRA,65,120.9673,0.1988,2026-08-06 15:04:21,2026-08-06 15:04:24,2026-08-06 15:04:24
210666,1183,OEQA8,COMPRA,315,547.6277,10.9052,2026-08-06 10:18:51,2026-08-06 10:18:54,2026-08-06 10:18:54
210667,1870,XOVY4,COMPRA,495,101.2218,10.5073,2026-08-06 16:48:12,2026-08-06 16:48:15,2026-08-06 16:48:15
210668,1825,EEYY9,COMPRA,440,181.4860,9.2555,2026-08-06 12:40:36,2026-08-06 12:40:36,2026-08-06 12:40:36
210669,2898,TXHR8,COMPRA,135,101.4361,4.6615,2026-08-06 14:27:41,2026-08-06 14:27:44,2026-08-06 14:27:44
210670,2941,QYBV3,COMPRA,25,72.0578,6.3865,2026-08-06 11:08:13,2026-08-06 11:08:15,2026-08-06 11:08:15
210671,3507,SGBG8,COMPRA,395,63.7400,11.4258,2026-08-06 10:41:59,2026-08-06 10:42:02,2026-08-06 10:42:02
210672,3463,QTDZ2,COMPRA,455,52.6069,7.9275,2026-08-06 13:14:20,2026-08-06 13:14:21,2026-08-06 13:14:21
210673,3380,QHFL8,COMPRA,465,174.4118,3.3580,2026-08-06 11:08:05,2026-08-06 11:08:06,2026-08-06 11:08:06
210674,1732,HVEX2,COMPRA,355,135.2790,12.7631,2026-08-06 11:46:02,2026-08-06 11:46:02,2026-08-06 11:46:02
210675,1551,AYFQ2,COMPRA,270,14.0948,9.6028,2026-08-06 14:55:15,2026-08-06 14:55:18,2026-08-06 14:55:18
210676,1421,EEYY9,COMPRA,10,165.8202,10.8677,2026-08-06 16:58:44,2026-08-06 16:58:45,2026-08-06 16:58:45
210677,3041,WIPB2,COMPRA,316,93.7573,1.4664,2026-08-06 15:37:01,2026-08-06 15:37:02,2026-08-06 15:37:02
210678,1671,NHYK8,COMPRA,210,81.4899,8.9072,2026-08-06 16:02:57,2026-08-06 16:02:58,2026-08-06 16:02:58
210679,1307,YYLA4,COMPRA,150,224.2589,11.5867,2026-08-06 12:07:08,2026-08-06 12:07:10,2026-08-06 12:07:10
210680,1530,PSEN6,COMPRA,365,219.8247,0.7164,2026-08-06 14:06:43,2026-08-06 14:06:46,2026-08-06 14:06:46
210681,2161,QTDZ2,COMPRA,265,55.4539,6.3043,2026-08-06 16:21:22,2026-08-06 16:21:22,2026-08-06 16:21:22
210682,3308,PBZM6,COMPRA,123,48.8648,5.5348,2026-08-06 13:35:10,2026-08-06 13:35:13,2026-08-06 13:35:13
210683,1154,RHXV4,COMPRA,40,66.8034,5.3469,2026-08-06 12:25:49,2026-08-06 12:25:50,2026-08-06 12:25:50
210684,2831,TTHO3,COMPRA,455,26.3832,7.7237,2026-08-06 13:41:03,2026-08-06 13:41:06,2026-08-06 13:41:06
210685,3473,TBWG2,COMPRA,5,66.8374,5.2495,2026-08-06 12:33:58,2026-08-06 12:34:01,2026-08-06 12:34:01
210686,3259,XLZM9,COMPRA,405,51.4811,11.1174,2026-08-06 15:54:53,2026-08-06 15:54:55,2026-08-06 15:54:55
210687,1623,MCMT2,COMPRA,490,94.2695,2.1340,2026-08-06 15:57:27,2026-08-06 15:57:29,2026-08-06 15:57:29
210688,2265,TBWG2,COMPRA,265,98.1528,8.2339,2026-08-06 11:26:18,2026-08-06 11:26:19,2026-08-06 11:26:19
210689,1338,NQYT3,COMPRA,25,48.5913,9.4094,2026-08-06 16:36:49,2026-08-06 16:36:49,2026-08-06 16:36:49
210690,1825,QYBV3,COMPRA,95,76.1158,6.4310,2026-08-06 16:01:54,2026-08-06 16:01:57,2026-08-06 16:01:57
210691,2494,IJJK3,COMPRA,370,117.9599,11.1417,2026-08-06 17:21:44,2026-08-06 17:21:44,2026-08-06 17:21:44
210692,2258,XLZM9,COMPRA,25,53.0896,10.6112,2026-08-06 17:02:15,2026-08-06 17:02:16,2026-08-06 17:02:16
210693,1285,RIET5,COMPRA,45,133.9427,1.8717,2026-08-06 14:17:39,2026-08-06 14:17:42,2026-08-06 14:17:42
210694,1341,TXHR8,COMPRA,138,65.2799,10.4267,2026-08-06 15:38:03,2026-08-06 15:38:03,2026-08-06 15:38:03
210695,3245,BSDJ7,COMPRA,260,253.7569,7.5666,2026-08-06 13:47:37,2026-08-06 13:47:39,2026-08-06 13:47:39
210696,1798,WIPB2,COMPRA,103,133.3132,,2026-08-06 10:02:05,2026-08-06 10:02:08,2026-08-06 10:02:08
210697,2038,NHYK8,COMPRA,259,79.9202,7.5539,2026-08-06 11:55:11,2026-08-06 11:55:14,2026-08-06 11:55:14
210698,2551,JIPR4,COMPRA,425,28.2476,6.3495,2026-08-06 13:35:46,2026-08-06 13:35:47,2026-08-06 13:35:47
210699,3340,QYBV3,COMPRA,300,87.0447,11.8385,2026-08-06 17:30:05,2026-08-06 17:30:07,2026-08-06 17:30:07
210700,1266,FYZB6,COMPRA,150,62.7008,8.7140,2026-08-06 16:00:54,2026-08-06 16:00:57,2026-08-06 16:00:57
210701,2009,DSFC9,COMPRA,425,377.0613,0.8632,2026-08-06 15:52:16,2026-08-06 15:52:17,2026-08-06 15:52:17
210702,2246,NHYK8,COMPRA,210,52.0052,0.6047,2026-08-06 17:03:35,2026-08-06 17:03:38,2026-08-06 17:03:38
210703,1105,FYZB6,COMPRA,490,55.5031,,2026-08-06 14:13:35,2026-08-06 14:13:36,2026-08-06 14:13:36
210704,3506,DMTZ8,COMPRA,355,192.4252,6.6879,2026-08-06 15:47:48,2026-08-06 15:47:50,2026-08-06 15:47:50
210705,1026,IJJK3,COMPRA,160,101.8245,7.2408,2026-08-06 14:46:25,2026-08-06 14:46:25,2026-08-06 14:46:25
210706,2356,QEUC2,COMPRA,255,178.1898,3.3360,2026-08-06 14:47:14,2026-08-06 14:47:17,2026-08-06 14:47:17
210707,1431,ENRZ2,COMPRA,45,111.5688,4.7895,2026-08-06 12:57:47,2026-08-06 12:57:49,2026-08-06 12:57:49
210708,2368,ERTC4,COMPRA,240,55.9620,2.2852,2026-08-06 10:01:03,2026-08-06 10:01:04,2026-08-06 10:01:04
210709,2680,OVUQ2,COMPRA,484,59.2294,12.6988,2026-08-06 11:23:49,2026-08-06 11:23:52,2026-08-06 11:23:52
210710,1197,LQML9,COMPRA,110,116.2410,5.7326,2026-08-06 11:06:29,2026-08-06 11:06:31,2026-08-06 11:06:31
210711,1113,LIEG8,COMPRA,10,80.7722,12.3739,2026-08-06 13:01:50,2026-08-06 13:01:51,2026-08-06 13:01:51
210712,1836,WXFC8,COMPRA,235,82.8220,8.4807,2026-08-06 12:07:16,2026-08-06 12:07:18,2026-08-06 12:07:18
210713,1670,DSFC9,COMPRA,235,409.0495,4.6376,2026-08-06 15:07:43,2026-08-06 15:07:43,2026-08-06 15:07:43
210714,2588,MCHX2,COMPRA,145,141.1321,10.4738,2026-08-06 12:27:34,2026-08-06 12:27:36,2026-08-06 12:27:36
210715,2996,NWGB4,COMPRA,180,107.4609,11.1647,2026-08-06 12:11:30,2026-08-06 12:11:32,2026-08-06 12:11:32
210716,2104,ICSU4,COMPRA,310,131.7502,6.8417,2026-08-06 14:24:15,2026-08-06 14:24:17,2026-08-06 14:24:17
210717,2230,YIHC3,COMPRA,380,48.8430,3.5844,2026-08-06 14:25:52,2026-08-06 14:25:54,2026-08-06 14:25:54
210718,1530,GAKD5,COMPRA,145,303.8038,3.3541,2026-08-06 16:15:58,2026-08-06 16:15:59,2026-08-06 16:15:59
210719,1199,QTDZ2,COMPRA,215,49.6566,12.5207,2026-08-06 10:07:34,2026-08-06 10:07:35,2026-08-06 10:07:35
210720,2297,HCLJ8,COMPRA,167,105.7591,8.5444,2026-08-06 10:57:28,2026-08-06 10:57:30,2026-08-06 10:57:30
210721,2973,BXFJ9,COMPRA,45,193.9135,1.4501,2026-08-06 16:37:44,2026-08-06 16:37:45,2026-08-06 16:37:45
210722,1958,NUJZ2,COMPRA,205,33.2342,6.5178,2026-08-06 12:39:39,2026-08-06 12:39:42,2026-08-06 12:39:42
210723,3434,YIHC3,COMPRA,255,55.1170,3.8360,2026-08-06 11:18:03,2026-08-06 11:18:05,2026-08-06 11:18:05
210724,1758,YCCK8,COMPRA,330,321.3903,6.8928,2026-08-06 17:11:50,2026-08-06 17:11:53,2026-08-06 17:11:53
210725,3508,NPEM3,COMPRA,171,92.4769,1.6792,2026-08-06 17:14:37,2026-08-06 17:14:37,2026-08-06 17:14:37
210726,3105,UFMA7,COMPRA,446,202.6172,7.8865,2026-08-06 14:56:22,2026-08-06 14:56:22,2026-08-06 14:56:22
210727,1156,HJRH5,COMPRA,76,163.1232,7.4562,2026-08-06 14:04:22,2026-08-06 14:04:24,2026-08-06 14:04:24
210728,2191,AAWB3,COMPRA,246,178.1496,10.1460,2026-08-06 11:00:51,2026-08-06 11:00:53,2026-08-06 11:00:53
210729,2064,WMQZ6,COMPRA,345,96.0149,4.3858,2026-08-06 11:30:14,2026-08-06 11:30:14,2026-08-06 11:30:14
210730,2322,PQUT9,COMPRA,180,98.1853,9.0740,2026-08-06 13:18:47,2026-08-06 13:18:50,2026-08-06 13:18:50
210731,3201,DSFC9,COMPRA,295,404.2675,7.4368,2026-08-06 16:28:30,2026-08-06 16:28:30,2026-08-06 16:28:30
210732,3443,UFIU3,COMPRA,312,65.1523,12.1169,2026-08-06 11:45:57,2026-08-06 11:45:59,2026-08-06 11:45:59
210733,1645,AAWB3,COMPRA,488,142.1122,1.4483,2026-08-06 13:22:40,2026-08-06 13:22:42,2026-08-06 13:22:42
210734,2624,SVOZ4,COMPRA,360,44.6899,10.1827,2026-08-06 12:01:41,2026-08-06 12:01:42,2026-08-06 12:01:42
210735,2120,BOCS8,COMPRA,470,57.8091,0.0695,2026-08-06 16:18:35,2026-08-06 16:18:37,2026-08-06 16:18:37
210736,2345,FRGH8,COMPRA,50,79.1662,10.4322,2026-08-06 16:23:43,2026-08-06 16:23:46,2026-08-06 16:23:46
210737,2697,SRDU1,COMPRA,260,87.6333,12.5507,2026-08-06 11:42:54,2026-08-06 11:42:54,2026-08-06 11:42:54
210738,2042,GFDF2,COMPRA,335,78.5459,2.5350,2026-08-06 16:38:18,2026-08-06 16:38:20,2026-08-06 16:38:20
210739,1640,UYFJ9,COMPRA,360,104.8070,2.5000,2026-08-06 12:32:04,2026-08-06 12:32:05,2026-08-06 12:32:05
210740,2980,ACSV1,COMPRA,276,97.7202,9.1469,2026-08-06 11:27:23,2026-08-06 11:27:26,2026-08-06 11:27:26
210741,1496,RSBT4,COMPRA,125,415.6122,4.2607,2026-08-06 13:46:38,2026-08-06 13:46:41,2026-08-06 13:46:41
210742,2414,JUDG8,COMPRA,65,79.2888,2.4175,2026-08-06 12:49:41,2026-08-06 12:49:42,2026-08-06 12:49:42
210743,1679,WMQZ6,COMPRA,450,89.1780,6.1036,2026-08-06 11:58:12,2026-08-06 11:58:12,2026-08-06 11:58:12
210744,3494,ACSV1,COMPRA,91,112.5417,8.2672,2026-08-06 17:06:52,2026-08-06 17:06:53,2026-08-06 17:06:53
210745,2760,TXHR8,COMPRA,401,85.4305,3.6795,2026-08-06 13:04:45,2026-08-06 13:04:46,2026-08-06 13:04:46
210746,2052,IWFI1,COMPRA,335,205.8805,6.2933,2026-08-06 13:43:16,2026-08-06 13:43:16,2026-08-06 13:43:16
210747,1052,KFSY2,VENDA,305,111.8540,1.9951,2026-08-06 15:43:14,2026-08-06 15:43:14,2026-08-06 15:43:14
210748,2881,WIPB2,COMPRA,180,84.4030,5.2168,2026-08-06 16:36:25,2026-08-06 16:36:26,2026-08-06 16:36:26
210749,1483,YRWH3,COMPRA,360,160.0506,4.8647,2026-08-06 12:20:57,2026-08-06 12:20:58,2026-08-06 12:20:58
210750,1576,WHMT3,COMPRA,152,105.1569,5.9889,2026-08-06 15:49:36,2026-08-06 15:49:36,2026-08-06 15:49:36
210751,1596,EEYY9,COMPRA,275,134.7491,5.7069,2026-08-06 13:33:45,2026-08-06 13:33:45,2026-08-06 13:33:45
210752,1071,RYPL6,COMPRA,160,68.1612,11.5444,2026-08-06 12:33:31,2026-08-06 12:33:32,2026-08-06 12:33:32
210753,1878,QEUC2,COMPRA,290,201.7918,9.0368,2026-08-06 14:54:40,2026-08-06 14:54:41,2026-08-06 14:54:41
210754,2675,JUDG8,COMPRA,349,81.9504,8.6630,2026-08-06 16:16:07,2026-08-06 16:16:09,2026-08-06 16:16:09
210755,2742,FRGH8,COMPRA,345,95.1362,1.5243,2026-08-06 11:47:26,2026-08-06 11:47:29,2026-08-06 11:47:29
210756,2030,XTVW5,COMPRA,145,104.2258,7.2791,2026-08-06 13:59:51,2026-08-06 13:59:54,2026-08-06 13:59:54
210757,1583,RDOA3,COMPRA,445,74.0605,11.8949,2026-08-06 14:17:08,2026-08-06 14:17:08,2026-08-06 14:17:08
210758,3087,VLEB3,COMPRA,90,488.2494,1.0749,2026-08-06 14:21:10,2026-08-06 14:21:11,2026-08-06 14:21:11
210759,2341,NAOF3,COMPRA,10,68.5656,6.8225,2026-08-06 14:56:27,2026-08-06 14:56:29,2026-08-06 14:56:29
210760,3225,MOLF3,COMPRA,335,56.5453,10.5988,2026-08-06 16:01:17,2026-08-06 16:01:18,2026-08-06 16:01:18
210761,3496,NUJZ2,COMPRA,110,35.0435,1.7644,2026-08-06 14:23:14,2026-08-06 14:23:16,2026-08-06 14:23:16
210762,2608,DFGR7,COMPRA,50,94.5156,7.0219,2026-08-06 13:14:21,2026-08-06 13:14:22,2026-08-06 13:14:22
210763,1734,ICSU4,COMPRA,130,157.7502,5.7915,2026-08-06 17:05:49,2026-08-06 17:05:51,2026-08-06 17:05:51
210764,2039,IWAK1,COMPRA,332,93.2066,6.8207,2026-08-06 14:58:45,2026-08-06 14:58:47,2026-08-06 14:58:47
210765,2370,WMQZ6,COMPRA,215,63.0028,12.4384,2026-08-06 14:14:36,2026-08-06 14:14:39,2026-08-06 14:14:39
210766,2510,ENRZ2,COMPRA,45,84.9702,7.3208,2026-08-06 11:06:28,2026-08-06 11:06:30,2026-08-06 11:06:30
210767,1914,KFSY2,COMPRA,195,117.1957,12.3877,2026-08-06 16:11:25,2026-08-06 16:11:25,2026-08-06 16:11:25
210768,1867,BOCS8,COMPRA,482,75.0204,3.9971,2026-08-06 16:17:22,2026-08-06 16:17:23,2026-08-06 16:17:23
210769,1211,QHFL8,COMPRA,317,133.9662,4.3426,2026-08-06 15:18:07,2026-08-06 15:18:08,2026-08-06 15:18:08
210770,3051,GFDF2,COMPRA,470,103.5238,3.1043,2026-08-06 12:18:30,2026-08-06 12:18:30,2026-08-06 12:18:30
210771,2282,FYZB6,COMPRA,95,82.5795,3.2459,2026-08-06 14:41:42,2026-08-06 14:41:45,2026-08-06 14:41:45
210772,1203,WMQZ6,COMPRA,25,75.6828,6.4410,2026-08-06 14:22:12,2026-08-06 14:22:14,2026-08-06 14:22:14
210773,2386,XPVA7,COMPRA,55,534.7911,2.4212,2026-08-06 17:09:17,2026-08-06 17:09:19,2026-08-06 17:09:19
210774,1008,NGIU9,COMPRA,116,126.2680,5.6635,2026-08-06 14:28:32,2026-08-06 14:28:34,2026-08-06 14:28:34
210775,1264,UCHR6,VENDA,400,515.7776,7.4041,2026-08-06 13:44:10,2026-08-06 13:44:13,2026-08-06 13:44:13
210776,2133,HCZM2,VENDA,220,414.3047,1.3649,2026-08-06 12:25:23,2026-08-06 12:25:23,2026-08-06 12:25:23
210777,1831,JDJG6,COMPRA,327,70.5268,5.4290,2026-08-06 13:34:32,2026-08-06 13:34:35,2026-08-06 13:34:35
210778,1842,RHXV4,COMPRA,155,67.5193,12.4416,2026-08-06 10:43:00,2026-08-06 10:43:00,2026-08-06 10:43:00
210779,1151,UFMA7,COMPRA,500,188.2671,10.1413,2026-08-06 10:22:45,2026-08-06 10:22:48,2026-08-06 10:22:48
210780,2637,SVOZ4,COMPRA,390,37.9694,10.0150,2026-08-06 10:09:34,2026-08-06 10:09:34,2026-08-06 10:09:34
210781,3213,NWGB4,COMPRA,265,149.5619,10.9091,2026-08-06 10:49:56,2026-08-06 10:49:58,2026-08-06 10:49:58
210782,2000,NYGT6,COMPRA,305,92.7165,1.9072,2026-08-06 12:54:28,2026-08-06 12:54:28,2026-08-06 12:54:28
210783,1837,LCCH9,COMPRA,420,10.0931,3.7336,2026-08-06 11:34:28,2026-08-06 11:34:29,2026-08-06 11:34:29
210784,1723,AAUA7,COMPRA,220,167.5809,8.2589,2026-08-06 14:25:23,2026-08-06 14:25:23,2026-08-06 14:25:23
210785,1819,QHFL8,COMPRA,145,125.1732,11.7555,2026-08-06 11:57:28,2026-08-06 11:57:28,2026-08-06 11:57:28
210786,2061,WHMT3,VENDA,100,119.6099,8.4599,2026-08-06 13:27:44,2026-08-06 13:27:44,2026-08-06 13:27:44
210787,2784,SRDU1,COMPRA,460,100.7663,2.2912,2026-08-06 11:37:55,2026-08-06 11:37:57,2026-08-06 11:37:57
210788,3072,SRDU1,COMPRA,206,78.8203,6.1204,2026-08-06 15:32:15,2026-08-06 15:32:17,2026-08-06 15:32:17
210789,2479,KQEO3,COMPRA,150,88.7927,1.2928,2026-08-06 16:55:11,2026-08-06 16:55:13,2026-08-06 16:55:13
210790,2631,QYBV3,COMPRA,110,83.5147,1.9996,2026-08-06 11:33:47,2026-08-06 11:33:49,2026-08-06 11:33:49
210791,3087,DEGN5,COMPRA,440,82.4223,5.4277,2026-08-06 17:12:49,2026-08-06 17:12:50,2026-08-06 17:12:50
210792,3035,MCMT2,COMPRA,210,112.6934,9.0769,2026-08-06 15:21:16,2026-08-06 15:21:19,2026-08-06 15:21:19
210793,1419,RMRT1,COMPRA,120,125.7245,11.1567,2026-08-06 11:00:01,2026-08-06 11:00:01,2026-08-06 11:00:01
210794,2982,CQIL9,COMPRA,240,31.6840,11.4441,2026-08-06 14:03:13,2026-08-06 14:03:14,2026-08-06 14:03:14
210795,1802,CQJZ4,COMPRA,480,110.5998,3.3811,2026-08-06 10:27:50,2026-08-06 10:27:53,2026-08-06 10:27:53
210796,1252,XLZM9,COMPRA,380,64.9906,11.8333,2026-08-06 11:16:38,2026-08-06 11:16:41,2026-08-06 11:16:41
210797,2039,YCCK8,COMPRA,254,424.3429,7.4348,2026-08-06 15:43:36,2026-08-06 15:43:39,2026-08-06 15:43:39
210798,2775,ZHTL2,COMPRA,490,62.5253,12.6280,2026-08-06 15:11:47,2026-08-06 15:11:48,2026-08-06 15:11:48
210799,3053,QEUC2,COMPRA,355,167.0028,1.7750,2026-08-06 16:02:43,2026-08-06 16:02:45,2026-08-06 16:02:45
210800,2958,GAKD5,COMPRA,55,234.4183,6.9502,2026-08-06 15:40:32,2026-08-06 15:40:33,2026-08-06 15:40:33
210801,3338,UCHR6,COMPRA,360,473.7208,9.7941,2026-08-06 16:21:19,2026-08-06 16:21:20,2026-08-06 16:21:20
210802,2841,KFSY2,COMPRA,120,109.2310,3.7718,2026-08-06 15:57:25,2026-08-06 15:57:27,2026-08-06 15:57:27
210803,3130,YOWA1,COMPRA,400,47.7609,6.2766,2026-08-06 11:07:19,2026-08-06 11:07:20,2026-08-06 11:07:20
210804,1119,YYLA4,COMPRA,135,165.5689,6.2148,2026-08-06 16:58:48,2026-08-06 16:58:50,2026-08-06 16:58:50
210805,3413,ZHTL2,VENDA,140,65.4740,9.0084,2026-08-06 11:11:15,2026-08-06 11:11:15,2026-08-06 11:11:15
210806,2407,BSDJ7,COMPRA,40,185.8359,7.0507,2026-08-06 15:31:47,2026-08-06 15:31:48,2026-08-06 15:31:48
210807,2844,YFAH5,COMPRA,345,154.5413,1.4297,2026-08-06 15:44:50,2026-08-06 15:44:53,2026-08-06 15:44:53
210808,1676,ENRZ2,COMPRA,180,121.6598,11.8199,2026-08-06 16:07:54,2026-08-06 16:07:56,2026-08-06 16:07:56
210809,3065,RFNS7,COMPRA,360,103.8549,4.2103,2026-08-06 17:10:32,2026-08-06 17:10:35,2026-08-06 17:10:35
210810,1620,WMQZ6,COMPRA,308,77.2986,0.8576,2026-08-06 15:32:23,2026-08-06 15:32:24,2026-08-06 15:32:24
210811,3475,RHXV4,COMPRA,15,54.3194,11.1207,2026-08-06 15:13:03,2026-08-06 15:13:04,2026-08-06 15:13:04
210812,2848,AAUA7,COMPRA,305,165.0001,8.4328,2026-08-06 15:00:29,2026-08-06 15:00:32,2026-08-06 15:00:32
210813,1901,RYPL6,COMPRA,280,85.9341,4.8358,2026-08-06 10:21:33,2026-08-06 10:21:34,2026-08-06 10:21:34
210814,1494,ECQD7,COMPRA,95,81.6220,9.9470,2026-08-06 16:50:37,2026-08-06 16:50:38,2026-08-06 16:50:38
210815,1193,WXFC8,COMPRA,155,72.0734,9.8920,2026-08-06 12:43:13,2026-08-06 12:43:16,2026-08-06 12:43:16
210816,2478,WHMT3,COMPRA,20,111.1268,11.1474,2026-08-06 16:46:53,2026-08-06 16:46:56,2026-08-06 16:46:56
210817,1404,JDJG6,COMPRA,20,60.2292,4.4965,2026-08-06 11:26:26,2026-08-06 11:26:28,2026-08-06 11:26:28
210818,1108,DHRM5,COMPRA,87,375.4461,4.0952,2026-08-06 14:03:42,2026-08-06 14:03:45,2026-08-06 14:03:45
210819,1271,BSDJ7,COMPRA,342,278.4598,8.1180,2026-08-06 13:14:12,2026-08-06 13:14:14,2026-08-06 13:14:14
210820,1637,JDJG6,COMPRA,145,60.4105,5.8489,2026-08-06 17:18:25,2026-08-06 17:18:26,2026-08-06 17:18:26
210821,2597,BOCS8,COMPRA,240,73.0994,4.1965,2026-08-06 10:33:07,2026-08-06 10:33:07,2026-08-06 10:33:07
210822,3271,TVCE9,COMPRA,135,51.3560,1.9195,2026-08-06 14:00:50,2026-08-06 14:00:50,2026-08-06 14:00:50
210823,2907,FRGH8,COMPRA,404,93.0228,9.3430,2026-08-06 13:43:28,2026-08-06 13:43:30,2026-08-06 13:43:30
210824,2177,PBZM6,COMPRA,340,68.5075,6.4563,2026-08-06 15:29:28,2026-08-06 15:29:29,2026-08-06 15:29:29
210825,3193,RMRT1,COMPRA,160,84.5580,3.8430,2026-08-06 16:19:07,2026-08-06 16:19:10,2026-08-06 16:19:10
210826,2615,MCHX2,COMPRA,390,125.0145,12.1381,2026-08-06 16:09:16,2026-08-06 16:09:16,2026-08-06 16:09:16
210827,3286,IWAK1,COMPRA,185,73.5392,1.8058,2026-08-06 11:14:23,2026-08-06 11:14:24,2026-08-06 11:14:24
210828,1369,TVCE9,COMPRA,270,76.9834,6.4167,2026-08-06 17:30:05,2026-08-06 17:30:07,2026-08-06 17:30:07
210829,1845,ZYVN7,COMPRA,29,78.0068,0.5243,2026-08-06 16:51:04,2026-08-06 16:51:05,2026-08-06 16:51:05
210830,1705,QHFL8,COMPRA,145,133.8924,9.6371,2026-08-06 12:05:59,2026-08-06 12:06:00,2026-08-06 12:06:00
210831,2703,ACSV1,COMPRA,140,82.6907,6.5898,2026-08-06 12:57:22,2026-08-06 12:57:22,2026-08-06 12:57:22
210832,1539,NUJZ2,COMPRA,385,29.8221,12.5315,2026-08-06 16:14:27,2026-08-06 16:14:28,2026-08-06 16:14:28
210833,1585,ENRZ2,COMPRA,260,105.9037,11.4983,2026-08-06 13:47:55,2026-08-06 13:47:56,2026-08-06 13:47:56
210834,2595,YYLA4,COMPRA,145,181.8337,3.9299,2026-08-06 11:03:04,2026-08-06 11:03:07,2026-08-06 11:03:07
210835,2927,ERTC4,COMPRA,65,45.2329,6.3424,2026-08-06 13:39:29,2026-08-06 13:39:31,2026-08-06 13:39:31
210836,2845,ECQD7,COMPRA,5,73.1480,5.9794,2026-08-06 11:51:31,2026-08-06 11:51:33,2026-08-06 11:51:33
210837,1718,IPXK2,COMPRA,250,354.2906,6.9066,2026-08-06 11:21:00,2026-08-06 11:21:02,2026-08-06 11:21:02
210838,2235,MOLF3,COMPRA,395,49.7913,4.9166,2026-08-06 10:45:05,2026-08-06 10:45:07,2026-08-06 10:45:07
210839,3071,DMTZ8,COMPRA,320,179.2652,2.6700,2026-08-06 11:06:31,2026-08-06 11:06:34,2026-08-06 11:06:34
210840,1208,XTVW5,COMPRA,499,88.2296,3.8960,2026-08-06 10:12:34,2026-08-06 10:12:37,2026-08-06 10:12:37
210841,2139,NQYT3,COMPRA,430,50.3586,5.1653,2026-08-06 13:18:36,2026-08-06 13:18:37,2026-08-06 13:18:37
210842,1708,WIPB2,COMPRA,395,98.9856,4.0682,2026-08-06 16:21:50,2026-08-06 16:21:50,2026-08-06 16:21:50
210843,1161,NYGT6,COMPRA,365,90.9297,8.1543,2026-08-06 14:01:26,2026-08-06 14:01:26,2026-08-06 14:01:26
210844,2818,BSDJ7,COMPRA,20,192.3632,12.4367,2026-08-06 17:21:34,2026-08-06 17:21:36,2026-08-06 17:21:36
210845,2063,NGIU9,COMPRA,25,83.8775,12.6380,2026-08-06 16:41:46,2026-08-06 16:41:49,2026-08-06 16:41:49
210846,2862,IWAK1,COMPRA,27,63.6467,10.7986,2026-08-06 11:09:55,2026-08-06 11:09:55,2026-08-06 11:09:55
210847,2556,OXVD8,COMPRA,170,94.9262,1.2694,2026-08-06 17:12:55,2026-08-06 17:12:57,2026-08-06 17:12:57
210848,2493,ZFBT3,COMPRA,55,102.5779,1.4042,2026-08-06 14:43:48,2026-08-06 14:43:51,2026-08-06 14:43:51
210849,1384,UFMA7,COMPRA,260,198.3694,6.4109,2026-08-06 10:46:50,2026-08-06 10:46:52,2026-08-06 10:46:52
210850,1500,ZHTL2,COMPRA,235,75.0693,0.2075,2026-08-06 11:05:27,2026-08-06 11:05:28,2026-08-06 11:05:28
210851,1950,PZUP8,COMPRA,365,129.8704,5.8099,2026-08-06 10:03:01,2026-08-06 10:03:02,2026-08-06 10:03:02
210852,3310,QATW7,COMPRA,410,41.9756,2.6526,2026-08-06 13:19:15,2026-08-06 13:19:16,2026-08-06 13:19:16
210853,2443,RIET5,COMPRA,8,169.4790,2.1214,2026-08-06 15:01:52,2026-08-06 15:01:54,2026-08-06 15:01:54
210854,1590,AYFQ2,COMPRA,133,14.4613,3.4720,2026-08-06 13:48:05,2026-08-06 13:48:08,2026-08-06 13:48:08
210855,1865,ECQD7,COMPRA,200,105.5282,10.6043,2026-08-06 11:20:20,2026-08-06 11:20:20,2026-08-06 11:20:20
210856,1004,NGIU9,COMPRA,259,97.6009,3.3238,2026-08-06 17:25:44,2026-08-06 17:25:46,2026-08-06 17:25:46
210857,1157,LIEG8,COMPRA,75,111.7576,11.5634,2026-08-06 15:57:33,2026-08-06 15:57:33,2026-08-06 15:57:33
210858,2691,NHYK8,COMPRA,460,75.5626,12.5225,2026-08-06 13:43:51,2026-08-06 13:43:54,2026-08-06 13:43:54
210859,1959,KHGP6,COMPRA,255,86.0785,7.5215,2026-08-06 16:03:42,2026-08-06 16:03:45,2026-08-06 16:03:45
210860,2253,RDOA3,COMPRA,191,73.6040,8.7651,2026-08-06 16:24:29,2026-08-06 16:24:29,2026-08-06 16:24:29
210861,2955,FIUW1,COMPRA,285,114.2210,6.0206,2026-08-06 11:39:38,2026-08-06 11:39:38,2026-08-06 11:39:38
210862,3398,AAUA7,COMPRA,274,161.9103,2.9959,2026-08-06 10:10:43,2026-08-06 10:10:43,2026-08-06 10:10:43
210863,1659,WMQZ6,COMPRA,5,83.8553,6.4076,2026-08-06 16:52:15,2026-08-06 16:52:17,2026-08-06 16:52:17
210864,2866,SVOZ4,COMPRA,80,43.7554,1.4393,2026-08-06 14:40:58,2026-08-06 14:41:01,2026-08-06 14:41:01
210865,3067,TNHT4,COMPRA,330,137.1250,4.6511,2026-08-06 11:52:57,2026-08-06 11:53:00,2026-08-06 11:53:00
210866,2406,UQIQ7,COMPRA,135,78.0083,9.7254,2026-08-06 11:07:25,2026-08-06 11:07:25,2026-08-06 11:07:25
210867,1917,BXFJ9,COMPRA,370,166.6088,8.2832,2026-08-06 13:19:33,2026-08-06 13:19:35,2026-08-06 13:19:35
210868,2132,TVCE9,COMPRA,480,76.8624,3.9242,2026-08-06 10:53:56,2026-08-06 10:53:57,2026-08-06 10:53:57
210869,1606,UFIU3,COMPRA,300,100.7440,1.3491,2026-08-06 15:51:27,2026-08-06 15:51:30,2026-08-06 15:51:30
210870,3106,CQIL9,COMPRA,140,42.0229,12.8111,2026-08-06 16:49:47,2026-08-06 16:49:50,2026-08-06 16:49:50
210871,2593,MGRR2,COMPRA,270,110.2038,1.5736,2026-08-06 12:00:24,2026-08-06 12:00:26,2026-08-06 12:00:26
210872,1238,UQIQ7,COMPRA,460,91.7594,10.0028,2026-08-06 14:09:50,2026-08-06 14:09:51,2026-08-06 14:09:51
210873,3181,JIPA6,COMPRA,473,37.1601,12.2489,2026-08-06 15:36:59,2026-08-06 15:37:00,2026-08-06 15:37:00
210874,1729,LQML9,COMPRA,125,150.3908,3.9979,2026-08-06 11:41:08,2026-08-06 11:41:11,2026-08-06 11:41:11
210875,1192,AAUA7,COMPRA,80,152.9754,10.2406,2026-08-06 13:05:47,2026-08-06 13:05:47,2026-08-06 13:05:47
210876,3511,WXFC8,COMPRA,85,69.2267,4.8271,2026-08-06 14:14:05,2026-08-06 14:14:05,2026-08-06 14:14:05
210877,2621,TVCE9,COMPRA,325,76.9934,4.6404,2026-08-06 13:58:59,2026-08-06 13:59:02,2026-08-06 13:59:02
210878,1235,GFDF2,COMPRA,25,97.6338,7.9791,2026-08-06 11:08:42,2026-08-06 11:08:42,2026-08-06 11:08:42
210879,2164,DMTZ8,COMPRA,210,156.4733,11.3826,2026-08-06 10:55:07,2026-08-06 10:55:07,2026-08-06 10:55:07
210880,2757,ZHTL2,COMPRA,295,53.6936,8.4538,2026-08-06 16:26:37,2026-08-06 16:26:39,2026-08-06 16:26:39
210881,2556,AAWB3,COMPRA,360,186.6443,12.3947,2026-08-06 16:45:50,2026-08-06 16:45:52,2026-08-06 16:45:52
210882,2409,MOLF3,COMPRA,120,41.2858,10.1422,2026-08-06 13:26:44,2026-08-06 13:26:44,2026-08-06 13:26:44
210883,2234,TTHO3,COMPRA,370,27.8344,3.8957,2026-08-06 11:06:03,2026-08-06 11:06:05,2026-08-06 11:06:05
210884,1040,XPVA7,COMPRA,197,425.1420,9.4332,2026-08-06 16:47:39,2026-08-06 16:47:39,2026-08-06 16:47:39
210885,2901,SGBG8,COMPRA,280,76.3039,3.0508,2026-08-06 15:25:41,2026-08-06 15:25:42,2026-08-06 15:25:42
210886,1624,YYLA4,COMPRA,445,208.0916,0.4930,2026-08-06 16:36:21,2026-08-06 16:36:22,2026-08-06 16:36:22
210887,1876,MGRR2,COMPRA,480,161.2470,7.1601,2026-08-06 11:04:54,2026-08-06 11:04:57,2026-08-06 11:04:57
210888,1745,QEUC2,COMPRA,290,147.6996,9.7931,2026-08-06 12:40:06,2026-08-06 12:40:07,2026-08-06 12:40:07
210889,2779,OEQA8,COMPRA,410,509.6737,2.2136,2026-08-06 12:28:15,2026-08-06 12:28:16,2026-08-06 12:28:16
210890,1938,RHXV4,COMPRA,486,68.1479,5.7101,2026-08-06 15:56:58,2026-08-06 15:57:01,2026-08-06 15:57:01
210891,3429,PBZM6,COMPRA,340,51.8515,12.8779,2026-08-06 17:14:34,2026-08-06 17:14:35,2026-08-06 17:14:35
210892,2126,ZYVN7,COMPRA,295,86.3718,9.9714,2026-08-06 11:58:29,2026-08-06 11:58:29,2026-08-06 11:58:29
210893,1873,WMQZ6,COMPRA,385,73.4882,11.0248,2026-08-06 15:24:30,2026-08-06 15:24:33,2026-08-06 15:24:33
210894,2131,OXVD8,COMPRA,390,97.9903,6.4323,2026-08-06 15:38:45,2026-08-06 15:38:47,2026-08-06 15:38:47
210895,1010,UVEY5,COMPRA,260,104.4746,1.0587,2026-08-06 12:02:30,2026-08-06 12:02:32,2026-08-06 12:02:32
210896,3079,HCLJ8,COMPRA,425,130.5936,11.2345,2026-08-06 10:06:39,2026-08-06 10:06:41,2026-08-06 10:06:41
210897,3505,TTHO3,COMPRA,375,32.0836,5.1696,2026-08-06 13:34:14,2026-08-06 13:34:15,2026-08-06 13:34:15
210898,2394,EEYY9,COMPRA,495,142.3400,4.8795,2026-08-06 13:18:27,2026-08-06 13:18:28,2026-08-06 13:18:28
210899,3453,FYZB6,COMPRA,185,70.4190,7.7284,2026-08-06 11:43:36,2026-08-06 11:43:36,2026-08-06 11:43:36
210900,3120,RHXV4,COMPRA,435,55.6244,7.0174,2026-08-06 11:23:26,2026-08-06 11:23:26,2026-08-06 11:23:26
210901,1108,DQSN6,COMPRA,135,153.7696,1.1637,2026-08-06 12:58:05,2026-08-06 12:58:07,2026-08-06 12:58:07
210902,3508,YOWA1,COMPRA,455,46.5071,11.4803,2026-08-06 12:00:38,2026-08-06 12:00:39,2026-08-06 12:00:39
210903,1765,OVYL9,COMPRA,430,66.2996,2.0257,2026-08-06 14:57:12,2026-08-06 14:57:14,2026-08-06 14:57:14
210904,2748,KFSY2,COMPRA,307,87.6054,1.3508,2026-08-06 16:56:27,2026-08-06 16:56:28,2026-08-06 16:56:28
210905,1045,UVEY5,COMPRA,215,67.2875,10.1313,2026-08-06 15:43:27,2026-08-06 15:43:29,2026-08-06 15:43:29
210906,1973,BXFJ9,COMPRA,40,185.9314,12.6970,2026-08-06 10:59:05,2026-08-06 10:59:08,2026-08-06 10:59:08
210907,2656,SVOZ4,COMPRA,260,51.2724,7.9677,2026-08-06 15:04:16,2026-08-06 15:04:18,2026-08-06 15:04:18
210908,2304,IWFI1,COMPRA,109,171.4872,11.9722,2026-08-06 10:23:44,2026-08-06 10:23:45,2026-08-06 10:23:45
210909,1293,DGBT6,COMPRA,5,90.9378,2.1271,2026-08-06 16:50:14,2026-08-06 16:50:17,2026-08-06 16:50:17
210910,2505,YIHC3,COMPRA,415,67.4303,11.9776,2026-08-06 15:02:35,2026-08-06 15:02:38,2026-08-06 15:02:38
210911,2846,QHFL8,COMPRA,140,154.4065,10.4273,2026-08-06 11:48:12,2026-08-06 11:48:14,2026-08-06 11:48:14
210912,1177,YIHC3,COMPRA,138,55.2620,3.0491,2026-08-06 17:27:51,2026-08-06 17:27:51,2026-08-06 17:27:51
210913,2397,YIHC3,COMPRA,275,56.4165,7.7993,2026-08-06 12:51:17,2026-08-06 12:51:18,2026-08-06 12:51:18
210914,3237,IPXK2,COMPRA,415,356.2983,0.6049,2026-08-06 15:15:09,2026-08-06 15:15:10,2026-08-06 15:15:10
210915,1416,AYFQ2,COMPRA,46,9.2823,8.5427,2026-08-06 15:33:11,2026-08-06 15:33:12,2026-08-06 15:33:12
210916,1672,OXVD8,COMPRA,110,92.2356,4.0275,2026-08-06 16:40:10,2026-08-06 16:40:10,2026-08-06 16:40:10
210917,3416,BXFJ9,COMPRA,135,160.1515,4.7898,2026-08-06 12:29:39,2026-08-06 12:29:40,2026-08-06 12:29:40
210918,2402,ACSV1,COMPRA,231,101.5549,4.5749,2026-08-06 13:11:24,2026-08-06 13:11:27,2026-08-06 13:11:27
210919,3296,QEUC2,COMPRA,75,162.3386,,2026-08-06 14:28:00,2026-08-06 14:28:00,2026-08-06 14:28:00
210920,3182,RHXV4,COMPRA,415,61.2226,7.1274,2026-08-06 14:58:21,2026-08-06 14:58:24,2026-08-06 14:58:24
210921,1620,EEYY9,COMPRA,270,130.3812,6.2494,2026-08-06 16:55:52,2026-08-06 16:55:52,2026-08-06 16:55:52
210922,1552,UQIQ7,COMPRA,425,80.6332,1.5653,2026-08-06 10:50:57,2026-08-06 10:50:59,2026-08-06 10:50:59
210923,2373,GULD2,COMPRA,179,128.3176,1.8723,2026-08-06 16:32:49,2026-08-06 16:32:49,2026-08-06 16:32:49
210924,3184,YIHC3,COMPRA,130,71.3285,4.7696,2026-08-06 16:10:55,2026-08-06 16:10:57,2026-08-06 16:10:57
210925,2564,RIET5,COMPRA,325,110.5529,2.3211,2026-08-06 14:27:06,2026-08-06 14:27:08,2026-08-06 14:27:08
210926,1984,NGIU9,COMPRA,490,129.5766,12.7203,2026-08-06 15:47:13,2026-08-06 15:47:13,2026-08-06 15:47:13
210927,1794,IWFI1,COMPRA,330,126.8327,11.8242,2026-08-06 15:31:56,2026-08-06 15:31:58,2026-08-06 15:31:58
210928,1023,YOWA1,COMPRA,475,51.5339,11.3903,2026-08-06 16:24:41,2026-08-06 16:24:42,2026-08-06 16:24:42
210929,1083,MOLF3,COMPRA,135,59.3894,4.2843,2026-08-06 13:28:24,2026-08-06 13:28:27,2026-08-06 13:28:27
210930,3336,ZFBT3,COMPRA,229,110.3842,0.5272,2026-08-06 13:41:51,2026-08-06 13:41:52,2026-08-06 13:41:52
210931,3477,PQUT9,COMPRA,20,90.5731,10.7686,2026-08-06 11:21:54,2026-08-06 11:21:54,2026-08-06 11:21:54
210932,2728,ZHTL2,COMPRA,330,54.1661,10.0640,2026-08-06 15:43:55,2026-08-06 15:43:56,2026-08-06 15:43:56
210933,3132,TBWG2,COMPRA,339,85.9008,0.3693,2026-08-06 14:05:45,2026-08-06 14:05:45,2026-08-06 14:05:45
210934,1308,GFDF2,COMPRA,270,83.4313,12.6415,2026-08-06 13:42:37,2026-08-06 13:42:39,2026-08-06 13:42:39
210935,2254,LQML9,COMPRA,120,161.0792,5.0889,2026-08-06 12:54:25,2026-08-06 12:54:25,2026-08-06 12:54:25
210936,1254,CQIL9,COMPRA,175,41.2347,4.7632,2026-08-06 16:24:40,2026-08-06 16:24:42,2026-08-06 16:24:42
210937,2490,BGNM6,COMPRA,240,99.7064,8.5560,2026-08-06 10:23:06,2026-08-06 10:23:08,2026-08-06 10:23:08
210938,2573,BOCS8,COMPRA,335,66.9360,0.9088,2026-08-06 13:51:35,2026-08-06 13:51:36,2026-08-06 13:51:36
210939,2240,IZTY4,COMPRA,395,24.0634,9.0384,2026-08-06 16:28:10,2026-08-06 16:28:11,2026-08-06 16:28:11
210940,1823,IPXK2,COMPRA,490,368.8319,11.3587,2026-08-06 11:29:17,2026-08-06 11:29:18,2026-08-06 11:29:18
210941,2078,GFDF2,COMPRA,153,74.9563,2.5557,2026-08-06 15:37:49,2026-08-06 15:37:51,2026-08-06 15:37:51
210942,1115,JUDG8,COMPRA,220,86.3501,5.6053,2026-08-06 15:36:01,2026-08-06 15:36:02,2026-08-06 15:36:02
210943,1966,SRDU1,COMPRA,280,97.2922,7.4383,2026-08-06 15:29:05,2026-08-06 15:29:08,2026-08-06 15:29:08
210944,1601,WXFC8,COMPRA,240,67.1797,10.2229,2026-08-06 15:49:34,2026-08-06 15:49:37,2026-08-06 15:49:37
210945,1945,FRGH8,VENDA,35,63.5234,10.9666,2026-08-06 10:30:16,2026-08-06 10:30:17,2026-08-06 10:30:17
210946,1982,ECQD7,COMPRA,245,107.7489,1.5463,2026-08-06 10:06:21,2026-08-06 10:06:21,2026-08-06 10:06:21
210947,2519,YFAH5,COMPRA,310,133.9546,10.0322,2026-08-06 11:04:40,2026-08-06 11:04:42,2026-08-06 11:04:42
210948,1976,NREP8,COMPRA,225,140.4387,4.3973,2026-08-06 10:37:40,2026-08-06 10:37:41,2026-08-06 10:37:41
210949,1919,ZHTL2,COMPRA,265,50.1980,6.8051,2026-08-06 17:15:38,2026-08-06 17:15:39,2026-08-06 17:15:39
210950,2870,NPEM3,COMPRA,495,91.6403,4.7479,2026-08-06 13:25:49,2026-08-06 13:25:49,2026-08-06 13:25:49
210951,1646,ACSV1,COMPRA,245,110.5567,8.5559,2026-08-06 10:42:00,2026-08-06 10:42:00,2026-08-06 10:42:00
210952,1760,YOWA1,COMPRA,220,51.8114,2.0756,2026-08-06 12:44:48,2026-08-06 12:44:49,2026-08-06 12:44:49
210953,1699,QATW7,COMPRA,420,45.8650,6.0723,2026-08-06 12:37:46,2026-08-06 12:37:47,2026-08-06 12:37:47
210954,2944,NUJZ2,COMPRA,150,34.4020,12.5740,2026-08-06 14:21:13,2026-08-06 14:21:13,2026-08-06 14:21:13
210955,1970,UFMA7,COMPRA,490,182.1939,11.5697,2026-08-06 15:54:34,2026-08-06 15:54:35,2026-08-06 15:54:35
210956,2727,QHFL8,COMPRA,262,133.0117,9.6847,2026-08-06 11:47:29,2026-08-06 11:47:31,2026-08-06 11:47:31
210957,2537,LCCH9,COMPRA,155,9.7452,0.7603,2026-08-06 12:45:11,2026-08-06 12:45:11,2026-08-06 12:45:11
210958,3427,ICSU4,COMPRA,10,142.8435,0.8188,2026-08-06 14:45:51,2026-08-06 14:45:53,2026-08-06 14:45:53
210959,2384,ERTC4,COMPRA,25,37.7288,0.1261,2026-08-06 12:04:36,2026-08-06 12:04:38,2026-08-06 12:04:38
210960,1269,XOVY4,COMPRA,25,113.0694,9.7735,2026-08-06 10:22:23,2026-08-06 10:22:25,2026-08-06 10:22:25
210961,1640,XPVA7,COMPRA,276,383.5786,5.2300,2026-08-06 10:07:33,2026-08-06 10:07:35,2026-08-06 10:07:35
210962,1374,IPXK2,COMPRA,120,371.2979,0.4012,2026-08-06 13:35:56,2026-08-06 13:35:57,2026-08-06 13:35:57
210963,1872,MCMT2,COMPRA,115,105.3259,10.8974,2026-08-06 13:37:54,2026-08-06 13:37:56,2026-08-06 13:37:56
210964,2134,XPVA7,COMPRA,255,502.0800,8.2931,2026-08-06 13:56:28,2026-08-06 13:56:29,2026-08-06 13:56:29
210965,1951,WXFC8,COMPRA,435,107.8521,12.3277,2026-08-06 10:02:27,2026-08-06 10:02:30,2026-08-06 10:02:30
210966,1749,UFMA7,COMPRA,15,168.9794,12.1349,2026-08-06 16:31:04,2026-08-06 16:31:06,2026-08-06 16:31:06
210967,2117,DFGR7,COMPRA,280,113.0830,11.8844,2026-08-06 13:09:09,2026-08-06 13:09:10,2026-08-06 13:09:10
210968,2752,LIEG8,COMPRA,70,115.8234,0.0887,2026-08-06 10:02:35,2026-08-06 10:02:38,2026-08-06 10:02:38
210969,1986,JIPA6,COMPRA,475,32.8498,3.2159,2026-08-06 17:10:26,2026-08-06 17:10:26,2026-08-06 17:10:26
210970,2427,IZTY4,COMPRA,257,35.8091,9.2544,2026-08-06 10:32:16,2026-08-06 10:32:16,2026-08-06 10:32:16
210971,1339,PQUT9,COMPRA,490,75.0673,1.0229,2026-08-06 13:42:52,2026-08-06 13:42:55,2026-08-06 13:42:55
210972,3159,OEQA8,COMPRA,65,533.2519,9.0166,2026-08-06 12:49:13,2026-08-06 12:49:16,2026-08-06 12:49:16
210973,3081,DQSN6,COMPRA,150,114.4961,11.5267,2026-08-06 17:00:22,2026-08-06 17:00:23,2026-08-06 17:00:23
210974,2598,TXHR8,COMPRA,355,85.2796,2.0690,2026-08-06 17:22:18,2026-08-06 17:22:20,2026-08-06 17:22:20
210975,2335,HCZM2,COMPRA,235,452.8292,9.1706,2026-08-06 17:01:08,2026-08-06 17:01:11,2026-08-06 17:01:11
210976,2336,QTHQ1,COMPRA,455,23.8246,0.7717,2026-08-06 16:35:20,2026-08-06 16:35:21,2026-08-06 16:35:21
210977,1971,XPVA7,COMPRA,295,513.3866,9.7736,2026-08-06 15:58:44,2026-08-06 15:58:45,2026-08-06 15:58:45
210978,2359,NQYT3,COMPRA,285,54.7168,0.1540,2026-08-06 10:13:54,2026-08-06 10:13:55,2026-08-06 10:13:55
210979,1268,QATW7,COMPRA,5,40.2395,3.1282,2026-08-06 16:34:28,2026-08-06 16:34:31,2026-08-06 16:34:31
210980,2280,UFIU3,COMPRA,373,99.3511,1.2885,2026-08-06 12:38:30,2026-08-06 12:38:32,2026-08-06 12:38:32
210981,1653,MOLF3,VENDA,20,55.8133,9.9133,2026-08-06 12:36:53,2026-08-06 12:36:55,2026-08-06 12:36:55
210982,1435,DHRM5,COMPRA,360,269.8108,8.3115,2026-08-06 16:33:26,2026-08-06 16:33:28,2026-08-06 16:33:28
210983,3244,WHMT3,COMPRA,4,100.9760,2.8173,2026-08-06 13:12:06,2026-08-06 13:12:07,2026-08-06 13:12:07
210984,2358,NAOF3,COMPRA,145,65.9947,4.4367,2026-08-06 12:51:58,2026-08-06 12:52:00,2026-08-06 12:52:00
210985,1898,GULD2,COMPRA,275,106.3294,2.8770,2026-08-06 15:40:12,2026-08-06 15:40:14,2026-08-06 15:40:14
210986,2914,QTHQ1,COMPRA,375,27.8823,2.6518,2026-08-06 15:47:29,2026-08-06 15:47:31,2026-08-06 15:47:31
210987,1356,MGRR2,VENDA,85,165.5156,8.3190,2026-08-06 14:47:10,2026-08-06 14:47:10,2026-08-06 14:47:10
210988,2783,MGRR2,COMPRA,175,148.5350,10.9205,2026-08-06 15:36:09,2026-08-06 15:36:10,2026-08-06 15:36:10
210989,3223,QQQS1,COMPRA,295,28.3180,1.1788,2026-08-06 13:36:34,2026-08-06 13:36:35,2026-08-06 13:36:35
210990,2901,EEYY9,COMPRA,205,177.0355,7.1953,2026-08-06 14:56:36,2026-08-06 14:56:39,2026-08-06 14:56:39
210991,2391,OEQA8,COMPRA,60,387.3028,1.3523,2026-08-06 13:49:41,2026-08-06 13:49:41,2026-08-06 13:49:41
210992,3223,PBZM6,COMPRA,431,74.2769,12.1458,2026-08-06 11:05:35,2026-08-06 11:05:36,2026-08-06 11:05:36
210993,3476,HVEX2,COMPRA,320,147.5384,2.2610,2026-08-06 16:38:13,2026-08-06 16:38:16,2026-08-06 16:38:16
210994,1930,ZFBT3,COMPRA,155,86.2160,1.4045,2026-08-06 11:42:53,2026-08-06 11:42:54,2026-08-06 11:42:54
210995,2493,QHFL8,COMPRA,345,159.4354,2.1150,2026-08-06 15:37:40,2026-08-06 15:37:42,2026-08-06 15:37:42
210996,1036,GAKD5,COMPRA,335,341.0735,10.7576,2026-08-06 15:58:32,2026-08-06 15:58:32,2026-08-06 15:58:32
210997,1919,FYZB6,COMPRA,480,57.3072,7.8844,2026-08-06 11:51:10,2026-08-06 11:51:12,2026-08-06 11:51:12
210998,1354,IZTY4,COMPRA,330,32.1074,9.6945,2026-08-06 16:58:05,2026-08-06 16:58:06,2026-08-06 16:58:06
210999,1420,BXFJ9,COMPRA,455,152.1765,10.3213,2026-08-06 10:30:08,2026-08-06 10:30:10,2026-08-06 10:30:10
211000,2271,NAOF3,COMPRA,405,53.9867,11.4892,2026-08-06 15:56:31,2026-08-06 15:56:31,2026-08-06 15:56:31
211001,2560,OXVD8,COMPRA,70,83.6776,11.4929,2026-08-06 11:33:51,2026-08-06 11:33:53,2026-08-06 11:33:53
211002,3356,JDJG6,COMPRA,305,84.6860,5.6353,2026-08-06 14:24:56,2026-08-06 14:24:57,2026-08-06 14:24:57
211003,1635,XOVY4,COMPRA,184,106.7914,1.6407,2026-08-06 11:53:33,2026-08-06 11:53:35,2026-08-06 11:53:35
211004,1488,NWGB4,COMPRA,432,104.6166,3.8381,2026-08-06 17:29:53,2026-08-06 17:29:54,2026-08-06 17:29:54
211005,2568,YRWH3,COMPRA,85,209.5265,11.1530,2026-08-06 12:10:55,2026-08-06 12:10:58,2026-08-06 12:10:58
211006,1390,TVCE9,COMPRA,485,53.9670,1.8035,2026-08-06 16:07:50,2026-08-06 16:07:51,2026-08-06 16:07:51
211007,2567,SVOZ4,COMPRA,335,48.1929,11.5798,2026-08-06 16:54:38,2026-08-06 16:54:38,2026-08-06 16:54:38
211008,1014,IPXK2,COMPRA,213,353.3935,0.2413,2026-08-06 13:36:30,2026-08-06 13:36:33,2026-08-06 13:36:33
211009,2732,ENRZ2,COMPRA,175,86.8411,5.8281,2026-08-06 14:35:15,2026-08-06 14:35:16,2026-08-06 14:35:16
211010,2353,EEYY9,COMPRA,125,120.9232,1.9440,2026-08-06 15:13:26,2026-08-06 15:13:29,2026-08-06 15:13:29
211011,1576,XOVY4,COMPRA,426,108.6857,1.0445,2026-08-06 11:08:18,2026-08-06 11:08:20,2026-08-06 11:08:20
211012,1532,RSBT4,COMPRA,345,501.5936,1.4714,2026-08-06 15:54:41,2026-08-06 15:54:41,2026-08-06 15:54:41
211013,2131,RIET5,COMPRA,160,110.2544,8.6923,2026-08-06 16:50:32,2026-08-06 16:50:35,2026-08-06 16:50:35
211014,2496,TVCE9,COMPRA,490,77.5021,3.3432,2026-08-06 17:14:38,2026-08-06 17:14:39,2026-08-06 17:14:39
211015,1072,QQQS1,COMPRA,430,25.1237,8.5007,2026-08-06 10:28:49,2026-08-06 10:28:52,2026-08-06 10:28:52
211016,3316,SRDU1,COMPRA,215,100.3408,2.7510,2026-08-06 16:52:32,2026-08-06 16:52:33,2026-08-06 16:52:33
211017,1741,AYFQ2,COMPRA,215,13.7221,2.8042,2026-08-06 16:10:58,2026-08-06 16:11:00,2026-08-06 16:11:00
211018,2492,PBZM6,COMPRA,365,55.0074,5.7170,2026-08-06 16:10:13,2026-08-06 16:10:15,2026-08-06 16:10:15
211019,1162,GULD2,COMPRA,245,141.0805,9.9970,2026-08-06 15:43:37,2026-08-06 15:43:38,2026-08-06 15:43:38
211020,1078,QYBV3,COMPRA,435,69.1637,6.2046,2026-08-06 17:30:40,2026-08-06 17:30:43,2026-08-06 17:30:43
211021,3323,JJVW6,COMPRA,230,153.2370,11.2320,2026-08-06 10:29:34,2026-08-06 10:29:34,2026-08-06 10:29:34
211022,1905,IPXK2,COMPRA,264,322.4099,1.1667,2026-08-06 13:15:22,2026-08-06 13:15:22,2026-08-06 13:15:22
211023,1453,NHYK8,COMPRA,175,80.5100,5.4968,2026-08-06 14:24:32,2026-08-06 14:24:35,2026-08-06 14:24:35
211024,1154,NYGT6,COMPRA,125,85.8023,6.0613,2026-08-06 10:48:20,2026-08-06 10:48:20,2026-08-06 10:48:20
211025,2392,BSDJ7,COMPRA,15,276.8360,6.6222,2026-08-06 12:28:14,2026-08-06 12:28:16,2026-08-06 12:28:16
211026,2743,KFSY2,COMPRA,460,106.2695,1.2707,2026-08-06 15:43:47,2026-08-06 15:43:48,2026-08-06 15:43:48
211027,1194,WIPB2,COMPRA,490,113.5572,10.9024,2026-08-06 14:48:36,2026-08-06 14:48:39,2026-08-06 14:48:39
211028,1781,ECQD7,COMPRA,304,102.8622,3.4153,2026-08-06 11:38:07,2026-08-06 11:38:07,2026-08-06 11:38:07
211029,2142,LCCH9,COMPRA,110,7.0427,4.4292,2026-08-06 17:30:32,2026-08-06 17:30:32,2026-08-06 17:30:32
211030,2429,JDJG6,COMPRA,386,67.0626,11.6581,2026-08-06 16:53:17,2026-08-06 16:53:19,2026-08-06 16:53:19
211031,2545,PSEN6,COMPRA,243,155.0612,1.2925,2026-08-06 12:16:00,2026-08-06 12:16:01,2026-08-06 12:16:01
211032,3351,KQEO3,COMPRA,165,75.1872,6.7354,2026-08-06 11:19:50,2026-08-06 11:19:53,2026-08-06 11:19:53
211033,2958,DFGR7,COMPRA,490,107.3688,10.0475,2026-08-06 16:33:38,2026-08-06 16:33:39,2026-08-06 16:33:39
211034,2983,TBWG2,COMPRA,425,63.2523,8.7133,2026-08-06 14:19:49,2026-08-06 14:19:50,2026-08-06 14:19:50
211035,1958,QQQS1,COMPRA,481,24.2866,1.9080,2026-08-06 17:27:20,2026-08-06 17:27:23,2026-08-06 17:27:23
211036,2529,UFIU3,COMPRA,260,78.8532,12.2210,2026-08-06 16:52:13,2026-08-06 16:52:15,2026-08-06 16:52:15
211037,1736,SRDU1,COMPRA,430,87.4135,9.1839,2026-08-06 15:32:35,2026-08-06 15:32:37,2026-08-06 15:32:37
211038,3004,YOWA1,COMPRA,340,48.7475,9.7701,2026-08-06 11:21:48,2026-08-06 11:21:49,2026-08-06 11:21:49
211039,2908,IJJK3,COMPRA,140,90.0416,2.2388,2026-08-06 13:34:02,2026-08-06 13:34:04,2026-08-06 13:34:04
211040,2677,ENRZ2,COMPRA,310,81.2219,5.7654,2026-08-06 17:11:19,2026-08-06 17:11:22,2026-08-06 17:11:22
211041,1363,ZFBT3,COMPRA,180,95.4828,2.3923,2026-08-06 14:01:31,2026-08-06 14:01:34,2026-08-06 14:01:34
211042,2212,TBWG2,COMPRA,455,80.2894,0.3896,2026-08-06 12:28:44,2026-08-06 12:28:47,2026-08-06 12:28:47
211043,1515,NPEM3,COMPRA,60,86.8441,7.1715,2026-08-06 17:17:04,2026-08-06 17:17:06,2026-08-06 17:17:06
211044,1376,HCZM2,COMPRA,240,507.7089,5.6116,2026-08-06 16:46:21,2026-08-06 16:46:21,2026-08-06 16:46:21
211045,2550,RIET5,COMPRA,425,162.8992,11.1801,2026-08-06 11:28:36,2026-08-06 11:28:38,2026-08-06 11:28:38
211046,1715,YOWA1,COMPRA,85,69.8797,10.0213,2026-08-06 17:19:00,2026-08-06 17:19:02,2026-08-06 17:19:02
211047,2675,TVCE9,COMPRA,305,82.6062,9.9876,2026-08-06 16:14:21,2026-08-06 16:14:21,2026-08-06 16:14:21
211048,3477,ACSV1,COMPRA,55,97.1016,4.3895,2026-08-06 13:14:56,2026-08-06 13:14:56,2026-08-06 13:14:56
211049,1781,LIEG8,COMPRA,345,104.4260,11.7434,2026-08-06 16:42:27,2026-08-06 16:42:27,2026-08-06 16:42:27
211050,2224,IWAK1,COMPRA,205,70.4800,0.9694,2026-08-06 11:23:09,2026-08-06 11:23:11,2026-08-06 11:23:11
211051,2172,TXHR8,COMPRA,10,99.9314,10.4188,2026-08-06 14:04:37,2026-08-06 14:04:39,2026-08-06 14:04:39
211052,1704,NUJZ2,COMPRA,60,25.8034,1.4279,2026-08-06 11:07:31,2026-08-06 11:07:34,2026-08-06 11:07:34
211053,1502,NREP8,COMPRA,180,147.9561,12.3179,2026-08-06 17:08:42,2026-08-06 17:08:43,2026-08-06 17:08:43
211054,3059,BSDJ7,COMPRA,300,182.5666,3.9078,2026-08-06 14:13:16,2026-08-06 14:13:19,2026-08-06 14:13:19
211055,2849,RSBT4,COMPRA,497,423.3963,12.7499,2026-08-06 15:39:32,2026-08-06 15:39:35,2026-08-06 15:39:35
211056,3275,NPEM3,COMPRA,160,114.9497,5.5094,2026-08-06 15:47:20,2026-08-06 15:47:22,2026-08-06 15:47:22
211057,1392,RFNS7,COMPRA,365,94.5771,9.8560,2026-08-06 13:14:45,2026-08-06 13:14:45,2026-08-06 13:14:45
211058,1478,FRGH8,COMPRA,305,71.1550,7.6394,2026-08-06 12:33:23,2026-08-06 12:33:25,2026-08-06 12:33:25
211059,1597,JDJG6,COMPRA,165,65.8761,4.0232,2026-08-06 14:38:48,2026-08-06 14:38:49,2026-08-06 14:38:49
211060,3368,IJJK3,COMPRA,495,135.2024,4.0367,2026-08-06 11:09:24,2026-08-06 11:09:27,2026-08-06 11:09:27
211061,1017,OVYL9,COMPRA,270,80.3864,6.9464,2026-08-06 10:30:26,2026-08-06 10:30:28,2026-08-06 10:30:28
211062,2927,HVEX2,COMPRA,127,138.1867,7.6594,2026-08-06 15:37:29,2026-08-06 15:37:32,2026-08-06 15:37:32
211063,2646,NWGB4,COMPRA,435,123.0200,3.2983,2026-08-06 13:34:30,2026-08-06 13:34:31,2026-08-06 13:34:31
211064,2838,ZHTL2,COMPRA,470,54.9223,2.0427,2026-08-06 16:17:44,2026-08-06 16:17:46,2026-08-06 16:17:46
211065,2521,WXQM6,COMPRA,115,50.7394,10.6614,2026-08-06 17:19:20,2026-08-06 17:19:22,2026-08-06 17:19:22
211066,2490,RYPL6,COMPRA,77,100.1818,0.5922,2026-08-06 13:51:50,2026-08-06 13:51:51,2026-08-06 13:51:51
211067,1515,PZUP8,COMPRA,160,151.4229,8.8359,2026-08-06 11:17:56,2026-08-06 11:17:56,2026-08-06 11:17:56
211068,1544,TBWG2,COMPRA,330,81.3217,9.2886,2026-08-06 14:47:47,2026-08-06 14:47:48,2026-08-06 14:47:48
211069,2798,MCHX2,COMPRA,190,95.5738,1.1963,2026-08-06 12:27:13,2026-08-06 12:27:15,2026-08-06 12:27:15
211070,1722,UQJU7,COMPRA,43,62.6389,8.3586,2026-08-06 12:42:54,2026-08-06 12:42:57,2026-08-06 12:42:57
211071,2469,FYZB6,COMPRA,225,59.1595,9.2901,2026-08-06 16:58:40,2026-08-06 16:58:43,2026-08-06 16:58:43
211072,1479,YYLA4,COMPRA,75,165.5419,9.7088,2026-08-06 17:18:25,2026-08-06 17:18:25,2026-08-06 17:18:25
211073,1372,ZFBT3,COMPRA,225,123.4779,12.4207,2026-08-06 12:40:19,2026-08-06 12:40:21,2026-08-06 12:40:21
211074,1082,MGRR2,COMPRA,265,126.6548,6.7823,2026-08-06 16:13:15,2026-08-06 16:13:17,2026-08-06 16:13:17
211075,2823,SUZL4,COMPRA,180,160.2276,12.4422,2026-08-06 10:29:03,2026-08-06 10:29:05,2026-08-06 10:29:05
211076,1859,LCCH9,COMPRA,30,6.5336,3.1434,2026-08-06 15:11:06,2026-08-06 15:11:09,2026-08-06 15:11:09
211077,1375,XOVY4,COMPRA,214,88.8148,3.0270,2026-08-06 12:51:11,2026-08-06 12:51:14,2026-08-06 12:51:14
211078,2398,TTHO3,COMPRA,36,30.8369,3.9429,2026-08-06 16:38:26,2026-08-06 16:38:28,2026-08-06 16:38:28
211079,2675,RDOA3,COMPRA,486,92.5161,7.4665,2026-08-06 12:31:24,2026-08-06 12:31:25,2026-08-06 12:31:25
211080,2986,IWAK1,COMPRA,250,79.7067,7.7437,2026-08-06 16:12:59,2026-08-06 16:13:01,2026-08-06 16:13:01
211081,1253,SGBG8,COMPRA,465,98.7260,7.5653,2026-08-06 12:48:28,2026-08-06 12:48:31,2026-08-06 12:48:31
211082,1746,MCHX2,COMPRA,120,135.8019,2.7577,2026-08-06 16:48:02,2026-08-06 16:48:04,2026-08-06 16:48:04
211083,3134,GULD2,COMPRA,265,105.3206,4.7809,2026-08-06 12:32:23,2026-08-06 12:32:25,2026-08-06 12:32:25
211084,3332,ZHTL2,COMPRA,320,68.9193,2.8299,2026-08-06 12:56:20,2026-08-06 12:56:23,2026-08-06 12:56:23
211085,3094,DEGN5,COMPRA,180,79.5419,0.2099,2026-08-06 11:45:14,2026-08-06 11:45:16,2026-08-06 11:45:16
211086,1276,MCHX2,COMPRA,345,112.1706,6.1057,2026-08-06 16:07:34,2026-08-06 16:07:36,2026-08-06 16:07:36
211087,3413,NREP8,COMPRA,406,154.8625,9.5664,2026-08-06 16:35:58,2026-08-06 16:35:58,2026-08-06 16:35:58
211088,2721,YFAH5,COMPRA,223,198.2444,12.3820,2026-08-06 17:14:27,2026-08-06 17:14:27,2026-08-06 17:14:27
211089,2956,MOLF3,COMPRA,465,58.6681,5.4840,2026-08-06 11:09:15,2026-08-06 11:09:16,2026-08-06 11:09:16
211090,3272,WHMT3,COMPRA,115,113.3771,2.3488,2026-08-06 13:31:17,2026-08-06 13:31:20,2026-08-06 13:31:20
211091,1980,MCHX2,COMPRA,293,90.7465,6.3278,2026-08-06 14:47:28,2026-08-06 14:47:28,2026-08-06 14:47:28
211092,2261,XPVA7,COMPRA,320,402.0993,5.1089,2026-08-06 10:20:46,2026-08-06 10:20:46,2026-08-06 10:20:46
211093,2073,LQML9,COMPRA,310,153.9075,9.9550,2026-08-06 12:05:30,2026-08-06 12:05:32,2026-08-06 12:05:32
211094,1971,WHMT3,COMPRA,180,95.3190,12.1282,2026-08-06 15:44:46,2026-08-06 15:44:47,2026-08-06 15:44:47
211095,1871,ZYVN7,COMPRA,270,80.7757,5.9673,2026-08-06 14:16:58,2026-08-06 14:16:59,2026-08-06 14:16:59
211096,1442,ENRZ2,COMPRA,344,121.3907,5.7188,2026-08-06 13:32:39,2026-08-06 13:32:40,2026-08-06 13:32:40
211097,1483,GAKD5,COMPRA,486,232.1243,9.7146,2026-08-06 11:45:46,2026-08-06 11:45:48,2026-08-06 11:45:48
211098,1581,MOLF3,COMPRA,410,49.1053,0.1707,2026-08-06 12:53:53,2026-08-06 12:53:54,2026-08-06 12:53:54
211099,1997,MGRR2,COMPRA,165,133.4107,6.0080,2026-08-06 14:58:54,2026-08-06 14:58:57,2026-08-06 14:58:57
211100,2765,LQML9,COMPRA,15,140.6911,10.0604,2026-08-06 17:13:32,2026-08-06 17:13:32,2026-08-06 17:13:32
211101,1881,BGNM6,COMPRA,160,113.7803,8.7462,2026-08-06 12:06:06,2026-08-06 12:06:08,2026-08-06 12:06:08
211102,2101,UVEY5,COMPRA,5,90.5195,3.8019,2026-08-06 10:55:50,2026-08-06 10:55:51,2026-08-06 10:55:51
211103,2418,QHFL8,COMPRA,485,118.4308,3.2107,2026-08-06 14:30:03,2026-08-06 14:30:03,2026-08-06 14:30:03
211104,1762,SRDU1,COMPRA,495,71.0804,4.1391,2026-08-06 12:54:27,2026-08-06 12:54:27,2026-08-06 12:54:27
211105,2450,GFDF2,COMPRA,130,82.1394,1.5381,2026-08-06 10:16:59,2026-08-06 10:17:02,2026-08-06 10:17:02
211106,2238,AYFQ2,COMPRA,392,12.4677,11.4343,2026-08-06 15:44:46,2026-08-06 15:44:48,2026-08-06 15:44:48
211107,1957,UQJU7,COMPRA,95,60.0000,11.7929,2026-08-06 10:45:06,2026-08-06 10:45:07,2026-08-06 10:45:07
211108,2131,IWAK1,COMPRA,325,81.3057,10.0008,2026-08-06 13:19:14,2026-08-06 13:19:16,2026-08-06 13:19:16
211109,2016,TNHT4,COMPRA,89,130.9592,11.1124,2026-08-06 11:10:03,2026-08-06 11:10:06,2026-08-06 11:10:06
211110,1607,YIHC3,COMPRA,30,48.8999,2.5060,2026-08-06 11:31:32,2026-08-06 11:31:34,2026-08-06 11:31:34
211111,2992,GAKD5,COMPRA,85,330.5906,10.4962,2026-08-06 12:58:18,2026-08-06 12:58:20,2026-08-06 12:58:20
211112,3089,BGNM6,COMPRA,485,120.0378,0.7310,2026-08-06 10:49:46,2026-08-06 10:49:47,2026-08-06 10:49:47
211113,2729,SGBG8,COMPRA,210,94.5566,0.0269,2026-08-06 16:33:49,2026-08-06 16:33:51,2026-08-06 16:33:51
211114,1568,OVYL9,COMPRA,30,73.1511,7.1453,2026-08-06 17:02:58,2026-08-06 17:02:59,2026-08-06 17:02:59
211115,2618,DSFC9,COMPRA,485,420.5082,9.0459,2026-08-06 13:25:27,2026-08-06 13:25:29,2026-08-06 13:25:29
211116,1181,GULD2,COMPRA,150,157.0025,2.5545,2026-08-06 11:23:38,2026-08-06 11:23:41,2026-08-06 11:23:41
211117,1022,QEUC2,COMPRA,45,158.1924,5.7690,2026-08-06 15:20:45,2026-08-06 15:20:47,2026-08-06 15:20:47
211118,1555,RSBT4,COMPRA,379,360.6686,12.5903,2026-08-06 16:24:19,2026-08-06 16:24:22,2026-08-06 16:24:22
211119,3316,NWGB4,COMPRA,230,122.2083,7.3232,2026-08-06 16:30:20,2026-08-06 16:30:22,2026-08-06 16:30:22
211120,1500,PSEN6,COMPRA,261,189.7609,3.6754,2026-08-06 10:16:19,2026-08-06 10:16:20,2026-08-06 10:16:20
211121,2683,LGKU6,COMPRA,475,81.2436,8.2560,2026-08-06 15:12:55,2026-08-06 15:12:58,2026-08-06 15:12:58
211122,1353,QHFL8,COMPRA,280,168.2052,10.6615,2026-08-06 16:13:44,2026-08-06 16:13:44,2026-08-06 16:13:44
211123,1197,IWAK1,COMPRA,30,74.3180,10.8978,2026-08-06 11:52:53,2026-08-06 11:52:53,2026-08-06 11:52:53
211124,1507,FYZB6,COMPRA,350,64.0871,12.7169,2026-08-06 15:17:52,2026-08-06 15:17:53,2026-08-06 15:17:53
211125,2880,UVEY5,COMPRA,400,81.5273,9.1638,2026-08-06 13:26:29,2026-08-06 13:26:30,2026-08-06 13:26:30
211126,3484,YCCK8,COMPRA,105,367.8960,11.3032,2026-08-06 16:07:02,2026-08-06 16:07:04,2026-08-06 16:07:04
211127,1428,HCLJ8,COMPRA,180,85.9294,4.4513,2026-08-06 15:38:28,2026-08-06 15:38:30,2026-08-06 15:38:30
211128,2933,TVCE9,COMPRA,300,65.9748,3.3416,2026-08-06 11:48:13,2026-08-06 11:48:13,2026-08-06 11:48:13
211129,2800,MJDL9,COMPRA,445,37.2182,6.8960,2026-08-06 14:08:39,2026-08-06 14:08:41,2026-08-06 14:08:41
211130,1928,OVUQ2,COMPRA,430,53.2253,0.7837,2026-08-06 14:30:36,2026-08-06 14:30:39,2026-08-06 14:30:39
211131,3364,DFGR7,COMPRA,75,119.9535,4.5163,2026-08-06 11:38:28,2026-08-06 11:38:29,2026-08-06 11:38:29
211132,1087,DEGN5,COMPRA,3,83.6328,0.6570,2026-08-06 11:24:46,2026-08-06 11:24:47,2026-08-06 11:24:47
211133,2817,KQEO3,COMPRA,225,89.0052,2.5659,2026-08-06 14:33:46,2026-08-06 14:33:49,2026-08-06 14:33:49
211134,1545,JIPA6,COMPRA,290,44.5036,3.8955,2026-08-06 12:00:28,2026-08-06 12:00:29,2026-08-06 12:00:29
211135,1658,ICSU4,COMPRA,240,123.2192,3.9882,2026-08-06 11:04:58,2026-08-06 11:04:58,2026-08-06 11:04:58
211136,3403,LGKU6,COMPRA,115,82.9265,2.9787,2026-08-06 14:05:38,2026-08-06 14:05:38,2026-08-06 14:05:38
211137,2433,UQIQ7,COMPRA,485,70.8232,4.7099,2026-08-06 13:06:39,2026-08-06 13:06:40,2026-08-06 13:06:40
211138,1623,FYZB6,COMPRA,370,58.4455,,2026-08-06 12:57:45,2026-08-06 12:57:45,2026-08-06 12:57:45
211139,1488,YYLA4,COMPRA,60,153.2619,3.9809,2026-08-06 17:23:20,2026-08-06 17:23:22,2026-08-06 17:23:22
211140,3028,NUJZ2,COMPRA,64,37.9853,9.1955,2026-08-06 12:06:28,2026-08-06 12:06:31,2026-08-06 12:06:31
211141,3390,ACSV1,COMPRA,170,114.1468,1.8226,2026-08-06 15:45:41,2026-08-06 15:45:43,2026-08-06 15:45:43
211142,2464,IWFI1,COMPRA,125,156.0475,4.3850,2026-08-06 12:28:24,2026-08-06 12:28:25,2026-08-06 12:28:25
211143,1670,RHXV4,COMPRA,455,57.3482,10.0268,2026-08-06 15:24:06,2026-08-06 15:24:08,2026-08-06 15:24:08
211144,1341,XAVL3,COMPRA,150,202.7418,6.9812,2026-08-06 15:25:21,2026-08-06 15:25:24,2026-08-06 15:25:24
211145,1123,IWAK1,COMPRA,390,81.7126,9.7624,2026-08-06 14:39:06,2026-08-06 14:39:08,2026-08-06 14:39:08
211146,2176,GKQC5,COMPRA,300,140.5320,1.2293,2026-08-06 16:15:35,2026-08-06 16:15:35,2026-08-06 16:15:35
211147,2031,VLEB3,COMPRA,109,391.4358,6.1672,2026-08-06 15:51:03,2026-08-06 15:51:05,2026-08-06 15:51:05
211148,1735,LCCH9,COMPRA,470,9.2385,0.6376,2026-08-06 14:41:07,2026-08-06 14:41:08,2026-08-06 14:41:08
211149,2401,KFSY2,COMPRA,221,105.5804,10.5008,2026-08-06 13:33:28,2026-08-06 13:33:28,2026-08-06 13:33:28
211150,1484,IWFI1,COMPRA,195,194.2734,10.3461,2026-08-06 16:31:13,2026-08-06 16:31:14,2026-08-06 16:31:14
211151,3016,TTHO3,COMPRA,10,27.4546,5.8134,2026-08-06 12:01:06,2026-08-06 12:01:09,2026-08-06 12:01:09
211152,3451,ZYVN7,COMPRA,420,64.9043,5.9437,2026-08-06 12:56:35,2026-08-06 12:56:37,2026-08-06 12:56:37
211153,2640,IWAK1,COMPRA,390,82.7456,9.2501,2026-08-06 10:42:27,2026-08-06 10:42:30,2026-08-06 10:42:30
211154,3463,UFMA7,COMPRA,375,190.3844,12.0357,2026-08-06 11:14:52,2026-08-06 11:14:53,2026-08-06 11:14:53
211155,1956,HVEX2,COMPRA,380,148.6135,1.8043,2026-08-06 12:17:20,2026-08-06 12:17:21,2026-08-06 12:17:21
211156,1558,DHRM5,COMPRA,32,360.0554,3.1799,2026-08-06 10:19:22,2026-08-06 10:19:25,2026-08-06 10:19:25
211157,2071,OEQA8,COMPRA,391,443.1871,4.0405,2026-08-06 13:10:31,2026-08-06 13:10:33,2026-08-06 13:10:33
211158,1633,QATW7,COMPRA,91,37.8588,8.4614,2026-08-06 13:24:41,2026-08-06 13:24:44,2026-08-06 13:24:44
211159,1722,YRWH3,COMPRA,26,212.5414,10.0659,2026-08-06 12:04:59,2026-08-06 12:05:02,2026-08-06 12:05:02
211160,2538,FYZB6,COMPRA,190,59.5387,10.0079,2026-08-06 15:24:21,2026-08-06 15:24:24,2026-08-06 15:24:24
211161,2626,QYBV3,COMPRA,460,68.9416,4.8136,2026-08-06 14:59:49,2026-08-06 14:59:50,2026-08-06 14:59:50
211162,1608,ECQD7,COMPRA,390,101.7041,9.6480,2026-08-06 13:21:14,2026-08-06 13:21:17,2026-08-06 13:21:17
211163,1970,TVCE9,COMPRA,25,68.9370,2.8782,2026-08-06 16:00:51,2026-08-06 16:00:54,2026-08-06 16:00:54
211164,2149,TBWG2,COMPRA,100,69.7288,1.0849,2026-08-06 10:58:20,2026-08-06 10:58:23,2026-08-06 10:58:23
211165,2756,XOVY4,COMPRA,364,91.3581,12.1202,2026-08-06 12:57:39,2026-08-06 12:57:41,2026-08-06 12:57:41
211166,1766,IZTY4,COMPRA,260,28.2121,1.6566,2026-08-06 11:15:03,2026-08-06 11:15:06,2026-08-06 11:15:06
211167,3443,LQML9,COMPRA,148,148.0490,1.3872,2026-08-06 15:08:33,2026-08-06 15:08:36,2026-08-06 15:08:36
211168,2894,NHYK8,COMPRA,155,69.2557,9.5354,2026-08-06 17:00:41,2026-08-06 17:00:42,2026-08-06 17:00:42
211169,1758,HCLJ8,COMPRA,125,123.7661,3.3225,2026-08-06 15:59:29,2026-08-06 15:59:29,2026-08-06 15:59:29
211170,3041,QTDZ2,COMPRA,498,54.8970,7.4559,2026-08-06 13:33:34,2026-08-06 13:33:36,2026-08-06 13:33:36
211171,1586,DEGN5,COMPRA,85,97.0030,7.0741,2026-08-06 13:51:33,2026-08-06 13:51:36,2026-08-06 13:51:36
211172,2061,DQSN6,COMPRA,275,116.2738,0.9438,2026-08-06 10:27:58,2026-08-06 10:28:00,2026-08-06 10:28:00
211173,1675,JUDG8,COMPRA,342,75.5662,0.0199,2026-08-06 10:14:58,2026-08-06 10:14:58,2026-08-06 10:14:58
211174,1130,GFDF2,COMPRA,260,70.6414,7.6694,2026-08-06 15:11:41,2026-08-06 15:11:41,2026-08-06 15:11:41
211175,2852,NPEM3,COMPRA,443,119.7552,10.8683,2026-08-06 13:46:05,2026-08-06 13:46:06,2026-08-06 13:46:06
211176,2470,YCCK8,COMPRA,45,349.4131,7.2455,2026-08-06 11:11:59,2026-08-06 11:11:59,2026-08-06 11:11:59
211177,1880,DHRM5,COMPRA,245,266.0983,1.9865,2026-08-06 12:52:51,2026-08-06 12:52:53,2026-08-06 12:52:53
211178,2188,YYLA4,COMPRA,243,174.2398,5.2835,2026-08-06 15:14:21,2026-08-06 15:14:24,2026-08-06 15:14:24
211179,2342,AAWB3,COMPRA,125,137.8705,7.6107,2026-08-06 17:12:59,2026-08-06 17:13:00,2026-08-06 17:13:00
211180,2407,SVOZ4,COMPRA,195,51.2540,8.7497,2026-08-06 11:06:55,2026-08-06 11:06:58,2026-08-06 11:06:58
211181,2991,TXHR8,COMPRA,430,74.5013,1.8402,2026-08-06 14:22:47,2026-08-06 14:22:47,2026-08-06 14:22:47
211182,1191,UYFJ9,COMPRA,355,86.9758,11.8118,2026-08-06 16:25:11,2026-08-06 16:25:13,2026-08-06 16:25:13
211183,2273,NYGT6,COMPRA,295,90.2702,1.2627,2026-08-06 13:50:27,2026-08-06 13:50:27,2026-08-06 13:50:27
211184,1927,BXFJ9,COMPRA,120,192.0743,10.7532,2026-08-06 15:40:10,2026-08-06 15:40:13,2026-08-06 15:40:13
211185,2609,FYZB6,COMPRA,60,60.8039,11.1037,2026-08-06 10:42:01,2026-08-06 10:42:01,2026-08-06 10:42:01
211186,2118,ENRZ2,COMPRA,293,122.4280,10.0179,2026-08-06 12:27:23,2026-08-06 12:27:25,2026-08-06 12:27:25
211187,2937,RSBT4,COMPRA,415,446.4198,2.1403,2026-08-06 13:59:05,2026-08-06 13:59:08,2026-08-06 13:59:08
211188,1510,WMQZ6,COMPRA,240,77.7769,0.2000,2026-08-06 13:16:25,2026-08-06 13:16:27,2026-08-06 13:16:27
211189,2709,SGBG8,COMPRA,240,100.8196,11.6699,2026-08-06 16:45:17,2026-08-06 16:45:19,2026-08-06 16:45:19
211190,3443,XOVY4,COMPRA,135,122.7217,1.5737,2026-08-06 15:09:21,2026-08-06 15:09:24,2026-08-06 15:09:24
211191,1305,CQIL9,COMPRA,390,42.6251,10.0400,2026-08-06 11:50:49,2026-08-06 11:50:49,2026-08-06 11:50:49
211192,1485,MCHX2,COMPRA,400,141.7548,9.1570,2026-08-06 17:01:40,2026-08-06 17:01:41,2026-08-06 17:01:41
211193,1117,PZUP8,COMPRA,55,149.6187,11.2362,2026-08-06 12:48:04,2026-08-06 12:48:05,2026-08-06 12:48:05
211194,1261,OXVD8,COMPRA,70,70.2710,2.6896,2026-08-06 11:19:42,2026-08-06 11:19:42,2026-08-06 11:19:42
211195,2535,FRGH8,COMPRA,155,62.5310,1.3740,2026-08-06 17:05:40,2026-08-06 17:05:40,2026-08-06 17:05:40
211196,2337,IWAK1,COMPRA,415,101.0869,0.1219,2026-08-06 10:16:12,2026-08-06 10:16:12,2026-08-06 10:16:12
211197,2003,UYFJ9,COMPRA,415,92.0823,8.5933,2026-08-06 14:46:49,2026-08-06 14:46:49,2026-08-06 14:46:49
211198,3293,LIEG8,COMPRA,80,99.6456,3.8776,2026-08-06 16:10:29,2026-08-06 16:10:31,2026-08-06 16:10:31
211199,3476,AYFQ2,COMPRA,185,9.8964,3.5097,2026-08-06 11:07:05,2026-08-06 11:07:05,2026-08-06 11:07:05
211200,3407,TXHR8,COMPRA,215,67.9615,7.0364,2026-08-06 10:06:18,2026-08-06 10:06:18,2026-08-06 10:06:18
211201,1397,CQIL9,COMPRA,20,39.0495,1.4170,2026-08-06 12:59:36,2026-08-06 12:59:38,2026-08-06 12:59:38
211202,1916,ENRZ2,COMPRA,440,89.0894,10.5459,2026-08-06 10:46:52,2026-08-06 10:46:53,2026-08-06 10:46:53
211203,1671,RMRT1,COMPRA,140,90.0357,11.5645,2026-08-06 10:16:46,2026-08-06 10:16:46,2026-08-06 10:16:46
211204,1473,FYZB6,COMPRA,255,82.2791,0.5417,2026-08-06 17:11:14,2026-08-06 17:11:16,2026-08-06 17:11:16
211205,1738,WXQM6,COMPRA,325,48.4444,10.9335,2026-08-06 15:20:57,2026-08-06 15:20:58,2026-08-06 15:20:58
211206,2825,GAKD5,COMPRA,372,298.1678,2.0176,2026-08-06 10:32:55,2026-08-06 10:32:57,2026-08-06 10:32:57
211207,1915,MGRR2,COMPRA,477,100.4249,12.0261,2026-08-06 13:01:13,2026-08-06 13:01:13,2026-08-06 13:01:13
211208,2058,QTDZ2,COMPRA,495,57.5138,1.0000,2026-08-06 16:49:34,2026-08-06 16:49:35,2026-08-06 16:49:35
211209,1537,NAOF3,COMPRA,25,65.0201,2.5824,2026-08-06 14:39:09,2026-08-06 14:39:10,2026-08-06 14:39:10
211210,2413,ACSV1,COMPRA,163,102.1087,7.6492,2026-08-06 15:49:22,2026-08-06 15:49:24,2026-08-06 15:49:24
211211,1055,RIET5,COMPRA,280,139.4329,3.6273,2026-08-06 15:46:03,2026-08-06 15:46:05,2026-08-06 15:46:05
211212,3114,LQML9,COMPRA,430,130.8426,1.2334,2026-08-06 15:18:56,2026-08-06 15:18:58,2026-08-06 15:18:58
211213,3144,NWGB4,COMPRA,155,145.6294,4.3145,2026-08-06 12:27:06,2026-08-06 12:27:07,2026-08-06 12:27:07
211214,2743,RIET5,COMPRA,190,127.9578,0.3114,2026-08-06 16:31:51,2026-08-06 16:31:53,2026-08-06 16:31:53
211215,3470,WXFC8,COMPRA,495,80.6478,12.2267,2026-08-06 10:05:37,2026-08-06 10:05:38,2026-08-06 10:05:38
211216,3350,ENRZ2,COMPRA,305,80.7472,3.1205,2026-08-06 10:00:50,2026-08-06 10:00:51,2026-08-06 10:00:51
211217,2483,UFIU3,COMPRA,165,75.4810,3.7260,2026-08-06 11:00:05,2026-08-06 11:00:05,2026-08-06 11:00:05
211218,1236,MCHX2,COMPRA,6,136.2766,1.2676,2026-08-06 13:47:44,2026-08-06 13:47:47,2026-08-06 13:47:47
211219,2584,MCHX2,COMPRA,300,138.2317,8.2752,2026-08-06 10:22:35,2026-08-06 10:22:37,2026-08-06 10:22:37
211220,2515,BOCS8,COMPRA,395,54.5557,8.3032,2026-08-06 16:19:22,2026-08-06 16:19:23,2026-08-06 16:19:23
211221,2004,QQQS1,COMPRA,430,21.5319,8.9606,2026-08-06 12:43:06,2026-08-06 12:43:06,2026-08-06 12:43:06
211222,2641,LQML9,COMPRA,295,157.7372,4.1646,2026-08-06 12:00:25,2026-08-06 12:00:28,2026-08-06 12:00:28
211223,2903,AAUA7,VENDA,165,128.5809,1.8842,2026-08-06 14:23:14,2026-08-06 14:23:16,2026-08-06 14:23:16
211224,1263,RFNS7,COMPRA,410,105.5094,7.9775,2026-08-06 16:28:46,2026-08-06 16:28:48,2026-08-06 16:28:48
211225,3416,NQYT3,COMPRA,215,71.4143,12.1362,2026-08-06 15:28:56,2026-08-06 15:28:59,2026-08-06 15:28:59
211226,2241,HJRH5,COMPRA,425,128.9248,3.8002,2026-08-06 10:44:52,2026-08-06 10:44:54,2026-08-06 10:44:54
211227,3092,WMQZ6,COMPRA,390,67.3363,2.9825,2026-08-06 15:54:47,2026-08-06 15:54:48,2026-08-06 15:54:48
211228,3239,DGBT6,COMPRA,105,88.3736,0.3934,2026-08-06 16:24:50,2026-08-06 16:24:52,2026-08-06 16:24:52
211229,2595,FYZB6,COMPRA,270,54.1929,10.5927,2026-08-06 17:29:30,2026-08-06 17:29:31,2026-08-06 17:29:31
211230,1778,SVOZ4,COMPRA,440,46.8641,2.8611,2026-08-06 10:04:16,2026-08-06 10:04:17,2026-08-06 10:04:17
211231,2508,NGIU9,COMPRA,174,101.8076,10.7778,2026-08-06 13:19:21,2026-08-06 13:19:22,2026-08-06 13:19:22
211232,1533,IPXK2,COMPRA,425,289.6901,0.1207,2026-08-06 13:06:24,2026-08-06 13:06:25,2026-08-06 13:06:25
211233,3181,UVEY5,COMPRA,320,106.1814,0.3756,2026-08-06 12:01:31,2026-08-06 12:01:31,2026-08-06 12:01:31
211234,2685,SVOZ4,COMPRA,243,35.0319,0.4331,2026-08-06 10:26:53,2026-08-06 10:26:55,2026-08-06 10:26:55
211235,1844,RSBT4,COMPRA,29,349.8740,3.9067,2026-08-06 11:55:59,2026-08-06 11:56:01,2026-08-06 11:56:01
211236,2167,KFSY2,COMPRA,165,122.2631,11.2135,2026-08-06 17:07:17,2026-08-06 17:07:20,2026-08-06 17:07:20
211237,3388,OXVD8,COMPRA,230,72.0347,1.0729,2026-08-06 16:25:57,2026-08-06 16:25:57,2026-08-06 16:25:57
211238,1334,RHXV4,COMPRA,10,56.5289,9.5531,2026-08-06 11:31:43,2026-08-06 11:31:43,2026-08-06 11:31:43
211239,1922,BGNM6,COMPRA,160,87.4261,10.7701,2026-08-06 10:39:13,2026-08-06 10:39:15,2026-08-06 10:39:15
211240,1660,PZUP8,COMPRA,260,188.5910,1.1215,2026-08-06 17:24:16,2026-08-06 17:24:18,2026-08-06 17:24:18
211241,2519,QEUC2,COMPRA,70,190.5251,10.2307,2026-08-06 13:39:31,2026-08-06 13:39:32,2026-08-06 13:39:32
211242,2144,GAKD5,COMPRA,465,345.8410,3.7765,2026-08-06 16:46:02,2026-08-06 16:46:03,2026-08-06 16:46:03
211243,3053,YCCK8,COMPRA,389,486.0882,1.3806,2026-08-06 14:08:38,2026-08-06 14:08:41,2026-08-06 14:08:41
211244,1029,DFGR7,COMPRA,147,111.2773,12.2440,2026-08-06 13:39:27,2026-08-06 13:39:29,2026-08-06 13:39:29
211245,2051,IPXK2,COMPRA,395,360.4795,12.4376,2026-08-06 17:23:27,2026-08-06 17:23:27,2026-08-06 17:23:27
211246,2902,NWGB4,COMPRA,500,119.3504,4.3542,2026-08-06 13:15:17,2026-08-06 13:15:17,2026-08-06 13:15:17
211247,2538,DSFC9,COMPRA,330,522.7326,3.0465,2026-08-06 15:41:47,2026-08-06 15:41:50,2026-08-06 15:41:50
211248,2773,JUDG8,COMPRA,35,78.1890,7.0184,2026-08-06 16:28:46,2026-08-06 16:28:46,2026-08-06 16:28:46
211249,1024,NHYK8,COMPRA,450,61.6421,8.6264,2026-08-06 12:29:48,2026-08-06 12:29:50,2026-08-06 12:29:50
211250,1864,ENRZ2,VENDA,87,119.6270,8.6351,2026-08-06 16:44:35,2026-08-06 16:44:38,2026-08-06 16:44:38
211251,1322,JIPA6,COMPRA,315,28.1692,0.0909,2026-08-06 16:53:39,2026-08-06 16:53:39,2026-08-06 16:53:39
211252,1841,GAKD5,COMPRA,300,252.2783,10.3967,2026-08-06 17:25:35,2026-08-06 17:25:37,2026-08-06 17:25:37
211253,3365,QTDZ2,COMPRA,205,50.6924,6.7466,2026-08-06 13:43:07,2026-08-06 13:43:10,2026-08-06 13:43:10
211254,3213,AAWB3,COMPRA,10,154.6333,12.1932,2026-08-06 14:07:58,2026-08-06 14:08:01,2026-08-06 14:08:01
211255,3225,UVEY5,COMPRA,10,92.9690,8.5327,2026-08-06 14:23:24,2026-08-06 14:23:25,2026-08-06 14:23:25
211256,1965,RIET5,COMPRA,315,109.8979,7.8651,2026-08-06 10:38:27,2026-08-06 10:38:27,2026-08-06 10:38:27
211257,3399,TXHR8,COMPRA,455,95.8920,1.9024,2026-08-06 12:38:08,2026-08-06 12:38:09,2026-08-06 12:38:09
211258,2448,JDJG6,COMPRA,210,81.4213,3.9192,2026-08-06 16:00:08,2026-08-06 16:00:09,2026-08-06 16:00:09
211259,2095,SUZL4,COMPRA,170,130.1294,5.2995,2026-08-06 10:21:27,2026-08-06 10:21:30,2026-08-06 10:21:30
211260,1952,MJDL9,COMPRA,490,39.0213,2.7115,2026-08-06 12:45:23,2026-08-06 12:45:23,2026-08-06 12:45:23
211261,2175,MJDL9,COMPRA,350,36.8616,7.1312,2026-08-06 14:28:57,2026-08-06 14:28:58,2026-08-06 14:28:58
211262,1608,ZFBT3,COMPRA,240,108.0700,4.6749,2026-08-06 12:50:52,2026-08-06 12:50:53,2026-08-06 12:50:53
211263,2039,LIEG8,COMPRA,80,122.2103,0.4240,2026-08-06 11:37:40,2026-08-06 11:37:40,2026-08-06 11:37:40
211264,3497,PSEN6,COMPRA,205,201.8243,1.5389,2026-08-06 14:42:41,2026-08-06 14:42:41,2026-08-06 14:42:41
211265,1325,QTDZ2,COMPRA,330,61.7079,11.7872,2026-08-06 11:56:22,2026-08-06 11:56:25,2026-08-06 11:56:25
211266,1724,AAUA7,COMPRA,465,125.5409,3.4382,2026-08-06 14:17:35,2026-08-06 14:17:35,2026-08-06 14:17:35
211267,1381,CQJZ4,COMPRA,30,103.6040,6.5116,2026-08-06 12:52:26,2026-08-06 12:52:29,2026-08-06 12:52:29
211268,2744,YFAH5,COMPRA,345,186.9807,8.0223,2026-08-06 14:13:02,2026-08-06 14:13:02,2026-08-06 14:13:02
211269,2799,OXVD8,COMPRA,340,82.9894,7.4247,2026-08-06 11:37:07,2026-08-06 11:37:09,2026-08-06 11:37:09
211270,2112,QATW7,COMPRA,340,42.6011,0.4343,2026-08-06 12:02:33,2026-08-06 12:02:35,2026-08-06 12:02:35
211271,1925,BOCS8,COMPRA,435,64.4308,4.6494,2026-08-06 10:14:17,2026-08-06 10:14:19,2026-08-06 10:14:19
211272,1937,LIEG8,COMPRA,331,85.6588,7.2121,2026-08-06 17:17:04,2026-08-06 17:17:04,2026-08-06 17:17:04
211273,3077,ZAAS7,COMPRA,235,327.3409,10.1483,2026-08-06 14:16:53,2026-08-06 14:16:56,2026-08-06 14:16:56
211274,3219,DQSN6,COMPRA,315,111.2752,12.7038,2026-08-06 14:14:58,2026-08-06 14:14:59,2026-08-06 14:14:59
211275,1451,ZFBT3,COMPRA,365,80.4812,5.9539,2026-08-06 11:13:10,2026-08-06 11:13:10,2026-08-06 11:13:10
211276,3460,UCHR6,COMPRA,47,484.6058,0.2833,2026-08-06 16:19:31,2026-08-06 16:19:33,2026-08-06 16:19:33
211277,3283,UQJU7,COMPRA,418,62.4236,1.4880,2026-08-06 11:23:25,2026-08-06 11:23:26,2026-08-06 11:23:26
211278,2453,YOWA1,VENDA,160,57.7539,4.2864,2026-08-06 16:00:58,2026-08-06 16:01:01,2026-08-06 16:01:01
211279,1517,BXFJ9,COMPRA,200,135.4833,8.7002,2026-08-06 15:04:23,2026-08-06 15:04:24,2026-08-06 15:04:24
211280,2674,DEGN5,COMPRA,300,71.2409,2.9721,2026-08-06 17:20:17,2026-08-06 17:20:17,2026-08-06 17:20:17
211281,3308,DSFC9,COMPRA,270,503.8504,9.8235,2026-08-06 13:11:52,2026-08-06 13:11:55,2026-08-06 13:11:55
211282,2362,XAVL3,COMPRA,100,158.0767,1.6089,2026-08-06 13:32:48,2026-08-06 13:32:49,2026-08-06 13:32:49
211283,1885,GAKD5,COMPRA,415,310.5798,10.4578,2026-08-06 15:08:00,2026-08-06 15:08:01,2026-08-06 15:08:01
211284,1249,RHXV4,COMPRA,287,74.7688,2.5236,2026-08-06 10:15:12,2026-08-06 10:15:13,2026-08-06 10:15:13
211285,2950,WMQZ6,COMPRA,305,80.7854,5.8890,2026-08-06 10:48:06,2026-08-06 10:48:09,2026-08-06 10:48:09
211286,2815,OXVD8,COMPRA,330,74.5058,8.7618,2026-08-06 17:04:29,2026-08-06 17:04:30,2026-08-06 17:04:30
211287,2633,YIHC3,COMPRA,325,72.2717,1.5137,2026-08-06 12:18:31,2026-08-06 12:18:31,2026-08-06 12:18:31
211288,1933,IWFI1,COMPRA,380,173.3004,9.2769,2026-08-06 11:35:44,2026-08-06 11:35:47,2026-08-06 11:35:47
211289,1243,FRGH8,COMPRA,220,82.7900,3.1113,2026-08-06 11:34:08,2026-08-06 11:34:08,2026-08-06 11:34:08
211290,1437,GFDF2,COMPRA,130,101.3321,1.9437,2026-08-06 10:52:20,2026-08-06 10:52:22,2026-08-06 10:52:22
211291,1579,TXHR8,COMPRA,125,90.6797,10.2279,2026-08-06 13:41:38,2026-08-06 13:41:40,2026-08-06 13:41:40
211292,1775,KFSY2,COMPRA,390,94.6365,6.8526,2026-08-06 11:24:55,2026-08-06 11:24:57,2026-08-06 11:24:57
211293,1621,BXFJ9,COMPRA,400,152.0161,1.9490,2026-08-06 10:10:24,2026-08-06 10:10:24,2026-08-06 10:10:24
211294,2499,TTHO3,COMPRA,425,38.5601,7.9322,2026-08-06 12:09:38,2026-08-06 12:09:38,2026-08-06 12:09:38
211295,2578,IPXK2,COMPRA,235,315.2182,10.2658,2026-08-06 10:36:46,2026-08-06 10:36:49,2026-08-06 10:36:49
211296,2016,BXFJ9,COMPRA,35,178.9592,7.3597,2026-08-06 10:46:28,2026-08-06 10:46:30,2026-08-06 10:46:30
211297,2220,SRDU1,COMPRA,145,77.8959,8.5516,2026-08-06 10:54:32,2026-08-06 10:54:35,2026-08-06 10:54:35
211298,1535,QTHQ1,COMPRA,455,23.4931,7.5467,2026-08-06 10:13:08,2026-08-06 10:13:09,2026-08-06 10:13:09
211299,2279,BXFJ9,COMPRA,465,178.8765,4.2613,2026-08-06 14:21:46,2026-08-06 14:21:47,2026-08-06 14:21:47
211300,1812,SVOZ4,COMPRA,80,38.6613,2.5017,2026-08-06 14:04:34,2026-08-06 14:04:36,2026-08-06 14:04:36
211301,1092,YFAH5,COMPRA,235,184.5313,10.1114,2026-08-06 10:50:13,2026-08-06 10:50:13,2026-08-06 10:50:13
211302,3345,MJDL9,COMPRA,140,26.5769,11.9878,2026-08-06 17:07:26,2026-08-06 17:07:28,2026-08-06 17:07:28
211303,2457,HCLJ8,COMPRA,255,87.7501,9.2357,2026-08-06 14:43:33,2026-08-06 14:43:33,2026-08-06 14:43:33
211304,1522,PZUP8,COMPRA,220,159.9456,2.4040,2026-08-06 16:15:45,2026-08-06 16:15:48,2026-08-06 16:15:48
211305,1078,XAVL3,COMPRA,255,150.9699,0.4518,2026-08-06 11:14:59,2026-08-06 11:15:00,2026-08-06 11:15:00
211306,3432,QTDZ2,COMPRA,65,39.5049,3.9769,2026-08-06 10:30:56,2026-08-06 10:30:59,2026-08-06 10:30:59
211307,3490,UVEY5,COMPRA,420,84.7493,2.1447,2026-08-06 14:26:47,2026-08-06 14:26:48,2026-08-06 14:26:48
211308,2496,OVYL9,COMPRA,155,60.0000,10.4070,2026-08-06 14:02:38,2026-08-06 14:02:41,2026-08-06 14:02:41
211309,1264,YFAH5,COMPRA,435,165.2243,7.4251,2026-08-06 13:09:09,2026-08-06 13:09:12,2026-08-06 13:09:12
211310,1110,NGIU9,COMPRA,15,81.8079,2.3764,2026-08-06 15:47:52,2026-08-06 15:47:52,2026-08-06 15:47:52
211311,2065,NUJZ2,COMPRA,450,41.1038,6.8268,2026-08-06 16:01:42,2026-08-06 16:01:44,2026-08-06 16:01:44
211312,2522,TTHO3,COMPRA,332,31.5812,5.8641,2026-08-06 13:35:29,2026-08-06 13:35:30,2026-08-06 13:35:30
211313,2813,XPVA7,COMPRA,461,483.4906,11.4272,2026-08-06 11:03:51,2026-08-06 11:03:51,2026-08-06 11:03:51
211314,2434,XAVL3,COMPRA,6,213.1567,8.3645,2026-08-06 13:33:34,2026-08-06 13:33:37,2026-08-06 13:33:37
211315,2358,BSDJ7,COMPRA,20,187.5743,11.9179,2026-08-06 10:08:01,2026-08-06 10:08:03,2026-08-06 10:08:03
211316,2443,YIHC3,COMPRA,475,75.9991,2.2745,2026-08-06 15:52:20,2026-08-06 15:52:22,2026-08-06 15:52:22
211317,2686,ZAAS7,COMPRA,75,321.5363,10.1683,2026-08-06 16:44:22,2026-08-06 16:44:24,2026-08-06 16:44:24
211318,1770,ZHTL2,COMPRA,5,53.8607,0.4525,2026-08-06 13:13:47,2026-08-06 13:13:47,2026-08-06 13:13:47
211319,3408,RFNS7,COMPRA,355,67.6957,5.0952,2026-08-06 13:51:16,2026-08-06 13:51:18,2026-08-06 13:51:18
211320,3367,BGNM6,COMPRA,200,125.8349,2.7886,2026-08-06 12:43:51,2026-08-06 12:43:51,2026-08-06 12:43:51
211321,1714,CQIL9,COMPRA,360,35.4893,2.1455,2026-08-06 15:38:23,2026-08-06 15:38:26,2026-08-06 15:38:26
211322,2718,LQML9,VENDA,255,140.3028,12.3410,2026-08-06 10:14:06,2026-08-06 10:14:09,2026-08-06 10:14:09
211323,1566,RHXV4,COMPRA,395,74.2168,0.6437,2026-08-06 17:27:49,2026-08-06 17:27:50,2026-08-06 17:27:50
211324,2996,OEQA8,COMPRA,480,383.8826,9.7354,2026-08-06 10:28:01,2026-08-06 10:28:02,2026-08-06 10:28:02
211325,3252,UFMA7,COMPRA,54,140.7514,8.0436,2026-08-06 12:02:39,2026-08-06 12:02:39,2026-08-06 12:02:39
211326,1541,OEQA8,COMPRA,265,384.0211,2.1982,2026-08-06 12:17:05,2026-08-06 12:17:08,2026-08-06 12:17:08
211327,2237,NAOF3,COMPRA,145,78.3123,2.8956,2026-08-06 15:44:20,2026-08-06 15:44:22,2026-08-06 15:44:22
211328,1981,KHGP6,COMPRA,269,107.6152,7.7577,2026-08-06 16:38:12,2026-08-06 16:38:13,2026-08-06 16:38:13
211329,2897,XAVL3,COMPRA,335,181.3030,0.3006,2026-08-06 14:53:29,2026-08-06 14:53:31,2026-08-06 14:53:31
211330,2450,XAVL3,COMPRA,370,216.7172,0.0637,2026-08-06 14:25:01,2026-08-06 14:25:04,2026-08-06 14:25:04
211331,1618,OEQA8,COMPRA,130,368.2108,1.7068,2026-08-06 17:12:55,2026-08-06 17:12:57,2026-08-06 17:12:57
211332,3002,KFSY2,COMPRA,490,102.5996,7.3054,2026-08-06 12:14:19,2026-08-06 12:14:21,2026-08-06 12:14:21
211333,1879,SRDU1,COMPRA,290,91.2356,7.6996,2026-08-06 14:52:08,2026-08-06 14:52:09,2026-08-06 14:52:09
211334,3159,QEUC2,COMPRA,45,208.1840,4.2720,2026-08-06 13:06:36,2026-08-06 13:06:38,2026-08-06 13:06:38
211335,2913,QYBV3,COMPRA,435,64.6136,12.4465,2026-08-06 16:26:43,2026-08-06 16:26:46,2026-08-06 16:26:46
211336,1671,DMTZ8,COMPRA,500,168.7963,4.5675,2026-08-06 15:07:09,2026-08-06 15:07:10,2026-08-06 15:07:10
211337,2326,ACSV1,COMPRA,3,75.5557,0.5280,2026-08-06 15:02:29,2026-08-06 15:02:29,2026-08-06 15:02:29
211338,2490,AYFQ2,COMPRA,105,9.1602,9.9088,2026-08-06 12:28:04,2026-08-06 12:28:06,2026-08-06 12:28:06
211339,1378,ECQD7,COMPRA,90,76.8996,8.3731,2026-08-06 11:40:47,2026-08-06 11:40:48,2026-08-06 11:40:48
211340,2693,NHYK8,COMPRA,45,75.1763,4.6220,2026-08-06 16:10:58,2026-08-06 16:10:59,2026-08-06 16:10:59
211341,1276,GULD2,COMPRA,129,106.1078,12.7501,2026-08-06 13:07:02,2026-08-06 13:07:05,2026-08-06 13:07:05
211342,2848,SUZL4,COMPRA,60,145.7490,4.8600,2026-08-06 15:36:51,2026-08-06 15:36:54,2026-08-06 15:36:54
211343,1902,YFAH5,COMPRA,380,127.2007,6.2101,2026-08-06 15:33:41,2026-08-06 15:33:44,2026-08-06 15:33:44
211344,3143,UQIQ7,COMPRA,460,77.1597,11.2211,2026-08-06 10:31:49,2026-08-06 10:31:52,2026-08-06 10:31:52
211345,2385,GKQC5,COMPRA,110,124.1568,8.3720,2026-08-06 12:07:00,2026-08-06 12:07:02,2026-08-06 12:07:02
211346,3307,JIPR4,COMPRA,360,37.9151,3.4787,2026-08-06 12:26:17,2026-08-06 12:26:19,2026-08-06 12:26:19
211347,2144,BSDJ7,COMPRA,100,272.9459,10.8207,2026-08-06 12:39:51,2026-08-06 12:39:51,2026-08-06 12:39:51
211348,2687,UFMA7,COMPRA,495,146.4562,3.7710,2026-08-06 13:05:55,2026-08-06 13:05:55,2026-08-06 13:05:55
211349,3167,NUJZ2,COMPRA,270,36.2860,5.2550,2026-08-06 11:17:33,2026-08-06 11:17:36,2026-08-06 11:17:36
211350,1234,PSEN6,COMPRA,65,196.5511,8.0361,2026-08-06 14:29:24,2026-08-06 14:29:26,2026-08-06 14:29:26
211351,1775,UVEY5,COMPRA,85,73.3413,10.7734,2026-08-06 14:22:20,2026-08-06 14:22:21,2026-08-06 14:22:21
211352,2225,LIEG8,COMPRA,55,91.0460,10.3727,2026-08-06 12:48:02,2026-08-06 12:48:05,2026-08-06 12:48:05
211353,3040,CQIL9,COMPRA,205,32.0506,8.2783,2026-08-06 11:23:53,2026-08-06 11:23:56,2026-08-06 11:23:56
211354,2372,DSFC9,COMPRA,445,370.7335,4.9323,2026-08-06 10:39:45,2026-08-06 10:39:46,2026-08-06 10:39:46
211355,3380,QTDZ2,COMPRA,100,51.3672,0.1337,2026-08-06 12:56:40,2026-08-06 12:56:40,2026-08-06 12:56:40
211356,2042,YYLA4,COMPRA,285,211.8377,0.7636,2026-08-06 10:28:20,2026-08-06 10:28:20,2026-08-06 10:28:20
211357,2495,XOVY4,COMPRA,180,108.4941,4.1472,2026-08-06 10:32:05,2026-08-06 10:32:08,2026-08-06 10:32:08
211358,3057,XPVA7,COMPRA,380,475.4977,8.7527,2026-08-06 12:58:24,2026-08-06 12:58:25,2026-08-06 12:58:25
211359,2833,WHMT3,COMPRA,360,95.8978,7.0334,2026-08-06 12:54:26,2026-08-06 12:54:26,2026-08-06 12:54:26
211360,2779,HJRH5,COMPRA,430,170.9010,8.9340,2026-08-06 14:00:52,2026-08-06 14:00:55,2026-08-06 14:00:55
211361,1623,ZYVN7,COMPRA,10,79.3195,0.3097,2026-08-06 13:09:22,2026-08-06 13:09:25,2026-08-06 13:09:25
211362,1557,UYFJ9,COMPRA,340,120.1213,3.8213,2026-08-06 14:50:41,2026-08-06 14:50:41,2026-08-06 14:50:41
211363,1224,ERTC4,COMPRA,365,37.1060,9.7410,2026-08-06 17:19:18,2026-08-06 17:19:18,2026-08-06 17:19:18
211364,3375,QTDZ2,COMPRA,20,45.3710,10.1412,2026-08-06 10:33:40,2026-08-06 10:33:43,2026-08-06 10:33:43
211365,2258,UFIU3,COMPRA,395,107.2507,6.1797,2026-08-06 13:06:47,2026-08-06 13:06:50,2026-08-06 13:06:50
211366,3288,PZUP8,COMPRA,490,167.1109,4.0395,2026-08-06 16:59:39,2026-08-06 16:59:42,2026-08-06 16:59:42
211367,3111,WIPB2,COMPRA,175,101.4529,10.5118,2026-08-06 16:00:37,2026-08-06 16:00:38,2026-08-06 16:00:38
211368,2868,KHGP6,COMPRA,385,73.0053,5.0315,2026-08-06 12:50:46,2026-08-06 12:50:47,2026-08-06 12:50:47
211369,3131,TXHR8,COMPRA,230,96.5746,2.3614,2026-08-06 14:41:55,2026-08-06 14:41:57,2026-08-06 14:41:57
211370,1859,QTDZ2,COMPRA,180,56.1543,6.5689,2026-08-06 13:53:13,2026-08-06 13:53:13,2026-08-06 13:53:13
211371,2382,VLEB3,COMPRA,470,486.5617,9.3797,2026-08-06 12:13:17,2026-08-06 12:13:20,2026-08-06 12:13:20
211372,2036,RYPL6,COMPRA,300,103.3278,12.6549,2026-08-06 15:30:55,2026-08-06 15:30:55,2026-08-06 15:30:55
211373,2729,MCMT2,COMPRA,425,78.9694,0.0073,2026-08-06 11:32:35,2026-08-06 11:32:36,2026-08-06 11:32:36
211374,1800,WHMT3,COMPRA,386,136.5000,5.6104,2026-08-06 16:28:26,2026-08-06 16:28:26,2026-08-06 16:28:26
211375,2694,BOCS8,COMPRA,220,60.1005,0.0734,2026-08-06 12:01:08,2026-08-06 12:01:08,2026-08-06 12:01:08
211376,1297,FIUW1,COMPRA,200,94.4364,5.6531,2026-08-06 10:54:39,2026-08-06 10:54:40,2026-08-06 10:54:40
211377,3257,GULD2,COMPRA,380,144.1868,4.7356,2026-08-06 12:19:33,2026-08-06 12:19:33,2026-08-06 12:19:33
211378,2584,DGBT6,COMPRA,295,113.8745,8.6253,2026-08-06 17:12:45,2026-08-06 17:12:47,2026-08-06 17:12:47
211379,2137,TVCE9,VENDA,60,66.6149,2.3389,2026-08-06 10:34:00,2026-08-06 10:34:02,2026-08-06 10:34:02
211380,1134,YRWH3,COMPRA,205,221.5475,1.3595,2026-08-06 12:12:37,2026-08-06 12:12:39,2026-08-06 12:12:39
211381,2217,JIPA6,COMPRA,469,45.3646,11.1159,2026-08-06 10:24:14,2026-08-06 10:24:16,2026-08-06 10:24:16
211382,2928,TBWG2,COMPRA,345,92.3595,0.6069,2026-08-06 12:22:47,2026-08-06 12:22:47,2026-08-06 12:22:47
211383,3022,ENRZ2,COMPRA,155,77.4819,2.2482,2026-08-06 14:16:58,2026-08-06 14:16:59,2026-08-06 14:16:59
211384,1028,HJRH5,COMPRA,285,179.8132,3.5437,2026-08-06 15:41:50,2026-08-06 15:41:50,2026-08-06 15:41:50
211385,2619,RSBT4,COMPRA,340,424.2506,7.3819,2026-08-06 17:10:14,2026-08-06 17:10:14,2026-08-06 17:10:14
211386,2685,LIEG8,COMPRA,363,75.9257,2.5475,2026-08-06 14:26:06,2026-08-06 14:26:09,2026-08-06 14:26:09
211387,2222,DSFC9,COMPRA,70,515.0599,5.4008,2026-08-06 14:46:31,2026-08-06 14:46:31,2026-08-06 14:46:31
211388,1437,ZYVN7,COMPRA,225,71.0300,11.4664,2026-08-06 14:02:24,2026-08-06 14:02:26,2026-08-06 14:02:26
211389,2048,TNHT4,COMPRA,490,102.2018,5.3057,2026-08-06 10:01:03,2026-08-06 10:01:04,2026-08-06 10:01:04
211390,2016,BXFJ9,VENDA,20,164.9043,1.5668,2026-08-06 16:56:44,2026-08-06 16:56:47,2026-08-06 16:56:47
211391,1183,ICSU4,COMPRA,70,135.1739,2.1809,2026-08-06 17:03:27,2026-08-06 17:03:29,2026-08-06 17:03:29
211392,1993,JIPR4,COMPRA,95,38.2827,1.0989,2026-08-06 12:08:48,2026-08-06 12:08:48,2026-08-06 12:08:48
211393,2127,HJRH5,COMPRA,310,127.0466,6.2312,2026-08-06 17:05:39,2026-08-06 17:05:40,2026-08-06 17:05:40
211394,1610,DGBT6,COMPRA,125,90.9278,5.9234,2026-08-06 10:46:50,2026-08-06 10:46:51,2026-08-06 10:46:51
211395,2040,MCMT2,COMPRA,265,103.7929,2.8527,2026-08-06 14:39:53,2026-08-06 14:39:56,2026-08-06 14:39:56
211396,2484,ZAAS7,COMPRA,290,371.8042,8.9626,2026-08-06 11:15:24,2026-08-06 11:15:25,2026-08-06 11:15:25
211397,2234,SUZL4,COMPRA,445,154.6004,5.3220,2026-08-06 14:07:59,2026-08-06 14:08:02,2026-08-06 14:08:02
211398,1347,BGNM6,COMPRA,315,117.1760,10.6382,2026-08-06 13:40:23,2026-08-06 13:40:25,2026-08-06 13:40:25
211399,1745,LIEG8,COMPRA,175,96.3257,7.4835,2026-08-06 10:33:21,2026-08-06 10:33:22,2026-08-06 10:33:22
211400,2942,TXHR8,COMPRA,240,102.9343,8.4330,2026-08-06 12:59:09,2026-08-06 12:59:09,2026-08-06 12:59:09
211401,2540,KQEO3,COMPRA,37,77.6581,3.8406,2026-08-06 13:06:18,2026-08-06 13:06:20,2026-08-06 13:06:20
211402,1725,PSEN6,COMPRA,280,231.7860,1.9423,2026-08-06 13:17:39,2026-08-06 13:17:41,2026-08-06 13:17:41
211403,1262,WHMT3,VENDA,390,108.5964,2.8454,2026-08-06 16:53:37,2026-08-06 16:53:37,2026-08-06 16:53:37
211404,1505,RIET5,COMPRA,165,174.6183,1.4424,2026-08-06 17:13:43,2026-08-06 17:13:45,2026-08-06 17:13:45
211405,1073,KQEO3,COMPRA,440,65.9857,4.0245,2026-08-06 14:16:41,2026-08-06 14:16:42,2026-08-06 14:16:42
211406,2617,WXQM6,COMPRA,65,37.2991,3.8952,2026-08-06 10:31:28,2026-08-06 10:31:31,2026-08-06 10:31:31
211407,2469,IJJK3,COMPRA,65,129.0373,2.5528,2026-08-06 13:14:54,2026-08-06 13:14:56,2026-08-06 13:14:56
211408,3275,DMTZ8,COMPRA,260,153.1422,9.2913,2026-08-06 13:49:17,2026-08-06 13:49:17,2026-08-06 13:49:17
211409,1039,DGBT6,COMPRA,314,105.2263,5.6500,2026-08-06 10:43:20,2026-08-06 10:43:20,2026-08-06 10:43:20
211410,1142,NAOF3,COMPRA,5,49.1296,4.5532,2026-08-06 12:30:39,2026-08-06 12:30:40,2026-08-06 12:30:40
211411,2891,GAKD5,COMPRA,430,353.3052,7.9294,2026-08-06 12:46:32,2026-08-06 12:46:33,2026-08-06 12:46:33
211412,2524,IPXK2,COMPRA,296,285.8905,0.4069,2026-08-06 10:44:44,2026-08-06 10:44:45,2026-08-06 10:44:45
211413,1443,JDJG6,COMPRA,135,74.8391,9.9050,2026-08-06 11:45:57,2026-08-06 11:45:58,2026-08-06 11:45:58
211414,2471,ACSV1,VENDA,238,113.7439,12.2878,2026-08-06 17:27:12,2026-08-06 17:27:12,2026-08-06 17:27:12
211415,3294,IWAK1,COMPRA,120,77.3828,6.6242,2026-08-06 13:20:09,2026-08-06 13:20:11,2026-08-06 13:20:11
211416,2314,OEQA8,COMPRA,158,512.9069,4.1315,2026-08-06 14:04:37,2026-08-06 14:04:37,2026-08-06 14:04:37
211417,2379,UYFJ9,COMPRA,485,107.9639,0.4388,2026-08-06 11:36:57,2026-08-06 11:37:00,2026-08-06 11:37:00
211418,2409,HJRH5,COMPRA,255,186.6967,6.1415,2026-08-06 16:41:45,2026-08-06 16:41:48,2026-08-06 16:41:48
211419,2741,JUDG8,COMPRA,160,68.6558,8.6626,2026-08-06 11:12:12,2026-08-06 11:12:13,2026-08-06 11:12:13
211420,2870,QHFL8,COMPRA,500,120.0596,0.4819,2026-08-06 15:20:33,2026-08-06 15:20:33,2026-08-06 15:20:33
211421,1726,FRGH8,COMPRA,75,60.0000,6.1749,2026-08-06 11:53:47,2026-08-06 11:53:47,2026-08-06 11:53:47
211422,1854,IPXK2,COMPRA,146,238.1201,5.3890,2026-08-06 17:05:07,2026-08-06 17:05:09,2026-08-06 17:05:09
211423,1579,QTHQ1,COMPRA,295,24.1105,9.0637,2026-08-06 15:27:52,2026-08-06 15:27:53,2026-08-06 15:27:53
211424,1825,WXQM6,COMPRA,295,38.4165,11.2157,2026-08-06 12:41:18,2026-08-06 12:41:20,2026-08-06 12:41:20
211425,2054,FIUW1,COMPRA,15,84.4097,8.4104,2026-08-06 10:41:00,2026-08-06 10:41:00,2026-08-06 10:41:00
211426,3380,NQYT3,COMPRA,165,63.7894,4.5827,2026-08-06 10:02:13,2026-08-06 10:02:13,2026-08-06 10:02:13
211427,1218,OVUQ2,COMPRA,500,57.8394,1.8200,2026-08-06 10:07:03,2026-08-06 10:07:06,2026-08-06 10:07:06
211428,1126,IPXK2,COMPRA,450,236.5024,10.3226,2026-08-06 15:50:17,2026-08-06 15:50:19,2026-08-06 15:50:19
211429,2090,MOLF3,COMPRA,335,62.9769,5.1217,2026-08-06 15:59:53,2026-08-06 15:59:53,2026-08-06 15:59:53
211430,2411,RHXV4,COMPRA,191,51.1076,0.1026,2026-08-06 17:09:19,2026-08-06 17:09:19,2026-08-06 17:09:19
211431,3174,NGIU9,COMPRA,470,99.0498,3.5479,2026-08-06 16:07:27,2026-08-06 16:07:30,2026-08-06 16:07:30
211432,3156,WMQZ6,COMPRA,345,94.4642,4.4463,2026-08-06 10:23:16,2026-08-06 10:23:17,2026-08-06 10:23:17
211433,1660,BXFJ9,COMPRA,180,190.7266,9.5649,2026-08-06 10:01:02,2026-08-06 10:01:04,2026-08-06 10:01:04
211434,2945,ZYVN7,COMPRA,470,82.4113,2.5356,2026-08-06 17:16:52,2026-08-06 17:16:52,2026-08-06 17:16:52
211435,1814,DSFC9,COMPRA,475,508.7376,1.2087,2026-08-06 12:10:32,2026-08-06 12:10:33,2026-08-06 12:10:33
211436,1406,DEGN5,COMPRA,210,82.8310,9.2677,2026-08-06 13:46:12,2026-08-06 13:46:13,2026-08-06 13:46:13
211437,2681,PSEN6,COMPRA,55,152.3630,11.6102,2026-08-06 12:00:14,2026-08-06 12:00:14,2026-08-06 12:00:14
211438,1878,QTHQ1,COMPRA,50,27.8416,4.3158,2026-08-06 13:57:36,2026-08-06 13:57:38,2026-08-06 13:57:38
211439,2874,NAOF3,COMPRA,417,72.3561,11.9771,2026-08-06 13:33:11,2026-08-06 13:33:11,2026-08-06 13:33:11
211440,2631,QTDZ2,COMPRA,295,49.5685,10.7559,2026-08-06 12:19:26,2026-08-06 12:19:26,2026-08-06 12:19:26
211441,3196,KQEO3,COMPRA,45,59.8440,10.7999,2026-08-06 15:30:48,2026-08-06 15:30:49,2026-08-06 15:30:49
211442,2842,LIEG8,COMPRA,30,97.7045,11.5555,2026-08-06 16:52:03,2026-08-06 16:52:06,2026-08-06 16:52:06
211443,3398,UQJU7,COMPRA,480,60.0000,4.9697,2026-08-06 12:09:14,2026-08-06 12:09:14,2026-08-06 12:09:14
211444,1478,RSBT4,COMPRA,50,493.7549,8.3234,2026-08-06 14:35:46,2026-08-06 14:35:49,2026-08-06 14:35:49
211445,1329,UYFJ9,COMPRA,175,88.2407,7.5866,2026-08-06 13:51:32,2026-08-06 13:51:32,2026-08-06 13:51:32
211446,2508,OVYL9,COMPRA,215,60.0000,6.9251,2026-08-06 16:31:50,2026-08-06 16:31:51,2026-08-06 16:31:51
211447,2421,FRGH8,COMPRA,185,78.7569,12.5687,2026-08-06 16:27:23,2026-08-06 16:27:24,2026-08-06 16:27:24
211448,2024,FRGH8,COMPRA,105,61.4799,8.6369,2026-08-06 12:10:15,2026-08-06 12:10:17,2026-08-06 12:10:17
211449,2244,YFAH5,COMPRA,150,170.5246,1.6558,2026-08-06 11:32:32,2026-08-06 11:32:34,2026-08-06 11:32:34
211450,1467,LCCH9,COMPRA,81,6.5269,4.9007,2026-08-06 10:43:15,2026-08-06 10:43:16,2026-08-06 10:43:16
211451,2817,YOWA1,COMPRA,495,62.6203,9.2960,2026-08-06 10:28:34,2026-08-06 10:28:34,2026-08-06 10:28:34
211452,1150,WMQZ6,COMPRA,245,75.7892,11.9875,2026-08-06 12:53:30,2026-08-06 12:53:31,2026-08-06 12:53:31
211453,2041,TXHR8,COMPRA,120,72.0215,12.0966,2026-08-06 10:16:38,2026-08-06 10:16:39,2026-08-06 10:16:39
211454,3292,SUZL4,COMPRA,295,131.0468,4.0177,2026-08-06 12:59:05,2026-08-06 12:59:08,2026-08-06 12:59:08
211455,1431,BOCS8,COMPRA,105,67.8839,0.5794,2026-08-06 16:56:05,2026-08-06 16:56:05,2026-08-06 16:56:05
211456,2620,KFSY2,COMPRA,175,124.2793,2.9503,2026-08-06 16:16:26,2026-08-06 16:16:26,2026-08-06 16:16:26
211457,2854,ZFBT3,COMPRA,22,113.5724,9.7240,2026-08-06 14:36:26,2026-08-06 14:36:26,2026-08-06 14:36:26
211458,3281,UQJU7,COMPRA,465,81.1680,9.2695,2026-08-06 13:21:49,2026-08-06 13:21:50,2026-08-06 13:21:50
211459,1228,BOCS8,COMPRA,37,55.3213,4.6745,2026-08-06 15:20:11,2026-08-06 15:20:13,2026-08-06 15:20:13
211460,2865,RMRT1,COMPRA,491,121.2379,6.8510,2026-08-06 17:28:57,2026-08-06 17:28:58,2026-08-06 17:28:58
211461,3337,LQML9,COMPRA,160,126.4987,5.7129,2026-08-06 13:22:43,2026-08-06 13:22:43,2026-08-06 13:22:43
211462,3513,NWGB4,COMPRA,390,101.8767,10.2557,2026-08-06 11:59:05,2026-08-06 11:59:07,2026-08-06 11:59:07
211463,1529,DGBT6,COMPRA,160,99.4821,12.2991,2026-08-06 16:35:52,2026-08-06 16:35:52,2026-08-06 16:35:52
211464,2938,NREP8,COMPRA,21,94.5837,1.2704,2026-08-06 13:55:43,2026-08-06 13:55:44,2026-08-06 13:55:44
211465,1407,ZFBT3,COMPRA,37,125.0754,7.0089,2026-08-06 11:18:35,2026-08-06 11:18:37,2026-08-06 11:18:37
211466,2245,IWFI1,COMPRA,5,137.3411,11.1652,2026-08-06 11:06:30,2026-08-06 11:06:33,2026-08-06 11:06:33
211467,3220,GFDF2,COMPRA,23,94.2109,3.3659,2026-08-06 11:04:24,2026-08-06 11:04:27,2026-08-06 11:04:27
211468,2343,TNHT4,COMPRA,205,134.0640,12.3363,2026-08-06 14:03:54,2026-08-06 14:03:56,2026-08-06 14:03:56
211469,3143,QTDZ2,COMPRA,30,54.7823,10.9960,2026-08-06 15:44:21,2026-08-06 15:44:24,2026-08-06 15:44:24
211470,3053,ZHTL2,COMPRA,330,72.5907,8.3001,2026-08-06 17:25:11,2026-08-06 17:25:11,2026-08-06 17:25:11
211471,2211,HCLJ8,COMPRA,360,138.3272,1.7515,2026-08-06 15:25:47,2026-08-06 15:25:50,2026-08-06 15:25:50
211472,1826,YYLA4,COMPRA,465,219.8151,11.1972,2026-08-06 16:15:51,2026-08-06 16:15:54,2026-08-06 16:15:54
211473,3375,ECQD7,COMPRA,25,97.3874,3.1302,2026-08-06 10:51:13,2026-08-06 10:51:16,2026-08-06 10:51:16
211474,3095,SVOZ4,COMPRA,95,50.6970,12.2436,2026-08-06 14:47:07,2026-08-06 14:47:07,2026-08-06 14:47:07
211475,1805,ERTC4,COMPRA,215,57.4268,9.9390,2026-08-06 15:04:58,2026-08-06 15:04:58,2026-08-06 15:04:58
211476,1928,EEYY9,COMPRA,445,152.5919,7.5418,2026-08-06 16:09:45,2026-08-06 16:09:48,2026-08-06 16:09:48
211477,2417,IZTY4,COMPRA,172,30.8979,5.0103,2026-08-06 12:22:32,2026-08-06 12:22:33,2026-08-06 12:22:33
211478,3071,MCHX2,COMPRA,25,107.0612,8.9429,2026-08-06 11:07:05,2026-08-06 11:07:08,2026-08-06 11:07:08
211479,1432,UCHR6,COMPRA,405,325.0365,1.0243,2026-08-06 10:23:43,2026-08-06 10:23:44,2026-08-06 10:23:44
211480,1450,HCZM2,COMPRA,90,376.8652,1.2076,2026-08-06 14:53:52,2026-08-06 14:53:55,2026-08-06 14:53:55
211481,1867,NGIU9,COMPRA,21,109.6473,4.8830,2026-08-06 14:55:54,2026-08-06 14:55:56,2026-08-06 14:55:56
211482,2952,WHMT3,VENDA,330,93.7513,5.5087,2026-08-06 14:49:46,2026-08-06 14:49:48,2026-08-06 14:49:48
211483,1089,ERTC4,COMPRA,485,46.5346,5.1528,2026-08-06 13:51:58,2026-08-06 13:51:59,2026-08-06 13:51:59
211484,3252,JDJG6,COMPRA,323,70.4509,,2026-08-06 13:49:49,2026-08-06 13:49:51,2026-08-06 13:49:51
211485,1181,RDOA3,COMPRA,230,96.8782,0.6019,2026-08-06 13:22:36,2026-08-06 13:22:37,2026-08-06 13:22:37
211486,2781,RSBT4,COMPRA,415,335.5203,8.4658,2026-08-06 15:00:08,2026-08-06 15:00:11,2026-08-06 15:00:11
211487,2669,AAUA7,COMPRA,410,140.6131,9.8825,2026-08-06 16:48:51,2026-08-06 16:48:51,2026-08-06 16:48:51
211488,1205,ERTC4,COMPRA,430,45.6926,9.5700,2026-08-06 13:45:14,2026-08-06 13:45:17,2026-08-06 13:45:17
211489,2184,WXQM6,COMPRA,470,58.1738,10.0332,2026-08-06 11:48:48,2026-08-06 11:48:48,2026-08-06 11:48:48
211490,2634,NHYK8,COMPRA,181,67.2928,4.1757,2026-08-06 13:44:34,2026-08-06 13:44:34,2026-08-06 13:44:34
211491,3387,UYFJ9,COMPRA,405,96.6390,4.9840,2026-08-06 15:34:41,2026-08-06 15:34:42,2026-08-06 15:34:42
211492,2290,QYBV3,COMPRA,190,88.1845,4.9660,2026-08-06 10:50:09,2026-08-06 10:50:12,2026-08-06 10:50:12
211493,2551,UQIQ7,COMPRA,199,63.9110,7.5612,2026-08-06 15:10:48,2026-08-06 15:10:49,2026-08-06 15:10:49
211494,2601,OXVD8,COMPRA,495,98.2430,11.3039,2026-08-06 10:15:27,2026-08-06 10:15:27,2026-08-06 10:15:27
211495,2607,LCCH9,COMPRA,415,8.5553,9.9801,2026-08-06 14:47:18,2026-08-06 14:47:19,2026-08-06 14:47:19
211496,2308,YFAH5,COMPRA,380,174.8893,9.7959,2026-08-06 16:41:46,2026-08-06 16:41:48,2026-08-06 16:41:48
211497,2166,NPEM3,COMPRA,448,96.9200,4.2506,2026-08-06 10:41:51,2026-08-06 10:41:51,2026-08-06 10:41:51
211498,1480,RIET5,COMPRA,250,114.1760,8.9712,2026-08-06 12:13:58,2026-08-06 12:13:59,2026-08-06 12:13:59
211499,2082,TXHR8,COMPRA,225,75.1990,9.1540,2026-08-06 15:24:13,2026-08-06 15:24:15,2026-08-06 15:24:15
211500,2442,UFIU3,COMPRA,250,79.4999,6.4033,2026-08-06 15:41:49,2026-08-06 15:41:50,2026-08-06 15:41:50
211501,1314,XTVW5,COMPRA,175,86.3760,0.7897,2026-08-06 10:28:16,2026-08-06 10:28:16,2026-08-06 10:28:16
211502,3189,UQIQ7,COMPRA,405,66.0206,10.2613,2026-08-06 17:01:52,2026-08-06 17:01:54,2026-08-06 17:01:54
211503,2193,PQUT9,COMPRA,255,89.2997,5.5911,2026-08-06 11:51:29,2026-08-06 11:51:31,2026-08-06 11:51:31
211504,1890,IZTY4,COMPRA,316,31.0510,10.9664,2026-08-06 17:05:53,2026-08-06 17:05:54,2026-08-06 17:05:54
211505,3124,EEYY9,COMPRA,50,135.6263,5.2327,2026-08-06 17:06:42,2026-08-06 17:06:42,2026-08-06 17:06:42
211506,1677,ZFBT3,COMPRA,490,91.4754,6.4071,2026-08-06 15:30:01,2026-08-06 15:30:03,2026-08-06 15:30:03
211507,1715,QQQS1,COMPRA,145,25.0357,8.8718,2026-08-06 11:22:43,2026-08-06 11:22:43,2026-08-06 11:22:43
211508,2524,BGNM6,COMPRA,190,113.4244,9.2457,2026-08-06 14:32:19,2026-08-06 14:32:19,2026-08-06 14:32:19
211509,2290,IZTY4,COMPRA,10,31.5580,5.2317,2026-08-06 14:03:10,2026-08-06 14:03:12,2026-08-06 14:03:12
211510,2441,JDJG6,COMPRA,335,56.4107,5.4382,2026-08-06 17:20:10,2026-08-06 17:20:11,2026-08-06 17:20:11
211511,2865,WMQZ6,COMPRA,22,69.1279,0.9977,2026-08-06 17:06:47,2026-08-06 17:06:47,2026-08-06 17:06:47
211512,3502,NQYT3,COMPRA,485,68.1494,9.2425,2026-08-06 14:03:30,2026-08-06 14:03:33,2026-08-06 14:03:33
211513,1750,RFNS7,VENDA,350,98.1022,1.7077,2026-08-06 12:29:54,2026-08-06 12:29:55,2026-08-06 12:29:55
211514,2172,RIET5,COMPRA,360,141.6813,9.7953,2026-08-06 10:45:52,2026-08-06 10:45:52,2026-08-06 10:45:52
211515,3082,LIEG8,COMPRA,195,78.8786,3.2349,2026-08-06 13:09:32,2026-08-06 13:09:35,2026-08-06 13:09:35
211516,1928,BXFJ9,COMPRA,240,141.8250,0.0024,2026-08-06 13:34:06,2026-08-06 13:34:07,2026-08-06 13:34:07
211517,1629,XPVA7,COMPRA,475,534.9452,7.7158,2026-08-06 13:28:16,2026-08-06 13:28:16,2026-08-06 13:28:16
211518,1811,FRGH8,COMPRA,190,92.3370,12.1301,2026-08-06 13:40:48,2026-08-06 13:40:49,2026-08-06 13:40:49
211519,2421,KQEO3,COMPRA,10,74.6316,9.3449,2026-08-06 11:17:00,2026-08-06 11:17:02,2026-08-06 11:17:02
211520,2581,IWFI1,COMPRA,35,156.1699,10.3705,2026-08-06 13:38:43,2026-08-06 13:38:46,2026-08-06 13:38:46
211521,1317,TNHT4,COMPRA,435,147.1685,0.9232,2026-08-06 13:22:46,2026-08-06 13:22:47,2026-08-06 13:22:47
211522,1168,MGRR2,VENDA,470,158.3747,0.3201,2026-08-06 11:18:19,2026-08-06 11:18:20,2026-08-06 11:18:20
211523,1338,WXFC8,COMPRA,280,68.8743,12.1512,2026-08-06 14:44:34,2026-08-06 14:44:37,2026-08-06 14:44:37
211524,1925,YCCK8,COMPRA,300,342.6044,4.8916,2026-08-06 16:48:28,2026-08-06 16:48:31,2026-08-06 16:48:31
211525,1856,DQSN6,COMPRA,354,112.1488,2.9339,2026-08-06 14:01:27,2026-08-06 14:01:30,2026-08-06 14:01:30
211526,3032,CQIL9,COMPRA,85,43.1452,5.1347,2026-08-06 10:26:05,2026-08-06 10:26:08,2026-08-06 10:26:08
211527,2666,TTHO3,COMPRA,68,31.6298,0.4548,2026-08-06 15:17:23,2026-08-06 15:17:25,2026-08-06 15:17:25
211528,1558,IPXK2,COMPRA,201,234.9396,1.7939,2026-08-06 16:07:21,2026-08-06 16:07:24,2026-08-06 16:07:24
211529,3493,MCMT2,COMPRA,474,115.7050,6.5041,2026-08-06 15:48:57,2026-08-06 15:48:59,2026-08-06 15:48:59
211530,1771,MOLF3,COMPRA,220,49.6398,4.9939,2026-08-06 11:33:33,2026-08-06 11:33:36,2026-08-06 11:33:36
211531,1157,UFMA7,COMPRA,220,185.6720,8.0707,2026-08-06 14:20:17,2026-08-06 14:20:17,2026-08-06 14:20:17
211532,1005,WXQM6,COMPRA,185,41.0127,3.4152,2026-08-06 15:38:55,2026-08-06 15:38:56,2026-08-06 15:38:56
211533,1661,MCHX2,COMPRA,435,97.2710,10.7680,2026-08-06 10:17:33,2026-08-06 10:17:36,2026-08-06 10:17:36
211534,2346,CQIL9,COMPRA,155,29.7115,9.6943,2026-08-06 11:25:09,2026-08-06 11:25:09,2026-08-06 11:25:09
211535,3138,CQJZ4,COMPRA,275,96.1419,11.6213,2026-08-06 14:44:51,2026-08-06 14:44:53,2026-08-06 14:44:53
211536,1361,NUJZ2,COMPRA,485,26.8803,6.3770,2026-08-06 13:57:53,2026-08-06 13:57:55,2026-08-06 13:57:55
211537,3505,QYBV3,COMPRA,295,84.8154,1.5700,2026-08-06 17:26:02,2026-08-06 17:26:02,2026-08-06 17:26:02
211538,3315,PQUT9,COMPRA,135,101.1469,0.4689,2026-08-06 13:10:22,2026-08-06 13:10:24,2026-08-06 13:10:24
211539,2871,PZUP8,COMPRA,10,187.4034,6.7666,2026-08-06 17:02:19,2026-08-06 17:02:22,2026-08-06 17:02:22
211540,1933,JUDG8,COMPRA,270,103.9938,7.0978,2026-08-06 12:29:35,2026-08-06 12:29:38,2026-08-06 12:29:38
211541,2762,PSEN6,COMPRA,170,178.7733,8.2313,2026-08-06 11:36:49,2026-08-06 11:36:50,2026-08-06 11:36:50
211542,1966,XLZM9,COMPRA,429,54.3277,3.2838,2026-08-06 11:53:18,2026-08-06 11:53:19,2026-08-06 11:53:19
211543,1176,PSEN6,COMPRA,210,176.8628,10.8876,2026-08-06 10:54:19,2026-08-06 10:54:19,2026-08-06 10:54:19
211544,2385,NUJZ2,COMPRA,470,38.5259,6.9193,2026-08-06 14:54:39,2026-08-06 14:54:39,2026-08-06 14:54:39
211545,3126,UCHR6,COMPRA,155,483.4320,5.7259,2026-08-06 12:22:13,2026-08-06 12:22:15,2026-08-06 12:22:15
211546,3166,IZTY4,COMPRA,225,34.4440,9.0388,2026-08-06 10:22:35,2026-08-06 10:22:38,2026-08-06 10:22:38
211547,1709,BXFJ9,COMPRA,98,141.4069,10.1411,2026-08-06 17:18:25,2026-08-06 17:18:27,2026-08-06 17:18:27
211548,1887,NREP8,COMPRA,130,137.9222,1.3050,2026-08-06 10:24:53,2026-08-06 10:24:56,2026-08-06 10:24:56
211549,1250,QEUC2,COMPRA,260,166.4092,3.8976,2026-08-06 11:24:00,2026-08-06 11:24:03,2026-08-06 11:24:03
211550,2996,GULD2,COMPRA,459,128.9394,12.8081,2026-08-06 11:31:04,2026-08-06 11:31:04,2026-08-06 11:31:04
211551,1996,SVOZ4,COMPRA,55,44.1904,0.0300,2026-08-06 11:07:31,2026-08-06 11:07:32,2026-08-06 11:07:32
211552,1831,GULD2,COMPRA,470,111.9782,1.5301,2026-08-06 13:32:45,2026-08-06 13:32:48,2026-08-06 13:32:48
211553,3278,WXQM6,COMPRA,77,38.3967,9.0711,2026-08-06 14:57:09,2026-08-06 14:57:11,2026-08-06 14:57:11
211554,1027,ZAAS7,COMPRA,415,328.9965,10.3762,2026-08-06 14:02:09,2026-08-06 14:02:11,2026-08-06 14:02:11
211555,2593,AAWB3,COMPRA,125,217.6415,6.6340,2026-08-06 15:02:19,2026-08-06 15:02:21,2026-08-06 15:02:21
211556,3104,GULD2,COMPRA,335,163.4004,10.0671,2026-08-06 11:39:15,2026-08-06 11:39:15,2026-08-06 11:39:15
211557,2407,PBZM6,COMPRA,455,53.5308,11.5025,2026-08-06 14:17:41,2026-08-06 14:17:43,2026-08-06 14:17:43
211558,1998,KFSY2,COMPRA,25,121.4341,4.5739,2026-08-06 12:38:44,2026-08-06 12:38:46,2026-08-06 12:38:46
211559,1946,AYFQ2,COMPRA,476,10.8968,0.7617,2026-08-06 11:51:08,2026-08-06 11:51:08,2026-08-06 11:51:08
211560,3332,FIUW1,COMPRA,325,117.1107,10.3668,2026-08-06 15:13:50,2026-08-06 15:13:52,2026-08-06 15:13:52
211561,1193,XTVW5,COMPRA,287,123.3301,12.4313,2026-08-06 13:57:24,2026-08-06 13:57:27,2026-08-06 13:57:27
211562,2258,ZYVN7,COMPRA,288,70.5700,12.3527,2026-08-06 17:12:07,2026-08-06 17:12:08,2026-08-06 17:12:08
211563,1149,MCMT2,COMPRA,185,103.7599,4.9918,2026-08-06 13:43:08,2026-08-06 13:43:09,2026-08-06 13:43:09
211564,2645,ECQD7,COMPRA,363,89.8977,8.2315,2026-08-06 13:21:30,2026-08-06 13:21:31,2026-08-06 13:21:31
211565,2107,QTHQ1,COMPRA,175,23.2182,6.9238,2026-08-06 13:05:53,2026-08-06 13:05:54,2026-08-06 13:05:54
211566,1163,UFIU3,COMPRA,254,85.7005,5.5153,2026-08-06 15:32:31,2026-08-06 15:32:33,2026-08-06 15:32:33
211567,1855,SGBG8,COMPRA,310,82.3506,4.4585,2026-08-06 16:10:11,2026-08-06 16:10:12,2026-08-06 16:10:12
211568,1005,JDJG6,COMPRA,200,74.1860,2.9606,2026-08-06 16:11:41,2026-08-06 16:11:44,2026-08-06 16:11:44
211569,2384,GKQC5,COMPRA,375,107.9703,5.3677,2026-08-06 14:31:54,2026-08-06 14:31:56,2026-08-06 14:31:56
211570,3090,RFNS7,COMPRA,330,73.6315,7.0488,2026-08-06 15:17:15,2026-08-06 15:17:18,2026-08-06 15:17:18
211571,3193,IPXK2,COMPRA,175,380.9311,3.8231,2026-08-06 17:10:38,2026-08-06 17:10:39,2026-08-06 17:10:39
211572,1444,MOLF3,COMPRA,31,61.7090,12.4074,2026-08-06 11:26:41,2026-08-06 11:26:44,2026-08-06 11:26:44
211573,3222,NPEM3,COMPRA,195,114.1199,9.8949,2026-08-06 10:44:40,2026-08-06 10:44:43,2026-08-06 10:44:43
211574,1486,NWGB4,COMPRA,65,132.6347,7.2236,2026-08-06 17:23:39,2026-08-06 17:23:42,2026-08-06 17:23:42
211575,2075,PQUT9,COMPRA,495,87.1299,11.5672,2026-08-06 13:34:29,2026-08-06 13:34:31,2026-08-06 13:34:31
211576,2274,NYGT6,COMPRA,54,84.2579,5.5169,2026-08-06 16:17:20,2026-08-06 16:17:23,2026-08-06 16:17:23
211577,2924,NWGB4,COMPRA,225,115.6994,9.3711,2026-08-06 14:40:41,2026-08-06 14:40:44,2026-08-06 14:40:44
211578,2646,ECQD7,COMPRA,215,94.7819,11.9564,2026-08-06 13:05:13,2026-08-06 13:05:15,2026-08-06 13:05:15
211579,2831,UQIQ7,COMPRA,315,63.7109,2.1329,2026-08-06 15:59:29,2026-08-06 15:59:31,2026-08-06 15:59:31
211580,3497,YCCK8,COMPRA,90,481.4781,8.3649,2026-08-06 12:16:04,2026-08-06 12:16:07,2026-08-06 12:16:07
211581,3108,NREP8,COMPRA,5,116.0739,0.3975,2026-08-06 11:46:54,2026-08-06 11:46:56,2026-08-06 11:46:56
211582,3276,DEGN5,COMPRA,465,75.6536,9.0480,2026-08-06 11:15:08,2026-08-06 11:15:10,2026-08-06 11:15:10
211583,1989,FRGH8,COMPRA,355,68.6078,4.8702,2026-08-06 10:10:26,2026-08-06 10:10:27,2026-08-06 10:10:27
211584,3273,DFGR7,COMPRA,420,111.2986,0.8464,2026-08-06 13:19:33,2026-08-06 13:19:33,2026-08-06 13:19:33
211585,1642,HVEX2,COMPRA,207,130.9050,6.7555,2026-08-06 14:44:44,2026-08-06 14:44:46,2026-08-06 14:44:46
211586,2114,UVEY5,COMPRA,210,79.7067,10.9486,2026-08-06 11:19:26,2026-08-06 11:19:28,2026-08-06 11:19:28
211587,3513,SRDU1,COMPRA,385,102.2347,10.6903,2026-08-06 10:53:46,2026-08-06 10:53:47,2026-08-06 10:53:47
211588,2933,MGRR2,COMPRA,196,135.5016,2.8360,2026-08-06 12:16:22,2026-08-06 12:16:25,2026-08-06 12:16:25
211589,3060,QTHQ1,COMPRA,449,27.8628,1.0369,2026-08-06 13:36:25,2026-08-06 13:36:25,2026-08-06 13:36:25
211590,1361,NWGB4,COMPRA,60,98.8101,12.6842,2026-08-06 11:23:10,2026-08-06 11:23:13,2026-08-06 11:23:13
