id_transacao,id_conta,ticker,tipo_operacao,quantidade,preco_unitario,taxa_corretagem,data_operacao,created_at,updated_at
206761,3416,SVOZ4,COMPRA,332,40.4680,8.0357,2026-08-05 13:41:45,2026-08-05 13:41:46,2026-08-05 13:41:46
206762,2828,RSBT4,COMPRA,320,336.4221,7.8711,2026-08-05 13:39:55,2026-08-05 13:39:57,2026-08-05 13:39:57
206763,1543,QEUC2,COMPRA,215,148.9565,5.7821,2026-08-05 17:04:11,2026-08-05 17:04:12,2026-08-05 17:04:12
206764,1193,FYZB6,COMPRA,425,66.4493,2.7448,2026-08-05 15:50:59,2026-08-05 15:51:02,2026-08-05 15:51:02
206765,1850,YYLA4,COMPRA,55,181.0738,3.3751,2026-08-05 14:02:43,2026-08-05 14:02:46,2026-08-05 14:02:46
206766,1011,YRWH3,COMPRA,46,212.5302,9.8465,2026-08-05 17:02:46,2026-08-05 17:02:47,2026-08-05 17:02:47
206767,1116,BXFJ9,COMPRA,260,130.6675,5.4091,2026-08-05 15:19:56,2026-08-05 15:19:57,2026-08-05 15:19:57
206768,2829,JUDG8,COMPRA,55,78.7410,1.9101,2026-08-05 11:14:17,2026-08-05 11:14:19,2026-08-05 11:14:19
206769,1987,TXHR8,COMPRA,425,88.4303,8.8014,2026-08-05 11:31:59,2026-08-05 11:32:00,2026-08-05 11:32:00
206770,1986,RYPL6,COMPRA,170,80.4853,8.9986,2026-08-05 16:30:20,2026-08-05 16:30:21,2026-08-05 16:30:21
206771,1147,ECQD7,VENDA,385,77.1826,5.7178,2026-08-05 14:55:39,2026-08-05 14:55:40,2026-08-05 14:55:40
206772,1611,YFAH5,COMPRA,150,130.2533,8.1246,2026-08-05 13:47:50,2026-08-05 13:47:50,2026-08-05 13:47:50
206773,1951,XLZM9,COMPRA,325,62.8963,3.2894,2026-08-05 14:44:07,2026-08-05 14:44:09,2026-08-05 14:44:09
206774,2265,SGBG8,COMPRA,455,87.3995,4.3443,2026-08-05 15:33:57,2026-08-05 15:33:57,2026-08-05 15:33:57
206775,2154,IWFI1,COMPRA,270,188.8812,2.1296,2026-08-05 12:20:56,2026-08-05 12:20:58,2026-08-05 12:20:58
206776,2853,LCCH9,COMPRA,420,7.8868,6.2095,2026-08-05 13:12:48,2026-08-05 13:12:48,2026-08-05 13:12:48
206777,2308,DEGN5,COMPRA,205,72.1939,11.8450,2026-08-05 11:59:24,2026-08-05 11:59:26,2026-08-05 11:59:26
206778,1220,RHXV4,COMPRA,90,61.4847,11.6575,2026-08-05 16:15:38,2026-08-05 16:15:41,2026-08-05 16:15:41
206779,3030,VLEB3,COMPRA,345,426.4014,4.7914,2026-08-05 13:02:51,2026-08-05 13:02:52,2026-08-05 13:02:52
206780,2662,LCCH9,COMPRA,275,6.5509,,2026-08-05 14:29:03,2026-08-05 14:29:04,2026-08-05 14:29:04
206781,1515,SVOZ4,VENDA,40,48.0284,11.4918,2026-08-05 10:19:12,2026-08-05 10:19:14,2026-08-05 10:19:14
206782,1891,WMQZ6,COMPRA,430,68.1779,10.0445,2026-08-05 10:06:33,2026-08-05 10:06:33,2026-08-05 10:06:33
206783,1488,HCLJ8,COMPRA,195,114.3634,3.7223,2026-08-05 12:43:38,2026-08-05 12:43:38,2026-08-05 12:43:38
206784,1147,DQSN6,COMPRA,260,127.6998,11.9608,2026-08-05 11:40:16,2026-08-05 11:40:18,2026-08-05 11:40:18
206785,2262,NQYT3,COMPRA,500,73.6794,7.7756,2026-08-05 10:44:20,2026-08-05 10:44:23,2026-08-05 10:44:23
206786,1399,LGKU6,COMPRA,424,65.5411,2.9009,2026-08-05 14:50:04,2026-08-05 14:50:05,2026-08-05 14:50:05
206787,1255,RIET5,COMPRA,165,175.4436,9.8265,2026-08-05 15:31:47,2026-08-05 15:31:47,2026-08-05 15:31:47
206788,3161,IJJK3,COMPRA,126,108.4294,5.1753,2026-08-05 17:01:43,2026-08-05 17:01:44,2026-08-05 17:01:44
206789,1209,TVCE9,COMPRA,245,83.5889,6.9469,2026-08-05 15:30:14,2026-08-05 15:30:14,2026-08-05 15:30:14
206790,2071,DMTZ8,COMPRA,421,135.7305,1.8987,2026-08-05 14:53:58,2026-08-05 14:53:59,2026-08-05 14:53:59
206791,1034,DQSN6,COMPRA,280,121.7803,2.1468,2026-08-05 11:05:50,2026-08-05 11:05:50,2026-08-05 11:05:50
206792,2602,HCZM2,COMPRA,180,453.0149,11.3861,2026-08-05 16:12:24,2026-08-05 16:12:26,2026-08-05 16:12:26
206793,2110,MCMT2,COMPRA,135,118.5566,10.2661,2026-08-05 12:03:06,2026-08-05 12:03:09,2026-08-05 12:03:09
206794,1549,PQUT9,COMPRA,250,81.1684,10.5188,2026-08-05 15:18:15,2026-08-05 15:18:18,2026-08-05 15:18:18
206795,2810,RSBT4,COMPRA,440,490.6338,3.2041,2026-08-05 15:47:54,2026-08-05 15:47:56,2026-08-05 15:47:56
206796,1579,RDOA3,COMPRA,290,105.3233,8.7787,2026-08-05 15:04:17,2026-08-05 15:04:18,2026-08-05 15:04:18
206797,2447,YFAH5,COMPRA,135,161.7810,9.4398,2026-08-05 11:42:54,2026-08-05 11:42:55,2026-08-05 11:42:55
206798,2507,BOCS8,COMPRA,435,76.4464,12.2931,2026-08-05 14:18:11,2026-08-05 14:18:13,2026-08-05 14:18:13
206799,2705,RDOA3,COMPRA,490,111.7537,12.6984,2026-08-05 16:59:33,2026-08-05 16:59:33,2026-08-05 16:59:33
206800,3290,QHFL8,COMPRA,105,156.6327,12.7338,2026-08-05 12:43:59,2026-08-05 12:43:59,2026-08-05 12:43:59
206801,2828,RIET5,COMPRA,290,153.5752,12.8550,2026-08-05 13:59:15,2026-08-05 13:59:16,2026-08-05 13:59:16
206802,1778,AAWB3,COMPRA,385,180.7716,8.2978,2026-08-05 11:24:09,2026-08-05 11:24:11,2026-08-05 11:24:11
206803,2069,RYPL6,COMPRA,190,69.9569,5.6597,2026-08-05 17:28:54,2026-08-05 17:28:57,2026-08-05 17:28:57
206804,2153,SVOZ4,COMPRA,495,53.2069,8.4626,2026-08-05 12:22:01,2026-08-05 12:22:03,2026-08-05 12:22:03
206805,1509,RYPL6,COMPRA,360,108.0616,11.0470,2026-08-05 10:09:11,2026-08-05 10:09:12,2026-08-05 10:09:12
206806,1701,MCMT2,VENDA,115,113.7241,8.5491,2026-08-05 11:49:45,2026-08-05 11:49:45,2026-08-05 11:49:45
206807,1008,OVUQ2,COMPRA,300,41.0258,,2026-08-05 14:45:50,2026-08-05 14:45:50,2026-08-05 14:45:50
206808,3325,OVYL9,COMPRA,225,69.8663,11.0478,2026-08-05 17:11:17,2026-08-05 17:11:20,2026-08-05 17:11:20
206809,1534,ZAAS7,COMPRA,415,321.7036,4.8743,2026-08-05 14:08:16,2026-08-05 14:08:18,2026-08-05 14:08:18
206810,2417,RDOA3,COMPRA,475,83.6054,8.8511,2026-08-05 11:29:20,2026-08-05 11:29:20,2026-08-05 11:29:20
206811,2908,UCHR6,COMPRA,495,378.8307,9.4731,2026-08-05 10:49:12,2026-08-05 10:49:14,2026-08-05 10:49:14
206812,3480,NQYT3,COMPRA,369,64.1532,0.3127,2026-08-05 12:52:08,2026-08-05 12:52:09,2026-08-05 12:52:09
206813,3193,HCZM2,COMPRA,300,545.3305,5.9765,2026-08-05 14:15:50,2026-08-05 14:15:51,2026-08-05 14:15:51
206814,2565,JJVW6,COMPRA,495,139.9375,4.6179,2026-08-05 14:17:58,2026-08-05 14:17:58,2026-08-05 14:17:58
206815,2973,ZHTL2,COMPRA,155,67.8679,11.9783,2026-08-05 12:12:38,2026-08-05 12:12:40,2026-08-05 12:12:40
206816,2449,AAWB3,COMPRA,365,168.6584,0.6982,2026-08-05 12:42:12,2026-08-05 12:42:14,2026-08-05 12:42:14
206817,2763,RFNS7,COMPRA,152,86.5812,8.2827,2026-08-05 13:17:09,2026-08-05 13:17:10,2026-08-05 13:17:10
206818,2983,QHFL8,COMPRA,85,139.1184,8.6377,2026-08-05 14:26:48,2026-08-05 14:26:49,2026-08-05 14:26:49
206819,2424,QTDZ2,COMPRA,15,40.7150,7.7434,2026-08-05 14:47:37,2026-08-05 14:47:37,2026-08-05 14:47:37
206820,2488,ZAAS7,COMPRA,185,477.5485,12.1755,2026-08-05 12:42:29,2026-08-05 12:42:29,2026-08-05 12:42:29
206821,2432,QEUC2,COMPRA,380,189.5256,5.6520,2026-08-05 13:40:04,2026-08-05 13:40:04,2026-08-05 13:40:04
206822,2791,UQIQ7,COMPRA,450,75.1484,7.9058,2026-08-05 10:25:55,2026-08-05 10:25:57,2026-08-05 10:25:57
206823,2767,NQYT3,COMPRA,175,58.0074,0.8695,2026-08-05 15:24:34,2026-08-05 15:24:35,2026-08-05 15:24:35
206824,3392,ZAAS7,COMPRA,470,398.2423,3.2450,2026-08-05 15:25:03,2026-08-05 15:25:03,2026-08-05 15:25:03
206825,1595,EEYY9,COMPRA,401,169.1811,3.3164,2026-08-05 12:25:31,2026-08-05 12:25:33,2026-08-05 12:25:33
206826,2132,NREP8,COMPRA,284,115.1821,,2026-08-05 13:56:06,2026-08-05 13:56:06,2026-08-05 13:56:06
206827,1175,QQQS1,VENDA,300,19.3026,0.3865,2026-08-05 17:18:53,2026-08-05 17:18:54,2026-08-05 17:18:54
206828,2959,WXFC8,COMPRA,60,103.1642,4.0993,2026-08-05 10:46:09,2026-08-05 10:46:11,2026-08-05 10:46:11
206829,1827,HCLJ8,COMPRA,235,120.8276,7.8091,2026-08-05 15:40:46,2026-08-05 15:40:49,2026-08-05 15:40:49
206830,3167,WIPB2,COMPRA,180,90.2178,6.7539,2026-08-05 13:06:01,2026-08-05 13:06:01,2026-08-05 13:06:01
206831,2776,JDJG6,COMPRA,425,75.2966,11.9066,2026-08-05 16:41:11,2026-08-05 16:41:14,2026-08-05 16:41:14
206832,1774,GAKD5,COMPRA,495,347.3907,3.9826,2026-08-05 10:27:24,2026-08-05 10:27:26,2026-08-05 10:27:26
206833,3194,XLZM9,COMPRA,20,53.7690,6.8814,2026-08-05 15:05:36,2026-08-05 15:05:37,2026-08-05 15:05:37
206834,1669,GKQC5,COMPRA,370,131.9198,6.9448,2026-08-05 15:30:44,2026-08-05 15:30:44,2026-08-05 15:30:44
206835,3386,YRWH3,COMPRA,345,194.0675,2.5280,2026-08-05 11:51:16,2026-08-05 11:51:18,2026-08-05 11:51:18
206836,2548,WHMT3,COMPRA,485,133.9470,2.2129,2026-08-05 16:59:56,2026-08-05 16:59:58,2026-08-05 16:59:58
206837,2880,FYZB6,COMPRA,455,73.3271,1.9584,2026-08-05 11:14:13,2026-08-05 11:14:15,2026-08-05 11:14:15
206838,2669,UFIU3,COMPRA,155,95.4849,5.1156,2026-08-05 14:26:10,2026-08-05 14:26:12,2026-08-05 14:26:12
206839,1127,NGIU9,COMPRA,420,129.6653,1.9854,2026-08-05 11:37:05,2026-08-05 11:37:05,2026-08-05 11:37:05
206840,2525,IJJK3,COMPRA,375,86.9513,6.1813,2026-08-05 15:54:31,2026-08-05 15:54:32,2026-08-05 15:54:32
206841,3501,HVEX2,COMPRA,465,117.6016,8.2926,2026-08-05 13:20:29,2026-08-05 13:20:32,2026-08-05 13:20:32
206842,1186,TXHR8,COMPRA,125,104.4579,12.8690,2026-08-05 12:48:04,2026-08-05 12:48:05,2026-08-05 12:48:05
206843,2903,QTDZ2,COMPRA,325,41.4376,9.0227,2026-08-05 16:29:51,2026-08-05 16:29:54,2026-08-05 16:29:54
206844,3228,MOLF3,COMPRA,30,51.6472,5.5004,2026-08-05 16:35:13,2026-08-05 16:35:14,2026-08-05 16:35:14
206845,1491,PZUP8,COMPRA,358,132.6302,6.1376,2026-08-05 12:06:27,2026-08-05 12:06:27,2026-08-05 12:06:27
206846,2819,YYLA4,VENDA,311,222.0465,0.5327,2026-08-05 10:58:29,2026-08-05 10:58:31,2026-08-05 10:58:31
206847,1273,GKQC5,COMPRA,185,143.6516,11.6992,2026-08-05 10:50:06,2026-08-05 10:50:07,2026-08-05 10:50:07
206848,2738,GKQC5,COMPRA,310,143.9694,1.1310,2026-08-05 16:13:38,2026-08-05 16:13:38,2026-08-05 16:13:38
206849,2319,IJJK3,COMPRA,265,114.3700,6.1447,2026-08-05 12:31:27,2026-08-05 12:31:30,2026-08-05 12:31:30
206850,1003,UYFJ9,COMPRA,498,104.6396,2.1113,2026-08-05 13:07:33,2026-08-05 13:07:35,2026-08-05 13:07:35
206851,1138,PSEN6,COMPRA,218,167.1500,3.7251,2026-08-05 13:43:47,2026-08-05 13:43:50,2026-08-05 13:43:50
206852,2253,PSEN6,COMPRA,500,160.9315,9.2078,2026-08-05 14:33:58,2026-08-05 14:33:59,2026-08-05 14:33:59
206853,2277,QYBV3,COMPRA,260,84.8441,6.6543,2026-08-05 10:41:30,2026-08-05 10:41:32,2026-08-05 10:41:32
206854,2387,QATW7,COMPRA,480,44.4251,9.0141,2026-08-05 10:19:00,2026-08-05 10:19:01,2026-08-05 10:19:01
206855,3029,YOWA1,COMPRA,20,61.0515,9.9712,2026-08-05 15:15:40,2026-08-05 15:15:41,2026-08-05 15:15:41
206856,1611,NGIU9,COMPRA,130,93.8352,9.2200,2026-08-05 10:10:07,2026-08-05 10:10:08,2026-08-05 10:10:08
206857,1089,EEYY9,COMPRA,500,133.1570,7.2207,2026-08-05 12:02:37,2026-08-05 12:02:38,2026-08-05 12:02:38
206858,2992,DQSN6,COMPRA,175,120.5554,5.1959,2026-08-05 15:49:58,2026-08-05 15:50:01,2026-08-05 15:50:01
206859,3079,XOVY4,COMPRA,165,77.2178,4.3680,2026-08-05 17:30:34,2026-08-05 17:30:35,2026-08-05 17:30:35
206860,1123,OVYL9,COMPRA,410,60.0000,9.1323,2026-08-05 14:46:46,2026-08-05 14:46:47,2026-08-05 14:46:47
206861,3047,DGBT6,COMPRA,50,113.9466,11.5819,2026-08-05 13:21:14,2026-08-05 13:21:15,2026-08-05 13:21:15
206862,1734,NWGB4,COMPRA,205,122.5386,9.9536,2026-08-05 12:56:16,2026-08-05 12:56:16,2026-08-05 12:56:16
206863,3409,NPEM3,COMPRA,170,126.4489,8.3091,2026-08-05 14:34:40,2026-08-05 14:34:41,2026-08-05 14:34:41
206864,1528,OVYL9,COMPRA,50,64.3392,8.6288,2026-08-05 11:53:01,2026-08-05 11:53:04,2026-08-05 11:53:04
206865,1044,YFAH5,COMPRA,404,170.1099,11.2800,2026-08-05 12:36:49,2026-08-05 12:36:50,2026-08-05 12:36:50
206866,2773,QTHQ1,COMPRA,470,20.5863,,2026-08-05 15:02:15,2026-08-05 15:02:17,2026-08-05 15:02:17
206867,2031,NQYT3,COMPRA,45,50.6883,8.9384,2026-08-05 16:37:31,2026-08-05 16:37:31,2026-08-05 16:37:31
206868,2079,HCZM2,COMPRA,80,489.9426,2.9314,2026-08-05 12:02:09,2026-08-05 12:02:12,2026-08-05 12:02:12
206869,1412,KQEO3,COMPRA,265,67.5458,6.3258,2026-08-05 12:53:02,2026-08-05 12:53:02,2026-08-05 12:53:02
206870,1797,YFAH5,COMPRA,95,142.2938,12.4949,2026-08-05 17:18:57,2026-08-05 17:19:00,2026-08-05 17:19:00
206871,1207,WHMT3,COMPRA,302,88.7136,9.6158,2026-08-05 11:53:24,2026-08-05 11:53:26,2026-08-05 11:53:26
206872,1242,DQSN6,COMPRA,175,128.2144,10.5922,2026-08-05 10:01:10,2026-08-05 10:01:11,2026-08-05 10:01:11
206873,2861,CQJZ4,COMPRA,375,103.8862,8.3543,2026-08-05 17:01:43,2026-08-05 17:01:46,2026-08-05 17:01:46
206874,1361,RYPL6,COMPRA,445,80.5382,6.3334,2026-08-05 13:29:20,2026-08-05 13:29:20,2026-08-05 13:29:20
206875,1121,NPEM3,COMPRA,35,78.3677,5.8188,2026-08-05 11:30:29,2026-08-05 11:30:29,2026-08-05 11:30:29
206876,2851,DEGN5,COMPRA,100,84.2830,6.1743,2026-08-05 12:59:31,2026-08-05 12:59:32,2026-08-05 12:59:32
206877,2928,HCZM2,COMPRA,249,466.0157,9.7623,2026-08-05 11:09:59,2026-08-05 11:09:59,2026-08-05 11:09:59
206878,2504,UQIQ7,COMPRA,405,101.3617,0.7556,2026-08-05 13:36:57,2026-08-05 13:37:00,2026-08-05 13:37:00
206879,2317,FIUW1,COMPRA,368,94.0952,12.6999,2026-08-05 14:37:09,2026-08-05 14:37:12,2026-08-05 14:37:12
206880,1456,KQEO3,COMPRA,433,84.4531,2.8868,2026-08-05 12:23:19,2026-08-05 12:23:21,2026-08-05 12:23:21
206881,2041,PQUT9,COMPRA,430,63.7212,9.4538,2026-08-05 15:41:21,2026-08-05 15:41:22,2026-08-05 15:41:22
206882,2178,NREP8,COMPRA,305,109.5584,6.3216,2026-08-05 15:28:28,2026-08-05 15:28:30,2026-08-05 15:28:30
206883,3224,CQJZ4,COMPRA,298,99.1050,6.3978,2026-08-05 17:14:40,2026-08-05 17:14:41,2026-08-05 17:14:41
206884,1594,UQIQ7,COMPRA,302,67.9811,7.3535,2026-08-05 12:40:31,2026-08-05 12:40:33,2026-08-05 12:40:33
206885,3117,VLEB3,COMPRA,475,363.7584,6.9925,2026-08-05 14:47:12,2026-08-05 14:47:12,2026-08-05 14:47:12
206886,3064,FYZB6,COMPRA,10,66.4050,3.8034,2026-08-05 12:56:23,2026-08-05 12:56:26,2026-08-05 12:56:26
206887,1296,YRWH3,COMPRA,330,185.1467,12.1160,2026-08-05 17:30:37,2026-08-05 17:30:40,2026-08-05 17:30:40
206888,1850,RSBT4,COMPRA,265,410.9626,3.5589,2026-08-05 11:42:54,2026-08-05 11:42:57,2026-08-05 11:42:57
206889,1010,PBZM6,COMPRA,270,68.5324,5.4448,2026-08-05 13:08:10,2026-08-05 13:08:13,2026-08-05 13:08:13
206890,2256,XAVL3,COMPRA,85,189.9799,9.9015,2026-08-05 10:12:40,2026-08-05 10:12:42,2026-08-05 10:12:42
206891,1015,PSEN6,COMPRA,99,215.8062,6.7342,2026-08-05 16:32:14,2026-08-05 16:32:16,2026-08-05 16:32:16
206892,1224,CQIL9,COMPRA,395,33.9706,4.9980,2026-08-05 15:12:34,2026-08-05 15:12:36,2026-08-05 15:12:36
206893,3425,UVEY5,COMPRA,240,87.0721,5.2966,2026-08-05 11:30:53,2026-08-05 11:30:56,2026-08-05 11:30:56
206894,1867,BSDJ7,COMPRA,160,221.3025,12.8314,2026-08-05 11:07:18,2026-08-05 11:07:21,2026-08-05 11:07:21
206895,1487,RIET5,COMPRA,215,154.5540,6.5661,2026-08-05 12:12:41,2026-08-05 12:12:43,2026-08-05 12:12:43
206896,2722,DGBT6,COMPRA,440,76.6967,1.0558,2026-08-05 16:04:14,2026-08-05 16:04:14,2026-08-05 16:04:14
206897,1489,XAVL3,COMPRA,85,173.2889,0.2771,2026-08-05 16:18:23,2026-08-05 16:18:26,2026-08-05 16:18:26
206898,3499,JIPR4,VENDA,360,40.6417,3.7586,2026-08-05 15:32:28,2026-08-05 15:32:30,2026-08-05 15:32:30
206899,1420,OEQA8,COMPRA,265,378.5850,6.1010,2026-08-05 13:49:21,2026-08-05 13:49:22,2026-08-05 13:49:22
206900,1255,DEGN5,COMPRA,60,80.7062,11.8831,2026-08-05 17:15:37,2026-08-05 17:15:38,2026-08-05 17:15:38
206901,1921,GAKD5,COMPRA,350,257.0745,7.3739,2026-08-05 15:16:31,2026-08-05 15:16:31,2026-08-05 15:16:31
206902,2154,ZYVN7,COMPRA,250,60.0000,10.3003,2026-08-05 17:28:02,2026-08-05 17:28:03,2026-08-05 17:28:03
206903,2469,QHFL8,COMPRA,95,128.1626,2.9319,2026-08-05 15:57:01,2026-08-05 15:57:04,2026-08-05 15:57:04
206904,1298,DQSN6,COMPRA,430,134.9070,0.4920,2026-08-05 12:23:58,2026-08-05 12:24:00,2026-08-05 12:24:00
206905,2809,QYBV3,COMPRA,260,60.0000,7.1947,2026-08-05 11:29:36,2026-08-05 11:29:37,2026-08-05 11:29:37
206906,1991,QATW7,COMPRA,35,59.5040,5.8274,2026-08-05 15:23:17,2026-08-05 15:23:17,2026-08-05 15:23:17
206907,1546,BSDJ7,COMPRA,130,291.2718,7.7595,2026-08-05 16:59:53,2026-08-05 16:59:54,2026-08-05 16:59:54
206908,2767,LQML9,COMPRA,268,124.3541,11.2071,2026-08-05 12:04:27,2026-08-05 12:04:27,2026-08-05 12:04:27
206909,2604,RDOA3,COMPRA,171,80.9306,1.1038,2026-08-05 11:53:36,2026-08-05 11:53:39,2026-08-05 11:53:39
206910,1580,XTVW5,COMPRA,300,94.7989,2.6857,2026-08-05 10:52:47,2026-08-05 10:52:47,2026-08-05 10:52:47
206911,3081,OVUQ2,COMPRA,21,58.2199,12.6537,2026-08-05 15:19:44,2026-08-05 15:19:47,2026-08-05 15:19:47
206912,2224,YRWH3,COMPRA,36,168.3934,7.3915,2026-08-05 11:19:01,2026-08-05 11:19:03,2026-08-05 11:19:03
206913,2870,ZHTL2,COMPRA,4,67.1996,4.6194,2026-08-05 16:04:33,2026-08-05 16:04:36,2026-08-05 16:04:36
206914,1002,NREP8,COMPRA,230,155.5584,8.4227,2026-08-05 11:29:53,2026-08-05 11:29:55,2026-08-05 11:29:55
206915,2840,WHMT3,COMPRA,15,104.4878,4.8043,2026-08-05 11:25:50,2026-08-05 11:25:52,2026-08-05 11:25:52
206916,3015,UFIU3,COMPRA,235,96.4909,12.6114,2026-08-05 12:12:27,2026-08-05 12:12:27,2026-08-05 12:12:27
206917,2125,AAUA7,COMPRA,260,112.1977,4.1377,2026-08-05 10:21:22,2026-08-05 10:21:25,2026-08-05 10:21:25
206918,2942,SUZL4,COMPRA,420,122.9852,0.9074,2026-08-05 17:09:28,2026-08-05 17:09:31,2026-08-05 17:09:31
206919,3343,MJDL9,COMPRA,143,29.2569,2.1243,2026-08-05 16:20:09,2026-08-05 16:20:09,2026-08-05 16:20:09
206920,3367,YFAH5,COMPRA,160,204.3363,5.4170,2026-08-05 11:45:47,2026-08-05 11:45:50,2026-08-05 11:45:50
206921,1770,JJVW6,COMPRA,40,123.4667,10.1784,2026-08-05 15:13:16,2026-08-05 15:13:19,2026-08-05 15:13:19
206922,1808,NGIU9,COMPRA,235,122.3981,5.1591,2026-08-05 12:35:22,2026-08-05 12:35:23,2026-08-05 12:35:23
206923,1930,LCCH9,COMPRA,115,8.4710,7.2049,2026-08-05 13:58:27,2026-08-05 13:58:30,2026-08-05 13:58:30
206924,3188,NREP8,COMPRA,195,102.5225,0.3550,2026-08-05 10:33:40,2026-08-05 10:33:43,2026-08-05 10:33:43
206925,2591,OVYL9,COMPRA,465,88.9721,0.6718,2026-08-05 14:43:37,2026-08-05 14:43:39,2026-08-05 14:43:39
206926,2473,DFGR7,COMPRA,310,87.5348,6.1388,2026-08-05 13:03:48,2026-08-05 13:03:49,2026-08-05 13:03:49
206927,3444,DMTZ8,COMPRA,204,207.4957,6.4257,2026-08-05 14:23:58,2026-08-05 14:23:59,2026-08-05 14:23:59
206928,2544,LCCH9,COMPRA,149,9.1960,5.3200,2026-08-05 14:37:40,2026-08-05 14:37:42,2026-08-05 14:37:42
206929,3219,JIPR4,COMPRA,150,31.4932,7.3615,2026-08-05 12:28:33,2026-08-05 12:28:34,2026-08-05 12:28:34
206930,1507,IWAK1,COMPRA,70,90.9978,12.4177,2026-08-05 14:05:54,2026-08-05 14:05:56,2026-08-05 14:05:56
206931,2070,UFIU3,COMPRA,254,100.5539,12.4121,2026-08-05 14:47:19,2026-08-05 14:47:19,2026-08-05 14:47:19
206932,3492,XPVA7,COMPRA,179,548.2746,12.3996,2026-08-05 14:00:18,2026-08-05 14:00:18,2026-08-05 14:00:18
206933,2691,DSFC9,COMPRA,454,423.0095,11.4292,2026-08-05 11:03:46,2026-08-05 11:03:46,2026-08-05 11:03:46
206934,3001,GFDF2,COMPRA,355,76.3991,9.3567,2026-08-05 13:01:53,2026-08-05 13:01:56,2026-08-05 13:01:56
206935,3310,FIUW1,COMPRA,455,100.5536,9.8550,2026-08-05 13:04:36,2026-08-05 13:04:38,2026-08-05 13:04:38
206936,1215,QTHQ1,COMPRA,358,23.9911,2.7510,2026-08-05 16:43:49,2026-08-05 16:43:50,2026-08-05 16:43:50
206937,2507,UYFJ9,COMPRA,275,111.3064,9.2112,2026-08-05 15:37:43,2026-08-05 15:37:46,2026-08-05 15:37:46
206938,2701,VLEB3,COMPRA,215,332.6250,8.9109,2026-08-05 15:43:06,2026-08-05 15:43:07,2026-08-05 15:43:07
206939,1718,TTHO3,COMPRA,22,35.1989,12.3135,2026-08-05 16:28:07,2026-08-05 16:28:07,2026-08-05 16:28:07
206940,1392,AAWB3,COMPRA,255,213.7838,1.2225,2026-08-05 14:15:55,2026-08-05 14:15:57,2026-08-05 14:15:57
206941,2499,JUDG8,COMPRA,440,109.6549,12.1575,2026-08-05 14:21:41,2026-08-05 14:21:41,2026-08-05 14:21:41
206942,1248,QTDZ2,COMPRA,480,48.6557,5.2772,2026-08-05 13:37:20,2026-08-05 13:37:23,2026-08-05 13:37:23
206943,1082,CQJZ4,COMPRA,115,102.5186,7.6810,2026-08-05 17:21:18,2026-08-05 17:21:18,2026-08-05 17:21:18
206944,3099,WIPB2,COMPRA,205,136.3525,6.3332,2026-08-05 13:55:15,2026-08-05 13:55:16,2026-08-05 13:55:16
206945,1431,NYGT6,COMPRA,59,130.1746,0.5434,2026-08-05 15:34:20,2026-08-05 15:34:21,2026-08-05 15:34:21
206946,2739,BXFJ9,COMPRA,420,180.5770,3.3977,2026-08-05 13:40:08,2026-08-05 13:40:11,2026-08-05 13:40:11
206947,2454,IJJK3,COMPRA,440,83.2742,10.9889,2026-08-05 13:47:14,2026-08-05 13:47:17,2026-08-05 13:47:17
206948,1545,ACSV1,COMPRA,485,77.8896,7.5951,2026-08-05 17:08:56,2026-08-05 17:08:56,2026-08-05 17:08:56
206949,2810,PSEN6,COMPRA,375,217.5786,6.7161,2026-08-05 15:28:02,2026-08-05 15:28:03,2026-08-05 15:28:03
206950,3034,WXFC8,COMPRA,135,98.7816,5.3899,2026-08-05 11:32:33,2026-08-05 11:32:33,2026-08-05 11:32:33
206951,3076,WXQM6,COMPRA,390,37.1801,6.5137,2026-08-05 10:54:18,2026-08-05 10:54:20,2026-08-05 10:54:20
206952,3294,BOCS8,COMPRA,315,51.4199,1.6714,2026-08-05 13:51:45,2026-08-05 13:51:46,2026-08-05 13:51:46
206953,3326,NWGB4,COMPRA,70,158.5201,3.0670,2026-08-05 10:24:58,2026-08-05 10:24:59,2026-08-05 10:24:59
206954,2802,QHFL8,COMPRA,45,145.2058,0.2119,2026-08-05 10:34:12,2026-08-05 10:34:12,2026-08-05 10:34:12
206955,2301,LQML9,COMPRA,155,166.4046,2.5822,2026-08-05 13:57:10,2026-08-05 13:57:11,2026-08-05 13:57:11
206956,3026,HJRH5,COMPRA,155,163.7219,3.3331,2026-08-05 14:21:13,2026-08-05 14:21:14,2026-08-05 14:21:14
206957,1003,VLEB3,COMPRA,274,403.4270,7.8124,2026-08-05 13:04:31,2026-08-05 13:04:31,2026-08-05 13:04:31
206958,2262,KQEO3,COMPRA,335,77.1477,12.5607,2026-08-05 11:57:03,2026-08-05 11:57:06,2026-08-05 11:57:06
206959,1478,QTHQ1,COMPRA,325,22.6885,9.3403,2026-08-05 10:33:22,2026-08-05 10:33:25,2026-08-05 10:33:25
206960,2107,WXFC8,COMPRA,280,90.3790,8.7773,2026-08-05 13:03:28,2026-08-05 13:03:29,2026-08-05 13:03:29
206961,2652,NAOF3,COMPRA,187,62.0847,12.4122,2026-08-05 17:17:33,2026-08-05 17:17:33,2026-08-05 17:17:33
206962,2234,AAWB3,COMPRA,395,139.4752,3.5005,2026-08-05 11:01:25,2026-08-05 11:01:25,2026-08-05 11:01:25
206963,1810,XPVA7,COMPRA,42,359.4237,8.4720,2026-08-05 16:41:23,2026-08-05 16:41:24,2026-08-05 16:41:24
206964,1961,ZFBT3,COMPRA,485,119.5237,12.3648,2026-08-05 12:53:43,2026-08-05 12:53:45,2026-08-05 12:53:45
206965,1410,GAKD5,COMPRA,270,273.5239,1.1697,2026-08-05 14:40:39,2026-08-05 14:40:41,2026-08-05 14:40:41
206966,1559,GKQC5,COMPRA,20,141.6730,5.3936,2026-08-05 11:04:52,2026-08-05 11:04:55,2026-08-05 11:04:55
206967,1603,SUZL4,COMPRA,295,114.0033,10.6556,2026-08-05 15:10:40,2026-08-05 15:10:41,2026-08-05 15:10:41
206968,2124,QHFL8,COMPRA,133,123.9678,1.0825,2026-08-05 11:39:56,2026-08-05 11:39:58,2026-08-05 11:39:58
206969,2312,AAWB3,COMPRA,420,137.6241,4.1642,2026-08-05 14:22:18,2026-08-05 14:22:18,2026-08-05 14:22:18
206970,1068,DQSN6,COMPRA,440,107.0526,7.0971,2026-08-05 17:07:11,2026-08-05 17:07:14,2026-08-05 17:07:14
206971,2613,UVEY5,COMPRA,435,71.3177,3.4291,2026-08-05 13:32:04,2026-08-05 13:32:05,2026-08-05 13:32:05
206972,2551,WIPB2,COMPRA,211,116.5065,11.2422,2026-08-05 10:58:40,2026-08-05 10:58:41,2026-08-05 10:58:41
206973,1808,YCCK8,COMPRA,45,344.7847,3.8742,2026-08-05 10:41:03,2026-08-05 10:41:05,2026-08-05 10:41:05
206974,2931,JIPA6,COMPRA,160,40.7962,8.8124,2026-08-05 11:47:37,2026-08-05 11:47:39,2026-08-05 11:47:39
206975,2583,OVYL9,COMPRA,190,60.0000,8.7166,2026-08-05 14:03:06,2026-08-05 14:03:06,2026-08-05 14:03:06
206976,1592,RSBT4,COMPRA,258,472.3093,2.2644,2026-08-05 10:14:23,2026-08-05 10:14:25,2026-08-05 10:14:25
206977,3062,WXFC8,COMPRA,230,75.9646,8.7278,2026-08-05 17:17:19,2026-08-05 17:17:22,2026-08-05 17:17:22
206978,1284,DEGN5,COMPRA,370,98.1579,5.9340,2026-08-05 10:40:32,2026-08-05 10:40:34,2026-08-05 10:40:34
206979,2022,ZHTL2,COMPRA,10,65.8703,12.3636,2026-08-05 10:13:17,2026-08-05 10:13:17,2026-08-05 10:13:17
206980,3397,DHRM5,COMPRA,270,292.0337,3.8399,2026-08-05 15:57:28,2026-08-05 15:57:29,2026-08-05 15:57:29
206981,1174,KFSY2,COMPRA,80,85.0756,,2026-08-05 12:21:35,2026-08-05 12:21:38,2026-08-05 12:21:38
206982,2777,NUJZ2,COMPRA,150,35.2661,3.5554,2026-08-05 13:45:57,2026-08-05 13:45:57,2026-08-05 13:45:57
206983,2792,RFNS7,VENDA,135,97.9993,9.0439,2026-08-05 10:48:52,2026-08-05 10:48:52,2026-08-05 10:48:52
206984,2687,NPEM3,COMPRA,175,88.2774,0.2948,2026-08-05 14:16:40,2026-08-05 14:16:42,2026-08-05 14:16:42
206985,3008,ICSU4,COMPRA,340,112.9906,8.0446,2026-08-05 15:43:23,2026-08-05 15:43:26,2026-08-05 15:43:26
206986,2396,SRDU1,COMPRA,377,101.3854,6.0780,2026-08-05 11:37:06,2026-08-05 11:37:08,2026-08-05 11:37:08
206987,3175,KQEO3,COMPRA,255,72.6234,3.7339,2026-08-05 16:01:17,2026-08-05 16:01:19,2026-08-05 16:01:19
206988,2218,YFAH5,COMPRA,500,148.1395,3.0537,2026-08-05 12:37:10,2026-08-05 12:37:10,2026-08-05 12:37:10
206989,1439,NYGT6,COMPRA,80,117.2245,12.4748,2026-08-05 15:32:21,2026-08-05 15:32:21,2026-08-05 15:32:21
206990,3425,NGIU9,COMPRA,245,89.5256,10.6928,2026-08-05 13:30:39,2026-08-05 13:30:40,2026-08-05 13:30:40
206991,2719,JJVW6,COMPRA,500,165.0384,9.4119,2026-08-05 14:20:55,2026-08-05 14:20:58,2026-08-05 14:20:58
206992,2119,RSBT4,VENDA,150,341.4081,12.0564,2026-08-05 16:59:41,2026-08-05 16:59:44,2026-08-05 16:59:44
206993,2586,RHXV4,COMPRA,70,72.8372,7.2009,2026-08-05 15:33:55,2026-08-05 15:33:55,2026-08-05 15:33:55
206994,1396,LGKU6,COMPRA,260,97.7012,5.3304,2026-08-05 11:49:37,2026-08-05 11:49:39,2026-08-05 11:49:39
206995,1802,QQQS1,COMPRA,50,22.9806,0.8810,2026-08-05 16:52:05,2026-08-05 16:52:05,2026-08-05 16:52:05
206996,1887,AYFQ2,COMPRA,440,13.0139,12.3403,2026-08-05 11:54:29,2026-08-05 11:54:31,2026-08-05 11:54:31
206997,2878,GKQC5,COMPRA,72,143.9075,2.6646,2026-08-05 14:25:20,2026-08-05 14:25:22,2026-08-05 14:25:22
206998,3219,UQIQ7,COMPRA,190,100.3887,0.4885,2026-08-05 11:39:05,2026-08-05 11:39:07,2026-08-05 11:39:07
206999,2998,ECQD7,COMPRA,335,93.2583,8.3996,2026-08-05 12:03:59,2026-08-05 12:04:01,2026-08-05 12:04:01
207000,1504,WHMT3,COMPRA,130,91.6760,7.5295,2026-08-05 10:59:19,2026-08-05 10:59:19,2026-08-05 10:59:19
207001,2167,QYBV3,COMPRA,84,83.6537,3.3015,2026-08-05 15:56:20,2026-08-05 15:56:21,2026-08-05 15:56:21
207002,1437,OVUQ2,COMPRA,110,56.2460,1.1656,2026-08-05 14:48:22,2026-08-05 14:48:23,2026-08-05 14:48:23
207003,2170,XPVA7,COMPRA,330,492.9235,8.8867,2026-08-05 12:45:38,2026-08-05 12:45:38,2026-08-05 12:45:38
207004,3105,AAUA7,COMPRA,210,130.2430,9.6523,2026-08-05 13:08:40,2026-08-05 13:08:40,2026-08-05 13:08:40
207005,2127,MGRR2,COMPRA,190,163.4613,7.4809,2026-08-05 17:23:09,2026-08-05 17:23:11,2026-08-05 17:23:11
207006,1228,YFAH5,COMPRA,23,132.3947,1.7152,2026-08-05 15:02:50,2026-08-05 15:02:53,2026-08-05 15:02:53
207007,1676,IWFI1,COMPRA,30,127.0833,3.0275,2026-08-05 16:18:38,2026-08-05 16:18:38,2026-08-05 16:18:38
207008,1398,UYFJ9,COMPRA,470,104.8718,11.6981,2026-08-05 12:45:22,2026-08-05 12:45:24,2026-08-05 12:45:24
207009,2374,WIPB2,COMPRA,129,127.4251,2.6460,2026-08-05 12:51:59,2026-08-05 12:52:02,2026-08-05 12:52:02
207010,3232,ICSU4,COMPRA,405,110.7400,12.2973,2026-08-05 13:29:36,2026-08-05 13:29:38,2026-08-05 13:29:38
207011,1642,SGBG8,COMPRA,85,78.2000,12.5015,2026-08-05 15:40:39,2026-08-05 15:40:41,2026-08-05 15:40:41
207012,2475,YFAH5,COMPRA,55,176.1320,2.8440,2026-08-05 10:49:44,2026-08-05 10:49:44,2026-08-05 10:49:44
207013,1220,EEYY9,COMPRA,255,184.1769,12.2025,2026-08-05 14:49:32,2026-08-05 14:49:33,2026-08-05 14:49:33
207014,1811,UCHR6,COMPRA,80,477.7488,7.3354,2026-08-05 14:51:45,2026-08-05 14:51:47,2026-08-05 14:51:47
207015,1668,NGIU9,COMPRA,152,94.4288,8.0967,2026-08-05 13:42:16,2026-08-05 13:42:17,2026-08-05 13:42:17
207016,1850,ECQD7,COMPRA,475,89.8530,0.5361,2026-08-05 10:42:27,2026-08-05 10:42:29,2026-08-05 10:42:29
207017,1976,CQIL9,COMPRA,255,37.3363,10.9348,2026-08-05 12:45:12,2026-08-05 12:45:15,2026-08-05 12:45:15
207018,2038,DGBT6,COMPRA,12,77.0973,6.0529,2026-08-05 14:22:04,2026-08-05 14:22:05,2026-08-05 14:22:05
207019,1297,PBZM6,COMPRA,420,46.7413,2.0501,2026-08-05 16:00:55,2026-08-05 16:00:58,2026-08-05 16:00:58
207020,2303,UFIU3,COMPRA,290,105.4143,2.9192,2026-08-05 11:06:56,2026-08-05 11:06:59,2026-08-05 11:06:59
207021,2401,NPEM3,COMPRA,165,81.1887,1.8770,2026-08-05 15:44:51,2026-08-05 15:44:54,2026-08-05 15:44:54
207022,1649,WXQM6,COMPRA,55,39.2295,11.9756,2026-08-05 14:24:47,2026-08-05 14:24:48,2026-08-05 14:24:48
207023,1638,AAUA7,COMPRA,360,126.3784,4.5745,2026-08-05 16:30:30,2026-08-05 16:30:32,2026-08-05 16:30:32
207024,2826,TVCE9,COMPRA,407,82.2213,7.2235,2026-08-05 14:00:21,2026-08-05 14:00:23,2026-08-05 14:00:23
207025,2138,AYFQ2,COMPRA,130,14.7017,4.5337,2026-08-05 13:29:42,2026-08-05 13:29:42,2026-08-05 13:29:42
207026,1167,IZTY4,COMPRA,205,38.3638,7.0615,2026-08-05 11:02:39,2026-08-05 11:02:42,2026-08-05 11:02:42
207027,1108,QHFL8,COMPRA,290,143.2306,2.7849,2026-08-05 15:02:25,2026-08-05 15:02:26,2026-08-05 15:02:26
207028,1805,AAUA7,COMPRA,191,144.6411,4.3118,2026-08-05 15:13:08,2026-08-05 15:13:08,2026-08-05 15:13:08
207029,3347,AAUA7,COMPRA,480,141.9265,6.2555,2026-08-05 15:52:39,2026-08-05 15:52:39,2026-08-05 15:52:39
207030,2887,OVUQ2,COMPRA,200,61.0092,0.4255,2026-08-05 15:17:05,2026-08-05 15:17:06,2026-08-05 15:17:06
207031,2203,AAWB3,COMPRA,345,194.6423,9.4704,2026-08-05 16:44:54,2026-08-05 16:44:57,2026-08-05 16:44:57
207032,1450,NYGT6,COMPRA,310,125.3011,12.6082,2026-08-05 11:14:10,2026-08-05 11:14:13,2026-08-05 11:14:13
207033,1459,ICSU4,COMPRA,215,155.0883,9.9516,2026-08-05 10:44:01,2026-08-05 10:44:01,2026-08-05 10:44:01
207034,2685,HCLJ8,COMPRA,335,129.2988,9.4406,2026-08-05 13:08:11,2026-08-05 13:08:12,2026-08-05 13:08:12
207035,2711,TBWG2,COMPRA,120,75.5247,8.4243,2026-08-05 16:35:06,2026-08-05 16:35:06,2026-08-05 16:35:06
207036,3234,DFGR7,COMPRA,390,111.8341,12.0805,2026-08-05 11:04:24,2026-08-05 11:04:24,2026-08-05 11:04:24
207037,2053,ERTC4,COMPRA,267,58.1041,10.6178,2026-08-05 11:44:01,2026-08-05 11:44:03,2026-08-05 11:44:03
207038,2781,BOCS8,COMPRA,185,77.3589,5.9410,2026-08-05 17:12:10,2026-08-05 17:12:12,2026-08-05 17:12:12
207039,3423,DQSN6,COMPRA,60,165.1736,11.9892,2026-08-05 11:02:29,2026-08-05 11:02:32,2026-08-05 11:02:32
207040,3078,DSFC9,COMPRA,125,497.8215,3.8760,2026-08-05 10:40:57,2026-08-05 10:40:57,2026-08-05 10:40:57
207041,1719,QHFL8,COMPRA,150,174.0688,8.8868,2026-08-05 10:57:22,2026-08-05 10:57:24,2026-08-05 10:57:24
207042,3252,QTDZ2,COMPRA,365,55.8491,1.4291,2026-08-05 10:48:28,2026-08-05 10:48:28,2026-08-05 10:48:28
207043,2795,DHRM5,COMPRA,75,237.8541,12.8452,2026-08-05 13:01:55,2026-08-05 13:01:58,2026-08-05 13:01:58
207044,1730,VLEB3,COMPRA,255,399.2784,11.3242,2026-08-05 15:40:41,2026-08-05 15:40:42,2026-08-05 15:40:42
207045,3272,UCHR6,COMPRA,495,337.0309,3.7189,2026-08-05 11:54:15,2026-08-05 11:54:17,2026-08-05 11:54:17
207046,1710,NQYT3,COMPRA,12,69.1623,0.6479,2026-08-05 11:45:30,2026-08-05 11:45:33,2026-08-05 11:45:33
207047,1532,YYLA4,COMPRA,125,218.3805,0.6084,2026-08-05 14:49:09,2026-08-05 14:49:12,2026-08-05 14:49:12
207048,1173,KFSY2,COMPRA,240,100.4904,8.5708,2026-08-05 13:12:01,2026-08-05 13:12:04,2026-08-05 13:12:04
207049,1570,DSFC9,COMPRA,385,470.6389,8.8509,2026-08-05 14:40:05,2026-08-05 14:40:06,2026-08-05 14:40:06
207050,1548,FIUW1,COMPRA,395,100.5308,0.1986,2026-08-05 12:56:02,2026-08-05 12:56:02,2026-08-05 12:56:02
207051,1728,YFAH5,COMPRA,140,140.9207,0.3038,2026-08-05 10:29:28,2026-08-05 10:29:31,2026-08-05 10:29:31
207052,2859,MCMT2,COMPRA,156,100.5936,3.7373,2026-08-05 13:45:31,2026-08-05 13:45:32,2026-08-05 13:45:32
207053,1319,KQEO3,COMPRA,265,89.9733,2.8220,2026-08-05 16:56:27,2026-08-05 16:56:27,2026-08-05 16:56:27
207054,3394,VLEB3,COMPRA,366,425.7491,1.7005,2026-08-05 14:57:59,2026-08-05 14:58:00,2026-08-05 14:58:00
207055,3348,QATW7,COMPRA,235,47.2864,12.6247,2026-08-05 12:09:27,2026-08-05 12:09:29,2026-08-05 12:09:29
207056,3084,RMRT1,COMPRA,470,99.3317,10.8648,2026-08-05 12:01:47,2026-08-05 12:01:48,2026-08-05 12:01:48
207057,2926,YFAH5,COMPRA,145,142.5235,7.8443,2026-08-05 13:07:03,2026-08-05 13:07:04,2026-08-05 13:07:04
207058,3300,WXFC8,COMPRA,295,80.1587,7.6670,2026-08-05 10:46:02,2026-08-05 10:46:05,2026-08-05 10:46:05
207059,1681,BOCS8,COMPRA,430,71.4769,9.9701,2026-08-05 15:28:57,2026-08-05 15:28:57,2026-08-05 15:28:57
207060,1395,RDOA3,COMPRA,230,96.0980,0.9223,2026-08-05 13:00:09,2026-08-05 13:00:12,2026-08-05 13:00:12
207061,2844,WHMT3,COMPRA,385,105.4404,3.3383,2026-08-05 11:09:00,2026-08-05 11:09:03,2026-08-05 11:09:03
207062,3463,DEGN5,COMPRA,15,85.2833,7.1385,2026-08-05 12:05:35,2026-08-05 12:05:38,2026-08-05 12:05:38
207063,1477,RFNS7,COMPRA,380,95.2938,11.2056,2026-08-05 11:01:18,2026-08-05 11:01:20,2026-08-05 11:01:20
207064,2108,UQJU7,COMPRA,425,73.9865,3.9340,2026-08-05 12:03:44,2026-08-05 12:03:46,2026-08-05 12:03:46
207065,3442,CQJZ4,COMPRA,230,80.1186,1.3607,2026-08-05 15:25:07,2026-08-05 15:25:08,2026-08-05 15:25:08
207066,2812,VLEB3,COMPRA,463,310.8501,1.8874,2026-08-05 15:04:44,2026-08-05 15:04:47,2026-08-05 15:04:47
207067,1337,HVEX2,COMPRA,5,103.8579,12.8258,2026-08-05 15:46:23,2026-08-05 15:46:23,2026-08-05 15:46:23
207068,2491,DHRM5,COMPRA,385,286.9622,9.7522,2026-08-05 17:00:36,2026-08-05 17:00:38,2026-08-05 17:00:38
207069,2432,SUZL4,COMPRA,320,111.8107,3.5772,2026-08-05 16:12:12,2026-08-05 16:12:12,2026-08-05 16:12:12
207070,2085,SUZL4,COMPRA,17,110.9290,5.1462,2026-08-05 12:57:43,2026-08-05 12:57:43,2026-08-05 12:57:43
207071,2627,DMTZ8,COMPRA,100,158.2850,9.8231,2026-08-05 11:18:32,2026-08-05 11:18:35,2026-08-05 11:18:35
207072,2109,ICSU4,COMPRA,475,166.7832,4.6278,2026-08-05 13:47:01,2026-08-05 13:47:02,2026-08-05 13:47:02
207073,2028,TBWG2,COMPRA,340,72.0895,1.9496,2026-08-05 16:14:16,2026-08-05 16:14:18,2026-08-05 16:14:18
207074,2043,ERTC4,COMPRA,350,39.2801,2.8635,2026-08-05 11:10:27,2026-08-05 11:10:29,2026-08-05 11:10:29
207075,2965,WXFC8,COMPRA,145,67.4210,5.3734,2026-08-05 16:48:10,2026-08-05 16:48:11,2026-08-05 16:48:11
207076,1171,GFDF2,COMPRA,90,69.4270,6.2739,2026-08-05 10:33:18,2026-08-05 10:33:20,2026-08-05 10:33:20
207077,1666,SGBG8,COMPRA,75,67.6464,10.6476,2026-08-05 13:44:51,2026-08-05 13:44:51,2026-08-05 13:44:51
207078,1439,NQYT3,COMPRA,430,55.4093,0.7959,2026-08-05 13:02:28,2026-08-05 13:02:29,2026-08-05 13:02:29
207079,3372,QYBV3,COMPRA,105,76.7190,2.9363,2026-08-05 14:15:03,2026-08-05 14:15:04,2026-08-05 14:15:04
207080,3071,TXHR8,COMPRA,195,89.5556,12.0826,2026-08-05 15:06:34,2026-08-05 15:06:37,2026-08-05 15:06:37
207081,2158,GKQC5,COMPRA,170,133.0236,0.8683,2026-08-05 16:54:52,2026-08-05 16:54:52,2026-08-05 16:54:52
207082,2515,MGRR2,COMPRA,70,131.4533,1.1414,2026-08-05 17:04:52,2026-08-05 17:04:54,2026-08-05 17:04:54
207083,2146,UCHR6,COMPRA,345,360.1711,12.2659,2026-08-05 10:45:36,2026-08-05 10:45:38,2026-08-05 10:45:38
207084,1073,PZUP8,COMPRA,435,162.7024,6.3611,2026-08-05 13:20:37,2026-08-05 13:20:37,2026-08-05 13:20:37
207085,3299,HCZM2,COMPRA,380,516.8164,1.3476,2026-08-05 13:13:01,2026-08-05 13:13:03,2026-08-05 13:13:03
207086,2598,ZHTL2,COMPRA,335,68.4037,5.0819,2026-08-05 10:34:44,2026-08-05 10:34:45,2026-08-05 10:34:45
207087,1730,UVEY5,COMPRA,165,77.5933,10.3653,2026-08-05 16:04:47,2026-08-05 16:04:50,2026-08-05 16:04:50
207088,2583,GULD2,COMPRA,495,138.4840,4.2894,2026-08-05 11:10:13,2026-08-05 11:10:13,2026-08-05 11:10:13
207089,2204,DMTZ8,COMPRA,420,202.5615,7.3094,2026-08-05 17:00:00,2026-08-05 17:00:01,2026-08-05 17:00:01
207090,3419,ERTC4,COMPRA,165,60.6826,3.4484,2026-08-05 10:02:07,2026-08-05 10:02:08,2026-08-05 10:02:08
207091,1885,QATW7,COMPRA,220,40.3516,1.9379,2026-08-05 16:48:31,2026-08-05 16:48:33,2026-08-05 16:48:33
207092,1115,LCCH9,COMPRA,375,8.8963,4.5544,2026-08-05 16:55:42,2026-08-05 16:55:42,2026-08-05 16:55:42
207093,1404,MGRR2,COMPRA,41,115.3962,3.8663,2026-08-05 15:49:59,2026-08-05 15:50:02,2026-08-05 15:50:02
207094,1103,QTHQ1,COMPRA,245,17.4045,12.6562,2026-08-05 10:01:54,2026-08-05 10:01:57,2026-08-05 10:01:57
207095,1468,BGNM6,COMPRA,500,128.2066,11.4317,2026-08-05 15:07:39,2026-08-05 15:07:40,2026-08-05 15:07:40
207096,1716,YYLA4,COMPRA,230,225.0861,9.4333,2026-08-05 13:11:00,2026-08-05 13:11:03,2026-08-05 13:11:03
207097,3067,MGRR2,COMPRA,75,133.8865,7.4539,2026-08-05 14:10:51,2026-08-05 14:10:51,2026-08-05 14:10:51
207098,2146,GAKD5,COMPRA,25,332.7606,2.1730,2026-08-05 11:05:39,2026-08-05 11:05:41,2026-08-05 11:05:41
207099,2949,TBWG2,COMPRA,125,84.0417,12.2935,2026-08-05 16:39:44,2026-08-05 16:39:44,2026-08-05 16:39:44
207100,2973,RSBT4,COMPRA,235,480.2358,8.6676,2026-08-05 12:25:56,2026-08-05 12:25:59,2026-08-05 12:25:59
207101,2880,DGBT6,COMPRA,390,102.8563,7.0426,2026-08-05 14:16:53,2026-08-05 14:16:54,2026-08-05 14:16:54
207102,3053,JUDG8,COMPRA,45,68.9449,0.1486,2026-08-05 15:04:16,2026-08-05 15:04:17,2026-08-05 15:04:17
207103,1018,QEUC2,COMPRA,239,197.9358,10.1806,2026-08-05 15:37:40,2026-08-05 15:37:42,2026-08-05 15:37:42
207104,1962,MOLF3,COMPRA,485,56.1545,12.8176,2026-08-05 16:03:09,2026-08-05 16:03:12,2026-08-05 16:03:12
207105,1660,LGKU6,COMPRA,175,74.5285,6.2073,2026-08-05 10:31:31,2026-08-05 10:31:34,2026-08-05 10:31:34
207106,2451,NREP8,COMPRA,387,97.5241,11.1329,2026-08-05 15:58:17,2026-08-05 15:58:17,2026-08-05 15:58:17
207107,2901,IPXK2,COMPRA,140,284.6307,7.7422,2026-08-05 12:54:51,2026-08-05 12:54:52,2026-08-05 12:54:52
207108,3274,ENRZ2,COMPRA,125,97.8719,7.0330,2026-08-05 13:38:24,2026-08-05 13:38:24,2026-08-05 13:38:24
207109,2477,QATW7,COMPRA,348,40.1178,1.3113,2026-08-05 12:34:41,2026-08-05 12:34:44,2026-08-05 12:34:44
207110,2156,SVOZ4,COMPRA,419,46.5094,1.0352,2026-08-05 13:10:20,2026-08-05 13:10:22,2026-08-05 13:10:22
207111,2801,CQIL9,VENDA,190,33.6995,2.5836,2026-08-05 17:17:26,2026-08-05 17:17:29,2026-08-05 17:17:29
207112,1793,QTHQ1,COMPRA,220,27.8091,0.3768,2026-08-05 16:06:49,2026-08-05 16:06:50,2026-08-05 16:06:50
207113,2632,UCHR6,COMPRA,365,515.2533,8.6578,2026-08-05 14:50:26,2026-08-05 14:50:29,2026-08-05 14:50:29
207114,1510,GULD2,COMPRA,85,148.7943,2.8980,2026-08-05 10:36:18,2026-08-05 10:36:20,2026-08-05 10:36:20
207115,1598,NAOF3,COMPRA,410,76.9329,8.4063,2026-08-05 10:58:03,2026-08-05 10:58:04,2026-08-05 10:58:04
207116,2021,GKQC5,COMPRA,50,120.5485,4.7675,2026-08-05 15:17:05,2026-08-05 15:17:05,2026-08-05 15:17:05
207117,1617,UYFJ9,COMPRA,415,104.4865,8.6194,2026-08-05 16:23:13,2026-08-05 16:23:16,2026-08-05 16:23:16
207118,2889,NHYK8,COMPRA,500,52.2350,11.9295,2026-08-05 16:44:47,2026-08-05 16:44:48,2026-08-05 16:44:48
207119,1311,BXFJ9,COMPRA,356,170.1618,10.7193,2026-08-05 11:22:03,2026-08-05 11:22:04,2026-08-05 11:22:04
207120,1306,MGRR2,COMPRA,90,104.0865,2.7402,2026-08-05 14:40:00,2026-08-05 14:40:00,2026-08-05 14:40:00
207121,2021,GFDF2,COMPRA,175,70.7946,6.6725,2026-08-05 10:45:40,2026-08-05 10:45:41,2026-08-05 10:45:41
207122,1723,PBZM6,COMPRA,460,51.5145,11.4557,2026-08-05 12:01:49,2026-08-05 12:01:50,2026-08-05 12:01:50
207123,3370,NGIU9,COMPRA,70,123.5951,2.5561,2026-08-05 13:16:27,2026-08-05 13:16:27,2026-08-05 13:16:27
207124,2174,DFGR7,COMPRA,410,76.2711,2.7307,2026-08-05 14:00:52,2026-08-05 14:00:53,2026-08-05 14:00:53
207125,3135,JDJG6,COMPRA,85,83.4425,12.5912,2026-08-05 10:38:46,2026-08-05 10:38:48,2026-08-05 10:38:48
207126,3206,FIUW1,COMPRA,410,90.7012,10.4480,2026-08-05 15:38:31,2026-08-05 15:38:34,2026-08-05 15:38:34
207127,2783,RIET5,COMPRA,265,173.9694,12.0870,2026-08-05 17:03:46,2026-08-05 17:03:48,2026-08-05 17:03:48
207128,1702,XPVA7,COMPRA,5,518.1226,1.7467,2026-08-05 10:38:28,2026-08-05 10:38:30,2026-08-05 10:38:30
207129,2667,ZHTL2,COMPRA,149,59.1117,1.5916,2026-08-05 12:05:03,2026-08-05 12:05:04,2026-08-05 12:05:04
207130,2205,PSEN6,COMPRA,250,238.9195,0.6897,2026-08-05 13:42:28,2026-08-05 13:42:31,2026-08-05 13:42:31
207131,1364,IZTY4,COMPRA,205,36.7922,5.8077,2026-08-05 10:35:02,2026-08-05 10:35:02,2026-08-05 10:35:02
207132,2440,UCHR6,COMPRA,30,372.2477,4.7218,2026-08-05 14:52:24,2026-08-05 14:52:24,2026-08-05 14:52:24
207133,3445,UFIU3,COMPRA,360,89.6350,4.7178,2026-08-05 15:59:59,2026-08-05 16:00:01,2026-08-05 16:00:01
207134,2248,KQEO3,COMPRA,50,71.5072,0.0055,2026-08-05 13:40:11,2026-08-05 13:40:12,2026-08-05 13:40:12
207135,3426,ZFBT3,COMPRA,165,122.1664,3.6076,2026-08-05 15:05:09,2026-08-05 15:05:12,2026-08-05 15:05:12
207136,2800,DHRM5,VENDA,90,360.0247,,2026-08-05 16:40:57,2026-08-05 16:40:59,2026-08-05 16:40:59
207137,3057,QTDZ2,COMPRA,151,52.2574,5.7561,2026-08-05 14:24:25,2026-08-05 14:24:26,2026-08-05 14:24:26
207138,2582,TTHO3,COMPRA,70,33.3777,10.8809,2026-08-05 14:49:34,2026-08-05 14:49:37,2026-08-05 14:49:37
207139,1536,BXFJ9,COMPRA,235,156.6027,11.9550,2026-08-05 14:23:36,2026-08-05 14:23:36,2026-08-05 14:23:36
207140,1905,FIUW1,COMPRA,45,90.7775,7.4170,2026-08-05 13:10:21,2026-08-05 13:10:22,2026-08-05 13:10:22
207141,1515,WXFC8,COMPRA,85,73.0627,6.9591,2026-08-05 14:42:04,2026-08-05 14:42:04,2026-08-05 14:42:04
207142,2533,JIPA6,COMPRA,40,42.4481,7.4469,2026-08-05 14:20:03,2026-08-05 14:20:05,2026-08-05 14:20:05
207143,1511,LGKU6,COMPRA,315,74.1072,9.0354,2026-08-05 10:39:02,2026-08-05 10:39:05,2026-08-05 10:39:05
207144,1358,UCHR6,COMPRA,265,387.5512,1.4480,2026-08-05 13:12:03,2026-08-05 13:12:03,2026-08-05 13:12:03
207145,3286,DFGR7,COMPRA,225,90.7302,4.3162,2026-08-05 16:46:04,2026-08-05 16:46:05,2026-08-05 16:46:05
207146,2253,MCMT2,COMPRA,130,119.4733,0.7526,2026-08-05 12:31:36,2026-08-05 12:31:39,2026-08-05 12:31:39
207147,2307,YRWH3,COMPRA,230,149.4529,0.3773,2026-08-05 12:01:25,2026-08-05 12:01:26,2026-08-05 12:01:26
207148,1272,SVOZ4,COMPRA,150,42.3511,9.4155,2026-08-05 12:12:34,2026-08-05 12:12:34,2026-08-05 12:12:34
207149,1842,OEQA8,COMPRA,125,447.4417,11.5513,2026-08-05 10:19:13,2026-08-05 10:19:15,2026-08-05 10:19:15
207150,2554,KQEO3,COMPRA,230,66.3082,9.2892,2026-08-05 14:53:34,2026-08-05 14:53:34,2026-08-05 14:53:34
207151,1993,XTVW5,COMPRA,286,100.8633,5.2571,2026-08-05 12:43:27,2026-08-05 12:43:30,2026-08-05 12:43:30
207152,1027,AAUA7,COMPRA,165,119.2675,5.7416,2026-08-05 12:56:01,2026-08-05 12:56:03,2026-08-05 12:56:03
207153,3023,VLEB3,COMPRA,245,299.3315,9.7057,2026-08-05 14:31:48,2026-08-05 14:31:51,2026-08-05 14:31:51
207154,3128,TNHT4,COMPRA,415,139.1610,0.0520,2026-08-05 16:51:10,2026-08-05 16:51:11,2026-08-05 16:51:11
207155,3166,WXFC8,COMPRA,303,100.1594,8.4647,2026-08-05 13:16:51,2026-08-05 13:16:54,2026-08-05 13:16:54
207156,2717,WXFC8,COMPRA,225,93.6942,6.2911,2026-08-05 13:51:19,2026-08-05 13:51:20,2026-08-05 13:51:20
207157,1656,OVUQ2,COMPRA,90,41.1073,5.1935,2026-08-05 13:18:19,2026-08-05 13:18:20,2026-08-05 13:18:20
207158,1193,NGIU9,COMPRA,85,116.1430,7.2919,2026-08-05 14:26:53,2026-08-05 14:26:55,2026-08-05 14:26:55
207159,3156,YOWA1,COMPRA,75,54.7374,12.8154,2026-08-05 12:17:17,2026-08-05 12:17:19,2026-08-05 12:17:19
207160,2563,GAKD5,COMPRA,229,341.8400,2.4043,2026-08-05 16:50:36,2026-08-05 16:50:38,2026-08-05 16:50:38
207161,1080,GAKD5,COMPRA,30,244.9851,12.4802,2026-08-05 14:05:05,2026-08-05 14:05:05,2026-08-05 14:05:05
207162,2575,DHRM5,COMPRA,305,280.6105,11.4717,2026-08-05 11:27:58,2026-08-05 11:27:59,2026-08-05 11:27:59
207163,1271,TTHO3,COMPRA,229,36.8829,8.5454,2026-08-05 12:11:20,2026-08-05 12:11:23,2026-08-05 12:11:23
207164,1168,XPVA7,COMPRA,250,461.4212,0.4066,2026-08-05 15:19:01,2026-08-05 15:19:02,2026-08-05 15:19:02
207165,3052,OEQA8,COMPRA,15,436.4287,2.4528,2026-08-05 12:38:45,2026-08-05 12:38:46,2026-08-05 12:38:46
207166,2057,ERTC4,COMPRA,150,41.3015,3.6950,2026-08-05 15:50:52,2026-08-05 15:50:53,2026-08-05 15:50:53
207167,3488,LQML9,COMPRA,220,173.3710,7.7996,2026-08-05 15:29:34,2026-08-05 15:29:34,2026-08-05 15:29:34
207168,1971,UVEY5,COMPRA,152,70.3142,8.3732,2026-08-05 13:09:17,2026-08-05 13:09:18,2026-08-05 13:09:18
207169,1157,OVUQ2,COMPRA,162,49.7696,11.1654,2026-08-05 14:04:02,2026-08-05 14:04:02,2026-08-05 14:04:02
207170,1028,CQJZ4,COMPRA,345,102.9116,8.9003,2026-08-05 16:59:41,2026-08-05 16:59:42,2026-08-05 16:59:42
207171,3219,KHGP6,COMPRA,310,85.3704,8.1017,2026-08-05 12:28:47,2026-08-05 12:28:50,2026-08-05 12:28:50
207172,2816,RHXV4,COMPRA,280,57.1939,10.5667,2026-08-05 11:32:46,2026-08-05 11:32:47,2026-08-05 11:32:47
207173,3148,MCMT2,COMPRA,295,77.2585,0.4673,2026-08-05 15:29:22,2026-08-05 15:29:23,2026-08-05 15:29:23
207174,2384,IWAK1,COMPRA,420,98.8544,6.3915,2026-08-05 11:41:23,2026-08-05 11:41:25,2026-08-05 11:41:25
207175,1985,VLEB3,COMPRA,290,486.5036,11.2110,2026-08-05 14:48:45,2026-08-05 14:48:45,2026-08-05 14:48:45
207176,1788,XTVW5,COMPRA,175,119.0135,10.2016,2026-08-05 10:53:36,2026-08-05 10:53:36,2026-08-05 10:53:36
207177,1791,PQUT9,COMPRA,425,96.5835,6.3822,2026-08-05 12:20:28,2026-08-05 12:20:30,2026-08-05 12:20:30
207178,1470,UQJU7,COMPRA,165,78.7617,6.9486,2026-08-05 15:50:54,2026-08-05 15:50:55,2026-08-05 15:50:55
207179,2664,NAOF3,COMPRA,348,74.1495,2.8763,2026-08-05 14:38:25,2026-08-05 14:38:28,2026-08-05 14:38:28
207180,1090,NWGB4,COMPRA,320,99.0890,2.7484,2026-08-05 17:07:50,2026-08-05 17:07:53,2026-08-05 17:07:53
207181,2570,NGIU9,COMPRA,70,105.1905,5.2576,2026-08-05 15:59:05,2026-08-05 15:59:08,2026-08-05 15:59:08
207182,1176,OVUQ2,COMPRA,325,53.7331,2.8684,2026-08-05 13:53:26,2026-08-05 13:53:27,2026-08-05 13:53:27
207183,1632,PSEN6,COMPRA,75,157.9402,12.1505,2026-08-05 10:07:18,2026-08-05 10:07:18,2026-08-05 10:07:18
207184,3147,DSFC9,COMPRA,450,343.1290,8.7683,2026-08-05 16:55:31,2026-08-05 16:55:31,2026-08-05 16:55:31
207185,2382,MCHX2,COMPRA,425,108.7538,1.0264,2026-08-05 13:18:56,2026-08-05 13:18:56,2026-08-05 13:18:56
207186,2417,QHFL8,COMPRA,400,171.2726,8.5061,2026-08-05 15:22:09,2026-08-05 15:22:10,2026-08-05 15:22:10
207187,2194,RHXV4,COMPRA,500,61.0883,1.6342,2026-08-05 13:19:22,2026-08-05 13:19:23,2026-08-05 13:19:23
207188,1879,PZUP8,COMPRA,290,119.1908,5.5488,2026-08-05 14:28:08,2026-08-05 14:28:09,2026-08-05 14:28:09
207189,3201,YOWA1,COMPRA,300,69.6511,3.7564,2026-08-05 14:57:59,2026-08-05 14:57:59,2026-08-05 14:57:59
207190,1215,MCMT2,COMPRA,325,100.5889,10.2738,2026-08-05 14:38:42,2026-08-05 14:38:42,2026-08-05 14:38:42
207191,1290,VLEB3,COMPRA,150,302.7263,8.3836,2026-08-05 10:47:30,2026-08-05 10:47:33,2026-08-05 10:47:33
207192,1284,KQEO3,COMPRA,120,77.4269,2.9403,2026-08-05 14:16:16,2026-08-05 14:16:18,2026-08-05 14:16:18
207193,1513,HVEX2,COMPRA,20,121.0747,10.0022,2026-08-05 11:36:52,2026-08-05 11:36:55,2026-08-05 11:36:55
207194,3100,WMQZ6,COMPRA,475,62.6373,5.4139,2026-08-05 12:42:25,2026-08-05 12:42:26,2026-08-05 12:42:26
207195,1811,TTHO3,COMPRA,85,39.9247,5.3344,2026-08-05 11:06:24,2026-08-05 11:06:24,2026-08-05 11:06:24
207196,2801,LIEG8,COMPRA,220,79.5090,12.6426,2026-08-05 12:29:20,2026-08-05 12:29:21,2026-08-05 12:29:21
207197,3168,XPVA7,COMPRA,465,398.6020,2.4318,2026-08-05 11:26:20,2026-08-05 11:26:21,2026-08-05 11:26:21
207198,1651,BOCS8,COMPRA,155,49.8209,9.9442,2026-08-05 12:46:11,2026-08-05 12:46:12,2026-08-05 12:46:12
207199,1160,CQIL9,COMPRA,130,39.8325,5.4076,2026-08-05 10:10:54,2026-08-05 10:10:55,2026-08-05 10:10:55
207200,1739,TBWG2,COMPRA,481,71.2209,8.6521,2026-08-05 11:10:00,2026-08-05 11:10:03,2026-08-05 11:10:03
207201,1503,WMQZ6,COMPRA,495,72.2365,3.4088,2026-08-05 12:57:08,2026-08-05 12:57:08,2026-08-05 12:57:08
207202,1676,ERTC4,COMPRA,120,59.9095,3.3792,2026-08-05 16:24:07,2026-08-05 16:24:07,2026-08-05 16:24:07
207203,2751,DFGR7,COMPRA,422,88.2712,7.6035,2026-08-05 14:41:40,2026-08-05 14:41:42,2026-08-05 14:41:42
207204,1330,NPEM3,COMPRA,265,97.2147,5.9841,2026-08-05 13:59:33,2026-08-05 13:59:33,2026-08-05 13:59:33
207205,3351,WIPB2,COMPRA,40,123.8300,2.1106,2026-08-05 12:26:27,2026-08-05 12:26:30,2026-08-05 12:26:30
207206,2799,RMRT1,COMPRA,490,79.1808,2.7012,2026-08-05 14:20:39,2026-08-05 14:20:39,2026-08-05 14:20:39
207207,3404,XAVL3,COMPRA,375,189.8104,5.3639,2026-08-05 10:36:47,2026-08-05 10:36:49,2026-08-05 10:36:49
207208,1710,DFGR7,COMPRA,474,115.1092,9.9068,2026-08-05 13:01:06,2026-08-05 13:01:07,2026-08-05 13:01:07
207209,2755,RSBT4,COMPRA,360,307.6111,1.5161,2026-08-05 11:14:21,2026-08-05 11:14:24,2026-08-05 11:14:24
207210,1076,XTVW5,COMPRA,320,128.3481,5.9710,2026-08-05 16:06:56,2026-08-05 16:06:59,2026-08-05 16:06:59
207211,1221,AAUA7,COMPRA,275,134.2664,8.7403,2026-08-05 16:38:55,2026-08-05 16:38:57,2026-08-05 16:38:57
207212,2267,GFDF2,COMPRA,10,112.2630,9.4489,2026-08-05 17:16:45,2026-08-05 17:16:47,2026-08-05 17:16:47
207213,2558,HCLJ8,COMPRA,360,99.7280,9.6068,2026-08-05 16:20:53,2026-08-05 16:20:56,2026-08-05 16:20:56
207214,1484,DHRM5,COMPRA,162,350.0742,5.8495,2026-08-05 15:39:19,2026-08-05 15:39:21,2026-08-05 15:39:21
207215,3204,ZYVN7,COMPRA,75,72.5994,7.8104,2026-08-05 13:50:12,2026-08-05 13:50:14,2026-08-05 13:50:14
207216,2485,BXFJ9,COMPRA,375,148.9807,2.5224,2026-08-05 17:27:41,2026-08-05 17:27:44,2026-08-05 17:27:44
207217,1414,UQJU7,COMPRA,175,67.1080,1.6778,2026-08-05 11:17:29,2026-08-05 11:17:31,2026-08-05 11:17:31
207218,1400,JIPR4,COMPRA,165,40.6901,5.4575,2026-08-05 13:22:59,2026-08-05 13:22:59,2026-08-05 13:22:59
207219,3280,FRGH8,COMPRA,320,87.7225,1.9741,2026-08-05 11:52:34,2026-08-05 11:52:37,2026-08-05 11:52:37
207220,1738,DMTZ8,COMPRA,342,129.2249,6.5837,2026-08-05 11:25:14,2026-08-05 11:25:15,2026-08-05 11:25:15
207221,1959,HCLJ8,COMPRA,90,120.0974,7.8284,2026-08-05 12:04:02,2026-08-05 12:04:04,2026-08-05 12:04:04
207222,1513,YYLA4,COMPRA,485,239.2426,10.0420,2026-08-05 14:05:12,2026-08-05 14:05:13,2026-08-05 14:05:13
207223,1528,IWFI1,COMPRA,446,187.4045,5.0185,2026-08-05 12:52:13,2026-08-05 12:52:14,2026-08-05 12:52:14
207224,1370,NWGB4,COMPRA,350,101.4169,6.1226,2026-08-05 14:13:56,2026-08-05 14:13:58,2026-08-05 14:13:58
207225,1161,RHXV4,COMPRA,350,69.0926,9.6616,2026-08-05 10:23:38,2026-08-05 10:23:38,2026-08-05 10:23:38
207226,2325,NUJZ2,COMPRA,330,30.4723,1.2542,2026-08-05 16:47:00,2026-08-05 16:47:00,2026-08-05 16:47:00
207227,2045,IPXK2,COMPRA,70,245.7466,3.9740,2026-08-05 12:03:07,2026-08-05 12:03:07,2026-08-05 12:03:07
207228,3143,TXHR8,COMPRA,245,65.5143,11.4250,2026-08-05 15:36:56,2026-08-05 15:36:59,2026-08-05 15:36:59
207229,2591,HCLJ8,COMPRA,75,120.3982,11.3944,2026-08-05 17:09:52,2026-08-05 17:09:53,2026-08-05 17:09:53
207230,2134,CQIL9,COMPRA,160,42.0091,5.8422,2026-08-05 11:52:26,2026-08-05 11:52:27,2026-08-05 11:52:27
207231,1936,JUDG8,COMPRA,165,73.6901,8.1078,2026-08-05 16:24:21,2026-08-05 16:24:21,2026-08-05 16:24:21
207232,1138,TBWG2,COMPRA,447,98.1940,2.1328,2026-08-05 16:31:43,2026-08-05 16:31:43,2026-08-05 16:31:43
207233,1816,QQQS1,COMPRA,55,21.3793,2.6537,2026-08-05 15:58:20,2026-08-05 15:58:23,2026-08-05 15:58:23
207234,3192,EEYY9,COMPRA,159,121.8248,9.7673,2026-08-05 10:10:11,2026-08-05 10:10:12,2026-08-05 10:10:12
207235,1514,XAVL3,COMPRA,440,198.1131,12.6052,2026-08-05 11:23:31,2026-08-05 11:23:33,2026-08-05 11:23:33
207236,1438,YCCK8,COMPRA,70,458.9808,6.6189,2026-08-05 17:26:17,2026-08-05 17:26:17,2026-08-05 17:26:17
207237,2467,XPVA7,COMPRA,490,567.0803,0.0311,2026-08-05 13:21:27,2026-08-05 13:21:29,2026-08-05 13:21:29
207238,1583,YCCK8,COMPRA,55,388.6543,8.6869,2026-08-05 10:54:24,2026-08-05 10:54:24,2026-08-05 10:54:24
207239,2602,RIET5,COMPRA,390,167.6977,3.3688,2026-08-05 10:31:42,2026-08-05 10:31:45,2026-08-05 10:31:45
207240,1057,TNHT4,COMPRA,440,101.0028,3.2636,2026-08-05 14:54:40,2026-08-05 14:54:41,2026-08-05 14:54:41
207241,1741,GKQC5,COMPRA,420,133.0252,9.0648,2026-08-05 10:06:15,2026-08-05 10:06:15,2026-08-05 10:06:15
207242,2853,LCCH9,COMPRA,10,7.7638,3.9984,2026-08-05 13:13:25,2026-08-05 13:13:26,2026-08-05 13:13:26
207243,1249,RYPL6,COMPRA,274,99.6959,1.7649,2026-08-05 13:40:11,2026-08-05 13:40:14,2026-08-05 13:40:14
207244,1414,GFDF2,COMPRA,190,111.1780,8.6753,2026-08-05 15:33:54,2026-08-05 15:33:56,2026-08-05 15:33:56
207245,2349,HCLJ8,COMPRA,265,131.2813,4.3443,2026-08-05 11:33:17,2026-08-05 11:33:18,2026-08-05 11:33:18
207246,1969,OVUQ2,COMPRA,135,59.4933,4.4015,2026-08-05 11:14:18,2026-08-05 11:14:19,2026-08-05 11:14:19
207247,2743,JDJG6,COMPRA,178,74.8660,2.7910,2026-08-05 10:07:28,2026-08-05 10:07:31,2026-08-05 10:07:31
207248,2896,YRWH3,COMPRA,405,180.5437,7.5884,2026-08-05 13:59:36,2026-08-05 13:59:37,2026-08-05 13:59:37
207249,2745,ACSV1,COMPRA,225,100.1702,5.1870,2026-08-05 12:38:12,2026-08-05 12:38:15,2026-08-05 12:38:15
207250,1988,ZAAS7,COMPRA,50,479.7822,0.0173,2026-08-05 11:00:16,2026-08-05 11:00:18,2026-08-05 11:00:18
207251,2170,XTVW5,COMPRA,175,131.6308,9.1386,2026-08-05 11:56:35,2026-08-05 11:56:37,2026-08-05 11:56:37
207252,1247,RSBT4,COMPRA,415,505.6827,7.5674,2026-08-05 10:28:43,2026-08-05 10:28:45,2026-08-05 10:28:45
207253,2624,OEQA8,COMPRA,205,496.6941,0.6793,2026-08-05 10:50:22,2026-08-05 10:50:23,2026-08-05 10:50:23
207254,1292,QYBV3,COMPRA,178,73.4800,11.9704,2026-08-05 16:00:28,2026-08-05 16:00:31,2026-08-05 16:00:31
207255,1827,TTHO3,COMPRA,455,39.6839,6.4447,2026-08-05 14:14:23,2026-08-05 14:14:24,2026-08-05 14:14:24
207256,2818,JUDG8,COMPRA,380,81.7834,4.8086,2026-08-05 12:14:23,2026-08-05 12:14:24,2026-08-05 12:14:24
207257,2357,WHMT3,COMPRA,260,95.2303,8.6872,2026-08-05 14:55:59,2026-08-05 14:56:02,2026-08-05 14:56:02
207258,1373,OXVD8,COMPRA,135,62.8937,3.4573,2026-08-05 16:45:48,2026-08-05 16:45:51,2026-08-05 16:45:51
207259,1395,SVOZ4,COMPRA,195,47.4345,5.3360,2026-08-05 12:23:50,2026-08-05 12:23:50,2026-08-05 12:23:50
207260,1076,ZHTL2,COMPRA,325,76.6796,0.6250,2026-08-05 14:10:22,2026-08-05 14:10:23,2026-08-05 14:10:23
207261,1898,IZTY4,COMPRA,330,29.7252,12.7119,2026-08-05 15:31:36,2026-08-05 15:31:39,2026-08-05 15:31:39
207262,1126,AAUA7,COMPRA,480,120.3677,12.6306,2026-08-05 14:36:29,2026-08-05 14:36:32,2026-08-05 14:36:32
207263,1153,HJRH5,COMPRA,420,196.9044,12.4568,2026-08-05 12:05:54,2026-08-05 12:05:57,2026-08-05 12:05:57
207264,1942,WMQZ6,COMPRA,35,92.1025,6.2718,2026-08-05 16:20:52,2026-08-05 16:20:53,2026-08-05 16:20:53
207265,3173,IWFI1,COMPRA,130,180.2484,4.0772,2026-08-05 10:41:00,2026-08-05 10:41:00,2026-08-05 10:41:00
207266,2113,MJDL9,COMPRA,180,39.6828,12.7356,2026-08-05 15:59:10,2026-08-05 15:59:10,2026-08-05 15:59:10
207267,1267,RIET5,COMPRA,148,155.9520,8.6350,2026-08-05 11:56:48,2026-08-05 11:56:51,2026-08-05 11:56:51
207268,2980,NQYT3,COMPRA,324,56.8678,3.7373,2026-08-05 14:54:19,2026-08-05 14:54:22,2026-08-05 14:54:22
207269,2389,IZTY4,COMPRA,32,37.7391,7.9451,2026-08-05 12:33:22,2026-08-05 12:33:24,2026-08-05 12:33:24
207270,1499,SRDU1,COMPRA,375,66.5840,9.6313,2026-08-05 12:35:31,2026-08-05 12:35:31,2026-08-05 12:35:31
207271,1808,JJVW6,VENDA,335,147.2959,10.1016,2026-08-05 12:08:46,2026-08-05 12:08:47,2026-08-05 12:08:47
207272,2133,SRDU1,COMPRA,310,91.9368,9.1736,2026-08-05 10:57:34,2026-08-05 10:57:36,2026-08-05 10:57:36
207273,1036,YYLA4,COMPRA,483,159.3903,11.8045,2026-08-05 11:10:33,2026-08-05 11:10:35,2026-08-05 11:10:35
207274,1329,ENRZ2,COMPRA,345,100.4600,7.9882,2026-08-05 14:28:25,2026-08-05 14:28:26,2026-08-05 14:28:26
207275,3081,GFDF2,COMPRA,175,101.2085,4.5265,2026-08-05 10:51:42,2026-08-05 10:51:42,2026-08-05 10:51:42
207276,3417,JDJG6,COMPRA,170,73.4631,2.6273,2026-08-05 14:31:10,2026-08-05 14:31:13,2026-08-05 14:31:13
207277,3429,IWFI1,COMPRA,210,134.3793,9.8751,2026-08-05 14:35:39,2026-08-05 14:35:39,2026-08-05 14:35:39
207278,1495,NREP8,COMPRA,135,131.0230,1.3181,2026-08-05 14:42:51,2026-08-05 14:42:54,2026-08-05 14:42:54
207279,2729,SVOZ4,COMPRA,80,48.1002,4.3987,2026-08-05 14:50:23,2026-08-05 14:50:26,2026-08-05 14:50:26
207280,1200,ENRZ2,COMPRA,500,85.6449,12.2304,2026-08-05 17:20:29,2026-08-05 17:20:31,2026-08-05 17:20:31
207281,2771,UQIQ7,COMPRA,90,100.0114,8.7050,2026-08-05 16:33:25,2026-08-05 16:33:26,2026-08-05 16:33:26
207282,3471,QYBV3,COMPRA,440,74.5247,11.8335,2026-08-05 15:43:41,2026-08-05 15:43:43,2026-08-05 15:43:43
207283,3327,TVCE9,COMPRA,280,82.9032,0.4790,2026-08-05 12:29:50,2026-08-05 12:29:52,2026-08-05 12:29:52
207284,1747,IPXK2,COMPRA,90,334.7939,3.9198,2026-08-05 12:10:25,2026-08-05 12:10:25,2026-08-05 12:10:25
207285,1071,IWFI1,COMPRA,345,184.1960,12.6318,2026-08-05 11:54:07,2026-08-05 11:54:09,2026-08-05 11:54:09
207286,3381,ENRZ2,COMPRA,90,107.4941,4.5414,2026-08-05 12:12:17,2026-08-05 12:12:18,2026-08-05 12:12:18
207287,2606,BGNM6,COMPRA,160,100.3418,11.8304,2026-08-05 10:36:27,2026-08-05 10:36:30,2026-08-05 10:36:30
207288,2539,JJVW6,COMPRA,365,149.2040,8.8387,2026-08-05 11:40:25,2026-08-05 11:40:26,2026-08-05 11:40:26
207289,1656,DEGN5,COMPRA,220,75.0335,11.7333,2026-08-05 15:10:00,2026-08-05 15:10:01,2026-08-05 15:10:01
207290,2202,LIEG8,COMPRA,440,97.5528,9.2220,2026-08-05 10:45:49,2026-08-05 10:45:50,2026-08-05 10:45:50
207291,3191,ZAAS7,COMPRA,380,356.2516,9.9874,2026-08-05 16:48:00,2026-08-05 16:48:01,2026-08-05 16:48:01
207292,3402,JJVW6,COMPRA,120,105.7311,2.6531,2026-08-05 12:30:35,2026-08-05 12:30:38,2026-08-05 12:30:38
207293,1108,ZHTL2,COMPRA,310,55.2858,12.5029,2026-08-05 14:44:08,2026-08-05 14:44:09,2026-08-05 14:44:09
207294,2822,DHRM5,COMPRA,470,354.0058,5.4152,2026-08-05 11:26:13,2026-08-05 11:26:15,2026-08-05 11:26:15
207295,3317,RYPL6,COMPRA,299,67.1407,4.1961,2026-08-05 11:51:06,2026-08-05 11:51:06,2026-08-05 11:51:06
207296,3280,QTDZ2,COMPRA,250,58.4256,12.1049,2026-08-05 10:35:15,2026-08-05 10:35:16,2026-08-05 10:35:16
207297,2904,GAKD5,COMPRA,318,314.8808,1.0061,2026-08-05 14:12:12,2026-08-05 14:12:14,2026-08-05 14:12:14
207298,1267,RFNS7,COMPRA,320,98.4068,5.0943,2026-08-05 14:57:50,2026-08-05 14:57:53,2026-08-05 14:57:53
207299,3059,RMRT1,COMPRA,405,82.1234,3.1744,2026-08-05 11:57:13,2026-08-05 11:57:13,2026-08-05 11:57:13
207300,3390,WXQM6,COMPRA,85,43.6851,11.4250,2026-08-05 16:31:54,2026-08-05 16:31:55,2026-08-05 16:31:55
207301,2093,NREP8,COMPRA,75,140.4550,1.7025,2026-08-05 12:15:51,2026-08-05 12:15:51,2026-08-05 12:15:51
207302,1776,DEGN5,COMPRA,465,93.2636,7.4688,2026-08-05 17:01:45,2026-08-05 17:01:46,2026-08-05 17:01:46
207303,2110,NYGT6,COMPRA,125,112.7722,4.3598,2026-08-05 13:27:51,2026-08-05 13:27:51,2026-08-05 13:27:51
207304,1488,NHYK8,COMPRA,198,83.5639,7.1538,2026-08-05 11:30:44,2026-08-05 11:30:47,2026-08-05 11:30:47
207305,3147,OEQA8,COMPRA,280,469.8224,5.8055,2026-08-05 16:43:25,2026-08-05 16:43:25,2026-08-05 16:43:25
207306,2053,OEQA8,VENDA,460,373.1349,8.8783,2026-08-05 10:05:38,2026-08-05 10:05:38,2026-08-05 10:05:38
207307,2766,ECQD7,COMPRA,16,72.5236,3.5426,2026-08-05 12:25:49,2026-08-05 12:25:50,2026-08-05 12:25:50
207308,1347,TBWG2,COMPRA,325,95.1957,6.8246,2026-08-05 10:24:03,2026-08-05 10:24:04,2026-08-05 10:24:04
207309,3201,TVCE9,VENDA,400,72.1930,1.5505,2026-08-05 13:18:43,2026-08-05 13:18:45,2026-08-05 13:18:45
207310,2454,DEGN5,COMPRA,110,77.6268,,2026-08-05 17:23:40,2026-08-05 17:23:42,2026-08-05 17:23:42
207311,2944,XTVW5,COMPRA,490,91.5964,7.7364,2026-08-05 11:09:26,2026-08-05 11:09:28,2026-08-05 11:09:28
207312,3409,YOWA1,COMPRA,365,67.2427,8.2040,2026-08-05 14:41:00,2026-08-05 14:41:03,2026-08-05 14:41:03
207313,3192,ECQD7,COMPRA,15,107.9920,8.4216,2026-08-05 16:23:34,2026-08-05 16:23:35,2026-08-05 16:23:35
207314,3460,JJVW6,COMPRA,349,157.7505,3.1931,2026-08-05 12:44:10,2026-08-05 12:44:11,2026-08-05 12:44:11
207315,2470,RSBT4,COMPRA,65,357.8003,12.5064,2026-08-05 16:48:59,2026-08-05 16:49:00,2026-08-05 16:49:00
207316,1219,ICSU4,COMPRA,90,118.0269,1.4864,2026-08-05 10:53:31,2026-08-05 10:53:34,2026-08-05 10:53:34
207317,3447,HCLJ8,COMPRA,220,89.1601,10.8462,2026-08-05 14:03:13,2026-08-05 14:03:15,2026-08-05 14:03:15
207318,2628,GKQC5,COMPRA,475,124.6633,4.6364,2026-08-05 10:09:09,2026-08-05 10:09:10,2026-08-05 10:09:10
207319,1479,OXVD8,COMPRA,400,87.8967,1.2571,2026-08-05 12:31:30,2026-08-05 12:31:33,2026-08-05 12:31:33
207320,1279,RHXV4,COMPRA,365,57.2698,11.0609,2026-08-05 15:07:30,2026-08-05 15:07:33,2026-08-05 15:07:33
207321,1096,JDJG6,COMPRA,298,78.2284,0.4342,2026-08-05 15:04:59,2026-08-05 15:05:01,2026-08-05 15:05:01
207322,2362,OVYL9,COMPRA,440,63.0222,12.4978,2026-08-05 11:01:21,2026-08-05 11:01:22,2026-08-05 11:01:22
207323,1407,QTHQ1,COMPRA,325,22.0561,7.4559,2026-08-05 12:17:23,2026-08-05 12:17:25,2026-08-05 12:17:25
207324,3490,WMQZ6,COMPRA,410,82.5034,5.5445,2026-08-05 16:44:41,2026-08-05 16:44:43,2026-08-05 16:44:43
207325,2089,TTHO3,COMPRA,375,34.2949,3.5057,2026-08-05 16:05:06,2026-08-05 16:05:07,2026-08-05 16:05:07
207326,2442,ACSV1,COMPRA,465,115.0463,4.4695,2026-08-05 11:15:47,2026-08-05 11:15:50,2026-08-05 11:15:50
207327,1215,SUZL4,COMPRA,380,159.3602,2.6312,2026-08-05 13:02:44,2026-08-05 13:02:47,2026-08-05 13:02:47
207328,1416,ENRZ2,COMPRA,125,112.4509,7.0811,2026-08-05 13:49:14,2026-08-05 13:49:15,2026-08-05 13:49:15
207329,3424,FRGH8,COMPRA,115,96.2365,6.7131,2026-08-05 11:48:35,2026-08-05 11:48:36,2026-08-05 11:48:36
207330,1568,CQJZ4,COMPRA,185,107.6605,10.5987,2026-08-05 15:20:27,2026-08-05 15:20:29,2026-08-05 15:20:29
207331,3179,XPVA7,COMPRA,66,367.8192,4.3415,2026-08-05 15:50:42,2026-08-05 15:50:43,2026-08-05 15:50:43
207332,3089,XAVL3,COMPRA,350,207.3018,6.1054,2026-08-05 14:09:34,2026-08-05 14:09:36,2026-08-05 14:09:36
207333,2082,WXQM6,COMPRA,155,38.3877,8.9430,2026-08-05 14:02:50,2026-08-05 14:02:53,2026-08-05 14:02:53
207334,3256,KQEO3,COMPRA,470,90.6009,6.3669,2026-08-05 16:20:15,2026-08-05 16:20:17,2026-08-05 16:20:17
207335,3329,DGBT6,COMPRA,210,94.7769,9.0697,2026-08-05 17:27:32,2026-08-05 17:27:33,2026-08-05 17:27:33
207336,2301,NGIU9,COMPRA,240,112.8370,4.8317,2026-08-05 12:44:18,2026-08-05 12:44:18,2026-08-05 12:44:18
207337,1523,HCZM2,COMPRA,110,536.7548,12.6690,2026-08-05 11:40:15,2026-08-05 11:40:17,2026-08-05 11:40:17
207338,1397,HCZM2,COMPRA,275,394.0802,6.3614,2026-08-05 17:12:33,2026-08-05 17:12:34,2026-08-05 17:12:34
207339,2910,BSDJ7,COMPRA,245,196.2994,11.1814,2026-08-05 13:07:14,2026-08-05 13:07:14,2026-08-05 13:07:14
207340,1948,WMQZ6,COMPRA,103,95.3859,6.8130,2026-08-05 16:41:21,2026-08-05 16:41:22,2026-08-05 16:41:22
207341,3451,AAWB3,COMPRA,10,173.8171,10.2054,2026-08-05 13:01:00,2026-08-05 13:01:02,2026-08-05 13:01:02
207342,1783,BSDJ7,COMPRA,330,235.6197,9.5360,2026-08-05 15:26:42,2026-08-05 15:26:43,2026-08-05 15:26:43
207343,3454,QATW7,COMPRA,360,56.8868,9.7971,2026-08-05 14:04:13,2026-08-05 14:04:13,2026-08-05 14:04:13
207344,1178,ACSV1,COMPRA,30,104.6958,3.5707,2026-08-05 11:43:13,2026-08-05 11:43:16,2026-08-05 11:43:16
207345,1612,SVOZ4,COMPRA,374,42.9168,9.5581,2026-08-05 11:08:17,2026-08-05 11:08:17,2026-08-05 11:08:17
207346,2436,DQSN6,COMPRA,245,116.3109,7.8517,2026-08-05 16:15:50,2026-08-05 16:15:50,2026-08-05 16:15:50
207347,3000,DQSN6,COMPRA,330,143.8896,0.0499,2026-08-05 16:38:05,2026-08-05 16:38:05,2026-08-05 16:38:05
207348,2869,KQEO3,COMPRA,400,73.7873,12.1288,2026-08-05 17:19:56,2026-08-05 17:19:58,2026-08-05 17:19:58
207349,2733,MGRR2,COMPRA,484,163.8152,12.3141,2026-08-05 13:51:51,2026-08-05 13:51:51,2026-08-05 13:51:51
207350,3277,HCLJ8,COMPRA,490,86.7984,8.3626,2026-08-05 11:23:02,2026-08-05 11:23:03,2026-08-05 11:23:03
207351,3070,HJRH5,VENDA,65,156.6861,9.2952,2026-08-05 15:59:31,2026-08-05 15:59:33,2026-08-05 15:59:33
207352,2172,AAWB3,COMPRA,417,142.8473,9.5026,2026-08-05 15:53:50,2026-08-05 15:53:53,2026-08-05 15:53:53
207353,1761,AAUA7,COMPRA,470,113.1566,3.6540,2026-08-05 17:06:53,2026-08-05 17:06:53,2026-08-05 17:06:53
207354,2688,HCZM2,COMPRA,180,494.9971,7.6466,2026-08-05 11:20:27,2026-08-05 11:20:28,2026-08-05 11:20:28
207355,2821,BOCS8,COMPRA,470,49.8711,3.3342,2026-08-05 16:27:57,2026-08-05 16:27:57,2026-08-05 16:27:57
207356,1844,PBZM6,COMPRA,360,67.9857,4.3594,2026-08-05 16:54:27,2026-08-05 16:54:28,2026-08-05 16:54:28
207357,2751,PSEN6,COMPRA,150,208.7286,11.0280,2026-08-05 15:45:22,2026-08-05 15:45:25,2026-08-05 15:45:25
207358,1195,AAUA7,COMPRA,70,161.5770,11.7528,2026-08-05 11:21:34,2026-08-05 11:21:36,2026-08-05 11:21:36
207359,2868,NHYK8,COMPRA,55,73.4213,9.5967,2026-08-05 17:04:24,2026-08-05 17:04:24,2026-08-05 17:04:24
207360,1216,XOVY4,COMPRA,310,86.0381,0.8073,2026-08-05 17:11:01,2026-08-05 17:11:02,2026-08-05 17:11:02
207361,3291,VLEB3,COMPRA,30,320.7270,4.7052,2026-08-05 12:10:44,2026-08-05 12:10:44,2026-08-05 12:10:44
207362,3151,ERTC4,COMPRA,251,48.3097,4.9483,2026-08-05 15:13:52,2026-08-05 15:13:55,2026-08-05 15:13:55
207363,3060,LIEG8,COMPRA,127,111.0454,12.8986,2026-08-05 12:24:27,2026-08-05 12:24:28,2026-08-05 12:24:28
207364,3396,JJVW6,COMPRA,90,123.8551,7.3125,2026-08-05 17:29:46,2026-08-05 17:29:48,2026-08-05 17:29:48
207365,1545,KHGP6,COMPRA,100,102.8846,1.8181,2026-08-05 16:52:35,2026-08-05 16:52:35,2026-08-05 16:52:35
207366,1846,ACSV1,COMPRA,476,111.3818,12.6401,2026-08-05 12:19:14,2026-08-05 12:19:17,2026-08-05 12:19:17
207367,1375,YOWA1,COMPRA,390,60.0778,4.2615,2026-08-05 12:36:55,2026-08-05 12:36:56,2026-08-05 12:36:56
207368,1500,WMQZ6,COMPRA,489,82.0733,10.4970,2026-08-05 12:06:36,2026-08-05 12:06:36,2026-08-05 12:06:36
207369,3130,OEQA8,COMPRA,460,517.6293,1.9603,2026-08-05 13:42:16,2026-08-05 13:42:16,2026-08-05 13:42:16
207370,3422,NPEM3,COMPRA,90,123.7681,1.0310,2026-08-05 12:49:37,2026-08-05 12:49:40,2026-08-05 12:49:40
207371,3121,XPVA7,COMPRA,55,385.3355,2.2861,2026-08-05 16:42:08,2026-08-05 16:42:08,2026-08-05 16:42:08
207372,1823,WXFC8,COMPRA,327,99.6891,4.4203,2026-08-05 13:05:33,2026-08-05 13:05:36,2026-08-05 13:05:36
207373,2287,NQYT3,COMPRA,370,62.1096,5.2123,2026-08-05 12:09:49,2026-08-05 12:09:51,2026-08-05 12:09:51
207374,3066,AAUA7,COMPRA,309,143.3124,2.5371,2026-08-05 11:59:10,2026-08-05 11:59:12,2026-08-05 11:59:12
207375,2484,NHYK8,COMPRA,240,56.7187,0.6730,2026-08-05 14:43:54,2026-08-05 14:43:56,2026-08-05 14:43:56
207376,2686,ERTC4,COMPRA,80,58.1819,12.0923,2026-08-05 10:52:54,2026-08-05 10:52:57,2026-08-05 10:52:57
207377,1723,TVCE9,COMPRA,260,84.9762,5.7521,2026-08-05 12:29:55,2026-08-05 12:29:57,2026-08-05 12:29:57
207378,2683,HVEX2,COMPRA,330,151.5025,7.9147,2026-08-05 11:21:49,2026-08-05 11:21:50,2026-08-05 11:21:50
207379,2548,HJRH5,COMPRA,390,149.7024,3.4051,2026-08-05 16:35:27,2026-08-05 16:35:30,2026-08-05 16:35:30
207380,3026,UCHR6,COMPRA,55,426.1304,2.2192,2026-08-05 14:53:37,2026-08-05 14:53:40,2026-08-05 14:53:40
207381,2424,DHRM5,COMPRA,60,322.2348,12.0843,2026-08-05 12:46:57,2026-08-05 12:47:00,2026-08-05 12:47:00
207382,2008,OXVD8,COMPRA,100,70.4922,0.6937,2026-08-05 15:54:18,2026-08-05 15:54:18,2026-08-05 15:54:18
207383,3431,UCHR6,COMPRA,340,406.3182,8.5383,2026-08-05 10:54:33,2026-08-05 10:54:36,2026-08-05 10:54:36
207384,1599,XPVA7,COMPRA,360,493.2119,7.3676,2026-08-05 13:22:10,2026-08-05 13:22:10,2026-08-05 13:22:10
207385,1656,NREP8,COMPRA,425,95.2801,6.1061,2026-08-05 16:08:20,2026-08-05 16:08:22,2026-08-05 16:08:22
207386,3505,YOWA1,COMPRA,460,54.3500,11.1382,2026-08-05 16:13:02,2026-08-05 16:13:02,2026-08-05 16:13:02
207387,1966,TNHT4,COMPRA,336,98.2679,1.7412,2026-08-05 12:19:45,2026-08-05 12:19:45,2026-08-05 12:19:45
207388,1336,XTVW5,COMPRA,162,84.9213,12.7933,2026-08-05 10:15:49,2026-08-05 10:15:52,2026-08-05 10:15:52
207389,2098,YRWH3,COMPRA,480,182.2734,8.9602,2026-08-05 16:19:02,2026-08-05 16:19:04,2026-08-05 16:19:04
207390,2481,EEYY9,COMPRA,170,161.6060,6.4068,2026-08-05 15:05:12,2026-08-05 15:05:15,2026-08-05 15:05:15
207391,1684,ICSU4,COMPRA,330,130.7563,7.2587,2026-08-05 12:37:41,2026-08-05 12:37:44,2026-08-05 12:37:44
207392,3140,IPXK2,COMPRA,375,357.0543,12.5268,2026-08-05 10:39:10,2026-08-05 10:39:13,2026-08-05 10:39:13
207393,2554,QTHQ1,COMPRA,120,28.3711,2.0397,2026-08-05 11:03:36,2026-08-05 11:03:36,2026-08-05 11:03:36
207394,2344,PSEN6,COMPRA,205,150.2627,5.9403,2026-08-05 16:01:00,2026-08-05 16:01:01,2026-08-05 16:01:01
207395,1529,NQYT3,COMPRA,50,73.9094,3.4421,2026-08-05 12:24:45,2026-08-05 12:24:45,2026-08-05 12:24:45
207396,1134,TXHR8,COMPRA,95,72.7325,0.0663,2026-08-05 17:26:12,2026-08-05 17:26:15,2026-08-05 17:26:15
207397,2804,LCCH9,COMPRA,255,8.1498,2.0789,2026-08-05 10:54:38,2026-08-05 10:54:41,2026-08-05 10:54:41
207398,2762,XLZM9,COMPRA,250,62.7468,,2026-08-05 16:24:03,2026-08-05 16:24:05,2026-08-05 16:24:05
207399,2034,PBZM6,COMPRA,45,47.3823,5.4670,2026-08-05 11:58:30,2026-08-05 11:58:33,2026-08-05 11:58:33
207400,1944,KQEO3,COMPRA,30,72.0267,0.8628,2026-08-05 17:23:32,2026-08-05 17:23:34,2026-08-05 17:23:34
207401,1654,UQJU7,COMPRA,495,75.3779,1.0773,2026-08-05 10:36:28,2026-08-05 10:36:30,2026-08-05 10:36:30
207402,1557,WIPB2,COMPRA,495,135.8586,0.1051,2026-08-05 16:08:26,2026-08-05 16:08:28,2026-08-05 16:08:28
207403,3209,YCCK8,COMPRA,110,459.2742,12.2059,2026-08-05 13:16:28,2026-08-05 13:16:30,2026-08-05 13:16:30
207404,2608,SRDU1,COMPRA,465,82.8461,4.1263,2026-08-05 11:21:10,2026-08-05 11:21:13,2026-08-05 11:21:13
207405,3139,LGKU6,COMPRA,470,86.4351,11.4431,2026-08-05 10:13:15,2026-08-05 10:13:18,2026-08-05 10:13:18
207406,2329,BSDJ7,COMPRA,145,293.0005,4.1311,2026-08-05 14:12:04,2026-08-05 14:12:07,2026-08-05 14:12:07
207407,1612,DHRM5,COMPRA,17,308.1012,5.7250,2026-08-05 12:38:44,2026-08-05 12:38:45,2026-08-05 12:38:45
207408,2358,JDJG6,COMPRA,185,68.5099,3.1558,2026-08-05 12:54:43,2026-08-05 12:54:44,2026-08-05 12:54:44
207409,1007,FIUW1,COMPRA,35,119.7949,12.0649,2026-08-05 13:59:35,2026-08-05 13:59:35,2026-08-05 13:59:35
207410,1872,TBWG2,COMPRA,335,84.9855,4.0156,2026-08-05 12:27:32,2026-08-05 12:27:34,2026-08-05 12:27:34
207411,2456,DEGN5,COMPRA,105,94.7684,3.9026,2026-08-05 13:33:26,2026-08-05 13:33:28,2026-08-05 13:33:28
207412,1734,CQJZ4,COMPRA,428,108.3367,2.9132,2026-08-05 15:28:38,2026-08-05 15:28:41,2026-08-05 15:28:41
207413,1457,QTDZ2,COMPRA,435,47.0910,12.0465,2026-08-05 11:46:12,2026-08-05 11:46:15,2026-08-05 11:46:15
207414,3458,KQEO3,COMPRA,174,78.3237,7.9475,2026-08-05 14:22:02,2026-08-05 14:22:05,2026-08-05 14:22:05
207415,2478,PQUT9,COMPRA,295,83.5004,10.7607,2026-08-05 16:19:56,2026-08-05 16:19:56,2026-08-05 16:19:56
207416,2089,KQEO3,COMPRA,85,67.4910,1.6791,2026-08-05 14:01:26,2026-08-05 14:01:26,2026-08-05 14:01:26
207417,1125,ERTC4,COMPRA,30,55.7511,1.6066,2026-08-05 14:00:25,2026-08-05 14:00:28,2026-08-05 14:00:28
207418,1245,JIPR4,COMPRA,30,30.1650,6.9754,2026-08-05 13:40:40,2026-08-05 13:40:41,2026-08-05 13:40:41
207419,3407,ENRZ2,COMPRA,25,84.0941,1.7819,2026-08-05 16:47:47,2026-08-05 16:47:48,2026-08-05 16:47:48
207420,1064,YCCK8,COMPRA,250,382.3097,6.3681,2026-08-05 11:35:23,2026-08-05 11:35:25,2026-08-05 11:35:25
207421,1684,UYFJ9,COMPRA,30,98.1528,7.8550,2026-08-05 14:02:28,2026-08-05 14:02:28,2026-08-05 14:02:28
207422,2179,DQSN6,COMPRA,306,139.7992,5.4473,2026-08-05 10:46:03,2026-08-05 10:46:04,2026-08-05 10:46:04
207423,3075,MGRR2,COMPRA,470,107.2384,1.9140,2026-08-05 15:50:32,2026-08-05 15:50:33,2026-08-05 15:50:33
207424,2044,NHYK8,COMPRA,200,60.0223,4.0578,2026-08-05 12:25:03,2026-08-05 12:25:04,2026-08-05 12:25:04
207425,2127,RIET5,COMPRA,300,154.5484,3.3261,2026-08-05 12:53:00,2026-08-05 12:53:00,2026-08-05 12:53:00
207426,1533,MOLF3,COMPRA,480,50.8460,10.5010,2026-08-05 10:02:04,2026-08-05 10:02:04,2026-08-05 10:02:04
207427,1037,JIPA6,COMPRA,343,36.8853,11.3175,2026-08-05 11:00:06,2026-08-05 11:00:06,2026-08-05 11:00:06
207428,2008,DHRM5,COMPRA,480,288.1272,0.8275,2026-08-05 15:54:41,2026-08-05 15:54:44,2026-08-05 15:54:44
207429,3206,IWAK1,COMPRA,299,94.0604,3.0051,2026-08-05 14:21:46,2026-08-05 14:21:46,2026-08-05 14:21:46
207430,1579,HCZM2,COMPRA,485,343.5978,7.4682,2026-08-05 14:42:55,2026-08-05 14:42:57,2026-08-05 14:42:57
207431,2684,ECQD7,COMPRA,160,86.5259,4.6712,2026-08-05 11:54:21,2026-08-05 11:54:23,2026-08-05 11:54:23
207432,1124,ERTC4,COMPRA,415,44.6352,12.2257,2026-08-05 17:02:58,2026-08-05 17:02:59,2026-08-05 17:02:59
207433,1984,XOVY4,COMPRA,355,102.0241,2.4250,2026-08-05 16:18:36,2026-08-05 16:18:38,2026-08-05 16:18:38
207434,2136,BOCS8,COMPRA,430,46.6728,2.3447,2026-08-05 10:51:00,2026-08-05 10:51:00,2026-08-05 10:51:00
207435,1578,WXQM6,COMPRA,300,41.1066,4.7790,2026-08-05 11:36:26,2026-08-05 11:36:28,2026-08-05 11:36:28
207436,1366,PSEN6,COMPRA,360,197.5159,11.2567,2026-08-05 10:42:39,2026-08-05 10:42:39,2026-08-05 10:42:39
207437,1765,GULD2,COMPRA,35,146.0619,12.5358,2026-08-05 14:52:25,2026-08-05 14:52:28,2026-08-05 14:52:28
207438,3194,PBZM6,COMPRA,197,75.0605,1.0617,2026-08-05 17:03:47,2026-08-05 17:03:50,2026-08-05 17:03:50
207439,2744,TBWG2,COMPRA,455,69.8796,3.6229,2026-08-05 12:04:15,2026-08-05 12:04:17,2026-08-05 12:04:17
207440,1882,PQUT9,COMPRA,112,63.4385,11.8990,2026-08-05 14:21:41,2026-08-05 14:21:41,2026-08-05 14:21:41
207441,2010,FYZB6,COMPRA,355,54.1035,7.2227,2026-08-05 12:17:58,2026-08-05 12:18:01,2026-08-05 12:18:01
207442,2689,GAKD5,COMPRA,230,301.2629,3.9236,2026-08-05 11:20:38,2026-08-05 11:20:38,2026-08-05 11:20:38
207443,3064,IJJK3,COMPRA,455,101.8338,11.3974,2026-08-05 14:50:34,2026-08-05 14:50:35,2026-08-05 14:50:35
207444,2339,UQIQ7,COMPRA,56,67.9108,10.6302,2026-08-05 14:30:11,2026-08-05 14:30:11,2026-08-05 14:30:11
207445,2619,FIUW1,COMPRA,80,85.8814,10.6563,2026-08-05 16:19:39,2026-08-05 16:19:41,2026-08-05 16:19:41
207446,2215,WXQM6,COMPRA,205,57.9516,4.7125,2026-08-05 12:34:32,2026-08-05 12:34:32,2026-08-05 12:34:32
207447,2994,IJJK3,COMPRA,60,121.4828,2.7272,2026-08-05 14:43:09,2026-08-05 14:43:09,2026-08-05 14:43:09
207448,1285,WXFC8,COMPRA,195,99.4045,10.1706,2026-08-05 14:18:21,2026-08-05 14:18:23,2026-08-05 14:18:23
207449,2771,NGIU9,COMPRA,13,109.1714,4.8663,2026-08-05 16:01:58,2026-08-05 16:02:00,2026-08-05 16:02:00
207450,2218,JDJG6,COMPRA,405,76.2068,11.3644,2026-08-05 16:10:58,2026-08-05 16:11:00,2026-08-05 16:11:00
207451,2498,JDJG6,COMPRA,485,66.5865,3.3580,2026-08-05 17:27:16,2026-08-05 17:27:16,2026-08-05 17:27:16
207452,2858,UFIU3,COMPRA,180,105.6670,11.3378,2026-08-05 10:13:22,2026-08-05 10:13:25,2026-08-05 10:13:25
207453,1704,CQJZ4,COMPRA,420,107.5687,7.6829,2026-08-05 15:41:48,2026-08-05 15:41:49,2026-08-05 15:41:49
207454,1566,PQUT9,COMPRA,50,81.6149,8.5570,2026-08-05 13:17:59,2026-08-05 13:18:00,2026-08-05 13:18:00
207455,1661,HCLJ8,COMPRA,5,137.2302,3.9451,2026-08-05 14:35:43,2026-08-05 14:35:45,2026-08-05 14:35:45
207456,3020,JIPA6,COMPRA,460,42.8305,1.1606,2026-08-05 13:46:33,2026-08-05 13:46:36,2026-08-05 13:46:36
207457,2829,GULD2,VENDA,85,141.9013,12.7430,2026-08-05 14:20:33,2026-08-05 14:20:33,2026-08-05 14:20:33
207458,1399,WXQM6,COMPRA,347,43.0979,2.6473,2026-08-05 14:07:27,2026-08-05 14:07:30,2026-08-05 14:07:30
207459,2219,RFNS7,COMPRA,465,67.1045,9.4269,2026-08-05 12:15:43,2026-08-05 12:15:45,2026-08-05 12:15:45
207460,2913,SVOZ4,COMPRA,430,45.0944,8.3548,2026-08-05 11:28:57,2026-08-05 11:28:58,2026-08-05 11:28:58
207461,2952,ZAAS7,COMPRA,20,470.5037,5.7284,2026-08-05 16:41:27,2026-08-05 16:41:30,2026-08-05 16:41:30
207462,3278,AAUA7,COMPRA,65,116.1900,12.2257,2026-08-05 15:11:15,2026-08-05 15:11:18,2026-08-05 15:11:18
207463,1485,TBWG2,COMPRA,110,60.8920,12.2867,2026-08-05 14:57:28,2026-08-05 14:57:31,2026-08-05 14:57:31
207464,2942,RDOA3,COMPRA,234,76.4163,2.6585,2026-08-05 17:26:40,2026-08-05 17:26:43,2026-08-05 17:26:43
207465,2041,YCCK8,COMPRA,38,425.9224,8.6996,2026-08-05 13:15:20,2026-08-05 13:15:21,2026-08-05 13:15:21
207466,2288,DGBT6,COMPRA,280,97.3923,9.2090,2026-08-05 17:17:23,2026-08-05 17:17:26,2026-08-05 17:17:26
207467,2063,NYGT6,COMPRA,378,87.5684,4.3315,2026-08-05 16:20:01,2026-08-05 16:20:02,2026-08-05 16:20:02
207468,1258,JDJG6,COMPRA,125,74.7825,1.2180,2026-08-05 11:47:44,2026-08-05 11:47:47,2026-08-05 11:47:47
207469,2253,KQEO3,COMPRA,130,80.2140,0.5497,2026-08-05 15:59:30,2026-08-05 15:59:30,2026-08-05 15:59:30
207470,1371,DSFC9,COMPRA,470,363.2339,3.2818,2026-08-05 15:28:03,2026-08-05 15:28:03,2026-08-05 15:28:03
207471,2757,OXVD8,COMPRA,95,65.0129,11.2097,2026-08-05 13:05:41,2026-08-05 13:05:44,2026-08-05 13:05:44
207472,1770,AYFQ2,COMPRA,370,10.7314,4.1802,2026-08-05 12:49:45,2026-08-05 12:49:47,2026-08-05 12:49:47
207473,2671,DMTZ8,COMPRA,203,205.4213,0.2012,2026-08-05 16:36:46,2026-08-05 16:36:49,2026-08-05 16:36:49
207474,2949,MJDL9,COMPRA,475,40.4821,9.1195,2026-08-05 16:56:36,2026-08-05 16:56:36,2026-08-05 16:56:36
207475,3462,NQYT3,COMPRA,330,64.3479,10.2017,2026-08-05 10:46:00,2026-08-05 10:46:03,2026-08-05 10:46:03
207476,2561,VLEB3,COMPRA,79,390.7191,5.6400,2026-08-05 13:14:14,2026-08-05 13:14:14,2026-08-05 13:14:14
207477,1601,CQJZ4,COMPRA,160,94.2928,9.3105,2026-08-05 14:13:38,2026-08-05 14:13:41,2026-08-05 14:13:41
207478,1020,RDOA3,COMPRA,165,93.3736,1.0908,2026-08-05 10:25:23,2026-08-05 10:25:23,2026-08-05 10:25:23
207479,2143,XAVL3,COMPRA,235,226.1990,4.1578,2026-08-05 15:18:51,2026-08-05 15:18:54,2026-08-05 15:18:54
207480,2167,LCCH9,COMPRA,200,6.5078,6.5198,2026-08-05 17:12:30,2026-08-05 17:12:30,2026-08-05 17:12:30
207481,1922,NQYT3,COMPRA,29,50.0967,7.4281,2026-08-05 10:19:47,2026-08-05 10:19:49,2026-08-05 10:19:49
207482,2071,GULD2,COMPRA,435,136.6926,3.3693,2026-08-05 17:27:44,2026-08-05 17:27:44,2026-08-05 17:27:44
207483,2887,ZFBT3,COMPRA,395,117.6484,7.9702,2026-08-05 12:36:02,2026-08-05 12:36:02,2026-08-05 12:36:02
207484,2085,DQSN6,COMPRA,480,163.4557,8.4057,2026-08-05 16:07:30,2026-08-05 16:07:30,2026-08-05 16:07:30
207485,2656,RHXV4,COMPRA,45,57.8514,4.1172,2026-08-05 13:08:39,2026-08-05 13:08:40,2026-08-05 13:08:40
207486,2925,YRWH3,COMPRA,440,177.0417,11.1212,2026-08-05 11:41:10,2026-08-05 11:41:13,2026-08-05 11:41:13
207487,3427,GKQC5,COMPRA,365,106.0345,4.2445,2026-08-05 12:02:11,2026-08-05 12:02:14,2026-08-05 12:02:14
207488,1252,LCCH9,COMPRA,235,10.5803,9.6461,2026-08-05 16:15:59,2026-08-05 16:16:00,2026-08-05 16:16:00
207489,2355,BXFJ9,VENDA,293,163.5641,4.0090,2026-08-05 11:26:29,2026-08-05 11:26:29,2026-08-05 11:26:29
207490,2953,NREP8,COMPRA,100,106.6182,12.6896,2026-08-05 16:22:24,2026-08-05 16:22:25,2026-08-05 16:22:25
207491,2256,XOVY4,COMPRA,220,115.5183,6.9384,2026-08-05 11:49:32,2026-08-05 11:49:33,2026-08-05 11:49:33
207492,3228,NQYT3,COMPRA,489,53.8488,11.8841,2026-08-05 16:35:57,2026-08-05 16:35:59,2026-08-05 16:35:59
207493,2777,MGRR2,COMPRA,300,143.2714,4.2159,2026-08-05 16:00:09,2026-08-05 16:00:12,2026-08-05 16:00:12
207494,1777,AYFQ2,COMPRA,230,10.2271,0.7757,2026-08-05 16:16:57,2026-08-05 16:17:00,2026-08-05 16:17:00
207495,1483,LCCH9,COMPRA,275,9.9929,5.3015,2026-08-05 14:49:33,2026-08-05 14:49:35,2026-08-05 14:49:35
207496,1258,CQIL9,COMPRA,250,38.5037,3.2405,2026-08-05 15:08:52,2026-08-05 15:08:54,2026-08-05 15:08:54
207497,2646,XTVW5,COMPRA,92,88.0736,4.2123,2026-08-05 14:18:19,2026-08-05 14:18:22,2026-08-05 14:18:22
207498,1435,ZHTL2,COMPRA,435,52.3934,0.6862,2026-08-05 11:12:10,2026-08-05 11:12:11,2026-08-05 11:12:11
207499,1126,AAWB3,COMPRA,285,146.1153,5.5371,2026-08-05 10:56:28,2026-08-05 10:56:29,2026-08-05 10:56:29
207500,1393,LCCH9,COMPRA,28,7.9314,1.1492,2026-08-05 13:32:39,2026-08-05 13:32:41,2026-08-05 13:32:41
207501,3331,IPXK2,COMPRA,371,372.2534,6.2616,2026-08-05 11:17:37,2026-08-05 11:17:39,2026-08-05 11:17:39
207502,2005,GKQC5,COMPRA,370,121.2332,12.1001,2026-08-05 16:59:04,2026-08-05 16:59:06,2026-08-05 16:59:06
207503,3309,QQQS1,COMPRA,50,24.4890,3.7469,2026-08-05 14:19:37,2026-08-05 14:19:38,2026-08-05 14:19:38
207504,3104,PBZM6,COMPRA,400,50.2475,10.9889,2026-08-05 14:43:10,2026-08-05 14:43:11,2026-08-05 14:43:11
207505,1667,YOWA1,COMPRA,400,70.3013,0.9172,2026-08-05 14:56:58,2026-08-05 14:56:59,2026-08-05 14:56:59
207506,1907,SUZL4,VENDA,178,120.5717,12.6784,2026-08-05 11:43:49,2026-08-05 11:43:51,2026-08-05 11:43:51
207507,2460,AAUA7,COMPRA,262,159.7150,8.3957,2026-08-05 11:58:16,2026-08-05 11:58:18,2026-08-05 11:58:18
207508,2849,TBWG2,COMPRA,105,94.4934,1.7633,2026-08-05 10:51:42,2026-08-05 10:51:45,2026-08-05 10:51:45
207509,2336,NQYT3,COMPRA,494,52.8695,6.2611,2026-08-05 13:06:29,2026-08-05 13:06:30,2026-08-05 13:06:30
207510,3028,DQSN6,COMPRA,25,163.9882,0.3238,2026-08-05 13:41:21,2026-08-05 13:41:23,2026-08-05 13:41:23
207511,3044,FIUW1,COMPRA,389,106.1103,6.0201,2026-08-05 12:10:27,2026-08-05 12:10:29,2026-08-05 12:10:29
207512,2776,AAUA7,COMPRA,245,149.0581,7.9787,2026-08-05 11:55:52,2026-08-05 11:55:55,2026-08-05 11:55:55
207513,1034,ACSV1,COMPRA,270,100.2310,12.6187,2026-08-05 10:39:48,2026-08-05 10:39:49,2026-08-05 10:39:49
207514,1009,SRDU1,COMPRA,328,82.9378,3.2456,2026-08-05 16:03:50,2026-08-05 16:03:51,2026-08-05 16:03:51
207515,2308,GULD2,COMPRA,185,124.6820,9.6424,2026-08-05 14:15:45,2026-08-05 14:15:47,2026-08-05 14:15:47
207516,3471,NWGB4,COMPRA,335,116.7684,4.0211,2026-08-05 14:35:10,2026-08-05 14:35:11,2026-08-05 14:35:11
207517,1792,WXQM6,COMPRA,375,46.7373,1.7028,2026-08-05 15:57:50,2026-08-05 15:57:50,2026-08-05 15:57:50
207518,1636,DMTZ8,COMPRA,435,158.3734,12.6449,2026-08-05 11:51:09,2026-08-05 11:51:11,2026-08-05 11:51:11
207519,1352,ENRZ2,COMPRA,360,99.4548,9.4924,2026-08-05 10:48:22,2026-08-05 10:48:22,2026-08-05 10:48:22
207520,3261,RIET5,COMPRA,380,116.2667,3.0357,2026-08-05 12:28:32,2026-08-05 12:28:35,2026-08-05 12:28:35
207521,2547,UFIU3,COMPRA,115,82.7098,5.1860,2026-08-05 10:23:05,2026-08-05 10:23:06,2026-08-05 10:23:06
207522,1299,PZUP8,COMPRA,205,151.2328,11.7015,2026-08-05 12:23:46,2026-08-05 12:23:46,2026-08-05 12:23:46
207523,3118,DQSN6,COMPRA,250,108.1015,2.0699,2026-08-05 10:33:37,2026-08-05 10:33:40,2026-08-05 10:33:40
207524,1764,AAWB3,COMPRA,445,181.5820,2.2945,2026-08-05 13:57:56,2026-08-05 13:57:58,2026-08-05 13:57:58
207525,1519,AAUA7,COMPRA,400,163.9124,3.7143,2026-08-05 13:16:39,2026-08-05 13:16:41,2026-08-05 13:16:41
207526,3182,DHRM5,COMPRA,170,250.3248,2.6428,2026-08-05 10:48:47,2026-08-05 10:48:47,2026-08-05 10:48:47
207527,1535,MCMT2,VENDA,115,96.5631,1.0591,2026-08-05 17:12:24,2026-08-05 17:12:26,2026-08-05 17:12:26
207528,1287,ZYVN7,COMPRA,455,64.0810,1.9915,2026-08-05 13:35:18,2026-08-05 13:35:21,2026-08-05 13:35:21
207529,2418,XLZM9,COMPRA,336,52.3916,8.0918,2026-08-05 13:13:38,2026-08-05 13:13:38,2026-08-05 13:13:38
207530,1298,SGBG8,COMPRA,200,79.9651,1.4284,2026-08-05 14:37:52,2026-08-05 14:37:52,2026-08-05 14:37:52
207531,2381,IJJK3,COMPRA,290,97.7813,3.8643,2026-08-05 15:30:12,2026-08-05 15:30:12,2026-08-05 15:30:12
207532,3489,ZHTL2,COMPRA,433,58.8338,6.2541,2026-08-05 16:29:02,2026-08-05 16:29:05,2026-08-05 16:29:05
207533,1566,TNHT4,COMPRA,65,144.2248,4.7126,2026-08-05 14:52:59,2026-08-05 14:53:02,2026-08-05 14:53:02
207534,1911,RHXV4,COMPRA,205,74.0808,1.1646,2026-08-05 10:47:03,2026-08-05 10:47:06,2026-08-05 10:47:06
207535,1392,IWFI1,COMPRA,340,198.5656,12.6154,2026-08-05 14:01:47,2026-08-05 14:01:49,2026-08-05 14:01:49
207536,1639,PBZM6,COMPRA,325,57.9521,11.5670,2026-08-05 17:18:17,2026-08-05 17:18:17,2026-08-05 17:18:17
207537,1602,QQQS1,COMPRA,430,24.8672,12.5838,2026-08-05 15:25:41,2026-08-05 15:25:42,2026-08-05 15:25:42
207538,1387,FYZB6,COMPRA,400,60.9627,5.9282,2026-08-05 14:21:30,2026-08-05 14:21:30,2026-08-05 14:21:30
207539,3033,ZAAS7,COMPRA,270,415.5897,4.9989,2026-08-05 17:21:53,2026-08-05 17:21:53,2026-08-05 17:21:53
207540,1997,DEGN5,COMPRA,105,65.8676,12.6801,2026-08-05 16:50:37,2026-08-05 16:50:40,2026-08-05 16:50:40
207541,2014,QTHQ1,COMPRA,195,25.8514,12.6376,2026-08-05 14:53:59,2026-08-05 14:53:59,2026-08-05 14:53:59
207542,2288,UVEY5,COMPRA,100,78.5013,5.9997,2026-08-05 15:38:07,2026-08-05 15:38:09,2026-08-05 15:38:09
207543,2084,NWGB4,COMPRA,25,137.8577,5.6078,2026-08-05 14:02:32,2026-08-05 14:02:32,2026-08-05 14:02:32
207544,2303,YRWH3,COMPRA,470,177.8344,1.2063,2026-08-05 11:11:51,2026-08-05 11:11:54,2026-08-05 11:11:54
207545,3455,TTHO3,COMPRA,270,38.9128,6.8940,2026-08-05 15:25:52,2026-08-05 15:25:52,2026-08-05 15:25:52
207546,2303,VLEB3,COMPRA,143,324.5951,12.0094,2026-08-05 10:07:25,2026-08-05 10:07:25,2026-08-05 10:07:25
207547,2698,NPEM3,COMPRA,150,117.9393,7.9067,2026-08-05 10:47:30,2026-08-05 10:47:31,2026-08-05 10:47:31
207548,2818,DSFC9,COMPRA,395,460.1214,6.0367,2026-08-05 15:52:29,2026-08-05 15:52:29,2026-08-05 15:52:29
207549,2333,JUDG8,COMPRA,155,95.5977,11.8484,2026-08-05 17:01:10,2026-08-05 17:01:11,2026-08-05 17:01:11
207550,1598,RHXV4,COMPRA,355,57.7242,3.8872,2026-08-05 14:33:18,2026-08-05 14:33:18,2026-08-05 14:33:18
207551,1836,PSEN6,COMPRA,55,154.7336,4.9167,2026-08-05 14:15:59,2026-08-05 14:16:02,2026-08-05 14:16:02
207552,2928,KQEO3,COMPRA,405,78.1872,0.2460,2026-08-05 15:42:24,2026-08-05 15:42:27,2026-08-05 15:42:27
207553,1475,ENRZ2,COMPRA,363,80.0914,9.9542,2026-08-05 13:58:39,2026-08-05 13:58:39,2026-08-05 13:58:39
207554,1353,YCCK8,COMPRA,460,375.5522,8.4080,2026-08-05 16:42:55,2026-08-05 16:42:56,2026-08-05 16:42:56
207555,3106,BGNM6,COMPRA,380,115.2207,2.1822,2026-08-05 15:32:05,2026-08-05 15:32:05,2026-08-05 15:32:05
207556,3153,RDOA3,COMPRA,3,89.1882,10.8768,2026-08-05 15:48:36,2026-08-05 15:48:39,2026-08-05 15:48:39
207557,2631,TXHR8,COMPRA,245,97.8883,3.9700,2026-08-05 14:07:55,2026-08-05 14:07:56,2026-08-05 14:07:56
207558,1512,LGKU6,COMPRA,40,88.6300,7.4703,2026-08-05 10:55:55,2026-08-05 10:55:56,2026-08-05 10:55:56
207559,1229,FRGH8,COMPRA,397,62.3150,12.0206,2026-08-05 12:18:47,2026-08-05 12:18:50,2026-08-05 12:18:50
207560,2007,LIEG8,COMPRA,295,116.2109,12.8566,2026-08-05 13:46:00,2026-08-05 13:46:03,2026-08-05 13:46:03
207561,2703,BOCS8,COMPRA,280,68.3565,3.1883,2026-08-05 13:32:44,2026-08-05 13:32:47,2026-08-05 13:32:47
207562,1911,BSDJ7,COMPRA,200,227.1060,11.5257,2026-08-05 15:52:59,2026-08-05 15:53:02,2026-08-05 15:53:02
207563,2695,DEGN5,COMPRA,340,72.3526,8.6912,2026-08-05 10:35:49,2026-08-05 10:35:52,2026-08-05 10:35:52
207564,3245,UYFJ9,COMPRA,335,78.9580,12.0422,2026-08-05 12:32:01,2026-08-05 12:32:02,2026-08-05 12:32:02
207565,1838,NUJZ2,COMPRA,290,25.8932,4.2219,2026-08-05 12:53:21,2026-08-05 12:53:22,2026-08-05 12:53:22
207566,1432,TXHR8,COMPRA,60,64.8052,8.9020,2026-08-05 12:29:07,2026-08-05 12:29:08,2026-08-05 12:29:08
207567,1953,NYGT6,COMPRA,205,90.9488,1.4934,2026-08-05 13:43:38,2026-08-05 13:43:38,2026-08-05 13:43:38
207568,2165,CQJZ4,COMPRA,10,91.9218,7.4768,2026-08-05 15:44:45,2026-08-05 15:44:45,2026-08-05 15:44:45
207569,2187,DQSN6,COMPRA,170,111.8199,1.9460,2026-08-05 12:26:38,2026-08-05 12:26:40,2026-08-05 12:26:40
207570,1822,FIUW1,COMPRA,435,126.5172,6.5325,2026-08-05 13:47:11,2026-08-05 13:47:11,2026-08-05 13:47:11
207571,1624,HVEX2,COMPRA,215,157.9138,4.4005,2026-08-05 11:47:14,2026-08-05 11:47:16,2026-08-05 11:47:16
207572,2511,NREP8,COMPRA,431,116.3910,1.6815,2026-08-05 15:03:48,2026-08-05 15:03:51,2026-08-05 15:03:51
207573,3387,XLZM9,COMPRA,110,50.8687,8.8858,2026-08-05 13:22:57,2026-08-05 13:22:59,2026-08-05 13:22:59
207574,2842,MCMT2,COMPRA,330,94.8214,12.6935,2026-08-05 17:27:33,2026-08-05 17:27:33,2026-08-05 17:27:33
207575,3415,NPEM3,COMPRA,390,98.0071,0.9605,2026-08-05 12:42:29,2026-08-05 12:42:31,2026-08-05 12:42:31
207576,2799,NWGB4,COMPRA,350,114.4077,9.6562,2026-08-05 12:20:11,2026-08-05 12:20:13,2026-08-05 12:20:13
207577,2531,BXFJ9,COMPRA,408,153.1603,4.8614,2026-08-05 16:39:31,2026-08-05 16:39:31,2026-08-05 16:39:31
207578,2386,KHGP6,COMPRA,330,87.7589,3.3718,2026-08-05 10:45:35,2026-08-05 10:45:38,2026-08-05 10:45:38
207579,2400,CQIL9,COMPRA,150,33.7469,3.6693,2026-08-05 15:24:26,2026-08-05 15:24:28,2026-08-05 15:24:28
207580,2471,JIPR4,COMPRA,50,35.1128,5.6417,2026-08-05 10:49:33,2026-08-05 10:49:34,2026-08-05 10:49:34
207581,2367,BSDJ7,COMPRA,320,282.8607,5.4119,2026-08-05 17:30:08,2026-08-05 17:30:10,2026-08-05 17:30:10
207582,1707,ICSU4,COMPRA,170,145.6283,1.2861,2026-08-05 14:38:16,2026-08-05 14:38:18,2026-08-05 14:38:18
207583,1685,DFGR7,COMPRA,125,115.6609,5.0288,2026-08-05 11:29:59,2026-08-05 11:30:02,2026-08-05 11:30:02
207584,2092,AAUA7,COMPRA,85,162.7539,0.2008,2026-08-05 15:03:57,2026-08-05 15:03:58,2026-08-05 15:03:58
207585,2287,TNHT4,COMPRA,295,107.1606,7.1906,2026-08-05 15:41:17,2026-08-05 15:41:18,2026-08-05 15:41:18
207586,2622,ECQD7,COMPRA,45,106.9259,11.0069,2026-08-05 17:00:00,2026-08-05 17:00:01,2026-08-05 17:00:01
207587,1809,JIPR4,COMPRA,145,31.5000,10.9363,2026-08-05 17:08:21,2026-08-05 17:08:23,2026-08-05 17:08:23
207588,2613,RSBT4,COMPRA,320,488.7615,5.9700,2026-08-05 16:55:03,2026-08-05 16:55:03,2026-08-05 16:55:03
207589,3348,YRWH3,COMPRA,145,218.3191,5.4343,2026-08-05 10:29:36,2026-08-05 10:29:37,2026-08-05 10:29:37
207590,3211,NAOF3,COMPRA,205,74.0513,1.3885,2026-08-05 12:46:52,2026-08-05 12:46:54,2026-08-05 12:46:54
207591,2600,WXQM6,COMPRA,195,58.7037,3.6898,2026-08-05 15:06:42,2026-08-05 15:06:43,2026-08-05 15:06:43
207592,1427,LQML9,COMPRA,413,154.0903,9.5935,2026-08-05 14:21:42,2026-08-05 14:21:45,2026-08-05 14:21:45
207593,3317,DFGR7,COMPRA,100,109.2751,12.6789,2026-08-05 10:52:08,2026-08-05 10:52:10,2026-08-05 10:52:10
207594,1868,YRWH3,COMPRA,250,159.9186,5.8825,2026-08-05 12:22:00,2026-08-05 12:22:01,2026-08-05 12:22:01
207595,3168,XOVY4,COMPRA,160,114.9200,2.4586,2026-08-05 16:24:12,2026-08-05 16:24:12,2026-08-05 16:24:12
207596,1790,PZUP8,COMPRA,274,119.4639,6.0653,2026-08-05 13:42:57,2026-08-05 13:42:58,2026-08-05 13:42:58
207597,3473,OVYL9,COMPRA,215,75.4215,12.6162,2026-08-05 11:33:05,2026-08-05 11:33:07,2026-08-05 11:33:07
207598,2176,NQYT3,COMPRA,335,49.0965,2.7258,2026-08-05 12:04:35,2026-08-05 12:04:38,2026-08-05 12:04:38
207599,1986,DQSN6,COMPRA,350,140.1838,3.8277,2026-08-05 11:24:54,2026-08-05 11:24:57,2026-08-05 11:24:57
207600,1354,RIET5,COMPRA,300,154.5139,2.2500,2026-08-05 10:51:21,2026-08-05 10:51:23,2026-08-05 10:51:23
207601,2525,NQYT3,COMPRA,360,56.9154,12.5078,2026-08-05 16:18:56,2026-08-05 16:18:57,2026-08-05 16:18:57
207602,1793,RMRT1,COMPRA,275,108.0488,9.2285,2026-08-05 14:44:47,2026-08-05 14:44:48,2026-08-05 14:44:48
207603,2264,ERTC4,COMPRA,230,53.8615,12.8206,2026-08-05 14:04:15,2026-08-05 14:04:17,2026-08-05 14:04:17
207604,2872,ZAAS7,COMPRA,170,478.0340,4.0220,2026-08-05 10:18:26,2026-08-05 10:18:27,2026-08-05 10:18:27
207605,1545,ACSV1,VENDA,220,121.4755,11.1384,2026-08-05 13:27:29,2026-08-05 13:27:29,2026-08-05 13:27:29
207606,3147,UCHR6,COMPRA,310,389.2256,11.3950,2026-08-05 13:14:26,2026-08-05 13:14:26,2026-08-05 13:14:26
207607,3094,HJRH5,COMPRA,410,136.0624,0.0296,2026-08-05 12:30:45,2026-08-05 12:30:45,2026-08-05 12:30:45
207608,1407,NQYT3,COMPRA,215,57.2719,3.9327,2026-08-05 16:27:09,2026-08-05 16:27:11,2026-08-05 16:27:11
207609,3003,NYGT6,COMPRA,30,88.9542,4.9488,2026-08-05 12:44:43,2026-08-05 12:44:46,2026-08-05 12:44:46
207610,2383,SUZL4,COMPRA,70,142.5699,5.4616,2026-08-05 15:17:18,2026-08-05 15:17:19,2026-08-05 15:17:19
207611,1332,MCHX2,COMPRA,245,132.8336,0.2180,2026-08-05 14:18:00,2026-08-05 14:18:03,2026-08-05 14:18:03
207612,1308,WMQZ6,COMPRA,255,67.9489,6.7990,2026-08-05 16:50:48,2026-08-05 16:50:49,2026-08-05 16:50:49
207613,1308,RSBT4,COMPRA,385,311.9578,6.3078,2026-08-05 11:46:42,2026-08-05 11:46:45,2026-08-05 11:46:45
207614,1230,BOCS8,COMPRA,245,56.9709,0.6900,2026-08-05 15:22:47,2026-08-05 15:22:50,2026-08-05 15:22:50
207615,2883,WHMT3,COMPRA,100,84.6763,9.9100,2026-08-05 13:24:33,2026-08-05 13:24:33,2026-08-05 13:24:33
207616,2281,HVEX2,COMPRA,360,130.8152,10.9853,2026-08-05 14:33:11,2026-08-05 14:33:12,2026-08-05 14:33:12
207617,3041,MJDL9,COMPRA,470,28.5928,3.6003,2026-08-05 13:05:24,2026-08-05 13:05:26,2026-08-05 13:05:26
207618,2803,NUJZ2,COMPRA,125,38.9689,5.3208,2026-08-05 10:58:35,2026-08-05 10:58:36,2026-08-05 10:58:36
207619,2608,PBZM6,VENDA,105,53.0828,2.9429,2026-08-05 14:29:52,2026-08-05 14:29:55,2026-08-05 14:29:55
207620,1969,TVCE9,COMPRA,87,76.7821,6.8863,2026-08-05 16:36:18,2026-08-05 16:36:18,2026-08-05 16:36:18
207621,3021,IWFI1,COMPRA,245,154.8123,8.7745,2026-08-05 15:44:31,2026-08-05 15:44:31,2026-08-05 15:44:31
207622,3051,QHFL8,COMPRA,490,136.8061,7.0241,2026-08-05 10:42:12,2026-08-05 10:42:15,2026-08-05 10:42:15
207623,3091,UQIQ7,COMPRA,225,74.1218,2.3212,2026-08-05 10:07:42,2026-08-05 10:07:44,2026-08-05 10:07:44
207624,2402,NUJZ2,COMPRA,95,32.2727,0.5304,2026-08-05 10:05:38,2026-08-05 10:05:40,2026-08-05 10:05:40
207625,1302,ERTC4,COMPRA,282,37.7316,9.4262,2026-08-05 10:19:11,2026-08-05 10:19:14,2026-08-05 10:19:14
207626,1463,JIPR4,COMPRA,100,28.1874,4.2344,2026-08-05 14:28:06,2026-08-05 14:28:06,2026-08-05 14:28:06
207627,1891,KFSY2,COMPRA,165,123.9857,4.2889,2026-08-05 14:53:52,2026-08-05 14:53:55,2026-08-05 14:53:55
207628,3268,XLZM9,COMPRA,345,59.0487,9.8408,2026-08-05 10:47:46,2026-08-05 10:47:46,2026-08-05 10:47:46
207629,2503,DQSN6,COMPRA,485,125.8714,3.9942,2026-08-05 16:55:43,2026-08-05 16:55:46,2026-08-05 16:55:46
207630,2373,GFDF2,COMPRA,190,94.4185,10.6205,2026-08-05 17:07:03,2026-08-05 17:07:03,2026-08-05 17:07:03
207631,2572,TTHO3,COMPRA,211,36.8755,11.5413,2026-08-05 14:17:57,2026-08-05 14:17:57,2026-08-05 14:17:57
207632,2442,SUZL4,COMPRA,480,113.8592,1.1995,2026-08-05 15:06:33,2026-08-05 15:06:34,2026-08-05 15:06:34
207633,2161,ICSU4,COMPRA,210,152.4042,10.7322,2026-08-05 13:33:17,2026-08-05 13:33:17,2026-08-05 13:33:17
207634,2644,JJVW6,COMPRA,485,121.7945,9.2789,2026-08-05 13:10:37,2026-08-05 13:10:38,2026-08-05 13:10:38
207635,1300,QTDZ2,COMPRA,230,48.8753,,2026-08-05 16:02:43,2026-08-05 16:02:46,2026-08-05 16:02:46
207636,1570,UQJU7,COMPRA,185,90.1343,9.3691,2026-08-05 11:40:30,2026-08-05 11:40:33,2026-08-05 11:40:33
207637,3393,ZAAS7,COMPRA,419,403.0219,9.7103,2026-08-05 15:09:32,2026-08-05 15:09:33,2026-08-05 15:09:33
207638,1221,RSBT4,COMPRA,185,499.9313,0.3972,2026-08-05 11:14:58,2026-08-05 11:15:01,2026-08-05 11:15:01
207639,3057,NPEM3,COMPRA,270,109.1587,9.6592,2026-08-05 16:25:18,2026-08-05 16:25:21,2026-08-05 16:25:21
207640,2231,TXHR8,COMPRA,75,104.8227,0.4159,2026-08-05 17:14:55,2026-08-05 17:14:57,2026-08-05 17:14:57
207641,2180,BXFJ9,VENDA,120,132.8698,9.3145,2026-08-05 11:57:28,2026-08-05 11:57:28,2026-08-05 11:57:28
207642,2263,YYLA4,COMPRA,179,189.6196,7.7294,2026-08-05 11:54:17,2026-08-05 11:54:19,2026-08-05 11:54:19
207643,2461,KHGP6,COMPRA,135,101.1525,1.3110,2026-08-05 13:31:11,2026-08-05 13:31:13,2026-08-05 13:31:13
207644,1716,ENRZ2,COMPRA,35,90.6471,9.6193,2026-08-05 12:02:37,2026-08-05 12:02:38,2026-08-05 12:02:38
207645,1034,OVYL9,COMPRA,300,91.1645,11.6071,2026-08-05 13:38:17,2026-08-05 13:38:20,2026-08-05 13:38:20
207646,1309,KHGP6,COMPRA,270,85.2480,11.5277,2026-08-05 10:27:45,2026-08-05 10:27:48,2026-08-05 10:27:48
207647,1335,EEYY9,COMPRA,380,177.8692,5.8016,2026-08-05 11:16:50,2026-08-05 11:16:51,2026-08-05 11:16:51
207648,2534,YYLA4,COMPRA,170,219.0627,0.4222,2026-08-05 11:51:57,2026-08-05 11:51:58,2026-08-05 11:51:58
207649,1693,TBWG2,COMPRA,240,70.7226,7.5149,2026-08-05 13:29:28,2026-08-05 13:29:31,2026-08-05 13:29:31
207650,2645,BGNM6,COMPRA,464,90.6501,4.8504,2026-08-05 16:22:47,2026-08-05 16:22:47,2026-08-05 16:22:47
207651,2454,MOLF3,COMPRA,280,47.1322,12.4074,2026-08-05 11:21:28,2026-08-05 11:21:31,2026-08-05 11:21:31
207652,1128,DEGN5,COMPRA,40,82.6476,9.6964,2026-08-05 14:31:37,2026-08-05 14:31:39,2026-08-05 14:31:39
207653,2639,NREP8,COMPRA,145,117.0012,11.2703,2026-08-05 14:42:54,2026-08-05 14:42:57,2026-08-05 14:42:57
207654,3475,QQQS1,COMPRA,381,19.1274,1.4279,2026-08-05 13:01:35,2026-08-05 13:01:37,2026-08-05 13:01:37
207655,1321,UVEY5,COMPRA,260,87.2372,6.1369,2026-08-05 12:19:11,2026-08-05 12:19:13,2026-08-05 12:19:13
207656,2273,LGKU6,COMPRA,310,64.8758,2.3448,2026-08-05 16:46:27,2026-08-05 16:46:30,2026-08-05 16:46:30
207657,1692,HVEX2,COMPRA,375,167.2555,5.5013,2026-08-05 13:11:26,2026-08-05 13:11:27,2026-08-05 13:11:27
207658,1034,BSDJ7,COMPRA,100,293.7465,12.7142,2026-08-05 15:00:23,2026-08-05 15:00:23,2026-08-05 15:00:23
207659,2246,DMTZ8,COMPRA,199,200.1134,8.4048,2026-08-05 14:13:47,2026-08-05 14:13:48,2026-08-05 14:13:48
207660,2588,QEUC2,COMPRA,240,158.8943,11.0129,2026-08-05 12:52:40,2026-08-05 12:52:40,2026-08-05 12:52:40
207661,2065,CQJZ4,COMPRA,275,100.3327,4.2046,2026-08-05 12:44:26,2026-08-05 12:44:26,2026-08-05 12:44:26
207662,1317,JIPA6,COMPRA,395,29.8577,9.1521,2026-08-05 17:04:23,2026-08-05 17:04:26,2026-08-05 17:04:26
207663,1580,UFIU3,COMPRA,239,81.1724,2.9181,2026-08-05 10:29:07,2026-08-05 10:29:08,2026-08-05 10:29:08
207664,1881,YRWH3,COMPRA,465,149.7654,2.4904,2026-08-05 10:40:54,2026-08-05 10:40:57,2026-08-05 10:40:57
207665,1635,LCCH9,COMPRA,180,10.3190,5.5246,2026-08-05 14:04:44,2026-08-05 14:04:44,2026-08-05 14:04:44
207666,3150,JIPR4,COMPRA,415,35.4633,2.1126,2026-08-05 17:12:24,2026-08-05 17:12:24,2026-08-05 17:12:24
207667,1925,UCHR6,COMPRA,489,358.9756,6.3574,2026-08-05 12:01:40,2026-08-05 12:01:40,2026-08-05 12:01:40
207668,1358,KFSY2,COMPRA,488,138.7808,9.1902,2026-08-05 13:41:09,2026-08-05 13:41:11,2026-08-05 13:41:11
207669,1739,UCHR6,COMPRA,100,364.1385,2.5663,2026-08-05 10:17:49,2026-08-05 10:17:49,2026-08-05 10:17:49
207670,2023,LCCH9,COMPRA,160,9.9055,3.0659,2026-08-05 12:08:28,2026-08-05 12:08:31,2026-08-05 12:08:31
207671,1627,IJJK3,COMPRA,45,99.8721,8.3582,2026-08-05 12:27:01,2026-08-05 12:27:03,2026-08-05 12:27:03
207672,2687,RMRT1,COMPRA,305,79.8857,5.5316,2026-08-05 13:25:48,2026-08-05 13:25:48,2026-08-05 13:25:48
207673,2037,ZYVN7,COMPRA,20,91.1705,12.6122,2026-08-05 12:25:33,2026-08-05 12:25:35,2026-08-05 12:25:35
207674,2350,TBWG2,COMPRA,195,99.5959,5.6019,2026-08-05 14:45:11,2026-08-05 14:45:12,2026-08-05 14:45:12
207675,2121,BOCS8,COMPRA,121,72.7571,3.0528,2026-08-05 16:16:30,2026-08-05 16:16:30,2026-08-05 16:16:30
207676,3478,OVUQ2,COMPRA,60,57.2080,3.3104,2026-08-05 11:26:05,2026-08-05 11:26:05,2026-08-05 11:26:05
207677,2950,RMRT1,COMPRA,70,96.6391,5.6417,2026-08-05 12:07:20,2026-08-05 12:07:20,2026-08-05 12:07:20
207678,1532,GFDF2,COMPRA,195,101.1732,10.3877,2026-08-05 10:17:45,2026-08-05 10:17:48,2026-08-05 10:17:48
207679,2564,MJDL9,COMPRA,375,34.0743,11.2145,2026-08-05 14:39:55,2026-08-05 14:39:57,2026-08-05 14:39:57
207680,1042,UFIU3,COMPRA,210,93.1404,3.8176,2026-08-05 17:08:32,2026-08-05 17:08:33,2026-08-05 17:08:33
207681,3399,HCZM2,COMPRA,365,485.2353,5.3933,2026-08-05 17:02:53,2026-08-05 17:02:55,2026-08-05 17:02:55
207682,2828,XLZM9,COMPRA,145,45.9329,6.9015,2026-08-05 16:26:51,2026-08-05 16:26:54,2026-08-05 16:26:54
207683,2567,BXFJ9,COMPRA,55,133.1799,11.7610,2026-08-05 10:52:08,2026-08-05 10:52:10,2026-08-05 10:52:10
207684,3504,ZAAS7,COMPRA,125,393.5367,9.8736,2026-08-05 15:57:36,2026-08-05 15:57:37,2026-08-05 15:57:37
207685,2635,YOWA1,COMPRA,115,50.3737,10.7344,2026-08-05 12:52:54,2026-08-05 12:52:57,2026-08-05 12:52:57
207686,1992,WXQM6,COMPRA,335,56.3577,9.0512,2026-08-05 15:42:27,2026-08-05 15:42:29,2026-08-05 15:42:29
207687,2556,JDJG6,COMPRA,20,87.9549,10.1312,2026-08-05 14:58:25,2026-08-05 14:58:28,2026-08-05 14:58:28
207688,1439,TXHR8,COMPRA,65,77.0952,6.3468,2026-08-05 14:35:51,2026-08-05 14:35:53,2026-08-05 14:35:53
207689,2374,QQQS1,COMPRA,395,23.7856,9.4713,2026-08-05 10:17:33,2026-08-05 10:17:34,2026-08-05 10:17:34
207690,2509,TBWG2,COMPRA,175,61.9438,11.8837,2026-08-05 10:53:03,2026-08-05 10:53:04,2026-08-05 10:53:04
207691,2818,IWAK1,COMPRA,170,65.3526,10.9625,2026-08-05 17:28:44,2026-08-05 17:28:46,2026-08-05 17:28:46
207692,1604,ICSU4,COMPRA,355,167.0134,5.6766,2026-08-05 11:20:31,2026-08-05 11:20:33,2026-08-05 11:20:33
207693,3123,XAVL3,COMPRA,215,194.3314,5.9856,2026-08-05 14:53:26,2026-08-05 14:53:28,2026-08-05 14:53:28
207694,2295,SRDU1,COMPRA,169,96.6654,2.2560,2026-08-05 16:11:28,2026-08-05 16:11:29,2026-08-05 16:11:29
207695,1335,LCCH9,COMPRA,460,10.1052,4.2349,2026-08-05 11:22:34,2026-08-05 11:22:36,2026-08-05 11:22:36
207696,1214,UFIU3,COMPRA,155,83.0755,8.7395,2026-08-05 13:55:13,2026-08-05 13:55:14,2026-08-05 13:55:14
207697,1008,XAVL3,COMPRA,10,187.8664,1.8759,2026-08-05 14:59:29,2026-08-05 14:59:31,2026-08-05 14:59:31
207698,2313,RYPL6,COMPRA,130,88.8470,10.7080,2026-08-05 12:45:15,2026-08-05 12:45:16,2026-08-05 12:45:16
207699,3078,WMQZ6,COMPRA,40,65.1019,6.2848,2026-08-05 14:51:52,2026-08-05 14:51:53,2026-08-05 14:51:53
207700,1061,NWGB4,COMPRA,276,140.0335,3.9609,2026-08-05 16:36:52,2026-08-05 16:36:53,2026-08-05 16:36:53
207701,1336,ECQD7,COMPRA,125,102.0538,12.3931,2026-08-05 15:06:15,2026-08-05 15:06:18,2026-08-05 15:06:18
207702,2910,UFIU3,COMPRA,40,104.3531,,2026-08-05 16:41:40,2026-08-05 16:41:43,2026-08-05 16:41:43
207703,2930,TVCE9,COMPRA,300,78.6121,1.9275,2026-08-05 11:43:14,2026-08-05 11:43:17,2026-08-05 11:43:17
207704,2351,DEGN5,COMPRA,383,87.3204,2.6016,2026-08-05 15:16:50,2026-08-05 15:16:51,2026-08-05 15:16:51
207705,2377,TBWG2,COMPRA,110,62.1635,1.9561,2026-08-05 10:19:25,2026-08-05 10:19:28,2026-08-05 10:19:28
207706,2164,NYGT6,COMPRA,415,82.3643,8.7853,2026-08-05 15:37:20,2026-08-05 15:37:21,2026-08-05 15:37:21
207707,2868,CQIL9,COMPRA,125,35.4371,2.6299,2026-08-05 12:52:17,2026-08-05 12:52:18,2026-08-05 12:52:18
207708,1088,UQIQ7,COMPRA,460,82.9331,9.9079,2026-08-05 13:16:41,2026-08-05 13:16:43,2026-08-05 13:16:43
207709,2096,GAKD5,COMPRA,5,235.4089,10.7540,2026-08-05 10:37:21,2026-08-05 10:37:21,2026-08-05 10:37:21
207710,2499,DMTZ8,COMPRA,246,169.7861,3.3700,2026-08-05 13:20:10,2026-08-05 13:20:12,2026-08-05 13:20:12
207711,3156,IWAK1,COMPRA,297,67.8079,5.8101,2026-08-05 12:27:21,2026-08-05 12:27:21,2026-08-05 12:27:21
207712,1840,PQUT9,COMPRA,340,75.9738,3.3966,2026-08-05 14:09:45,2026-08-05 14:09:47,2026-08-05 14:09:47
207713,1700,NWGB4,COMPRA,115,103.8118,7.3410,2026-08-05 12:58:34,2026-08-05 12:58:35,2026-08-05 12:58:35
207714,1433,XLZM9,COMPRA,210,60.5336,1.1734,2026-08-05 15:40:36,2026-08-05 15:40:37,2026-08-05 15:40:37
207715,2089,TNHT4,COMPRA,320,147.4044,6.7574,2026-08-05 12:10:27,2026-08-05 12:10:28,2026-08-05 12:10:28
207716,1875,OVUQ2,COMPRA,115,44.8268,8.4305,2026-08-05 16:57:30,2026-08-05 16:57:33,2026-08-05 16:57:33
207717,3350,SGBG8,COMPRA,345,83.9177,7.1952,2026-08-05 15:18:38,2026-08-05 15:18:41,2026-08-05 15:18:41
207718,1023,YRWH3,COMPRA,385,211.3464,11.5941,2026-08-05 13:33:29,2026-08-05 13:33:32,2026-08-05 13:33:32
207719,1169,MOLF3,COMPRA,370,60.9603,0.1954,2026-08-05 12:02:09,2026-08-05 12:02:09,2026-08-05 12:02:09
207720,2791,SUZL4,COMPRA,277,157.3396,10.1648,2026-08-05 15:22:28,2026-08-05 15:22:28,2026-08-05 15:22:28
207721,2531,JJVW6,COMPRA,490,142.3611,4.8596,2026-08-05 14:28:52,2026-08-05 14:28:54,2026-08-05 14:28:54
207722,3302,YOWA1,COMPRA,75,56.0518,9.3387,2026-08-05 17:02:33,2026-08-05 17:02:35,2026-08-05 17:02:35
207723,2002,UCHR6,COMPRA,240,422.1051,1.5650,2026-08-05 12:38:09,2026-08-05 12:38:11,2026-08-05 12:38:11
207724,2996,BXFJ9,COMPRA,120,125.4363,9.0604,2026-08-05 13:51:45,2026-08-05 13:51:48,2026-08-05 13:51:48
207725,2033,DMTZ8,COMPRA,230,136.8276,6.9692,2026-08-05 13:51:30,2026-08-05 13:51:32,2026-08-05 13:51:32
207726,1210,BOCS8,COMPRA,480,67.5185,11.7494,2026-08-05 13:34:01,2026-08-05 13:34:04,2026-08-05 13:34:04
207727,1156,DSFC9,COMPRA,495,370.0186,6.9937,2026-08-05 10:46:44,2026-08-05 10:46:46,2026-08-05 10:46:46
207728,1708,XPVA7,COMPRA,135,413.3772,8.4179,2026-08-05 15:02:31,2026-08-05 15:02:33,2026-08-05 15:02:33
207729,2494,UQIQ7,COMPRA,199,82.5665,0.7003,2026-08-05 16:30:50,2026-08-05 16:30:53,2026-08-05 16:30:53
207730,1767,AAUA7,COMPRA,310,139.7606,6.9643,2026-08-05 10:50:06,2026-08-05 10:50:07,2026-08-05 10:50:07
207731,2412,ICSU4,COMPRA,160,139.1558,7.9568,2026-08-05 12:08:49,2026-08-05 12:08:50,2026-08-05 12:08:50
207732,3198,TBWG2,COMPRA,85,90.1546,10.5871,2026-08-05 16:23:14,2026-08-05 16:23:15,2026-08-05 16:23:15
207733,2794,QATW7,COMPRA,50,50.0046,12.3429,2026-08-05 15:39:47,2026-08-05 15:39:48,2026-08-05 15:39:48
207734,1838,BOCS8,COMPRA,310,51.8458,3.2644,2026-08-05 10:31:40,2026-08-05 10:31:40,2026-08-05 10:31:40
207735,3444,WIPB2,COMPRA,95,101.8482,7.3334,2026-08-05 12:38:16,2026-08-05 12:38:19,2026-08-05 12:38:19
207736,1210,KQEO3,COMPRA,255,65.0921,1.8848,2026-08-05 16:17:39,2026-08-05 16:17:41,2026-08-05 16:17:41
207737,1668,UQIQ7,COMPRA,485,85.6183,9.9320,2026-08-05 15:47:10,2026-08-05 15:47:13,2026-08-05 15:47:13
207738,1824,JIPA6,COMPRA,130,32.4141,10.9523,2026-08-05 10:32:34,2026-08-05 10:32:35,2026-08-05 10:32:35
207739,1589,XPVA7,COMPRA,145,515.1776,9.4682,2026-08-05 16:26:00,2026-08-05 16:26:02,2026-08-05 16:26:02
207740,2400,DEGN5,COMPRA,75,105.8655,2.4734,2026-08-05 14:54:10,2026-08-05 14:54:13,2026-08-05 14:54:13
207741,1956,HVEX2,COMPRA,63,152.9010,10.1383,2026-08-05 16:54:58,2026-08-05 16:54:58,2026-08-05 16:54:58
207742,1695,ZAAS7,COMPRA,370,455.8729,7.3941,2026-08-05 10:54:37,2026-08-05 10:54:40,2026-08-05 10:54:40
207743,2278,QEUC2,COMPRA,275,203.2582,1.0829,2026-08-05 15:41:36,2026-08-05 15:41:37,2026-08-05 15:41:37
207744,1356,NQYT3,COMPRA,329,57.9449,3.0476,2026-08-05 13:15:11,2026-08-05 13:15:12,2026-08-05 13:15:12
207745,3067,WHMT3,COMPRA,175,137.1670,11.0398,2026-08-05 10:54:39,2026-08-05 10:54:41,2026-08-05 10:54:41
207746,3417,QYBV3,COMPRA,190,85.8765,3.8886,2026-08-05 11:19:11,2026-08-05 11:19:14,2026-08-05 11:19:14
207747,1932,NAOF3,COMPRA,250,73.6541,10.6860,2026-08-05 16:13:18,2026-08-05 16:13:20,2026-08-05 16:13:20
207748,2361,IJJK3,COMPRA,179,85.3050,2.2027,2026-08-05 12:48:33,2026-08-05 12:48:35,2026-08-05 12:48:35
207749,2159,XOVY4,COMPRA,20,86.6762,2.6814,2026-08-05 13:06:33,2026-08-05 13:06:33,2026-08-05 13:06:33
207750,1520,SUZL4,COMPRA,118,118.9451,8.6175,2026-08-05 16:34:04,2026-08-05 16:34:05,2026-08-05 16:34:05
207751,1483,NUJZ2,COMPRA,10,33.3172,3.9373,2026-08-05 16:50:08,2026-08-05 16:50:09,2026-08-05 16:50:09
207752,2099,ZHTL2,COMPRA,120,49.9887,9.4587,2026-08-05 13:49:50,2026-08-05 13:49:53,2026-08-05 13:49:53
207753,3190,RIET5,COMPRA,219,117.1253,10.0134,2026-08-05 16:19:34,2026-08-05 16:19:37,2026-08-05 16:19:37
207754,2863,HJRH5,COMPRA,35,134.2729,4.8481,2026-08-05 17:07:24,2026-08-05 17:07:25,2026-08-05 17:07:25
207755,2199,QHFL8,COMPRA,155,151.6097,2.1391,2026-08-05 15:02:24,2026-08-05 15:02:24,2026-08-05 15:02:24
207756,1331,SUZL4,COMPRA,40,168.2573,6.6769,2026-08-05 15:31:18,2026-08-05 15:31:18,2026-08-05 15:31:18
207757,3445,UFIU3,VENDA,285,101.0886,1.1710,2026-08-05 16:32:19,2026-08-05 16:32:20,2026-08-05 16:32:20
207758,1828,RDOA3,COMPRA,110,76.2154,3.8742,2026-08-05 13:17:49,2026-08-05 13:17:52,2026-08-05 13:17:52
207759,1373,CQJZ4,COMPRA,485,68.6909,12.5560,2026-08-05 15:55:01,2026-08-05 15:55:04,2026-08-05 15:55:04
207760,3327,QQQS1,COMPRA,120,21.1150,3.7397,2026-08-05 12:12:24,2026-08-05 12:12:27,2026-08-05 12:12:27
207761,1736,KQEO3,COMPRA,140,91.2333,7.5337,2026-08-05 10:54:35,2026-08-05 10:54:36,2026-08-05 10:54:36
207762,2137,TVCE9,COMPRA,60,74.6752,11.3944,2026-08-05 14:48:31,2026-08-05 14:48:34,2026-08-05 14:48:34
207763,3332,IWAK1,COMPRA,54,95.6660,9.7026,2026-08-05 16:05:23,2026-08-05 16:05:24,2026-08-05 16:05:24
207764,2036,RMRT1,COMPRA,34,117.4271,7.5061,2026-08-05 14:04:03,2026-08-05 14:04:06,2026-08-05 14:04:06
207765,2747,KHGP6,COMPRA,220,84.0100,0.3042,2026-08-05 17:02:49,2026-08-05 17:02:51,2026-08-05 17:02:51
207766,1776,XAVL3,COMPRA,85,179.7313,6.1505,2026-08-05 14:37:38,2026-08-05 14:37:38,2026-08-05 14:37:38
207767,2867,FRGH8,COMPRA,145,89.0869,9.9444,2026-08-05 14:29:49,2026-08-05 14:29:51,2026-08-05 14:29:51
207768,1154,OVYL9,COMPRA,315,87.1935,4.5551,2026-08-05 11:21:00,2026-08-05 11:21:00,2026-08-05 11:21:00
207769,2771,QTDZ2,COMPRA,210,43.1999,8.8261,2026-08-05 12:50:19,2026-08-05 12:50:19,2026-08-05 12:50:19
207770,1916,GKQC5,COMPRA,197,106.9366,9.6991,2026-08-05 17:14:47,2026-08-05 17:14:48,2026-08-05 17:14:48
207771,2873,CQIL9,COMPRA,490,38.1557,6.1110,2026-08-05 16:54:07,2026-08-05 16:54:09,2026-08-05 16:54:09
207772,1705,TTHO3,COMPRA,295,30.1582,6.2988,2026-08-05 15:29:37,2026-08-05 15:29:37,2026-08-05 15:29:37
207773,1298,HCLJ8,COMPRA,180,88.9187,5.3328,2026-08-05 14:28:34,2026-08-05 14:28:34,2026-08-05 14:28:34
207774,2734,GFDF2,COMPRA,178,81.0390,9.5434,2026-08-05 14:34:02,2026-08-05 14:34:05,2026-08-05 14:34:05
207775,2696,IJJK3,COMPRA,115,115.5007,10.4789,2026-08-05 12:48:05,2026-08-05 12:48:08,2026-08-05 12:48:08
207776,1783,AYFQ2,COMPRA,125,10.0631,5.6626,2026-08-05 11:29:02,2026-08-05 11:29:05,2026-08-05 11:29:05
207777,1804,LGKU6,COMPRA,45,70.0852,11.4275,2026-08-05 14:23:18,2026-08-05 14:23:20,2026-08-05 14:23:20
207778,1167,DGBT6,COMPRA,463,79.1372,1.4249,2026-08-05 14:47:40,2026-08-05 14:47:42,2026-08-05 14:47:42
207779,3027,MGRR2,COMPRA,400,147.7476,5.5029,2026-08-05 17:27:53,2026-08-05 17:27:53,2026-08-05 17:27:53
207780,2512,QTDZ2,COMPRA,273,40.4730,5.4184,2026-08-05 16:59:13,2026-08-05 16:59:13,2026-08-05 16:59:13
207781,2010,IWFI1,COMPRA,330,197.3484,10.3036,2026-08-05 15:36:26,2026-08-05 15:36:29,2026-08-05 15:36:29
207782,3442,DSFC9,COMPRA,475,396.0532,12.6928,2026-08-05 11:37:35,2026-08-05 11:37:38,2026-08-05 11:37:38
207783,1572,WHMT3,COMPRA,165,94.8291,0.9720,2026-08-05 11:00:56,2026-08-05 11:00:58,2026-08-05 11:00:58
207784,2556,ACSV1,COMPRA,213,91.3423,2.8492,2026-08-05 14:17:58,2026-08-05 14:17:58,2026-08-05 14:17:58
207785,2423,HVEX2,COMPRA,180,113.2706,8.2885,2026-08-05 10:59:32,2026-08-05 10:59:35,2026-08-05 10:59:35
207786,3057,TBWG2,COMPRA,55,63.8910,1.4978,2026-08-05 13:29:52,2026-08-05 13:29:55,2026-08-05 13:29:55
207787,3476,RSBT4,COMPRA,475,402.9949,11.6491,2026-08-05 16:52:40,2026-08-05 16:52:41,2026-08-05 16:52:41
207788,1189,NAOF3,COMPRA,395,66.5976,12.0875,2026-08-05 10:36:38,2026-08-05 10:36:41,2026-08-05 10:36:41
207789,1587,IWFI1,COMPRA,500,126.3726,11.1977,2026-08-05 13:16:16,2026-08-05 13:16:17,2026-08-05 13:16:17
207790,1169,HCZM2,COMPRA,210,389.0672,0.9748,2026-08-05 16:35:37,2026-08-05 16:35:40,2026-08-05 16:35:40
207791,1085,WXQM6,COMPRA,168,42.5403,10.9502,2026-08-05 11:51:24,2026-08-05 11:51:25,2026-08-05 11:51:25
207792,2656,RDOA3,COMPRA,455,90.3357,1.3646,2026-08-05 13:15:15,2026-08-05 13:15:15,2026-08-05 13:15:15
207793,1247,NQYT3,COMPRA,255,75.1024,1.4953,2026-08-05 12:01:08,2026-08-05 12:01:11,2026-08-05 12:01:11
207794,1477,ZAAS7,COMPRA,70,386.0831,9.6125,2026-08-05 13:39:01,2026-08-05 13:39:03,2026-08-05 13:39:03
207795,2761,LGKU6,COMPRA,205,71.9810,8.2134,2026-08-05 10:55:47,2026-08-05 10:55:49,2026-08-05 10:55:49
207796,2523,JIPR4,COMPRA,445,38.5569,4.1403,2026-08-05 14:33:23,2026-08-05 14:33:23,2026-08-05 14:33:23
207797,3045,NPEM3,COMPRA,360,107.6057,10.5377,2026-08-05 14:05:24,2026-08-05 14:05:24,2026-08-05 14:05:24
207798,1822,IPXK2,COMPRA,290,261.0968,3.8855,2026-08-05 13:41:11,2026-08-05 13:41:11,2026-08-05 13:41:11
207799,1943,HJRH5,COMPRA,443,170.6842,,2026-08-05 15:00:21,2026-08-05 15:00:22,2026-08-05 15:00:22
207800,2417,TTHO3,COMPRA,300,40.5614,4.6852,2026-08-05 10:04:15,2026-08-05 10:04:18,2026-08-05 10:04:18
207801,3439,OXVD8,COMPRA,100,72.3460,11.1992,2026-08-05 12:36:34,2026-08-05 12:36:36,2026-08-05 12:36:36
207802,1580,NYGT6,COMPRA,70,131.9886,5.9399,2026-08-05 16:30:25,2026-08-05 16:30:26,2026-08-05 16:30:26
207803,2726,RFNS7,COMPRA,330,106.9665,7.8795,2026-08-05 16:44:37,2026-08-05 16:44:38,2026-08-05 16:44:38
207804,2015,MCMT2,COMPRA,185,83.6921,9.0075,2026-08-05 14:00:57,2026-08-05 14:00:58,2026-08-05 14:00:58
207805,1940,YRWH3,COMPRA,495,205.3460,9.8762,2026-08-05 11:07:39,2026-08-05 11:07:41,2026-08-05 11:07:41
207806,2802,OEQA8,COMPRA,144,398.1720,2.4139,2026-08-05 15:45:59,2026-08-05 15:46:01,2026-08-05 15:46:01
207807,2003,IPXK2,COMPRA,265,268.7747,8.1376,2026-08-05 15:39:08,2026-08-05 15:39:09,2026-08-05 15:39:09
207808,2306,JJVW6,COMPRA,210,149.5429,,2026-08-05 10:07:45,2026-08-05 10:07:47,2026-08-05 10:07:47
207809,2394,NREP8,COMPRA,215,104.6095,9.6055,2026-08-05 12:51:01,2026-08-05 12:51:02,2026-08-05 12:51:02
207810,3207,NGIU9,COMPRA,225,126.5078,0.1227,2026-08-05 12:18:35,2026-08-05 12:18:35,2026-08-05 12:18:35
207811,1414,JIPA6,COMPRA,70,37.1861,1.3509,2026-08-05 10:33:50,2026-08-05 10:33:52,2026-08-05 10:33:52
207812,2000,RDOA3,COMPRA,305,107.3537,5.0248,2026-08-05 10:30:38,2026-08-05 10:30:39,2026-08-05 10:30:39
207813,3036,IJJK3,COMPRA,185,87.0998,6.8811,2026-08-05 15:19:38,2026-08-05 15:19:40,2026-08-05 15:19:40
207814,2369,RSBT4,COMPRA,495,498.2240,11.4548,2026-08-05 17:01:40,2026-08-05 17:01:41,2026-08-05 17:01:41
207815,1831,QEUC2,COMPRA,50,136.6490,3.4015,2026-08-05 13:02:58,2026-08-05 13:03:00,2026-08-05 13:03:00
207816,2658,FRGH8,COMPRA,95,74.0468,0.3961,2026-08-05 12:32:55,2026-08-05 12:32:55,2026-08-05 12:32:55
207817,1964,ECQD7,COMPRA,120,104.7765,1.8465,2026-08-05 16:38:27,2026-08-05 16:38:27,2026-08-05 16:38:27
207818,2779,HVEX2,COMPRA,455,113.1320,4.5055,2026-08-05 13:42:11,2026-08-05 13:42:12,2026-08-05 13:42:12
207819,2804,FRGH8,COMPRA,337,75.1221,2.9572,2026-08-05 12:26:59,2026-08-05 12:26:59,2026-08-05 12:26:59
207820,1381,LQML9,COMPRA,377,155.2384,6.8600,2026-08-05 15:00:14,2026-08-05 15:00:15,2026-08-05 15:00:15
207821,2919,TXHR8,COMPRA,20,84.5859,11.3292,2026-08-05 13:12:18,2026-08-05 13:12:20,2026-08-05 13:12:20
207822,2514,BXFJ9,COMPRA,325,157.4945,10.2142,2026-08-05 11:51:44,2026-08-05 11:51:44,2026-08-05 11:51:44
207823,3120,UCHR6,COMPRA,170,433.4442,6.9144,2026-08-05 17:28:14,2026-08-05 17:28:15,2026-08-05 17:28:15
207824,2723,TNHT4,COMPRA,355,131.7960,7.3854,2026-08-05 16:13:56,2026-08-05 16:13:59,2026-08-05 16:13:59
207825,2831,CQJZ4,COMPRA,215,79.3960,12.6752,2026-08-05 17:02:55,2026-08-05 17:02:58,2026-08-05 17:02:58
207826,2689,IPXK2,COMPRA,215,234.3292,8.4007,2026-08-05 17:01:10,2026-08-05 17:01:12,2026-08-05 17:01:12
207827,2513,AAWB3,COMPRA,366,149.2545,7.1279,2026-08-05 15:19:31,2026-08-05 15:19:31,2026-08-05 15:19:31
207828,3228,DGBT6,COMPRA,80,101.6571,5.5164,2026-08-05 16:08:47,2026-08-05 16:08:49,2026-08-05 16:08:49
207829,1750,KHGP6,COMPRA,244,90.8993,10.1704,2026-08-05 14:47:25,2026-08-05 14:47:27,2026-08-05 14:47:27
207830,2527,RYPL6,COMPRA,280,93.7973,4.2224,2026-08-05 16:50:11,2026-08-05 16:50:11,2026-08-05 16:50:11
207831,2407,DHRM5,COMPRA,30,376.3663,10.2523,2026-08-05 16:24:13,2026-08-05 16:24:16,2026-08-05 16:24:16
207832,1057,CQJZ4,COMPRA,310,105.5550,10.0939,2026-08-05 17:10:58,2026-08-05 17:11:01,2026-08-05 17:11:01
207833,1577,KFSY2,COMPRA,345,121.7649,0.8123,2026-08-05 17:27:36,2026-08-05 17:27:36,2026-08-05 17:27:36
207834,1562,OVYL9,COMPRA,465,61.5477,12.1643,2026-08-05 13:10:59,2026-08-05 13:10:59,2026-08-05 13:10:59
207835,1992,GULD2,COMPRA,70,122.7047,12.5960,2026-08-05 10:44:22,2026-08-05 10:44:22,2026-08-05 10:44:22
207836,1603,ENRZ2,COMPRA,490,76.7448,3.9784,2026-08-05 12:59:14,2026-08-05 12:59:15,2026-08-05 12:59:15
207837,3223,PZUP8,COMPRA,325,175.6542,0.4009,2026-08-05 15:33:46,2026-08-05 15:33:49,2026-08-05 15:33:49
207838,1950,MOLF3,COMPRA,325,56.3990,9.5649,2026-08-05 11:06:22,2026-08-05 11:06:23,2026-08-05 11:06:23
207839,2534,GULD2,COMPRA,460,165.7539,5.0741,2026-08-05 12:32:42,2026-08-05 12:32:43,2026-08-05 12:32:43
207840,2357,QTHQ1,COMPRA,150,22.1370,8.4334,2026-08-05 17:09:29,2026-08-05 17:09:29,2026-08-05 17:09:29
207841,3368,ZYVN7,COMPRA,20,77.1154,8.6795,2026-08-05 13:16:40,2026-08-05 13:16:40,2026-08-05 13:16:40
207842,1560,NWGB4,COMPRA,394,124.0599,3.2316,2026-08-05 12:39:37,2026-08-05 12:39:38,2026-08-05 12:39:38
207843,1704,DQSN6,COMPRA,225,153.8090,11.1952,2026-08-05 17:01:09,2026-08-05 17:01:11,2026-08-05 17:01:11
207844,2277,JUDG8,COMPRA,306,83.8890,5.2685,2026-08-05 14:43:12,2026-08-05 14:43:14,2026-08-05 14:43:14
207845,2587,JJVW6,COMPRA,370,157.1138,5.4032,2026-08-05 16:34:14,2026-08-05 16:34:14,2026-08-05 16:34:14
207846,3447,ZYVN7,COMPRA,295,60.0000,8.2662,2026-08-05 15:30:28,2026-08-05 15:30:28,2026-08-05 15:30:28
207847,1138,XTVW5,COMPRA,20,121.3896,12.7525,2026-08-05 11:22:58,2026-08-05 11:22:58,2026-08-05 11:22:58
207848,1557,NWGB4,COMPRA,490,124.7433,6.6381,2026-08-05 16:20:01,2026-08-05 16:20:04,2026-08-05 16:20:04
207849,2677,YFAH5,COMPRA,70,174.2675,11.0690,2026-08-05 15:19:52,2026-08-05 15:19:54,2026-08-05 15:19:54
207850,3379,UFIU3,COMPRA,95,80.6127,5.2081,2026-08-05 14:48:44,2026-08-05 14:48:47,2026-08-05 14:48:47
207851,1998,HCZM2,COMPRA,280,388.5794,11.4100,2026-08-05 17:04:47,2026-08-05 17:04:50,2026-08-05 17:04:50
207852,3426,MCMT2,COMPRA,120,74.2810,7.8143,2026-08-05 12:30:01,2026-08-05 12:30:03,2026-08-05 12:30:03
207853,1494,SVOZ4,COMPRA,110,41.9158,4.8289,2026-08-05 11:53:20,2026-08-05 11:53:20,2026-08-05 11:53:20
207854,2364,DHRM5,COMPRA,202,255.7758,10.8907,2026-08-05 14:53:14,2026-08-05 14:53:15,2026-08-05 14:53:15
207855,1240,HJRH5,VENDA,195,126.6252,10.3602,2026-08-05 12:06:54,2026-08-05 12:06:54,2026-08-05 12:06:54
207856,2258,QQQS1,COMPRA,385,26.4347,11.1946,2026-08-05 14:16:55,2026-08-05 14:16:58,2026-08-05 14:16:58
207857,2987,HVEX2,COMPRA,490,107.2510,4.1878,2026-08-05 11:07:26,2026-08-05 11:07:29,2026-08-05 11:07:29
207858,2523,LQML9,COMPRA,425,152.4872,5.9258,2026-08-05 13:01:01,2026-08-05 13:01:01,2026-08-05 13:01:01
207859,1833,ZYVN7,COMPRA,253,87.4383,9.3214,2026-08-05 10:36:20,2026-08-05 10:36:21,2026-08-05 10:36:21
207860,1532,TTHO3,COMPRA,460,34.6340,3.0071,2026-08-05 15:39:08,2026-08-05 15:39:09,2026-08-05 15:39:09
207861,1833,WHMT3,COMPRA,415,135.6958,12.1469,2026-08-05 15:22:45,2026-08-05 15:22:45,2026-08-05 15:22:45
207862,2197,WHMT3,COMPRA,135,104.9749,6.3289,2026-08-05 15:06:00,2026-08-05 15:06:02,2026-08-05 15:06:02
207863,2501,DFGR7,COMPRA,35,84.8210,8.4590,2026-08-05 16:47:23,2026-08-05 16:47:24,2026-08-05 16:47:24
207864,2340,SGBG8,COMPRA,470,86.7838,10.2336,2026-08-05 14:37:33,2026-08-05 14:37:33,2026-08-05 14:37:33
207865,3299,PBZM6,COMPRA,326,52.6346,5.1913,2026-08-05 14:56:34,2026-08-05 14:56:36,2026-08-05 14:56:36
207866,2318,XPVA7,COMPRA,363,427.6364,6.2295,2026-08-05 14:57:31,2026-08-05 14:57:31,2026-08-05 14:57:31
207867,3179,AAWB3,COMPRA,445,176.7148,1.7641,2026-08-05 11:56:14,2026-08-05 11:56:15,2026-08-05 11:56:15
207868,2679,GAKD5,COMPRA,425,216.0550,4.0152,2026-08-05 15:38:32,2026-08-05 15:38:35,2026-08-05 15:38:35
207869,2866,JIPR4,COMPRA,420,26.8689,7.5792,2026-08-05 16:51:19,2026-08-05 16:51:20,2026-08-05 16:51:20
207870,2097,RIET5,COMPRA,265,133.1260,7.7256,2026-08-05 16:51:23,2026-08-05 16:51:25,2026-08-05 16:51:25
207871,1726,ENRZ2,COMPRA,271,101.6866,2.1027,2026-08-05 12:37:08,2026-08-05 12:37:11,2026-08-05 12:37:11
207872,3044,QEUC2,COMPRA,70,145.5790,12.1910,2026-08-05 10:05:31,2026-08-05 10:05:31,2026-08-05 10:05:31
207873,2409,HCZM2,COMPRA,340,418.3238,5.8871,2026-08-05 17:07:17,2026-08-05 17:07:18,2026-08-05 17:07:18
207874,2520,LQML9,COMPRA,391,139.8100,6.3454,2026-08-05 17:26:56,2026-08-05 17:26:57,2026-08-05 17:26:57
207875,1767,UYFJ9,COMPRA,295,78.4795,,2026-08-05 10:27:39,2026-08-05 10:27:41,2026-08-05 10:27:41
207876,2695,ACSV1,COMPRA,15,83.7191,1.1090,2026-08-05 11:54:30,2026-08-05 11:54:33,2026-08-05 11:54:33
207877,2292,OEQA8,COMPRA,50,498.0898,10.8950,2026-08-05 15:55:52,2026-08-05 15:55:53,2026-08-05 15:55:53
207878,3284,SVOZ4,COMPRA,275,43.5440,0.8485,2026-08-05 12:30:52,2026-08-05 12:30:53,2026-08-05 12:30:53
207879,2351,RYPL6,COMPRA,305,106.4518,4.7779,2026-08-05 10:17:58,2026-08-05 10:18:01,2026-08-05 10:18:01
207880,1118,QYBV3,COMPRA,420,76.8914,8.3054,2026-08-05 13:07:46,2026-08-05 13:07:49,2026-08-05 13:07:49
207881,2898,DGBT6,COMPRA,340,102.0663,1.1212,2026-08-05 17:12:25,2026-08-05 17:12:27,2026-08-05 17:12:27
207882,1156,NUJZ2,COMPRA,165,40.4018,2.3236,2026-08-05 10:15:18,2026-08-05 10:15:21,2026-08-05 10:15:21
207883,1473,MCHX2,COMPRA,371,126.0404,0.5821,2026-08-05 15:30:46,2026-08-05 15:30:49,2026-08-05 15:30:49
207884,1989,OEQA8,COMPRA,345,385.1688,10.7856,2026-08-05 10:53:43,2026-08-05 10:53:43,2026-08-05 10:53:43
207885,2452,ZFBT3,COMPRA,165,87.3374,2.2908,2026-08-05 16:34:58,2026-08-05 16:35:01,2026-08-05 16:35:01
207886,2893,CQJZ4,VENDA,190,108.4350,0.0056,2026-08-05 13:29:43,2026-08-05 13:29:45,2026-08-05 13:29:45
207887,2237,XAVL3,COMPRA,40,151.0210,12.7351,2026-08-05 14:26:39,2026-08-05 14:26:40,2026-08-05 14:26:40
207888,2554,DGBT6,COMPRA,330,82.6011,1.8674,2026-08-05 15:35:07,2026-08-05 15:35:07,2026-08-05 15:35:07
207889,1412,HCLJ8,COMPRA,355,133.5882,7.8474,2026-08-05 16:59:53,2026-08-05 16:59:55,2026-08-05 16:59:55
207890,1486,YCCK8,COMPRA,210,330.5523,9.7786,2026-08-05 12:00:09,2026-08-05 12:00:09,2026-08-05 12:00:09
207891,2077,DQSN6,COMPRA,80,126.0159,0.6907,2026-08-05 16:23:29,2026-08-05 16:23:29,2026-08-05 16:23:29
207892,3036,DQSN6,COMPRA,380,111.5497,3.3621,2026-08-05 16:26:43,2026-08-05 16:26:46,2026-08-05 16:26:46
207893,2927,ENRZ2,COMPRA,20,103.9226,0.2689,2026-08-05 12:45:35,2026-08-05 12:45:36,2026-08-05 12:45:36
207894,1541,RSBT4,COMPRA,320,352.2382,0.1306,2026-08-05 14:32:56,2026-08-05 14:32:56,2026-08-05 14:32:56
207895,1293,LGKU6,COMPRA,130,59.8943,9.4370,2026-08-05 11:03:26,2026-08-05 11:03:26,2026-08-05 11:03:26
207896,2356,XOVY4,COMPRA,430,120.5224,8.8115,2026-08-05 17:21:52,2026-08-05 17:21:52,2026-08-05 17:21:52
207897,2445,LCCH9,COMPRA,25,7.2396,11.3492,2026-08-05 13:07:33,2026-08-05 13:07:33,2026-08-05 13:07:33
207898,1076,IJJK3,COMPRA,375,130.9821,11.3908,2026-08-05 16:21:43,2026-08-05 16:21:46,2026-08-05 16:21:46
207899,1568,DSFC9,COMPRA,75,519.5307,1.6124,2026-08-05 14:26:24,2026-08-05 14:26:27,2026-08-05 14:26:27
207900,1354,NYGT6,COMPRA,30,117.2795,3.8323,2026-08-05 12:15:01,2026-08-05 12:15:01,2026-08-05 12:15:01
207901,1680,XTVW5,COMPRA,218,127.5980,9.6464,2026-08-05 16:51:43,2026-08-05 16:51:45,2026-08-05 16:51:45
207902,1049,NQYT3,COMPRA,300,55.1901,11.1922,2026-08-05 14:21:09,2026-08-05 14:21:10,2026-08-05 14:21:10
207903,2671,DGBT6,COMPRA,195,98.9487,5.4084,2026-08-05 15:51:27,2026-08-05 15:51:29,2026-08-05 15:51:29
207904,1411,MJDL9,COMPRA,470,32.3520,0.4466,2026-08-05 13:46:01,2026-08-05 13:46:02,2026-08-05 13:46:02
207905,1843,OVYL9,COMPRA,40,85.7962,6.8335,2026-08-05 15:31:18,2026-08-05 15:31:18,2026-08-05 15:31:18
207906,2963,JDJG6,COMPRA,70,89.6125,5.7924,2026-08-05 13:08:49,2026-08-05 13:08:51,2026-08-05 13:08:51
207907,2320,SVOZ4,COMPRA,494,55.5955,3.6019,2026-08-05 11:18:57,2026-08-05 11:18:58,2026-08-05 11:18:58
207908,2328,XOVY4,COMPRA,80,88.4869,8.2485,2026-08-05 10:51:35,2026-08-05 10:51:35,2026-08-05 10:51:35
207909,2390,QEUC2,COMPRA,390,196.3574,0.6835,2026-08-05 12:36:16,2026-08-05 12:36:17,2026-08-05 12:36:17
207910,2424,HVEX2,COMPRA,185,147.8794,12.1260,2026-08-05 10:32:06,2026-08-05 10:32:08,2026-08-05 10:32:08
207911,2577,NUJZ2,COMPRA,215,29.1319,12.6578,2026-08-05 16:35:41,2026-08-05 16:35:42,2026-08-05 16:35:42
207912,3464,XAVL3,COMPRA,370,169.9702,,2026-08-05 16:55:44,2026-08-05 16:55:47,2026-08-05 16:55:47
207913,3339,IPXK2,COMPRA,340,296.4069,6.3627,2026-08-05 16:58:58,2026-08-05 16:59:00,2026-08-05 16:59:00
207914,2092,DMTZ8,COMPRA,305,211.4988,3.4685,2026-08-05 10:05:57,2026-08-05 10:05:58,2026-08-05 10:05:58
207915,3470,HJRH5,COMPRA,297,127.5959,0.7666,2026-08-05 10:33:15,2026-08-05 10:33:15,2026-08-05 10:33:15
207916,3253,NYGT6,COMPRA,220,112.4296,4.4932,2026-08-05 14:32:35,2026-08-05 14:32:38,2026-08-05 14:32:38
207917,1045,AYFQ2,COMPRA,277,14.4525,3.9365,2026-08-05 10:46:15,2026-08-05 10:46:18,2026-08-05 10:46:18
207918,1670,UCHR6,COMPRA,195,514.1367,8.7161,2026-08-05 17:03:51,2026-08-05 17:03:53,2026-08-05 17:03:53
207919,2250,SUZL4,COMPRA,95,116.3414,6.3021,2026-08-05 12:36:34,2026-08-05 12:36:34,2026-08-05 12:36:34
207920,1038,UQIQ7,COMPRA,240,85.0052,7.1495,2026-08-05 15:08:16,2026-08-05 15:08:18,2026-08-05 15:08:18
207921,1901,QHFL8,COMPRA,155,131.4134,9.5064,2026-08-05 16:25:04,2026-08-05 16:25:06,2026-08-05 16:25:06
207922,3016,OVYL9,COMPRA,230,76.4529,5.5867,2026-08-05 13:05:52,2026-08-05 13:05:54,2026-08-05 13:05:54
207923,3226,YYLA4,COMPRA,425,220.2116,12.8282,2026-08-05 11:19:53,2026-08-05 11:19:55,2026-08-05 11:19:55
207924,2985,TVCE9,COMPRA,64,64.0321,10.9896,2026-08-05 15:46:42,2026-08-05 15:46:43,2026-08-05 15:46:43
207925,1355,FRGH8,COMPRA,225,92.0104,10.0147,2026-08-05 15:01:01,2026-08-05 15:01:03,2026-08-05 15:01:03
207926,2616,ECQD7,COMPRA,335,74.3733,7.3806,2026-08-05 16:49:38,2026-08-05 16:49:38,2026-08-05 16:49:38
207927,1739,SUZL4,COMPRA,440,169.0691,7.1637,2026-08-05 10:18:27,2026-08-05 10:18:29,2026-08-05 10:18:29
207928,1665,QEUC2,COMPRA,55,145.9974,0.4319,2026-08-05 16:58:39,2026-08-05 16:58:42,2026-08-05 16:58:42
207929,2318,GAKD5,COMPRA,340,222.8356,12.6658,2026-08-05 14:56:19,2026-08-05 14:56:19,2026-08-05 14:56:19
207930,2682,XPVA7,COMPRA,500,459.8771,10.2215,2026-08-05 16:33:54,2026-08-05 16:33:57,2026-08-05 16:33:57
207931,2262,UCHR6,COMPRA,180,361.7808,4.2274,2026-08-05 11:53:01,2026-08-05 11:53:02,2026-08-05 11:53:02
207932,1675,LQML9,COMPRA,341,113.1442,8.4281,2026-08-05 13:39:17,2026-08-05 13:39:20,2026-08-05 13:39:20
207933,1865,QHFL8,COMPRA,295,127.6646,9.0144,2026-08-05 10:26:27,2026-08-05 10:26:28,2026-08-05 10:26:28
207934,1300,QTHQ1,COMPRA,145,18.0146,2.8525,2026-08-05 13:11:49,2026-08-05 13:11:51,2026-08-05 13:11:51
207935,2644,RYPL6,COMPRA,390,98.7432,10.3301,2026-08-05 13:31:39,2026-08-05 13:31:42,2026-08-05 13:31:42
207936,2655,WMQZ6,COMPRA,435,92.5084,12.1236,2026-08-05 13:15:01,2026-08-05 13:15:03,2026-08-05 13:15:03
207937,2711,MOLF3,COMPRA,240,65.5355,2.6588,2026-08-05 15:54:22,2026-08-05 15:54:23,2026-08-05 15:54:23
207938,2293,DSFC9,COMPRA,345,452.5294,11.2750,2026-08-05 13:49:28,2026-08-05 13:49:30,2026-08-05 13:49:30
207939,2639,LGKU6,COMPRA,405,80.3473,5.5508,2026-08-05 16:45:27,2026-08-05 16:45:29,2026-08-05 16:45:29
207940,1941,YRWH3,VENDA,290,233.6807,11.2500,2026-08-05 11:47:06,2026-08-05 11:47:08,2026-08-05 11:47:08
207941,1189,DQSN6,COMPRA,465,109.1364,2.3233,2026-08-05 10:37:12,2026-08-05 10:37:12,2026-08-05 10:37:12
207942,2962,DSFC9,COMPRA,265,383.0986,1.1363,2026-08-05 14:35:37,2026-08-05 14:35:38,2026-08-05 14:35:38
207943,2609,DSFC9,COMPRA,119,385.9155,9.2378,2026-08-05 11:57:33,2026-08-05 11:57:35,2026-08-05 11:57:35
207944,2832,UFIU3,COMPRA,40,96.9650,10.8616,2026-08-05 15:31:08,2026-08-05 15:31:11,2026-08-05 15:31:11
207945,1011,DGBT6,COMPRA,120,92.3928,9.7441,2026-08-05 15:55:30,2026-08-05 15:55:32,2026-08-05 15:55:32
207946,1780,WXFC8,COMPRA,255,81.1367,0.1268,2026-08-05 16:33:15,2026-08-05 16:33:18,2026-08-05 16:33:18
207947,1683,OXVD8,COMPRA,470,65.9843,4.1192,2026-08-05 14:43:00,2026-08-05 14:43:03,2026-08-05 14:43:03
207948,1743,ACSV1,COMPRA,340,111.1357,1.3582,2026-08-05 14:56:30,2026-08-05 14:56:30,2026-08-05 14:56:30
207949,3074,NHYK8,COMPRA,140,61.5249,11.1735,2026-08-05 12:00:08,2026-08-05 12:00:10,2026-08-05 12:00:10
207950,1633,MJDL9,COMPRA,21,36.1599,5.9455,2026-08-05 10:02:20,2026-08-05 10:02:22,2026-08-05 10:02:22
207951,2598,KQEO3,COMPRA,195,83.1179,7.6585,2026-08-05 10:04:04,2026-08-05 10:04:06,2026-08-05 10:04:06
207952,3295,YRWH3,COMPRA,276,190.3458,4.7225,2026-08-05 16:40:20,2026-08-05 16:40:20,2026-08-05 16:40:20
207953,3061,AAWB3,COMPRA,305,133.4053,1.8822,2026-08-05 14:05:43,2026-08-05 14:05:44,2026-08-05 14:05:44
207954,1839,DQSN6,COMPRA,145,120.0605,11.2250,2026-08-05 12:48:18,2026-08-05 12:48:19,2026-08-05 12:48:19
207955,3402,MJDL9,COMPRA,50,35.1480,2.5063,2026-08-05 13:50:24,2026-08-05 13:50:26,2026-08-05 13:50:26
207956,3380,GULD2,COMPRA,12,139.8325,10.9086,2026-08-05 10:28:08,2026-08-05 10:28:09,2026-08-05 10:28:09
207957,1999,IWAK1,COMPRA,442,101.3575,9.4916,2026-08-05 16:17:10,2026-08-05 16:17:13,2026-08-05 16:17:13
207958,3078,MCHX2,COMPRA,10,128.5202,7.1218,2026-08-05 17:26:55,2026-08-05 17:26:55,2026-08-05 17:26:55
207959,2659,TVCE9,COMPRA,235,67.5011,4.7770,2026-08-05 14:32:54,2026-08-05 14:32:54,2026-08-05 14:32:54
207960,2569,NPEM3,COMPRA,25,115.0060,11.9367,2026-08-05 13:55:06,2026-08-05 13:55:08,2026-08-05 13:55:08
207961,2936,SGBG8,COMPRA,280,100.1442,5.1902,2026-08-05 15:20:49,2026-08-05 15:20:49,2026-08-05 15:20:49
207962,1103,OEQA8,COMPRA,219,451.2795,0.2048,2026-08-05 11:18:27,2026-08-05 11:18:29,2026-08-05 11:18:29
207963,3233,ERTC4,COMPRA,470,50.4298,5.2016,2026-08-05 13:53:56,2026-08-05 13:53:58,2026-08-05 13:53:58
207964,3214,GKQC5,COMPRA,100,154.0925,6.3138,2026-08-05 16:08:42,2026-08-05 16:08:42,2026-08-05 16:08:42
207965,1795,HCZM2,COMPRA,238,378.7808,6.4226,2026-08-05 14:28:07,2026-08-05 14:28:09,2026-08-05 14:28:09
207966,1720,UQJU7,COMPRA,45,70.0416,11.2979,2026-08-05 16:41:50,2026-08-05 16:41:51,2026-08-05 16:41:51
207967,2822,FRGH8,COMPRA,55,78.6123,11.6640,2026-08-05 14:19:18,2026-08-05 14:19:20,2026-08-05 14:19:20
207968,3007,TVCE9,COMPRA,315,76.8321,5.9395,2026-08-05 16:31:33,2026-08-05 16:31:33,2026-08-05 16:31:33
207969,3125,OEQA8,COMPRA,280,499.0396,3.9907,2026-08-05 16:44:27,2026-08-05 16:44:28,2026-08-05 16:44:28
207970,3089,UVEY5,COMPRA,285,71.1492,5.9981,2026-08-05 16:31:52,2026-08-05 16:31:52,2026-08-05 16:31:52
207971,2533,EEYY9,COMPRA,300,162.6726,0.1459,2026-08-05 14:52:59,2026-08-05 14:53:02,2026-08-05 14:53:02
207972,1313,ENRZ2,COMPRA,300,102.6181,0.4928,2026-08-05 13:33:36,2026-08-05 13:33:38,2026-08-05 13:33:38
207973,1831,UYFJ9,COMPRA,95,86.6035,4.1329,2026-08-05 10:32:54,2026-08-05 10:32:56,2026-08-05 10:32:56
207974,1965,QYBV3,COMPRA,205,88.1543,1.2827,2026-08-05 13:20:02,2026-08-05 13:20:03,2026-08-05 13:20:03
207975,3492,ZAAS7,COMPRA,265,490.9187,7.1770,2026-08-05 12:53:53,2026-08-05 12:53:54,2026-08-05 12:53:54
207976,3137,YCCK8,COMPRA,275,336.0579,2.8545,2026-08-05 15:59:32,2026-08-05 15:59:33,2026-08-05 15:59:33
207977,2551,ENRZ2,COMPRA,70,96.2358,7.1359,2026-08-05 16:38:50,2026-08-05 16:38:51,2026-08-05 16:38:51
207978,1553,OEQA8,COMPRA,271,428.9154,9.6854,2026-08-05 12:41:57,2026-08-05 12:41:59,2026-08-05 12:41:59
207979,2179,MCHX2,COMPRA,290,133.3834,8.8926,2026-08-05 16:55:12,2026-08-05 16:55:14,2026-08-05 16:55:14
207980,1774,HJRH5,COMPRA,130,171.4549,1.7184,2026-08-05 16:46:32,2026-08-05 16:46:34,2026-08-05 16:46:34
207981,2851,WXQM6,COMPRA,310,56.4811,,2026-08-05 11:55:54,2026-08-05 11:55:56,2026-08-05 11:55:56
207982,1201,HCLJ8,COMPRA,365,125.7770,7.8510,2026-08-05 10:11:44,2026-08-05 10:11:46,2026-08-05 10:11:46
207983,1217,XOVY4,COMPRA,345,79.9418,5.9039,2026-08-05 12:11:43,2026-08-05 12:11:46,2026-08-05 12:11:46
207984,3099,SRDU1,COMPRA,455,85.0997,6.7035,2026-08-05 17:07:33,2026-08-05 17:07:34,2026-08-05 17:07:34
207985,2727,LQML9,COMPRA,290,122.3506,5.8855,2026-08-05 10:04:45,2026-08-05 10:04:47,2026-08-05 10:04:47
207986,1613,XPVA7,COMPRA,115,505.7147,7.4445,2026-08-05 14:13:42,2026-08-05 14:13:45,2026-08-05 14:13:45
207987,3380,PBZM6,COMPRA,254,68.9600,0.4026,2026-08-05 17:17:00,2026-08-05 17:17:00,2026-08-05 17:17:00
207988,1865,PQUT9,COMPRA,495,88.0464,8.6039,2026-08-05 13:53:43,2026-08-05 13:53:46,2026-08-05 13:53:46
207989,2659,ICSU4,COMPRA,411,124.3541,9.8898,2026-08-05 10:46:39,2026-08-05 10:46:41,2026-08-05 10:46:41
207990,2008,VLEB3,COMPRA,130,320.5155,8.9859,2026-08-05 14:57:52,2026-08-05 14:57:54,2026-08-05 14:57:54
207991,2418,YRWH3,COMPRA,195,178.7618,12.8834,2026-08-05 12:14:27,2026-08-05 12:14:27,2026-08-05 12:14:27
207992,2053,DHRM5,COMPRA,275,332.7990,3.9255,2026-08-05 14:57:39,2026-08-05 14:57:39,2026-08-05 14:57:39
207993,1638,JIPR4,COMPRA,30,29.5645,8.9939,2026-08-05 13:14:28,2026-08-05 13:14:29,2026-08-05 13:14:29
207994,3112,KHGP6,COMPRA,275,101.7897,7.3680,2026-08-05 11:46:50,2026-08-05 11:46:53,2026-08-05 11:46:53
207995,2779,QHFL8,COMPRA,199,115.8711,11.8742,2026-08-05 16:35:52,2026-08-05 16:35:55,2026-08-05 16:35:55
207996,1811,HJRH5,COMPRA,260,198.5034,2.6177,2026-08-05 16:02:32,2026-08-05 16:02:35,2026-08-05 16:02:35
207997,2078,JJVW6,COMPRA,330,99.7773,8.9420,2026-08-05 11:43:48,2026-08-05 11:43:48,2026-08-05 11:43:48
207998,3153,HJRH5,COMPRA,336,167.4140,3.0809,2026-08-05 13:59:58,2026-08-05 14:00:01,2026-08-05 14:00:01
207999,1637,GKQC5,COMPRA,178,123.0102,12.0534,2026-08-05 10:35:04,2026-08-05 10:35:07,2026-08-05 10:35:07
208000,2121,XAVL3,COMPRA,275,183.5795,6.4064,2026-08-05 17:04:47,2026-08-05 17:04:47,2026-08-05 17:04:47
208001,1173,RDOA3,COMPRA,86,77.3420,9.4011,2026-08-05 15:56:06,2026-08-05 15:56:08,2026-08-05 15:56:08
208002,2497,GAKD5,COMPRA,125,241.2675,0.0211,2026-08-05 17:03:15,2026-08-05 17:03:17,2026-08-05 17:03:17
208003,1859,DFGR7,COMPRA,240,116.1515,10.3875,2026-08-05 10:52:34,2026-08-05 10:52:37,2026-08-05 10:52:37
208004,1668,PBZM6,COMPRA,215,58.6710,10.7258,2026-08-05 15:19:57,2026-08-05 15:19:57,2026-08-05 15:19:57
208005,2252,FYZB6,COMPRA,153,65.3821,6.1955,2026-08-05 16:29:06,2026-08-05 16:29:06,2026-08-05 16:29:06
208006,2866,NGIU9,COMPRA,120,99.9166,1.3570,2026-08-05 14:58:01,2026-08-05 14:58:01,2026-08-05 14:58:01
208007,1445,JUDG8,COMPRA,391,96.9597,3.5199,2026-08-05 13:38:41,2026-08-05 13:38:43,2026-08-05 13:38:43
208008,1700,SVOZ4,COMPRA,422,38.5336,6.9179,2026-08-05 11:11:40,2026-08-05 11:11:43,2026-08-05 11:11:43
208009,2398,LGKU6,COMPRA,80,83.2786,7.9266,2026-08-05 13:51:53,2026-08-05 13:51:55,2026-08-05 13:51:55
208010,2294,LCCH9,COMPRA,228,9.6543,8.4803,2026-08-05 11:21:04,2026-08-05 11:21:05,2026-08-05 11:21:05
208011,2511,NYGT6,COMPRA,450,112.0670,1.3143,2026-08-05 17:17:30,2026-08-05 17:17:30,2026-08-05 17:17:30
208012,2185,IWFI1,COMPRA,35,201.3179,7.0290,2026-08-05 10:35:08,2026-08-05 10:35:09,2026-08-05 10:35:09
208013,1392,ACSV1,COMPRA,385,95.5720,0.4809,2026-08-05 10:18:12,2026-08-05 10:18:13,2026-08-05 10:18:13
208014,2445,JIPR4,COMPRA,440,25.7204,6.6941,2026-08-05 14:59:38,2026-08-05 14:59:39,2026-08-05 14:59:39
208015,2407,BOCS8,COMPRA,375,72.2596,8.0388,2026-08-05 10:10:08,2026-08-05 10:10:10,2026-08-05 10:10:10
208016,2083,NUJZ2,COMPRA,370,32.8776,7.2107,2026-08-05 14:05:58,2026-08-05 14:06:00,2026-08-05 14:06:00
208017,2658,VLEB3,VENDA,25,386.9789,7.9081,2026-08-05 10:58:33,2026-08-05 10:58:36,2026-08-05 10:58:36
208018,2907,LIEG8,COMPRA,470,108.6328,12.4868,2026-08-05 13:30:02,2026-08-05 13:30:03,2026-08-05 13:30:03
208019,2399,GFDF2,COMPRA,380,88.1321,5.7997,2026-08-05 15:09:24,2026-08-05 15:09:26,2026-08-05 15:09:26
208020,1835,WIPB2,COMPRA,313,94.1125,9.1473,2026-08-05 14:39:03,2026-08-05 14:39:04,2026-08-05 14:39:04
208021,1408,NUJZ2,COMPRA,460,41.5812,5.2386,2026-08-05 12:07:16,2026-08-05 12:07:16,2026-08-05 12:07:16
208022,1754,YFAH5,COMPRA,340,157.2338,2.4571,2026-08-05 10:50:26,2026-08-05 10:50:27,2026-08-05 10:50:27
208023,1813,NQYT3,COMPRA,35,50.0071,0.1716,2026-08-05 11:55:11,2026-08-05 11:55:12,2026-08-05 11:55:12
208024,3412,FRGH8,COMPRA,115,69.5680,7.6101,2026-08-05 17:07:53,2026-08-05 17:07:54,2026-08-05 17:07:54
208025,1247,TTHO3,COMPRA,500,37.0561,5.4878,2026-08-05 13:24:19,2026-08-05 13:24:19,2026-08-05 13:24:19
208026,2393,JIPA6,COMPRA,475,43.2656,3.8635,2026-08-05 15:24:46,2026-08-05 15:24:47,2026-08-05 15:24:47
208027,1319,NWGB4,COMPRA,150,104.0209,8.6122,2026-08-05 10:50:57,2026-08-05 10:50:57,2026-08-05 10:50:57
208028,2874,JJVW6,COMPRA,440,148.5387,7.2046,2026-08-05 12:06:37,2026-08-05 12:06:40,2026-08-05 12:06:40
208029,2570,SRDU1,COMPRA,405,103.7683,0.2418,2026-08-05 15:29:12,2026-08-05 15:29:12,2026-08-05 15:29:12
208030,1402,MCMT2,COMPRA,274,120.2861,9.5478,2026-08-05 17:20:26,2026-08-05 17:20:28,2026-08-05 17:20:28
208031,1002,UFIU3,COMPRA,300,66.6789,1.1549,2026-08-05 13:08:39,2026-08-05 13:08:42,2026-08-05 13:08:42
208032,3330,QTDZ2,COMPRA,451,39.6370,12.8222,2026-08-05 11:37:11,2026-08-05 11:37:13,2026-08-05 11:37:13
208033,2855,SRDU1,COMPRA,325,80.2580,4.8245,2026-08-05 16:48:42,2026-08-05 16:48:44,2026-08-05 16:48:44
208034,2898,SUZL4,COMPRA,361,127.5452,3.9922,2026-08-05 16:52:55,2026-08-05 16:52:58,2026-08-05 16:52:58
208035,2191,BXFJ9,COMPRA,390,146.9612,3.2679,2026-08-05 15:57:39,2026-08-05 15:57:39,2026-08-05 15:57:39
208036,2769,OVUQ2,COMPRA,450,41.1065,11.7958,2026-08-05 11:09:28,2026-08-05 11:09:28,2026-08-05 11:09:28
208037,2817,GKQC5,COMPRA,45,122.8775,12.3883,2026-08-05 16:59:12,2026-08-05 16:59:14,2026-08-05 16:59:14
208038,3133,QEUC2,COMPRA,400,216.5129,11.2972,2026-08-05 13:09:25,2026-08-05 13:09:26,2026-08-05 13:09:26
208039,1760,IZTY4,COMPRA,330,27.2364,6.8678,2026-08-05 13:37:18,2026-08-05 13:37:19,2026-08-05 13:37:19
208040,1440,TBWG2,COMPRA,98,73.0163,10.7095,2026-08-05 10:43:48,2026-08-05 10:43:49,2026-08-05 10:43:49
208041,1846,VLEB3,COMPRA,235,431.6735,11.4533,2026-08-05 12:44:42,2026-08-05 12:44:44,2026-08-05 12:44:44
208042,2071,XLZM9,COMPRA,310,61.5555,9.4790,2026-08-05 13:45:05,2026-08-05 13:45:08,2026-08-05 13:45:08
208043,1705,FRGH8,COMPRA,125,94.8870,5.1982,2026-08-05 16:40:28,2026-08-05 16:40:29,2026-08-05 16:40:29
208044,1597,IJJK3,COMPRA,35,109.9108,1.2464,2026-08-05 13:05:01,2026-08-05 13:05:04,2026-08-05 13:05:04
208045,2140,KQEO3,COMPRA,220,92.0460,6.7638,2026-08-05 17:30:10,2026-08-05 17:30:11,2026-08-05 17:30:11
208046,1859,NQYT3,COMPRA,65,55.4906,2.6444,2026-08-05 16:29:04,2026-08-05 16:29:06,2026-08-05 16:29:06
208047,2647,HCLJ8,COMPRA,465,92.8123,4.6706,2026-08-05 16:35:05,2026-08-05 16:35:06,2026-08-05 16:35:06
208048,3083,NREP8,COMPRA,160,96.7387,1.0737,2026-08-05 14:00:37,2026-08-05 14:00:39,2026-08-05 14:00:39
208049,1135,QTHQ1,COMPRA,185,18.3744,12.1640,2026-08-05 13:23:51,2026-08-05 13:23:54,2026-08-05 13:23:54
208050,2660,AAUA7,COMPRA,375,163.4967,1.5961,2026-08-05 11:09:16,2026-08-05 11:09:17,2026-08-05 11:09:17
208051,1812,MGRR2,COMPRA,465,106.7322,3.2768,2026-08-05 15:05:55,2026-08-05 15:05:56,2026-08-05 15:05:56
208052,3357,ACSV1,COMPRA,40,89.8296,4.7969,2026-08-05 16:35:30,2026-08-05 16:35:31,2026-08-05 16:35:31
208053,2786,MCHX2,COMPRA,445,105.2548,3.5465,2026-08-05 14:57:47,2026-08-05 14:57:50,2026-08-05 14:57:50
208054,1275,ACSV1,COMPRA,221,79.4715,6.8933,2026-08-05 15:40:15,2026-08-05 15:40:17,2026-08-05 15:40:17
208055,3216,WMQZ6,COMPRA,365,66.3441,0.3971,2026-08-05 17:26:15,2026-08-05 17:26:17,2026-08-05 17:26:17
208056,1120,RHXV4,COMPRA,70,55.6491,11.7355,2026-08-05 16:44:21,2026-08-05 16:44:22,2026-08-05 16:44:22
208057,2899,IZTY4,COMPRA,110,36.4430,8.8349,2026-08-05 14:35:35,2026-08-05 14:35:36,2026-08-05 14:35:36
208058,1173,QATW7,COMPRA,205,53.5505,5.8589,2026-08-05 10:48:02,2026-08-05 10:48:04,2026-08-05 10:48:04
208059,1920,QTDZ2,COMPRA,415,41.1389,1.1246,2026-08-05 13:28:47,2026-08-05 13:28:47,2026-08-05 13:28:47
208060,2911,OEQA8,COMPRA,360,497.0073,10.4748,2026-08-05 13:23:39,2026-08-05 13:23:39,2026-08-05 13:23:39
208061,3374,RIET5,COMPRA,297,170.8120,10.3201,2026-08-05 12:13:51,2026-08-05 12:13:52,2026-08-05 12:13:52
208062,2664,UCHR6,COMPRA,295,333.3804,1.7095,2026-08-05 14:13:10,2026-08-05 14:13:13,2026-08-05 14:13:13
208063,2379,TNHT4,COMPRA,373,141.1012,4.6045,2026-08-05 13:29:18,2026-08-05 13:29:19,2026-08-05 13:29:19
208064,2733,TBWG2,COMPRA,220,80.4598,,2026-08-05 16:35:57,2026-08-05 16:35:58,2026-08-05 16:35:58
208065,1383,JJVW6,COMPRA,375,147.4400,11.3732,2026-08-05 11:00:53,2026-08-05 11:00:54,2026-08-05 11:00:54
208066,2797,SVOZ4,COMPRA,211,51.4392,4.7921,2026-08-05 13:01:35,2026-08-05 13:01:36,2026-08-05 13:01:36
208067,3474,QHFL8,COMPRA,485,165.3972,9.4235,2026-08-05 15:37:35,2026-08-05 15:37:35,2026-08-05 15:37:35
208068,1011,SVOZ4,COMPRA,295,38.9337,4.7226,2026-08-05 16:55:25,2026-08-05 16:55:27,2026-08-05 16:55:27
208069,2649,KFSY2,COMPRA,200,126.8033,0.3443,2026-08-05 10:24:55,2026-08-05 10:24:55,2026-08-05 10:24:55
208070,2898,DQSN6,COMPRA,260,117.0329,11.4008,2026-08-05 14:26:27,2026-08-05 14:26:27,2026-08-05 14:26:27
208071,3279,NPEM3,COMPRA,395,89.7711,10.4887,2026-08-05 11:18:49,2026-08-05 11:18:50,2026-08-05 11:18:50
208072,2293,YRWH3,COMPRA,295,147.8200,6.7594,2026-08-05 12:49:01,2026-08-05 12:49:02,2026-08-05 12:49:02
208073,3216,NPEM3,COMPRA,425,118.3000,8.6618,2026-08-05 12:13:54,2026-08-05 12:13:54,2026-08-05 12:13:54
208074,1886,LIEG8,COMPRA,55,109.8210,6.2996,2026-08-05 14:58:43,2026-08-05 14:58:46,2026-08-05 14:58:46
208075,3139,OVUQ2,COMPRA,235,41.0791,9.6548,2026-08-05 17:27:52,2026-08-05 17:27:54,2026-08-05 17:27:54
208076,1777,JIPA6,COMPRA,395,36.8590,5.8104,2026-08-05 13:08:47,2026-08-05 13:08:49,2026-08-05 13:08:49
208077,1599,QEUC2,COMPRA,185,151.4967,1.6793,2026-08-05 11:05:04,2026-08-05 11:05:05,2026-08-05 11:05:05
208078,3327,NREP8,COMPRA,290,153.3138,3.2290,2026-08-05 13:14:32,2026-08-05 13:14:34,2026-08-05 13:14:34
208079,2273,IZTY4,COMPRA,245,30.9462,4.1131,2026-08-05 13:32:13,2026-08-05 13:32:14,2026-08-05 13:32:14
208080,1891,VLEB3,COMPRA,465,379.5309,1.9957,2026-08-05 17:00:59,2026-08-05 17:01:01,2026-08-05 17:01:01
208081,1156,DFGR7,COMPRA,500,80.4397,12.7912,2026-08-05 12:33:53,2026-08-05 12:33:54,2026-08-05 12:33:54
208082,1846,GULD2,COMPRA,35,159.4547,8.1673,2026-08-05 13:36:14,2026-08-05 13:36:15,2026-08-05 13:36:15
208083,1965,DQSN6,COMPRA,25,121.8654,12.2345,2026-08-05 16:55:07,2026-08-05 16:55:08,2026-08-05 16:55:08
208084,2534,UYFJ9,COMPRA,60,78.6471,2.3009,2026-08-05 14:34:20,2026-08-05 14:34:22,2026-08-05 14:34:22
208085,1467,NREP8,COMPRA,250,103.3357,2.1150,2026-08-05 14:36:05,2026-08-05 14:36:06,2026-08-05 14:36:06
208086,3115,RIET5,COMPRA,5,152.9052,11.5790,2026-08-05 12:04:35,2026-08-05 12:04:37,2026-08-05 12:04:37
208087,1426,SVOZ4,COMPRA,215,50.4874,10.1899,2026-08-05 14:50:46,2026-08-05 14:50:48,2026-08-05 14:50:48
208088,1549,OXVD8,VENDA,405,65.3907,6.0566,2026-08-05 15:21:58,2026-08-05 15:21:58,2026-08-05 15:21:58
208089,1991,IPXK2,COMPRA,385,281.7485,2.0610,2026-08-05 14:48:52,2026-08-05 14:48:54,2026-08-05 14:48:54
208090,3358,SRDU1,COMPRA,224,100.2755,8.2851,2026-08-05 12:46:42,2026-08-05 12:46:43,2026-08-05 12:46:43
208091,1639,IJJK3,COMPRA,412,130.9142,11.5977,2026-08-05 14:48:50,2026-08-05 14:48:52,2026-08-05 14:48:52
208092,3069,XAVL3,COMPRA,280,230.7579,6.2740,2026-08-05 13:15:24,2026-08-05 13:15:24,2026-08-05 13:15:24
208093,2000,JDJG6,COMPRA,250,71.4707,1.5366,2026-08-05 13:42:20,2026-08-05 13:42:20,2026-08-05 13:42:20
208094,2830,RFNS7,COMPRA,105,70.4352,7.8479,2026-08-05 13:30:14,2026-08-05 13:30:15,2026-08-05 13:30:15
208095,1876,OEQA8,COMPRA,120,510.8190,9.3501,2026-08-05 10:49:07,2026-08-05 10:49:09,2026-08-05 10:49:09
208096,2223,UFIU3,COMPRA,265,99.1524,6.7687,2026-08-05 14:27:13,2026-08-05 14:27:14,2026-08-05 14:27:14
208097,1772,ICSU4,COMPRA,245,159.3059,7.4547,2026-08-05 15:59:08,2026-08-05 15:59:09,2026-08-05 15:59:09
208098,2517,QHFL8,COMPRA,25,185.1489,1.7861,2026-08-05 11:45:16,2026-08-05 11:45:18,2026-08-05 11:45:18
208099,3273,YRWH3,COMPRA,420,207.8548,1.2807,2026-08-05 16:20:02,2026-08-05 16:20:03,2026-08-05 16:20:03
208100,3097,HCZM2,COMPRA,445,398.4050,12.0005,2026-08-05 17:15:13,2026-08-05 17:15:13,2026-08-05 17:15:13
208101,1501,LCCH9,COMPRA,10,9.2013,2.5562,2026-08-05 16:45:26,2026-08-05 16:45:27,2026-08-05 16:45:27
208102,2051,ZFBT3,COMPRA,490,101.9205,2.9737,2026-08-05 15:11:03,2026-08-05 15:11:04,2026-08-05 15:11:04
208103,1107,HJRH5,COMPRA,138,184.4637,1.9919,2026-08-05 11:35:08,2026-08-05 11:35:10,2026-08-05 11:35:10
208104,1046,MCMT2,COMPRA,381,99.8727,0.2644,2026-08-05 11:29:42,2026-08-05 11:29:43,2026-08-05 11:29:43
208105,1077,IZTY4,COMPRA,310,28.0379,5.0151,2026-08-05 12:28:14,2026-08-05 12:28:16,2026-08-05 12:28:16
208106,2308,FIUW1,COMPRA,213,128.6338,2.7400,2026-08-05 12:36:38,2026-08-05 12:36:39,2026-08-05 12:36:39
208107,2153,RIET5,COMPRA,315,109.0628,3.4849,2026-08-05 13:05:11,2026-08-05 13:05:12,2026-08-05 13:05:12
208108,2241,HVEX2,COMPRA,125,161.0068,11.2001,2026-08-05 11:44:01,2026-08-05 11:44:01,2026-08-05 11:44:01
208109,1257,NUJZ2,COMPRA,75,32.2787,9.6576,2026-08-05 11:03:00,2026-08-05 11:03:02,2026-08-05 11:03:02
208110,1792,ZAAS7,COMPRA,20,453.2397,4.0107,2026-08-05 16:28:15,2026-08-05 16:28:18,2026-08-05 16:28:18
208111,3100,QTDZ2,COMPRA,125,38.5862,2.2774,2026-08-05 13:00:46,2026-08-05 13:00:49,2026-08-05 13:00:49
208112,1370,IJJK3,COMPRA,480,119.4496,2.8640,2026-08-05 15:00:17,2026-08-05 15:00:20,2026-08-05 15:00:20
208113,2870,FIUW1,COMPRA,170,106.2095,10.6275,2026-08-05 10:15:02,2026-08-05 10:15:02,2026-08-05 10:15:02
208114,1983,SVOZ4,COMPRA,110,53.4013,10.7258,2026-08-05 13:01:18,2026-08-05 13:01:19,2026-08-05 13:01:19
208115,3390,IWFI1,COMPRA,231,204.8819,8.8933,2026-08-05 10:27:46,2026-08-05 10:27:49,2026-08-05 10:27:49
208116,2737,MCHX2,COMPRA,195,116.1717,3.6734,2026-08-05 17:19:03,2026-08-05 17:19:06,2026-08-05 17:19:06
208117,2071,IWAK1,COMPRA,310,82.6414,4.7718,2026-08-05 12:09:23,2026-08-05 12:09:24,2026-08-05 12:09:24
208118,3383,XOVY4,COMPRA,62,92.6147,6.4201,2026-08-05 13:06:43,2026-08-05 13:06:45,2026-08-05 13:06:45
208119,2462,JJVW6,COMPRA,265,123.3091,7.2598,2026-08-05 13:09:04,2026-08-05 13:09:05,2026-08-05 13:09:05
208120,2339,PBZM6,COMPRA,380,73.1886,7.1606,2026-08-05 12:52:50,2026-08-05 12:52:51,2026-08-05 12:52:51
208121,2724,SVOZ4,COMPRA,215,45.0423,9.9975,2026-08-05 12:56:04,2026-08-05 12:56:05,2026-08-05 12:56:05
208122,2243,RHXV4,COMPRA,340,47.5399,10.7847,2026-08-05 10:52:17,2026-08-05 10:52:19,2026-08-05 10:52:19
208123,1134,MJDL9,COMPRA,95,38.2362,8.7279,2026-08-05 14:09:12,2026-08-05 14:09:13,2026-08-05 14:09:13
208124,3401,NGIU9,COMPRA,425,84.2948,0.6731,2026-08-05 13:42:16,2026-08-05 13:42:16,2026-08-05 13:42:16
208125,3442,CQIL9,COMPRA,382,39.0168,7.2519,2026-08-05 16:25:19,2026-08-05 16:25:19,2026-08-05 16:25:19
208126,1295,GKQC5,COMPRA,120,107.2973,6.3642,2026-08-05 11:28:54,2026-08-05 11:28:54,2026-08-05 11:28:54
208127,3422,DHRM5,COMPRA,430,325.1337,10.2823,2026-08-05 17:09:39,2026-08-05 17:09:42,2026-08-05 17:09:42
208128,1336,IPXK2,COMPRA,145,239.6520,1.3014,2026-08-05 14:03:42,2026-08-05 14:03:43,2026-08-05 14:03:43
208129,2624,JJVW6,COMPRA,35,132.5022,8.6528,2026-08-05 14:49:41,2026-08-05 14:49:43,2026-08-05 14:49:43
208130,3411,DEGN5,COMPRA,460,99.7148,1.3539,2026-08-05 13:15:24,2026-08-05 13:15:26,2026-08-05 13:15:26
208131,1329,ERTC4,COMPRA,240,37.9341,3.3919,2026-08-05 15:30:50,2026-08-05 15:30:50,2026-08-05 15:30:50
208132,1652,RYPL6,COMPRA,90,91.1328,0.0964,2026-08-05 12:26:42,2026-08-05 12:26:42,2026-08-05 12:26:42
208133,1834,UQJU7,COMPRA,260,81.7825,4.0599,2026-08-05 11:54:48,2026-08-05 11:54:48,2026-08-05 11:54:48
208134,2071,YYLA4,COMPRA,275,221.1638,12.4197,2026-08-05 15:43:06,2026-08-05 15:43:06,2026-08-05 15:43:06
208135,1570,DQSN6,COMPRA,117,156.0065,6.3444,2026-08-05 16:21:24,2026-08-05 16:21:25,2026-08-05 16:21:25
208136,2690,NHYK8,COMPRA,45,84.6519,9.0039,2026-08-05 16:01:57,2026-08-05 16:02:00,2026-08-05 16:02:00
208137,2683,LCCH9,COMPRA,175,6.6395,2.7725,2026-08-05 10:39:00,2026-08-05 10:39:00,2026-08-05 10:39:00
208138,3246,MJDL9,COMPRA,20,35.0151,6.0379,2026-08-05 14:30:57,2026-08-05 14:30:59,2026-08-05 14:30:59
208139,3134,GULD2,COMPRA,430,112.7320,6.2125,2026-08-05 17:24:32,2026-08-05 17:24:34,2026-08-05 17:24:34
208140,1870,UFIU3,COMPRA,85,65.1373,9.9003,2026-08-05 15:24:42,2026-08-05 15:24:44,2026-08-05 15:24:44
208141,1827,PZUP8,COMPRA,300,121.9115,12.8372,2026-08-05 16:15:49,2026-08-05 16:15:50,2026-08-05 16:15:50
208142,1761,LQML9,COMPRA,355,126.3260,4.8380,2026-08-05 11:35:43,2026-08-05 11:35:44,2026-08-05 11:35:44
208143,1494,FIUW1,VENDA,235,85.7849,5.8680,2026-08-05 16:33:20,2026-08-05 16:33:20,2026-08-05 16:33:20
208144,2177,AAWB3,COMPRA,95,160.1187,7.0792,2026-08-05 13:48:24,2026-08-05 13:48:24,2026-08-05 13:48:24
208145,3232,UVEY5,COMPRA,500,82.8251,12.5712,2026-08-05 15:57:16,2026-08-05 15:57:19,2026-08-05 15:57:19
208146,3320,BOCS8,COMPRA,350,61.1516,10.7855,2026-08-05 11:16:04,2026-08-05 11:16:07,2026-08-05 11:16:07
208147,2032,HJRH5,COMPRA,365,186.1772,0.8816,2026-08-05 12:00:06,2026-08-05 12:00:08,2026-08-05 12:00:08
208148,3264,KHGP6,COMPRA,25,100.3782,12.4628,2026-08-05 12:52:44,2026-08-05 12:52:46,2026-08-05 12:52:46
208149,1001,ICSU4,COMPRA,290,153.7825,12.2102,2026-08-05 15:28:29,2026-08-05 15:28:29,2026-08-05 15:28:29
208150,2809,ZHTL2,COMPRA,355,50.9856,7.5441,2026-08-05 11:21:36,2026-08-05 11:21:38,2026-08-05 11:21:38
208151,3306,BGNM6,COMPRA,65,116.0378,2.4468,2026-08-05 16:45:10,2026-08-05 16:45:12,2026-08-05 16:45:12
208152,2114,FYZB6,COMPRA,365,73.2641,6.9916,2026-08-05 13:43:44,2026-08-05 13:43:45,2026-08-05 13:43:45
208153,2996,NWGB4,COMPRA,370,108.0292,4.1991,2026-08-05 11:26:43,2026-08-05 11:26:46,2026-08-05 11:26:46
208154,3411,LGKU6,COMPRA,445,98.7096,5.0559,2026-08-05 13:27:16,2026-08-05 13:27:17,2026-08-05 13:27:17
208155,1694,RHXV4,COMPRA,26,54.8963,7.5210,2026-08-05 15:03:15,2026-08-05 15:03:18,2026-08-05 15:03:18
208156,2688,QQQS1,COMPRA,60,21.3864,11.2127,2026-08-05 15:32:24,2026-08-05 15:32:25,2026-08-05 15:32:25
208157,2968,QYBV3,COMPRA,500,73.2114,8.3785,2026-08-05 11:36:23,2026-08-05 11:36:23,2026-08-05 11:36:23
208158,3120,UCHR6,VENDA,100,512.6034,0.7374,2026-08-05 17:07:59,2026-08-05 17:08:00,2026-08-05 17:08:00
208159,1549,FRGH8,COMPRA,195,66.2699,10.6726,2026-08-05 11:12:51,2026-08-05 11:12:54,2026-08-05 11:12:54
208160,2368,SGBG8,COMPRA,400,77.3684,7.8678,2026-08-05 17:28:08,2026-08-05 17:28:09,2026-08-05 17:28:09
208161,1577,DQSN6,COMPRA,215,131.1034,6.0966,2026-08-05 12:32:53,2026-08-05 12:32:56,2026-08-05 12:32:56
208162,1224,XTVW5,COMPRA,110,83.8685,1.6469,2026-08-05 14:54:21,2026-08-05 14:54:21,2026-08-05 14:54:21
208163,1214,UFIU3,COMPRA,300,90.5105,12.2194,2026-08-05 15:10:20,2026-08-05 15:10:22,2026-08-05 15:10:22
208164,2199,IWAK1,COMPRA,45,64.4329,9.8473,2026-08-05 11:07:11,2026-08-05 11:07:12,2026-08-05 11:07:12
208165,2682,DGBT6,COMPRA,265,94.4503,11.8584,2026-08-05 17:10:50,2026-08-05 17:10:53,2026-08-05 17:10:53
208166,2366,DQSN6,COMPRA,156,108.5265,8.8858,2026-08-05 11:51:04,2026-08-05 11:51:06,2026-08-05 11:51:06
208167,2557,RYPL6,COMPRA,265,67.1743,9.6257,2026-08-05 12:56:22,2026-08-05 12:56:25,2026-08-05 12:56:25
208168,2310,OEQA8,COMPRA,170,376.5054,2.4313,2026-08-05 11:52:15,2026-08-05 11:52:18,2026-08-05 11:52:18
208169,1549,RIET5,COMPRA,355,123.0171,8.5851,2026-08-05 12:24:32,2026-08-05 12:24:35,2026-08-05 12:24:35
208170,2220,OVYL9,COMPRA,245,64.7260,9.6168,2026-08-05 12:16:35,2026-08-05 12:16:36,2026-08-05 12:16:36
208171,2457,NGIU9,COMPRA,280,107.1908,0.8783,2026-08-05 13:51:29,2026-08-05 13:51:29,2026-08-05 13:51:29
208172,2908,DGBT6,COMPRA,245,105.7373,3.6847,2026-08-05 16:19:29,2026-08-05 16:19:29,2026-08-05 16:19:29
208173,1383,DGBT6,COMPRA,280,70.9565,6.9907,2026-08-05 10:38:16,2026-08-05 10:38:18,2026-08-05 10:38:18
208174,2898,MGRR2,COMPRA,105,124.3471,9.0063,2026-08-05 14:26:47,2026-08-05 14:26:50,2026-08-05 14:26:50
208175,3252,IWAK1,COMPRA,280,85.5874,7.2008,2026-08-05 14:30:22,2026-08-05 14:30:25,2026-08-05 14:30:25
208176,1028,NWGB4,COMPRA,300,132.8699,10.9200,2026-08-05 12:42:10,2026-08-05 12:42:10,2026-08-05 12:42:10
208177,1409,QQQS1,COMPRA,70,23.9975,5.0069,2026-08-05 14:48:19,2026-08-05 14:48:22,2026-08-05 14:48:22
208178,1554,RHXV4,COMPRA,445,69.7713,5.6928,2026-08-05 10:07:27,2026-08-05 10:07:29,2026-08-05 10:07:29
208179,3457,LGKU6,COMPRA,45,81.2809,0.6420,2026-08-05 10:35:40,2026-08-05 10:35:42,2026-08-05 10:35:42
208180,2100,OVYL9,COMPRA,120,83.7269,5.6453,2026-08-05 12:20:26,2026-08-05 12:20:29,2026-08-05 12:20:29
208181,1954,BOCS8,COMPRA,350,74.7419,3.4113,2026-08-05 10:31:44,2026-08-05 10:31:44,2026-08-05 10:31:44
208182,2480,MCHX2,COMPRA,285,125.5752,7.0974,2026-08-05 14:33:20,2026-08-05 14:33:23,2026-08-05 14:33:23
208183,1629,UCHR6,COMPRA,118,416.8816,1.1576,2026-08-05 16:20:48,2026-08-05 16:20:50,2026-08-05 16:20:50
208184,3418,BXFJ9,COMPRA,300,159.8217,9.0833,2026-08-05 10:38:51,2026-08-05 10:38:51,2026-08-05 10:38:51
208185,3208,XPVA7,COMPRA,115,356.9831,0.2996,2026-08-05 14:20:20,2026-08-05 14:20:22,2026-08-05 14:20:22
208186,1915,JDJG6,COMPRA,350,58.0600,6.4004,2026-08-05 11:28:50,2026-08-05 11:28:50,2026-08-05 11:28:50
208187,2263,KHGP6,COMPRA,220,105.4697,3.6634,2026-08-05 15:24:04,2026-08-05 15:24:06,2026-08-05 15:24:06
208188,1436,NWGB4,COMPRA,140,116.0853,10.7594,2026-08-05 16:05:06,2026-08-05 16:05:06,2026-08-05 16:05:06
208189,2480,KQEO3,COMPRA,85,87.4025,12.4606,2026-08-05 10:10:55,2026-08-05 10:10:55,2026-08-05 10:10:55
208190,1953,YYLA4,VENDA,57,151.9460,7.0609,2026-08-05 10:00:38,2026-08-05 10:00:40,2026-08-05 10:00:40
208191,3136,GKQC5,COMPRA,20,132.8906,2.6261,2026-08-05 14:50:28,2026-08-05 14:50:30,2026-08-05 14:50:30
208192,2295,BOCS8,COMPRA,190,61.6399,12.3907,2026-08-05 15:54:56,2026-08-05 15:54:59,2026-08-05 15:54:59
208193,2136,TXHR8,COMPRA,260,85.0399,8.1984,2026-08-05 16:00:33,2026-08-05 16:00:33,2026-08-05 16:00:33
208194,1681,GAKD5,COMPRA,45,334.3508,11.3512,2026-08-05 10:26:39,2026-08-05 10:26:42,2026-08-05 10:26:42
208195,2632,FIUW1,COMPRA,250,92.1553,11.0634,2026-08-05 15:22:43,2026-08-05 15:22:45,2026-08-05 15:22:45
208196,3313,JDJG6,COMPRA,105,74.4155,1.5758,2026-08-05 11:55:30,2026-08-05 11:55:33,2026-08-05 11:55:33
208197,2387,LQML9,COMPRA,224,123.1809,10.8886,2026-08-05 13:41:32,2026-08-05 13:41:33,2026-08-05 13:41:33
208198,2126,ENRZ2,COMPRA,140,84.6647,9.6054,2026-08-05 14:35:32,2026-08-05 14:35:33,2026-08-05 14:35:33
208199,3359,SUZL4,COMPRA,5,159.9026,5.8931,2026-08-05 16:08:05,2026-08-05 16:08:07,2026-08-05 16:08:07
208200,2650,QQQS1,COMPRA,315,21.5921,9.8959,2026-08-05 12:25:44,2026-08-05 12:25:45,2026-08-05 12:25:45
208201,1285,ZYVN7,COMPRA,225,90.4368,5.3800,2026-08-05 16:55:27,2026-08-05 16:55:29,2026-08-05 16:55:29
208202,1440,MJDL9,COMPRA,205,31.8017,2.4136,2026-08-05 12:59:14,2026-08-05 12:59:14,2026-08-05 12:59:14
208203,2566,HCLJ8,COMPRA,475,94.7604,0.6826,2026-08-05 14:29:14,2026-08-05 14:29:15,2026-08-05 14:29:15
208204,2146,MCHX2,VENDA,92,130.1392,10.4967,2026-08-05 14:13:06,2026-08-05 14:13:08,2026-08-05 14:13:08
208205,1729,FRGH8,COMPRA,255,84.3928,10.7526,2026-08-05 11:34:14,2026-08-05 11:34:15,2026-08-05 11:34:15
208206,2931,BXFJ9,COMPRA,400,146.0711,1.1173,2026-08-05 15:22:09,2026-08-05 15:22:12,2026-08-05 15:22:12
208207,1969,UCHR6,COMPRA,170,458.1991,9.5403,2026-08-05 14:03:14,2026-08-05 14:03:14,2026-08-05 14:03:14
208208,2396,IWFI1,COMPRA,375,171.6597,0.7706,2026-08-05 13:11:24,2026-08-05 13:11:25,2026-08-05 13:11:25
208209,1570,AAWB3,COMPRA,420,133.9012,1.5953,2026-08-05 10:10:56,2026-08-05 10:10:58,2026-08-05 10:10:58
208210,2228,ZHTL2,COMPRA,445,62.7447,2.2395,2026-08-05 13:46:38,2026-08-05 13:46:41,2026-08-05 13:46:41
208211,2247,TBWG2,COMPRA,30,72.4263,10.6398,2026-08-05 12:00:56,2026-08-05 12:00:56,2026-08-05 12:00:56
208212,2523,QTDZ2,COMPRA,50,47.3047,1.8026,2026-08-05 14:38:45,2026-08-05 14:38:45,2026-08-05 14:38:45
208213,3381,SRDU1,COMPRA,215,104.1349,9.7249,2026-08-05 16:41:24,2026-08-05 16:41:24,2026-08-05 16:41:24
208214,3056,XTVW5,COMPRA,293,123.5325,5.8452,2026-08-05 15:59:06,2026-08-05 15:59:08,2026-08-05 15:59:08
208215,3138,RFNS7,COMPRA,130,94.2614,4.6633,2026-08-05 14:02:08,2026-08-05 14:02:10,2026-08-05 14:02:10
208216,2984,MJDL9,COMPRA,320,38.3082,0.3302,2026-08-05 15:05:13,2026-08-05 15:05:16,2026-08-05 15:05:16
208217,1964,PZUP8,COMPRA,75,158.6498,7.2783,2026-08-05 12:35:36,2026-08-05 12:35:36,2026-08-05 12:35:36
208218,1687,IWAK1,COMPRA,188,97.0537,8.5561,2026-08-05 15:01:36,2026-08-05 15:01:39,2026-08-05 15:01:39
208219,3409,PZUP8,COMPRA,265,139.6886,6.2342,2026-08-05 14:34:08,2026-08-05 14:34:08,2026-08-05 14:34:08
208220,2415,XLZM9,COMPRA,345,43.1710,3.2172,2026-08-05 13:50:47,2026-08-05 13:50:47,2026-08-05 13:50:47
208221,2878,BOCS8,COMPRA,175,58.3355,9.7560,2026-08-05 13:32:35,2026-08-05 13:32:37,2026-08-05 13:32:37
208222,1684,PBZM6,COMPRA,455,51.6438,7.2851,2026-08-05 10:28:28,2026-08-05 10:28:30,2026-08-05 10:28:30
208223,1672,SRDU1,COMPRA,405,89.3555,5.0174,2026-08-05 16:18:42,2026-08-05 16:18:44,2026-08-05 16:18:44
208224,2922,TTHO3,COMPRA,65,42.7115,3.5530,2026-08-05 16:16:33,2026-08-05 16:16:36,2026-08-05 16:16:36
208225,2673,GULD2,COMPRA,135,154.1632,11.9252,2026-08-05 17:29:01,2026-08-05 17:29:01,2026-08-05 17:29:01
208226,2838,XPVA7,COMPRA,145,410.4569,3.4958,2026-08-05 11:52:01,2026-08-05 11:52:04,2026-08-05 11:52:04
208227,3424,QTDZ2,COMPRA,300,56.7103,3.3838,2026-08-05 10:09:22,2026-08-05 10:09:22,2026-08-05 10:09:22
208228,2241,WIPB2,COMPRA,290,125.4431,5.8671,2026-08-05 10:13:18,2026-08-05 10:13:21,2026-08-05 10:13:21
208229,1530,RHXV4,COMPRA,88,48.3196,0.4067,2026-08-05 15:48:14,2026-08-05 15:48:15,2026-08-05 15:48:15
208230,1678,OVYL9,COMPRA,225,88.2164,9.9861,2026-08-05 16:29:40,2026-08-05 16:29:42,2026-08-05 16:29:42
208231,2892,DMTZ8,COMPRA,5,201.8278,0.9459,2026-08-05 16:47:57,2026-08-05 16:47:58,2026-08-05 16:47:58
208232,1791,HJRH5,COMPRA,340,152.6373,9.5594,2026-08-05 16:00:15,2026-08-05 16:00:18,2026-08-05 16:00:18
208233,2334,HCZM2,COMPRA,50,465.3315,4.4618,2026-08-05 17:24:45,2026-08-05 17:24:46,2026-08-05 17:24:46
208234,1656,RHXV4,COMPRA,483,61.7354,9.4734,2026-08-05 14:36:26,2026-08-05 14:36:26,2026-08-05 14:36:26
208235,1210,ACSV1,COMPRA,210,105.8492,7.2820,2026-08-05 17:07:11,2026-08-05 17:07:14,2026-08-05 17:07:14
208236,3050,EEYY9,COMPRA,225,197.6947,2.4933,2026-08-05 10:50:13,2026-08-05 10:50:13,2026-08-05 10:50:13
208237,1273,YYLA4,COMPRA,18,199.6502,3.4303,2026-08-05 15:46:06,2026-08-05 15:46:07,2026-08-05 15:46:07
208238,2946,XLZM9,COMPRA,430,58.3945,8.1384,2026-08-05 16:13:30,2026-08-05 16:13:32,2026-08-05 16:13:32
208239,3064,WXQM6,COMPRA,445,58.3159,9.6342,2026-08-05 12:27:38,2026-08-05 12:27:40,2026-08-05 12:27:40
208240,2386,CQIL9,VENDA,135,33.5877,5.5076,2026-08-05 11:01:42,2026-08-05 11:01:44,2026-08-05 11:01:44
208241,3346,YRWH3,COMPRA,85,202.1121,9.2000,2026-08-05 12:49:03,2026-08-05 12:49:06,2026-08-05 12:49:06
208242,2955,RDOA3,COMPRA,330,70.7669,11.8590,2026-08-05 12:18:21,2026-08-05 12:18:23,2026-08-05 12:18:23
208243,1507,MCMT2,COMPRA,365,104.4097,8.1382,2026-08-05 15:40:36,2026-08-05 15:40:37,2026-08-05 15:40:37
208244,2202,QEUC2,COMPRA,85,144.5572,,2026-08-05 10:03:22,2026-08-05 10:03:23,2026-08-05 10:03:23
208245,1276,IWAK1,COMPRA,95,100.7371,7.1356,2026-08-05 17:24:40,2026-08-05 17:24:42,2026-08-05 17:24:42
208246,3037,ERTC4,COMPRA,450,44.6109,9.2921,2026-08-05 12:32:57,2026-08-05 12:33:00,2026-08-05 12:33:00
208247,2714,WHMT3,COMPRA,55,122.2048,4.3741,2026-08-05 13:08:55,2026-08-05 13:08:55,2026-08-05 13:08:55
208248,2333,RMRT1,COMPRA,170,103.4058,6.4276,2026-08-05 10:36:45,2026-08-05 10:36:46,2026-08-05 10:36:46
208249,3414,BGNM6,COMPRA,180,103.2810,9.5196,2026-08-05 11:40:57,2026-08-05 11:40:59,2026-08-05 11:40:59
208250,1751,ENRZ2,COMPRA,105,110.0243,11.9750,2026-08-05 10:57:08,2026-08-05 10:57:10,2026-08-05 10:57:10
208251,1905,KQEO3,COMPRA,280,66.8466,12.8388,2026-08-05 10:47:15,2026-08-05 10:47:18,2026-08-05 10:47:18
208252,2367,CQJZ4,COMPRA,200,86.0404,3.6912,2026-08-05 13:58:42,2026-08-05 13:58:42,2026-08-05 13:58:42
208253,2870,TXHR8,COMPRA,15,101.5096,11.7191,2026-08-05 13:43:14,2026-08-05 13:43:15,2026-08-05 13:43:15
208254,2537,ECQD7,COMPRA,360,79.9600,12.8995,2026-08-05 15:36:20,2026-08-05 15:36:23,2026-08-05 15:36:23
208255,2291,TXHR8,COMPRA,400,100.5302,11.7035,2026-08-05 13:27:07,2026-08-05 13:27:07,2026-08-05 13:27:07
208256,2214,NQYT3,COMPRA,40,70.3499,8.5008,2026-08-05 13:04:48,2026-08-05 13:04:48,2026-08-05 13:04:48
208257,1225,WXQM6,COMPRA,155,56.5050,2.2327,2026-08-05 14:57:06,2026-08-05 14:57:09,2026-08-05 14:57:09
208258,3476,VLEB3,COMPRA,225,394.3887,5.4989,2026-08-05 12:52:30,2026-08-05 12:52:31,2026-08-05 12:52:31
208259,1713,OEQA8,COMPRA,21,491.8023,0.6347,2026-08-05 14:59:53,2026-08-05 14:59:56,2026-08-05 14:59:56
208260,2363,JIPA6,COMPRA,360,29.7570,7.3321,2026-08-05 17:11:08,2026-08-05 17:11:09,2026-08-05 17:11:09
208261,1609,TNHT4,COMPRA,70,98.6410,11.6554,2026-08-05 11:59:29,2026-08-05 11:59:32,2026-08-05 11:59:32
208262,1969,WIPB2,COMPRA,295,132.4537,0.5595,2026-08-05 15:35:19,2026-08-05 15:35:20,2026-08-05 15:35:20
208263,3100,ERTC4,COMPRA,285,42.8273,7.8170,2026-08-05 13:30:49,2026-08-05 13:30:50,2026-08-05 13:30:50
208264,3269,QYBV3,COMPRA,150,60.0000,11.6494,2026-08-05 13:09:57,2026-08-05 13:10:00,2026-08-05 13:10:00
208265,2518,BOCS8,COMPRA,340,50.8436,8.6749,2026-08-05 11:31:07,2026-08-05 11:31:10,2026-08-05 11:31:10
208266,2863,TXHR8,COMPRA,217,77.1535,5.7033,2026-08-05 15:19:55,2026-08-05 15:19:58,2026-08-05 15:19:58
208267,1103,RIET5,COMPRA,155,124.3835,9.1134,2026-08-05 14:10:33,2026-08-05 14:10:33,2026-08-05 14:10:33
208268,2687,FYZB6,COMPRA,279,71.8839,11.5463,2026-08-05 11:40:29,2026-08-05 11:40:30,2026-08-05 11:40:30
208269,1152,EEYY9,COMPRA,410,189.0154,2.6407,2026-08-05 14:55:27,2026-08-05 14:55:28,2026-08-05 14:55:28
208270,2208,YOWA1,COMPRA,350,62.0141,10.6206,2026-08-05 12:16:55,2026-08-05 12:16:57,2026-08-05 12:16:57
208271,1180,IJJK3,COMPRA,85,112.1979,10.5876,2026-08-05 15:31:49,2026-08-05 15:31:52,2026-08-05 15:31:52
208272,1527,DMTZ8,COMPRA,155,199.2544,11.6566,2026-08-05 15:25:02,2026-08-05 15:25:03,2026-08-05 15:25:03
208273,1024,TBWG2,COMPRA,75,99.7504,5.3910,2026-08-05 16:00:45,2026-08-05 16:00:47,2026-08-05 16:00:47
208274,2225,BSDJ7,COMPRA,325,182.8342,6.8241,2026-08-05 15:53:21,2026-08-05 15:53:22,2026-08-05 15:53:22
208275,2857,JDJG6,COMPRA,160,64.7958,8.2326,2026-08-05 15:29:13,2026-08-05 15:29:13,2026-08-05 15:29:13
208276,2106,JJVW6,COMPRA,285,157.6770,9.2262,2026-08-05 16:45:58,2026-08-05 16:46:01,2026-08-05 16:46:01
208277,1485,TBWG2,COMPRA,123,63.6917,7.8607,2026-08-05 13:24:33,2026-08-05 13:24:35,2026-08-05 13:24:35
208278,1214,ERTC4,COMPRA,432,60.9330,10.9294,2026-08-05 10:48:32,2026-08-05 10:48:34,2026-08-05 10:48:34
208279,1169,KHGP6,COMPRA,21,119.5353,0.8294,2026-08-05 10:58:53,2026-08-05 10:58:54,2026-08-05 10:58:54
208280,3396,LIEG8,COMPRA,5,120.0099,3.7851,2026-08-05 10:49:03,2026-08-05 10:49:06,2026-08-05 10:49:06
208281,1689,PQUT9,COMPRA,115,90.6826,6.7725,2026-08-05 12:01:02,2026-08-05 12:01:05,2026-08-05 12:01:05
208282,2836,HCLJ8,COMPRA,475,126.1295,9.1375,2026-08-05 13:05:53,2026-08-05 13:05:53,2026-08-05 13:05:53
208283,3250,UQIQ7,COMPRA,110,95.3411,6.7272,2026-08-05 16:59:43,2026-08-05 16:59:43,2026-08-05 16:59:43
208284,1386,TXHR8,COMPRA,35,97.3088,10.8867,2026-08-05 12:58:09,2026-08-05 12:58:11,2026-08-05 12:58:11
208285,2052,XPVA7,COMPRA,265,462.6429,6.6148,2026-08-05 12:04:21,2026-08-05 12:04:24,2026-08-05 12:04:24
208286,1953,YRWH3,VENDA,55,207.4682,12.2749,2026-08-05 10:45:54,2026-08-05 10:45:55,2026-08-05 10:45:55
208287,3001,UQIQ7,COMPRA,370,94.3711,4.2853,2026-08-05 10:07:44,2026-08-05 10:07:47,2026-08-05 10:07:47
208288,2326,AAWB3,COMPRA,85,209.1943,10.1099,2026-08-05 15:08:11,2026-08-05 15:08:11,2026-08-05 15:08:11
208289,1189,KFSY2,COMPRA,290,93.3207,5.0893,2026-08-05 12:52:53,2026-08-05 12:52:55,2026-08-05 12:52:55
208290,1863,PBZM6,COMPRA,295,74.1716,9.1339,2026-08-05 10:26:52,2026-08-05 10:26:53,2026-08-05 10:26:53
208291,1959,PBZM6,COMPRA,335,50.8635,1.9784,2026-08-05 16:45:58,2026-08-05 16:46:01,2026-08-05 16:46:01
208292,1476,UQJU7,COMPRA,485,60.0000,5.2641,2026-08-05 15:12:33,2026-08-05 15:12:35,2026-08-05 15:12:35
208293,2401,ACSV1,COMPRA,91,105.4325,2.9391,2026-08-05 13:06:26,2026-08-05 13:06:29,2026-08-05 13:06:29
208294,1347,IWAK1,COMPRA,325,70.4697,9.8522,2026-08-05 14:21:03,2026-08-05 14:21:06,2026-08-05 14:21:06
208295,1328,PSEN6,COMPRA,40,197.7513,10.9365,2026-08-05 14:08:23,2026-08-05 14:08:24,2026-08-05 14:08:24
208296,1436,UFIU3,COMPRA,395,108.0274,1.8309,2026-08-05 15:12:03,2026-08-05 15:12:05,2026-08-05 15:12:05
208297,1072,ZHTL2,COMPRA,119,56.8134,10.7554,2026-08-05 14:53:21,2026-08-05 14:53:23,2026-08-05 14:53:23
208298,2870,UVEY5,COMPRA,80,72.1172,10.0831,2026-08-05 12:45:05,2026-08-05 12:45:07,2026-08-05 12:45:07
208299,2702,ACSV1,COMPRA,193,77.5522,11.8542,2026-08-05 17:09:52,2026-08-05 17:09:54,2026-08-05 17:09:54
208300,2709,MCMT2,COMPRA,145,109.1150,9.1584,2026-08-05 15:26:18,2026-08-05 15:26:21,2026-08-05 15:26:21
208301,1681,AYFQ2,COMPRA,160,12.1911,0.0273,2026-08-05 11:42:47,2026-08-05 11:42:48,2026-08-05 11:42:48
208302,2731,YOWA1,COMPRA,255,55.1872,11.4165,2026-08-05 17:09:13,2026-08-05 17:09:13,2026-08-05 17:09:13
208303,3354,KHGP6,COMPRA,401,110.5228,11.5923,2026-08-05 15:46:51,2026-08-05 15:46:51,2026-08-05 15:46:51
208304,1101,KFSY2,COMPRA,320,85.5277,1.0186,2026-08-05 12:05:56,2026-08-05 12:05:59,2026-08-05 12:05:59
208305,2662,HCLJ8,COMPRA,53,110.8683,11.9206,2026-08-05 12:27:07,2026-08-05 12:27:08,2026-08-05 12:27:08
208306,3504,DMTZ8,COMPRA,175,145.3266,10.5296,2026-08-05 16:15:48,2026-08-05 16:15:49,2026-08-05 16:15:49
208307,3388,HJRH5,COMPRA,115,170.8645,11.0655,2026-08-05 13:40:54,2026-08-05 13:40:55,2026-08-05 13:40:55
208308,2646,UQJU7,COMPRA,490,78.7487,9.0455,2026-08-05 11:06:52,2026-08-05 11:06:53,2026-08-05 11:06:53
208309,1266,NAOF3,COMPRA,240,77.1085,,2026-08-05 16:40:53,2026-08-05 16:40:56,2026-08-05 16:40:56
208310,2040,TBWG2,COMPRA,315,67.1409,0.0190,2026-08-05 11:35:19,2026-08-05 11:35:22,2026-08-05 11:35:22
208311,1296,OEQA8,COMPRA,100,521.9787,12.2862,2026-08-05 13:49:40,2026-08-05 13:49:41,2026-08-05 13:49:41
208312,1891,DGBT6,COMPRA,405,96.2328,5.8886,2026-08-05 11:50:02,2026-08-05 11:50:04,2026-08-05 11:50:04
208313,2857,NWGB4,COMPRA,265,116.8752,10.4289,2026-08-05 12:36:08,2026-08-05 12:36:09,2026-08-05 12:36:09
208314,2091,QHFL8,COMPRA,210,174.4543,11.9775,2026-08-05 10:11:31,2026-08-05 10:11:31,2026-08-05 10:11:31
208315,1508,XOVY4,COMPRA,56,116.6606,9.9494,2026-08-05 11:53:29,2026-08-05 11:53:32,2026-08-05 11:53:32
208316,1820,EEYY9,COMPRA,370,170.9960,9.5676,2026-08-05 17:26:47,2026-08-05 17:26:49,2026-08-05 17:26:49
208317,1480,GAKD5,COMPRA,475,269.4488,0.6777,2026-08-05 17:09:30,2026-08-05 17:09:33,2026-08-05 17:09:33
208318,1846,JJVW6,COMPRA,490,124.8053,4.0449,2026-08-05 15:01:12,2026-08-05 15:01:14,2026-08-05 15:01:14
208319,3487,ERTC4,COMPRA,430,58.9164,8.1907,2026-08-05 14:11:40,2026-08-05 14:11:43,2026-08-05 14:11:43
208320,1982,BXFJ9,COMPRA,360,151.9045,11.3407,2026-08-05 16:56:01,2026-08-05 16:56:04,2026-08-05 16:56:04
208321,1856,MOLF3,COMPRA,17,57.8038,10.9541,2026-08-05 16:00:05,2026-08-05 16:00:08,2026-08-05 16:00:08
208322,1449,UCHR6,COMPRA,440,449.8993,4.9064,2026-08-05 11:15:07,2026-08-05 11:15:07,2026-08-05 11:15:07
208323,1972,QATW7,COMPRA,80,39.7199,7.3357,2026-08-05 12:46:14,2026-08-05 12:46:17,2026-08-05 12:46:17
208324,1373,LGKU6,COMPRA,470,79.3169,6.0222,2026-08-05 14:54:36,2026-08-05 14:54:39,2026-08-05 14:54:39
208325,2511,DEGN5,COMPRA,415,96.4394,9.1117,2026-08-05 15:57:10,2026-08-05 15:57:10,2026-08-05 15:57:10
208326,2197,YFAH5,COMPRA,490,148.6211,5.6742,2026-08-05 12:45:34,2026-08-05 12:45:35,2026-08-05 12:45:35
208327,1047,IWFI1,COMPRA,75,145.0057,5.4314,2026-08-05 11:21:39,2026-08-05 11:21:42,2026-08-05 11:21:42
208328,2012,IJJK3,COMPRA,305,121.7837,12.2523,2026-08-05 11:53:29,2026-08-05 11:53:30,2026-08-05 11:53:30
208329,2822,HCZM2,COMPRA,250,414.8587,7.4146,2026-08-05 11:24:00,2026-08-05 11:24:01,2026-08-05 11:24:01
208330,2966,SVOZ4,COMPRA,115,51.3553,1.3657,2026-08-05 13:23:43,2026-08-05 13:23:46,2026-08-05 13:23:46
208331,3163,AYFQ2,COMPRA,500,12.0495,12.3857,2026-08-05 16:18:17,2026-08-05 16:18:17,2026-08-05 16:18:17
208332,2156,ICSU4,COMPRA,400,160.0099,0.6282,2026-08-05 16:15:53,2026-08-05 16:15:53,2026-08-05 16:15:53
208333,2997,RFNS7,COMPRA,225,101.9522,6.3830,2026-08-05 11:31:16,2026-08-05 11:31:17,2026-08-05 11:31:17
208334,2522,LQML9,COMPRA,260,130.1379,6.6789,2026-08-05 11:14:39,2026-08-05 11:14:41,2026-08-05 11:14:41
208335,2824,LGKU6,COMPRA,280,85.0341,3.7866,2026-08-05 15:16:11,2026-08-05 15:16:11,2026-08-05 15:16:11
208336,2244,YOWA1,COMPRA,255,55.4333,12.4099,2026-08-05 16:05:55,2026-08-05 16:05:56,2026-08-05 16:05:56
208337,1351,DMTZ8,COMPRA,440,137.1616,4.5807,2026-08-05 14:05:54,2026-08-05 14:05:57,2026-08-05 14:05:57
208338,1864,BSDJ7,COMPRA,175,281.3658,0.8035,2026-08-05 12:45:04,2026-08-05 12:45:06,2026-08-05 12:45:06
208339,1606,NQYT3,COMPRA,230,52.3418,3.2018,2026-08-05 11:29:25,2026-08-05 11:29:26,2026-08-05 11:29:26
208340,2102,YOWA1,COMPRA,370,70.0412,12.0402,2026-08-05 12:47:31,2026-08-05 12:47:32,2026-08-05 12:47:32
208341,1074,NAOF3,COMPRA,15,79.4239,8.3892,2026-08-05 13:05:52,2026-08-05 13:05:53,2026-08-05 13:05:53
208342,1962,RHXV4,COMPRA,425,64.0350,10.8292,2026-08-05 16:23:59,2026-08-05 16:24:01,2026-08-05 16:24:01
208343,3202,LIEG8,COMPRA,191,82.6688,0.8074,2026-08-05 10:25:28,2026-08-05 10:25:31,2026-08-05 10:25:31
208344,2879,ZYVN7,VENDA,120,79.9107,5.0684,2026-08-05 10:50:41,2026-08-05 10:50:44,2026-08-05 10:50:44
208345,1245,AAUA7,COMPRA,215,110.4695,11.4995,2026-08-05 17:18:15,2026-08-05 17:18:15,2026-08-05 17:18:15
208346,3305,TBWG2,COMPRA,240,84.0924,11.2710,2026-08-05 12:34:29,2026-08-05 12:34:31,2026-08-05 12:34:31
208347,2140,HJRH5,COMPRA,70,145.9164,0.4196,2026-08-05 14:39:21,2026-08-05 14:39:21,2026-08-05 14:39:21
208348,2883,AAUA7,COMPRA,40,165.9447,0.4827,2026-08-05 10:41:20,2026-08-05 10:41:22,2026-08-05 10:41:22
208349,1553,XOVY4,COMPRA,355,109.8677,12.6989,2026-08-05 15:37:42,2026-08-05 15:37:42,2026-08-05 15:37:42
208350,1458,FYZB6,COMPRA,200,81.1068,9.8542,2026-08-05 12:55:03,2026-08-05 12:55:06,2026-08-05 12:55:06
208351,1497,LCCH9,COMPRA,25,7.7765,11.0458,2026-08-05 14:30:50,2026-08-05 14:30:51,2026-08-05 14:30:51
208352,2313,DGBT6,COMPRA,90,91.9037,8.0959,2026-08-05 11:09:28,2026-08-05 11:09:28,2026-08-05 11:09:28
208353,1675,WXFC8,COMPRA,310,82.7600,5.6392,2026-08-05 17:24:40,2026-08-05 17:24:41,2026-08-05 17:24:41
208354,2309,PQUT9,COMPRA,215,83.9683,11.8880,2026-08-05 13:45:14,2026-08-05 13:45:14,2026-08-05 13:45:14
208355,1897,MJDL9,COMPRA,110,41.3682,8.3981,2026-08-05 17:24:44,2026-08-05 17:24:47,2026-08-05 17:24:47
208356,1070,NWGB4,COMPRA,60,119.3708,12.4461,2026-08-05 11:52:45,2026-08-05 11:52:45,2026-08-05 11:52:45
208357,1885,NUJZ2,COMPRA,78,27.9104,4.1491,2026-08-05 15:45:33,2026-08-05 15:45:35,2026-08-05 15:45:35
208358,2996,DFGR7,COMPRA,254,96.9783,5.4267,2026-08-05 13:09:48,2026-08-05 13:09:49,2026-08-05 13:09:49
208359,3232,BXFJ9,COMPRA,5,156.9966,2.1535,2026-08-05 15:29:53,2026-08-05 15:29:54,2026-08-05 15:29:54
208360,2767,GULD2,COMPRA,95,143.6792,1.1054,2026-08-05 10:34:57,2026-08-05 10:34:59,2026-08-05 10:34:59
208361,2902,FIUW1,COMPRA,265,92.8625,8.3590,2026-08-05 15:52:04,2026-08-05 15:52:07,2026-08-05 15:52:07
208362,2546,RHXV4,COMPRA,295,51.9640,11.2300,2026-08-05 14:44:38,2026-08-05 14:44:41,2026-08-05 14:44:41
208363,2463,LIEG8,COMPRA,205,78.0172,9.2329,2026-08-05 13:57:05,2026-08-05 13:57:06,2026-08-05 13:57:06
208364,1127,HJRH5,COMPRA,130,148.4989,7.7217,2026-08-05 10:47:40,2026-08-05 10:47:41,2026-08-05 10:47:41
208365,1926,PQUT9,COMPRA,75,75.1048,8.7574,2026-08-05 16:28:58,2026-08-05 16:28:59,2026-08-05 16:28:59
208366,3056,QEUC2,COMPRA,430,187.5182,12.3196,2026-08-05 17:20:32,2026-08-05 17:20:35,2026-08-05 17:20:35
208367,1222,XLZM9,COMPRA,15,52.2996,8.0478,2026-08-05 15:59:19,2026-08-05 15:59:20,2026-08-05 15:59:20
208368,2105,BOCS8,COMPRA,345,55.2535,11.6739,2026-08-05 16:42:34,2026-08-05 16:42:35,2026-08-05 16:42:35
208369,1055,YFAH5,COMPRA,370,206.9776,1.8819,2026-08-05 10:11:01,2026-08-05 10:11:03,2026-08-05 10:11:03
208370,2669,OVYL9,COMPRA,280,77.4141,9.6218,2026-08-05 10:18:13,2026-08-05 10:18:14,2026-08-05 10:18:14
208371,3194,WMQZ6,COMPRA,60,62.2643,3.8848,2026-08-05 11:57:40,2026-08-05 11:57:40,2026-08-05 11:57:40
208372,2326,ERTC4,COMPRA,195,38.5342,3.2170,2026-08-05 15:53:56,2026-08-05 15:53:59,2026-08-05 15:53:59
208373,2911,KQEO3,COMPRA,100,91.5938,8.0214,2026-08-05 14:02:06,2026-08-05 14:02:09,2026-08-05 14:02:09
208374,1447,XTVW5,COMPRA,135,88.7436,3.4834,2026-08-05 10:37:30,2026-08-05 10:37:33,2026-08-05 10:37:33
208375,2544,HVEX2,COMPRA,80,166.1294,6.4695,2026-08-05 11:53:44,2026-08-05 11:53:45,2026-08-05 11:53:45
208376,1410,DFGR7,COMPRA,110,101.8717,2.3024,2026-08-05 17:15:51,2026-08-05 17:15:52,2026-08-05 17:15:52
208377,1251,LQML9,COMPRA,340,128.6770,1.0181,2026-08-05 17:16:01,2026-08-05 17:16:01,2026-08-05 17:16:01
208378,3448,DFGR7,COMPRA,383,117.4383,3.6756,2026-08-05 16:36:51,2026-08-05 16:36:52,2026-08-05 16:36:52
208379,1047,NYGT6,COMPRA,45,94.1125,8.7326,2026-08-05 10:47:49,2026-08-05 10:47:50,2026-08-05 10:47:50
208380,3195,MCHX2,COMPRA,289,90.3942,12.5124,2026-08-05 17:02:01,2026-08-05 17:02:03,2026-08-05 17:02:03
208381,1468,ACSV1,COMPRA,5,115.3346,3.9702,2026-08-05 12:03:51,2026-08-05 12:03:54,2026-08-05 12:03:54
208382,1751,UQIQ7,COMPRA,335,74.2826,9.1691,2026-08-05 15:01:01,2026-08-05 15:01:01,2026-08-05 15:01:01
208383,2444,MJDL9,COMPRA,244,39.4872,7.3783,2026-08-05 13:38:08,2026-08-05 13:38:08,2026-08-05 13:38:08
208384,2625,RHXV4,COMPRA,235,53.2187,9.5986,2026-08-05 10:31:57,2026-08-05 10:31:57,2026-08-05 10:31:57
208385,2228,LIEG8,COMPRA,470,108.5203,12.1332,2026-08-05 16:53:18,2026-08-05 16:53:18,2026-08-05 16:53:18
208386,1046,KHGP6,COMPRA,285,108.5172,0.6543,2026-08-05 17:18:43,2026-08-05 17:18:43,2026-08-05 17:18:43
208387,1658,RDOA3,COMPRA,397,95.0817,11.2891,2026-08-05 12:16:17,2026-08-05 12:16:20,2026-08-05 12:16:20
208388,1240,UCHR6,COMPRA,465,345.5398,5.3242,2026-08-05 12:56:34,2026-08-05 12:56:37,2026-08-05 12:56:37
208389,2421,PZUP8,COMPRA,355,127.0121,1.0655,2026-08-05 10:07:08,2026-08-05 10:07:09,2026-08-05 10:07:09
208390,2542,IWFI1,COMPRA,145,133.8163,4.3399,2026-08-05 12:33:56,2026-08-05 12:33:57,2026-08-05 12:33:57
208391,2619,QQQS1,COMPRA,230,19.5109,9.5257,2026-08-05 13:34:50,2026-08-05 13:34:53,2026-08-05 13:34:53
208392,3145,LQML9,VENDA,385,134.0515,3.2945,2026-08-05 17:13:41,2026-08-05 17:13:43,2026-08-05 17:13:43
208393,3122,KFSY2,COMPRA,285,121.3575,8.1869,2026-08-05 10:27:16,2026-08-05 10:27:16,2026-08-05 10:27:16
208394,2640,IWFI1,COMPRA,100,134.8592,5.5616,2026-08-05 15:10:16,2026-08-05 15:10:19,2026-08-05 15:10:19
208395,3397,OVUQ2,COMPRA,50,56.7071,11.6923,2026-08-05 12:53:15,2026-08-05 12:53:17,2026-08-05 12:53:17
208396,1040,ICSU4,COMPRA,15,148.0762,2.9083,2026-08-05 14:41:29,2026-08-05 14:41:29,2026-08-05 14:41:29
208397,1499,DQSN6,COMPRA,450,104.2933,2.8447,2026-08-05 10:04:53,2026-08-05 10:04:56,2026-08-05 10:04:56
208398,1665,HVEX2,COMPRA,31,148.1025,2.0634,2026-08-05 10:49:08,2026-08-05 10:49:11,2026-08-05 10:49:11
208399,3472,LQML9,COMPRA,45,141.8952,2.8360,2026-08-05 15:58:25,2026-08-05 15:58:28,2026-08-05 15:58:28
208400,1439,NWGB4,VENDA,125,100.9363,1.6310,2026-08-05 10:44:03,2026-08-05 10:44:06,2026-08-05 10:44:06
208401,3360,UYFJ9,COMPRA,410,87.3380,8.3689,2026-08-05 16:11:01,2026-08-05 16:11:01,2026-08-05 16:11:01
208402,1698,OEQA8,COMPRA,120,436.3789,0.0325,2026-08-05 13:01:08,2026-08-05 13:01:09,2026-08-05 13:01:09
208403,1808,RYPL6,COMPRA,255,87.3597,2.7055,2026-08-05 11:00:08,2026-08-05 11:00:10,2026-08-05 11:00:10
208404,3416,NYGT6,COMPRA,370,86.7964,2.3841,2026-08-05 10:03:41,2026-08-05 10:03:41,2026-08-05 10:03:41
208405,2066,CQJZ4,COMPRA,470,101.9433,0.3359,2026-08-05 10:26:45,2026-08-05 10:26:46,2026-08-05 10:26:46
208406,3271,MCMT2,COMPRA,195,74.2326,9.5411,2026-08-05 11:41:47,2026-08-05 11:41:48,2026-08-05 11:41:48
208407,1902,UYFJ9,COMPRA,150,112.7896,3.2878,2026-08-05 13:53:49,2026-08-05 13:53:49,2026-08-05 13:53:49
208408,2086,QATW7,COMPRA,345,39.9821,4.7061,2026-08-05 11:07:56,2026-08-05 11:07:58,2026-08-05 11:07:58
208409,3111,UQIQ7,COMPRA,385,93.6102,2.0532,2026-08-05 11:48:14,2026-08-05 11:48:17,2026-08-05 11:48:17
208410,2336,QEUC2,COMPRA,421,172.8570,1.2720,2026-08-05 13:57:09,2026-08-05 13:57:09,2026-08-05 13:57:09
208411,2095,ZFBT3,COMPRA,320,108.4106,5.1311,2026-08-05 17:03:07,2026-08-05 17:03:08,2026-08-05 17:03:08
208412,3279,OVYL9,COMPRA,260,73.8132,6.5108,2026-08-05 13:30:42,2026-08-05 13:30:44,2026-08-05 13:30:44
208413,3167,DQSN6,COMPRA,95,153.0567,8.7207,2026-08-05 12:21:35,2026-08-05 12:21:38,2026-08-05 12:21:38
208414,2954,DGBT6,COMPRA,275,70.1035,2.7889,2026-08-05 11:24:32,2026-08-05 11:24:32,2026-08-05 11:24:32
208415,3487,SVOZ4,COMPRA,335,43.6601,3.5839,2026-08-05 14:54:48,2026-08-05 14:54:48,2026-08-05 14:54:48
208416,2287,LQML9,COMPRA,116,167.0577,3.4863,2026-08-05 11:54:45,2026-08-05 11:54:46,2026-08-05 11:54:46
208417,2049,AAWB3,COMPRA,60,171.9703,6.2919,2026-08-05 12:52:28,2026-08-05 12:52:31,2026-08-05 12:52:31
208418,3168,HJRH5,COMPRA,315,174.0366,0.1260,2026-08-05 12:01:36,2026-08-05 12:01:38,2026-08-05 12:01:38
208419,3172,HCLJ8,COMPRA,275,124.6268,0.3217,2026-08-05 15:05:03,2026-08-05 15:05:05,2026-08-05 15:05:05
208420,2462,XAVL3,COMPRA,490,199.7307,7.6229,2026-08-05 10:38:10,2026-08-05 10:38:12,2026-08-05 10:38:12
208421,2297,IWFI1,COMPRA,215,128.5294,4.1327,2026-08-05 10:28:15,2026-08-05 10:28:15,2026-08-05 10:28:15
208422,1930,DMTZ8,COMPRA,145,150.9928,11.5292,2026-08-05 14:06:43,2026-08-05 14:06:44,2026-08-05 14:06:44
208423,3428,SUZL4,COMPRA,265,149.7103,5.5882,2026-08-05 15:18:11,2026-08-05 15:18:12,2026-08-05 15:18:12
208424,1895,TBWG2,COMPRA,5,90.3557,9.8617,2026-08-05 11:05:55,2026-08-05 11:05:57,2026-08-05 11:05:57
208425,2844,BGNM6,COMPRA,170,82.6744,8.2205,2026-08-05 13:27:05,2026-08-05 13:27:07,2026-08-05 13:27:07
208426,2013,NQYT3,COMPRA,405,72.4428,1.3563,2026-08-05 12:58:42,2026-08-05 12:58:44,2026-08-05 12:58:44
208427,1640,BGNM6,COMPRA,245,79.0873,11.9398,2026-08-05 10:26:00,2026-08-05 10:26:03,2026-08-05 10:26:03
208428,1567,MOLF3,COMPRA,205,66.2271,5.6495,2026-08-05 17:09:47,2026-08-05 17:09:47,2026-08-05 17:09:47
208429,3491,WXQM6,COMPRA,500,42.5662,10.5467,2026-08-05 11:43:05,2026-08-05 11:43:08,2026-08-05 11:43:08
208430,1140,NREP8,COMPRA,165,106.2222,6.0530,2026-08-05 14:44:52,2026-08-05 14:44:55,2026-08-05 14:44:55
208431,2647,XAVL3,COMPRA,335,222.4723,8.5681,2026-08-05 12:20:20,2026-08-05 12:20:20,2026-08-05 12:20:20
208432,3124,SUZL4,COMPRA,320,131.7903,6.7364,2026-08-05 15:18:25,2026-08-05 15:18:27,2026-08-05 15:18:27
208433,2464,ERTC4,COMPRA,35,60.1159,0.1021,2026-08-05 15:21:09,2026-08-05 15:21:11,2026-08-05 15:21:11
208434,1959,YYLA4,COMPRA,205,196.6225,4.2694,2026-08-05 17:13:09,2026-08-05 17:13:11,2026-08-05 17:13:11
208435,1191,SUZL4,COMPRA,50,136.1040,8.3722,2026-08-05 14:16:44,2026-08-05 14:16:46,2026-08-05 14:16:46
208436,2706,DFGR7,COMPRA,490,88.0112,8.0709,2026-08-05 16:12:13,2026-08-05 16:12:13,2026-08-05 16:12:13
208437,3244,SVOZ4,COMPRA,114,42.7743,6.7503,2026-08-05 10:13:27,2026-08-05 10:13:30,2026-08-05 10:13:30
208438,1964,UCHR6,COMPRA,95,513.3960,12.7548,2026-08-05 12:48:46,2026-08-05 12:48:47,2026-08-05 12:48:47
208439,3361,SGBG8,COMPRA,455,75.0531,9.3189,2026-08-05 11:29:06,2026-08-05 11:29:08,2026-08-05 11:29:08
208440,1340,BOCS8,COMPRA,474,61.2263,0.0145,2026-08-05 16:52:05,2026-08-05 16:52:07,2026-08-05 16:52:07
208441,3289,RMRT1,COMPRA,150,121.3758,,2026-08-05 10:46:05,2026-08-05 10:46:06,2026-08-05 10:46:06
208442,3032,RHXV4,VENDA,212,49.6869,2.6247,2026-08-05 15:48:39,2026-08-05 15:48:40,2026-08-05 15:48:40
208443,1189,LCCH9,COMPRA,160,8.0859,4.1260,2026-08-05 17:13:32,2026-08-05 17:13:35,2026-08-05 17:13:35
208444,2629,JUDG8,COMPRA,300,89.6021,7.9578,2026-08-05 10:44:04,2026-08-05 10:44:04,2026-08-05 10:44:04
208445,3009,XPVA7,COMPRA,320,418.9154,2.6677,2026-08-05 10:02:39,2026-08-05 10:02:40,2026-08-05 10:02:40
208446,1667,TTHO3,COMPRA,405,29.8582,1.5264,2026-08-05 16:00:27,2026-08-05 16:00:27,2026-08-05 16:00:27
208447,1038,DMTZ8,COMPRA,220,180.7456,9.4157,2026-08-05 16:24:06,2026-08-05 16:24:08,2026-08-05 16:24:08
208448,2027,KQEO3,COMPRA,290,90.5381,4.5418,2026-08-05 10:07:58,2026-08-05 10:07:58,2026-08-05 10:07:58
208449,2918,DGBT6,COMPRA,115,102.6545,11.8231,2026-08-05 13:23:39,2026-08-05 13:23:42,2026-08-05 13:23:42
208450,3306,WHMT3,COMPRA,190,135.3425,7.8649,2026-08-05 12:28:00,2026-08-05 12:28:03,2026-08-05 12:28:03
208451,2260,UVEY5,COMPRA,140,70.8598,0.5070,2026-08-05 16:06:01,2026-08-05 16:06:01,2026-08-05 16:06:01
208452,1451,RMRT1,COMPRA,330,85.0550,11.7008,2026-08-05 16:55:36,2026-08-05 16:55:38,2026-08-05 16:55:38
208453,2468,GKQC5,COMPRA,435,123.6385,3.5739,2026-08-05 15:17:09,2026-08-05 15:17:11,2026-08-05 15:17:11
208454,2440,HCLJ8,COMPRA,410,109.3931,3.0954,2026-08-05 14:49:19,2026-08-05 14:49:22,2026-08-05 14:49:22
208455,2935,LGKU6,COMPRA,194,85.7506,9.9440,2026-08-05 11:04:16,2026-08-05 11:04:17,2026-08-05 11:04:17
208456,2405,PBZM6,COMPRA,415,60.1078,1.6652,2026-08-05 13:19:53,2026-08-05 13:19:53,2026-08-05 13:19:53
208457,2873,DSFC9,COMPRA,180,432.2927,10.8260,2026-08-05 16:29:40,2026-08-05 16:29:42,2026-08-05 16:29:42
208458,1535,UYFJ9,COMPRA,125,112.6228,6.6073,2026-08-05 16:52:22,2026-08-05 16:52:24,2026-08-05 16:52:24
208459,1233,ZYVN7,COMPRA,285,78.2575,4.0217,2026-08-05 16:59:01,2026-08-05 16:59:01,2026-08-05 16:59:01
208460,2153,DQSN6,COMPRA,440,112.3685,11.3791,2026-08-05 10:30:22,2026-08-05 10:30:22,2026-08-05 10:30:22
208461,3199,YRWH3,COMPRA,100,208.7511,9.6130,2026-08-05 15:16:32,2026-08-05 15:16:34,2026-08-05 15:16:34
208462,1426,OEQA8,COMPRA,470,386.5803,11.2003,2026-08-05 13:04:21,2026-08-05 13:04:24,2026-08-05 13:04:24
208463,1422,NQYT3,COMPRA,150,59.6519,11.9214,2026-08-05 15:21:16,2026-08-05 15:21:18,2026-08-05 15:21:18
208464,2243,WIPB2,COMPRA,310,89.9897,2.7518,2026-08-05 15:25:27,2026-08-05 15:25:27,2026-08-05 15:25:27
208465,1394,ZHTL2,COMPRA,262,66.9224,8.0198,2026-08-05 11:18:03,2026-08-05 11:18:06,2026-08-05 11:18:06
208466,1898,IWAK1,COMPRA,100,79.1634,6.8817,2026-08-05 14:37:05,2026-08-05 14:37:07,2026-08-05 14:37:07
208467,1764,QEUC2,COMPRA,360,178.6495,7.7389,2026-08-05 13:47:27,2026-08-05 13:47:29,2026-08-05 13:47:29
208468,2786,YRWH3,COMPRA,185,200.1614,11.7494,2026-08-05 12:48:10,2026-08-05 12:48:13,2026-08-05 12:48:13
208469,1800,IPXK2,COMPRA,380,269.5246,9.1248,2026-08-05 14:13:46,2026-08-05 14:13:46,2026-08-05 14:13:46
208470,3473,DSFC9,COMPRA,40,353.4088,11.5474,2026-08-05 13:24:34,2026-08-05 13:24:34,2026-08-05 13:24:34
208471,2588,OEQA8,COMPRA,350,427.4828,10.4121,2026-08-05 14:07:52,2026-08-05 14:07:55,2026-08-05 14:07:55
208472,2934,YRWH3,COMPRA,5,170.1937,7.8089,2026-08-05 15:58:46,2026-08-05 15:58:49,2026-08-05 15:58:49
208473,2978,YRWH3,COMPRA,185,152.0812,8.3848,2026-08-05 10:56:57,2026-08-05 10:56:59,2026-08-05 10:56:59
208474,2591,RSBT4,COMPRA,260,347.0248,11.6364,2026-08-05 10:27:27,2026-08-05 10:27:29,2026-08-05 10:27:29
208475,1504,RFNS7,COMPRA,273,75.3514,3.3752,2026-08-05 17:29:39,2026-08-05 17:29:39,2026-08-05 17:29:39
208476,1095,XTVW5,COMPRA,145,82.8755,6.3495,2026-08-05 14:48:38,2026-08-05 14:48:41,2026-08-05 14:48:41
208477,2629,ACSV1,COMPRA,267,92.9662,8.2144,2026-08-05 17:20:43,2026-08-05 17:20:44,2026-08-05 17:20:44
208478,3303,AAUA7,COMPRA,385,122.1951,9.7566,2026-08-05 14:39:38,2026-08-05 14:39:38,2026-08-05 14:39:38
208479,2576,SRDU1,COMPRA,65,103.9964,3.0707,2026-08-05 11:41:18,2026-08-05 11:41:21,2026-08-05 11:41:21
208480,1974,QYBV3,COMPRA,375,73.7660,12.2686,2026-08-05 16:24:44,2026-08-05 16:24:44,2026-08-05 16:24:44
208481,2590,OEQA8,COMPRA,45,522.1047,10.9663,2026-08-05 13:38:32,2026-08-05 13:38:35,2026-08-05 13:38:35
208482,1111,WHMT3,COMPRA,359,109.1035,1.5281,2026-08-05 11:09:39,2026-08-05 11:09:40,2026-08-05 11:09:40
208483,2651,WXQM6,COMPRA,384,55.6986,2.6738,2026-08-05 12:04:17,2026-08-05 12:04:20,2026-08-05 12:04:20
208484,1968,WXQM6,COMPRA,25,47.9539,8.3437,2026-08-05 12:28:36,2026-08-05 12:28:38,2026-08-05 12:28:38
208485,2719,MGRR2,COMPRA,115,147.5462,9.4538,2026-08-05 16:36:20,2026-08-05 16:36:22,2026-08-05 16:36:22
208486,2328,HJRH5,COMPRA,382,171.8079,8.8649,2026-08-05 14:36:35,2026-08-05 14:36:36,2026-08-05 14:36:36
208487,2277,JIPR4,COMPRA,465,35.1881,2.2122,2026-08-05 17:02:10,2026-08-05 17:02:10,2026-08-05 17:02:10
208488,1849,ENRZ2,COMPRA,85,94.5519,4.4093,2026-08-05 13:52:39,2026-08-05 13:52:42,2026-08-05 13:52:42
208489,1445,DEGN5,COMPRA,70,94.2118,5.9776,2026-08-05 13:21:52,2026-08-05 13:21:53,2026-08-05 13:21:53
208490,2002,UQJU7,COMPRA,253,66.6323,8.1511,2026-08-05 15:00:59,2026-08-05 15:01:01,2026-08-05 15:01:01
208491,1611,DQSN6,COMPRA,420,123.1653,4.9257,2026-08-05 12:52:09,2026-08-05 12:52:10,2026-08-05 12:52:10
208492,3032,JJVW6,COMPRA,340,166.0737,2.7439,2026-08-05 14:31:51,2026-08-05 14:31:53,2026-08-05 14:31:53
208493,2389,IWAK1,COMPRA,200,102.1090,3.7477,2026-08-05 16:38:12,2026-08-05 16:38:15,2026-08-05 16:38:15
208494,2617,JIPA6,COMPRA,350,32.8938,8.6013,2026-08-05 16:05:45,2026-08-05 16:05:46,2026-08-05 16:05:46
208495,2719,XAVL3,COMPRA,445,171.6757,9.8512,2026-08-05 17:08:20,2026-08-05 17:08:21,2026-08-05 17:08:21
208496,1549,TTHO3,COMPRA,360,32.0082,10.9939,2026-08-05 17:01:30,2026-08-05 17:01:33,2026-08-05 17:01:33
208497,2861,TTHO3,COMPRA,480,30.8670,6.5529,2026-08-05 13:25:23,2026-08-05 13:25:25,2026-08-05 13:25:25
208498,2404,WHMT3,COMPRA,75,95.8927,4.2183,2026-08-05 15:08:17,2026-08-05 15:08:19,2026-08-05 15:08:19
208499,2919,QQQS1,COMPRA,293,27.1293,6.9548,2026-08-05 15:22:15,2026-08-05 15:22:17,2026-08-05 15:22:17
208500,2275,ZHTL2,COMPRA,445,54.0977,10.2915,2026-08-05 11:32:41,2026-08-05 11:32:42,2026-08-05 11:32:42
208501,3054,JIPA6,COMPRA,5,39.7932,3.0589,2026-08-05 12:33:04,2026-08-05 12:33:05,2026-08-05 12:33:05
208502,3384,GAKD5,COMPRA,175,304.5640,7.5093,2026-08-05 11:41:18,2026-08-05 11:41:20,2026-08-05 11:41:20
208503,1347,TTHO3,COMPRA,466,42.3534,2.3497,2026-08-05 12:46:07,2026-08-05 12:46:07,2026-08-05 12:46:07
208504,2650,ENRZ2,COMPRA,315,93.4030,11.8470,2026-08-05 16:15:25,2026-08-05 16:15:25,2026-08-05 16:15:25
208505,1438,NGIU9,COMPRA,355,124.5373,9.6321,2026-08-05 14:26:49,2026-08-05 14:26:52,2026-08-05 14:26:52
208506,1643,TNHT4,COMPRA,160,139.2992,7.2900,2026-08-05 15:33:19,2026-08-05 15:33:20,2026-08-05 15:33:20
208507,1649,PZUP8,COMPRA,345,191.7786,0.7123,2026-08-05 13:59:59,2026-08-05 13:59:59,2026-08-05 13:59:59
208508,3349,IWAK1,COMPRA,70,67.7518,11.6266,2026-08-05 12:51:31,2026-08-05 12:51:33,2026-08-05 12:51:33
208509,1891,QEUC2,COMPRA,60,167.3151,9.1139,2026-08-05 17:30:12,2026-08-05 17:30:13,2026-08-05 17:30:13
208510,2533,JIPA6,COMPRA,205,37.0035,1.3274,2026-08-05 13:38:24,2026-08-05 13:38:25,2026-08-05 13:38:25
208511,2925,DFGR7,COMPRA,210,118.5521,11.8228,2026-08-05 10:50:55,2026-08-05 10:50:57,2026-08-05 10:50:57
208512,2245,PSEN6,COMPRA,199,231.2051,8.7451,2026-08-05 10:43:35,2026-08-05 10:43:37,2026-08-05 10:43:37
208513,1558,XTVW5,COMPRA,180,98.0026,7.8369,2026-08-05 10:39:17,2026-08-05 10:39:19,2026-08-05 10:39:19
208514,2440,TTHO3,COMPRA,150,27.9802,0.1640,2026-08-05 15:16:43,2026-08-05 15:16:43,2026-08-05 15:16:43
208515,1582,DQSN6,COMPRA,145,153.6275,5.1667,2026-08-05 10:22:18,2026-08-05 10:22:18,2026-08-05 10:22:18
208516,2041,YOWA1,COMPRA,400,53.8106,2.3574,2026-08-05 13:38:46,2026-08-05 13:38:47,2026-08-05 13:38:47
208517,1737,JJVW6,COMPRA,310,112.0791,4.8194,2026-08-05 15:33:09,2026-08-05 15:33:12,2026-08-05 15:33:12
208518,1696,DQSN6,COMPRA,25,122.8888,8.1085,2026-08-05 10:54:33,2026-08-05 10:54:34,2026-08-05 10:54:34
208519,1283,JJVW6,COMPRA,345,144.7098,2.9063,2026-08-05 12:41:19,2026-08-05 12:41:21,2026-08-05 12:41:21
208520,1675,DSFC9,COMPRA,435,342.2316,1.5876,2026-08-05 16:25:34,2026-08-05 16:25:37,2026-08-05 16:25:37
208521,2040,NGIU9,COMPRA,345,110.2929,7.8333,2026-08-05 10:46:19,2026-08-05 10:46:21,2026-08-05 10:46:21
208522,3071,MJDL9,COMPRA,380,40.5169,5.0048,2026-08-05 11:34:58,2026-08-05 11:34:58,2026-08-05 11:34:58
208523,1423,ZAAS7,COMPRA,270,499.2337,12.8935,2026-08-05 15:57:26,2026-08-05 15:57:28,2026-08-05 15:57:28
208524,1566,WHMT3,COMPRA,500,90.7687,0.5055,2026-08-05 15:52:23,2026-08-05 15:52:23,2026-08-05 15:52:23
208525,2923,DQSN6,COMPRA,372,109.3335,8.7343,2026-08-05 16:01:48,2026-08-05 16:01:50,2026-08-05 16:01:50
208526,3422,YRWH3,COMPRA,365,158.7671,5.8930,2026-08-05 14:50:25,2026-08-05 14:50:25,2026-08-05 14:50:25
208527,1234,HCLJ8,COMPRA,65,131.9635,7.8702,2026-08-05 15:51:57,2026-08-05 15:52:00,2026-08-05 15:52:00
208528,3246,DHRM5,COMPRA,405,295.2738,9.6373,2026-08-05 13:01:06,2026-08-05 13:01:08,2026-08-05 13:01:08
208529,2285,NPEM3,COMPRA,210,103.9407,7.7979,2026-08-05 15:07:50,2026-08-05 15:07:51,2026-08-05 15:07:51
208530,1304,BOCS8,COMPRA,275,70.7124,0.8343,2026-08-05 14:23:53,2026-08-05 14:23:53,2026-08-05 14:23:53
208531,2993,WHMT3,COMPRA,70,99.0951,3.6026,2026-08-05 15:56:08,2026-08-05 15:56:08,2026-08-05 15:56:08
208532,2896,OVYL9,COMPRA,385,75.2163,3.4816,2026-08-05 14:31:08,2026-08-05 14:31:08,2026-08-05 14:31:08
208533,1766,IPXK2,COMPRA,280,350.5768,9.0132,2026-08-05 16:20:37,2026-08-05 16:20:37,2026-08-05 16:20:37
208534,2882,RYPL6,COMPRA,210,89.7824,0.8635,2026-08-05 10:50:06,2026-08-05 10:50:08,2026-08-05 10:50:08
208535,1294,IPXK2,COMPRA,160,358.9563,7.4898,2026-08-05 14:33:29,2026-08-05 14:33:29,2026-08-05 14:33:29
208536,2651,WHMT3,COMPRA,443,84.5031,0.4576,2026-08-05 12:54:04,2026-08-05 12:54:05,2026-08-05 12:54:05
208537,1269,AAUA7,COMPRA,205,118.6991,10.4263,2026-08-05 14:39:13,2026-08-05 14:39:16,2026-08-05 14:39:16
208538,2407,OVUQ2,COMPRA,30,45.2274,1.0254,2026-08-05 14:33:26,2026-08-05 14:33:28,2026-08-05 14:33:28
208539,1740,NGIU9,VENDA,253,109.9652,3.0005,2026-08-05 16:19:58,2026-08-05 16:20:00,2026-08-05 16:20:00
208540,1486,NPEM3,COMPRA,203,79.9867,1.4166,2026-08-05 10:22:07,2026-08-05 10:22:09,2026-08-05 10:22:09
208541,2200,KHGP6,COMPRA,485,115.1786,5.2040,2026-08-05 16:07:58,2026-08-05 16:07:59,2026-08-05 16:07:59
208542,1769,BGNM6,COMPRA,345,77.5281,10.6202,2026-08-05 14:31:05,2026-08-05 14:31:05,2026-08-05 14:31:05
208543,2322,ZYVN7,COMPRA,494,90.3121,6.0086,2026-08-05 10:33:43,2026-08-05 10:33:46,2026-08-05 10:33:46
208544,2648,ZFBT3,COMPRA,500,93.1762,12.4553,2026-08-05 13:58:31,2026-08-05 13:58:33,2026-08-05 13:58:33
208545,3274,UCHR6,COMPRA,430,408.2864,4.2352,2026-08-05 13:07:24,2026-08-05 13:07:26,2026-08-05 13:07:26
208546,1828,BOCS8,COMPRA,245,72.6097,5.0793,2026-08-05 13:46:43,2026-08-05 13:46:44,2026-08-05 13:46:44
208547,1004,UQIQ7,COMPRA,413,71.6916,2.0590,2026-08-05 11:48:24,2026-08-05 11:48:27,2026-08-05 11:48:27
208548,1974,KFSY2,COMPRA,190,122.0929,2.2211,2026-08-05 17:05:00,2026-08-05 17:05:01,2026-08-05 17:05:01
208549,2636,FYZB6,COMPRA,385,54.8427,1.8163,2026-08-05 14:21:59,2026-08-05 14:22:01,2026-08-05 14:22:01
208550,1230,QHFL8,COMPRA,215,136.1744,6.1127,2026-08-05 15:01:14,2026-08-05 15:01:15,2026-08-05 15:01:15
208551,2167,KFSY2,COMPRA,258,89.4960,1.5481,2026-08-05 16:59:21,2026-08-05 16:59:24,2026-08-05 16:59:24
208552,3336,CQJZ4,COMPRA,435,101.4226,5.5166,2026-08-05 13:57:54,2026-08-05 13:57:57,2026-08-05 13:57:57
208553,1276,ERTC4,COMPRA,185,43.4334,2.2355,2026-08-05 16:15:55,2026-08-05 16:15:58,2026-08-05 16:15:58
208554,3136,WHMT3,COMPRA,346,99.8780,1.8832,2026-08-05 11:17:59,2026-08-05 11:17:59,2026-08-05 11:17:59
208555,1318,RSBT4,COMPRA,361,428.4351,11.8392,2026-08-05 15:13:58,2026-08-05 15:14:00,2026-08-05 15:14:00
208556,2150,TBWG2,COMPRA,190,91.9882,9.4514,2026-08-05 15:44:28,2026-08-05 15:44:29,2026-08-05 15:44:29
208557,1067,FYZB6,COMPRA,55,63.0521,4.0926,2026-08-05 15:38:07,2026-08-05 15:38:08,2026-08-05 15:38:08
208558,1768,SVOZ4,COMPRA,500,46.5689,8.2894,2026-08-05 13:19:18,2026-08-05 13:19:21,2026-08-05 13:19:21
208559,3203,MCHX2,COMPRA,108,89.0276,3.8999,2026-08-05 16:16:23,2026-08-05 16:16:24,2026-08-05 16:16:24
208560,3204,MCMT2,COMPRA,180,118.9896,1.6207,2026-08-05 16:17:27,2026-08-05 16:17:27,2026-08-05 16:17:27
208561,3402,SRDU1,COMPRA,65,70.6819,9.4038,2026-08-05 12:14:26,2026-08-05 12:14:26,2026-08-05 12:14:26
208562,1485,UCHR6,COMPRA,225,454.5794,10.5957,2026-08-05 12:00:40,2026-08-05 12:00:43,2026-08-05 12:00:43
208563,3170,IPXK2,COMPRA,380,289.1264,1.6987,2026-08-05 11:47:13,2026-08-05 11:47:15,2026-08-05 11:47:15
208564,1488,DGBT6,COMPRA,50,95.6324,0.6883,2026-08-05 10:08:58,2026-08-05 10:08:58,2026-08-05 10:08:58
208565,1728,KHGP6,COMPRA,330,114.1333,2.6441,2026-08-05 13:13:49,2026-08-05 13:13:51,2026-08-05 13:13:51
208566,1385,EEYY9,COMPRA,295,187.7362,0.7855,2026-08-05 15:20:43,2026-08-05 15:20:43,2026-08-05 15:20:43
208567,1399,NUJZ2,COMPRA,230,37.6328,2.3013,2026-08-05 12:42:09,2026-08-05 12:42:12,2026-08-05 12:42:12
208568,1502,JIPA6,COMPRA,375,33.0485,0.7963,2026-08-05 13:25:28,2026-08-05 13:25:30,2026-08-05 13:25:30
208569,3385,ZYVN7,COMPRA,155,78.8627,12.1179,2026-08-05 14:50:21,2026-08-05 14:50:22,2026-08-05 14:50:22
208570,1465,XPVA7,COMPRA,160,390.3169,11.9452,2026-08-05 16:58:52,2026-08-05 16:58:53,2026-08-05 16:58:53
208571,1331,IWAK1,COMPRA,55,84.7774,8.3217,2026-08-05 11:52:32,2026-08-05 11:52:35,2026-08-05 11:52:35
208572,1800,PZUP8,COMPRA,360,170.0638,5.9349,2026-08-05 12:13:31,2026-08-05 12:13:33,2026-08-05 12:13:33
208573,3405,TVCE9,COMPRA,406,65.9789,0.0000,2026-08-05 15:37:12,2026-08-05 15:37:15,2026-08-05 15:37:15
208574,1761,DSFC9,COMPRA,155,503.3830,12.5071,2026-08-05 17:17:58,2026-08-05 17:17:59,2026-08-05 17:17:59
208575,2511,DMTZ8,COMPRA,190,160.4064,4.9833,2026-08-05 16:00:12,2026-08-05 16:00:15,2026-08-05 16:00:15
208576,2331,LIEG8,COMPRA,51,116.7811,7.4726,2026-08-05 10:17:37,2026-08-05 10:17:37,2026-08-05 10:17:37
208577,1168,QTDZ2,COMPRA,32,55.3516,6.5226,2026-08-05 13:38:10,2026-08-05 13:38:10,2026-08-05 13:38:10
208578,2145,OEQA8,COMPRA,335,363.4636,6.0876,2026-08-05 17:07:08,2026-08-05 17:07:09,2026-08-05 17:07:09
208579,1240,RDOA3,COMPRA,30,96.0794,5.7658,2026-08-05 16:52:51,2026-08-05 16:52:53,2026-08-05 16:52:53
208580,1568,NYGT6,COMPRA,20,94.0637,5.5559,2026-08-05 12:09:37,2026-08-05 12:09:40,2026-08-05 12:09:40
208581,2694,TBWG2,COMPRA,20,74.4385,1.2750,2026-08-05 14:21:49,2026-08-05 14:21:51,2026-08-05 14:21:51
208582,3230,TXHR8,COMPRA,65,87.3117,12.7443,2026-08-05 16:05:05,2026-08-05 16:05:06,2026-08-05 16:05:06
208583,1394,XAVL3,COMPRA,150,180.4162,5.2378,2026-08-05 11:19:38,2026-08-05 11:19:41,2026-08-05 11:19:41
208584,1881,MCHX2,COMPRA,30,114.7624,11.7782,2026-08-05 11:33:39,2026-08-05 11:33:39,2026-08-05 11:33:39
208585,2856,RSBT4,COMPRA,425,486.0246,0.0909,2026-08-05 17:10:04,2026-08-05 17:10:06,2026-08-05 17:10:06
208586,1081,IWFI1,COMPRA,290,182.1220,3.4501,2026-08-05 10:54:20,2026-08-05 10:54:21,2026-08-05 10:54:21
208587,2325,DEGN5,COMPRA,60,74.4235,1.1514,2026-08-05 14:49:37,2026-08-05 14:49:38,2026-08-05 14:49:38
208588,1628,QEUC2,COMPRA,150,134.0168,8.4367,2026-08-05 14:36:34,2026-08-05 14:36:34,2026-08-05 14:36:34
208589,1079,OVYL9,COMPRA,460,80.1420,1.6322,2026-08-05 16:39:04,2026-08-05 16:39:05,2026-08-05 16:39:05
208590,1643,OXVD8,COMPRA,39,83.1496,11.9809,2026-08-05 13:09:41,2026-08-05 13:09:41,2026-08-05 13:09:41
208591,1810,PQUT9,COMPRA,350,80.7596,1.3149,2026-08-05 13:58:15,2026-08-05 13:58:17,2026-08-05 13:58:17
208592,2218,ECQD7,COMPRA,430,106.6377,9.9467,2026-08-05 13:03:05,2026-08-05 13:03:06,2026-08-05 13:03:06
208593,2795,TVCE9,COMPRA,280,58.2629,5.9286,2026-08-05 14:17:02,2026-08-05 14:17:02,2026-08-05 14:17:02
208594,2263,XLZM9,COMPRA,95,49.1132,9.0794,2026-08-05 11:17:11,2026-08-05 11:17:12,2026-08-05 11:17:12
208595,2911,ENRZ2,COMPRA,390,116.2558,6.2086,2026-08-05 10:54:07,2026-08-05 10:54:08,2026-08-05 10:54:08
208596,3207,JUDG8,COMPRA,360,105.0955,6.2354,2026-08-05 16:58:31,2026-08-05 16:58:32,2026-08-05 16:58:32
208597,1247,YCCK8,COMPRA,286,503.4166,3.3002,2026-08-05 14:50:35,2026-08-05 14:50:35,2026-08-05 14:50:35
208598,1020,MOLF3,VENDA,300,44.8676,6.9443,2026-08-05 17:15:07,2026-08-05 17:15:07,2026-08-05 17:15:07
208599,1087,PQUT9,COMPRA,85,92.2817,0.5215,2026-08-05 14:12:30,2026-08-05 14:12:32,2026-08-05 14:12:32
208600,1584,UCHR6,COMPRA,265,360.1133,12.5212,2026-08-05 13:15:19,2026-08-05 13:15:21,2026-08-05 13:15:21
208601,2692,OVYL9,COMPRA,130,67.0620,8.8807,2026-08-05 10:28:16,2026-08-05 10:28:16,2026-08-05 10:28:16
208602,2886,RMRT1,COMPRA,295,124.3642,0.8178,2026-08-05 16:32:30,2026-08-05 16:32:32,2026-08-05 16:32:32
208603,1801,ZYVN7,COMPRA,470,82.5248,0.7994,2026-08-05 12:51:44,2026-08-05 12:51:46,2026-08-05 12:51:46
208604,1723,ACSV1,COMPRA,369,111.8025,3.0504,2026-08-05 10:06:05,2026-08-05 10:06:05,2026-08-05 10:06:05
208605,2026,NGIU9,COMPRA,300,127.9236,10.4763,2026-08-05 16:51:04,2026-08-05 16:51:06,2026-08-05 16:51:06
208606,1213,ZAAS7,COMPRA,300,406.9447,9.4510,2026-08-05 11:40:01,2026-08-05 11:40:02,2026-08-05 11:40:02
208607,1517,AYFQ2,COMPRA,15,11.5332,0.1132,2026-08-05 12:48:24,2026-08-05 12:48:27,2026-08-05 12:48:27
208608,3216,UQJU7,COMPRA,126,63.6252,0.8157,2026-08-05 16:00:53,2026-08-05 16:00:53,2026-08-05 16:00:53
208609,2499,ECQD7,COMPRA,190,108.1115,11.6826,2026-08-05 11:37:45,2026-08-05 11:37:47,2026-08-05 11:37:47
208610,2999,AAWB3,COMPRA,305,204.1262,1.0640,2026-08-05 13:29:19,2026-08-05 13:29:21,2026-08-05 13:29:21
208611,1346,BOCS8,COMPRA,85,50.5480,9.4518,2026-08-05 13:24:47,2026-08-05 13:24:49,2026-08-05 13:24:49
208612,1675,WHMT3,COMPRA,30,88.3377,5.3719,2026-08-05 13:32:34,2026-08-05 13:32:35,2026-08-05 13:32:35
208613,2075,GULD2,COMPRA,95,172.3106,0.0710,2026-08-05 14:07:49,2026-08-05 14:07:52,2026-08-05 14:07:52
208614,2003,JJVW6,COMPRA,15,147.0540,0.6346,2026-08-05 16:21:18,2026-08-05 16:21:18,2026-08-05 16:21:18
208615,2741,OVUQ2,COMPRA,80,43.3944,11.7057,2026-08-05 14:03:55,2026-08-05 14:03:55,2026-08-05 14:03:55
208616,2792,NQYT3,COMPRA,400,75.1811,0.0859,2026-08-05 12:19:24,2026-08-05 12:19:24,2026-08-05 12:19:24
208617,3174,UFIU3,COMPRA,310,76.8546,10.6623,2026-08-05 15:43:52,2026-08-05 15:43:53,2026-08-05 15:43:53
208618,3460,FYZB6,COMPRA,225,57.1825,4.9714,2026-08-05 16:34:59,2026-08-05 16:35:02,2026-08-05 16:35:02
208619,1059,SUZL4,COMPRA,485,166.5159,1.4614,2026-08-05 10:45:25,2026-08-05 10:45:25,2026-08-05 10:45:25
208620,3033,JUDG8,COMPRA,455,82.5216,8.7624,2026-08-05 12:39:05,2026-08-05 12:39:07,2026-08-05 12:39:07
208621,2598,WMQZ6,COMPRA,221,64.7174,8.1533,2026-08-05 16:09:43,2026-08-05 16:09:46,2026-08-05 16:09:46
208622,1028,RFNS7,COMPRA,265,96.9297,6.7381,2026-08-05 16:57:33,2026-08-05 16:57:35,2026-08-05 16:57:35
208623,1790,OXVD8,COMPRA,415,63.2782,7.6419,2026-08-05 11:39:21,2026-08-05 11:39:21,2026-08-05 11:39:21
208624,2543,NHYK8,COMPRA,245,85.5180,10.7751,2026-08-05 13:31:59,2026-08-05 13:32:01,2026-08-05 13:32:01
208625,2594,FRGH8,COMPRA,56,88.3670,7.3921,2026-08-05 16:02:16,2026-08-05 16:02:18,2026-08-05 16:02:18
208626,2975,DSFC9,COMPRA,20,430.6656,6.6384,2026-08-05 14:10:54,2026-08-05 14:10:54,2026-08-05 14:10:54
208627,2618,NREP8,VENDA,335,95.8764,8.3962,2026-08-05 16:44:54,2026-08-05 16:44:55,2026-08-05 16:44:55
208628,1093,YYLA4,COMPRA,280,242.8671,9.4225,2026-08-05 13:16:22,2026-08-05 13:16:23,2026-08-05 13:16:23
208629,2512,OVYL9,COMPRA,80,67.5736,5.4915,2026-08-05 12:23:37,2026-08-05 12:23:40,2026-08-05 12:23:40
208630,3240,NQYT3,COMPRA,80,65.4153,6.9630,2026-08-05 12:53:20,2026-08-05 12:53:23,2026-08-05 12:53:23
208631,2687,MCMT2,COMPRA,370,91.8473,9.6323,2026-08-05 15:51:00,2026-08-05 15:51:00,2026-08-05 15:51:00
208632,3414,YCCK8,COMPRA,231,411.4160,8.3541,2026-08-05 13:21:21,2026-08-05 13:21:22,2026-08-05 13:21:22
208633,2790,PSEN6,COMPRA,207,225.2944,10.8006,2026-08-05 10:17:46,2026-08-05 10:17:49,2026-08-05 10:17:49
208634,2689,DHRM5,COMPRA,265,371.5212,7.4359,2026-08-05 12:04:43,2026-08-05 12:04:45,2026-08-05 12:04:45
208635,2118,JIPA6,COMPRA,380,45.6027,,2026-08-05 15:05:06,2026-08-05 15:05:06,2026-08-05 15:05:06
208636,2812,RSBT4,COMPRA,161,474.7905,9.5049,2026-08-05 11:10:47,2026-08-05 11:10:49,2026-08-05 11:10:49
208637,2555,YCCK8,COMPRA,495,345.7662,4.1999,2026-08-05 10:25:50,2026-08-05 10:25:52,2026-08-05 10:25:52
208638,1064,RSBT4,COMPRA,310,342.6825,2.4238,2026-08-05 14:33:01,2026-08-05 14:33:02,2026-08-05 14:33:02
208639,2964,ZFBT3,COMPRA,250,81.4445,8.3631,2026-08-05 16:01:03,2026-08-05 16:01:06,2026-08-05 16:01:06
208640,2431,KHGP6,COMPRA,95,90.5968,12.3144,2026-08-05 15:14:41,2026-08-05 15:14:41,2026-08-05 15:14:41
208641,2112,JDJG6,COMPRA,360,74.0853,5.2747,2026-08-05 15:54:27,2026-08-05 15:54:30,2026-08-05 15:54:30
208642,1955,AAWB3,COMPRA,185,134.0090,9.7641,2026-08-05 15:30:01,2026-08-05 15:30:04,2026-08-05 15:30:04
208643,2101,YCCK8,COMPRA,225,478.0175,3.7088,2026-08-05 12:35:32,2026-08-05 12:35:35,2026-08-05 12:35:35
208644,1287,EEYY9,COMPRA,35,142.7233,10.7164,2026-08-05 11:34:01,2026-08-05 11:34:03,2026-08-05 11:34:03
208645,1804,NAOF3,COMPRA,482,53.0019,11.1238,2026-08-05 16:17:38,2026-08-05 16:17:38,2026-08-05 16:17:38
208646,1757,MCHX2,COMPRA,28,126.6426,11.6281,2026-08-05 14:54:06,2026-08-05 14:54:06,2026-08-05 14:54:06
208647,3207,BOCS8,COMPRA,265,69.6918,3.0578,2026-08-05 12:21:43,2026-08-05 12:21:44,2026-08-05 12:21:44
208648,3297,WXQM6,COMPRA,310,46.6069,4.2887,2026-08-05 14:30:21,2026-08-05 14:30:22,2026-08-05 14:30:22
208649,1626,DEGN5,VENDA,285,84.4092,9.2607,2026-08-05 17:00:20,2026-08-05 17:00:22,2026-08-05 17:00:22
208650,1025,CQIL9,COMPRA,400,37.0356,1.9753,2026-08-05 10:00:20,2026-08-05 10:00:23,2026-08-05 10:00:23
208651,2743,NQYT3,COMPRA,120,76.4455,7.7253,2026-08-05 10:38:19,2026-08-05 10:38:19,2026-08-05 10:38:19
208652,1134,RFNS7,COMPRA,455,70.9091,3.5888,2026-08-05 11:24:06,2026-08-05 11:24:06,2026-08-05 11:24:06
208653,3440,YYLA4,COMPRA,430,197.6462,11.8659,2026-08-05 16:35:48,2026-08-05 16:35:50,2026-08-05 16:35:50
208654,1679,RFNS7,COMPRA,325,67.4727,8.1581,2026-08-05 14:44:33,2026-08-05 14:44:34,2026-08-05 14:44:34
208655,2667,UCHR6,COMPRA,500,315.5211,12.0993,2026-08-05 14:48:06,2026-08-05 14:48:08,2026-08-05 14:48:08
208656,1091,FRGH8,COMPRA,482,74.4009,10.8897,2026-08-05 13:31:38,2026-08-05 13:31:39,2026-08-05 13:31:39
208657,3462,JIPR4,COMPRA,170,29.4857,11.1988,2026-08-05 12:36:19,2026-08-05 12:36:20,2026-08-05 12:36:20
208658,3344,DQSN6,COMPRA,335,119.9233,9.3706,2026-08-05 13:27:46,2026-08-05 13:27:47,2026-08-05 13:27:47
208659,2432,PQUT9,COMPRA,391,78.7991,4.9588,2026-08-05 15:25:47,2026-08-05 15:25:49,2026-08-05 15:25:49
208660,2314,PBZM6,COMPRA,75,64.0950,7.2781,2026-08-05 12:49:15,2026-08-05 12:49:16,2026-08-05 12:49:16
208661,1851,JJVW6,COMPRA,365,137.5783,6.7660,2026-08-05 17:13:47,2026-08-05 17:13:48,2026-08-05 17:13:48
208662,3275,XPVA7,COMPRA,30,427.9171,6.2035,2026-08-05 17:04:28,2026-08-05 17:04:30,2026-08-05 17:04:30
208663,2778,TXHR8,COMPRA,182,72.4156,6.8678,2026-08-05 12:31:42,2026-08-05 12:31:44,2026-08-05 12:31:44
208664,2927,RHXV4,COMPRA,311,59.8673,1.7538,2026-08-05 15:53:01,2026-08-05 15:53:04,2026-08-05 15:53:04
208665,3124,QHFL8,COMPRA,170,144.9616,6.2071,2026-08-05 11:40:43,2026-08-05 11:40:44,2026-08-05 11:40:44
208666,3294,TTHO3,COMPRA,240,37.1861,12.1560,2026-08-05 15:24:56,2026-08-05 15:24:59,2026-08-05 15:24:59
208667,2573,UQJU7,COMPRA,260,64.3696,10.7289,2026-08-05 13:20:39,2026-08-05 13:20:40,2026-08-05 13:20:40
208668,3312,FYZB6,COMPRA,188,63.5571,11.3529,2026-08-05 16:52:03,2026-08-05 16:52:03,2026-08-05 16:52:03
208669,3373,NHYK8,COMPRA,208,70.3629,4.6012,2026-08-05 14:03:37,2026-08-05 14:03:40,2026-08-05 14:03:40
208670,2061,PBZM6,COMPRA,476,59.7536,5.8222,2026-08-05 13:59:37,2026-08-05 13:59:40,2026-08-05 13:59:40
208671,1581,IZTY4,COMPRA,320,33.9652,1.9397,2026-08-05 14:10:00,2026-08-05 14:10:02,2026-08-05 14:10:02
208672,3043,XTVW5,COMPRA,445,91.1041,8.8362,2026-08-05 10:40:55,2026-08-05 10:40:58,2026-08-05 10:40:58
208673,2743,IWFI1,COMPRA,333,162.6138,0.8963,2026-08-05 14:37:17,2026-08-05 14:37:19,2026-08-05 14:37:19
208674,3301,WXFC8,COMPRA,234,104.2091,12.6418,2026-08-05 15:47:24,2026-08-05 15:47:25,2026-08-05 15:47:25
208675,2537,NHYK8,COMPRA,10,79.6366,3.9312,2026-08-05 11:51:19,2026-08-05 11:51:21,2026-08-05 11:51:21
208676,2180,JDJG6,COMPRA,85,88.8453,8.8828,2026-08-05 11:49:44,2026-08-05 11:49:45,2026-08-05 11:49:45
208677,3170,DFGR7,COMPRA,493,99.8996,12.5670,2026-08-05 15:52:53,2026-08-05 15:52:53,2026-08-05 15:52:53
208678,2401,IWAK1,COMPRA,105,92.7132,0.1697,2026-08-05 11:37:37,2026-08-05 11:37:39,2026-08-05 11:37:39
208679,3436,DHRM5,COMPRA,155,340.5090,9.2877,2026-08-05 13:02:49,2026-08-05 13:02:52,2026-08-05 13:02:52
208680,2347,ACSV1,COMPRA,375,101.8911,4.0422,2026-08-05 12:01:08,2026-08-05 12:01:09,2026-08-05 12:01:09
208681,1288,HJRH5,COMPRA,90,136.7819,5.5437,2026-08-05 10:00:46,2026-08-05 10:00:46,2026-08-05 10:00:46
208682,2820,XLZM9,COMPRA,465,59.5493,0.7978,2026-08-05 13:12:24,2026-08-05 13:12:26,2026-08-05 13:12:26
208683,3451,XTVW5,COMPRA,350,95.1229,2.9579,2026-08-05 13:22:48,2026-08-05 13:22:48,2026-08-05 13:22:48
208684,2471,WIPB2,VENDA,30,100.2571,4.5609,2026-08-05 12:14:24,2026-08-05 12:14:25,2026-08-05 12:14:25
208685,2840,BSDJ7,COMPRA,490,277.0042,11.9886,2026-08-05 15:09:37,2026-08-05 15:09:37,2026-08-05 15:09:37
208686,2203,PQUT9,COMPRA,355,86.2093,8.7845,2026-08-05 13:13:40,2026-08-05 13:13:41,2026-08-05 13:13:41
208687,1775,TVCE9,COMPRA,250,80.5731,8.7072,2026-08-05 17:01:22,2026-08-05 17:01:25,2026-08-05 17:01:25
208688,2908,HCZM2,COMPRA,270,440.0377,5.1118,2026-08-05 11:07:26,2026-08-05 11:07:26,2026-08-05 11:07:26
208689,3293,HCZM2,COMPRA,380,411.1055,10.6075,2026-08-05 17:06:42,2026-08-05 17:06:44,2026-08-05 17:06:44
208690,2275,QEUC2,COMPRA,305,178.5498,6.4985,2026-08-05 15:58:52,2026-08-05 15:58:53,2026-08-05 15:58:53
208691,1533,GKQC5,COMPRA,470,121.6701,1.0409,2026-08-05 11:08:38,2026-08-05 11:08:40,2026-08-05 11:08:40
208692,2963,UVEY5,COMPRA,445,81.0855,12.8625,2026-08-05 17:25:58,2026-08-05 17:25:59,2026-08-05 17:25:59
208693,2244,YYLA4,COMPRA,460,214.4225,9.4574,2026-08-05 16:48:29,2026-08-05 16:48:29,2026-08-05 16:48:29
208694,2269,UQIQ7,COMPRA,145,86.0705,8.7841,2026-08-05 11:20:41,2026-08-05 11:20:43,2026-08-05 11:20:43
208695,2250,JJVW6,COMPRA,120,141.2270,1.3622,2026-08-05 14:11:50,2026-08-05 14:11:53,2026-08-05 14:11:53
208696,1471,GAKD5,COMPRA,280,268.8413,8.0842,2026-08-05 11:14:23,2026-08-05 11:14:23,2026-08-05 11:14:23
208697,3487,RIET5,COMPRA,455,142.7745,9.9046,2026-08-05 14:14:58,2026-08-05 14:14:58,2026-08-05 14:14:58
208698,1779,OVUQ2,VENDA,170,48.9344,7.3359,2026-08-05 13:55:59,2026-08-05 13:56:02,2026-08-05 13:56:02
208699,3243,MCHX2,COMPRA,80,121.6206,7.4218,2026-08-05 15:53:03,2026-08-05 15:53:05,2026-08-05 15:53:05
208700,1601,MCHX2,COMPRA,422,134.4364,8.9927,2026-08-05 11:13:55,2026-08-05 11:13:57,2026-08-05 11:13:57
208701,1769,YYLA4,COMPRA,245,242.0568,6.7442,2026-08-05 15:54:31,2026-08-05 15:54:34,2026-08-05 15:54:34
208702,2657,HCZM2,COMPRA,45,494.8254,9.0371,2026-08-05 14:19:45,2026-08-05 14:19:48,2026-08-05 14:19:48
208703,1363,UQJU7,COMPRA,309,66.3162,5.6751,2026-08-05 14:13:03,2026-08-05 14:13:03,2026-08-05 14:13:03
208704,2586,IWFI1,COMPRA,315,128.9423,9.2719,2026-08-05 17:02:38,2026-08-05 17:02:39,2026-08-05 17:02:39
208705,3337,ZFBT3,COMPRA,345,92.9785,11.4523,2026-08-05 16:13:12,2026-08-05 16:13:14,2026-08-05 16:13:14
208706,1056,CQIL9,COMPRA,385,36.3090,7.1412,2026-08-05 14:00:17,2026-08-05 14:00:17,2026-08-05 14:00:17
208707,3052,DFGR7,COMPRA,90,93.5792,1.7208,2026-08-05 17:23:50,2026-08-05 17:23:52,2026-08-05 17:23:52
208708,2575,DFGR7,COMPRA,345,87.6633,4.2592,2026-08-05 14:11:33,2026-08-05 14:11:36,2026-08-05 14:11:36
208709,1626,YYLA4,COMPRA,210,170.2331,6.8576,2026-08-05 16:26:54,2026-08-05 16:26:54,2026-08-05 16:26:54
208710,2252,UVEY5,COMPRA,475,94.1295,3.6566,2026-08-05 13:42:22,2026-08-05 13:42:22,2026-08-05 13:42:22
208711,1645,PSEN6,COMPRA,410,226.8349,10.4231,2026-08-05 15:59:27,2026-08-05 15:59:28,2026-08-05 15:59:28
208712,1002,RMRT1,COMPRA,310,92.5219,6.3298,2026-08-05 14:54:31,2026-08-05 14:54:34,2026-08-05 14:54:34
208713,2087,LIEG8,COMPRA,140,118.2424,3.8298,2026-08-05 12:24:23,2026-08-05 12:24:23,2026-08-05 12:24:23
208714,1930,YOWA1,COMPRA,80,64.2723,4.2622,2026-08-05 12:47:34,2026-08-05 12:47:36,2026-08-05 12:47:36
208715,3281,XPVA7,COMPRA,235,544.2159,7.3714,2026-08-05 11:27:57,2026-08-05 11:27:57,2026-08-05 11:27:57
208716,1930,PQUT9,COMPRA,400,95.1901,5.4921,2026-08-05 17:14:43,2026-08-05 17:14:46,2026-08-05 17:14:46
208717,1297,JJVW6,COMPRA,55,157.1743,7.9787,2026-08-05 16:19:30,2026-08-05 16:19:33,2026-08-05 16:19:33
208718,3214,JIPA6,COMPRA,270,29.6778,10.3134,2026-08-05 14:58:53,2026-08-05 14:58:55,2026-08-05 14:58:55
208719,2303,NWGB4,COMPRA,365,157.4139,8.8454,2026-08-05 10:09:00,2026-08-05 10:09:02,2026-08-05 10:09:02
208720,1877,UQIQ7,COMPRA,280,98.5064,2.7925,2026-08-05 16:12:51,2026-08-05 16:12:52,2026-08-05 16:12:52
208721,1124,DMTZ8,COMPRA,75,188.8186,10.5967,2026-08-05 13:59:11,2026-08-05 13:59:13,2026-08-05 13:59:13
208722,1559,GFDF2,COMPRA,57,102.1133,12.0505,2026-08-05 15:01:50,2026-08-05 15:01:51,2026-08-05 15:01:51
208723,2020,AYFQ2,COMPRA,15,14.2364,6.4081,2026-08-05 10:27:22,2026-08-05 10:27:25,2026-08-05 10:27:25
208724,2060,YRWH3,COMPRA,85,195.0779,12.6695,2026-08-05 13:32:42,2026-08-05 13:32:43,2026-08-05 13:32:43
208725,3268,RYPL6,COMPRA,190,106.4508,0.5927,2026-08-05 14:26:36,2026-08-05 14:26:37,2026-08-05 14:26:37
208726,1185,RMRT1,COMPRA,285,100.5348,11.6078,2026-08-05 13:20:34,2026-08-05 13:20:34,2026-08-05 13:20:34
208727,1698,YOWA1,COMPRA,300,58.8184,5.9467,2026-08-05 12:29:10,2026-08-05 12:29:10,2026-08-05 12:29:10
208728,2859,NQYT3,COMPRA,330,74.9091,2.0270,2026-08-05 11:19:27,2026-08-05 11:19:28,2026-08-05 11:19:28
208729,1766,AAUA7,COMPRA,110,143.2584,3.8387,2026-08-05 13:49:24,2026-08-05 13:49:26,2026-08-05 13:49:26
208730,2653,HJRH5,COMPRA,500,160.6369,0.0227,2026-08-05 15:14:51,2026-08-05 15:14:54,2026-08-05 15:14:54
208731,2594,NGIU9,COMPRA,125,123.6061,2.9309,2026-08-05 12:35:45,2026-08-05 12:35:45,2026-08-05 12:35:45
208732,1801,MOLF3,COMPRA,30,41.4464,5.9971,2026-08-05 14:46:09,2026-08-05 14:46:10,2026-08-05 14:46:10
208733,2099,DMTZ8,COMPRA,80,182.7395,11.0726,2026-08-05 10:43:49,2026-08-05 10:43:49,2026-08-05 10:43:49
208734,3338,FIUW1,COMPRA,320,115.1862,2.5113,2026-08-05 12:27:01,2026-08-05 12:27:03,2026-08-05 12:27:03
208735,3091,HJRH5,COMPRA,385,146.6824,12.1295,2026-08-05 17:12:42,2026-08-05 17:12:43,2026-08-05 17:12:43
208736,3360,GULD2,COMPRA,315,120.4329,10.6822,2026-08-05 15:01:39,2026-08-05 15:01:40,2026-08-05 15:01:40
208737,1192,BOCS8,COMPRA,165,59.7660,7.7845,2026-08-05 10:24:38,2026-08-05 10:24:40,2026-08-05 10:24:40
208738,3095,NWGB4,COMPRA,181,116.8234,7.4292,2026-08-05 17:18:54,2026-08-05 17:18:56,2026-08-05 17:18:56
208739,2304,WHMT3,COMPRA,460,100.3422,1.8978,2026-08-05 13:04:03,2026-08-05 13:04:04,2026-08-05 13:04:04
208740,2111,ZYVN7,COMPRA,129,60.0000,6.2704,2026-08-05 11:26:21,2026-08-05 11:26:21,2026-08-05 11:26:21
208741,1704,ZHTL2,COMPRA,290,67.1183,3.5656,2026-08-05 11:45:46,2026-08-05 11:45:48,2026-08-05 11:45:48
208742,2797,IJJK3,COMPRA,200,119.4767,7.5825,2026-08-05 13:52:54,2026-08-05 13:52:54,2026-08-05 13:52:54
208743,2310,LGKU6,COMPRA,110,73.2473,5.5935,2026-08-05 14:10:35,2026-08-05 14:10:36,2026-08-05 14:10:36
208744,1129,QTHQ1,COMPRA,135,21.4343,12.7666,2026-08-05 14:27:02,2026-08-05 14:27:04,2026-08-05 14:27:04
208745,1312,ECQD7,COMPRA,160,75.9213,6.9710,2026-08-05 14:04:33,2026-08-05 14:04:35,2026-08-05 14:04:35
208746,3128,VLEB3,COMPRA,330,474.1275,11.1593,2026-08-05 15:43:32,2026-08-05 15:43:34,2026-08-05 15:43:34
208747,2912,OVUQ2,COMPRA,205,42.4640,5.2057,2026-08-05 11:12:35,2026-08-05 11:12:36,2026-08-05 11:12:36
208748,2729,QQQS1,COMPRA,100,22.0576,3.4298,2026-08-05 10:12:51,2026-08-05 10:12:52,2026-08-05 10:12:52
208749,2137,PZUP8,COMPRA,495,184.3512,5.6827,2026-08-05 15:39:32,2026-08-05 15:39:35,2026-08-05 15:39:35
208750,1512,TXHR8,COMPRA,395,75.4188,8.6440,2026-08-05 17:03:26,2026-08-05 17:03:28,2026-08-05 17:03:28
208751,2572,ACSV1,COMPRA,5,85.5363,9.3838,2026-08-05 14:49:35,2026-08-05 14:49:35,2026-08-05 14:49:35
208752,1421,MGRR2,COMPRA,250,119.2316,2.5854,2026-08-05 10:14:27,2026-08-05 10:14:30,2026-08-05 10:14:30
208753,2343,ZYVN7,COMPRA,145,69.4787,6.8928,2026-08-05 10:45:08,2026-08-05 10:45:08,2026-08-05 10:45:08
208754,2480,PQUT9,COMPRA,225,77.3389,1.7058,2026-08-05 16:06:04,2026-08-05 16:06:05,2026-08-05 16:06:05
208755,1142,NREP8,COMPRA,435,111.7518,6.8055,2026-08-05 16:23:38,2026-08-05 16:23:41,2026-08-05 16:23:41
208756,3085,YRWH3,COMPRA,358,161.3482,11.5025,2026-08-05 12:48:53,2026-08-05 12:48:56,2026-08-05 12:48:56
208757,2727,IPXK2,COMPRA,50,235.0952,10.5190,2026-08-05 12:06:06,2026-08-05 12:06:06,2026-08-05 12:06:06
208758,2319,UCHR6,COMPRA,410,480.1082,8.6618,2026-08-05 17:10:00,2026-08-05 17:10:02,2026-08-05 17:10:02
208759,1941,RSBT4,COMPRA,50,492.0249,,2026-08-05 10:41:04,2026-08-05 10:41:05,2026-08-05 10:41:05
208760,1744,XLZM9,COMPRA,490,63.0668,6.5171,2026-08-05 11:28:20,2026-08-05 11:28:20,2026-08-05 11:28:20
208761,2324,DFGR7,COMPRA,355,74.7004,5.9331,2026-08-05 12:47:45,2026-08-05 12:47:48,2026-08-05 12:47:48
208762,1042,FYZB6,COMPRA,60,83.6805,5.6675,2026-08-05 16:47:48,2026-08-05 16:47:51,2026-08-05 16:47:51
208763,2283,YRWH3,COMPRA,20,180.5621,10.3158,2026-08-05 12:27:10,2026-08-05 12:27:10,2026-08-05 12:27:10
208764,1637,UYFJ9,COMPRA,355,86.1945,11.4405,2026-08-05 17:01:45,2026-08-05 17:01:47,2026-08-05 17:01:47
208765,3207,TBWG2,COMPRA,155,61.3580,6.4518,2026-08-05 13:29:57,2026-08-05 13:30:00,2026-08-05 13:30:00
208766,3076,NUJZ2,COMPRA,335,35.6791,6.1113,2026-08-05 13:16:20,2026-08-05 13:16:20,2026-08-05 13:16:20
208767,2730,LGKU6,COMPRA,205,90.6070,11.8917,2026-08-05 16:20:12,2026-08-05 16:20:12,2026-08-05 16:20:12
208768,1563,QEUC2,COMPRA,65,151.9068,5.9245,2026-08-05 17:13:21,2026-08-05 17:13:23,2026-08-05 17:13:23
208769,2055,QHFL8,COMPRA,270,177.7778,,2026-08-05 16:01:28,2026-08-05 16:01:29,2026-08-05 16:01:29
208770,1563,AYFQ2,COMPRA,415,10.9518,10.8426,2026-08-05 13:19:01,2026-08-05 13:19:01,2026-08-05 13:19:01
208771,2526,GFDF2,COMPRA,365,87.5058,4.4995,2026-08-05 14:39:12,2026-08-05 14:39:13,2026-08-05 14:39:13
208772,1514,BOCS8,COMPRA,145,51.0494,7.5689,2026-08-05 16:47:31,2026-08-05 16:47:34,2026-08-05 16:47:34
208773,3210,UFIU3,COMPRA,338,105.5849,7.5795,2026-08-05 14:03:04,2026-08-05 14:03:04,2026-08-05 14:03:04
208774,1722,RFNS7,COMPRA,465,99.5554,2.6224,2026-08-05 17:05:39,2026-08-05 17:05:40,2026-08-05 17:05:40
208775,2907,NWGB4,COMPRA,440,131.5579,3.3826,2026-08-05 14:36:39,2026-08-05 14:36:42,2026-08-05 14:36:42
208776,1237,BGNM6,COMPRA,295,103.4899,11.2597,2026-08-05 10:35:07,2026-08-05 10:35:10,2026-08-05 10:35:10
208777,1711,XPVA7,COMPRA,320,435.8275,4.9686,2026-08-05 10:26:42,2026-08-05 10:26:44,2026-08-05 10:26:44
208778,2207,UYFJ9,COMPRA,390,74.6377,10.4827,2026-08-05 12:04:52,2026-08-05 12:04:52,2026-08-05 12:04:52
208779,1895,YFAH5,COMPRA,236,164.7083,5.1529,2026-08-05 14:16:28,2026-08-05 14:16:30,2026-08-05 14:16:30
208780,1073,ZAAS7,COMPRA,145,453.5968,12.4343,2026-08-05 13:57:08,2026-08-05 13:57:11,2026-08-05 13:57:11
208781,2370,OVUQ2,COMPRA,210,38.6987,7.3593,2026-08-05 10:08:11,2026-08-05 10:08:13,2026-08-05 10:08:13
208782,1532,QYBV3,COMPRA,10,78.6859,1.6928,2026-08-05 15:34:48,2026-08-05 15:34:48,2026-08-05 15:34:48
208783,3287,PZUP8,COMPRA,60,130.0565,0.7275,2026-08-05 13:19:52,2026-08-05 13:19:52,2026-08-05 13:19:52
208784,3270,TBWG2,COMPRA,355,69.2266,4.7926,2026-08-05 11:29:24,2026-08-05 11:29:25,2026-08-05 11:29:25
208785,1960,JIPR4,COMPRA,375,33.1854,2.8576,2026-08-05 11:01:45,2026-08-05 11:01:47,2026-08-05 11:01:47
208786,3217,UVEY5,COMPRA,144,86.1771,5.9189,2026-08-05 14:02:58,2026-08-05 14:03:00,2026-08-05 14:03:00
208787,1957,HCLJ8,COMPRA,295,118.1881,2.4000,2026-08-05 12:42:40,2026-08-05 12:42:43,2026-08-05 12:42:43
208788,1444,LQML9,COMPRA,338,123.1645,8.0010,2026-08-05 16:30:58,2026-08-05 16:30:59,2026-08-05 16:30:59
208789,2042,MCMT2,COMPRA,347,90.1496,7.2621,2026-08-05 14:13:03,2026-08-05 14:13:05,2026-08-05 14:13:05
208790,1849,AAWB3,COMPRA,225,194.3692,10.4758,2026-08-05 13:52:46,2026-08-05 13:52:46,2026-08-05 13:52:46
208791,2050,QHFL8,COMPRA,290,139.8771,8.6666,2026-08-05 15:11:26,2026-08-05 15:11:27,2026-08-05 15:11:27
208792,2950,TVCE9,COMPRA,410,83.2284,6.0462,2026-08-05 12:26:33,2026-08-05 12:26:35,2026-08-05 12:26:35
208793,1478,YOWA1,COMPRA,160,66.4909,3.6540,2026-08-05 15:14:57,2026-08-05 15:15:00,2026-08-05 15:15:00
208794,1531,NPEM3,COMPRA,410,79.3418,7.0665,2026-08-05 10:08:09,2026-08-05 10:08:10,2026-08-05 10:08:10
208795,1724,UQJU7,COMPRA,10,60.0000,1.7297,2026-08-05 14:51:02,2026-08-05 14:51:02,2026-08-05 14:51:02
208796,3317,QHFL8,COMPRA,385,177.5930,11.7378,2026-08-05 16:38:46,2026-08-05 16:38:47,2026-08-05 16:38:47
208797,1887,JUDG8,COMPRA,465,77.9381,4.4228,2026-08-05 12:13:34,2026-08-05 12:13:35,2026-08-05 12:13:35
208798,2713,MOLF3,COMPRA,300,42.2612,7.6481,2026-08-05 12:47:04,2026-08-05 12:47:07,2026-08-05 12:47:07
208799,2295,KQEO3,COMPRA,92,82.6854,5.0712,2026-08-05 16:34:38,2026-08-05 16:34:41,2026-08-05 16:34:41
208800,3216,OXVD8,COMPRA,240,87.7411,1.2576,2026-08-05 16:02:26,2026-08-05 16:02:26,2026-08-05 16:02:26
208801,1436,OVYL9,COMPRA,450,75.9393,2.4220,2026-08-05 15:27:56,2026-08-05 15:27:58,2026-08-05 15:27:58
208802,1013,BXFJ9,COMPRA,370,184.6454,2.0864,2026-08-05 15:37:08,2026-08-05 15:37:11,2026-08-05 15:37:11
208803,2140,TVCE9,COMPRA,9,60.2406,7.1129,2026-08-05 10:50:15,2026-08-05 10:50:16,2026-08-05 10:50:16
208804,3233,QEUC2,COMPRA,220,171.4126,7.4216,2026-08-05 15:19:53,2026-08-05 15:19:56,2026-08-05 15:19:56
208805,1130,IPXK2,COMPRA,310,249.3738,7.1678,2026-08-05 14:03:26,2026-08-05 14:03:29,2026-08-05 14:03:29
208806,1029,XLZM9,COMPRA,495,40.9529,3.6257,2026-08-05 10:55:23,2026-08-05 10:55:24,2026-08-05 10:55:24
208807,3389,MGRR2,COMPRA,180,135.3338,5.7901,2026-08-05 16:51:55,2026-08-05 16:51:55,2026-08-05 16:51:55
208808,3393,GFDF2,COMPRA,138,70.9680,9.2497,2026-08-05 11:06:10,2026-08-05 11:06:13,2026-08-05 11:06:13
208809,2600,IWFI1,COMPRA,425,129.0832,7.3770,2026-08-05 10:10:03,2026-08-05 10:10:04,2026-08-05 10:10:04
208810,3085,ZAAS7,COMPRA,180,316.8520,1.9004,2026-08-05 11:51:05,2026-08-05 11:51:08,2026-08-05 11:51:08
208811,3483,HVEX2,COMPRA,410,136.2882,6.6988,2026-08-05 12:54:28,2026-08-05 12:54:30,2026-08-05 12:54:30
208812,1146,JUDG8,COMPRA,125,99.8021,7.5363,2026-08-05 15:09:41,2026-08-05 15:09:43,2026-08-05 15:09:43
208813,1384,XAVL3,COMPRA,290,184.0193,10.9106,2026-08-05 13:58:12,2026-08-05 13:58:15,2026-08-05 13:58:15
208814,2012,QQQS1,COMPRA,295,27.0048,11.6904,2026-08-05 10:41:49,2026-08-05 10:41:51,2026-08-05 10:41:51
208815,2670,MCMT2,COMPRA,419,72.5515,7.1313,2026-08-05 11:04:52,2026-08-05 11:04:53,2026-08-05 11:04:53
208816,2235,BGNM6,COMPRA,319,118.3981,7.7483,2026-08-05 15:15:39,2026-08-05 15:15:40,2026-08-05 15:15:40
208817,1517,XLZM9,COMPRA,210,55.2432,7.2295,2026-08-05 10:43:45,2026-08-05 10:43:46,2026-08-05 10:43:46
208818,2081,AAWB3,COMPRA,335,182.2060,11.1465,2026-08-05 15:03:05,2026-08-05 15:03:07,2026-08-05 15:03:07
208819,2175,MCHX2,COMPRA,30,125.3592,5.7509,2026-08-05 10:43:27,2026-08-05 10:43:27,2026-08-05 10:43:27
208820,2672,WMQZ6,COMPRA,180,62.8072,7.8837,2026-08-05 12:45:54,2026-08-05 12:45:57,2026-08-05 12:45:57
208821,3128,ZHTL2,COMPRA,195,67.6274,0.2082,2026-08-05 16:49:28,2026-08-05 16:49:30,2026-08-05 16:49:30
208822,2353,NHYK8,COMPRA,124,64.9664,4.7187,2026-08-05 11:38:31,2026-08-05 11:38:32,2026-08-05 11:38:32
208823,2004,LQML9,COMPRA,230,140.9856,8.3722,2026-08-05 10:32:53,2026-08-05 10:32:53,2026-08-05 10:32:53
208824,1685,FIUW1,COMPRA,420,130.6769,9.0140,2026-08-05 16:42:24,2026-08-05 16:42:24,2026-08-05 16:42:24
208825,2379,FYZB6,COMPRA,270,81.2309,7.3766,2026-08-05 15:41:13,2026-08-05 15:41:15,2026-08-05 15:41:15
208826,2038,OXVD8,COMPRA,205,86.1744,11.9190,2026-08-05 10:59:27,2026-08-05 10:59:28,2026-08-05 10:59:28
208827,1818,WXQM6,COMPRA,325,49.6810,7.4063,2026-08-05 14:10:39,2026-08-05 14:10:40,2026-08-05 14:10:40
208828,3446,LQML9,COMPRA,165,112.7871,0.8112,2026-08-05 11:42:14,2026-08-05 11:42:16,2026-08-05 11:42:16
208829,2858,AAWB3,COMPRA,490,134.2458,4.9520,2026-08-05 12:38:25,2026-08-05 12:38:25,2026-08-05 12:38:25
208830,3261,WMQZ6,COMPRA,470,81.2996,1.4877,2026-08-05 11:56:28,2026-08-05 11:56:28,2026-08-05 11:56:28
208831,1033,CQJZ4,COMPRA,460,82.4753,12.4454,2026-08-05 16:08:28,2026-08-05 16:08:29,2026-08-05 16:08:29
208832,2959,MOLF3,COMPRA,455,41.4838,3.6563,2026-08-05 13:57:13,2026-08-05 13:57:16,2026-08-05 13:57:16
208833,1430,LGKU6,COMPRA,50,86.6005,4.8931,2026-08-05 10:20:00,2026-08-05 10:20:00,2026-08-05 10:20:00
208834,1604,GKQC5,COMPRA,20,130.7551,11.7428,2026-08-05 17:25:09,2026-08-05 17:25:10,2026-08-05 17:25:10
208835,2205,TXHR8,COMPRA,155,101.2973,5.1221,2026-08-05 14:32:09,2026-08-05 14:32:12,2026-08-05 14:32:12
208836,2697,QEUC2,COMPRA,30,180.1858,0.0050,2026-08-05 16:51:46,2026-08-05 16:51:48,2026-08-05 16:51:48
208837,2937,MJDL9,COMPRA,395,27.5423,11.9716,2026-08-05 10:26:59,2026-08-05 10:27:00,2026-08-05 10:27:00
208838,1957,AYFQ2,COMPRA,195,11.2853,9.1243,2026-08-05 17:20:57,2026-08-05 17:20:59,2026-08-05 17:20:59
208839,1616,RHXV4,COMPRA,320,55.8966,10.5694,2026-08-05 17:18:46,2026-08-05 17:18:47,2026-08-05 17:18:47
208840,2168,XAVL3,COMPRA,191,200.9343,11.7455,2026-08-05 11:03:00,2026-08-05 11:03:01,2026-08-05 11:03:01
208841,1364,YCCK8,COMPRA,160,388.7462,6.1947,2026-08-05 14:56:49,2026-08-05 14:56:51,2026-08-05 14:56:51
208842,2985,OVUQ2,COMPRA,270,56.2928,5.7913,2026-08-05 15:40:36,2026-08-05 15:40:38,2026-08-05 15:40:38
208843,2445,SVOZ4,COMPRA,289,34.6672,6.5429,2026-08-05 14:25:35,2026-08-05 14:25:35,2026-08-05 14:25:35
208844,1574,DMTZ8,COMPRA,245,131.9964,3.6608,2026-08-05 14:08:00,2026-08-05 14:08:02,2026-08-05 14:08:02
208845,3392,HCLJ8,COMPRA,429,132.9714,3.3281,2026-08-05 14:57:24,2026-08-05 14:57:27,2026-08-05 14:57:27
208846,2188,RMRT1,COMPRA,435,118.5994,10.1161,2026-08-05 16:10:03,2026-08-05 16:10:03,2026-08-05 16:10:03
208847,2423,RYPL6,COMPRA,436,98.2498,2.5089,2026-08-05 15:25:16,2026-08-05 15:25:18,2026-08-05 15:25:18
208848,3002,SGBG8,COMPRA,100,87.4952,6.8974,2026-08-05 13:26:37,2026-08-05 13:26:39,2026-08-05 13:26:39
208849,1689,DHRM5,COMPRA,90,279.7261,5.6901,2026-08-05 11:48:59,2026-08-05 11:49:01,2026-08-05 11:49:01
208850,1244,QEUC2,COMPRA,390,144.3252,1.8285,2026-08-05 10:41:50,2026-08-05 10:41:52,2026-08-05 10:41:52
208851,1824,TBWG2,COMPRA,60,77.1145,1.1555,2026-08-05 10:23:31,2026-08-05 10:23:34,2026-08-05 10:23:34
208852,2211,MCHX2,COMPRA,230,117.5796,2.4275,2026-08-05 14:55:59,2026-08-05 14:56:00,2026-08-05 14:56:00
208853,2583,RHXV4,COMPRA,330,67.8315,1.8809,2026-08-05 12:36:27,2026-08-05 12:36:30,2026-08-05 12:36:30
208854,1795,VLEB3,COMPRA,344,491.7700,9.5378,2026-08-05 16:08:34,2026-08-05 16:08:35,2026-08-05 16:08:35
208855,2238,NGIU9,COMPRA,255,127.1561,10.2624,2026-08-05 10:37:09,2026-08-05 10:37:09,2026-08-05 10:37:09
208856,1451,PZUP8,COMPRA,40,183.3798,5.4700,2026-08-05 12:38:37,2026-08-05 12:38:40,2026-08-05 12:38:40
208857,2377,QQQS1,COMPRA,165,20.6157,10.0231,2026-08-05 16:27:03,2026-08-05 16:27:05,2026-08-05 16:27:05
208858,2120,NAOF3,COMPRA,5,66.1004,8.9531,2026-08-05 16:32:39,2026-08-05 16:32:40,2026-08-05 16:32:40
208859,1577,TVCE9,COMPRA,30,81.4909,5.8197,2026-08-05 14:53:47,2026-08-05 14:53:49,2026-08-05 14:53:49
208860,3386,SRDU1,COMPRA,475,66.9330,8.1276,2026-08-05 13:32:47,2026-08-05 13:32:49,2026-08-05 13:32:49
208861,1789,LQML9,COMPRA,490,120.1141,3.8220,2026-08-05 12:33:27,2026-08-05 12:33:30,2026-08-05 12:33:30
208862,1967,UYFJ9,COMPRA,190,104.8224,6.7110,2026-08-05 14:40:06,2026-08-05 14:40:07,2026-08-05 14:40:07
208863,1128,MGRR2,COMPRA,15,146.4600,12.8084,2026-08-05 16:58:58,2026-08-05 16:59:01,2026-08-05 16:59:01
208864,2758,JIPR4,COMPRA,480,27.7514,3.9463,2026-08-05 11:58:40,2026-08-05 11:58:42,2026-08-05 11:58:42
208865,1956,XPVA7,COMPRA,485,451.2172,10.5146,2026-08-05 16:52:55,2026-08-05 16:52:57,2026-08-05 16:52:57
208866,1844,WXFC8,COMPRA,110,96.7615,8.7631,2026-08-05 15:54:57,2026-08-05 15:54:59,2026-08-05 15:54:59
208867,2392,QTHQ1,COMPRA,60,22.4200,3.5256,2026-08-05 17:22:40,2026-08-05 17:22:41,2026-08-05 17:22:41
208868,1329,MGRR2,COMPRA,201,153.9589,2.2156,2026-08-05 10:10:01,2026-08-05 10:10:03,2026-08-05 10:10:03
208869,3140,UQJU7,COMPRA,315,77.4417,0.3361,2026-08-05 10:47:50,2026-08-05 10:47:50,2026-08-05 10:47:50
208870,1608,MCMT2,COMPRA,60,73.6496,8.9848,2026-08-05 15:18:27,2026-08-05 15:18:28,2026-08-05 15:18:28
208871,1573,DEGN5,COMPRA,425,103.7771,9.3595,2026-08-05 10:59:37,2026-08-05 10:59:39,2026-08-05 10:59:39
208872,2761,DHRM5,COMPRA,195,372.0342,8.6011,2026-08-05 13:24:44,2026-08-05 13:24:44,2026-08-05 13:24:44
208873,1546,XOVY4,COMPRA,45,110.7962,5.0374,2026-08-05 12:16:00,2026-08-05 12:16:03,2026-08-05 12:16:03
208874,3365,YYLA4,COMPRA,495,146.6679,10.1287,2026-08-05 14:46:21,2026-08-05 14:46:21,2026-08-05 14:46:21
208875,1790,KFSY2,COMPRA,191,105.5837,1.1087,2026-08-05 13:04:04,2026-08-05 13:04:06,2026-08-05 13:04:06
