id_conta,id_cliente,perfil_investidor,data_abertura,created_at,updated_at
1001,5001,CONSERVADOR,2025-07-26,2025-07-26 12:20:46,2025-07-26 12:20:46
1002,5002,CONSERVADOR,2026-04-06,2026-04-06 15:09:12,2026-04-06 15:09:12
1003,5003,CONSERVADOR,2023-06-19,2023-06-19 11:31:16,2023-06-19 11:31:16
1004,5004,ARROJADO,2025-01-05,2025-01-05 17:23:38,2025-01-05 17:23:38
1005,5005,ARROJADO,2025-08-10,2025-08-10 09:50:05,2025-08-10 09:50:05
1006,5006,MODERADO,2024-12-21,2024-12-21 10:27:52,2024-12-21 10:27:52
1007,5007,CONSERVADOR,2023-12-13,2023-12-13 16:07:16,2023-12-13 16:07:16
1008,5008,MODERADO,2023-03-14,2023-03-14 15:14:17,2023-03-14 15:14:17
1009,5009,CONSERVADOR,2026-03-29,2026-03-29 16:51:06,2026-03-29 16:51:06
1010,5010,MODERADO,2023-10-22,2023-10-22 08:57:01,2023-10-22 08:57:01
1011,5011,MODERADO,2023-06-17,2023-06-17 14:02:46,2023-06-17 14:02:46
1012,5012,MODERADO,2025-12-22,2025-12-22 14:14:00,2025-12-22 14:14:00
1013,5013,CONSERVADOR,2025-04-11,2025-04-11 09:35:32,2025-04-11 09:35:32
1014,5014,MODERADO,2024-06-13,2024-06-13 13:56:20,2024-06-13 13:56:20
1015,5015,MODERADO,2024-12-28,2024-12-28 09:01:15,2024-12-28 09:01:15
1016,5015,CONSERVADOR,2024-05-06,2024-05-06 16:34:45,2024-05-06 16:34:45
1017,5016,ARROJADO,2024-12-10,2024-12-10 08:53:41,2024-12-10 08:53:41
1018,5017,CONSERVADOR,2025-10-01,2025-10-01 14:36:49,2025-10-01 14:36:49
1019,5018,CONSERVADOR,2023-10-12,2023-10-12 17:28:00,2023-10-12 17:28:00
1020,5019,ARROJADO,2023-06-06,2023-06-06 11:47:11,2023-06-06 11:47:11
1021,5020,CONSERVADOR,2025-05-03,2025-05-03 13:47:50,2025-05-03 13:47:50
1022,5020,CONSERVADOR,2026-01-31,2026-01-31 13:49:08,2026-01-31 13:49:08
1023,5021,CONSERVADOR,2024-09-05,2024-09-05 12:46:08,2024-09-05 12:46:08
1024,5022,CONSERVADOR,2024-10-24,2024-10-24 13:36:42,2024-10-24 13:36:42
1025,5023,MODERADO,2024-09-30,2024-09-30 17:59:33,2024-09-30 17:59:33
1026,5024,MODERADO,2025-08-18,2025-08-18 10:19:13,2025-08-18 10:19:13
1027,5025,MODERADO,2026-03-26,2026-03-26 08:32:50,2026-03-26 08:32:50
1028,5025,ARROJADO,2025-04-23,2025-04-23 17:25:06,2025-04-23 17:25:06
1029,5026,CONSERVADOR,2023-03-16,2023-03-16 09:42:35,2023-03-16 09:42:35
1030,5027,MODERADO,2025-06-06,2025-06-06 18:23:58,2025-06-06 18:23:58
1031,5028,ARROJADO,2024-04-15,2024-04-15 10:55:13,2024-04-15 10:55:13
1032,5029,ARROJADO,2025-03-29,2025-03-29 11:22:34,2025-03-29 11:22:34
1033,5029,ARROJADO,2023-04-23,2023-04-23 17:01:36,2023-04-23 17:01:36
1034,5030,ARROJADO,2026-06-16,2026-06-16 17:29:39,2026-06-16 17:29:39
1035,5031,ARROJADO,2026-07-03,2026-07-03 18:18:39,2026-07-03 18:18:39
1036,5032,MODERADO,2023-12-15,2023-12-15 09:28:44,2023-12-15 09:28:44
1037,5033,CONSERVADOR,2025-09-20,2025-09-20 09:59:47,2025-09-20 09:59:47
1038,5034,MODERADO,2023-12-16,2023-12-16 09:12:10,2023-12-16 09:12:10
1039,5035,ARROJADO,2025-05-05,2025-05-05 14:54:41,2025-05-05 14:54:41
1040,5036,CONSERVADOR,2023-06-04,2023-06-04 10:29:32,2023-06-04 10:29:32
1041,5037,MODERADO,2025-11-09,2025-11-09 15:43:11,2025-11-09 15:43:11
1042,5038,CONSERVADOR,2024-06-04,2024-06-04 09:33:26,2024-06-04 09:33:26
1043,5039,CONSERVADOR,2023-02-16,2023-02-16 12:11:20,2023-02-16 12:11:20
1044,5040,CONSERVADOR,2025-05-23,2025-05-23 13:28:57,2025-05-23 13:28:57
1045,5041,CONSERVADOR,2024-12-07,2024-12-07 10:56:01,2024-12-07 10:56:01
1046,5042,MODERADO,2025-07-09,2025-07-09 11:09:00,2025-07-09 11:09:00
1047,5043,MODERADO,2025-11-04,2025-11-04 18:25:15,2025-11-04 18:25:15
1048,5044,MODERADO,2026-07-12,2026-07-12 14:53:49,2026-07-12 14:53:49
1049,5045,MODERADO,2023-09-27,2023-09-27 17:31:08,2023-09-27 17:31:08
1050,5046,MODERADO,2026-02-24,2026-02-24 15:38:42,2026-02-24 15:38:42
1051,5047,MODERADO,2025-10-27,2025-10-27 13:15:33,2025-10-27 13:15:33
1052,5048,MODERADO,2024-09-19,2024-09-19 10:11:21,2024-09-19 10:11:21
1053,5049,CONSERVADOR,2023-07-05,2023-07-05 13:50:03,2023-07-05 13:50:03
1054,5049,ARROJADO,2023-04-26,2023-04-26 10:52:19,2023-04-26 10:52:19
1055,5050,MODERADO,2025-04-20,2025-04-20 12:26:35,2025-04-20 12:26:35
1056,5050,MODERADO,2023-07-21,2023-07-21 11:05:39,2023-07-21 11:05:39
1057,5051,MODERADO,2023-06-10,2023-06-10 17:01:38,2023-06-10 17:01:38
1058,5052,MODERADO,2024-09-09,2024-09-09 09:03:13,2024-09-09 09:03:13
1059,5052,MODERADO,2025-06-26,2025-06-26 17:25:22,2025-06-26 17:25:22
1060,5053,MODERADO,2026-07-29,2026-07-29 11:05:17,2026-07-29 11:05:17
1061,5054,CONSERVADOR,2024-01-27,2024-01-27 09:27:37,2024-01-27 09:27:37
1062,5055,MODERADO,2023-10-06,2023-10-06 10:44:58,2023-10-06 10:44:58
1063,5055,CONSERVADOR,2023-10-27,2023-10-27 17:56:09,2023-10-27 17:56:09
1064,5056,MODERADO,2025-05-30,2025-05-30 15:58:47,2025-05-30 15:58:47
1065,5057,CONSERVADOR,2025-12-19,2025-12-19 17:21:18,2025-12-19 17:21:18
1066,5058,MODERADO,2023-03-25,2023-03-25 17:55:34,2023-03-25 17:55:34
1067,5059,MODERADO,2025-08-13,2025-08-13 16:26:39,2025-08-13 16:26:39
1068,5060,ARROJADO,2025-09-14,2025-09-14 15:02:13,2025-09-14 15:02:13
1069,5061,ARROJADO,2026-01-27,2026-01-27 16:35:03,2026-01-27 16:35:03
1070,5062,CONSERVADOR,2023-12-04,2023-12-04 17:17:01,2023-12-04 17:17:01
1071,5063,CONSERVADOR,2023-08-16,2023-08-16 18:01:42,2023-08-16 18:01:42
1072,5064,MODERADO,2024-04-19,2024-04-19 11:27:27,2024-04-19 11:27:27
1073,5065,CONSERVADOR,2023-08-25,2023-08-25 13:36:02,2023-08-25 13:36:02
1074,5066,CONSERVADOR,2025-05-24,2025-05-24 16:20:35,2025-05-24 16:20:35
1075,5067,CONSERVADOR,2024-01-25,2024-01-25 15:58:10,2024-01-25 15:58:10
1076,5068,MODERADO,2026-05-20,2026-05-20 11:46:44,2026-05-20 11:46:44
1077,5069,ARROJADO,2026-05-31,2026-05-31 11:53:11,2026-05-31 11:53:11
1078,5070,CONSERVADOR,2023-07-12,2023-07-12 13:05:02,2023-07-12 13:05:02
1079,5071,CONSERVADOR,2024-06-26,2024-06-26 17:40:28,2024-06-26 17:40:28
1080,5071,ARROJADO,2025-01-31,2025-01-31 18:15:40,2025-01-31 18:15:40
1081,5072,ARROJADO,2024-11-04,2024-11-04 10:00:40,2024-11-04 10:00:40
1082,5073,MODERADO,2023-03-16,2023-03-16 13:15:27,2023-03-16 13:15:27
1083,5074,MODERADO,2023-08-14,2023-08-14 18:06:58,2023-08-14 18:06:58
1084,5075,CONSERVADOR,2024-04-27,2024-04-27 09:55:28,2024-04-27 09:55:28
1085,5076,CONSERVADOR,2024-07-19,2024-07-19 14:44:13,2024-07-19 14:44:13
1086,5077,ARROJADO,2025-02-17,2025-02-17 17:37:56,2025-02-17 17:37:56
1087,5077,ARROJADO,2025-06-22,2025-06-22 18:21:14,2025-06-22 18:21:14
1088,5078,CONSERVADOR,2025-06-12,2025-06-12 08:22:49,2025-06-12 08:22:49
1089,5079,ARROJADO,2023-03-17,2023-03-17 08:54:20,2023-03-17 08:54:20
1090,5080,ARROJADO,2024-10-29,2024-10-29 12:59:03,2024-10-29 12:59:03
1091,5081,CONSERVADOR,2025-11-12,2025-11-12 08:21:11,2025-11-12 08:21:11
1092,5081,CONSERVADOR,2026-04-08,2026-04-08 09:31:27,2026-04-08 09:31:27
1093,5082,ARROJADO,2025-03-25,2025-03-25 10:36:23,2025-03-25 10:36:23
1094,5083,CONSERVADOR,2025-11-03,2025-11-03 11:26:53,2025-11-03 11:26:53
1095,5084,MODERADO,2024-07-23,2024-07-23 08:55:57,2024-07-23 08:55:57
1096,5085,CONSERVADOR,2024-01-22,2024-01-22 12:29:58,2024-01-22 12:29:58
1097,5086,MODERADO,2025-08-05,2025-08-05 15:18:38,2025-08-05 15:18:38
1098,5087,CONSERVADOR,2025-01-20,2025-01-20 13:39:29,2025-01-20 13:39:29
1099,5088,ARROJADO,2023-11-03,2023-11-03 18:14:10,2023-11-03 18:14:10
1100,5088,CONSERVADOR,2026-03-11,2026-03-11 09:11:12,2026-03-11 09:11:12
1101,5089,MODERADO,2023-11-08,2023-11-08 16:54:47,2023-11-08 16:54:47
1102,5090,CONSERVADOR,2023-03-22,2023-03-22 09:26:20,2023-03-22 09:26:20
1103,5091,CONSERVADOR,2025-01-11,2025-01-11 18:32:14,2025-01-11 18:32:14
1104,5092,CONSERVADOR,2025-01-28,2025-01-28 14:32:07,2025-01-28 14:32:07
1105,5093,ARROJADO,2026-05-14,2026-05-14 13:08:55,2026-05-14 13:08:55
1106,5094,CONSERVADOR,2024-02-02,2024-02-02 18:33:16,2024-02-02 18:33:16
1107,5095,MODERADO,2024-04-16,2024-04-16 17:09:04,2024-04-16 17:09:04
1108,5096,CONSERVADOR,2023-04-09,2023-04-09 13:16:48,2023-04-09 13:16:48
1109,5097,CONSERVADOR,2024-07-15,2024-07-15 08:15:22,2024-07-15 08:15:22
1110,5098,ARROJADO,2025-09-19,2025-09-19 10:29:26,2025-09-19 10:29:26
1111,5098,ARROJADO,2023-06-20,2023-06-20 08:42:36,2023-06-20 08:42:36
1112,5099,MODERADO,2023-04-13,2023-04-13 12:41:53,2023-04-13 12:41:53
1113,5100,CONSERVADOR,2023-08-12,2023-08-12 09:28:08,2023-08-12 09:28:08
1114,5101,ARROJADO,2025-09-07,2025-09-07 12:07:50,2025-09-07 12:07:50
1115,5102,CONSERVADOR,2024-06-15,2024-06-15 09:57:55,2024-06-15 09:57:55
1116,5103,CONSERVADOR,2024-10-22,2024-10-22 17:19:05,2024-10-22 17:19:05
1117,5103,ARROJADO,2025-01-21,2025-01-21 16:41:31,2025-01-21 16:41:31
1118,5104,CONSERVADOR,2023-04-27,2023-04-27 13:10:36,2023-04-27 13:10:36
1119,5105,CONSERVADOR,2026-01-13,2026-01-13 14:36:21,2026-01-13 14:36:21
1120,5106,CONSERVADOR,2025-11-18,2025-11-18 11:04:09,2025-11-18 11:04:09
1121,5107,ARROJADO,2024-11-22,2024-11-22 17:32:29,2024-11-22 17:32:29
1122,5108,MODERADO,2023-12-12,2023-12-12 10:39:46,2023-12-12 10:39:46
1123,5108,CONSERVADOR,2024-03-15,2024-03-15 14:34:40,2024-03-15 14:34:40
1124,5109,CONSERVADOR,2024-01-28,2024-01-28 13:50:37,2024-01-28 13:50:37
1125,5110,MODERADO,2023-01-25,2023-01-25 13:34:23,2023-01-25 13:34:23
1126,5111,MODERADO,2024-09-09,2024-09-09 11:02:17,2024-09-09 11:02:17
1127,5112,CONSERVADOR,2023-10-19,2023-10-19 08:54:14,2023-10-19 08:54:14
1128,5113,MODERADO,2024-10-30,2024-10-30 13:21:14,2024-10-30 13:21:14
1129,5114,CONSERVADOR,2026-06-19,2026-06-19 10:48:53,2026-06-19 10:48:53
1130,5114,CONSERVADOR,2024-11-16,2024-11-16 16:41:49,2024-11-16 16:41:49
1131,5115,ARROJADO,2024-10-09,2024-10-09 15:27:03,2024-10-09 15:27:03
1132,5116,CONSERVADOR,2026-04-29,2026-04-29 12:59:53,2026-04-29 12:59:53
1133,5116,CONSERVADOR,2025-01-06,2025-01-06 08:35:13,2025-01-06 08:35:13
1134,5117,ARROJADO,2025-05-07,2025-05-07 13:05:01,2025-05-07 13:05:01
1135,5118,MODERADO,2026-06-15,2026-06-15 10:33:57,2026-06-15 10:33:57
1136,5119,CONSERVADOR,2026-07-08,2026-07-08 13:37:50,2026-07-08 13:37:50
1137,5120,CONSERVADOR,2025-03-01,2025-03-01 11:45:47,2025-03-01 11:45:47
1138,5121,CONSERVADOR,2025-06-21,2025-06-21 11:48:10,2025-06-21 11:48:10
1139,5122,CONSERVADOR,2026-01-28,2026-01-28 14:33:12,2026-01-28 14:33:12
1140,5123,MODERADO,2025-10-03,2025-10-03 12:41:49,2025-10-03 12:41:49
1141,5124,ARROJADO,2024-05-29,2024-05-29 09:02:14,2024-05-29 09:02:14
1142,5125,CONSERVADOR,2025-12-25,2025-12-25 17:00:35,2025-12-25 17:00:35
1143,5126,CONSERVADOR,2025-11-14,2025-11-14 10:38:53,2025-11-14 10:38:53
1144,5126,MODERADO,2026-01-17,2026-01-17 12:14:38,2026-01-17 12:14:38
1145,5127,ARROJADO,2023-04-15,2023-04-15 11:53:37,2023-04-15 11:53:37
1146,5128,MODERADO,2025-04-14,2025-04-14 15:16:47,2025-04-14 15:16:47
1147,5129,MODERADO,2026-03-17,2026-03-17 17:58:29,2026-03-17 17:58:29
1148,5130,CONSERVADOR,2024-08-05,2024-08-05 08:52:06,2024-08-05 08:52:06
1149,5131,MODERADO,2023-05-03,2023-05-03 15:26:59,2023-05-03 15:26:59
1150,5131,MODERADO,2024-03-06,2024-03-06 12:36:49,2024-03-06 12:36:49
1151,5132,MODERADO,2023-10-02,2023-10-02 12:06:55,2023-10-02 12:06:55
1152,5133,MODERADO,2026-07-04,2026-07-04 11:43:47,2026-07-04 11:43:47
1153,5134,CONSERVADOR,2023-10-15,2023-10-15 10:06:26,2023-10-15 10:06:26
1154,5135,CONSERVADOR,2025-02-03,2025-02-03 15:56:42,2025-02-03 15:56:42
1155,5136,CONSERVADOR,2026-06-10,2026-06-10 17:13:09,2026-06-10 17:13:09
1156,5137,MODERADO,2024-05-17,2024-05-17 17:08:28,2024-05-17 17:08:28
1157,5138,CONSERVADOR,2025-01-31,2025-01-31 13:03:26,2025-01-31 13:03:26
1158,5139,CONSERVADOR,2024-06-22,2024-06-22 16:20:49,2024-06-22 16:20:49
1159,5140,ARROJADO,2023-12-01,2023-12-01 17:46:42,2023-12-01 17:46:42
1160,5141,MODERADO,2023-01-30,2023-01-30 15:14:20,2023-01-30 15:14:20
1161,5142,CONSERVADOR,2026-07-05,2026-07-05 18:23:35,2026-07-05 18:23:35
1162,5143,MODERADO,2025-08-27,2025-08-27 08:39:06,2025-08-27 08:39:06
1163,5144,CONSERVADOR,2025-07-22,2025-07-22 13:36:30,2025-07-22 13:36:30
1164,5144,CONSERVADOR,2026-05-14,2026-05-14 18:01:55,2026-05-14 18:01:55
1165,5145,MODERADO,2024-02-08,2024-02-08 18:54:36,2024-02-08 18:54:36
1166,5145,CONSERVADOR,2025-08-02,2025-08-02 14:46:41,2025-08-02 14:46:41
1167,5146,CONSERVADOR,2023-05-20,2023-05-20 14:37:22,2023-05-20 14:37:22
1168,5147,MODERADO,2025-06-29,2025-06-29 13:15:53,2025-06-29 13:15:53
1169,5148,MODERADO,2026-02-21,2026-02-21 18:06:41,2026-02-21 18:06:41
1170,5148,MODERADO,2024-07-10,2024-07-10 09:05:09,2024-07-10 09:05:09
1171,5149,ARROJADO,2025-05-08,2025-05-08 12:05:55,2025-05-08 12:05:55
1172,5150,MODERADO,2023-10-07,2023-10-07 16:37:57,2023-10-07 16:37:57
1173,5151,MODERADO,2025-09-03,2025-09-03 12:04:34,2025-09-03 12:04:34
1174,5152,CONSERVADOR,2024-06-19,2024-06-19 13:05:24,2024-06-19 13:05:24
1175,5153,MODERADO,2025-04-09,2025-04-09 08:52:22,2025-04-09 08:52:22
1176,5154,CONSERVADOR,2024-03-02,2024-03-02 13:31:00,2024-03-02 13:31:00
1177,5155,CONSERVADOR,2024-03-31,2024-03-31 09:32:05,2024-03-31 09:32:05
1178,5156,CONSERVADOR,2026-04-22,2026-04-22 14:08:22,2026-04-22 14:08:22
1179,5157,CONSERVADOR,2025-06-14,2025-06-14 15:10:30,2025-06-14 15:10:30
1180,5158,CONSERVADOR,2024-09-28,2024-09-28 15:52:48,2024-09-28 15:52:48
1181,5159,ARROJADO,2026-05-26,2026-05-26 14:48:03,2026-05-26 14:48:03
1182,5160,MODERADO,2024-12-02,2024-12-02 10:29:11,2024-12-02 10:29:11
1183,5161,CONSERVADOR,2025-12-24,2025-12-24 08:35:41,2025-12-24 08:35:41
1184,5162,MODERADO,2024-04-08,2024-04-08 15:12:09,2024-04-08 15:12:09
1185,5163,CONSERVADOR,2026-01-20,2026-01-20 13:04:33,2026-01-20 13:04:33
1186,5163,ARROJADO,2026-06-27,2026-06-27 17:57:45,2026-06-27 17:57:45
1187,5164,CONSERVADOR,2026-06-22,2026-06-22 09:35:42,2026-06-22 09:35:42
1188,5165,CONSERVADOR,2025-11-16,2025-11-16 16:07:20,2025-11-16 16:07:20
1189,5166,CONSERVADOR,2023-02-06,2023-02-06 11:10:32,2023-02-06 11:10:32
1190,5167,ARROJADO,2025-09-25,2025-09-25 16:26:05,2025-09-25 16:26:05
1191,5168,MODERADO,2026-04-10,2026-04-10 15:27:51,2026-04-10 15:27:51
1192,5169,CONSERVADOR,2023-04-23,2023-04-23 13:10:01,2023-04-23 13:10:01
1193,5170,ARROJADO,2024-11-27,2024-11-27 11:40:44,2024-11-27 11:40:44
1194,5171,CONSERVADOR,2024-09-15,2024-09-15 10:13:06,2024-09-15 10:13:06
1195,5172,CONSERVADOR,2023-11-19,2023-11-19 16:47:15,2023-11-19 16:47:15
1196,5172,CONSERVADOR,2023-05-07,2023-05-07 16:34:30,2023-05-07 16:34:30
1197,5173,CONSERVADOR,2023-11-23,2023-11-23 11:52:26,2023-11-23 11:52:26
1198,5174,MODERADO,2023-11-28,2023-11-28 11:37:33,2023-11-28 11:37:33
1199,5175,CONSERVADOR,2024-12-26,2024-12-26 09:36:50,2024-12-26 09:36:50
1200,5176,MODERADO,2023-04-10,2023-04-10 15:48:04,2023-04-10 15:48:04
1201,5177,MODERADO,2024-02-19,2024-02-19 14:56:35,2024-02-19 14:56:35
1202,5178,MODERADO,2024-06-28,2024-06-28 10:26:47,2024-06-28 10:26:47
1203,5179,CONSERVADOR,2024-03-03,2024-03-03 18:10:22,2024-03-03 18:10:22
1204,5180,MODERADO,2023-01-27,2023-01-27 16:25:23,2023-01-27 16:25:23
1205,5180,MODERADO,2024-10-22,2024-10-22 13:26:22,2024-10-22 13:26:22
1206,5181,MODERADO,2025-08-01,2025-08-01 10:19:47,2025-08-01 10:19:47
1207,5182,MODERADO,2025-03-29,2025-03-29 18:57:41,2025-03-29 18:57:41
1208,5183,CONSERVADOR,2024-03-11,2024-03-11 10:58:59,2024-03-11 10:58:59
1209,5184,ARROJADO,2024-01-31,2024-01-31 08:23:59,2024-01-31 08:23:59
1210,5185,CONSERVADOR,2023-02-18,2023-02-18 11:48:32,2023-02-18 11:48:32
1211,5185,CONSERVADOR,2024-06-27,2024-06-27 08:56:07,2024-06-27 08:56:07
1212,5186,ARROJADO,2024-12-17,2024-12-17 15:03:03,2024-12-17 15:03:03
1213,5187,ARROJADO,2024-11-25,2024-11-25 08:58:40,2024-11-25 08:58:40
1214,5188,MODERADO,2024-06-26,2024-06-26 14:43:33,2024-06-26 14:43:33
1215,5189,CONSERVADOR,2024-05-06,2024-05-06 14:17:30,2024-05-06 14:17:30
1216,5190,ARROJADO,2025-03-05,2025-03-05 09:20:11,2025-03-05 09:20:11
1217,5191,CONSERVADOR,2026-04-22,2026-04-22 10:48:07,2026-04-22 10:48:07
1218,5192,CONSERVADOR,2025-06-23,2025-06-23 09:28:04,2025-06-23 09:28:04
1219,5193,CONSERVADOR,2025-04-09,2025-04-09 11:17:28,2025-04-09 11:17:28
1220,5194,CONSERVADOR,2025-05-08,2025-05-08 11:11:23,2025-05-08 11:11:23
1221,5195,ARROJADO,2023-04-16,2023-04-16 17:26:21,2023-04-16 17:26:21
1222,5196,ARROJADO,2026-06-15,2026-06-15 15:02:48,2026-06-15 15:02:48
1223,5197,MODERADO,2023-01-04,2023-01-04 14:37:41,2023-01-04 14:37:41
1224,5197,CONSERVADOR,2026-02-27,2026-02-27 18:52:54,2026-02-27 18:52:54
1225,5198,CONSERVADOR,2024-09-06,2024-09-06 12:36:37,2024-09-06 12:36:37
1226,5199,ARROJADO,2025-10-29,2025-10-29 17:50:49,2025-10-29 17:50:49
1227,5200,MODERADO,2023-11-09,2023-11-09 10:34:02,2023-11-09 10:34:02
1228,5201,CONSERVADOR,2023-12-03,2023-12-03 13:23:11,2023-12-03 13:23:11
1229,5202,MODERADO,2026-05-25,2026-05-25 13:48:54,2026-05-25 13:48:54
1230,5203,MODERADO,2026-05-01,2026-05-01 13:15:01,2026-05-01 13:15:01
1231,5204,CONSERVADOR,2024-08-19,2024-08-19 11:58:06,2024-08-19 11:58:06
1232,5205,MODERADO,2024-12-17,2024-12-17 18:56:11,2024-12-17 18:56:11
1233,5205,ARROJADO,2023-03-28,2023-03-28 08:51:34,2023-03-28 08:51:34
1234,5206,ARROJADO,2026-01-14,2026-01-14 16:29:13,2026-01-14 16:29:13
1235,5207,CONSERVADOR,2023-02-24,2023-02-24 11:04:39,2023-02-24 11:04:39
1236,5208,MODERADO,2025-07-13,2025-07-13 08:49:52,2025-07-13 08:49:52
1237,5209,CONSERVADOR,2025-08-12,2025-08-12 13:09:14,2025-08-12 13:09:14
1238,5210,ARROJADO,2023-08-12,2023-08-12 14:48:29,2023-08-12 14:48:29
1239,5210,MODERADO,2026-07-12,2026-07-12 11:14:50,2026-07-12 11:14:50
1240,5211,CONSERVADOR,2024-03-07,2024-03-07 12:10:57,2024-03-07 12:10:57
1241,5212,ARROJADO,2023-06-04,2023-06-04 16:14:43,2023-06-04 16:14:43
1242,5213,CONSERVADOR,2025-07-13,2025-07-13 18:50:27,2025-07-13 18:50:27
1243,5214,MODERADO,2024-07-25,2024-07-25 17:02:25,2024-07-25 17:02:25
1244,5215,ARROJADO,2025-07-03,2025-07-03 18:55:03,2025-07-03 18:55:03
1245,5216,CONSERVADOR,2023-05-29,2023-05-29 12:36:47,2023-05-29 12:36:47
1246,5217,CONSERVADOR,2024-04-07,2024-04-07 12:14:52,2024-04-07 12:14:52
1247,5218,MODERADO,2026-01-16,2026-01-16 11:06:37,2026-01-16 11:06:37
1248,5219,MODERADO,2025-02-15,2025-02-15 16:10:53,2025-02-15 16:10:53
1249,5220,ARROJADO,2024-10-12,2024-10-12 15:42:01,2024-10-12 15:42:01
1250,5221,CONSERVADOR,2025-01-14,2025-01-14 14:13:26,2025-01-14 14:13:26
1251,5222,CONSERVADOR,2026-01-15,2026-01-15 08:26:41,2026-01-15 08:26:41
1252,5223,CONSERVADOR,2026-01-09,2026-01-09 11:34:46,2026-01-09 11:34:46
1253,5224,MODERADO,2024-08-11,2024-08-11 13:35:00,2024-08-11 13:35:00
1254,5225,CONSERVADOR,2026-01-27,2026-01-27 16:27:38,2026-01-27 16:27:38
1255,5226,MODERADO,2024-09-01,2024-09-01 13:12:57,2024-09-01 13:12:57
1256,5227,CONSERVADOR,2023-05-17,2023-05-17 18:58:06,2023-05-17 18:58:06
1257,5228,CONSERVADOR,2026-07-13,2026-07-13 16:28:54,2026-07-13 16:28:54
1258,5229,ARROJADO,2025-01-04,2025-01-04 14:40:06,2025-01-04 14:40:06
1259,5229,MODERADO,2024-08-05,2024-08-05 10:53:40,2024-08-05 10:53:40
1260,5230,CONSERVADOR,2025-01-25,2025-01-25 12:51:22,2025-01-25 12:51:22
1261,5231,CONSERVADOR,2024-06-18,2024-06-18 14:58:13,2024-06-18 14:58:13
1262,5231,MODERADO,2024-06-21,2024-06-21 08:14:39,2024-06-21 08:14:39
1263,5232,ARROJADO,2025-02-28,2025-02-28 12:15:48,2025-02-28 12:15:48
1264,5233,CONSERVADOR,2023-03-15,2023-03-15 08:18:51,2023-03-15 08:18:51
1265,5234,MODERADO,2024-10-02,2024-10-02 15:26:59,2024-10-02 15:26:59
1266,5235,ARROJADO,2025-10-26,2025-10-26 11:40:00,2025-10-26 11:40:00
1267,5236,ARROJADO,2023-03-28,2023-03-28 16:29:18,2023-03-28 16:29:18
1268,5237,CONSERVADOR,2024-03-26,2024-03-26 13:26:39,2024-03-26 13:26:39
1269,5238,CONSERVADOR,2025-03-03,2025-03-03 10:06:37,2025-03-03 10:06:37
1270,5239,CONSERVADOR,2025-11-14,2025-11-14 17:41:50,2025-11-14 17:41:50
1271,5240,CONSERVADOR,2025-03-01,2025-03-01 18:53:34,2025-03-01 18:53:34
1272,5241,CONSERVADOR,2025-07-12,2025-07-12 15:59:57,2025-07-12 15:59:57
1273,5242,CONSERVADOR,2023-01-15,2023-01-15 17:03:04,2023-01-15 17:03:04
1274,5243,MODERADO,2025-03-19,2025-03-19 13:47:23,2025-03-19 13:47:23
1275,5244,ARROJADO,2026-03-23,2026-03-23 10:09:05,2026-03-23 10:09:05
1276,5245,CONSERVADOR,2023-11-05,2023-11-05 12:45:25,2023-11-05 12:45:25
1277,5245,MODERADO,2025-02-01,2025-02-01 14:24:11,2025-02-01 14:24:11
1278,5246,CONSERVADOR,2023-02-03,2023-02-03 11:04:48,2023-02-03 11:04:48
1279,5247,MODERADO,2026-01-08,2026-01-08 10:13:57,2026-01-08 10:13:57
1280,5247,CONSERVADOR,2024-04-01,2024-04-01 16:21:19,2024-04-01 16:21:19
1281,5248,MODERADO,2024-07-12,2024-07-12 17:21:04,2024-07-12 17:21:04
1282,5248,MODERADO,2023-05-11,2023-05-11 15:51:38,2023-05-11 15:51:38
1283,5249,CONSERVADOR,2024-11-26,2024-11-26 10:14:40,2024-11-26 10:14:40
1284,5249,ARROJADO,2024-10-13,2024-10-13 08:01:46,2024-10-13 08:01:46
1285,5250,ARROJADO,2024-03-07,2024-03-07 08:15:23,2024-03-07 08:15:23
1286,5251,CONSERVADOR,2024-10-12,2024-10-12 15:59:55,2024-10-12 15:59:55
1287,5252,MODERADO,2023-10-25,2023-10-25 10:44:18,2023-10-25 10:44:18
1288,5253,CONSERVADOR,2024-04-02,2024-04-02 15:10:50,2024-04-02 15:10:50
1289,5254,CONSERVADOR,2023-03-07,2023-03-07 16:17:02,2023-03-07 16:17:02
1290,5255,CONSERVADOR,2023-06-30,2023-06-30 09:09:23,2023-06-30 09:09:23
1291,5256,CONSERVADOR,2024-01-07,2024-01-07 12:46:44,2024-01-07 12:46:44
1292,5257,ARROJADO,2025-12-17,2025-12-17 18:48:22,2025-12-17 18:48:22
1293,5258,MODERADO,2023-10-28,2023-10-28 16:53:20,2023-10-28 16:53:20
1294,5258,MODERADO,2025-07-22,2025-07-22 08:23:22,2025-07-22 08:23:22
1295,5259,MODERADO,2025-08-02,2025-08-02 10:55:42,2025-08-02 10:55:42
1296,5260,CONSERVADOR,2023-06-19,2023-06-19 09:24:18,2023-06-19 09:24:18
1297,5261,CONSERVADOR,2024-08-21,2024-08-21 12:42:31,2024-08-21 12:42:31
1298,5262,CONSERVADOR,2024-04-20,2024-04-20 10:58:45,2024-04-20 10:58:45
1299,5263,CONSERVADOR,2025-12-03,2025-12-03 13:49:45,2025-12-03 13:49:45
1300,5264,CONSERVADOR,2023-05-09,2023-05-09 09:58:00,2023-05-09 09:58:00
1301,5265,MODERADO,2023-02-19,2023-02-19 09:22:19,2023-02-19 09:22:19
1302,5265,CONSERVADOR,2023-07-18,2023-07-18 18:58:23,2023-07-18 18:58:23
1303,5266,CONSERVADOR,2025-06-22,2025-06-22 17:51:16,2025-06-22 17:51:16
1304,5267,CONSERVADOR,2023-02-26,2023-02-26 15:36:20,2023-02-26 15:36:20
1305,5268,MODERADO,2024-10-04,2024-10-04 14:59:06,2024-10-04 14:59:06
1306,5269,CONSERVADOR,2025-06-26,2025-06-26 09:01:22,2025-06-26 09:01:22
1307,5269,MODERADO,2026-01-26,2026-01-26 17:53:17,2026-01-26 17:53:17
1308,5270,ARROJADO,2023-11-20,2023-11-20 13:57:45,2023-11-20 13:57:45
1309,5271,CONSERVADOR,2023-09-25,2023-09-25 12:40:57,2023-09-25 12:40:57
1310,5272,ARROJADO,2023-08-20,2023-08-20 16:11:48,2023-08-20 16:11:48
1311,5273,ARROJADO,2025-10-11,2025-10-11 11:26:50,2025-10-11 11:26:50
1312,5274,CONSERVADOR,2023-01-07,2023-01-07 11:27:52,2023-01-07 11:27:52
1313,5274,ARROJADO,2023-10-01,2023-10-01 15:39:59,2023-10-01 15:39:59
1314,5275,MODERADO,2026-04-07,2026-04-07 13:36:18,2026-04-07 13:36:18
1315,5276,ARROJADO,2026-02-14,2026-02-14 16:24:04,2026-02-14 16:24:04
1316,5277,CONSERVADOR,2023-07-18,2023-07-18 12:21:20,2023-07-18 12:21:20
1317,5278,ARROJADO,2024-12-09,2024-12-09 15:10:38,2024-12-09 15:10:38
1318,5279,MODERADO,2025-03-08,2025-03-08 09:04:48,2025-03-08 09:04:48
1319,5280,ARROJADO,2023-06-19,2023-06-19 12:38:33,2023-06-19 12:38:33
1320,5280,CONSERVADOR,2024-10-30,2024-10-30 13:07:06,2024-10-30 13:07:06
1321,5281,ARROJADO,2024-12-22,2024-12-22 12:12:54,2024-12-22 12:12:54
1322,5281,CONSERVADOR,2024-09-05,2024-09-05 13:30:01,2024-09-05 13:30:01
1323,5282,CONSERVADOR,2023-02-27,2023-02-27 10:13:03,2023-02-27 10:13:03
1324,5283,ARROJADO,2026-05-24,2026-05-24 15:11:23,2026-05-24 15:11:23
1325,5284,ARROJADO,2024-12-08,2024-12-08 17:44:39,2024-12-08 17:44:39
1326,5285,CONSERVADOR,2025-01-27,2025-01-27 09:28:22,2025-01-27 09:28:22
1327,5286,MODERADO,2025-04-21,2025-04-21 17:26:43,2025-04-21 17:26:43
1328,5287,CONSERVADOR,2024-10-21,2024-10-21 16:46:48,2024-10-21 16:46:48
1329,5288,MODERADO,2024-09-24,2024-09-24 12:05:25,2024-09-24 12:05:25
1330,5289,CONSERVADOR,2023-04-30,2023-04-30 12:51:45,2023-04-30 12:51:45
1331,5290,CONSERVADOR,2026-02-04,2026-02-04 12:29:18,2026-02-04 12:29:18
1332,5291,CONSERVADOR,2025-03-06,2025-03-06 10:09:31,2025-03-06 10:09:31
1333,5292,MODERADO,2023-05-01,2023-05-01 14:46:51,2023-05-01 14:46:51
1334,5292,MODERADO,2025-11-27,2025-11-27 08:31:35,2025-11-27 08:31:35
1335,5293,CONSERVADOR,2025-05-11,2025-05-11 14:17:15,2025-05-11 14:17:15
1336,5294,MODERADO,2025-09-18,2025-09-18 11:00:25,2025-09-18 11:00:25
1337,5295,ARROJADO,2023-01-25,2023-01-25 16:11:07,2023-01-25 16:11:07
1338,5296,CONSERVADOR,2025-05-20,2025-05-20 16:08:48,2025-05-20 16:08:48
1339,5297,MODERADO,2024-12-03,2024-12-03 10:09:11,2024-12-03 10:09:11
1340,5298,MODERADO,2023-01-30,2023-01-30 11:49:35,2023-01-30 11:49:35
1341,5299,MODERADO,2023-01-29,2023-01-29 18:15:07,2023-01-29 18:15:07
1342,5300,CONSERVADOR,2026-06-05,2026-06-05 11:27:19,2026-06-05 11:27:19
1343,5301,ARROJADO,2026-03-17,2026-03-17 08:36:39,2026-03-17 08:36:39
1344,5301,MODERADO,2023-02-23,2023-02-23 13:12:26,2023-02-23 13:12:26
1345,5302,MODERADO,2023-05-21,2023-05-21 16:07:56,2023-05-21 16:07:56
1346,5303,CONSERVADOR,2024-07-06,2024-07-06 10:12:01,2024-07-06 10:12:01
1347,5304,CONSERVADOR,2023-11-12,2023-11-12 11:45:03,2023-11-12 11:45:03
1348,5305,MODERADO,2023-12-04,2023-12-04 12:16:27,2023-12-04 12:16:27
1349,5305,MODERADO,2024-04-09,2024-04-09 09:58:24,2024-04-09 09:58:24
1350,5306,ARROJADO,2024-06-25,2024-06-25 18:57:11,2024-06-25 18:57:11
1351,5306,CONSERVADOR,2026-01-01,2026-01-01 17:29:03,2026-01-01 17:29:03
1352,5307,CONSERVADOR,2023-11-04,2023-11-04 15:31:44,2023-11-04 15:31:44
1353,5308,CONSERVADOR,2023-01-17,2023-01-17 11:24:26,2023-01-17 11:24:26
1354,5309,CONSERVADOR,2024-11-12,2024-11-12 13:45:03,2024-11-12 13:45:03
1355,5309,CONSERVADOR,2023-01-19,2023-01-19 15:34:13,2023-01-19 15:34:13
1356,5310,CONSERVADOR,2024-09-11,2024-09-11 17:30:51,2024-09-11 17:30:51
1357,5311,CONSERVADOR,2023-04-08,2023-04-08 17:50:50,2023-04-08 17:50:50
1358,5312,CONSERVADOR,2024-11-06,2024-11-06 17:11:07,2024-11-06 17:11:07
1359,5313,CONSERVADOR,2023-12-26,2023-12-26 17:34:22,2023-12-26 17:34:22
1360,5314,MODERADO,2024-05-18,2024-05-18 08:28:16,2024-05-18 08:28:16
1361,5315,CONSERVADOR,2025-05-25,2025-05-25 08:17:52,2025-05-25 08:17:52
1362,5316,CONSERVADOR,2025-05-14,2025-05-14 15:27:00,2025-05-14 15:27:00
1363,5317,CONSERVADOR,2023-12-05,2023-12-05 17:48:28,2023-12-05 17:48:28
1364,5318,CONSERVADOR,2023-05-12,2023-05-12 14:50:58,2023-05-12 14:50:58
1365,5319,CONSERVADOR,2023-09-06,2023-09-06 13:00:27,2023-09-06 13:00:27
1366,5320,MODERADO,2023-05-21,2023-05-21 12:41:37,2023-05-21 12:41:37
1367,5321,ARROJADO,2026-05-22,2026-05-22 10:13:04,2026-05-22 10:13:04
1368,5322,MODERADO,2025-06-26,2025-06-26 12:40:26,2025-06-26 12:40:26
1369,5323,CONSERVADOR,2023-10-31,2023-10-31 09:52:56,2023-10-31 09:52:56
1370,5324,MODERADO,2025-10-06,2025-10-06 14:58:16,2025-10-06 14:58:16
1371,5324,MODERADO,2025-12-05,2025-12-05 14:24:02,2025-12-05 14:24:02
1372,5325,MODERADO,2025-11-06,2025-11-06 11:24:57,2025-11-06 11:24:57
1373,5326,CONSERVADOR,2025-07-24,2025-07-24 10:05:40,2025-07-24 10:05:40
1374,5327,CONSERVADOR,2024-11-08,2024-11-08 08:46:11,2024-11-08 08:46:11
1375,5328,ARROJADO,2026-03-10,2026-03-10 08:32:38,2026-03-10 08:32:38
1376,5329,CONSERVADOR,2025-02-28,2025-02-28 15:26:20,2025-02-28 15:26:20
1377,5330,ARROJADO,2026-05-28,2026-05-28 14:47:13,2026-05-28 14:47:13
1378,5331,CONSERVADOR,2024-02-14,2024-02-14 09:53:13,2024-02-14 09:53:13
1379,5332,ARROJADO,2025-10-30,2025-10-30 13:23:29,2025-10-30 13:23:29
1380,5333,MODERADO,2024-09-06,2024-09-06 09:53:59,2024-09-06 09:53:59
1381,5334,ARROJADO,2023-09-13,2023-09-13 18:14:04,2023-09-13 18:14:04
1382,5335,CONSERVADOR,2024-09-17,2024-09-17 16:41:58,2024-09-17 16:41:58
1383,5336,MODERADO,2026-02-12,2026-02-12 16:22:37,2026-02-12 16:22:37
1384,5337,CONSERVADOR,2024-05-07,2024-05-07 18:49:14,2024-05-07 18:49:14
1385,5338,MODERADO,2024-04-01,2024-04-01 15:31:09,2024-04-01 15:31:09
1386,5339,MODERADO,2025-09-27,2025-09-27 09:14:08,2025-09-27 09:14:08
1387,5340,CONSERVADOR,2024-11-19,2024-11-19 12:59:46,2024-11-19 12:59:46
1388,5341,CONSERVADOR,2023-05-18,2023-05-18 08:27:13,2023-05-18 08:27:13
1389,5342,ARROJADO,2024-11-14,2024-11-14 17:47:49,2024-11-14 17:47:49
1390,5343,ARROJADO,2024-10-24,2024-10-24 14:02:39,2024-10-24 14:02:39
1391,5344,ARROJADO,2025-03-10,2025-03-10 16:41:45,2025-03-10 16:41:45
1392,5345,MODERADO,2025-09-11,2025-09-11 16:34:23,2025-09-11 16:34:23
1393,5346,MODERADO,2023-12-27,2023-12-27 09:33:03,2023-12-27 09:33:03
1394,5347,ARROJADO,2025-05-15,2025-05-15 10:41:24,2025-05-15 10:41:24
1395,5348,MODERADO,2023-06-07,2023-06-07 08:21:51,2023-06-07 08:21:51
1396,5349,ARROJADO,2023-05-14,2023-05-14 12:42:47,2023-05-14 12:42:47
1397,5350,CONSERVADOR,2023-09-10,2023-09-10 15:11:41,2023-09-10 15:11:41
1398,5351,ARROJADO,2026-06-10,2026-06-10 08:30:53,2026-06-10 08:30:53
1399,5352,CONSERVADOR,2026-02-16,2026-02-16 09:00:21,2026-02-16 09:00:21
1400,5353,MODERADO,2023-04-04,2023-04-04 11:27:48,2023-04-04 11:27:48
1401,5354,CONSERVADOR,2025-10-22,2025-10-22 16:43:01,2025-10-22 16:43:01
1402,5355,MODERADO,2025-09-20,2025-09-20 09:49:10,2025-09-20 09:49:10
1403,5356,CONSERVADOR,2024-07-03,2024-07-03 12:58:20,2024-07-03 12:58:20
1404,5356,ARROJADO,2025-02-15,2025-02-15 11:01:35,2025-02-15 11:01:35
1405,5357,MODERADO,2024-05-17,2024-05-17 18:01:37,2024-05-17 18:01:37
1406,5358,CONSERVADOR,2023-05-09,2023-05-09 18:19:40,2023-05-09 18:19:40
1407,5359,ARROJADO,2026-04-02,2026-04-02 17:58:48,2026-04-02 17:58:48
1408,5359,MODERADO,2023-10-29,2023-10-29 14:25:32,2023-10-29 14:25:32
1409,5360,CONSERVADOR,2023-09-19,2023-09-19 11:54:32,2023-09-19 11:54:32
1410,5361,MODERADO,2023-11-21,2023-11-21 14:58:23,2023-11-21 14:58:23
1411,5362,CONSERVADOR,2024-05-26,2024-05-26 10:22:35,2024-05-26 10:22:35
1412,5363,ARROJADO,2025-12-31,2025-12-31 10:15:11,2025-12-31 10:15:11
1413,5364,MODERADO,2023-07-26,2023-07-26 10:51:26,2023-07-26 10:51:26
1414,5365,MODERADO,2023-12-31,2023-12-31 18:28:28,2023-12-31 18:28:28
1415,5366,CONSERVADOR,2024-03-09,2024-03-09 10:30:08,2024-03-09 10:30:08
1416,5367,MODERADO,2025-09-02,2025-09-02 13:01:43,2025-09-02 13:01:43
1417,5368,MODERADO,2024-02-04,2024-02-04 09:04:31,2024-02-04 09:04:31
1418,5368,CONSERVADOR,2025-10-31,2025-10-31 11:39:07,2025-10-31 11:39:07
1419,5369,ARROJADO,2024-12-20,2024-12-20 15:19:11,2024-12-20 15:19:11
1420,5370,CONSERVADOR,2025-10-23,2025-10-23 15:52:45,2025-10-23 15:52:45
1421,5371,MODERADO,2025-05-18,2025-05-18 14:00:38,2025-05-18 14:00:38
1422,5372,CONSERVADOR,2025-02-27,2025-02-27 16:49:45,2025-02-27 16:49:45
1423,5373,CONSERVADOR,2026-02-10,2026-02-10 12:12:52,2026-02-10 12:12:52
1424,5374,MODERADO,2025-04-24,2025-04-24 16:59:51,2025-04-24 16:59:51
1425,5375,CONSERVADOR,2023-04-04,2023-04-04 10:51:54,2023-04-04 10:51:54
1426,5376,CONSERVADOR,2024-09-21,2024-09-21 12:11:24,2024-09-21 12:11:24
1427,5377,MODERADO,2024-07-25,2024-07-25 10:25:47,2024-07-25 10:25:47
1428,5377,MODERADO,2026-05-13,2026-05-13 11:30:09,2026-05-13 11:30:09
1429,5378,CONSERVADOR,2025-03-17,2025-03-17 17:30:19,2025-03-17 17:30:19
1430,5379,MODERADO,2023-02-09,2023-02-09 10:38:20,2023-02-09 10:38:20
1431,5379,CONSERVADOR,2023-02-05,2023-02-05 10:39:35,2023-02-05 10:39:35
1432,5380,CONSERVADOR,2025-05-31,2025-05-31 12:27:10,2025-05-31 12:27:10
1433,5380,MODERADO,2023-04-14,2023-04-14 14:11:46,2023-04-14 14:11:46
1434,5381,CONSERVADOR,2024-12-14,2024-12-14 15:06:03,2024-12-14 15:06:03
1435,5382,MODERADO,2024-02-28,2024-02-28 17:23:06,2024-02-28 17:23:06
1436,5382,ARROJADO,2023-04-30,2023-04-30 08:58:08,2023-04-30 08:58:08
1437,5383,CONSERVADOR,2025-10-13,2025-10-13 14:19:03,2025-10-13 14:19:03
1438,5384,CONSERVADOR,2025-02-19,2025-02-19 16:48:59,2025-02-19 16:48:59
1439,5385,CONSERVADOR,2025-12-19,2025-12-19 17:22:49,2025-12-19 17:22:49
1440,5385,CONSERVADOR,2023-11-07,2023-11-07 15:08:12,2023-11-07 15:08:12
1441,5386,ARROJADO,2024-04-11,2024-04-11 15:25:38,2024-04-11 15:25:38
1442,5387,CONSERVADOR,2026-04-29,2026-04-29 09:52:15,2026-04-29 09:52:15
1443,5388,MODERADO,2024-05-17,2024-05-17 08:34:01,2024-05-17 08:34:01
1444,5389,CONSERVADOR,2026-05-28,2026-05-28 14:31:26,2026-05-28 14:31:26
1445,5390,ARROJADO,2024-10-31,2024-10-31 15:30:43,2024-10-31 15:30:43
1446,5391,ARROJADO,2024-10-27,2024-10-27 17:27:37,2024-10-27 17:27:37
1447,5392,CONSERVADOR,2025-06-19,2025-06-19 09:55:02,2025-06-19 09:55:02
1448,5393,MODERADO,2023-01-03,2023-01-03 11:36:09,2023-01-03 11:36:09
1449,5394,ARROJADO,2024-07-21,2024-07-21 09:49:45,2024-07-21 09:49:45
1450,5395,CONSERVADOR,2023-10-01,2023-10-01 11:38:19,2023-10-01 11:38:19
1451,5396,ARROJADO,2023-09-30,2023-09-30 18:00:55,2023-09-30 18:00:55
1452,5396,CONSERVADOR,2024-05-28,2024-05-28 17:35:34,2024-05-28 17:35:34
1453,5397,ARROJADO,2025-04-16,2025-04-16 14:36:56,2025-04-16 14:36:56
1454,5397,ARROJADO,2025-02-13,2025-02-13 12:36:31,2025-02-13 12:36:31
1455,5398,MODERADO,2025-08-15,2025-08-15 17:05:25,2025-08-15 17:05:25
1456,5398,MODERADO,2024-12-03,2024-12-03 14:43:26,2024-12-03 14:43:26
1457,5399,MODERADO,2023-11-21,2023-11-21 16:41:29,2023-11-21 16:41:29
1458,5400,CONSERVADOR,2023-12-18,2023-12-18 15:55:47,2023-12-18 15:55:47
1459,5401,CONSERVADOR,2025-04-26,2025-04-26 18:13:22,2025-04-26 18:13:22
1460,5402,MODERADO,2024-05-31,2024-05-31 17:07:05,2024-05-31 17:07:05
1461,5403,ARROJADO,2026-05-29,2026-05-29 12:28:51,2026-05-29 12:28:51
1462,5404,MODERADO,2025-11-26,2025-11-26 10:10:27,2025-11-26 10:10:27
1463,5405,ARROJADO,2025-08-28,2025-08-28 09:24:49,2025-08-28 09:24:49
1464,5406,MODERADO,2026-01-24,2026-01-24 10:19:49,2026-01-24 10:19:49
1465,5407,MODERADO,2024-03-29,2024-03-29 08:26:15,2024-03-29 08:26:15
1466,5408,MODERADO,2024-07-03,2024-07-03 13:00:04,2024-07-03 13:00:04
1467,5409,ARROJADO,2024-04-11,2024-04-11 13:42:08,2024-04-11 13:42:08
1468,5410,CONSERVADOR,2023-06-02,2023-06-02 17:05:09,2023-06-02 17:05:09
1469,5411,ARROJADO,2026-06-23,2026-06-23 18:43:01,2026-06-23 18:43:01
1470,5412,CONSERVADOR,2026-03-21,2026-03-21 17:58:58,2026-03-21 17:58:58
1471,5412,CONSERVADOR,2023-12-09,2023-12-09 15:02:47,2023-12-09 15:02:47
1472,5413,MODERADO,2023-01-08,2023-01-08 11:35:27,2023-01-08 11:35:27
1473,5414,CONSERVADOR,2024-08-03,2024-08-03 14:48:49,2024-08-03 14:48:49
1474,5415,MODERADO,2023-09-10,2023-09-10 12:16:41,2023-09-10 12:16:41
1475,5416,MODERADO,2023-04-24,2023-04-24 13:53:34,2023-04-24 13:53:34
1476,5417,MODERADO,2023-05-09,2023-05-09 18:43:06,2023-05-09 18:43:06
1477,5418,CONSERVADOR,2026-07-13,2026-07-13 08:08:42,2026-07-13 08:08:42
1478,5419,CONSERVADOR,2025-07-31,2025-07-31 09:03:10,2025-07-31 09:03:10
1479,5420,MODERADO,2023-07-22,2023-07-22 13:33:50,2023-07-22 13:33:50
1480,5421,MODERADO,2023-04-13,2023-04-13 18:52:01,2023-04-13 18:52:01
1481,5421,ARROJADO,2023-03-01,2023-03-01 08:35:22,2023-03-01 08:35:22
1482,5422,CONSERVADOR,2024-05-18,2024-05-18 14:16:06,2024-05-18 14:16:06
1483,5423,CONSERVADOR,2026-06-27,2026-06-27 17:37:15,2026-06-27 17:37:15
1484,5424,CONSERVADOR,2025-10-22,2025-10-22 18:58:37,2025-10-22 18:58:37
1485,5424,MODERADO,2025-11-18,2025-11-18 14:29:27,2025-11-18 14:29:27
1486,5425,MODERADO,2025-09-01,2025-09-01 10:12:36,2025-09-01 10:12:36
1487,5426,MODERADO,2024-02-04,2024-02-04 12:01:38,2024-02-04 12:01:38
1488,5426,CONSERVADOR,2024-11-04,2024-11-04 14:08:27,2024-11-04 14:08:27
1489,5427,MODERADO,2023-04-06,2023-04-06 18:37:13,2023-04-06 18:37:13
1490,5427,MODERADO,2025-03-17,2025-03-17 13:57:30,2025-03-17 13:57:30
1491,5428,CONSERVADOR,2026-03-26,2026-03-26 14:01:22,2026-03-26 14:01:22
1492,5429,CONSERVADOR,2025-01-11,2025-01-11 15:30:44,2025-01-11 15:30:44
1493,5430,MODERADO,2023-01-08,2023-01-08 09:02:31,2023-01-08 09:02:31
1494,5431,CONSERVADOR,2026-06-30,2026-06-30 15:01:58,2026-06-30 15:01:58
1495,5432,MODERADO,2024-07-08,2024-07-08 09:21:13,2024-07-08 09:21:13
1496,5433,CONSERVADOR,2026-07-02,2026-07-02 15:45:09,2026-07-02 15:45:09
1497,5434,CONSERVADOR,2025-05-21,2025-05-21 13:19:51,2025-05-21 13:19:51
1498,5435,CONSERVADOR,2026-06-22,2026-06-22 12:53:32,2026-06-22 12:53:32
1499,5436,ARROJADO,2025-09-06,2025-09-06 12:55:32,2025-09-06 12:55:32
1500,5437,ARROJADO,2025-04-13,2025-04-13 09:08:19,2025-04-13 09:08:19
1501,5437,CONSERVADOR,2023-03-11,2023-03-11 18:29:40,2023-03-11 18:29:40
1502,5438,MODERADO,2023-10-12,2023-10-12 09:58:33,2023-10-12 09:58:33
1503,5438,CONSERVADOR,2025-08-26,2025-08-26 09:51:49,2025-08-26 09:51:49
1504,5439,MODERADO,2025-08-02,2025-08-02 14:36:01,2025-08-02 14:36:01
1505,5440,ARROJADO,2024-10-31,2024-10-31 09:11:45,2024-10-31 09:11:45
1506,5441,MODERADO,2024-03-05,2024-03-05 10:51:19,2024-03-05 10:51:19
1507,5442,CONSERVADOR,2023-12-09,2023-12-09 12:45:09,2023-12-09 12:45:09
1508,5443,MODERADO,2026-04-16,2026-04-16 09:54:45,2026-04-16 09:54:45
1509,5444,ARROJADO,2026-03-29,2026-03-29 16:19:51,2026-03-29 16:19:51
1510,5445,MODERADO,2024-09-30,2024-09-30 08:39:34,2024-09-30 08:39:34
1511,5446,MODERADO,2026-01-29,2026-01-29 14:08:44,2026-01-29 14:08:44
1512,5447,CONSERVADOR,2025-04-03,2025-04-03 18:24:32,2025-04-03 18:24:32
1513,5447,CONSERVADOR,2024-11-22,2024-11-22 15:42:35,2024-11-22 15:42:35
1514,5448,MODERADO,2023-03-20,2023-03-20 15:06:47,2023-03-20 15:06:47
1515,5449,ARROJADO,2023-08-15,2023-08-15 11:20:59,2023-08-15 11:20:59
1516,5450,MODERADO,2025-04-05,2025-04-05 15:19:38,2025-04-05 15:19:38
1517,5451,ARROJADO,2024-10-01,2024-10-01 11:25:23,2024-10-01 11:25:23
1518,5452,CONSERVADOR,2026-06-23,2026-06-23 08:25:47,2026-06-23 08:25:47
1519,5453,MODERADO,2023-09-25,2023-09-25 18:47:24,2023-09-25 18:47:24
1520,5454,MODERADO,2024-01-01,2024-01-01 11:39:00,2024-01-01 11:39:00
1521,5455,ARROJADO,2023-08-24,2023-08-24 10:18:46,2023-08-24 10:18:46
1522,5456,CONSERVADOR,2024-02-04,2024-02-04 17:53:46,2024-02-04 17:53:46
1523,5457,MODERADO,2023-01-16,2023-01-16 09:39:06,2023-01-16 09:39:06
1524,5458,ARROJADO,2024-12-10,2024-12-10 18:15:05,2024-12-10 18:15:05
1525,5459,CONSERVADOR,2024-12-27,2024-12-27 14:24:51,2024-12-27 14:24:51
1526,5460,MODERADO,2024-03-01,2024-03-01 17:30:55,2024-03-01 17:30:55
1527,5461,CONSERVADOR,2026-07-27,2026-07-27 10:49:05,2026-07-27 10:49:05
1528,5462,MODERADO,2025-07-29,2025-07-29 15:02:30,2025-07-29 15:02:30
1529,5463,CONSERVADOR,2025-12-16,2025-12-16 12:03:00,2025-12-16 12:03:00
1530,5464,MODERADO,2023-07-09,2023-07-09 11:11:33,2023-07-09 11:11:33
1531,5465,MODERADO,2023-07-17,2023-07-17 08:59:14,2023-07-17 08:59:14
1532,5465,CONSERVADOR,2025-06-12,2025-06-12 09:37:42,2025-06-12 09:37:42
1533,5466,CONSERVADOR,2023-07-26,2023-07-26 12:22:52,2023-07-26 12:22:52
1534,5467,MODERADO,2025-12-26,2025-12-26 15:23:59,2025-12-26 15:23:59
1535,5468,MODERADO,2024-03-31,2024-03-31 18:16:19,2024-03-31 18:16:19
1536,5469,MODERADO,2025-04-28,2025-04-28 15:27:00,2025-04-28 15:27:00
1537,5470,ARROJADO,2023-07-31,2023-07-31 10:17:51,2023-07-31 10:17:51
1538,5471,MODERADO,2025-10-23,2025-10-23 10:14:03,2025-10-23 10:14:03
1539,5472,ARROJADO,2024-05-31,2024-05-31 10:16:27,2024-05-31 10:16:27
1540,5473,MODERADO,2026-06-19,2026-06-19 14:51:26,2026-06-19 14:51:26
1541,5474,CONSERVADOR,2025-10-06,2025-10-06 18:28:03,2025-10-06 18:28:03
1542,5475,CONSERVADOR,2024-05-31,2024-05-31 17:44:58,2024-05-31 17:44:58
1543,5476,CONSERVADOR,2026-06-05,2026-06-05 08:31:32,2026-06-05 08:31:32
1544,5477,CONSERVADOR,2026-06-20,2026-06-20 15:13:27,2026-06-20 15:13:27
1545,5478,CONSERVADOR,2024-02-01,2024-02-01 13:28:33,2024-02-01 13:28:33
1546,5478,MODERADO,2025-01-19,2025-01-19 09:31:03,2025-01-19 09:31:03
1547,5479,MODERADO,2023-12-22,2023-12-22 11:40:53,2023-12-22 11:40:53
1548,5480,CONSERVADOR,2026-02-04,2026-02-04 11:38:45,2026-02-04 11:38:45
1549,5481,MODERADO,2024-10-18,2024-10-18 12:09:49,2024-10-18 12:09:49
1550,5482,CONSERVADOR,2023-12-02,2023-12-02 13:03:18,2023-12-02 13:03:18
1551,5483,CONSERVADOR,2025-12-25,2025-12-25 10:42:21,2025-12-25 10:42:21
1552,5484,CONSERVADOR,2024-08-24,2024-08-24 12:57:25,2024-08-24 12:57:25
1553,5485,CONSERVADOR,2025-01-15,2025-01-15 12:24:52,2025-01-15 12:24:52
1554,5486,CONSERVADOR,2025-05-16,2025-05-16 14:28:05,2025-05-16 14:28:05
1555,5487,MODERADO,2026-03-16,2026-03-16 13:03:28,2026-03-16 13:03:28
1556,5488,MODERADO,2024-08-03,2024-08-03 08:00:15,2024-08-03 08:00:15
1557,5488,MODERADO,2024-11-28,2024-11-28 15:43:09,2024-11-28 15:43:09
1558,5489,MODERADO,2025-12-16,2025-12-16 17:16:13,2025-12-16 17:16:13
1559,5490,MODERADO,2025-08-11,2025-08-11 08:28:45,2025-08-11 08:28:45
1560,5491,CONSERVADOR,2024-03-08,2024-03-08 08:56:17,2024-03-08 08:56:17
1561,5492,CONSERVADOR,2025-01-31,2025-01-31 18:40:24,2025-01-31 18:40:24
1562,5492,CONSERVADOR,2026-05-10,2026-05-10 14:02:25,2026-05-10 14:02:25
1563,5493,ARROJADO,2026-07-01,2026-07-01 16:10:43,2026-07-01 16:10:43
1564,5494,MODERADO,2023-07-11,2023-07-11 14:44:41,2023-07-11 14:44:41
1565,5494,CONSERVADOR,2023-03-13,2023-03-13 10:33:51,2023-03-13 10:33:51
1566,5495,ARROJADO,2024-08-24,2024-08-24 08:44:01,2024-08-24 08:44:01
1567,5495,MODERADO,2024-03-30,2024-03-30 15:42:39,2024-03-30 15:42:39
1568,5496,ARROJADO,2023-11-06,2023-11-06 08:45:04,2023-11-06 08:45:04
1569,5497,ARROJADO,2024-04-06,2024-04-06 17:29:47,2024-04-06 17:29:47
1570,5498,MODERADO,2025-10-12,2025-10-12 17:51:05,2025-10-12 17:51:05
1571,5499,MODERADO,2026-03-23,2026-03-23 12:23:24,2026-03-23 12:23:24
1572,5500,MODERADO,2026-02-27,2026-02-27 10:39:11,2026-02-27 10:39:11
1573,5501,ARROJADO,2026-05-12,2026-05-12 16:26:17,2026-05-12 16:26:17
1574,5502,CONSERVADOR,2025-09-04,2025-09-04 11:25:50,2025-09-04 11:25:50
1575,5503,MODERADO,2023-03-15,2023-03-15 14:23:31,2023-03-15 14:23:31
1576,5504,MODERADO,2023-02-10,2023-02-10 16:39:34,2023-02-10 16:39:34
1577,5505,MODERADO,2025-08-29,2025-08-29 10:30:16,2025-08-29 10:30:16
1578,5506,MODERADO,2024-06-19,2024-06-19 13:11:35,2024-06-19 13:11:35
1579,5506,MODERADO,2024-06-21,2024-06-21 16:04:40,2024-06-21 16:04:40
1580,5507,CONSERVADOR,2024-02-05,2024-02-05 11:27:37,2024-02-05 11:27:37
1581,5508,MODERADO,2024-02-04,2024-02-04 15:49:20,2024-02-04 15:49:20
1582,5509,CONSERVADOR,2025-10-28,2025-10-28 17:12:20,2025-10-28 17:12:20
1583,5509,ARROJADO,2026-04-11,2026-04-11 12:23:49,2026-04-11 12:23:49
1584,5510,ARROJADO,2025-01-04,2025-01-04 18:57:13,2025-01-04 18:57:13
1585,5510,CONSERVADOR,2023-12-22,2023-12-22 08:31:20,2023-12-22 08:31:20
1586,5511,MODERADO,2023-09-24,2023-09-24 15:41:44,2023-09-24 15:41:44
1587,5512,CONSERVADOR,2024-11-04,2024-11-04 13:57:22,2024-11-04 13:57:22
1588,5513,CONSERVADOR,2024-11-15,2024-11-15 16:38:14,2024-11-15 16:38:14
1589,5513,CONSERVADOR,2025-02-15,2025-02-15 18:24:30,2025-02-15 18:24:30
1590,5514,CONSERVADOR,2023-12-04,2023-12-04 14:31:22,2023-12-04 14:31:22
1591,5514,ARROJADO,2025-10-18,2025-10-18 11:07:39,2025-10-18 11:07:39
1592,5515,CONSERVADOR,2025-09-29,2025-09-29 17:35:51,2025-09-29 17:35:51
1593,5516,CONSERVADOR,2026-04-05,2026-04-05 10:09:28,2026-04-05 10:09:28
1594,5516,CONSERVADOR,2025-09-07,2025-09-07 14:37:14,2025-09-07 14:37:14
1595,5517,CONSERVADOR,2024-03-31,2024-03-31 10:36:23,2024-03-31 10:36:23
1596,5518,ARROJADO,2026-01-07,2026-01-07 15:32:10,2026-01-07 15:32:10
1597,5519,ARROJADO,2025-07-28,2025-07-28 15:25:01,2025-07-28 15:25:01
1598,5519,MODERADO,2024-01-22,2024-01-22 13:15:11,2024-01-22 13:15:11
1599,5520,CONSERVADOR,2023-05-30,2023-05-30 09:49:48,2023-05-30 09:49:48
1600,5521,MODERADO,2024-05-22,2024-05-22 10:14:25,2024-05-22 10:14:25
1601,5521,MODERADO,2023-11-20,2023-11-20 11:02:01,2023-11-20 11:02:01
1602,5522,CONSERVADOR,2024-12-29,2024-12-29 09:30:42,2024-12-29 09:30:42
1603,5523,CONSERVADOR,2025-01-05,2025-01-05 13:44:24,2025-01-05 13:44:24
1604,5524,MODERADO,2023-10-15,2023-10-15 13:18:18,2023-10-15 13:18:18
1605,5524,ARROJADO,2025-10-03,2025-10-03 13:19:43,2025-10-03 13:19:43
1606,5525,MODERADO,2023-05-17,2023-05-17 16:19:03,2023-05-17 16:19:03
1607,5526,MODERADO,2024-01-18,2024-01-18 08:47:44,2024-01-18 08:47:44
1608,5527,MODERADO,2023-05-15,2023-05-15 08:03:27,2023-05-15 08:03:27
1609,5528,CONSERVADOR,2024-06-01,2024-06-01 15:04:44,2024-06-01 15:04:44
1610,5529,CONSERVADOR,2026-05-22,2026-05-22 12:03:45,2026-05-22 12:03:45
1611,5530,ARROJADO,2024-12-27,2024-12-27 14:38:30,2024-12-27 14:38:30
1612,5531,MODERADO,2025-04-30,2025-04-30 13:03:42,2025-04-30 13:03:42
1613,5532,MODERADO,2025-01-24,2025-01-24 14:02:09,2025-01-24 14:02:09
1614,5533,CONSERVADOR,2024-11-21,2024-11-21 09:36:29,2024-11-21 09:36:29
1615,5533,CONSERVADOR,2025-01-19,2025-01-19 08:45:27,2025-01-19 08:45:27
1616,5534,MODERADO,2024-09-01,2024-09-01 11:11:58,2024-09-01 11:11:58
1617,5535,CONSERVADOR,2025-11-23,2025-11-23 17:47:43,2025-11-23 17:47:43
1618,5536,ARROJADO,2025-08-14,2025-08-14 10:47:37,2025-08-14 10:47:37
1619,5537,MODERADO,2025-05-22,2025-05-22 13:31:48,2025-05-22 13:31:48
1620,5538,MODERADO,2025-04-25,2025-04-25 10:35:26,2025-04-25 10:35:26
1621,5539,ARROJADO,2023-06-11,2023-06-11 10:35:06,2023-06-11 10:35:06
1622,5540,CONSERVADOR,2023-12-24,2023-12-24 10:06:45,2023-12-24 10:06:45
1623,5540,MODERADO,2023-01-20,2023-01-20 14:47:45,2023-01-20 14:47:45
1624,5541,CONSERVADOR,2024-06-15,2024-06-15 15:17:00,2024-06-15 15:17:00
1625,5542,MODERADO,2026-03-04,2026-03-04 16:22:49,2026-03-04 16:22:49
1626,5543,CONSERVADOR,2024-04-09,2024-04-09 10:15:00,2024-04-09 10:15:00
1627,5544,MODERADO,2024-11-14,2024-11-14 13:42:10,2024-11-14 13:42:10
1628,5545,CONSERVADOR,2025-07-27,2025-07-27 16:42:27,2025-07-27 16:42:27
1629,5545,ARROJADO,2024-03-08,2024-03-08 08:31:33,2024-03-08 08:31:33
1630,5546,MODERADO,2024-02-03,2024-02-03 16:48:23,2024-02-03 16:48:23
1631,5547,CONSERVADOR,2023-12-03,2023-12-03 12:21:42,2023-12-03 12:21:42
1632,5548,MODERADO,2025-03-01,2025-03-01 16:43:54,2025-03-01 16:43:54
1633,5549,MODERADO,2024-06-09,2024-06-09 08:11:55,2024-06-09 08:11:55
1634,5550,MODERADO,2024-05-03,2024-05-03 17:57:55,2024-05-03 17:57:55
1635,5551,ARROJADO,2024-01-16,2024-01-16 14:31:04,2024-01-16 14:31:04
1636,5552,CONSERVADOR,2023-04-23,2023-04-23 08:19:41,2023-04-23 08:19:41
1637,5553,ARROJADO,2023-10-24,2023-10-24 08:17:55,2023-10-24 08:17:55
1638,5553,CONSERVADOR,2026-04-17,2026-04-17 13:43:03,2026-04-17 13:43:03
1639,5554,MODERADO,2025-11-20,2025-11-20 12:43:10,2025-11-20 12:43:10
1640,5555,MODERADO,2023-02-14,2023-02-14 18:04:52,2023-02-14 18:04:52
1641,5556,ARROJADO,2024-12-16,2024-12-16 14:26:29,2024-12-16 14:26:29
1642,5556,ARROJADO,2025-03-25,2025-03-25 16:50:18,2025-03-25 16:50:18
1643,5557,MODERADO,2024-11-14,2024-11-14 18:00:44,2024-11-14 18:00:44
1644,5558,MODERADO,2024-02-08,2024-02-08 14:41:39,2024-02-08 14:41:39
1645,5559,MODERADO,2025-12-25,2025-12-25 09:40:37,2025-12-25 09:40:37
1646,5560,CONSERVADOR,2024-10-30,2024-10-30 17:25:44,2024-10-30 17:25:44
1647,5561,MODERADO,2026-03-07,2026-03-07 11:12:12,2026-03-07 11:12:12
1648,5562,MODERADO,2025-04-04,2025-04-04 17:08:53,2025-04-04 17:08:53
1649,5562,MODERADO,2024-03-10,2024-03-10 08:16:04,2024-03-10 08:16:04
1650,5563,MODERADO,2023-08-06,2023-08-06 16:06:21,2023-08-06 16:06:21
1651,5564,CONSERVADOR,2026-01-18,2026-01-18 14:00:57,2026-01-18 14:00:57
1652,5565,CONSERVADOR,2023-06-10,2023-06-10 11:40:16,2023-06-10 11:40:16
1653,5566,MODERADO,2026-07-24,2026-07-24 11:54:50,2026-07-24 11:54:50
1654,5566,CONSERVADOR,2024-04-07,2024-04-07 09:04:39,2024-04-07 09:04:39
1655,5567,CONSERVADOR,2026-07-06,2026-07-06 16:12:09,2026-07-06 16:12:09
1656,5567,CONSERVADOR,2024-05-24,2024-05-24 14:05:10,2024-05-24 14:05:10
1657,5568,ARROJADO,2024-04-21,2024-04-21 10:54:05,2024-04-21 10:54:05
1658,5568,MODERADO,2025-08-27,2025-08-27 08:19:38,2025-08-27 08:19:38
1659,5569,CONSERVADOR,2023-05-13,2023-05-13 12:15:46,2023-05-13 12:15:46
1660,5570,CONSERVADOR,2024-09-22,2024-09-22 15:23:50,2024-09-22 15:23:50
1661,5570,ARROJADO,2023-07-04,2023-07-04 18:06:01,2023-07-04 18:06:01
1662,5571,MODERADO,2024-04-26,2024-04-26 08:42:47,2024-04-26 08:42:47
1663,5572,MODERADO,2023-09-02,2023-09-02 10:58:14,2023-09-02 10:58:14
1664,5573,ARROJADO,2025-07-16,2025-07-16 11:51:24,2025-07-16 11:51:24
1665,5574,ARROJADO,2023-11-07,2023-11-07 10:08:08,2023-11-07 10:08:08
1666,5575,ARROJADO,2023-10-06,2023-10-06 12:17:05,2023-10-06 12:17:05
1667,5576,CONSERVADOR,2025-10-21,2025-10-21 17:20:59,2025-10-21 17:20:59
1668,5577,MODERADO,2024-05-04,2024-05-04 11:57:10,2024-05-04 11:57:10
1669,5578,MODERADO,2025-12-02,2025-12-02 12:45:35,2025-12-02 12:45:35
1670,5579,MODERADO,2023-06-05,2023-06-05 17:46:44,2023-06-05 17:46:44
1671,5580,CONSERVADOR,2023-10-26,2023-10-26 18:20:04,2023-10-26 18:20:04
1672,5581,MODERADO,2024-10-03,2024-10-03 08:07:14,2024-10-03 08:07:14
1673,5582,MODERADO,2026-05-13,2026-05-13 18:02:28,2026-05-13 18:02:28
1674,5583,CONSERVADOR,2023-06-09,2023-06-09 17:29:30,2023-06-09 17:29:30
1675,5584,CONSERVADOR,2024-08-12,2024-08-12 15:09:11,2024-08-12 15:09:11
1676,5585,CONSERVADOR,2023-12-24,2023-12-24 15:16:20,2023-12-24 15:16:20
1677,5586,CONSERVADOR,2024-11-02,2024-11-02 12:20:21,2024-11-02 12:20:21
1678,5587,ARROJADO,2024-04-03,2024-04-03 10:37:04,2024-04-03 10:37:04
1679,5588,ARROJADO,2025-09-24,2025-09-24 11:55:08,2025-09-24 11:55:08
1680,5589,MODERADO,2026-05-30,2026-05-30 08:37:59,2026-05-30 08:37:59
1681,5589,CONSERVADOR,2026-02-02,2026-02-02 15:30:21,2026-02-02 15:30:21
1682,5590,ARROJADO,2025-09-17,2025-09-17 16:23:34,2025-09-17 16:23:34
1683,5591,CONSERVADOR,2024-01-13,2024-01-13 08:19:05,2024-01-13 08:19:05
1684,5592,CONSERVADOR,2024-08-30,2024-08-30 15:02:30,2024-08-30 15:02:30
1685,5593,ARROJADO,2025-05-09,2025-05-09 14:20:25,2025-05-09 14:20:25
1686,5594,MODERADO,2024-08-25,2024-08-25 11:55:07,2024-08-25 11:55:07
1687,5595,CONSERVADOR,2026-02-04,2026-02-04 08:17:08,2026-02-04 08:17:08
1688,5596,ARROJADO,2025-11-22,2025-11-22 09:39:44,2025-11-22 09:39:44
1689,5597,ARROJADO,2026-02-13,2026-02-13 18:33:05,2026-02-13 18:33:05
1690,5598,MODERADO,2023-10-20,2023-10-20 11:05:23,2023-10-20 11:05:23
1691,5599,CONSERVADOR,2024-12-21,2024-12-21 17:46:33,2024-12-21 17:46:33
1692,5599,CONSERVADOR,2026-03-05,2026-03-05 14:20:15,2026-03-05 14:20:15
1693,5600,ARROJADO,2025-12-08,2025-12-08 16:00:42,2025-12-08 16:00:42
1694,5601,CONSERVADOR,2025-06-07,2025-06-07 18:46:16,2025-06-07 18:46:16
1695,5602,ARROJADO,2025-08-09,2025-08-09 13:53:37,2025-08-09 13:53:37
1696,5603,CONSERVADOR,2026-05-02,2026-05-02 13:33:46,2026-05-02 13:33:46
1697,5604,ARROJADO,2026-06-24,2026-06-24 15:58:23,2026-06-24 15:58:23
1698,5605,MODERADO,2026-06-14,2026-06-14 10:18:07,2026-06-14 10:18:07
1699,5606,ARROJADO,2024-10-16,2024-10-16 18:53:48,2024-10-16 18:53:48
1700,5606,CONSERVADOR,2025-03-08,2025-03-08 14:06:29,2025-03-08 14:06:29
1701,5607,CONSERVADOR,2024-09-25,2024-09-25 16:52:46,2024-09-25 16:52:46
1702,5608,ARROJADO,2025-07-28,2025-07-28 11:39:15,2025-07-28 11:39:15
1703,5609,CONSERVADOR,2023-12-28,2023-12-28 16:31:56,2023-12-28 16:31:56
1704,5609,ARROJADO,2026-07-25,2026-07-25 15:19:41,2026-07-25 15:19:41
1705,5610,CONSERVADOR,2025-01-14,2025-01-14 13:51:33,2025-01-14 13:51:33
1706,5611,MODERADO,2026-02-06,2026-02-06 14:16:17,2026-02-06 14:16:17
1707,5612,CONSERVADOR,2026-06-01,2026-06-01 12:42:47,2026-06-01 12:42:47
1708,5613,ARROJADO,2025-12-26,2025-12-26 17:17:38,2025-12-26 17:17:38
1709,5613,CONSERVADOR,2025-08-16,2025-08-16 16:24:16,2025-08-16 16:24:16
1710,5614,MODERADO,2025-08-25,2025-08-25 17:57:17,2025-08-25 17:57:17
1711,5615,CONSERVADOR,2025-06-25,2025-06-25 12:27:02,2025-06-25 12:27:02
1712,5616,MODERADO,2023-09-07,2023-09-07 11:49:15,2023-09-07 11:49:15
1713,5617,MODERADO,2023-08-16,2023-08-16 12:45:47,2023-08-16 12:45:47
1714,5618,CONSERVADOR,2025-12-24,2025-12-24 09:46:53,2025-12-24 09:46:53
1715,5619,CONSERVADOR,2024-05-05,2024-05-05 16:26:36,2024-05-05 16:26:36
1716,5620,CONSERVADOR,2024-05-07,2024-05-07 15:12:50,2024-05-07 15:12:50
1717,5621,CONSERVADOR,2023-07-11,2023-07-11 08:41:01,2023-07-11 08:41:01
1718,5622,MODERADO,2025-03-11,2025-03-11 13:12:25,2025-03-11 13:12:25
1719,5623,CONSERVADOR,2025-04-25,2025-04-25 11:45:19,2025-04-25 11:45:19
1720,5624,ARROJADO,2023-04-04,2023-04-04 18:57:38,2023-04-04 18:57:38
1721,5625,MODERADO,2023-07-06,2023-07-06 18:06:35,2023-07-06 18:06:35
1722,5626,MODERADO,2023-11-07,2023-11-07 10:51:44,2023-11-07 10:51:44
1723,5626,ARROJADO,2025-03-14,2025-03-14 16:43:03,2025-03-14 16:43:03
1724,5627,ARROJADO,2023-07-26,2023-07-26 11:52:55,2023-07-26 11:52:55
1725,5628,ARROJADO,2024-02-10,2024-02-10 15:46:20,2024-02-10 15:46:20
1726,5629,MODERADO,2024-11-01,2024-11-01 13:53:59,2024-11-01 13:53:59
1727,5630,CONSERVADOR,2026-02-09,2026-02-09 16:02:23,2026-02-09 16:02:23
1728,5631,CONSERVADOR,2023-07-06,2023-07-06 13:46:01,2023-07-06 13:46:01
1729,5632,ARROJADO,2023-06-02,2023-06-02 09:48:47,2023-06-02 09:48:47
1730,5633,MODERADO,2025-01-18,2025-01-18 13:46:36,2025-01-18 13:46:36
1731,5634,CONSERVADOR,2023-03-21,2023-03-21 18:15:43,2023-03-21 18:15:43
1732,5635,CONSERVADOR,2024-09-01,2024-09-01 14:34:18,2024-09-01 14:34:18
1733,5636,ARROJADO,2025-11-17,2025-11-17 13:05:22,2025-11-17 13:05:22
1734,5637,CONSERVADOR,2024-06-06,2024-06-06 12:47:37,2024-06-06 12:47:37
1735,5638,CONSERVADOR,2025-10-20,2025-10-20 16:53:50,2025-10-20 16:53:50
1736,5639,CONSERVADOR,2025-12-24,2025-12-24 12:08:40,2025-12-24 12:08:40
1737,5639,ARROJADO,2025-11-27,2025-11-27 08:11:05,2025-11-27 08:11:05
1738,5640,MODERADO,2023-02-28,2023-02-28 14:00:30,2023-02-28 14:00:30
1739,5641,ARROJADO,2023-03-05,2023-03-05 18:04:27,2023-03-05 18:04:27
1740,5642,CONSERVADOR,2025-11-03,2025-11-03 15:29:25,2025-11-03 15:29:25
1741,5643,ARROJADO,2024-09-12,2024-09-12 09:02:19,2024-09-12 09:02:19
1742,5644,MODERADO,2025-02-23,2025-02-23 14:49:17,2025-02-23 14:49:17
1743,5645,CONSERVADOR,2024-03-11,2024-03-11 10:37:01,2024-03-11 10:37:01
1744,5646,CONSERVADOR,2025-07-12,2025-07-12 14:44:57,2025-07-12 14:44:57
1745,5647,CONSERVADOR,2024-04-07,2024-04-07 08:55:00,2024-04-07 08:55:00
1746,5647,CONSERVADOR,2024-07-26,2024-07-26 13:16:32,2024-07-26 13:16:32
1747,5648,CONSERVADOR,2023-05-13,2023-05-13 17:34:15,2023-05-13 17:34:15
1748,5649,MODERADO,2024-09-17,2024-09-17 12:45:10,2024-09-17 12:45:10
1749,5649,ARROJADO,2024-06-12,2024-06-12 17:48:01,2024-06-12 17:48:01
1750,5650,CONSERVADOR,2024-12-31,2024-12-31 14:26:35,2024-12-31 14:26:35
1751,5651,CONSERVADOR,2024-06-06,2024-06-06 12:02:09,2024-06-06 12:02:09
1752,5652,MODERADO,2024-09-25,2024-09-25 11:35:11,2024-09-25 11:35:11
1753,5653,MODERADO,2025-05-14,2025-05-14 16:21:07,2025-05-14 16:21:07
1754,5654,MODERADO,2025-11-19,2025-11-19 12:57:57,2025-11-19 12:57:57
1755,5655,CONSERVADOR,2023-09-06,2023-09-06 10:19:05,2023-09-06 10:19:05
1756,5656,MODERADO,2023-11-20,2023-11-20 18:10:49,2023-11-20 18:10:49
1757,5657,CONSERVADOR,2024-07-16,2024-07-16 18:31:21,2024-07-16 18:31:21
1758,5658,MODERADO,2023-02-26,2023-02-26 16:33:14,2023-02-26 16:33:14
1759,5659,MODERADO,2025-12-28,2025-12-28 17:47:27,2025-12-28 17:47:27
1760,5660,CONSERVADOR,2025-04-01,2025-04-01 13:09:31,2025-04-01 13:09:31
1761,5661,CONSERVADOR,2025-12-24,2025-12-24 08:56:00,2025-12-24 08:56:00
1762,5662,CONSERVADOR,2025-09-11,2025-09-11 16:57:45,2025-09-11 16:57:45
1763,5663,MODERADO,2025-04-27,2025-04-27 18:00:09,2025-04-27 18:00:09
1764,5664,CONSERVADOR,2025-04-18,2025-04-18 08:04:07,2025-04-18 08:04:07
1765,5665,MODERADO,2024-07-30,2024-07-30 13:51:45,2024-07-30 13:51:45
1766,5665,MODERADO,2025-01-09,2025-01-09 15:42:49,2025-01-09 15:42:49
1767,5666,ARROJADO,2023-12-11,2023-12-11 14:32:29,2023-12-11 14:32:29
1768,5667,MODERADO,2025-11-27,2025-11-27 17:02:40,2025-11-27 17:02:40
1769,5668,MODERADO,2025-02-06,2025-02-06 16:25:02,2025-02-06 16:25:02
1770,5669,ARROJADO,2025-02-26,2025-02-26 15:55:41,2025-02-26 15:55:41
1771,5670,ARROJADO,2024-04-25,2024-04-25 11:06:50,2024-04-25 11:06:50
1772,5671,MODERADO,2023-03-13,2023-03-13 16:06:03,2023-03-13 16:06:03
1773,5672,CONSERVADOR,2026-03-28,2026-03-28 09:07:07,2026-03-28 09:07:07
1774,5673,MODERADO,2024-12-01,2024-12-01 18:51:13,2024-12-01 18:51:13
1775,5674,CONSERVADOR,2025-04-12,2025-04-12 17:28:10,2025-04-12 17:28:10
1776,5675,CONSERVADOR,2024-04-28,2024-04-28 11:34:54,2024-04-28 11:34:54
1777,5676,MODERADO,2024-10-17,2024-10-17 10:02:06,2024-10-17 10:02:06
1778,5677,MODERADO,2025-10-24,2025-10-24 14:10:47,2025-10-24 14:10:47
1779,5678,CONSERVADOR,2026-06-07,2026-06-07 11:10:33,2026-06-07 11:10:33
1780,5679,MODERADO,2024-10-08,2024-10-08 16:01:30,2024-10-08 16:01:30
1781,5680,CONSERVADOR,2025-10-08,2025-10-08 14:11:21,2025-10-08 14:11:21
1782,5681,CONSERVADOR,2024-12-16,2024-12-16 17:30:35,2024-12-16 17:30:35
1783,5682,CONSERVADOR,2023-01-23,2023-01-23 15:01:50,2023-01-23 15:01:50
1784,5683,ARROJADO,2024-08-02,2024-08-02 17:00:01,2024-08-02 17:00:01
1785,5684,CONSERVADOR,2024-02-24,2024-02-24 15:10:18,2024-02-24 15:10:18
1786,5685,MODERADO,2026-04-25,2026-04-25 16:17:42,2026-04-25 16:17:42
1787,5686,MODERADO,2023-06-06,2023-06-06 08:43:51,2023-06-06 08:43:51
1788,5687,ARROJADO,2023-01-18,2023-01-18 11:43:37,2023-01-18 11:43:37
1789,5688,MODERADO,2024-08-06,2024-08-06 16:30:54,2024-08-06 16:30:54
1790,5689,MODERADO,2025-10-20,2025-10-20 18:27:34,2025-10-20 18:27:34
1791,5690,CONSERVADOR,2024-09-01,2024-09-01 18:50:46,2024-09-01 18:50:46
1792,5691,ARROJADO,2024-08-12,2024-08-12 09:25:32,2024-08-12 09:25:32
1793,5692,CONSERVADOR,2024-02-23,2024-02-23 10:39:11,2024-02-23 10:39:11
1794,5693,CONSERVADOR,2025-08-06,2025-08-06 17:14:36,2025-08-06 17:14:36
1795,5694,CONSERVADOR,2024-11-03,2024-11-03 10:13:01,2024-11-03 10:13:01
1796,5695,MODERADO,2025-03-26,2025-03-26 17:58:28,2025-03-26 17:58:28
1797,5696,CONSERVADOR,2025-09-28,2025-09-28 18:53:13,2025-09-28 18:53:13
1798,5697,MODERADO,2025-12-28,2025-12-28 12:11:30,2025-12-28 12:11:30
1799,5698,ARROJADO,2024-03-03,2024-03-03 11:38:21,2024-03-03 11:38:21
1800,5699,CONSERVADOR,2025-04-03,2025-04-03 17:19:29,2025-04-03 17:19:29
1801,5700,MODERADO,2023-05-23,2023-05-23 18:08:38,2023-05-23 18:08:38
1802,5701,CONSERVADOR,2025-08-15,2025-08-15 15:07:05,2025-08-15 15:07:05
1803,5701,MODERADO,2025-03-18,2025-03-18 11:43:42,2025-03-18 11:43:42
1804,5702,MODERADO,2024-08-12,2024-08-12 14:02:08,2024-08-12 14:02:08
1805,5703,CONSERVADOR,2023-09-16,2023-09-16 17:27:53,2023-09-16 17:27:53
1806,5703,ARROJADO,2024-05-24,2024-05-24 17:33:00,2024-05-24 17:33:00
1807,5704,MODERADO,2026-05-17,2026-05-17 11:58:36,2026-05-17 11:58:36
1808,5705,ARROJADO,2024-01-24,2024-01-24 17:41:48,2024-01-24 17:41:48
1809,5705,CONSERVADOR,2023-10-29,2023-10-29 17:04:36,2023-10-29 17:04:36
1810,5706,CONSERVADOR,2025-12-31,2025-12-31 16:48:25,2025-12-31 16:48:25
1811,5707,MODERADO,2023-01-15,2023-01-15 11:13:11,2023-01-15 11:13:11
1812,5707,MODERADO,2025-07-24,2025-07-24 17:54:29,2025-07-24 17:54:29
1813,5708,MODERADO,2025-01-27,2025-01-27 14:02:47,2025-01-27 14:02:47
1814,5709,ARROJADO,2024-08-10,2024-08-10 15:01:14,2024-08-10 15:01:14
1815,5710,MODERADO,2023-09-26,2023-09-26 13:46:07,2023-09-26 13:46:07
1816,5711,CONSERVADOR,2026-01-25,2026-01-25 08:14:58,2026-01-25 08:14:58
1817,5712,MODERADO,2024-05-08,2024-05-08 18:26:41,2024-05-08 18:26:41
1818,5713,MODERADO,2024-07-07,2024-07-07 12:33:10,2024-07-07 12:33:10
1819,5713,CONSERVADOR,2024-05-27,2024-05-27 11:32:32,2024-05-27 11:32:32
1820,5714,MODERADO,2026-03-19,2026-03-19 16:39:43,2026-03-19 16:39:43
1821,5715,MODERADO,2026-02-10,2026-02-10 11:09:37,2026-02-10 11:09:37
1822,5716,CONSERVADOR,2026-06-04,2026-06-04 16:44:48,2026-06-04 16:44:48
1823,5717,CONSERVADOR,2023-06-04,2023-06-04 12:29:01,2023-06-04 12:29:01
1824,5718,CONSERVADOR,2026-02-16,2026-02-16 17:46:58,2026-02-16 17:46:58
1825,5719,CONSERVADOR,2026-06-18,2026-06-18 10:33:45,2026-06-18 10:33:45
1826,5720,MODERADO,2025-02-06,2025-02-06 16:44:22,2025-02-06 16:44:22
1827,5721,CONSERVADOR,2025-03-04,2025-03-04 14:54:48,2025-03-04 14:54:48
1828,5722,MODERADO,2024-03-29,2024-03-29 10:21:43,2024-03-29 10:21:43
1829,5723,CONSERVADOR,2023-12-17,2023-12-17 11:23:50,2023-12-17 11:23:50
1830,5724,MODERADO,2026-07-15,2026-07-15 08:27:47,2026-07-15 08:27:47
1831,5725,MODERADO,2026-03-23,2026-03-23 18:48:27,2026-03-23 18:48:27
1832,5725,ARROJADO,2025-01-01,2025-01-01 18:50:09,2025-01-01 18:50:09
1833,5726,CONSERVADOR,2025-02-05,2025-02-05 11:16:13,2025-02-05 11:16:13
1834,5727,ARROJADO,2024-09-04,2024-09-04 18:28:39,2024-09-04 18:28:39
1835,5728,MODERADO,2023-01-09,2023-01-09 10:53:10,2023-01-09 10:53:10
1836,5729,CONSERVADOR,2025-06-13,2025-06-13 09:49:30,2025-06-13 09:49:30
1837,5730,MODERADO,2025-09-25,2025-09-25 18:38:15,2025-09-25 18:38:15
1838,5731,ARROJADO,2025-04-06,2025-04-06 13:42:46,2025-04-06 13:42:46
1839,5732,CONSERVADOR,2024-10-07,2024-10-07 18:01:56,2024-10-07 18:01:56
1840,5733,CONSERVADOR,2026-02-13,2026-02-13 16:19:38,2026-02-13 16:19:38
1841,5733,ARROJADO,2026-06-30,2026-06-30 09:12:09,2026-06-30 09:12:09
1842,5734,ARROJADO,2026-06-12,2026-06-12 08:18:57,2026-06-12 08:18:57
1843,5734,CONSERVADOR,2024-12-25,2024-12-25 11:19:17,2024-12-25 11:19:17
1844,5735,CONSERVADOR,2026-05-12,2026-05-12 10:25:15,2026-05-12 10:25:15
1845,5736,CONSERVADOR,2025-05-11,2025-05-11 14:45:04,2025-05-11 14:45:04
1846,5737,CONSERVADOR,2023-07-28,2023-07-28 15:02:03,2023-07-28 15:02:03
1847,5738,MODERADO,2023-09-08,2023-09-08 17:40:05,2023-09-08 17:40:05
1848,5739,CONSERVADOR,2025-07-28,2025-07-28 10:59:03,2025-07-28 10:59:03
1849,5740,ARROJADO,2026-04-13,2026-04-13 08:47:43,2026-04-13 08:47:43
1850,5741,CONSERVADOR,2023-09-27,2023-09-27 14:24:01,2023-09-27 14:24:01
1851,5742,MODERADO,2026-04-30,2026-04-30 09:14:42,2026-04-30 09:14:42
1852,5742,CONSERVADOR,2026-05-29,2026-05-29 16:56:36,2026-05-29 16:56:36
1853,5743,CONSERVADOR,2026-05-14,2026-05-14 16:39:02,2026-05-14 16:39:02
1854,5744,MODERADO,2023-11-29,2023-11-29 09:29:20,2023-11-29 09:29:20
1855,5745,MODERADO,2023-06-04,2023-06-04 17:24:06,2023-06-04 17:24:06
1856,5746,CONSERVADOR,2023-09-26,2023-09-26 13:54:11,2023-09-26 13:54:11
1857,5747,CONSERVADOR,2025-06-12,2025-06-12 14:48:35,2025-06-12 14:48:35
1858,5748,ARROJADO,2024-01-25,2024-01-25 13:17:51,2024-01-25 13:17:51
1859,5749,ARROJADO,2026-04-03,2026-04-03 09:19:44,2026-04-03 09:19:44
1860,5750,CONSERVADOR,2025-03-28,2025-03-28 10:14:35,2025-03-28 10:14:35
1861,5751,CONSERVADOR,2023-12-06,2023-12-06 10:03:01,2023-12-06 10:03:01
1862,5752,MODERADO,2023-05-27,2023-05-27 17:12:07,2023-05-27 17:12:07
1863,5753,CONSERVADOR,2024-04-18,2024-04-18 09:41:03,2024-04-18 09:41:03
1864,5754,MODERADO,2023-08-05,2023-08-05 11:55:36,2023-08-05 11:55:36
1865,5754,CONSERVADOR,2023-09-03,2023-09-03 12:19:55,2023-09-03 12:19:55
1866,5755,MODERADO,2025-11-30,2025-11-30 16:07:35,2025-11-30 16:07:35
1867,5756,CONSERVADOR,2024-07-28,2024-07-28 16:03:07,2024-07-28 16:03:07
1868,5757,MODERADO,2023-12-23,2023-12-23 15:07:51,2023-12-23 15:07:51
1869,5758,MODERADO,2023-05-26,2023-05-26 17:27:27,2023-05-26 17:27:27
1870,5759,CONSERVADOR,2024-02-23,2024-02-23 09:27:30,2024-02-23 09:27:30
1871,5759,MODERADO,2023-01-13,2023-01-13 17:26:34,2023-01-13 17:26:34
1872,5760,CONSERVADOR,2025-09-26,2025-09-26 17:54:34,2025-09-26 17:54:34
1873,5761,MODERADO,2024-06-04,2024-06-04 13:09:11,2024-06-04 13:09:11
1874,5762,CONSERVADOR,2024-07-27,2024-07-27 16:44:11,2024-07-27 16:44:11
1875,5762,CONSERVADOR,2025-06-09,2025-06-09 14:39:02,2025-06-09 14:39:02
1876,5763,CONSERVADOR,2025-06-03,2025-06-03 17:21:15,2025-06-03 17:21:15
1877,5763,CONSERVADOR,2024-11-02,2024-11-02 16:54:16,2024-11-02 16:54:16
1878,5764,CONSERVADOR,2026-05-18,2026-05-18 14:10:01,2026-05-18 14:10:01
1879,5764,MODERADO,2023-12-23,2023-12-23 11:47:20,2023-12-23 11:47:20
1880,5765,CONSERVADOR,2025-08-25,2025-08-25 08:52:54,2025-08-25 08:52:54
1881,5766,CONSERVADOR,2023-03-27,2023-03-27 15:59:24,2023-03-27 15:59:24
1882,5767,CONSERVADOR,2023-09-13,2023-09-13 10:21:45,2023-09-13 10:21:45
1883,5768,CONSERVADOR,2024-08-07,2024-08-07 18:06:04,2024-08-07 18:06:04
1884,5768,CONSERVADOR,2024-08-13,2024-08-13 13:09:01,2024-08-13 13:09:01
1885,5769,MODERADO,2025-02-15,2025-02-15 09:35:57,2025-02-15 09:35:57
1886,5770,MODERADO,2023-06-14,2023-06-14 14:36:58,2023-06-14 14:36:58
1887,5771,CONSERVADOR,2023-06-20,2023-06-20 11:13:12,2023-06-20 11:13:12
1888,5772,CONSERVADOR,2025-05-16,2025-05-16 16:23:53,2025-05-16 16:23:53
1889,5773,ARROJADO,2025-04-14,2025-04-14 14:07:19,2025-04-14 14:07:19
1890,5773,CONSERVADOR,2026-05-17,2026-05-17 09:00:04,2026-05-17 09:00:04
1891,5774,MODERADO,2023-12-15,2023-12-15 15:18:02,2023-12-15 15:18:02
1892,5775,ARROJADO,2026-07-02,2026-07-02 08:26:16,2026-07-02 08:26:16
1893,5776,MODERADO,2023-03-29,2023-03-29 14:24:17,2023-03-29 14:24:17
1894,5777,ARROJADO,2025-10-10,2025-10-10 16:18:15,2025-10-10 16:18:15
1895,5778,CONSERVADOR,2025-02-05,2025-02-05 15:39:19,2025-02-05 15:39:19
1896,5778,CONSERVADOR,2024-11-04,2024-11-04 18:37:48,2024-11-04 18:37:48
1897,5779,CONSERVADOR,2024-12-13,2024-12-13 12:29:07,2024-12-13 12:29:07
1898,5780,CONSERVADOR,2026-06-21,2026-06-21 12:14:41,2026-06-21 12:14:41
1899,5781,ARROJADO,2024-11-21,2024-11-21 15:04:29,2024-11-21 15:04:29
1900,5781,CONSERVADOR,2026-02-24,2026-02-24 11:39:40,2026-02-24 11:39:40
1901,5782,CONSERVADOR,2024-01-09,2024-01-09 08:15:28,2024-01-09 08:15:28
1902,5783,MODERADO,2025-01-27,2025-01-27 15:28:54,2025-01-27 15:28:54
1903,5784,MODERADO,2026-02-14,2026-02-14 17:30:34,2026-02-14 17:30:34
1904,5785,CONSERVADOR,2024-12-03,2024-12-03 10:30:43,2024-12-03 10:30:43
1905,5786,MODERADO,2026-01-23,2026-01-23 15:02:15,2026-01-23 15:02:15
1906,5787,MODERADO,2026-01-25,2026-01-25 14:16:57,2026-01-25 14:16:57
1907,5788,CONSERVADOR,2023-07-17,2023-07-17 18:56:19,2023-07-17 18:56:19
1908,5788,MODERADO,2023-05-05,2023-05-05 17:26:37,2023-05-05 17:26:37
1909,5789,CONSERVADOR,2024-06-20,2024-06-20 14:15:02,2024-06-20 14:15:02
1910,5790,MODERADO,2024-08-13,2024-08-13 11:22:37,2024-08-13 11:22:37
1911,5791,MODERADO,2025-12-10,2025-12-10 18:39:38,2025-12-10 18:39:38
1912,5792,ARROJADO,2024-04-27,2024-04-27 09:28:07,2024-04-27 09:28:07
1913,5793,MODERADO,2025-07-13,2025-07-13 12:03:10,2025-07-13 12:03:10
1914,5793,MODERADO,2024-06-21,2024-06-21 13:19:45,2024-06-21 13:19:45
1915,5794,CONSERVADOR,2025-06-30,2025-06-30 11:37:30,2025-06-30 11:37:30
1916,5795,ARROJADO,2025-11-19,2025-11-19 14:19:18,2025-11-19 14:19:18
1917,5795,MODERADO,2024-02-01,2024-02-01 08:36:22,2024-02-01 08:36:22
1918,5796,CONSERVADOR,2025-02-15,2025-02-15 17:37:03,2025-02-15 17:37:03
1919,5797,CONSERVADOR,2025-05-15,2025-05-15 10:30:32,2025-05-15 10:30:32
1920,5798,CONSERVADOR,2024-10-16,2024-10-16 10:21:41,2024-10-16 10:21:41
1921,5798,ARROJADO,2026-02-18,2026-02-18 11:43:20,2026-02-18 11:43:20
1922,5799,MODERADO,2026-02-24,2026-02-24 14:02:36,2026-02-24 14:02:36
1923,5800,ARROJADO,2025-01-15,2025-01-15 18:43:45,2025-01-15 18:43:45
1924,5801,MODERADO,2023-11-14,2023-11-14 12:56:12,2023-11-14 12:56:12
1925,5802,CONSERVADOR,2026-07-21,2026-07-21 16:07:00,2026-07-21 16:07:00
1926,5803,CONSERVADOR,2025-01-03,2025-01-03 15:11:23,2025-01-03 15:11:23
1927,5804,CONSERVADOR,2023-05-04,2023-05-04 10:27:40,2023-05-04 10:27:40
1928,5805,CONSERVADOR,2023-09-07,2023-09-07 16:49:18,2023-09-07 16:49:18
1929,5805,CONSERVADOR,2025-08-21,2025-08-21 15:16:56,2025-08-21 15:16:56
1930,5806,MODERADO,2024-12-26,2024-12-26 12:37:21,2024-12-26 12:37:21
1931,5807,CONSERVADOR,2023-03-31,2023-03-31 09:19:30,2023-03-31 09:19:30
1932,5808,ARROJADO,2024-09-29,2024-09-29 16:27:52,2024-09-29 16:27:52
1933,5809,CONSERVADOR,2024-11-10,2024-11-10 10:38:02,2024-11-10 10:38:02
1934,5810,CONSERVADOR,2026-07-06,2026-07-06 11:15:25,2026-07-06 11:15:25
1935,5810,MODERADO,2025-09-02,2025-09-02 16:36:57,2025-09-02 16:36:57
1936,5811,MODERADO,2025-05-24,2025-05-24 16:30:29,2025-05-24 16:30:29
1937,5812,CONSERVADOR,2024-03-22,2024-03-22 12:32:00,2024-03-22 12:32:00
1938,5813,CONSERVADOR,2025-07-24,2025-07-24 11:37:15,2025-07-24 11:37:15
1939,5813,MODERADO,2025-07-09,2025-07-09 09:16:19,2025-07-09 09:16:19
1940,5814,MODERADO,2024-03-08,2024-03-08 13:41:05,2024-03-08 13:41:05
1941,5814,CONSERVADOR,2024-11-29,2024-11-29 18:39:06,2024-11-29 18:39:06
1942,5815,ARROJADO,2026-02-23,2026-02-23 08:48:09,2026-02-23 08:48:09
1943,5816,CONSERVADOR,2023-08-27,2023-08-27 16:31:19,2023-08-27 16:31:19
1944,5817,ARROJADO,2026-01-21,2026-01-21 13:35:35,2026-01-21 13:35:35
1945,5818,CONSERVADOR,2023-12-03,2023-12-03 12:09:11,2023-12-03 12:09:11
1946,5819,CONSERVADOR,2023-04-27,2023-04-27 17:32:32,2023-04-27 17:32:32
1947,5820,MODERADO,2025-08-13,2025-08-13 17:40:39,2025-08-13 17:40:39
1948,5821,ARROJADO,2024-02-02,2024-02-02 10:15:39,2024-02-02 10:15:39
1949,5821,MODERADO,2026-02-08,2026-02-08 10:50:42,2026-02-08 10:50:42
1950,5822,CONSERVADOR,2023-06-25,2023-06-25 12:48:50,2023-06-25 12:48:50
1951,5823,CONSERVADOR,2023-02-28,2023-02-28 15:05:05,2023-02-28 15:05:05
1952,5824,CONSERVADOR,2026-07-21,2026-07-21 10:12:55,2026-07-21 10:12:55
1953,5824,ARROJADO,2023-12-10,2023-12-10 12:27:49,2023-12-10 12:27:49
1954,5825,CONSERVADOR,2023-06-15,2023-06-15 13:28:51,2023-06-15 13:28:51
1955,5826,MODERADO,2025-02-03,2025-02-03 08:09:28,2025-02-03 08:09:28
1956,5827,ARROJADO,2025-02-23,2025-02-23 12:06:34,2025-02-23 12:06:34
1957,5828,CONSERVADOR,2026-06-19,2026-06-19 16:58:43,2026-06-19 16:58:43
1958,5829,MODERADO,2024-06-26,2024-06-26 09:54:00,2024-06-26 09:54:00
1959,5830,MODERADO,2025-05-01,2025-05-01 14:07:01,2025-05-01 14:07:01
1960,5831,MODERADO,2023-02-07,2023-02-07 14:36:50,2023-02-07 14:36:50
1961,5832,MODERADO,2026-06-28,2026-06-28 10:35:20,2026-06-28 10:35:20
1962,5833,MODERADO,2024-02-05,2024-02-05 17:27:49,2024-02-05 17:27:49
1963,5834,CONSERVADOR,2023-08-22,2023-08-22 17:37:55,2023-08-22 17:37:55
1964,5835,ARROJADO,2025-09-19,2025-09-19 18:03:01,2025-09-19 18:03:01
1965,5836,ARROJADO,2024-01-28,2024-01-28 10:18:16,2024-01-28 10:18:16
1966,5837,MODERADO,2023-05-28,2023-05-28 15:11:43,2023-05-28 15:11:43
1967,5838,CONSERVADOR,2023-04-30,2023-04-30 13:47:42,2023-04-30 13:47:42
1968,5839,ARROJADO,2023-08-28,2023-08-28 10:55:53,2023-08-28 10:55:53
1969,5840,MODERADO,2024-08-19,2024-08-19 11:40:59,2024-08-19 11:40:59
1970,5841,MODERADO,2023-09-30,2023-09-30 12:18:21,2023-09-30 12:18:21
1971,5842,MODERADO,2024-05-27,2024-05-27 15:55:53,2024-05-27 15:55:53
1972,5843,MODERADO,2024-11-06,2024-11-06 17:05:56,2024-11-06 17:05:56
1973,5844,CONSERVADOR,2026-04-28,2026-04-28 14:43:49,2026-04-28 14:43:49
1974,5845,CONSERVADOR,2025-04-29,2025-04-29 14:52:53,2025-04-29 14:52:53
1975,5846,CONSERVADOR,2024-07-23,2024-07-23 10:34:31,2024-07-23 10:34:31
1976,5847,ARROJADO,2025-05-25,2025-05-25 12:09:51,2025-05-25 12:09:51
1977,5848,CONSERVADOR,2026-01-09,2026-01-09 15:29:36,2026-01-09 15:29:36
1978,5849,MODERADO,2024-02-14,2024-02-14 17:28:49,2024-02-14 17:28:49
1979,5850,MODERADO,2024-05-27,2024-05-27 11:56:03,2024-05-27 11:56:03
1980,5851,MODERADO,2025-04-26,2025-04-26 15:30:35,2025-04-26 15:30:35
1981,5852,CONSERVADOR,2025-07-15,2025-07-15 14:00:52,2025-07-15 14:00:52
1982,5853,MODERADO,2026-02-06,2026-02-06 09:35:13,2026-02-06 09:35:13
1983,5854,MODERADO,2023-04-05,2023-04-05 11:49:11,2023-04-05 11:49:11
1984,5855,CONSERVADOR,2023-11-07,2023-11-07 08:16:48,2023-11-07 08:16:48
1985,5856,MODERADO,2023-05-07,2023-05-07 15:00:46,2023-05-07 15:00:46
1986,5857,MODERADO,2025-02-07,2025-02-07 18:32:08,2025-02-07 18:32:08
1987,5858,ARROJADO,2026-07-13,2026-07-13 17:45:31,2026-07-13 17:45:31
1988,5859,CONSERVADOR,2024-06-05,2024-06-05 16:00:07,2024-06-05 16:00:07
1989,5860,ARROJADO,2026-05-08,2026-05-08 13:31:30,2026-05-08 13:31:30
1990,5861,ARROJADO,2023-01-21,2023-01-21 11:34:55,2023-01-21 11:34:55
1991,5861,CONSERVADOR,2025-06-08,2025-06-08 15:29:09,2025-06-08 15:29:09
1992,5862,ARROJADO,2026-07-25,2026-07-25 13:15:42,2026-07-25 13:15:42
1993,5863,ARROJADO,2023-02-15,2023-02-15 13:41:19,2023-02-15 13:41:19
1994,5864,CONSERVADOR,2025-07-18,2025-07-18 12:25:05,2025-07-18 12:25:05
1995,5865,CONSERVADOR,2026-06-11,2026-06-11 12:59:45,2026-06-11 12:59:45
1996,5866,ARROJADO,2025-06-25,2025-06-25 10:57:02,2025-06-25 10:57:02
1997,5866,MODERADO,2023-10-23,2023-10-23 13:11:30,2023-10-23 13:11:30
1998,5867,ARROJADO,2024-09-03,2024-09-03 15:28:15,2024-09-03 15:28:15
1999,5868,MODERADO,2024-08-25,2024-08-25 13:24:59,2024-08-25 13:24:59
2000,5869,CONSERVADOR,2026-06-14,2026-06-14 11:34:03,2026-06-14 11:34:03
2001,5870,CONSERVADOR,2024-06-17,2024-06-17 10:36:34,2024-06-17 10:36:34
2002,5871,MODERADO,2024-08-09,2024-08-09 18:29:41,2024-08-09 18:29:41
2003,5872,ARROJADO,2023-10-03,2023-10-03 10:54:09,2023-10-03 10:54:09
2004,5873,MODERADO,2025-04-01,2025-04-01 09:48:26,2025-04-01 09:48:26
2005,5874,CONSERVADOR,2025-01-04,2025-01-04 08:45:46,2025-01-04 08:45:46
2006,5875,ARROJADO,2023-03-15,2023-03-15 17:28:02,2023-03-15 17:28:02
2007,5876,MODERADO,2025-09-20,2025-09-20 16:09:38,2025-09-20 16:09:38
2008,5877,ARROJADO,2024-10-12,2024-10-12 16:54:06,2024-10-12 16:54:06
2009,5878,CONSERVADOR,2026-02-15,2026-02-15 08:22:13,2026-02-15 08:22:13
2010,5879,CONSERVADOR,2024-09-14,2024-09-14 11:22:04,2024-09-14 11:22:04
2011,5880,MODERADO,2025-12-20,2025-12-20 10:03:20,2025-12-20 10:03:20
2012,5880,ARROJADO,2024-12-18,2024-12-18 10:27:01,2024-12-18 10:27:01
2013,5881,CONSERVADOR,2023-05-10,2023-05-10 17:49:58,2023-05-10 17:49:58
2014,5882,ARROJADO,2024-03-18,2024-03-18 13:19:19,2024-03-18 13:19:19
2015,5883,CONSERVADOR,2023-02-10,2023-02-10 09:11:31,2023-02-10 09:11:31
2016,5884,CONSERVADOR,2023-01-14,2023-01-14 08:32:16,2023-01-14 08:32:16
2017,5884,CONSERVADOR,2025-06-25,2025-06-25 18:24:45,2025-06-25 18:24:45
2018,5885,MODERADO,2024-06-06,2024-06-06 14:34:53,2024-06-06 14:34:53
2019,5886,MODERADO,2023-09-13,2023-09-13 09:06:44,2023-09-13 09:06:44
2020,5887,MODERADO,2026-07-05,2026-07-05 15:02:04,2026-07-05 15:02:04
2021,5888,CONSERVADOR,2025-08-27,2025-08-27 18:24:59,2025-08-27 18:24:59
2022,5888,CONSERVADOR,2024-09-03,2024-09-03 13:39:42,2024-09-03 13:39:42
2023,5889,ARROJADO,2026-02-17,2026-02-17 08:39:48,2026-02-17 08:39:48
2024,5889,MODERADO,2026-01-31,2026-01-31 10:23:45,2026-01-31 10:23:45
2025,5890,MODERADO,2025-11-23,2025-11-23 08:35:28,2025-11-23 08:35:28
2026,5891,CONSERVADOR,2023-06-12,2023-06-12 13:40:07,2023-06-12 13:40:07
2027,5892,MODERADO,2025-05-10,2025-05-10 09:55:05,2025-05-10 09:55:05
2028,5893,ARROJADO,2023-03-07,2023-03-07 18:12:58,2023-03-07 18:12:58
2029,5893,CONSERVADOR,2026-03-18,2026-03-18 10:42:20,2026-03-18 10:42:20
2030,5894,CONSERVADOR,2024-11-25,2024-11-25 15:17:25,2024-11-25 15:17:25
2031,5894,MODERADO,2023-02-26,2023-02-26 08:28:27,2023-02-26 08:28:27
2032,5895,CONSERVADOR,2025-07-26,2025-07-26 14:32:31,2025-07-26 14:32:31
2033,5896,MODERADO,2025-09-08,2025-09-08 15:15:38,2025-09-08 15:15:38
2034,5897,ARROJADO,2024-05-10,2024-05-10 08:54:46,2024-05-10 08:54:46
2035,5898,CONSERVADOR,2024-05-22,2024-05-22 15:53:54,2024-05-22 15:53:54
2036,5899,CONSERVADOR,2024-01-15,2024-01-15 11:34:18,2024-01-15 11:34:18
2037,5900,CONSERVADOR,2023-02-11,2023-02-11 17:15:05,2023-02-11 17:15:05
2038,5900,MODERADO,2023-01-05,2023-01-05 08:59:52,2023-01-05 08:59:52
2039,5901,CONSERVADOR,2023-12-25,2023-12-25 14:08:22,2023-12-25 14:08:22
2040,5902,ARROJADO,2024-05-07,2024-05-07 18:31:52,2024-05-07 18:31:52
2041,5903,ARROJADO,2026-07-30,2026-07-30 14:12:48,2026-07-30 14:12:48
2042,5904,CONSERVADOR,2023-03-01,2023-03-01 18:33:52,2023-03-01 18:33:52
2043,5905,ARROJADO,2025-07-21,2025-07-21 09:09:54,2025-07-21 09:09:54
2044,5906,CONSERVADOR,2025-03-08,2025-03-08 18:25:35,2025-03-08 18:25:35
2045,5907,CONSERVADOR,2023-07-09,2023-07-09 10:32:39,2023-07-09 10:32:39
2046,5908,CONSERVADOR,2024-03-20,2024-03-20 10:37:01,2024-03-20 10:37:01
2047,5909,CONSERVADOR,2023-06-08,2023-06-08 13:32:22,2023-06-08 13:32:22
2048,5910,MODERADO,2025-08-10,2025-08-10 17:05:53,2025-08-10 17:05:53
2049,5911,MODERADO,2026-07-31,2026-07-31 08:08:20,2026-07-31 08:08:20
2050,5912,CONSERVADOR,2023-05-17,2023-05-17 08:52:31,2023-05-17 08:52:31
2051,5913,MODERADO,2024-07-07,2024-07-07 16:06:19,2024-07-07 16:06:19
2052,5914,CONSERVADOR,2026-03-30,2026-03-30 11:48:37,2026-03-30 11:48:37
2053,5915,MODERADO,2024-02-04,2024-02-04 08:09:31,2024-02-04 08:09:31
2054,5916,CONSERVADOR,2023-09-02,2023-09-02 08:06:06,2023-09-02 08:06:06
2055,5917,MODERADO,2025-11-19,2025-11-19 15:13:05,2025-11-19 15:13:05
2056,5918,CONSERVADOR,2025-11-09,2025-11-09 12:45:32,2025-11-09 12:45:32
2057,5918,MODERADO,2024-03-12,2024-03-12 11:49:35,2024-03-12 11:49:35
2058,5919,CONSERVADOR,2026-07-27,2026-07-27 18:00:19,2026-07-27 18:00:19
2059,5920,MODERADO,2023-07-26,2023-07-26 14:30:20,2023-07-26 14:30:20
2060,5921,MODERADO,2025-06-05,2025-06-05 11:22:55,2025-06-05 11:22:55
2061,5922,CONSERVADOR,2023-02-21,2023-02-21 17:24:37,2023-02-21 17:24:37
2062,5923,ARROJADO,2026-04-25,2026-04-25 16:53:43,2026-04-25 16:53:43
2063,5923,CONSERVADOR,2025-05-16,2025-05-16 09:21:58,2025-05-16 09:21:58
2064,5924,MODERADO,2026-06-07,2026-06-07 16:06:40,2026-06-07 16:06:40
2065,5925,MODERADO,2025-04-28,2025-04-28 10:24:42,2025-04-28 10:24:42
2066,5926,MODERADO,2026-06-26,2026-06-26 12:38:55,2026-06-26 12:38:55
2067,5927,CONSERVADOR,2025-11-01,2025-11-01 13:04:55,2025-11-01 13:04:55
2068,5928,MODERADO,2023-06-30,2023-06-30 11:04:57,2023-06-30 11:04:57
2069,5929,ARROJADO,2023-10-17,2023-10-17 11:08:15,2023-10-17 11:08:15
2070,5930,MODERADO,2024-11-04,2024-11-04 08:19:01,2024-11-04 08:19:01
2071,5931,MODERADO,2023-09-30,2023-09-30 18:59:48,2023-09-30 18:59:48
2072,5932,ARROJADO,2025-09-27,2025-09-27 14:00:17,2025-09-27 14:00:17
2073,5933,MODERADO,2026-03-12,2026-03-12 11:11:30,2026-03-12 11:11:30
2074,5934,ARROJADO,2026-07-24,2026-07-24 16:15:19,2026-07-24 16:15:19
2075,5935,MODERADO,2026-02-11,2026-02-11 15:02:33,2026-02-11 15:02:33
2076,5936,ARROJADO,2025-05-14,2025-05-14 13:30:45,2025-05-14 13:30:45
2077,5937,CONSERVADOR,2023-01-13,2023-01-13 16:56:51,2023-01-13 16:56:51
2078,5938,CONSERVADOR,2023-02-03,2023-02-03 08:05:55,2023-02-03 08:05:55
2079,5939,CONSERVADOR,2024-07-21,2024-07-21 16:30:08,2024-07-21 16:30:08
2080,5940,ARROJADO,2024-06-27,2024-06-27 16:57:28,2024-06-27 16:57:28
2081,5941,MODERADO,2023-09-19,2023-09-19 13:22:53,2023-09-19 13:22:53
2082,5942,CONSERVADOR,2025-07-09,2025-07-09 15:05:03,2025-07-09 15:05:03
2083,5942,CONSERVADOR,2024-04-27,2024-04-27 08:10:49,2024-04-27 08:10:49
2084,5943,MODERADO,2024-08-16,2024-08-16 17:29:02,2024-08-16 17:29:02
2085,5944,CONSERVADOR,2023-11-08,2023-11-08 09:27:31,2023-11-08 09:27:31
2086,5945,CONSERVADOR,2024-10-24,2024-10-24 18:07:42,2024-10-24 18:07:42
2087,5946,CONSERVADOR,2026-02-26,2026-02-26 14:10:55,2026-02-26 14:10:55
2088,5947,CONSERVADOR,2023-04-17,2023-04-17 10:52:36,2023-04-17 10:52:36
2089,5948,MODERADO,2025-11-30,2025-11-30 15:44:29,2025-11-30 15:44:29
2090,5949,CONSERVADOR,2025-04-08,2025-04-08 17:13:04,2025-04-08 17:13:04
2091,5950,ARROJADO,2025-01-24,2025-01-24 14:25:59,2025-01-24 14:25:59
2092,5950,CONSERVADOR,2025-04-06,2025-04-06 18:18:10,2025-04-06 18:18:10
2093,5951,MODERADO,2023-01-13,2023-01-13 16:25:11,2023-01-13 16:25:11
2094,5952,CONSERVADOR,2023-02-08,2023-02-08 08:50:06,2023-02-08 08:50:06
2095,5953,MODERADO,2024-09-10,2024-09-10 10:46:00,2024-09-10 10:46:00
2096,5954,CONSERVADOR,2024-11-14,2024-11-14 12:40:17,2024-11-14 12:40:17
2097,5955,CONSERVADOR,2024-09-06,2024-09-06 15:56:00,2024-09-06 15:56:00
2098,5955,MODERADO,2026-03-14,2026-03-14 08:32:24,2026-03-14 08:32:24
2099,5956,MODERADO,2023-04-20,2023-04-20 11:39:55,2023-04-20 11:39:55
2100,5957,CONSERVADOR,2026-04-22,2026-04-22 11:49:57,2026-04-22 11:49:57
2101,5958,MODERADO,2024-07-01,2024-07-01 12:51:03,2024-07-01 12:51:03
2102,5958,CONSERVADOR,2023-07-18,2023-07-18 16:59:08,2023-07-18 16:59:08
2103,5959,ARROJADO,2025-01-16,2025-01-16 08:58:25,2025-01-16 08:58:25
2104,5960,MODERADO,2026-02-28,2026-02-28 17:14:40,2026-02-28 17:14:40
2105,5961,ARROJADO,2026-01-04,2026-01-04 09:52:09,2026-01-04 09:52:09
2106,5962,CONSERVADOR,2025-05-09,2025-05-09 18:41:06,2025-05-09 18:41:06
2107,5963,CONSERVADOR,2025-08-20,2025-08-20 14:09:55,2025-08-20 14:09:55
2108,5964,MODERADO,2026-01-30,2026-01-30 18:11:37,2026-01-30 18:11:37
2109,5965,CONSERVADOR,2023-10-16,2023-10-16 11:27:01,2023-10-16 11:27:01
2110,5966,MODERADO,2024-06-30,2024-06-30 10:46:26,2024-06-30 10:46:26
2111,5967,CONSERVADOR,2025-02-14,2025-02-14 09:55:40,2025-02-14 09:55:40
2112,5968,ARROJADO,2026-06-28,2026-06-28 15:04:10,2026-06-28 15:04:10
2113,5969,MODERADO,2024-03-27,2024-03-27 16:51:56,2024-03-27 16:51:56
2114,5970,MODERADO,2025-06-19,2025-06-19 15:27:58,2025-06-19 15:27:58
2115,5971,CONSERVADOR,2024-12-22,2024-12-22 12:03:27,2024-12-22 12:03:27
2116,5972,CONSERVADOR,2026-06-02,2026-06-02 14:48:13,2026-06-02 14:48:13
2117,5973,CONSERVADOR,2026-01-02,2026-01-02 09:14:29,2026-01-02 09:14:29
2118,5974,MODERADO,2026-01-26,2026-01-26 12:31:00,2026-01-26 12:31:00
2119,5974,MODERADO,2024-05-23,2024-05-23 10:16:43,2024-05-23 10:16:43
2120,5975,CONSERVADOR,2024-03-11,2024-03-11 15:03:47,2024-03-11 15:03:47
2121,5975,CONSERVADOR,2025-01-03,2025-01-03 18:29:02,2025-01-03 18:29:02
2122,5976,CONSERVADOR,2023-07-01,2023-07-01 17:32:50,2023-07-01 17:32:50
2123,5976,ARROJADO,2023-08-14,2023-08-14 16:02:09,2023-08-14 16:02:09
2124,5977,CONSERVADOR,2023-05-28,2023-05-28 08:25:37,2023-05-28 08:25:37
2125,5977,MODERADO,2024-02-10,2024-02-10 15:07:52,2024-02-10 15:07:52
2126,5978,CONSERVADOR,2023-08-27,2023-08-27 13:27:17,2023-08-27 13:27:17
2127,5979,ARROJADO,2023-06-27,2023-06-27 17:18:25,2023-06-27 17:18:25
2128,5980,CONSERVADOR,2023-04-15,2023-04-15 14:07:33,2023-04-15 14:07:33
2129,5981,CONSERVADOR,2024-12-09,2024-12-09 13:36:02,2024-12-09 13:36:02
2130,5981,MODERADO,2025-01-03,2025-01-03 18:43:17,2025-01-03 18:43:17
2131,5982,ARROJADO,2025-11-06,2025-11-06 15:18:05,2025-11-06 15:18:05
2132,5983,MODERADO,2023-03-21,2023-03-21 12:33:49,2023-03-21 12:33:49
2133,5984,MODERADO,2025-06-01,2025-06-01 14:07:50,2025-06-01 14:07:50
2134,5985,CONSERVADOR,2023-09-17,2023-09-17 10:27:20,2023-09-17 10:27:20
2135,5986,CONSERVADOR,2023-06-21,2023-06-21 13:20:18,2023-06-21 13:20:18
2136,5987,ARROJADO,2026-06-28,2026-06-28 18:38:47,2026-06-28 18:38:47
2137,5988,CONSERVADOR,2025-06-26,2025-06-26 11:58:47,2025-06-26 11:58:47
2138,5989,CONSERVADOR,2026-05-04,2026-05-04 13:15:49,2026-05-04 13:15:49
2139,5989,CONSERVADOR,2026-05-14,2026-05-14 12:42:04,2026-05-14 12:42:04
2140,5990,MODERADO,2024-09-05,2024-09-05 10:19:08,2024-09-05 10:19:08
2141,5991,MODERADO,2023-05-04,2023-05-04 08:45:28,2023-05-04 08:45:28
2142,5992,MODERADO,2026-01-20,2026-01-20 13:39:39,2026-01-20 13:39:39
2143,5992,MODERADO,2024-05-11,2024-05-11 09:21:49,2024-05-11 09:21:49
2144,5993,MODERADO,2023-05-06,2023-05-06 13:32:25,2023-05-06 13:32:25
2145,5994,ARROJADO,2026-05-01,2026-05-01 17:24:10,2026-05-01 17:24:10
2146,5994,ARROJADO,2023-03-12,2023-03-12 11:51:28,2023-03-12 11:51:28
2147,5995,CONSERVADOR,2025-11-03,2025-11-03 10:10:33,2025-11-03 10:10:33
2148,5996,CONSERVADOR,2023-03-11,2023-03-11 11:26:03,2023-03-11 11:26:03
2149,5997,CONSERVADOR,2024-09-19,2024-09-19 08:01:15,2024-09-19 08:01:15
2150,5998,MODERADO,2025-06-25,2025-06-25 15:27:39,2025-06-25 15:27:39
2151,5999,ARROJADO,2023-05-30,2023-05-30 10:26:17,2023-05-30 10:26:17
2152,6000,MODERADO,2026-05-12,2026-05-12 10:59:23,2026-05-12 10:59:23
2153,6001,MODERADO,2023-07-10,2023-07-10 17:16:48,2023-07-10 17:16:48
2154,6002,MODERADO,2023-12-18,2023-12-18 16:08:34,2023-12-18 16:08:34
2155,6003,CONSERVADOR,2023-12-30,2023-12-30 11:35:42,2023-12-30 11:35:42
2156,6004,CONSERVADOR,2023-03-02,2023-03-02 13:06:05,2023-03-02 13:06:05
2157,6005,CONSERVADOR,2025-03-19,2025-03-19 16:04:52,2025-03-19 16:04:52
2158,6006,CONSERVADOR,2024-12-12,2024-12-12 11:58:38,2024-12-12 11:58:38
2159,6007,CONSERVADOR,2024-08-08,2024-08-08 09:18:03,2024-08-08 09:18:03
2160,6008,CONSERVADOR,2024-11-23,2024-11-23 13:08:00,2024-11-23 13:08:00
2161,6009,MODERADO,2024-06-20,2024-06-20 09:52:42,2024-06-20 09:52:42
2162,6009,MODERADO,2025-03-13,2025-03-13 12:37:36,2025-03-13 12:37:36
2163,6010,MODERADO,2026-06-25,2026-06-25 09:42:23,2026-06-25 09:42:23
2164,6011,CONSERVADOR,2023-07-12,2023-07-12 16:50:03,2023-07-12 16:50:03
2165,6011,MODERADO,2025-06-10,2025-06-10 10:04:41,2025-06-10 10:04:41
2166,6012,CONSERVADOR,2023-01-23,2023-01-23 10:05:37,2023-01-23 10:05:37
2167,6013,MODERADO,2025-02-23,2025-02-23 16:39:55,2025-02-23 16:39:55
2168,6014,MODERADO,2024-08-30,2024-08-30 12:42:08,2024-08-30 12:42:08
2169,6014,CONSERVADOR,2025-10-27,2025-10-27 16:33:53,2025-10-27 16:33:53
2170,6015,CONSERVADOR,2025-02-11,2025-02-11 18:26:09,2025-02-11 18:26:09
2171,6016,ARROJADO,2024-07-29,2024-07-29 16:30:10,2024-07-29 16:30:10
2172,6017,MODERADO,2024-11-26,2024-11-26 16:44:13,2024-11-26 16:44:13
2173,6018,CONSERVADOR,2024-04-24,2024-04-24 16:08:46,2024-04-24 16:08:46
2174,6019,ARROJADO,2024-05-14,2024-05-14 14:06:54,2024-05-14 14:06:54
2175,6020,ARROJADO,2023-04-17,2023-04-17 09:24:02,2023-04-17 09:24:02
2176,6021,MODERADO,2024-09-15,2024-09-15 17:23:32,2024-09-15 17:23:32
2177,6022,MODERADO,2024-02-18,2024-02-18 17:36:53,2024-02-18 17:36:53
2178,6023,MODERADO,2023-10-31,2023-10-31 14:37:53,2023-10-31 14:37:53
2179,6023,CONSERVADOR,2023-06-02,2023-06-02 10:05:50,2023-06-02 10:05:50
2180,6024,MODERADO,2024-10-31,2024-10-31 13:25:34,2024-10-31 13:25:34
2181,6025,CONSERVADOR,2025-01-13,2025-01-13 17:38:23,2025-01-13 17:38:23
2182,6025,MODERADO,2026-07-25,2026-07-25 18:41:30,2026-07-25 18:41:30
2183,6026,MODERADO,2026-04-08,2026-04-08 10:39:29,2026-04-08 10:39:29
2184,6026,MODERADO,2024-01-15,2024-01-15 13:25:36,2024-01-15 13:25:36
2185,6027,MODERADO,2023-10-18,2023-10-18 12:34:40,2023-10-18 12:34:40
2186,6028,CONSERVADOR,2024-02-26,2024-02-26 18:44:07,2024-02-26 18:44:07
2187,6028,CONSERVADOR,2026-04-12,2026-04-12 14:55:30,2026-04-12 14:55:30
2188,6029,MODERADO,2025-12-19,2025-12-19 12:11:48,2025-12-19 12:11:48
2189,6029,CONSERVADOR,2024-08-09,2024-08-09 08:25:59,2024-08-09 08:25:59
2190,6030,CONSERVADOR,2025-09-03,2025-09-03 18:14:19,2025-09-03 18:14:19
2191,6031,CONSERVADOR,2024-06-22,2024-06-22 11:38:49,2024-06-22 11:38:49
2192,6032,ARROJADO,2025-07-03,2025-07-03 13:05:44,2025-07-03 13:05:44
2193,6033,CONSERVADOR,2023-05-04,2023-05-04 18:31:04,2023-05-04 18:31:04
2194,6034,CONSERVADOR,2024-04-09,2024-04-09 17:17:48,2024-04-09 17:17:48
2195,6035,MODERADO,2025-12-13,2025-12-13 17:58:04,2025-12-13 17:58:04
2196,6035,ARROJADO,2025-01-09,2025-01-09 09:04:17,2025-01-09 09:04:17
2197,6036,MODERADO,2025-11-20,2025-11-20 10:55:03,2025-11-20 10:55:03
2198,6037,CONSERVADOR,2023-12-27,2023-12-27 09:09:04,2023-12-27 09:09:04
2199,6037,ARROJADO,2026-05-18,2026-05-18 13:59:00,2026-05-18 13:59:00
2200,6038,MODERADO,2024-03-27,2024-03-27 13:29:37,2024-03-27 13:29:37
2201,6038,CONSERVADOR,2024-02-27,2024-02-27 12:15:34,2024-02-27 12:15:34
2202,6039,ARROJADO,2024-10-31,2024-10-31 10:18:08,2024-10-31 10:18:08
2203,6040,ARROJADO,2023-11-28,2023-11-28 12:05:51,2023-11-28 12:05:51
2204,6041,CONSERVADOR,2024-02-12,2024-02-12 09:28:43,2024-02-12 09:28:43
2205,6042,ARROJADO,2024-09-07,2024-09-07 13:50:58,2024-09-07 13:50:58
2206,6043,CONSERVADOR,2024-12-18,2024-12-18 11:38:33,2024-12-18 11:38:33
2207,6043,CONSERVADOR,2024-12-26,2024-12-26 16:33:47,2024-12-26 16:33:47
2208,6044,CONSERVADOR,2023-10-19,2023-10-19 08:51:45,2023-10-19 08:51:45
2209,6045,MODERADO,2023-11-17,2023-11-17 12:31:44,2023-11-17 12:31:44
2210,6046,CONSERVADOR,2026-05-30,2026-05-30 17:28:58,2026-05-30 17:28:58
2211,6047,MODERADO,2026-06-09,2026-06-09 11:58:41,2026-06-09 11:58:41
2212,6047,MODERADO,2023-11-14,2023-11-14 18:51:09,2023-11-14 18:51:09
2213,6048,ARROJADO,2026-05-31,2026-05-31 16:37:21,2026-05-31 16:37:21
2214,6049,MODERADO,2024-02-29,2024-02-29 18:12:12,2024-02-29 18:12:12
2215,6050,CONSERVADOR,2025-08-26,2025-08-26 16:45:00,2025-08-26 16:45:00
2216,6051,ARROJADO,2023-09-11,2023-09-11 12:48:54,2023-09-11 12:48:54
2217,6052,ARROJADO,2024-11-24,2024-11-24 14:51:18,2024-11-24 14:51:18
2218,6053,MODERADO,2023-10-18,2023-10-18 08:40:02,2023-10-18 08:40:02
2219,6054,CONSERVADOR,2023-03-22,2023-03-22 09:06:15,2023-03-22 09:06:15
2220,6055,MODERADO,2026-01-01,2026-01-01 10:00:58,2026-01-01 10:00:58
2221,6056,CONSERVADOR,2023-07-12,2023-07-12 12:06:16,2023-07-12 12:06:16
2222,6057,CONSERVADOR,2026-04-21,2026-04-21 09:21:14,2026-04-21 09:21:14
2223,6058,MODERADO,2024-05-25,2024-05-25 11:51:24,2024-05-25 11:51:24
2224,6058,MODERADO,2024-03-13,2024-03-13 08:21:41,2024-03-13 08:21:41
2225,6059,CONSERVADOR,2025-03-23,2025-03-23 08:14:50,2025-03-23 08:14:50
2226,6060,MODERADO,2024-10-07,2024-10-07 17:03:10,2024-10-07 17:03:10
2227,6061,CONSERVADOR,2023-02-08,2023-02-08 14:40:24,2023-02-08 14:40:24
2228,6062,CONSERVADOR,2024-03-14,2024-03-14 11:46:26,2024-03-14 11:46:26
2229,6063,CONSERVADOR,2023-06-21,2023-06-21 13:30:50,2023-06-21 13:30:50
2230,6064,CONSERVADOR,2023-11-26,2023-11-26 15:19:46,2023-11-26 15:19:46
2231,6065,MODERADO,2023-05-26,2023-05-26 18:16:50,2023-05-26 18:16:50
2232,6066,CONSERVADOR,2024-03-20,2024-03-20 10:52:18,2024-03-20 10:52:18
2233,6066,CONSERVADOR,2025-01-14,2025-01-14 12:53:01,2025-01-14 12:53:01
2234,6067,MODERADO,2026-06-23,2026-06-23 14:42:54,2026-06-23 14:42:54
2235,6068,MODERADO,2023-09-06,2023-09-06 12:30:07,2023-09-06 12:30:07
2236,6069,CONSERVADOR,2024-12-27,2024-12-27 09:41:38,2024-12-27 09:41:38
2237,6070,CONSERVADOR,2024-03-20,2024-03-20 08:34:41,2024-03-20 08:34:41
2238,6071,MODERADO,2023-03-24,2023-03-24 17:22:21,2023-03-24 17:22:21
2239,6072,CONSERVADOR,2025-03-10,2025-03-10 18:01:50,2025-03-10 18:01:50
2240,6072,MODERADO,2025-01-04,2025-01-04 08:58:43,2025-01-04 08:58:43
2241,6073,CONSERVADOR,2025-07-29,2025-07-29 16:51:59,2025-07-29 16:51:59
2242,6074,CONSERVADOR,2023-11-09,2023-11-09 17:10:24,2023-11-09 17:10:24
2243,6075,CONSERVADOR,2024-02-16,2024-02-16 11:03:47,2024-02-16 11:03:47
2244,6076,MODERADO,2025-09-13,2025-09-13 15:55:59,2025-09-13 15:55:59
2245,6077,CONSERVADOR,2023-04-13,2023-04-13 18:33:19,2023-04-13 18:33:19
2246,6078,ARROJADO,2026-02-03,2026-02-03 09:28:41,2026-02-03 09:28:41
2247,6079,ARROJADO,2025-05-27,2025-05-27 18:28:13,2025-05-27 18:28:13
2248,6080,CONSERVADOR,2026-04-04,2026-04-04 08:33:09,2026-04-04 08:33:09
2249,6080,CONSERVADOR,2025-09-03,2025-09-03 14:32:16,2025-09-03 14:32:16
2250,6081,ARROJADO,2025-02-12,2025-02-12 14:44:25,2025-02-12 14:44:25
2251,6082,CONSERVADOR,2025-04-07,2025-04-07 17:57:15,2025-04-07 17:57:15
2252,6083,CONSERVADOR,2023-11-12,2023-11-12 09:11:45,2023-11-12 09:11:45
2253,6084,CONSERVADOR,2025-07-14,2025-07-14 17:14:52,2025-07-14 17:14:52
2254,6084,MODERADO,2023-10-23,2023-10-23 17:14:03,2023-10-23 17:14:03
2255,6085,MODERADO,2024-11-27,2024-11-27 18:17:49,2024-11-27 18:17:49
2256,6086,MODERADO,2023-12-07,2023-12-07 17:56:45,2023-12-07 17:56:45
2257,6087,CONSERVADOR,2026-06-12,2026-06-12 18:04:00,2026-06-12 18:04:00
2258,6088,CONSERVADOR,2024-05-30,2024-05-30 18:36:02,2024-05-30 18:36:02
2259,6089,CONSERVADOR,2025-08-11,2025-08-11 18:48:58,2025-08-11 18:48:58
2260,6090,MODERADO,2024-08-15,2024-08-15 10:41:46,2024-08-15 10:41:46
2261,6091,ARROJADO,2025-04-29,2025-04-29 08:07:48,2025-04-29 08:07:48
2262,6092,CONSERVADOR,2023-06-17,2023-06-17 10:44:45,2023-06-17 10:44:45
2263,6093,MODERADO,2025-04-03,2025-04-03 16:48:53,2025-04-03 16:48:53
2264,6094,CONSERVADOR,2026-04-26,2026-04-26 09:28:53,2026-04-26 09:28:53
2265,6095,ARROJADO,2023-09-21,2023-09-21 11:31:02,2023-09-21 11:31:02
2266,6096,ARROJADO,2024-04-12,2024-04-12 17:49:07,2024-04-12 17:49:07
2267,6097,ARROJADO,2025-10-31,2025-10-31 14:41:17,2025-10-31 14:41:17
2268,6098,CONSERVADOR,2024-12-10,2024-12-10 09:29:15,2024-12-10 09:29:15
2269,6099,ARROJADO,2025-01-25,2025-01-25 15:52:02,2025-01-25 15:52:02
2270,6099,CONSERVADOR,2025-05-25,2025-05-25 17:39:18,2025-05-25 17:39:18
2271,6100,MODERADO,2026-04-14,2026-04-14 15:59:43,2026-04-14 15:59:43
2272,6100,CONSERVADOR,2025-04-06,2025-04-06 14:13:40,2025-04-06 14:13:40
2273,6101,CONSERVADOR,2026-03-16,2026-03-16 08:18:26,2026-03-16 08:18:26
2274,6102,CONSERVADOR,2023-07-15,2023-07-15 15:00:04,2023-07-15 15:00:04
2275,6103,ARROJADO,2026-01-26,2026-01-26 08:58:58,2026-01-26 08:58:58
2276,6104,CONSERVADOR,2024-11-17,2024-11-17 09:55:06,2024-11-17 09:55:06
2277,6104,ARROJADO,2023-02-04,2023-02-04 12:52:51,2023-02-04 12:52:51
2278,6105,CONSERVADOR,2023-08-23,2023-08-23 15:44:14,2023-08-23 15:44:14
2279,6106,MODERADO,2025-02-17,2025-02-17 18:19:43,2025-02-17 18:19:43
2280,6107,CONSERVADOR,2026-06-27,2026-06-27 17:07:09,2026-06-27 17:07:09
2281,6108,MODERADO,2025-07-05,2025-07-05 16:10:35,2025-07-05 16:10:35
2282,6108,CONSERVADOR,2023-10-06,2023-10-06 14:11:53,2023-10-06 14:11:53
2283,6109,ARROJADO,2026-01-10,2026-01-10 16:03:44,2026-01-10 16:03:44
2284,6110,ARROJADO,2023-01-04,2023-01-04 12:34:18,2023-01-04 12:34:18
2285,6110,CONSERVADOR,2024-10-26,2024-10-26 08:50:20,2024-10-26 08:50:20
2286,6111,CONSERVADOR,2026-05-14,2026-05-14 11:21:02,2026-05-14 11:21:02
2287,6112,CONSERVADOR,2023-04-03,2023-04-03 10:46:15,2023-04-03 10:46:15
2288,6113,ARROJADO,2023-03-18,2023-03-18 17:30:19,2023-03-18 17:30:19
2289,6114,MODERADO,2024-02-25,2024-02-25 13:23:45,2024-02-25 13:23:45
2290,6115,MODERADO,2023-06-10,2023-06-10 09:53:51,2023-06-10 09:53:51
2291,6116,ARROJADO,2024-12-02,2024-12-02 18:25:34,2024-12-02 18:25:34
2292,6117,ARROJADO,2025-06-02,2025-06-02 12:26:40,2025-06-02 12:26:40
2293,6118,ARROJADO,2026-07-22,2026-07-22 12:32:33,2026-07-22 12:32:33
2294,6119,ARROJADO,2023-09-24,2023-09-24 11:13:22,2023-09-24 11:13:22
2295,6119,MODERADO,2024-05-01,2024-05-01 12:35:22,2024-05-01 12:35:22
2296,6120,MODERADO,2024-04-06,2024-04-06 14:42:17,2024-04-06 14:42:17
2297,6121,CONSERVADOR,2024-10-05,2024-10-05 15:34:28,2024-10-05 15:34:28
2298,6122,CONSERVADOR,2023-01-28,2023-01-28 15:34:33,2023-01-28 15:34:33
2299,6123,MODERADO,2024-04-22,2024-04-22 18:13:56,2024-04-22 18:13:56
2300,6124,CONSERVADOR,2024-03-23,2024-03-23 13:06:51,2024-03-23 13:06:51
2301,6125,CONSERVADOR,2026-05-08,2026-05-08 16:43:36,2026-05-08 16:43:36
2302,6126,MODERADO,2026-05-16,2026-05-16 12:13:19,2026-05-16 12:13:19
2303,6127,CONSERVADOR,2024-07-29,2024-07-29 09:18:35,2024-07-29 09:18:35
2304,6128,CONSERVADOR,2024-05-07,2024-05-07 13:04:24,2024-05-07 13:04:24
2305,6129,ARROJADO,2026-01-07,2026-01-07 16:35:53,2026-01-07 16:35:53
2306,6129,ARROJADO,2025-06-24,2025-06-24 12:21:54,2025-06-24 12:21:54
2307,6130,CONSERVADOR,2024-05-05,2024-05-05 09:28:14,2024-05-05 09:28:14
2308,6131,MODERADO,2025-06-07,2025-06-07 14:03:35,2025-06-07 14:03:35
2309,6132,MODERADO,2025-02-24,2025-02-24 16:29:56,2025-02-24 16:29:56
2310,6133,MODERADO,2025-03-06,2025-03-06 16:08:02,2025-03-06 16:08:02
2311,6134,CONSERVADOR,2026-05-01,2026-05-01 09:46:57,2026-05-01 09:46:57
2312,6134,ARROJADO,2024-11-06,2024-11-06 14:45:04,2024-11-06 14:45:04
2313,6135,MODERADO,2024-01-28,2024-01-28 13:12:30,2024-01-28 13:12:30
2314,6136,MODERADO,2025-03-08,2025-03-08 16:31:56,2025-03-08 16:31:56
2315,6137,CONSERVADOR,2024-09-26,2024-09-26 18:33:13,2024-09-26 18:33:13
2316,6138,CONSERVADOR,2024-04-28,2024-04-28 08:13:33,2024-04-28 08:13:33
2317,6138,MODERADO,2025-03-06,2025-03-06 13:24:12,2025-03-06 13:24:12
2318,6139,CONSERVADOR,2025-10-07,2025-10-07 15:37:00,2025-10-07 15:37:00
2319,6140,MODERADO,2023-10-13,2023-10-13 09:00:40,2023-10-13 09:00:40
2320,6141,CONSERVADOR,2025-02-27,2025-02-27 14:12:11,2025-02-27 14:12:11
2321,6142,MODERADO,2025-07-24,2025-07-24 09:25:25,2025-07-24 09:25:25
2322,6143,ARROJADO,2025-02-11,2025-02-11 11:03:19,2025-02-11 11:03:19
2323,6143,CONSERVADOR,2025-05-19,2025-05-19 17:25:43,2025-05-19 17:25:43
2324,6144,MODERADO,2026-07-05,2026-07-05 18:27:23,2026-07-05 18:27:23
2325,6145,MODERADO,2025-12-20,2025-12-20 17:41:55,2025-12-20 17:41:55
2326,6146,ARROJADO,2024-05-21,2024-05-21 13:30:45,2024-05-21 13:30:45
2327,6147,ARROJADO,2024-01-22,2024-01-22 08:48:45,2024-01-22 08:48:45
2328,6148,CONSERVADOR,2025-02-15,2025-02-15 13:59:17,2025-02-15 13:59:17
2329,6149,CONSERVADOR,2023-11-19,2023-11-19 18:32:09,2023-11-19 18:32:09
2330,6150,ARROJADO,2025-08-31,2025-08-31 08:15:53,2025-08-31 08:15:53
2331,6151,ARROJADO,2024-03-17,2024-03-17 09:36:35,2024-03-17 09:36:35
2332,6152,MODERADO,2024-04-25,2024-04-25 11:21:57,2024-04-25 11:21:57
2333,6153,MODERADO,2023-06-23,2023-06-23 17:31:52,2023-06-23 17:31:52
2334,6154,CONSERVADOR,2023-07-07,2023-07-07 12:36:21,2023-07-07 12:36:21
2335,6155,CONSERVADOR,2024-09-12,2024-09-12 15:36:41,2024-09-12 15:36:41
2336,6156,ARROJADO,2024-03-10,2024-03-10 12:55:07,2024-03-10 12:55:07
2337,6157,CONSERVADOR,2024-09-22,2024-09-22 10:50:14,2024-09-22 10:50:14
2338,6158,CONSERVADOR,2023-03-02,2023-03-02 18:35:16,2023-03-02 18:35:16
2339,6159,MODERADO,2023-09-30,2023-09-30 11:42:49,2023-09-30 11:42:49
2340,6160,MODERADO,2026-03-25,2026-03-25 12:48:26,2026-03-25 12:48:26
2341,6161,ARROJADO,2026-01-19,2026-01-19 18:00:05,2026-01-19 18:00:05
2342,6162,CONSERVADOR,2025-09-04,2025-09-04 08:41:57,2025-09-04 08:41:57
2343,6162,MODERADO,2025-01-30,2025-01-30 14:40:13,2025-01-30 14:40:13
2344,6163,MODERADO,2024-05-09,2024-05-09 13:32:32,2024-05-09 13:32:32
2345,6164,CONSERVADOR,2024-05-04,2024-05-04 11:27:36,2024-05-04 11:27:36
2346,6165,CONSERVADOR,2025-05-13,2025-05-13 13:32:06,2025-05-13 13:32:06
2347,6166,MODERADO,2025-08-10,2025-08-10 14:04:16,2025-08-10 14:04:16
2348,6166,MODERADO,2023-05-23,2023-05-23 16:17:59,2023-05-23 16:17:59
2349,6167,MODERADO,2025-01-07,2025-01-07 08:57:39,2025-01-07 08:57:39
2350,6168,MODERADO,2023-09-11,2023-09-11 09:43:54,2023-09-11 09:43:54
2351,6169,MODERADO,2025-05-03,2025-05-03 08:37:12,2025-05-03 08:37:12
2352,6170,ARROJADO,2024-06-29,2024-06-29 10:13:14,2024-06-29 10:13:14
2353,6171,MODERADO,2024-10-09,2024-10-09 11:39:53,2024-10-09 11:39:53
2354,6171,CONSERVADOR,2024-07-01,2024-07-01 11:24:06,2024-07-01 11:24:06
2355,6172,CONSERVADOR,2023-05-19,2023-05-19 15:56:27,2023-05-19 15:56:27
2356,6173,CONSERVADOR,2023-10-27,2023-10-27 17:53:46,2023-10-27 17:53:46
2357,6173,CONSERVADOR,2024-06-07,2024-06-07 13:32:29,2024-06-07 13:32:29
2358,6174,CONSERVADOR,2024-04-29,2024-04-29 17:23:44,2024-04-29 17:23:44
2359,6175,MODERADO,2025-08-12,2025-08-12 15:17:12,2025-08-12 15:17:12
2360,6175,CONSERVADOR,2026-04-04,2026-04-04 13:09:28,2026-04-04 13:09:28
2361,6176,ARROJADO,2023-04-17,2023-04-17 08:45:13,2023-04-17 08:45:13
2362,6177,ARROJADO,2026-04-03,2026-04-03 11:18:40,2026-04-03 11:18:40
2363,6178,MODERADO,2025-09-22,2025-09-22 15:35:44,2025-09-22 15:35:44
2364,6179,MODERADO,2026-05-06,2026-05-06 17:10:16,2026-05-06 17:10:16
2365,6180,CONSERVADOR,2023-06-02,2023-06-02 13:51:46,2023-06-02 13:51:46
2366,6181,CONSERVADOR,2023-12-01,2023-12-01 08:53:04,2023-12-01 08:53:04
2367,6182,CONSERVADOR,2026-04-17,2026-04-17 13:24:50,2026-04-17 13:24:50
2368,6183,CONSERVADOR,2025-01-19,2025-01-19 14:43:29,2025-01-19 14:43:29
2369,6184,ARROJADO,2024-02-25,2024-02-25 10:50:39,2024-02-25 10:50:39
2370,6184,MODERADO,2023-03-19,2023-03-19 10:20:29,2023-03-19 10:20:29
2371,6185,CONSERVADOR,2024-07-10,2024-07-10 16:49:54,2024-07-10 16:49:54
2372,6186,CONSERVADOR,2025-03-22,2025-03-22 11:22:15,2025-03-22 11:22:15
2373,6187,MODERADO,2026-01-06,2026-01-06 17:24:32,2026-01-06 17:24:32
2374,6187,CONSERVADOR,2025-04-03,2025-04-03 13:58:39,2025-04-03 13:58:39
2375,6188,ARROJADO,2025-07-13,2025-07-13 09:15:22,2025-07-13 09:15:22
2376,6189,CONSERVADOR,2023-08-16,2023-08-16 15:30:52,2023-08-16 15:30:52
2377,6189,ARROJADO,2025-08-22,2025-08-22 17:41:48,2025-08-22 17:41:48
2378,6190,MODERADO,2025-09-24,2025-09-24 15:14:55,2025-09-24 15:14:55
2379,6191,CONSERVADOR,2023-10-02,2023-10-02 15:21:41,2023-10-02 15:21:41
2380,6192,CONSERVADOR,2023-08-02,2023-08-02 16:40:57,2023-08-02 16:40:57
2381,6192,MODERADO,2023-03-07,2023-03-07 18:50:53,2023-03-07 18:50:53
2382,6193,CONSERVADOR,2025-06-09,2025-06-09 15:55:15,2025-06-09 15:55:15
2383,6194,ARROJADO,2025-11-12,2025-11-12 17:24:51,2025-11-12 17:24:51
2384,6195,MODERADO,2023-08-15,2023-08-15 10:41:48,2023-08-15 10:41:48
2385,6196,ARROJADO,2023-12-23,2023-12-23 08:41:55,2023-12-23 08:41:55
2386,6197,CONSERVADOR,2023-03-14,2023-03-14 09:52:11,2023-03-14 09:52:11
2387,6198,MODERADO,2024-12-03,2024-12-03 13:41:02,2024-12-03 13:41:02
2388,6199,MODERADO,2025-07-08,2025-07-08 08:29:58,2025-07-08 08:29:58
2389,6200,ARROJADO,2024-09-21,2024-09-21 16:07:46,2024-09-21 16:07:46
2390,6201,CONSERVADOR,2025-11-06,2025-11-06 11:34:50,2025-11-06 11:34:50
2391,6202,CONSERVADOR,2025-11-10,2025-11-10 10:22:38,2025-11-10 10:22:38
2392,6203,MODERADO,2025-11-06,2025-11-06 18:04:29,2025-11-06 18:04:29
2393,6204,CONSERVADOR,2025-08-02,2025-08-02 18:21:21,2025-08-02 18:21:21
2394,6205,CONSERVADOR,2024-06-07,2024-06-07 15:14:34,2024-06-07 15:14:34
2395,6205,CONSERVADOR,2025-10-10,2025-10-10 11:42:33,2025-10-10 11:42:33
2396,6206,MODERADO,2024-11-14,2024-11-14 09:11:21,2024-11-14 09:11:21
2397,6207,ARROJADO,2023-05-19,2023-05-19 17:28:00,2023-05-19 17:28:00
2398,6208,MODERADO,2026-05-02,2026-05-02 18:56:39,2026-05-02 18:56:39
2399,6209,CONSERVADOR,2024-03-26,2024-03-26 16:26:30,2024-03-26 16:26:30
2400,6209,ARROJADO,2024-08-13,2024-08-13 17:37:10,2024-08-13 17:37:10
2401,6210,MODERADO,2023-09-30,2023-09-30 10:38:37,2023-09-30 10:38:37
2402,6211,MODERADO,2023-02-07,2023-02-07 15:21:29,2023-02-07 15:21:29
2403,6212,CONSERVADOR,2023-08-21,2023-08-21 17:33:12,2023-08-21 17:33:12
2404,6213,ARROJADO,2025-10-20,2025-10-20 08:42:23,2025-10-20 08:42:23
2405,6214,CONSERVADOR,2023-04-19,2023-04-19 18:53:29,2023-04-19 18:53:29
2406,6214,CONSERVADOR,2025-03-05,2025-03-05 13:12:52,2025-03-05 13:12:52
2407,6215,ARROJADO,2025-12-30,2025-12-30 08:52:24,2025-12-30 08:52:24
2408,6216,MODERADO,2026-07-19,2026-07-19 14:09:46,2026-07-19 14:09:46
2409,6216,ARROJADO,2025-04-17,2025-04-17 09:09:53,2025-04-17 09:09:53
2410,6217,MODERADO,2026-04-06,2026-04-06 11:04:19,2026-04-06 11:04:19
2411,6218,CONSERVADOR,2024-06-10,2024-06-10 11:28:54,2024-06-10 11:28:54
2412,6219,MODERADO,2024-07-06,2024-07-06 09:54:43,2024-07-06 09:54:43
2413,6220,MODERADO,2023-12-29,2023-12-29 12:44:03,2023-12-29 12:44:03
2414,6221,ARROJADO,2024-03-25,2024-03-25 12:40:41,2024-03-25 12:40:41
2415,6222,MODERADO,2023-11-04,2023-11-04 08:00:00,2023-11-04 08:00:00
2416,6223,MODERADO,2023-05-30,2023-05-30 16:21:36,2023-05-30 16:21:36
2417,6224,MODERADO,2024-09-02,2024-09-02 10:40:02,2024-09-02 10:40:02
2418,6225,CONSERVADOR,2024-06-03,2024-06-03 10:30:01,2024-06-03 10:30:01
2419,6226,MODERADO,2025-05-07,2025-05-07 12:24:09,2025-05-07 12:24:09
2420,6227,CONSERVADOR,2024-09-16,2024-09-16 15:29:55,2024-09-16 15:29:55
2421,6228,CONSERVADOR,2024-10-31,2024-10-31 10:41:29,2024-10-31 10:41:29
2422,6229,MODERADO,2026-07-02,2026-07-02 09:27:12,2026-07-02 09:27:12
2423,6230,ARROJADO,2026-02-02,2026-02-02 15:45:53,2026-02-02 15:45:53
2424,6231,MODERADO,2024-09-16,2024-09-16 10:56:34,2024-09-16 10:56:34
2425,6231,ARROJADO,2025-05-30,2025-05-30 08:21:07,2025-05-30 08:21:07
2426,6232,ARROJADO,2025-11-11,2025-11-11 15:10:38,2025-11-11 15:10:38
2427,6232,CONSERVADOR,2024-03-31,2024-03-31 10:08:12,2024-03-31 10:08:12
2428,6233,MODERADO,2026-06-24,2026-06-24 09:11:41,2026-06-24 09:11:41
2429,6234,MODERADO,2025-03-05,2025-03-05 13:10:40,2025-03-05 13:10:40
2430,6235,CONSERVADOR,2023-01-30,2023-01-30 10:29:59,2023-01-30 10:29:59
2431,6236,MODERADO,2024-06-24,2024-06-24 14:52:27,2024-06-24 14:52:27
2432,6237,MODERADO,2024-10-29,2024-10-29 12:52:27,2024-10-29 12:52:27
2433,6238,ARROJADO,2025-04-09,2025-04-09 17:43:52,2025-04-09 17:43:52
2434,6239,ARROJADO,2023-10-30,2023-10-30 12:34:30,2023-10-30 12:34:30
2435,6240,CONSERVADOR,2024-12-19,2024-12-19 12:27:34,2024-12-19 12:27:34
2436,6241,CONSERVADOR,2024-09-22,2024-09-22 08:27:27,2024-09-22 08:27:27
2437,6242,CONSERVADOR,2026-03-16,2026-03-16 15:21:08,2026-03-16 15:21:08
2438,6243,MODERADO,2026-01-05,2026-01-05 08:04:11,2026-01-05 08:04:11
2439,6244,MODERADO,2024-10-01,2024-10-01 12:05:21,2024-10-01 12:05:21
2440,6245,CONSERVADOR,2026-03-22,2026-03-22 12:38:55,2026-03-22 12:38:55
2441,6246,MODERADO,2024-12-18,2024-12-18 16:16:37,2024-12-18 16:16:37
2442,6247,MODERADO,2026-02-22,2026-02-22 12:44:34,2026-02-22 12:44:34
2443,6248,MODERADO,2025-09-12,2025-09-12 10:06:24,2025-09-12 10:06:24
2444,6249,CONSERVADOR,2025-05-02,2025-05-02 09:01:23,2025-05-02 09:01:23
2445,6250,ARROJADO,2024-11-14,2024-11-14 13:55:08,2024-11-14 13:55:08
2446,6251,MODERADO,2025-10-05,2025-10-05 15:32:17,2025-10-05 15:32:17
2447,6252,ARROJADO,2026-04-28,2026-04-28 09:12:24,2026-04-28 09:12:24
2448,6253,CONSERVADOR,2024-03-08,2024-03-08 16:56:51,2024-03-08 16:56:51
2449,6254,CONSERVADOR,2023-07-24,2023-07-24 10:10:11,2023-07-24 10:10:11
2450,6255,MODERADO,2025-05-29,2025-05-29 13:46:14,2025-05-29 13:46:14
2451,6256,CONSERVADOR,2023-05-24,2023-05-24 18:02:00,2023-05-24 18:02:00
2452,6257,CONSERVADOR,2024-12-01,2024-12-01 15:10:49,2024-12-01 15:10:49
2453,6257,CONSERVADOR,2025-11-06,2025-11-06 17:42:34,2025-11-06 17:42:34
2454,6258,CONSERVADOR,2024-09-01,2024-09-01 18:39:28,2024-09-01 18:39:28
2455,6259,MODERADO,2024-04-25,2024-04-25 16:58:16,2024-04-25 16:58:16
2456,6260,CONSERVADOR,2023-11-21,2023-11-21 17:58:38,2023-11-21 17:58:38
2457,6260,ARROJADO,2023-05-03,2023-05-03 18:49:01,2023-05-03 18:49:01
2458,6261,MODERADO,2024-09-07,2024-09-07 15:33:40,2024-09-07 15:33:40
2459,6262,ARROJADO,2023-07-01,2023-07-01 17:48:12,2023-07-01 17:48:12
2460,6263,CONSERVADOR,2023-08-05,2023-08-05 13:53:31,2023-08-05 13:53:31
2461,6263,CONSERVADOR,2023-03-08,2023-03-08 16:24:04,2023-03-08 16:24:04
2462,6264,MODERADO,2024-08-01,2024-08-01 14:42:04,2024-08-01 14:42:04
2463,6265,ARROJADO,2026-02-25,2026-02-25 15:00:33,2026-02-25 15:00:33
2464,6266,MODERADO,2023-09-23,2023-09-23 18:20:19,2023-09-23 18:20:19
2465,6267,MODERADO,2026-07-05,2026-07-05 14:39:04,2026-07-05 14:39:04
2466,6268,MODERADO,2024-05-01,2024-05-01 18:43:32,2024-05-01 18:43:32
2467,6269,CONSERVADOR,2024-10-13,2024-10-13 15:23:21,2024-10-13 15:23:21
2468,6270,MODERADO,2024-06-05,2024-06-05 10:39:36,2024-06-05 10:39:36
2469,6271,MODERADO,2025-07-25,2025-07-25 10:41:00,2025-07-25 10:41:00
2470,6272,CONSERVADOR,2026-03-17,2026-03-17 10:52:29,2026-03-17 10:52:29
2471,6273,MODERADO,2024-02-24,2024-02-24 15:38:13,2024-02-24 15:38:13
2472,6274,CONSERVADOR,2025-11-29,2025-11-29 11:21:07,2025-11-29 11:21:07
2473,6275,ARROJADO,2024-03-11,2024-03-11 17:08:25,2024-03-11 17:08:25
2474,6276,MODERADO,2024-09-27,2024-09-27 08:25:56,2024-09-27 08:25:56
2475,6277,MODERADO,2023-05-10,2023-05-10 13:37:40,2023-05-10 13:37:40
2476,6277,CONSERVADOR,2023-05-19,2023-05-19 12:52:10,2023-05-19 12:52:10
2477,6278,MODERADO,2026-07-30,2026-07-30 09:09:59,2026-07-30 09:09:59
2478,6279,CONSERVADOR,2025-02-02,2025-02-02 13:38:21,2025-02-02 13:38:21
2479,6280,CONSERVADOR,2023-10-20,2023-10-20 09:24:22,2023-10-20 09:24:22
2480,6281,CONSERVADOR,2024-03-13,2024-03-13 18:30:00,2024-03-13 18:30:00
2481,6282,MODERADO,2023-02-09,2023-02-09 12:35:53,2023-02-09 12:35:53
2482,6283,ARROJADO,2024-05-09,2024-05-09 11:41:19,2024-05-09 11:41:19
2483,6284,MODERADO,2025-02-24,2025-02-24 18:29:36,2025-02-24 18:29:36
2484,6285,CONSERVADOR,2025-03-31,2025-03-31 13:21:18,2025-03-31 13:21:18
2485,6286,MODERADO,2026-05-10,2026-05-10 16:09:30,2026-05-10 16:09:30
2486,6287,CONSERVADOR,2025-05-27,2025-05-27 10:26:47,2025-05-27 10:26:47
2487,6288,CONSERVADOR,2023-10-22,2023-10-22 10:57:45,2023-10-22 10:57:45
2488,6289,CONSERVADOR,2024-09-06,2024-09-06 15:03:28,2024-09-06 15:03:28
2489,6290,MODERADO,2024-12-27,2024-12-27 12:32:26,2024-12-27 12:32:26
2490,6291,CONSERVADOR,2026-06-16,2026-06-16 18:28:30,2026-06-16 18:28:30
2491,6292,CONSERVADOR,2024-06-30,2024-06-30 17:10:24,2024-06-30 17:10:24
2492,6293,CONSERVADOR,2026-03-01,2026-03-01 18:07:13,2026-03-01 18:07:13
2493,6294,ARROJADO,2024-08-27,2024-08-27 08:52:27,2024-08-27 08:52:27
2494,6295,CONSERVADOR,2024-08-16,2024-08-16 14:29:07,2024-08-16 14:29:07
2495,6296,CONSERVADOR,2025-05-12,2025-05-12 08:46:19,2025-05-12 08:46:19
2496,6297,MODERADO,2026-04-07,2026-04-07 09:26:59,2026-04-07 09:26:59
2497,6298,CONSERVADOR,2023-10-27,2023-10-27 16:35:11,2023-10-27 16:35:11
2498,6299,CONSERVADOR,2023-09-08,2023-09-08 18:36:24,2023-09-08 18:36:24
2499,6300,CONSERVADOR,2025-09-17,2025-09-17 18:16:09,2025-09-17 18:16:09
2500,6301,ARROJADO,2024-05-20,2024-05-20 08:15:03,2024-05-20 08:15:03
2501,6302,CONSERVADOR,2025-11-12,2025-11-12 10:37:04,2025-11-12 10:37:04
2502,6303,CONSERVADOR,2026-03-12,2026-03-12 15:28:30,2026-03-12 15:28:30
2503,6304,CONSERVADOR,2024-09-23,2024-09-23 09:40:00,2024-09-23 09:40:00
2504,6305,ARROJADO,2023-03-18,2023-03-18 16:06:13,2023-03-18 16:06:13
2505,6305,MODERADO,2023-07-31,2023-07-31 13:25:06,2023-07-31 13:25:06
2506,6306,MODERADO,2026-05-13,2026-05-13 15:48:51,2026-05-13 15:48:51
2507,6307,MODERADO,2026-01-01,2026-01-01 10:41:57,2026-01-01 10:41:57
2508,6308,MODERADO,2024-12-02,2024-12-02 11:11:50,2024-12-02 11:11:50
2509,6309,MODERADO,2025-08-29,2025-08-29 17:36:15,2025-08-29 17:36:15
2510,6310,ARROJADO,2023-06-03,2023-06-03 12:01:41,2023-06-03 12:01:41
2511,6311,ARROJADO,2023-06-12,2023-06-12 13:49:15,2023-06-12 13:49:15
2512,6312,ARROJADO,2024-03-05,2024-03-05 09:09:35,2024-03-05 09:09:35
2513,6313,ARROJADO,2026-07-29,2026-07-29 16:10:13,2026-07-29 16:10:13
2514,6314,ARROJADO,2023-01-04,2023-01-04 15:15:22,2023-01-04 15:15:22
2515,6315,ARROJADO,2026-03-17,2026-03-17 08:42:06,2026-03-17 08:42:06
2516,6315,MODERADO,2023-05-16,2023-05-16 14:25:19,2023-05-16 14:25:19
2517,6316,MODERADO,2023-06-14,2023-06-14 08:23:17,2023-06-14 08:23:17
2518,6317,MODERADO,2026-05-24,2026-05-24 16:01:11,2026-05-24 16:01:11
2519,6318,CONSERVADOR,2023-12-10,2023-12-10 16:12:44,2023-12-10 16:12:44
2520,6318,CONSERVADOR,2024-02-22,2024-02-22 16:56:42,2024-02-22 16:56:42
2521,6319,ARROJADO,2025-10-10,2025-10-10 10:01:39,2025-10-10 10:01:39
2522,6320,MODERADO,2023-12-11,2023-12-11 12:20:06,2023-12-11 12:20:06
2523,6321,MODERADO,2025-07-22,2025-07-22 10:53:45,2025-07-22 10:53:45
2524,6322,CONSERVADOR,2023-04-22,2023-04-22 17:04:45,2023-04-22 17:04:45
2525,6322,CONSERVADOR,2026-04-12,2026-04-12 13:25:09,2026-04-12 13:25:09
2526,6323,CONSERVADOR,2026-03-15,2026-03-15 08:40:42,2026-03-15 08:40:42
2527,6324,MODERADO,2023-07-17,2023-07-17 08:21:02,2023-07-17 08:21:02
2528,6325,ARROJADO,2024-11-28,2024-11-28 17:19:45,2024-11-28 17:19:45
2529,6325,CONSERVADOR,2025-07-07,2025-07-07 09:15:13,2025-07-07 09:15:13
2530,6326,CONSERVADOR,2023-04-27,2023-04-27 17:00:29,2023-04-27 17:00:29
2531,6327,CONSERVADOR,2025-06-04,2025-06-04 08:20:53,2025-06-04 08:20:53
2532,6328,MODERADO,2025-09-20,2025-09-20 13:03:08,2025-09-20 13:03:08
2533,6329,MODERADO,2025-10-21,2025-10-21 10:15:07,2025-10-21 10:15:07
2534,6330,CONSERVADOR,2025-10-23,2025-10-23 17:22:20,2025-10-23 17:22:20
2535,6331,MODERADO,2024-02-05,2024-02-05 17:35:22,2024-02-05 17:35:22
2536,6332,CONSERVADOR,2026-07-30,2026-07-30 10:54:20,2026-07-30 10:54:20
2537,6333,CONSERVADOR,2025-02-04,2025-02-04 16:50:00,2025-02-04 16:50:00
2538,6334,ARROJADO,2026-05-16,2026-05-16 13:26:14,2026-05-16 13:26:14
2539,6335,CONSERVADOR,2026-03-21,2026-03-21 12:56:30,2026-03-21 12:56:30
2540,6336,CONSERVADOR,2025-12-27,2025-12-27 10:29:52,2025-12-27 10:29:52
2541,6337,CONSERVADOR,2023-04-11,2023-04-11 14:49:31,2023-04-11 14:49:31
2542,6338,MODERADO,2026-01-10,2026-01-10 12:53:22,2026-01-10 12:53:22
2543,6339,ARROJADO,2024-07-13,2024-07-13 08:48:48,2024-07-13 08:48:48
2544,6340,CONSERVADOR,2023-02-10,2023-02-10 13:57:03,2023-02-10 13:57:03
2545,6340,CONSERVADOR,2025-11-27,2025-11-27 18:07:00,2025-11-27 18:07:00
2546,6341,MODERADO,2025-04-30,2025-04-30 12:50:21,2025-04-30 12:50:21
2547,6342,ARROJADO,2026-05-09,2026-05-09 12:29:27,2026-05-09 12:29:27
2548,6343,ARROJADO,2026-05-17,2026-05-17 11:55:37,2026-05-17 11:55:37
2549,6344,MODERADO,2023-05-19,2023-05-19 08:31:43,2023-05-19 08:31:43
2550,6345,MODERADO,2025-07-04,2025-07-04 13:08:09,2025-07-04 13:08:09
2551,6346,MODERADO,2024-01-04,2024-01-04 17:34:07,2024-01-04 17:34:07
2552,6347,ARROJADO,2024-10-17,2024-10-17 15:15:00,2024-10-17 15:15:00
2553,6348,CONSERVADOR,2023-08-08,2023-08-08 10:45:54,2023-08-08 10:45:54
2554,6349,MODERADO,2024-12-11,2024-12-11 08:33:24,2024-12-11 08:33:24
2555,6350,MODERADO,2025-10-29,2025-10-29 17:27:15,2025-10-29 17:27:15
2556,6351,MODERADO,2026-07-11,2026-07-11 18:43:17,2026-07-11 18:43:17
2557,6352,CONSERVADOR,2026-02-28,2026-02-28 10:59:35,2026-02-28 10:59:35
2558,6352,ARROJADO,2023-10-18,2023-10-18 09:34:05,2023-10-18 09:34:05
2559,6353,CONSERVADOR,2024-05-26,2024-05-26 16:06:20,2024-05-26 16:06:20
2560,6354,CONSERVADOR,2026-04-28,2026-04-28 12:36:29,2026-04-28 12:36:29
2561,6355,CONSERVADOR,2024-09-11,2024-09-11 10:16:34,2024-09-11 10:16:34
2562,6356,MODERADO,2023-11-23,2023-11-23 09:22:50,2023-11-23 09:22:50
2563,6357,MODERADO,2025-08-25,2025-08-25 16:26:52,2025-08-25 16:26:52
2564,6358,CONSERVADOR,2023-04-28,2023-04-28 12:56:46,2023-04-28 12:56:46
2565,6359,MODERADO,2024-09-30,2024-09-30 12:31:15,2024-09-30 12:31:15
2566,6360,MODERADO,2023-01-10,2023-01-10 14:26:28,2023-01-10 14:26:28
2567,6361,CONSERVADOR,2025-12-03,2025-12-03 11:33:53,2025-12-03 11:33:53
2568,6362,ARROJADO,2025-04-10,2025-04-10 13:46:17,2025-04-10 13:46:17
2569,6363,MODERADO,2025-12-06,2025-12-06 09:11:19,2025-12-06 09:11:19
2570,6364,MODERADO,2024-12-29,2024-12-29 16:31:58,2024-12-29 16:31:58
2571,6364,CONSERVADOR,2023-10-12,2023-10-12 10:08:50,2023-10-12 10:08:50
2572,6365,MODERADO,2024-03-27,2024-03-27 18:07:58,2024-03-27 18:07:58
2573,6366,CONSERVADOR,2023-09-12,2023-09-12 18:46:16,2023-09-12 18:46:16
2574,6367,MODERADO,2025-07-04,2025-07-04 10:41:22,2025-07-04 10:41:22
2575,6368,MODERADO,2023-11-09,2023-11-09 17:49:40,2023-11-09 17:49:40
2576,6369,CONSERVADOR,2024-03-10,2024-03-10 11:52:02,2024-03-10 11:52:02
2577,6370,MODERADO,2023-08-30,2023-08-30 12:05:08,2023-08-30 12:05:08
2578,6371,MODERADO,2023-12-28,2023-12-28 13:48:27,2023-12-28 13:48:27
2579,6372,CONSERVADOR,2024-12-16,2024-12-16 14:59:30,2024-12-16 14:59:30
2580,6372,CONSERVADOR,2026-06-20,2026-06-20 09:56:49,2026-06-20 09:56:49
2581,6373,CONSERVADOR,2023-12-11,2023-12-11 13:13:02,2023-12-11 13:13:02
2582,6374,CONSERVADOR,2026-02-18,2026-02-18 12:34:46,2026-02-18 12:34:46
2583,6374,ARROJADO,2023-06-29,2023-06-29 12:15:38,2023-06-29 12:15:38
2584,6375,CONSERVADOR,2024-10-15,2024-10-15 08:35:54,2024-10-15 08:35:54
2585,6376,CONSERVADOR,2024-05-11,2024-05-11 13:04:12,2024-05-11 13:04:12
2586,6377,MODERADO,2024-11-21,2024-11-21 15:51:41,2024-11-21 15:51:41
2587,6378,MODERADO,2026-06-10,2026-06-10 15:35:16,2026-06-10 15:35:16
2588,6379,CONSERVADOR,2026-05-24,2026-05-24 17:29:32,2026-05-24 17:29:32
2589,6380,ARROJADO,2025-10-25,2025-10-25 13:37:12,2025-10-25 13:37:12
2590,6381,ARROJADO,2023-02-13,2023-02-13 10:14:23,2023-02-13 10:14:23
2591,6381,MODERADO,2025-07-22,2025-07-22 13:28:21,2025-07-22 13:28:21
2592,6382,CONSERVADOR,2026-01-11,2026-01-11 17:20:07,2026-01-11 17:20:07
2593,6383,CONSERVADOR,2023-03-16,2023-03-16 10:46:04,2023-03-16 10:46:04
2594,6384,CONSERVADOR,2026-02-25,2026-02-25 09:42:03,2026-02-25 09:42:03
2595,6384,MODERADO,2025-01-06,2025-01-06 17:58:39,2025-01-06 17:58:39
2596,6385,CONSERVADOR,2023-09-24,2023-09-24 09:50:10,2023-09-24 09:50:10
2597,6386,CONSERVADOR,2024-11-06,2024-11-06 08:46:19,2024-11-06 08:46:19
2598,6387,MODERADO,2025-09-27,2025-09-27 12:42:16,2025-09-27 12:42:16
2599,6387,CONSERVADOR,2023-07-26,2023-07-26 09:11:56,2023-07-26 09:11:56
2600,6388,ARROJADO,2026-02-20,2026-02-20 16:54:44,2026-02-20 16:54:44
2601,6389,CONSERVADOR,2025-04-08,2025-04-08 09:03:53,2025-04-08 09:03:53
2602,6390,MODERADO,2023-05-28,2023-05-28 08:00:48,2023-05-28 08:00:48
2603,6391,CONSERVADOR,2024-11-05,2024-11-05 10:02:49,2024-11-05 10:02:49
2604,6392,CONSERVADOR,2026-03-02,2026-03-02 18:09:17,2026-03-02 18:09:17
2605,6393,ARROJADO,2023-10-05,2023-10-05 14:45:50,2023-10-05 14:45:50
2606,6393,MODERADO,2024-07-17,2024-07-17 10:53:41,2024-07-17 10:53:41
2607,6394,ARROJADO,2025-11-07,2025-11-07 18:16:20,2025-11-07 18:16:20
2608,6395,ARROJADO,2025-01-16,2025-01-16 10:06:49,2025-01-16 10:06:49
2609,6396,MODERADO,2024-05-16,2024-05-16 10:10:42,2024-05-16 10:10:42
2610,6397,CONSERVADOR,2023-02-14,2023-02-14 12:46:53,2023-02-14 12:46:53
2611,6398,ARROJADO,2024-06-12,2024-06-12 14:16:25,2024-06-12 14:16:25
2612,6399,CONSERVADOR,2023-02-06,2023-02-06 13:15:46,2023-02-06 13:15:46
2613,6400,MODERADO,2023-11-10,2023-11-10 14:00:08,2023-11-10 14:00:08
2614,6401,CONSERVADOR,2025-11-28,2025-11-28 13:12:33,2025-11-28 13:12:33
2615,6402,CONSERVADOR,2025-03-16,2025-03-16 09:57:07,2025-03-16 09:57:07
2616,6402,MODERADO,2023-08-27,2023-08-27 13:12:37,2023-08-27 13:12:37
2617,6403,ARROJADO,2023-04-22,2023-04-22 13:42:37,2023-04-22 13:42:37
2618,6404,ARROJADO,2023-04-28,2023-04-28 18:12:03,2023-04-28 18:12:03
2619,6405,CONSERVADOR,2026-06-22,2026-06-22 08:23:20,2026-06-22 08:23:20
2620,6406,CONSERVADOR,2023-12-07,2023-12-07 16:37:05,2023-12-07 16:37:05
2621,6406,MODERADO,2024-12-31,2024-12-31 13:50:28,2024-12-31 13:50:28
2622,6407,MODERADO,2025-09-15,2025-09-15 17:20:04,2025-09-15 17:20:04
2623,6408,CONSERVADOR,2026-06-02,2026-06-02 14:57:11,2026-06-02 14:57:11
2624,6409,CONSERVADOR,2023-10-09,2023-10-09 10:39:12,2023-10-09 10:39:12
2625,6410,ARROJADO,2024-12-05,2024-12-05 18:02:25,2024-12-05 18:02:25
2626,6411,ARROJADO,2024-02-21,2024-02-21 15:40:16,2024-02-21 15:40:16
2627,6412,MODERADO,2024-12-08,2024-12-08 10:14:55,2024-12-08 10:14:55
2628,6413,CONSERVADOR,2025-04-04,2025-04-04 12:13:52,2025-04-04 12:13:52
2629,6414,MODERADO,2024-01-12,2024-01-12 08:32:37,2024-01-12 08:32:37
2630,6415,MODERADO,2024-01-04,2024-01-04 09:06:03,2024-01-04 09:06:03
2631,6416,CONSERVADOR,2026-05-31,2026-05-31 13:45:06,2026-05-31 13:45:06
2632,6417,MODERADO,2023-04-10,2023-04-10 14:35:08,2023-04-10 14:35:08
2633,6417,CONSERVADOR,2025-02-07,2025-02-07 14:46:44,2025-02-07 14:46:44
2634,6418,MODERADO,2025-12-06,2025-12-06 10:41:39,2025-12-06 10:41:39
2635,6419,CONSERVADOR,2025-10-10,2025-10-10 12:18:34,2025-10-10 12:18:34
2636,6420,MODERADO,2026-04-07,2026-04-07 14:39:59,2026-04-07 14:39:59
2637,6421,CONSERVADOR,2024-02-17,2024-02-17 12:16:56,2024-02-17 12:16:56
2638,6422,ARROJADO,2025-03-27,2025-03-27 15:49:18,2025-03-27 15:49:18
2639,6423,ARROJADO,2026-04-21,2026-04-21 12:29:53,2026-04-21 12:29:53
2640,6424,MODERADO,2024-11-27,2024-11-27 18:09:00,2024-11-27 18:09:00
2641,6424,MODERADO,2023-07-17,2023-07-17 11:13:40,2023-07-17 11:13:40
2642,6425,CONSERVADOR,2025-07-02,2025-07-02 10:27:44,2025-07-02 10:27:44
2643,6426,ARROJADO,2026-04-29,2026-04-29 14:57:28,2026-04-29 14:57:28
2644,6427,ARROJADO,2023-04-20,2023-04-20 10:15:37,2023-04-20 10:15:37
2645,6428,CONSERVADOR,2023-12-29,2023-12-29 12:26:46,2023-12-29 12:26:46
2646,6428,MODERADO,2025-01-02,2025-01-02 12:01:33,2025-01-02 12:01:33
2647,6429,MODERADO,2026-04-25,2026-04-25 12:29:31,2026-04-25 12:29:31
2648,6430,CONSERVADOR,2025-12-22,2025-12-22 14:12:25,2025-12-22 14:12:25
2649,6431,CONSERVADOR,2024-08-26,2024-08-26 14:02:34,2024-08-26 14:02:34
2650,6431,CONSERVADOR,2026-04-19,2026-04-19 15:14:45,2026-04-19 15:14:45
2651,6432,CONSERVADOR,2023-05-20,2023-05-20 11:15:07,2023-05-20 11:15:07
2652,6433,CONSERVADOR,2023-07-19,2023-07-19 12:49:59,2023-07-19 12:49:59
2653,6434,MODERADO,2023-06-03,2023-06-03 18:19:41,2023-06-03 18:19:41
2654,6435,CONSERVADOR,2025-07-09,2025-07-09 13:21:13,2025-07-09 13:21:13
2655,6436,CONSERVADOR,2025-11-11,2025-11-11 15:49:49,2025-11-11 15:49:49
2656,6437,MODERADO,2023-10-04,2023-10-04 12:41:27,2023-10-04 12:41:27
2657,6438,CONSERVADOR,2023-03-26,2023-03-26 10:25:25,2023-03-26 10:25:25
2658,6439,MODERADO,2026-01-27,2026-01-27 10:55:33,2026-01-27 10:55:33
2659,6439,CONSERVADOR,2024-01-29,2024-01-29 11:41:38,2024-01-29 11:41:38
2660,6440,CONSERVADOR,2026-07-11,2026-07-11 15:23:03,2026-07-11 15:23:03
2661,6441,CONSERVADOR,2024-12-15,2024-12-15 16:26:38,2024-12-15 16:26:38
2662,6442,CONSERVADOR,2023-08-24,2023-08-24 12:15:16,2023-08-24 12:15:16
2663,6443,MODERADO,2024-06-23,2024-06-23 17:17:39,2024-06-23 17:17:39
2664,6444,CONSERVADOR,2023-09-21,2023-09-21 17:23:49,2023-09-21 17:23:49
2665,6445,CONSERVADOR,2023-05-15,2023-05-15 17:58:49,2023-05-15 17:58:49
2666,6446,MODERADO,2023-09-16,2023-09-16 08:44:25,2023-09-16 08:44:25
2667,6447,CONSERVADOR,2025-03-18,2025-03-18 11:36:41,2025-03-18 11:36:41
2668,6448,CONSERVADOR,2023-02-12,2023-02-12 15:08:29,2023-02-12 15:08:29
2669,6449,MODERADO,2026-05-02,2026-05-02 09:34:09,2026-05-02 09:34:09
2670,6450,ARROJADO,2025-06-17,2025-06-17 09:52:49,2025-06-17 09:52:49
2671,6451,MODERADO,2025-09-07,2025-09-07 08:59:27,2025-09-07 08:59:27
2672,6452,CONSERVADOR,2025-09-05,2025-09-05 11:39:11,2025-09-05 11:39:11
2673,6453,ARROJADO,2025-01-14,2025-01-14 08:41:42,2025-01-14 08:41:42
2674,6454,CONSERVADOR,2025-01-08,2025-01-08 14:10:24,2025-01-08 14:10:24
2675,6455,MODERADO,2026-05-01,2026-05-01 08:28:07,2026-05-01 08:28:07
2676,6456,MODERADO,2024-06-02,2024-06-02 09:14:41,2024-06-02 09:14:41
2677,6457,CONSERVADOR,2023-11-25,2023-11-25 18:57:16,2023-11-25 18:57:16
2678,6458,ARROJADO,2025-03-17,2025-03-17 14:59:35,2025-03-17 14:59:35
2679,6459,CONSERVADOR,2025-11-14,2025-11-14 10:49:50,2025-11-14 10:49:50
2680,6460,ARROJADO,2024-02-25,2024-02-25 08:44:25,2024-02-25 08:44:25
2681,6461,MODERADO,2025-03-04,2025-03-04 15:07:27,2025-03-04 15:07:27
2682,6462,MODERADO,2024-11-20,2024-11-20 10:45:09,2024-11-20 10:45:09
2683,6463,CONSERVADOR,2026-04-02,2026-04-02 10:37:56,2026-04-02 10:37:56
2684,6464,MODERADO,2023-01-03,2023-01-03 17:44:25,2023-01-03 17:44:25
2685,6465,ARROJADO,2023-12-22,2023-12-22 10:17:53,2023-12-22 10:17:53
2686,6466,ARROJADO,2025-08-29,2025-08-29 18:32:08,2025-08-29 18:32:08
2687,6467,ARROJADO,2025-11-10,2025-11-10 13:55:49,2025-11-10 13:55:49
2688,6468,MODERADO,2024-11-08,2024-11-08 13:30:34,2024-11-08 13:30:34
2689,6469,MODERADO,2023-10-04,2023-10-04 16:09:33,2023-10-04 16:09:33
2690,6470,MODERADO,2025-09-05,2025-09-05 12:16:10,2025-09-05 12:16:10
2691,6471,MODERADO,2025-03-29,2025-03-29 18:28:12,2025-03-29 18:28:12
2692,6472,MODERADO,2026-06-02,2026-06-02 08:27:42,2026-06-02 08:27:42
2693,6473,MODERADO,2023-09-02,2023-09-02 14:35:40,2023-09-02 14:35:40
2694,6474,MODERADO,2024-02-01,2024-02-01 10:14:38,2024-02-01 10:14:38
2695,6475,ARROJADO,2023-01-11,2023-01-11 10:55:37,2023-01-11 10:55:37
2696,6476,MODERADO,2023-05-04,2023-05-04 09:56:32,2023-05-04 09:56:32
2697,6477,MODERADO,2025-07-31,2025-07-31 08:57:18,2025-07-31 08:57:18
2698,6478,CONSERVADOR,2024-05-07,2024-05-07 10:59:29,2024-05-07 10:59:29
2699,6479,ARROJADO,2025-11-07,2025-11-07 18:13:18,2025-11-07 18:13:18
2700,6480,CONSERVADOR,2026-04-13,2026-04-13 12:58:07,2026-04-13 12:58:07
2701,6481,CONSERVADOR,2024-05-07,2024-05-07 17:34:03,2024-05-07 17:34:03
2702,6482,MODERADO,2024-01-28,2024-01-28 17:45:19,2024-01-28 17:45:19
2703,6483,ARROJADO,2026-02-28,2026-02-28 18:26:39,2026-02-28 18:26:39
2704,6484,CONSERVADOR,2024-08-01,2024-08-01 18:48:38,2024-08-01 18:48:38
2705,6484,MODERADO,2023-02-08,2023-02-08 15:57:38,2023-02-08 15:57:38
2706,6485,ARROJADO,2024-06-08,2024-06-08 08:26:45,2024-06-08 08:26:45
2707,6486,MODERADO,2024-12-03,2024-12-03 17:13:51,2024-12-03 17:13:51
2708,6487,CONSERVADOR,2026-05-31,2026-05-31 13:41:08,2026-05-31 13:41:08
2709,6488,CONSERVADOR,2024-07-08,2024-07-08 17:43:39,2024-07-08 17:43:39
2710,6489,CONSERVADOR,2023-12-07,2023-12-07 18:27:51,2023-12-07 18:27:51
2711,6490,CONSERVADOR,2026-07-12,2026-07-12 08:48:29,2026-07-12 08:48:29
2712,6491,CONSERVADOR,2023-10-16,2023-10-16 15:47:54,2023-10-16 15:47:54
2713,6492,MODERADO,2023-08-26,2023-08-26 13:38:00,2023-08-26 13:38:00
2714,6493,CONSERVADOR,2025-08-10,2025-08-10 08:42:28,2025-08-10 08:42:28
2715,6494,CONSERVADOR,2026-06-12,2026-06-12 16:36:25,2026-06-12 16:36:25
2716,6495,MODERADO,2024-10-10,2024-10-10 17:32:25,2024-10-10 17:32:25
2717,6496,ARROJADO,2025-06-25,2025-06-25 18:50:59,2025-06-25 18:50:59
2718,6496,CONSERVADOR,2023-07-24,2023-07-24 09:35:24,2023-07-24 09:35:24
2719,6497,MODERADO,2026-07-03,2026-07-03 11:39:06,2026-07-03 11:39:06
2720,6498,ARROJADO,2024-12-19,2024-12-19 11:32:50,2024-12-19 11:32:50
2721,6499,ARROJADO,2023-12-03,2023-12-03 09:06:15,2023-12-03 09:06:15
2722,6500,MODERADO,2025-01-21,2025-01-21 13:26:11,2025-01-21 13:26:11
2723,6501,CONSERVADOR,2025-11-15,2025-11-15 17:19:16,2025-11-15 17:19:16
2724,6502,ARROJADO,2023-07-06,2023-07-06 18:22:05,2023-07-06 18:22:05
2725,6503,MODERADO,2026-06-03,2026-06-03 12:21:55,2026-06-03 12:21:55
2726,6504,CONSERVADOR,2025-04-11,2025-04-11 16:29:57,2025-04-11 16:29:57
2727,6505,MODERADO,2026-01-28,2026-01-28 12:54:16,2026-01-28 12:54:16
2728,6506,CONSERVADOR,2025-06-09,2025-06-09 15:16:25,2025-06-09 15:16:25
2729,6507,MODERADO,2025-12-31,2025-12-31 18:24:57,2025-12-31 18:24:57
2730,6508,CONSERVADOR,2023-01-23,2023-01-23 11:06:25,2023-01-23 11:06:25
2731,6509,CONSERVADOR,2024-03-31,2024-03-31 12:53:03,2024-03-31 12:53:03
2732,6510,MODERADO,2024-02-18,2024-02-18 17:52:54,2024-02-18 17:52:54
2733,6511,MODERADO,2023-08-30,2023-08-30 17:59:13,2023-08-30 17:59:13
2734,6512,CONSERVADOR,2025-07-20,2025-07-20 11:48:33,2025-07-20 11:48:33
2735,6513,CONSERVADOR,2023-06-05,2023-06-05 17:54:16,2023-06-05 17:54:16
2736,6514,CONSERVADOR,2023-02-13,2023-02-13 11:52:25,2023-02-13 11:52:25
2737,6515,CONSERVADOR,2025-09-20,2025-09-20 17:07:27,2025-09-20 17:07:27
2738,6516,ARROJADO,2025-06-05,2025-06-05 09:38:11,2025-06-05 09:38:11
2739,6516,MODERADO,2024-02-09,2024-02-09 17:56:32,2024-02-09 17:56:32
2740,6517,CONSERVADOR,2023-12-30,2023-12-30 16:35:57,2023-12-30 16:35:57
2741,6517,ARROJADO,2025-08-19,2025-08-19 14:41:03,2025-08-19 14:41:03
2742,6518,CONSERVADOR,2023-12-13,2023-12-13 12:19:40,2023-12-13 12:19:40
2743,6519,CONSERVADOR,2026-05-29,2026-05-29 15:10:19,2026-05-29 15:10:19
2744,6520,ARROJADO,2025-06-12,2025-06-12 12:39:46,2025-06-12 12:39:46
2745,6520,CONSERVADOR,2025-07-25,2025-07-25 09:13:44,2025-07-25 09:13:44
2746,6521,CONSERVADOR,2024-03-01,2024-03-01 17:42:21,2024-03-01 17:42:21
2747,6522,MODERADO,2026-05-21,2026-05-21 11:16:55,2026-05-21 11:16:55
2748,6523,CONSERVADOR,2023-01-28,2023-01-28 17:05:21,2023-01-28 17:05:21
2749,6524,MODERADO,2025-01-15,2025-01-15 12:08:18,2025-01-15 12:08:18
2750,6524,CONSERVADOR,2024-06-27,2024-06-27 12:28:39,2024-06-27 12:28:39
2751,6525,MODERADO,2026-02-28,2026-02-28 14:52:10,2026-02-28 14:52:10
2752,6526,CONSERVADOR,2024-09-27,2024-09-27 11:05:03,2024-09-27 11:05:03
2753,6527,MODERADO,2025-10-27,2025-10-27 15:27:48,2025-10-27 15:27:48
2754,6528,ARROJADO,2024-10-29,2024-10-29 08:18:53,2024-10-29 08:18:53
2755,6529,MODERADO,2026-04-13,2026-04-13 16:27:32,2026-04-13 16:27:32
2756,6530,MODERADO,2024-10-29,2024-10-29 10:43:56,2024-10-29 10:43:56
2757,6531,CONSERVADOR,2024-02-24,2024-02-24 09:31:15,2024-02-24 09:31:15
2758,6532,CONSERVADOR,2024-04-17,2024-04-17 09:40:03,2024-04-17 09:40:03
2759,6533,CONSERVADOR,2024-06-09,2024-06-09 16:43:50,2024-06-09 16:43:50
2760,6534,CONSERVADOR,2023-08-21,2023-08-21 10:49:29,2023-08-21 10:49:29
2761,6535,ARROJADO,2025-09-09,2025-09-09 18:31:06,2025-09-09 18:31:06
2762,6535,MODERADO,2024-02-26,2024-02-26 18:18:04,2024-02-26 18:18:04
2763,6536,CONSERVADOR,2024-08-23,2024-08-23 11:53:20,2024-08-23 11:53:20
2764,6537,CONSERVADOR,2024-04-14,2024-04-14 08:55:22,2024-04-14 08:55:22
2765,6538,MODERADO,2024-03-27,2024-03-27 12:27:21,2024-03-27 12:27:21
2766,6539,MODERADO,2023-01-16,2023-01-16 17:14:46,2023-01-16 17:14:46
2767,6539,ARROJADO,2025-12-13,2025-12-13 11:02:12,2025-12-13 11:02:12
2768,6540,MODERADO,2025-11-06,2025-11-06 12:18:05,2025-11-06 12:18:05
2769,6541,ARROJADO,2025-01-05,2025-01-05 14:51:45,2025-01-05 14:51:45
2770,6542,CONSERVADOR,2023-06-10,2023-06-10 11:56:16,2023-06-10 11:56:16
2771,6543,MODERADO,2024-04-13,2024-04-13 17:48:15,2024-04-13 17:48:15
2772,6543,CONSERVADOR,2025-11-09,2025-11-09 16:15:51,2025-11-09 16:15:51
2773,6544,ARROJADO,2025-09-09,2025-09-09 12:49:29,2025-09-09 12:49:29
2774,6545,CONSERVADOR,2023-03-10,2023-03-10 11:52:47,2023-03-10 11:52:47
2775,6545,CONSERVADOR,2024-09-21,2024-09-21 15:58:25,2024-09-21 15:58:25
2776,6546,MODERADO,2024-06-24,2024-06-24 18:30:09,2024-06-24 18:30:09
2777,6547,ARROJADO,2025-01-21,2025-01-21 17:38:25,2025-01-21 17:38:25
2778,6547,CONSERVADOR,2024-09-24,2024-09-24 11:44:00,2024-09-24 11:44:00
2779,6548,MODERADO,2023-01-08,2023-01-08 08:48:49,2023-01-08 08:48:49
2780,6549,MODERADO,2025-06-06,2025-06-06 16:14:52,2025-06-06 16:14:52
2781,6550,MODERADO,2023-11-29,2023-11-29 17:59:06,2023-11-29 17:59:06
2782,6551,MODERADO,2026-03-08,2026-03-08 10:55:09,2026-03-08 10:55:09
2783,6552,CONSERVADOR,2025-12-02,2025-12-02 13:25:12,2025-12-02 13:25:12
2784,6552,CONSERVADOR,2025-03-08,2025-03-08 18:32:36,2025-03-08 18:32:36
2785,6553,CONSERVADOR,2024-05-29,2024-05-29 12:08:35,2024-05-29 12:08:35
2786,6554,CONSERVADOR,2024-01-06,2024-01-06 13:17:36,2024-01-06 13:17:36
2787,6555,MODERADO,2025-01-29,2025-01-29 17:12:11,2025-01-29 17:12:11
2788,6556,ARROJADO,2023-02-04,2023-02-04 17:09:10,2023-02-04 17:09:10
2789,6557,CONSERVADOR,2023-05-07,2023-05-07 12:07:42,2023-05-07 12:07:42
2790,6558,CONSERVADOR,2026-01-27,2026-01-27 08:32:29,2026-01-27 08:32:29
2791,6559,ARROJADO,2025-04-17,2025-04-17 08:11:12,2025-04-17 08:11:12
2792,6560,CONSERVADOR,2024-07-04,2024-07-04 08:55:41,2024-07-04 08:55:41
2793,6561,CONSERVADOR,2025-04-28,2025-04-28 18:12:24,2025-04-28 18:12:24
2794,6562,CONSERVADOR,2025-06-08,2025-06-08 18:20:32,2025-06-08 18:20:32
2795,6562,CONSERVADOR,2023-08-25,2023-08-25 18:45:42,2023-08-25 18:45:42
2796,6563,ARROJADO,2024-08-06,2024-08-06 09:02:30,2024-08-06 09:02:30
2797,6564,ARROJADO,2026-06-17,2026-06-17 11:25:07,2026-06-17 11:25:07
2798,6565,ARROJADO,2024-05-14,2024-05-14 17:50:45,2024-05-14 17:50:45
2799,6566,CONSERVADOR,2024-01-25,2024-01-25 16:48:16,2024-01-25 16:48:16
2800,6567,MODERADO,2024-08-17,2024-08-17 14:22:43,2024-08-17 14:22:43
2801,6568,MODERADO,2023-11-13,2023-11-13 11:24:11,2023-11-13 11:24:11
2802,6569,ARROJADO,2025-05-04,2025-05-04 17:36:34,2025-05-04 17:36:34
2803,6570,CONSERVADOR,2025-08-31,2025-08-31 13:23:43,2025-08-31 13:23:43
2804,6571,ARROJADO,2024-04-20,2024-04-20 18:12:37,2024-04-20 18:12:37
2805,6572,MODERADO,2023-05-29,2023-05-29 10:45:29,2023-05-29 10:45:29
2806,6572,CONSERVADOR,2024-01-20,2024-01-20 09:48:34,2024-01-20 09:48:34
2807,6573,CONSERVADOR,2024-05-26,2024-05-26 08:51:56,2024-05-26 08:51:56
2808,6573,ARROJADO,2023-09-18,2023-09-18 11:25:04,2023-09-18 11:25:04
2809,6574,CONSERVADOR,2025-04-14,2025-04-14 09:06:14,2025-04-14 09:06:14
2810,6575,CONSERVADOR,2023-12-04,2023-12-04 13:29:47,2023-12-04 13:29:47
2811,6576,CONSERVADOR,2025-04-22,2025-04-22 15:51:22,2025-04-22 15:51:22
2812,6576,CONSERVADOR,2025-11-12,2025-11-12 17:36:34,2025-11-12 17:36:34
2813,6577,CONSERVADOR,2024-04-06,2024-04-06 13:14:33,2024-04-06 13:14:33
2814,6578,MODERADO,2025-10-19,2025-10-19 11:05:12,2025-10-19 11:05:12
2815,6579,ARROJADO,2025-02-09,2025-02-09 11:39:00,2025-02-09 11:39:00
2816,6579,CONSERVADOR,2024-07-10,2024-07-10 11:11:09,2024-07-10 11:11:09
2817,6580,MODERADO,2023-10-20,2023-10-20 18:16:47,2023-10-20 18:16:47
2818,6581,CONSERVADOR,2023-02-09,2023-02-09 14:11:22,2023-02-09 14:11:22
2819,6582,MODERADO,2024-03-31,2024-03-31 14:23:16,2024-03-31 14:23:16
2820,6583,ARROJADO,2025-04-21,2025-04-21 11:20:29,2025-04-21 11:20:29
2821,6584,MODERADO,2026-04-13,2026-04-13 12:01:22,2026-04-13 12:01:22
2822,6585,CONSERVADOR,2024-01-02,2024-01-02 09:07:36,2024-01-02 09:07:36
2823,6586,CONSERVADOR,2024-02-15,2024-02-15 17:31:10,2024-02-15 17:31:10
2824,6587,ARROJADO,2026-05-31,2026-05-31 18:56:43,2026-05-31 18:56:43
2825,6588,CONSERVADOR,2025-07-04,2025-07-04 16:03:42,2025-07-04 16:03:42
2826,6589,CONSERVADOR,2025-02-14,2025-02-14 13:47:16,2025-02-14 13:47:16
2827,6590,MODERADO,2025-07-29,2025-07-29 13:30:30,2025-07-29 13:30:30
2828,6591,CONSERVADOR,2025-06-09,2025-06-09 18:55:35,2025-06-09 18:55:35
2829,6591,CONSERVADOR,2025-12-03,2025-12-03 17:12:53,2025-12-03 17:12:53
2830,6592,MODERADO,2026-01-16,2026-01-16 17:46:07,2026-01-16 17:46:07
2831,6593,CONSERVADOR,2026-06-23,2026-06-23 14:49:40,2026-06-23 14:49:40
2832,6594,MODERADO,2023-01-20,2023-01-20 13:52:16,2023-01-20 13:52:16
2833,6595,ARROJADO,2026-05-25,2026-05-25 08:49:11,2026-05-25 08:49:11
2834,6596,CONSERVADOR,2024-05-11,2024-05-11 13:12:00,2024-05-11 13:12:00
2835,6597,MODERADO,2024-09-14,2024-09-14 13:10:34,2024-09-14 13:10:34
2836,6597,CONSERVADOR,2026-06-30,2026-06-30 14:03:41,2026-06-30 14:03:41
2837,6598,MODERADO,2025-08-19,2025-08-19 18:12:25,2025-08-19 18:12:25
2838,6599,CONSERVADOR,2025-02-04,2025-02-04 16:55:59,2025-02-04 16:55:59
2839,6600,MODERADO,2023-12-13,2023-12-13 17:04:04,2023-12-13 17:04:04
2840,6601,CONSERVADOR,2025-01-10,2025-01-10 12:55:57,2025-01-10 12:55:57
2841,6602,CONSERVADOR,2024-10-25,2024-10-25 08:13:05,2024-10-25 08:13:05
2842,6603,MODERADO,2024-11-18,2024-11-18 11:22:54,2024-11-18 11:22:54
2843,6604,ARROJADO,2023-08-15,2023-08-15 16:42:24,2023-08-15 16:42:24
2844,6605,CONSERVADOR,2024-05-10,2024-05-10 17:28:11,2024-05-10 17:28:11
2845,6605,CONSERVADOR,2024-12-08,2024-12-08 18:15:34,2024-12-08 18:15:34
2846,6606,CONSERVADOR,2026-04-13,2026-04-13 10:05:56,2026-04-13 10:05:56
2847,6607,ARROJADO,2024-06-04,2024-06-04 18:05:15,2024-06-04 18:05:15
2848,6608,MODERADO,2026-02-26,2026-02-26 18:54:47,2026-02-26 18:54:47
2849,6609,CONSERVADOR,2025-07-03,2025-07-03 16:06:20,2025-07-03 16:06:20
2850,6610,CONSERVADOR,2023-02-17,2023-02-17 14:49:42,2023-02-17 14:49:42
2851,6611,MODERADO,2023-08-17,2023-08-17 12:16:43,2023-08-17 12:16:43
2852,6612,CONSERVADOR,2023-11-18,2023-11-18 12:17:43,2023-11-18 12:17:43
2853,6613,ARROJADO,2026-04-09,2026-04-09 11:42:55,2026-04-09 11:42:55
2854,6614,ARROJADO,2023-10-11,2023-10-11 13:43:40,2023-10-11 13:43:40
2855,6615,MODERADO,2024-11-26,2024-11-26 12:52:13,2024-11-26 12:52:13
2856,6616,MODERADO,2023-01-12,2023-01-12 08:14:45,2023-01-12 08:14:45
2857,6617,CONSERVADOR,2024-01-08,2024-01-08 10:48:58,2024-01-08 10:48:58
2858,6618,MODERADO,2023-07-28,2023-07-28 13:28:20,2023-07-28 13:28:20
2859,6619,MODERADO,2025-03-17,2025-03-17 16:57:00,2025-03-17 16:57:00
2860,6620,MODERADO,2026-04-04,2026-04-04 17:39:33,2026-04-04 17:39:33
2861,6621,CONSERVADOR,2026-07-25,2026-07-25 13:24:17,2026-07-25 13:24:17
2862,6622,ARROJADO,2025-03-19,2025-03-19 11:03:23,2025-03-19 11:03:23
2863,6623,MODERADO,2025-04-20,2025-04-20 17:20:01,2025-04-20 17:20:01
2864,6624,ARROJADO,2023-01-21,2023-01-21 14:22:04,2023-01-21 14:22:04
2865,6625,MODERADO,2026-06-30,2026-06-30 11:11:16,2026-06-30 11:11:16
2866,6626,MODERADO,2023-09-17,2023-09-17 15:30:39,2023-09-17 15:30:39
2867,6627,CONSERVADOR,2025-08-03,2025-08-03 17:38:02,2025-08-03 17:38:02
2868,6628,CONSERVADOR,2025-12-14,2025-12-14 17:47:34,2025-12-14 17:47:34
2869,6629,ARROJADO,2023-10-23,2023-10-23 17:25:54,2023-10-23 17:25:54
2870,6630,MODERADO,2024-09-25,2024-09-25 12:02:24,2024-09-25 12:02:24
2871,6631,ARROJADO,2025-02-10,2025-02-10 17:38:54,2025-02-10 17:38:54
2872,6632,CONSERVADOR,2024-12-30,2024-12-30 16:52:04,2024-12-30 16:52:04
2873,6633,MODERADO,2024-09-26,2024-09-26 15:08:24,2024-09-26 15:08:24
2874,6634,MODERADO,2026-01-24,2026-01-24 18:57:49,2026-01-24 18:57:49
2875,6635,MODERADO,2024-06-23,2024-06-23 13:56:46,2024-06-23 13:56:46
2876,6636,CONSERVADOR,2026-04-07,2026-04-07 14:06:54,2026-04-07 14:06:54
2877,6637,MODERADO,2024-10-22,2024-10-22 17:50:59,2024-10-22 17:50:59
2878,6638,MODERADO,2023-07-18,2023-07-18 17:43:11,2023-07-18 17:43:11
2879,6639,CONSERVADOR,2023-02-09,2023-02-09 11:34:54,2023-02-09 11:34:54
2880,6640,CONSERVADOR,2023-07-23,2023-07-23 11:06:43,2023-07-23 11:06:43
2881,6641,MODERADO,2024-09-05,2024-09-05 08:23:00,2024-09-05 08:23:00
2882,6642,ARROJADO,2025-10-21,2025-10-21 17:44:57,2025-10-21 17:44:57
2883,6643,MODERADO,2023-03-28,2023-03-28 17:47:42,2023-03-28 17:47:42
2884,6644,CONSERVADOR,2023-05-24,2023-05-24 10:27:09,2023-05-24 10:27:09
2885,6645,CONSERVADOR,2025-07-22,2025-07-22 12:54:50,2025-07-22 12:54:50
2886,6646,ARROJADO,2023-06-13,2023-06-13 15:42:13,2023-06-13 15:42:13
2887,6647,CONSERVADOR,2025-06-16,2025-06-16 13:16:18,2025-06-16 13:16:18
2888,6648,CONSERVADOR,2023-11-27,2023-11-27 15:27:01,2023-11-27 15:27:01
2889,6648,MODERADO,2025-11-14,2025-11-14 16:22:47,2025-11-14 16:22:47
2890,6649,CONSERVADOR,2024-07-15,2024-07-15 18:56:53,2024-07-15 18:56:53
2891,6650,CONSERVADOR,2025-05-27,2025-05-27 14:40:16,2025-05-27 14:40:16
2892,6651,CONSERVADOR,2024-06-16,2024-06-16 11:47:32,2024-06-16 11:47:32
2893,6652,CONSERVADOR,2025-05-25,2025-05-25 12:35:48,2025-05-25 12:35:48
2894,6653,CONSERVADOR,2025-08-18,2025-08-18 18:39:23,2025-08-18 18:39:23
2895,6653,ARROJADO,2024-10-19,2024-10-19 11:09:34,2024-10-19 11:09:34
2896,6654,CONSERVADOR,2023-07-17,2023-07-17 17:37:31,2023-07-17 17:37:31
2897,6655,ARROJADO,2024-10-20,2024-10-20 09:41:38,2024-10-20 09:41:38
2898,6656,CONSERVADOR,2024-06-20,2024-06-20 16:39:56,2024-06-20 16:39:56
2899,6657,CONSERVADOR,2025-02-17,2025-02-17 18:38:49,2025-02-17 18:38:49
2900,6658,CONSERVADOR,2024-12-10,2024-12-10 18:36:20,2024-12-10 18:36:20
2901,6659,ARROJADO,2023-02-21,2023-02-21 15:47:39,2023-02-21 15:47:39
2902,6660,CONSERVADOR,2023-01-01,2023-01-01 14:55:43,2023-01-01 14:55:43
2903,6661,MODERADO,2024-12-11,2024-12-11 16:51:38,2024-12-11 16:51:38
2904,6662,ARROJADO,2023-07-06,2023-07-06 17:37:06,2023-07-06 17:37:06
2905,6663,ARROJADO,2023-02-09,2023-02-09 08:28:52,2023-02-09 08:28:52
2906,6664,MODERADO,2024-06-30,2024-06-30 15:35:48,2024-06-30 15:35:48
2907,6665,CONSERVADOR,2023-03-23,2023-03-23 12:57:05,2023-03-23 12:57:05
2908,6666,MODERADO,2023-04-03,2023-04-03 18:17:21,2023-04-03 18:17:21
2909,6667,MODERADO,2026-03-20,2026-03-20 13:54:41,2026-03-20 13:54:41
2910,6668,ARROJADO,2023-12-16,2023-12-16 13:38:52,2023-12-16 13:38:52
2911,6668,CONSERVADOR,2025-06-17,2025-06-17 17:35:07,2025-06-17 17:35:07
2912,6669,CONSERVADOR,2025-01-12,2025-01-12 09:38:23,2025-01-12 09:38:23
2913,6670,MODERADO,2025-09-12,2025-09-12 10:53:08,2025-09-12 10:53:08
2914,6671,CONSERVADOR,2026-03-23,2026-03-23 13:40:14,2026-03-23 13:40:14
2915,6672,ARROJADO,2024-05-27,2024-05-27 12:03:51,2024-05-27 12:03:51
2916,6673,MODERADO,2025-07-09,2025-07-09 16:20:37,2025-07-09 16:20:37
2917,6674,CONSERVADOR,2024-09-11,2024-09-11 11:43:22,2024-09-11 11:43:22
2918,6675,CONSERVADOR,2025-03-07,2025-03-07 18:33:32,2025-03-07 18:33:32
2919,6676,ARROJADO,2024-08-28,2024-08-28 09:56:42,2024-08-28 09:56:42
2920,6677,CONSERVADOR,2024-09-09,2024-09-09 11:46:29,2024-09-09 11:46:29
2921,6678,CONSERVADOR,2024-05-03,2024-05-03 15:47:49,2024-05-03 15:47:49
2922,6679,CONSERVADOR,2025-02-01,2025-02-01 12:44:15,2025-02-01 12:44:15
2923,6679,CONSERVADOR,2025-04-22,2025-04-22 09:09:10,2025-04-22 09:09:10
2924,6680,MODERADO,2024-07-08,2024-07-08 10:39:01,2024-07-08 10:39:01
2925,6681,CONSERVADOR,2023-10-10,2023-10-10 12:53:10,2023-10-10 12:53:10
2926,6682,ARROJADO,2025-12-20,2025-12-20 16:17:43,2025-12-20 16:17:43
2927,6683,CONSERVADOR,2024-03-24,2024-03-24 10:29:12,2024-03-24 10:29:12
2928,6683,MODERADO,2024-11-26,2024-11-26 15:06:55,2024-11-26 15:06:55
2929,6684,CONSERVADOR,2026-07-29,2026-07-29 13:36:20,2026-07-29 13:36:20
2930,6685,CONSERVADOR,2024-04-15,2024-04-15 10:43:10,2024-04-15 10:43:10
2931,6686,CONSERVADOR,2025-09-02,2025-09-02 10:20:15,2025-09-02 10:20:15
2932,6687,CONSERVADOR,2024-03-14,2024-03-14 10:39:18,2024-03-14 10:39:18
2933,6688,MODERADO,2026-01-09,2026-01-09 13:23:37,2026-01-09 13:23:37
2934,6689,CONSERVADOR,2023-01-05,2023-01-05 11:26:01,2023-01-05 11:26:01
2935,6690,MODERADO,2024-07-23,2024-07-23 09:35:32,2024-07-23 09:35:32
2936,6691,MODERADO,2023-09-10,2023-09-10 13:44:32,2023-09-10 13:44:32
2937,6692,CONSERVADOR,2024-10-15,2024-10-15 12:53:16,2024-10-15 12:53:16
2938,6693,CONSERVADOR,2025-07-18,2025-07-18 09:15:52,2025-07-18 09:15:52
2939,6693,MODERADO,2025-04-25,2025-04-25 14:27:44,2025-04-25 14:27:44
2940,6694,ARROJADO,2026-04-06,2026-04-06 09:57:33,2026-04-06 09:57:33
2941,6695,ARROJADO,2025-12-06,2025-12-06 17:45:50,2025-12-06 17:45:50
2942,6696,MODERADO,2025-08-27,2025-08-27 08:23:28,2025-08-27 08:23:28
2943,6697,MODERADO,2025-07-27,2025-07-27 12:04:12,2025-07-27 12:04:12
2944,6698,ARROJADO,2024-12-03,2024-12-03 08:47:20,2024-12-03 08:47:20
2945,6699,CONSERVADOR,2026-07-26,2026-07-26 18:07:55,2026-07-26 18:07:55
2946,6700,MODERADO,2026-07-03,2026-07-03 15:08:22,2026-07-03 15:08:22
2947,6701,ARROJADO,2023-08-03,2023-08-03 13:09:41,2023-08-03 13:09:41
2948,6702,MODERADO,2026-03-31,2026-03-31 15:50:47,2026-03-31 15:50:47
2949,6703,CONSERVADOR,2024-12-23,2024-12-23 16:05:51,2024-12-23 16:05:51
2950,6704,CONSERVADOR,2025-08-08,2025-08-08 10:55:16,2025-08-08 10:55:16
2951,6705,MODERADO,2026-06-11,2026-06-11 08:44:21,2026-06-11 08:44:21
2952,6706,MODERADO,2025-05-30,2025-05-30 13:22:40,2025-05-30 13:22:40
2953,6707,CONSERVADOR,2023-10-26,2023-10-26 12:35:41,2023-10-26 12:35:41
2954,6708,MODERADO,2024-02-28,2024-02-28 10:14:42,2024-02-28 10:14:42
2955,6709,MODERADO,2025-11-18,2025-11-18 13:16:37,2025-11-18 13:16:37
2956,6710,ARROJADO,2024-12-11,2024-12-11 17:04:00,2024-12-11 17:04:00
2957,6711,ARROJADO,2024-03-22,2024-03-22 16:36:13,2024-03-22 16:36:13
2958,6712,ARROJADO,2024-02-07,2024-02-07 16:38:49,2024-02-07 16:38:49
2959,6712,CONSERVADOR,2025-05-21,2025-05-21 09:24:18,2025-05-21 09:24:18
2960,6713,CONSERVADOR,2023-08-15,2023-08-15 17:48:41,2023-08-15 17:48:41
2961,6714,MODERADO,2025-02-01,2025-02-01 18:16:59,2025-02-01 18:16:59
2962,6715,ARROJADO,2023-09-24,2023-09-24 15:30:10,2023-09-24 15:30:10
2963,6716,MODERADO,2023-07-19,2023-07-19 13:30:49,2023-07-19 13:30:49
2964,6717,CONSERVADOR,2023-09-16,2023-09-16 09:08:40,2023-09-16 09:08:40
2965,6718,ARROJADO,2024-08-13,2024-08-13 14:45:59,2024-08-13 14:45:59
2966,6719,CONSERVADOR,2024-09-22,2024-09-22 16:14:45,2024-09-22 16:14:45
2967,6720,CONSERVADOR,2024-10-25,2024-10-25 17:28:23,2024-10-25 17:28:23
2968,6721,MODERADO,2024-02-10,2024-02-10 10:18:05,2024-02-10 10:18:05
2969,6722,MODERADO,2024-11-29,2024-11-29 13:45:44,2024-11-29 13:45:44
2970,6722,CONSERVADOR,2024-02-11,2024-02-11 17:45:31,2024-02-11 17:45:31
2971,6723,MODERADO,2023-01-10,2023-01-10 18:25:23,2023-01-10 18:25:23
2972,6723,MODERADO,2023-01-01,2023-01-01 13:16:23,2023-01-01 13:16:23
2973,6724,CONSERVADOR,2025-07-16,2025-07-16 08:39:04,2025-07-16 08:39:04
2974,6725,ARROJADO,2023-01-14,2023-01-14 08:35:14,2023-01-14 08:35:14
2975,6726,MODERADO,2025-10-09,2025-10-09 14:17:16,2025-10-09 14:17:16
2976,6727,MODERADO,2025-06-15,2025-06-15 17:26:25,2025-06-15 17:26:25
2977,6728,CONSERVADOR,2024-01-17,2024-01-17 11:12:18,2024-01-17 11:12:18
2978,6728,CONSERVADOR,2023-11-26,2023-11-26 09:40:28,2023-11-26 09:40:28
2979,6729,CONSERVADOR,2024-01-17,2024-01-17 16:04:11,2024-01-17 16:04:11
2980,6730,CONSERVADOR,2023-07-28,2023-07-28 09:49:02,2023-07-28 09:49:02
2981,6731,CONSERVADOR,2026-04-30,2026-04-30 08:07:38,2026-04-30 08:07:38
2982,6732,ARROJADO,2025-06-30,2025-06-30 09:38:10,2025-06-30 09:38:10
2983,6733,ARROJADO,2023-03-02,2023-03-02 13:02:33,2023-03-02 13:02:33
2984,6733,ARROJADO,2024-05-07,2024-05-07 09:53:58,2024-05-07 09:53:58
2985,6734,CONSERVADOR,2026-07-11,2026-07-11 14:21:25,2026-07-11 14:21:25
2986,6735,MODERADO,2026-01-10,2026-01-10 12:49:35,2026-01-10 12:49:35
2987,6736,MODERADO,2024-02-27,2024-02-27 08:16:28,2024-02-27 08:16:28
2988,6737,CONSERVADOR,2025-09-06,2025-09-06 09:21:14,2025-09-06 09:21:14
2989,6737,CONSERVADOR,2023-08-17,2023-08-17 08:35:58,2023-08-17 08:35:58
2990,6738,CONSERVADOR,2026-04-24,2026-04-24 09:41:58,2026-04-24 09:41:58
2991,6739,CONSERVADOR,2023-06-28,2023-06-28 13:06:16,2023-06-28 13:06:16
2992,6740,CONSERVADOR,2023-04-02,2023-04-02 09:34:15,2023-04-02 09:34:15
2993,6741,CONSERVADOR,2026-06-14,2026-06-14 18:44:19,2026-06-14 18:44:19
2994,6742,CONSERVADOR,2025-10-17,2025-10-17 08:56:50,2025-10-17 08:56:50
2995,6742,CONSERVADOR,2023-03-30,2023-03-30 12:36:13,2023-03-30 12:36:13
2996,6743,MODERADO,2025-07-03,2025-07-03 08:32:14,2025-07-03 08:32:14
2997,6744,CONSERVADOR,2025-09-02,2025-09-02 16:59:47,2025-09-02 16:59:47
2998,6745,CONSERVADOR,2026-01-12,2026-01-12 11:11:34,2026-01-12 11:11:34
2999,6746,CONSERVADOR,2025-12-10,2025-12-10 14:59:41,2025-12-10 14:59:41
3000,6747,MODERADO,2025-11-28,2025-11-28 18:13:15,2025-11-28 18:13:15
3001,6748,MODERADO,2026-03-02,2026-03-02 08:36:45,2026-03-02 08:36:45
3002,6749,CONSERVADOR,2024-12-15,2024-12-15 08:28:45,2024-12-15 08:28:45
3003,6750,CONSERVADOR,2024-08-11,2024-08-11 15:09:32,2024-08-11 15:09:32
3004,6751,MODERADO,2023-04-03,2023-04-03 13:24:54,2023-04-03 13:24:54
3005,6752,CONSERVADOR,2023-11-13,2023-11-13 09:28:57,2023-11-13 09:28:57
3006,6753,CONSERVADOR,2023-10-04,2023-10-04 16:35:31,2023-10-04 16:35:31
3007,6754,MODERADO,2024-11-11,2024-11-11 10:13:31,2024-11-11 10:13:31
3008,6754,CONSERVADOR,2025-11-12,2025-11-12 10:06:12,2025-11-12 10:06:12
3009,6755,CONSERVADOR,2024-07-26,2024-07-26 14:23:22,2024-07-26 14:23:22
3010,6756,CONSERVADOR,2023-07-06,2023-07-06 17:01:59,2023-07-06 17:01:59
3011,6757,MODERADO,2023-03-07,2023-03-07 08:12:51,2023-03-07 08:12:51
3012,6757,MODERADO,2024-03-15,2024-03-15 18:46:52,2024-03-15 18:46:52
3013,6758,CONSERVADOR,2024-04-03,2024-04-03 09:17:28,2024-04-03 09:17:28
3014,6759,ARROJADO,2024-10-01,2024-10-01 11:16:39,2024-10-01 11:16:39
3015,6760,MODERADO,2026-03-21,2026-03-21 18:58:54,2026-03-21 18:58:54
3016,6761,CONSERVADOR,2023-07-02,2023-07-02 13:55:54,2023-07-02 13:55:54
3017,6762,ARROJADO,2026-06-27,2026-06-27 08:09:12,2026-06-27 08:09:12
3018,6763,CONSERVADOR,2023-03-26,2023-03-26 12:22:42,2023-03-26 12:22:42
3019,6763,ARROJADO,2025-11-05,2025-11-05 14:47:29,2025-11-05 14:47:29
3020,6764,MODERADO,2024-01-24,2024-01-24 12:19:24,2024-01-24 12:19:24
3021,6765,CONSERVADOR,2025-02-05,2025-02-05 17:49:56,2025-02-05 17:49:56
3022,6766,ARROJADO,2024-07-03,2024-07-03 17:35:31,2024-07-03 17:35:31
3023,6766,CONSERVADOR,2026-05-08,2026-05-08 13:31:27,2026-05-08 13:31:27
3024,6767,CONSERVADOR,2023-09-03,2023-09-03 14:51:50,2023-09-03 14:51:50
3025,6768,MODERADO,2026-07-15,2026-07-15 14:07:26,2026-07-15 14:07:26
3026,6768,CONSERVADOR,2024-08-20,2024-08-20 15:02:27,2024-08-20 15:02:27
3027,6769,MODERADO,2023-01-30,2023-01-30 09:09:36,2023-01-30 09:09:36
3028,6770,CONSERVADOR,2025-09-21,2025-09-21 18:50:18,2025-09-21 18:50:18
3029,6770,CONSERVADOR,2023-07-25,2023-07-25 12:31:09,2023-07-25 12:31:09
3030,6771,MODERADO,2023-11-11,2023-11-11 10:13:58,2023-11-11 10:13:58
3031,6772,MODERADO,2024-03-13,2024-03-13 18:23:49,2024-03-13 18:23:49
3032,6773,CONSERVADOR,2023-12-22,2023-12-22 14:32:39,2023-12-22 14:32:39
3033,6774,MODERADO,2024-02-08,2024-02-08 14:15:05,2024-02-08 14:15:05
3034,6775,CONSERVADOR,2024-08-05,2024-08-05 08:02:19,2024-08-05 08:02:19
3035,6775,MODERADO,2025-11-22,2025-11-22 14:10:16,2025-11-22 14:10:16
3036,6776,CONSERVADOR,2024-08-03,2024-08-03 14:25:44,2024-08-03 14:25:44
3037,6777,MODERADO,2024-08-02,2024-08-02 12:38:16,2024-08-02 12:38:16
3038,6778,MODERADO,2023-12-31,2023-12-31 12:17:49,2023-12-31 12:17:49
3039,6779,CONSERVADOR,2024-05-23,2024-05-23 15:28:14,2024-05-23 15:28:14
3040,6780,CONSERVADOR,2026-03-07,2026-03-07 18:53:45,2026-03-07 18:53:45
3041,6780,CONSERVADOR,2024-04-03,2024-04-03 12:31:10,2024-04-03 12:31:10
3042,6781,CONSERVADOR,2026-04-28,2026-04-28 18:34:53,2026-04-28 18:34:53
3043,6782,MODERADO,2023-05-02,2023-05-02 08:13:22,2023-05-02 08:13:22
3044,6783,CONSERVADOR,2026-04-08,2026-04-08 17:33:16,2026-04-08 17:33:16
3045,6784,MODERADO,2025-03-16,2025-03-16 17:15:25,2025-03-16 17:15:25
3046,6784,CONSERVADOR,2026-04-04,2026-04-04 18:44:50,2026-04-04 18:44:50
3047,6785,CONSERVADOR,2025-03-30,2025-03-30 08:42:51,2025-03-30 08:42:51
3048,6786,MODERADO,2023-05-12,2023-05-12 13:42:04,2023-05-12 13:42:04
3049,6787,CONSERVADOR,2025-07-06,2025-07-06 10:01:30,2025-07-06 10:01:30
3050,6788,CONSERVADOR,2025-07-13,2025-07-13 10:05:16,2025-07-13 10:05:16
3051,6789,CONSERVADOR,2023-08-29,2023-08-29 17:46:17,2023-08-29 17:46:17
3052,6790,CONSERVADOR,2023-07-25,2023-07-25 13:30:32,2023-07-25 13:30:32
3053,6790,CONSERVADOR,2023-11-19,2023-11-19 10:36:14,2023-11-19 10:36:14
3054,6791,CONSERVADOR,2024-02-18,2024-02-18 10:32:24,2024-02-18 10:32:24
3055,6792,CONSERVADOR,2025-07-25,2025-07-25 14:38:18,2025-07-25 14:38:18
3056,6793,CONSERVADOR,2025-01-19,2025-01-19 18:15:29,2025-01-19 18:15:29
3057,6794,CONSERVADOR,2024-02-16,2024-02-16 13:14:12,2024-02-16 13:14:12
3058,6795,MODERADO,2023-09-17,2023-09-17 09:26:31,2023-09-17 09:26:31
3059,6796,CONSERVADOR,2023-05-28,2023-05-28 11:22:22,2023-05-28 11:22:22
3060,6796,ARROJADO,2023-09-22,2023-09-22 09:36:06,2023-09-22 09:36:06
3061,6797,MODERADO,2024-04-21,2024-04-21 12:48:02,2024-04-21 12:48:02
3062,6798,ARROJADO,2024-02-20,2024-02-20 12:59:12,2024-02-20 12:59:12
3063,6799,ARROJADO,2024-06-11,2024-06-11 12:01:02,2024-06-11 12:01:02
3064,6800,MODERADO,2025-07-17,2025-07-17 16:40:57,2025-07-17 16:40:57
3065,6801,ARROJADO,2025-10-13,2025-10-13 13:42:08,2025-10-13 13:42:08
3066,6801,ARROJADO,2024-05-30,2024-05-30 13:41:57,2024-05-30 13:41:57
3067,6802,MODERADO,2023-04-14,2023-04-14 17:54:16,2023-04-14 17:54:16
3068,6803,ARROJADO,2025-05-03,2025-05-03 14:59:02,2025-05-03 14:59:02
3069,6804,ARROJADO,2023-11-12,2023-11-12 17:36:51,2023-11-12 17:36:51
3070,6805,ARROJADO,2023-06-29,2023-06-29 18:26:39,2023-06-29 18:26:39
3071,6806,CONSERVADOR,2026-03-04,2026-03-04 15:15:26,2026-03-04 15:15:26
3072,6807,MODERADO,2023-02-11,2023-02-11 08:28:45,2023-02-11 08:28:45
3073,6808,CONSERVADOR,2024-07-29,2024-07-29 08:15:36,2024-07-29 08:15:36
3074,6808,CONSERVADOR,2023-03-30,2023-03-30 15:12:05,2023-03-30 15:12:05
3075,6809,ARROJADO,2026-02-10,2026-02-10 18:06:02,2026-02-10 18:06:02
3076,6810,MODERADO,2023-02-21,2023-02-21 15:33:45,2023-02-21 15:33:45
3077,6811,ARROJADO,2024-10-09,2024-10-09 09:27:52,2024-10-09 09:27:52
3078,6812,ARROJADO,2024-12-18,2024-12-18 17:25:23,2024-12-18 17:25:23
3079,6813,CONSERVADOR,2023-09-02,2023-09-02 15:25:04,2023-09-02 15:25:04
3080,6814,MODERADO,2026-02-01,2026-02-01 09:03:49,2026-02-01 09:03:49
3081,6815,MODERADO,2025-08-15,2025-08-15 18:52:13,2025-08-15 18:52:13
3082,6816,ARROJADO,2025-03-16,2025-03-16 15:58:52,2025-03-16 15:58:52
3083,6817,MODERADO,2026-02-11,2026-02-11 10:29:06,2026-02-11 10:29:06
3084,6818,ARROJADO,2026-01-20,2026-01-20 12:23:59,2026-01-20 12:23:59
3085,6818,CONSERVADOR,2026-03-15,2026-03-15 12:55:14,2026-03-15 12:55:14
3086,6819,CONSERVADOR,2023-03-07,2023-03-07 13:17:13,2023-03-07 13:17:13
3087,6819,ARROJADO,2026-01-22,2026-01-22 10:40:27,2026-01-22 10:40:27
3088,6820,CONSERVADOR,2026-03-02,2026-03-02 15:40:49,2026-03-02 15:40:49
3089,6821,MODERADO,2024-07-28,2024-07-28 11:41:31,2024-07-28 11:41:31
3090,6822,CONSERVADOR,2025-04-12,2025-04-12 18:02:37,2025-04-12 18:02:37
3091,6823,CONSERVADOR,2025-10-21,2025-10-21 08:51:11,2025-10-21 08:51:11
3092,6823,ARROJADO,2026-03-23,2026-03-23 12:20:05,2026-03-23 12:20:05
3093,6824,MODERADO,2023-10-28,2023-10-28 17:19:37,2023-10-28 17:19:37
3094,6825,ARROJADO,2023-11-05,2023-11-05 11:16:04,2023-11-05 11:16:04
3095,6825,ARROJADO,2023-07-15,2023-07-15 13:19:29,2023-07-15 13:19:29
3096,6826,MODERADO,2026-07-16,2026-07-16 10:06:59,2026-07-16 10:06:59
3097,6827,CONSERVADOR,2026-07-29,2026-07-29 13:04:39,2026-07-29 13:04:39
3098,6828,MODERADO,2024-05-01,2024-05-01 12:57:13,2024-05-01 12:57:13
3099,6829,MODERADO,2025-04-13,2025-04-13 11:33:52,2025-04-13 11:33:52
3100,6830,MODERADO,2025-04-28,2025-04-28 15:28:17,2025-04-28 15:28:17
3101,6831,MODERADO,2025-03-08,2025-03-08 08:30:15,2025-03-08 08:30:15
3102,6832,MODERADO,2025-03-01,2025-03-01 12:45:58,2025-03-01 12:45:58
3103,6833,CONSERVADOR,2023-04-20,2023-04-20 12:44:04,2023-04-20 12:44:04
3104,6833,CONSERVADOR,2024-06-29,2024-06-29 08:26:57,2024-06-29 08:26:57
3105,6834,CONSERVADOR,2023-11-16,2023-11-16 15:14:26,2023-11-16 15:14:26
3106,6835,CONSERVADOR,2026-03-03,2026-03-03 17:15:18,2026-03-03 17:15:18
3107,6835,ARROJADO,2025-04-02,2025-04-02 11:52:25,2025-04-02 11:52:25
3108,6836,CONSERVADOR,2023-06-02,2023-06-02 10:03:24,2023-06-02 10:03:24
3109,6836,MODERADO,2023-09-08,2023-09-08 10:26:25,2023-09-08 10:26:25
3110,6837,CONSERVADOR,2026-06-11,2026-06-11 14:22:39,2026-06-11 14:22:39
3111,6837,CONSERVADOR,2023-10-25,2023-10-25 09:26:22,2023-10-25 09:26:22
3112,6838,ARROJADO,2026-01-16,2026-01-16 08:08:05,2026-01-16 08:08:05
3113,6839,MODERADO,2023-12-03,2023-12-03 18:14:13,2023-12-03 18:14:13
3114,6840,CONSERVADOR,2023-02-19,2023-02-19 15:04:45,2023-02-19 15:04:45
3115,6841,CONSERVADOR,2026-07-10,2026-07-10 18:06:51,2026-07-10 18:06:51
3116,6842,MODERADO,2024-06-24,2024-06-24 18:39:50,2024-06-24 18:39:50
3117,6843,CONSERVADOR,2025-07-20,2025-07-20 17:12:12,2025-07-20 17:12:12
3118,6844,CONSERVADOR,2023-06-16,2023-06-16 10:37:03,2023-06-16 10:37:03
3119,6845,MODERADO,2025-01-31,2025-01-31 13:14:04,2025-01-31 13:14:04
3120,6846,CONSERVADOR,2026-04-12,2026-04-12 13:36:47,2026-04-12 13:36:47
3121,6847,CONSERVADOR,2024-03-31,2024-03-31 09:51:06,2024-03-31 09:51:06
3122,6848,MODERADO,2026-05-01,2026-05-01 17:06:53,2026-05-01 17:06:53
3123,6849,CONSERVADOR,2023-12-22,2023-12-22 17:28:40,2023-12-22 17:28:40
3124,6850,ARROJADO,2026-01-16,2026-01-16 09:05:43,2026-01-16 09:05:43
3125,6851,CONSERVADOR,2025-11-03,2025-11-03 11:56:33,2025-11-03 11:56:33
3126,6852,CONSERVADOR,2024-08-06,2024-08-06 13:55:27,2024-08-06 13:55:27
3127,6853,MODERADO,2024-12-16,2024-12-16 13:18:30,2024-12-16 13:18:30
3128,6854,CONSERVADOR,2025-05-11,2025-05-11 17:58:19,2025-05-11 17:58:19
3129,6855,MODERADO,2024-06-04,2024-06-04 14:39:00,2024-06-04 14:39:00
3130,6856,CONSERVADOR,2024-03-12,2024-03-12 08:08:54,2024-03-12 08:08:54
3131,6857,ARROJADO,2025-11-23,2025-11-23 15:29:23,2025-11-23 15:29:23
3132,6857,CONSERVADOR,2023-04-08,2023-04-08 14:14:25,2023-04-08 14:14:25
3133,6858,MODERADO,2023-09-14,2023-09-14 13:06:22,2023-09-14 13:06:22
3134,6859,MODERADO,2024-01-13,2024-01-13 15:01:10,2024-01-13 15:01:10
3135,6860,CONSERVADOR,2026-02-11,2026-02-11 18:16:50,2026-02-11 18:16:50
3136,6861,CONSERVADOR,2024-04-29,2024-04-29 18:54:24,2024-04-29 18:54:24
3137,6862,CONSERVADOR,2023-05-03,2023-05-03 11:53:39,2023-05-03 11:53:39
3138,6863,MODERADO,2023-04-02,2023-04-02 10:28:28,2023-04-02 10:28:28
3139,6864,CONSERVADOR,2025-10-22,2025-10-22 10:39:03,2025-10-22 10:39:03
3140,6865,ARROJADO,2023-06-21,2023-06-21 17:36:28,2023-06-21 17:36:28
3141,6866,CONSERVADOR,2023-08-20,2023-08-20 10:08:14,2023-08-20 10:08:14
3142,6867,CONSERVADOR,2025-06-15,2025-06-15 09:01:37,2025-06-15 09:01:37
3143,6868,CONSERVADOR,2025-08-15,2025-08-15 18:25:40,2025-08-15 18:25:40
3144,6869,MODERADO,2026-06-01,2026-06-01 13:05:43,2026-06-01 13:05:43
3145,6869,MODERADO,2024-05-17,2024-05-17 14:27:18,2024-05-17 14:27:18
3146,6870,CONSERVADOR,2026-03-15,2026-03-15 09:40:53,2026-03-15 09:40:53
3147,6871,CONSERVADOR,2025-04-05,2025-04-05 10:39:25,2025-04-05 10:39:25
3148,6872,CONSERVADOR,2023-02-03,2023-02-03 12:35:27,2023-02-03 12:35:27
3149,6873,MODERADO,2025-04-10,2025-04-10 18:36:35,2025-04-10 18:36:35
3150,6874,MODERADO,2023-02-15,2023-02-15 10:10:04,2023-02-15 10:10:04
3151,6875,CONSERVADOR,2023-11-22,2023-11-22 17:42:42,2023-11-22 17:42:42
3152,6876,CONSERVADOR,2025-11-27,2025-11-27 10:45:10,2025-11-27 10:45:10
3153,6877,MODERADO,2024-11-04,2024-11-04 11:38:13,2024-11-04 11:38:13
3154,6878,MODERADO,2024-04-16,2024-04-16 11:52:56,2024-04-16 11:52:56
3155,6879,MODERADO,2023-07-25,2023-07-25 18:14:24,2023-07-25 18:14:24
3156,6880,ARROJADO,2024-04-19,2024-04-19 09:37:14,2024-04-19 09:37:14
3157,6881,ARROJADO,2026-06-06,2026-06-06 09:29:36,2026-06-06 09:29:36
3158,6881,CONSERVADOR,2026-04-01,2026-04-01 11:27:14,2026-04-01 11:27:14
3159,6882,CONSERVADOR,2023-02-25,2023-02-25 18:43:15,2023-02-25 18:43:15
3160,6882,CONSERVADOR,2026-03-15,2026-03-15 13:06:49,2026-03-15 13:06:49
3161,6883,CONSERVADOR,2024-10-24,2024-10-24 15:55:19,2024-10-24 15:55:19
3162,6884,ARROJADO,2025-05-18,2025-05-18 11:34:48,2025-05-18 11:34:48
3163,6885,CONSERVADOR,2023-02-02,2023-02-02 08:31:30,2023-02-02 08:31:30
3164,6886,CONSERVADOR,2023-05-01,2023-05-01 09:14:19,2023-05-01 09:14:19
3165,6887,CONSERVADOR,2025-03-12,2025-03-12 17:03:26,2025-03-12 17:03:26
3166,6888,CONSERVADOR,2025-03-03,2025-03-03 09:49:46,2025-03-03 09:49:46
3167,6889,CONSERVADOR,2024-04-26,2024-04-26 10:37:35,2024-04-26 10:37:35
3168,6890,ARROJADO,2024-03-27,2024-03-27 16:06:14,2024-03-27 16:06:14
3169,6891,CONSERVADOR,2023-04-20,2023-04-20 17:27:57,2023-04-20 17:27:57
3170,6891,CONSERVADOR,2023-03-30,2023-03-30 12:22:21,2023-03-30 12:22:21
3171,6892,CONSERVADOR,2024-10-06,2024-10-06 09:42:39,2024-10-06 09:42:39
3172,6893,CONSERVADOR,2025-06-20,2025-06-20 15:15:09,2025-06-20 15:15:09
3173,6894,MODERADO,2024-01-31,2024-01-31 16:18:26,2024-01-31 16:18:26
3174,6895,CONSERVADOR,2025-11-26,2025-11-26 17:31:33,2025-11-26 17:31:33
3175,6895,CONSERVADOR,2026-06-28,2026-06-28 18:30:05,2026-06-28 18:30:05
3176,6896,CONSERVADOR,2023-10-12,2023-10-12 11:28:18,2023-10-12 11:28:18
3177,6897,ARROJADO,2023-05-15,2023-05-15 09:38:58,2023-05-15 09:38:58
3178,6898,CONSERVADOR,2025-02-23,2025-02-23 17:14:57,2025-02-23 17:14:57
3179,6899,ARROJADO,2024-08-20,2024-08-20 18:54:49,2024-08-20 18:54:49
3180,6900,CONSERVADOR,2024-03-08,2024-03-08 18:29:55,2024-03-08 18:29:55
3181,6901,MODERADO,2023-03-31,2023-03-31 15:51:27,2023-03-31 15:51:27
3182,6902,CONSERVADOR,2025-02-17,2025-02-17 09:51:19,2025-02-17 09:51:19
3183,6903,CONSERVADOR,2026-07-22,2026-07-22 10:19:52,2026-07-22 10:19:52
3184,6904,MODERADO,2025-02-24,2025-02-24 09:31:02,2025-02-24 09:31:02
3185,6905,CONSERVADOR,2023-08-03,2023-08-03 14:51:40,2023-08-03 14:51:40
3186,6906,ARROJADO,2024-03-10,2024-03-10 09:06:31,2024-03-10 09:06:31
3187,6907,ARROJADO,2024-03-19,2024-03-19 08:20:42,2024-03-19 08:20:42
3188,6908,ARROJADO,2023-01-29,2023-01-29 13:59:32,2023-01-29 13:59:32
3189,6909,MODERADO,2025-10-16,2025-10-16 08:23:42,2025-10-16 08:23:42
3190,6910,CONSERVADOR,2024-04-11,2024-04-11 11:32:09,2024-04-11 11:32:09
3191,6911,ARROJADO,2025-10-18,2025-10-18 14:02:38,2025-10-18 14:02:38
3192,6912,ARROJADO,2023-09-06,2023-09-06 12:24:45,2023-09-06 12:24:45
3193,6912,CONSERVADOR,2025-12-23,2025-12-23 10:50:27,2025-12-23 10:50:27
3194,6913,CONSERVADOR,2023-08-17,2023-08-17 18:42:46,2023-08-17 18:42:46
3195,6914,ARROJADO,2026-06-17,2026-06-17 11:30:41,2026-06-17 11:30:41
3196,6915,ARROJADO,2023-02-02,2023-02-02 08:57:04,2023-02-02 08:57:04
3197,6916,CONSERVADOR,2024-08-26,2024-08-26 15:38:32,2024-08-26 15:38:32
3198,6916,CONSERVADOR,2026-07-08,2026-07-08 18:01:41,2026-07-08 18:01:41
3199,6917,CONSERVADOR,2025-06-18,2025-06-18 13:42:59,2025-06-18 13:42:59
3200,6917,ARROJADO,2023-06-01,2023-06-01 15:04:34,2023-06-01 15:04:34
3201,6918,MODERADO,2026-05-07,2026-05-07 08:30:12,2026-05-07 08:30:12
3202,6919,MODERADO,2025-01-13,2025-01-13 17:46:47,2025-01-13 17:46:47
3203,6920,CONSERVADOR,2024-03-27,2024-03-27 18:27:59,2024-03-27 18:27:59
3204,6921,CONSERVADOR,2024-07-05,2024-07-05 11:42:06,2024-07-05 11:42:06
3205,6921,CONSERVADOR,2024-11-15,2024-11-15 16:55:43,2024-11-15 16:55:43
3206,6922,MODERADO,2023-10-02,2023-10-02 10:51:24,2023-10-02 10:51:24
3207,6923,ARROJADO,2025-11-17,2025-11-17 14:39:15,2025-11-17 14:39:15
3208,6923,MODERADO,2026-07-03,2026-07-03 17:14:05,2026-07-03 17:14:05
3209,6924,CONSERVADOR,2026-04-26,2026-04-26 12:37:57,2026-04-26 12:37:57
3210,6925,ARROJADO,2023-05-05,2023-05-05 11:19:23,2023-05-05 11:19:23
3211,6926,MODERADO,2024-07-23,2024-07-23 14:35:39,2024-07-23 14:35:39
3212,6927,MODERADO,2023-02-14,2023-02-14 10:34:03,2023-02-14 10:34:03
3213,6928,CONSERVADOR,2025-04-05,2025-04-05 17:15:21,2025-04-05 17:15:21
3214,6929,MODERADO,2025-06-25,2025-06-25 11:41:06,2025-06-25 11:41:06
3215,6930,CONSERVADOR,2023-02-14,2023-02-14 18:13:17,2023-02-14 18:13:17
3216,6931,CONSERVADOR,2026-02-05,2026-02-05 11:53:17,2026-02-05 11:53:17
3217,6932,CONSERVADOR,2025-03-01,2025-03-01 17:05:41,2025-03-01 17:05:41
3218,6933,CONSERVADOR,2024-08-01,2024-08-01 11:03:32,2024-08-01 11:03:32
3219,6934,ARROJADO,2023-05-10,2023-05-10 16:29:59,2023-05-10 16:29:59
3220,6934,CONSERVADOR,2024-06-16,2024-06-16 14:38:04,2024-06-16 14:38:04
3221,6935,CONSERVADOR,2024-04-18,2024-04-18 09:53:24,2024-04-18 09:53:24
3222,6936,MODERADO,2024-08-24,2024-08-24 16:40:15,2024-08-24 16:40:15
3223,6937,CONSERVADOR,2024-01-04,2024-01-04 09:34:56,2024-01-04 09:34:56
3224,6938,CONSERVADOR,2025-10-15,2025-10-15 13:00:22,2025-10-15 13:00:22
3225,6939,CONSERVADOR,2023-08-06,2023-08-06 15:56:18,2023-08-06 15:56:18
3226,6940,ARROJADO,2026-01-07,2026-01-07 08:33:41,2026-01-07 08:33:41
3227,6941,MODERADO,2025-07-05,2025-07-05 16:27:52,2025-07-05 16:27:52
3228,6942,ARROJADO,2025-04-22,2025-04-22 17:01:16,2025-04-22 17:01:16
3229,6943,CONSERVADOR,2025-07-25,2025-07-25 08:03:57,2025-07-25 08:03:57
3230,6943,MODERADO,2024-11-07,2024-11-07 08:52:21,2024-11-07 08:52:21
3231,6944,CONSERVADOR,2023-03-16,2023-03-16 12:42:27,2023-03-16 12:42:27
3232,6945,ARROJADO,2026-06-02,2026-06-02 09:34:13,2026-06-02 09:34:13
3233,6946,MODERADO,2023-06-13,2023-06-13 09:35:50,2023-06-13 09:35:50
3234,6947,CONSERVADOR,2024-12-26,2024-12-26 12:32:08,2024-12-26 12:32:08
3235,6948,CONSERVADOR,2025-05-07,2025-05-07 12:08:39,2025-05-07 12:08:39
3236,6949,ARROJADO,2026-07-02,2026-07-02 18:47:29,2026-07-02 18:47:29
3237,6950,MODERADO,2026-07-21,2026-07-21 18:44:54,2026-07-21 18:44:54
3238,6951,MODERADO,2025-05-21,2025-05-21 10:16:08,2025-05-21 10:16:08
3239,6952,CONSERVADOR,2026-07-30,2026-07-30 18:08:35,2026-07-30 18:08:35
3240,6953,CONSERVADOR,2025-09-10,2025-09-10 16:16:36,2025-09-10 16:16:36
3241,6954,CONSERVADOR,2023-04-09,2023-04-09 10:39:46,2023-04-09 10:39:46
3242,6955,MODERADO,2025-10-23,2025-10-23 08:06:03,2025-10-23 08:06:03
3243,6956,CONSERVADOR,2024-10-09,2024-10-09 10:37:04,2024-10-09 10:37:04
3244,6957,CONSERVADOR,2026-03-16,2026-03-16 12:51:24,2026-03-16 12:51:24
3245,6958,CONSERVADOR,2024-12-20,2024-12-20 09:38:03,2024-12-20 09:38:03
3246,6959,ARROJADO,2023-05-30,2023-05-30 17:02:37,2023-05-30 17:02:37
3247,6960,MODERADO,2024-04-16,2024-04-16 13:44:35,2024-04-16 13:44:35
3248,6961,ARROJADO,2024-05-25,2024-05-25 10:40:49,2024-05-25 10:40:49
3249,6962,MODERADO,2026-07-18,2026-07-18 17:30:59,2026-07-18 17:30:59
3250,6963,ARROJADO,2026-05-18,2026-05-18 11:59:48,2026-05-18 11:59:48
3251,6964,MODERADO,2024-11-14,2024-11-14 18:46:20,2024-11-14 18:46:20
3252,6965,CONSERVADOR,2024-10-19,2024-10-19 14:46:14,2024-10-19 14:46:14
3253,6966,CONSERVADOR,2023-09-27,2023-09-27 13:50:53,2023-09-27 13:50:53
3254,6967,MODERADO,2023-07-03,2023-07-03 12:40:48,2023-07-03 12:40:48
3255,6968,CONSERVADOR,2026-04-10,2026-04-10 14:25:21,2026-04-10 14:25:21
3256,6969,MODERADO,2024-12-27,2024-12-27 09:57:49,2024-12-27 09:57:49
3257,6970,CONSERVADOR,2025-02-26,2025-02-26 14:48:12,2025-02-26 14:48:12
3258,6971,CONSERVADOR,2023-05-18,2023-05-18 08:35:41,2023-05-18 08:35:41
3259,6972,ARROJADO,2026-05-21,2026-05-21 16:38:45,2026-05-21 16:38:45
3260,6973,MODERADO,2024-12-20,2024-12-20 09:48:21,2024-12-20 09:48:21
3261,6974,ARROJADO,2024-11-25,2024-11-25 11:27:44,2024-11-25 11:27:44
3262,6975,MODERADO,2026-01-25,2026-01-25 12:36:42,2026-01-25 12:36:42
3263,6976,CONSERVADOR,2024-10-31,2024-10-31 10:29:17,2024-10-31 10:29:17
3264,6977,MODERADO,2023-02-27,2023-02-27 10:21:19,2023-02-27 10:21:19
3265,6978,ARROJADO,2023-06-04,2023-06-04 17:55:01,2023-06-04 17:55:01
3266,6979,MODERADO,2025-08-17,2025-08-17 08:54:29,2025-08-17 08:54:29
3267,6979,MODERADO,2024-04-11,2024-04-11 13:15:04,2024-04-11 13:15:04
3268,6980,CONSERVADOR,2024-08-17,2024-08-17 17:11:21,2024-08-17 17:11:21
3269,6981,MODERADO,2025-01-12,2025-01-12 17:14:28,2025-01-12 17:14:28
3270,6981,CONSERVADOR,2025-09-18,2025-09-18 13:10:47,2025-09-18 13:10:47
3271,6982,MODERADO,2023-11-13,2023-11-13 15:34:38,2023-11-13 15:34:38
3272,6983,CONSERVADOR,2025-02-09,2025-02-09 16:10:39,2025-02-09 16:10:39
3273,6984,CONSERVADOR,2023-06-12,2023-06-12 12:05:16,2023-06-12 12:05:16
3274,6985,CONSERVADOR,2023-02-24,2023-02-24 09:02:30,2023-02-24 09:02:30
3275,6986,ARROJADO,2024-05-23,2024-05-23 08:56:40,2024-05-23 08:56:40
3276,6986,MODERADO,2024-10-23,2024-10-23 17:17:37,2024-10-23 17:17:37
3277,6987,MODERADO,2023-01-05,2023-01-05 16:52:17,2023-01-05 16:52:17
3278,6988,ARROJADO,2025-12-13,2025-12-13 12:43:02,2025-12-13 12:43:02
3279,6989,MODERADO,2026-02-04,2026-02-04 12:28:18,2026-02-04 12:28:18
3280,6990,MODERADO,2023-08-25,2023-08-25 17:40:31,2023-08-25 17:40:31
3281,6990,MODERADO,2024-06-12,2024-06-12 13:18:05,2024-06-12 13:18:05
3282,6991,CONSERVADOR,2026-05-21,2026-05-21 13:48:20,2026-05-21 13:48:20
3283,6992,CONSERVADOR,2025-01-05,2025-01-05 09:29:10,2025-01-05 09:29:10
3284,6993,MODERADO,2024-11-04,2024-11-04 13:33:56,2024-11-04 13:33:56
3285,6994,MODERADO,2023-07-14,2023-07-14 13:28:41,2023-07-14 13:28:41
3286,6994,CONSERVADOR,2025-07-05,2025-07-05 18:49:24,2025-07-05 18:49:24
3287,6995,CONSERVADOR,2025-01-05,2025-01-05 12:06:28,2025-01-05 12:06:28
3288,6996,CONSERVADOR,2024-11-16,2024-11-16 17:41:19,2024-11-16 17:41:19
3289,6996,CONSERVADOR,2024-12-05,2024-12-05 16:28:14,2024-12-05 16:28:14
3290,6997,ARROJADO,2025-06-24,2025-06-24 09:13:24,2025-06-24 09:13:24
3291,6998,CONSERVADOR,2026-02-21,2026-02-21 11:02:25,2026-02-21 11:02:25
3292,6998,MODERADO,2025-12-09,2025-12-09 16:54:42,2025-12-09 16:54:42
3293,6999,MODERADO,2024-02-11,2024-02-11 13:55:26,2024-02-11 13:55:26
3294,7000,ARROJADO,2024-06-03,2024-06-03 17:42:20,2024-06-03 17:42:20
3295,7001,CONSERVADOR,2023-02-15,2023-02-15 14:01:56,2023-02-15 14:01:56
3296,7002,ARROJADO,2025-07-11,2025-07-11 14:55:51,2025-07-11 14:55:51
3297,7003,CONSERVADOR,2023-10-26,2023-10-26 14:45:28,2023-10-26 14:45:28
3298,7004,MODERADO,2025-08-08,2025-08-08 17:10:31,2025-08-08 17:10:31
3299,7004,ARROJADO,2025-08-09,2025-08-09 15:23:11,2025-08-09 15:23:11
3300,7005,CONSERVADOR,2025-03-30,2025-03-30 17:20:12,2025-03-30 17:20:12
3301,7005,CONSERVADOR,2024-11-23,2024-11-23 08:32:29,2024-11-23 08:32:29
3302,7006,CONSERVADOR,2023-05-14,2023-05-14 16:49:46,2023-05-14 16:49:46
3303,7007,MODERADO,2024-02-26,2024-02-26 17:18:12,2024-02-26 17:18:12
3304,7007,ARROJADO,2025-05-07,2025-05-07 14:08:20,2025-05-07 14:08:20
3305,7008,ARROJADO,2025-11-02,2025-11-02 14:35:53,2025-11-02 14:35:53
3306,7009,MODERADO,2025-10-01,2025-10-01 11:47:27,2025-10-01 11:47:27
3307,7009,CONSERVADOR,2026-06-12,2026-06-12 15:16:35,2026-06-12 15:16:35
3308,7010,ARROJADO,2025-10-27,2025-10-27 10:39:35,2025-10-27 10:39:35
3309,7011,MODERADO,2025-06-20,2025-06-20 17:41:28,2025-06-20 17:41:28
3310,7012,ARROJADO,2025-05-09,2025-05-09 18:52:18,2025-05-09 18:52:18
3311,7013,CONSERVADOR,2025-09-15,2025-09-15 12:43:06,2025-09-15 12:43:06
3312,7014,CONSERVADOR,2024-01-02,2024-01-02 11:35:08,2024-01-02 11:35:08
3313,7015,CONSERVADOR,2025-06-21,2025-06-21 11:03:54,2025-06-21 11:03:54
3314,7016,MODERADO,2026-02-10,2026-02-10 13:51:18,2026-02-10 13:51:18
3315,7017,MODERADO,2023-05-06,2023-05-06 17:42:52,2023-05-06 17:42:52
3316,7017,CONSERVADOR,2024-10-22,2024-10-22 11:11:29,2024-10-22 11:11:29
3317,7018,CONSERVADOR,2023-02-26,2023-02-26 16:06:10,2023-02-26 16:06:10
3318,7019,CONSERVADOR,2023-07-20,2023-07-20 15:34:49,2023-07-20 15:34:49
3319,7020,MODERADO,2025-07-11,2025-07-11 08:45:39,2025-07-11 08:45:39
3320,7021,CONSERVADOR,2023-10-26,2023-10-26 10:42:37,2023-10-26 10:42:37
3321,7021,CONSERVADOR,2025-10-03,2025-10-03 15:33:38,2025-10-03 15:33:38
3322,7022,CONSERVADOR,2024-10-24,2024-10-24 12:32:53,2024-10-24 12:32:53
3323,7022,ARROJADO,2026-01-16,2026-01-16 17:47:21,2026-01-16 17:47:21
3324,7023,ARROJADO,2025-08-21,2025-08-21 15:37:36,2025-08-21 15:37:36
3325,7024,ARROJADO,2025-01-30,2025-01-30 16:03:01,2025-01-30 16:03:01
3326,7025,ARROJADO,2025-05-13,2025-05-13 12:25:50,2025-05-13 12:25:50
3327,7026,MODERADO,2025-11-16,2025-11-16 10:06:06,2025-11-16 10:06:06
3328,7026,CONSERVADOR,2024-09-04,2024-09-04 16:36:50,2024-09-04 16:36:50
3329,7027,ARROJADO,2025-06-24,2025-06-24 08:55:05,2025-06-24 08:55:05
3330,7027,MODERADO,2024-06-03,2024-06-03 17:50:07,2024-06-03 17:50:07
3331,7028,CONSERVADOR,2024-01-18,2024-01-18 13:18:39,2024-01-18 13:18:39
3332,7029,ARROJADO,2024-03-19,2024-03-19 08:56:22,2024-03-19 08:56:22
3333,7030,MODERADO,2025-07-08,2025-07-08 16:10:11,2025-07-08 16:10:11
3334,7031,CONSERVADOR,2024-11-13,2024-11-13 11:01:32,2024-11-13 11:01:32
3335,7032,CONSERVADOR,2026-01-10,2026-01-10 18:51:13,2026-01-10 18:51:13
3336,7033,CONSERVADOR,2023-12-27,2023-12-27 11:47:17,2023-12-27 11:47:17
3337,7034,MODERADO,2026-05-09,2026-05-09 18:18:15,2026-05-09 18:18:15
3338,7035,CONSERVADOR,2024-05-28,2024-05-28 13:56:22,2024-05-28 13:56:22
3339,7036,CONSERVADOR,2025-11-09,2025-11-09 10:28:57,2025-11-09 10:28:57
3340,7037,MODERADO,2024-06-02,2024-06-02 10:15:39,2024-06-02 10:15:39
3341,7038,ARROJADO,2026-06-06,2026-06-06 09:51:09,2026-06-06 09:51:09
3342,7039,ARROJADO,2024-11-07,2024-11-07 18:26:03,2024-11-07 18:26:03
3343,7040,MODERADO,2023-02-19,2023-02-19 09:05:10,2023-02-19 09:05:10
3344,7041,ARROJADO,2026-02-08,2026-02-08 12:41:55,2026-02-08 12:41:55
3345,7042,CONSERVADOR,2026-05-05,2026-05-05 08:12:31,2026-05-05 08:12:31
3346,7043,CONSERVADOR,2025-07-27,2025-07-27 17:19:07,2025-07-27 17:19:07
3347,7044,MODERADO,2024-03-03,2024-03-03 10:59:01,2024-03-03 10:59:01
3348,7045,CONSERVADOR,2023-08-25,2023-08-25 14:08:50,2023-08-25 14:08:50
3349,7046,MODERADO,2026-01-03,2026-01-03 14:23:35,2026-01-03 14:23:35
3350,7047,CONSERVADOR,2026-02-12,2026-02-12 16:25:01,2026-02-12 16:25:01
3351,7047,MODERADO,2023-09-20,2023-09-20 13:43:10,2023-09-20 13:43:10
3352,7048,CONSERVADOR,2023-06-20,2023-06-20 16:11:06,2023-06-20 16:11:06
3353,7049,MODERADO,2023-12-19,2023-12-19 18:30:08,2023-12-19 18:30:08
3354,7050,CONSERVADOR,2024-12-24,2024-12-24 14:39:38,2024-12-24 14:39:38
3355,7051,MODERADO,2025-05-25,2025-05-25 14:10:06,2025-05-25 14:10:06
3356,7052,CONSERVADOR,2023-12-25,2023-12-25 08:03:43,2023-12-25 08:03:43
3357,7052,MODERADO,2025-08-24,2025-08-24 09:46:02,2025-08-24 09:46:02
3358,7053,MODERADO,2026-05-30,2026-05-30 15:50:30,2026-05-30 15:50:30
3359,7054,CONSERVADOR,2023-08-13,2023-08-13 16:47:26,2023-08-13 16:47:26
3360,7054,CONSERVADOR,2025-07-29,2025-07-29 10:37:50,2025-07-29 10:37:50
3361,7055,MODERADO,2024-04-28,2024-04-28 18:22:27,2024-04-28 18:22:27
3362,7056,MODERADO,2024-09-06,2024-09-06 16:48:28,2024-09-06 16:48:28
3363,7057,CONSERVADOR,2026-07-12,2026-07-12 18:29:01,2026-07-12 18:29:01
3364,7058,CONSERVADOR,2026-07-12,2026-07-12 15:15:55,2026-07-12 15:15:55
3365,7059,MODERADO,2026-03-12,2026-03-12 12:25:30,2026-03-12 12:25:30
3366,7060,MODERADO,2023-11-27,2023-11-27 13:17:17,2023-11-27 13:17:17
3367,7061,CONSERVADOR,2023-01-23,2023-01-23 11:11:48,2023-01-23 11:11:48
3368,7062,CONSERVADOR,2025-05-28,2025-05-28 11:14:12,2025-05-28 11:14:12
3369,7063,CONSERVADOR,2025-03-05,2025-03-05 12:43:13,2025-03-05 12:43:13
3370,7064,ARROJADO,2024-01-18,2024-01-18 18:21:14,2024-01-18 18:21:14
3371,7065,CONSERVADOR,2024-03-08,2024-03-08 17:53:26,2024-03-08 17:53:26
3372,7065,MODERADO,2025-03-04,2025-03-04 09:39:58,2025-03-04 09:39:58
3373,7066,MODERADO,2023-09-01,2023-09-01 14:45:49,2023-09-01 14:45:49
3374,7067,CONSERVADOR,2024-01-08,2024-01-08 10:55:10,2024-01-08 10:55:10
3375,7068,CONSERVADOR,2025-12-20,2025-12-20 14:55:56,2025-12-20 14:55:56
3376,7069,CONSERVADOR,2023-01-09,2023-01-09 15:35:30,2023-01-09 15:35:30
3377,7070,CONSERVADOR,2024-11-18,2024-11-18 14:04:54,2024-11-18 14:04:54
3378,7071,ARROJADO,2024-08-31,2024-08-31 12:43:05,2024-08-31 12:43:05
3379,7072,CONSERVADOR,2023-05-06,2023-05-06 09:44:16,2023-05-06 09:44:16
3380,7072,CONSERVADOR,2025-07-28,2025-07-28 15:15:33,2025-07-28 15:15:33
3381,7073,CONSERVADOR,2024-06-07,2024-06-07 10:00:35,2024-06-07 10:00:35
3382,7073,CONSERVADOR,2025-09-07,2025-09-07 12:23:35,2025-09-07 12:23:35
3383,7074,ARROJADO,2024-01-09,2024-01-09 16:41:30,2024-01-09 16:41:30
3384,7075,MODERADO,2024-09-29,2024-09-29 08:59:21,2024-09-29 08:59:21
3385,7076,MODERADO,2023-06-06,2023-06-06 10:38:02,2023-06-06 10:38:02
3386,7076,ARROJADO,2025-05-02,2025-05-02 09:53:26,2025-05-02 09:53:26
3387,7077,MODERADO,2024-06-19,2024-06-19 13:43:52,2024-06-19 13:43:52
3388,7078,CONSERVADOR,2023-08-02,2023-08-02 13:16:10,2023-08-02 13:16:10
3389,7078,CONSERVADOR,2024-06-09,2024-06-09 10:53:12,2024-06-09 10:53:12
3390,7079,MODERADO,2025-08-18,2025-08-18 09:36:36,2025-08-18 09:36:36
3391,7080,CONSERVADOR,2025-03-30,2025-03-30 12:24:08,2025-03-30 12:24:08
3392,7081,ARROJADO,2023-10-13,2023-10-13 12:55:55,2023-10-13 12:55:55
3393,7082,MODERADO,2024-10-20,2024-10-20 13:40:40,2024-10-20 13:40:40
3394,7083,CONSERVADOR,2025-10-31,2025-10-31 09:33:20,2025-10-31 09:33:20
3395,7084,MODERADO,2024-10-10,2024-10-10 16:04:48,2024-10-10 16:04:48
3396,7085,CONSERVADOR,2026-04-30,2026-04-30 15:20:03,2026-04-30 15:20:03
3397,7085,CONSERVADOR,2025-11-29,2025-11-29 10:38:49,2025-11-29 10:38:49
3398,7086,MODERADO,2025-10-15,2025-10-15 17:53:52,2025-10-15 17:53:52
3399,7087,CONSERVADOR,2024-08-09,2024-08-09 15:34:50,2024-08-09 15:34:50
3400,7088,MODERADO,2024-11-17,2024-11-17 16:59:03,2024-11-17 16:59:03
3401,7089,CONSERVADOR,2026-06-05,2026-06-05 16:35:19,2026-06-05 16:35:19
3402,7089,CONSERVADOR,2025-09-25,2025-09-25 13:01:13,2025-09-25 13:01:13
3403,7090,MODERADO,2024-09-06,2024-09-06 08:31:05,2024-09-06 08:31:05
3404,7091,CONSERVADOR,2023-08-26,2023-08-26 10:47:32,2023-08-26 10:47:32
3405,7092,CONSERVADOR,2026-03-27,2026-03-27 11:44:43,2026-03-27 11:44:43
3406,7092,CONSERVADOR,2023-01-28,2023-01-28 09:15:41,2023-01-28 09:15:41
3407,7093,MODERADO,2023-08-05,2023-08-05 11:16:01,2023-08-05 11:16:01
3408,7094,CONSERVADOR,2026-03-10,2026-03-10 12:10:44,2026-03-10 12:10:44
3409,7095,CONSERVADOR,2023-10-28,2023-10-28 16:48:32,2023-10-28 16:48:32
3410,7096,CONSERVADOR,2025-04-22,2025-04-22 10:24:58,2025-04-22 10:24:58
3411,7096,MODERADO,2023-04-15,2023-04-15 08:39:34,2023-04-15 08:39:34
3412,7097,CONSERVADOR,2026-05-15,2026-05-15 16:31:47,2026-05-15 16:31:47
3413,7098,MODERADO,2023-07-18,2023-07-18 15:38:47,2023-07-18 15:38:47
3414,7099,CONSERVADOR,2025-09-11,2025-09-11 18:51:29,2025-09-11 18:51:29
3415,7100,MODERADO,2023-12-05,2023-12-05 13:44:22,2023-12-05 13:44:22
3416,7101,CONSERVADOR,2024-01-08,2024-01-08 15:35:27,2024-01-08 15:35:27
3417,7102,MODERADO,2023-09-06,2023-09-06 12:32:42,2023-09-06 12:32:42
3418,7102,ARROJADO,2023-07-31,2023-07-31 16:35:42,2023-07-31 16:35:42
3419,7103,CONSERVADOR,2023-06-08,2023-06-08 11:46:05,2023-06-08 11:46:05
3420,7104,MODERADO,2024-08-29,2024-08-29 09:34:38,2024-08-29 09:34:38
3421,7105,MODERADO,2026-03-21,2026-03-21 12:01:31,2026-03-21 12:01:31
3422,7106,CONSERVADOR,2023-11-11,2023-11-11 18:16:07,2023-11-11 18:16:07
3423,7107,ARROJADO,2023-03-22,2023-03-22 11:44:19,2023-03-22 11:44:19
3424,7108,CONSERVADOR,2023-05-03,2023-05-03 12:01:37,2023-05-03 12:01:37
3425,7109,CONSERVADOR,2025-11-20,2025-11-20 16:18:44,2025-11-20 16:18:44
3426,7110,CONSERVADOR,2024-04-14,2024-04-14 14:05:36,2024-04-14 14:05:36
3427,7110,CONSERVADOR,2023-10-13,2023-10-13 12:14:23,2023-10-13 12:14:23
3428,7111,ARROJADO,2025-07-07,2025-07-07 18:44:04,2025-07-07 18:44:04
3429,7112,ARROJADO,2025-11-05,2025-11-05 14:04:14,2025-11-05 14:04:14
3430,7113,ARROJADO,2026-06-11,2026-06-11 15:25:10,2026-06-11 15:25:10
3431,7114,CONSERVADOR,2025-05-01,2025-05-01 16:46:14,2025-05-01 16:46:14
3432,7114,CONSERVADOR,2025-05-21,2025-05-21 16:02:56,2025-05-21 16:02:56
3433,7115,CONSERVADOR,2024-12-21,2024-12-21 10:24:13,2024-12-21 10:24:13
3434,7116,CONSERVADOR,2024-04-12,2024-04-12 15:28:27,2024-04-12 15:28:27
3435,7117,MODERADO,2025-02-21,2025-02-21 17:28:36,2025-02-21 17:28:36
3436,7118,CONSERVADOR,2024-08-20,2024-08-20 10:11:08,2024-08-20 10:11:08
3437,7119,ARROJADO,2024-03-29,2024-03-29 17:17:22,2024-03-29 17:17:22
3438,7120,ARROJADO,2025-04-10,2025-04-10 11:30:16,2025-04-10 11:30:16
3439,7121,MODERADO,2024-03-01,2024-03-01 15:20:25,2024-03-01 15:20:25
3440,7122,MODERADO,2023-06-22,2023-06-22 16:59:37,2023-06-22 16:59:37
3441,7123,MODERADO,2023-09-06,2023-09-06 09:51:03,2023-09-06 09:51:03
3442,7124,MODERADO,2024-03-22,2024-03-22 17:43:06,2024-03-22 17:43:06
3443,7125,MODERADO,2024-10-07,2024-10-07 13:34:04,2024-10-07 13:34:04
3444,7126,MODERADO,2024-05-14,2024-05-14 11:50:34,2024-05-14 11:50:34
3445,7127,ARROJADO,2023-05-22,2023-05-22 17:45:26,2023-05-22 17:45:26
3446,7128,CONSERVADOR,2025-08-05,2025-08-05 16:13:27,2025-08-05 16:13:27
3447,7129,CONSERVADOR,2025-09-13,2025-09-13 14:57:39,2025-09-13 14:57:39
3448,7130,CONSERVADOR,2023-04-14,2023-04-14 18:21:00,2023-04-14 18:21:00
3449,7131,ARROJADO,2023-02-02,2023-02-02 16:25:41,2023-02-02 16:25:41
3450,7132,MODERADO,2025-04-15,2025-04-15 13:29:07,2025-04-15 13:29:07
3451,7132,MODERADO,2025-02-17,2025-02-17 08:05:44,2025-02-17 08:05:44
3452,7133,MODERADO,2025-04-12,2025-04-12 17:58:29,2025-04-12 17:58:29
3453,7134,CONSERVADOR,2025-08-29,2025-08-29 18:41:38,2025-08-29 18:41:38
3454,7135,MODERADO,2023-04-12,2023-04-12 08:39:09,2023-04-12 08:39:09
3455,7136,ARROJADO,2025-02-03,2025-02-03 14:15:17,2025-02-03 14:15:17
3456,7137,MODERADO,2026-02-04,2026-02-04 18:51:29,2026-02-04 18:51:29
3457,7138,CONSERVADOR,2023-02-26,2023-02-26 18:43:58,2023-02-26 18:43:58
3458,7139,CONSERVADOR,2023-01-06,2023-01-06 17:34:53,2023-01-06 17:34:53
3459,7140,CONSERVADOR,2026-02-18,2026-02-18 08:27:00,2026-02-18 08:27:00
3460,7141,CONSERVADOR,2024-07-01,2024-07-01 08:26:22,2024-07-01 08:26:22
3461,7142,MODERADO,2026-06-22,2026-06-22 16:15:05,2026-06-22 16:15:05
3462,7143,ARROJADO,2023-02-27,2023-02-27 08:02:41,2023-02-27 08:02:41
3463,7144,CONSERVADOR,2023-11-27,2023-11-27 16:19:59,2023-11-27 16:19:59
3464,7145,CONSERVADOR,2026-05-24,2026-05-24 12:42:36,2026-05-24 12:42:36
3465,7146,CONSERVADOR,2025-01-03,2025-01-03 11:10:54,2025-01-03 11:10:54
3466,7147,ARROJADO,2026-03-13,2026-03-13 11:12:47,2026-03-13 11:12:47
3467,7148,ARROJADO,2025-11-20,2025-11-20 15:38:25,2025-11-20 15:38:25
3468,7149,CONSERVADOR,2025-07-08,2025-07-08 12:24:07,2025-07-08 12:24:07
3469,7150,CONSERVADOR,2023-08-15,2023-08-15 13:28:42,2023-08-15 13:28:42
3470,7151,CONSERVADOR,2024-04-11,2024-04-11 12:57:42,2024-04-11 12:57:42
3471,7152,ARROJADO,2024-12-29,2024-12-29 11:40:18,2024-12-29 11:40:18
3472,7153,MODERADO,2025-07-22,2025-07-22 10:33:19,2025-07-22 10:33:19
3473,7154,CONSERVADOR,2024-10-19,2024-10-19 09:02:32,2024-10-19 09:02:32
3474,7155,CONSERVADOR,2026-05-30,2026-05-30 13:01:58,2026-05-30 13:01:58
3475,7156,ARROJADO,2024-01-22,2024-01-22 09:03:44,2024-01-22 09:03:44
3476,7157,ARROJADO,2025-02-10,2025-02-10 11:25:29,2025-02-10 11:25:29
3477,7158,CONSERVADOR,2025-06-01,2025-06-01 14:52:22,2025-06-01 14:52:22
3478,7159,CONSERVADOR,2024-11-22,2024-11-22 16:55:13,2024-11-22 16:55:13
3479,7160,MODERADO,2025-12-15,2025-12-15 15:08:09,2025-12-15 15:08:09
3480,7160,MODERADO,2023-11-26,2023-11-26 17:51:11,2023-11-26 17:51:11
3481,7161,CONSERVADOR,2024-04-21,2024-04-21 08:37:22,2024-04-21 08:37:22
3482,7162,CONSERVADOR,2025-03-11,2025-03-11 09:05:06,2025-03-11 09:05:06
3483,7163,CONSERVADOR,2023-03-07,2023-03-07 14:21:49,2023-03-07 14:21:49
3484,7164,CONSERVADOR,2025-05-25,2025-05-25 16:49:46,2025-05-25 16:49:46
3485,7165,CONSERVADOR,2024-04-24,2024-04-24 17:32:39,2024-04-24 17:32:39
3486,7165,MODERADO,2024-07-21,2024-07-21 18:52:07,2024-07-21 18:52:07
3487,7166,MODERADO,2024-07-01,2024-07-01 15:37:14,2024-07-01 15:37:14
3488,7167,CONSERVADOR,2025-07-04,2025-07-04 11:13:29,2025-07-04 11:13:29
3489,7168,MODERADO,2026-07-21,2026-07-21 13:22:14,2026-07-21 13:22:14
3490,7169,CONSERVADOR,2025-09-21,2025-09-21 13:00:10,2025-09-21 13:00:10
3491,7169,CONSERVADOR,2026-01-17,2026-01-17 18:01:11,2026-01-17 18:01:11
3492,7170,CONSERVADOR,2024-01-08,2024-01-08 13:35:40,2024-01-08 13:35:40
3493,7171,CONSERVADOR,2023-08-28,2023-08-28 13:57:13,2023-08-28 13:57:13
3494,7171,CONSERVADOR,2024-05-18,2024-05-18 15:28:13,2024-05-18 15:28:13
3495,7172,MODERADO,2024-04-05,2024-04-05 17:57:04,2024-04-05 17:57:04
3496,7173,CONSERVADOR,2024-12-16,2024-12-16 13:03:18,2024-12-16 13:03:18
3497,7174,CONSERVADOR,2023-12-06,2023-12-06 13:12:27,2023-12-06 13:12:27
3498,7174,ARROJADO,2023-09-25,2023-09-25 17:11:13,2023-09-25 17:11:13
3499,7175,MODERADO,2026-02-13,2026-02-13 12:31:48,2026-02-13 12:31:48
3500,7176,CONSERVADOR,2023-12-18,2023-12-18 08:42:52,2023-12-18 08:42:52
