id_transacao,id_conta,ticker,tipo_operacao,quantidade,preco_unitario,taxa_corretagem,data_operacao,created_at,updated_at
220779,3361,SRDU1,COMPRA,380,91.3424,5.4394,2026-08-12 17:15:27,2026-08-12 17:15:30,2026-08-12 17:15:30
220780,3477,CQJZ4,COMPRA,200,73.7992,0.4367,2026-08-12 16:15:30,2026-08-12 16:15:32,2026-08-12 16:15:32
220781,1767,QTDZ2,COMPRA,205,61.2765,7.6044,2026-08-12 12:27:06,2026-08-12 12:27:08,2026-08-12 12:27:08
220782,2036,WXQM6,COMPRA,355,46.5564,0.2733,2026-08-12 10:07:18,2026-08-12 10:07:20,2026-08-12 10:07:20
220783,1356,IZTY4,COMPRA,45,24.3593,12.6458,2026-08-12 13:37:25,2026-08-12 13:37:26,2026-08-12 13:37:26
220784,2506,DHRM5,COMPRA,55,326.4228,6.2890,2026-08-12 15:09:06,2026-08-12 15:09:07,2026-08-12 15:09:07
220785,2604,ACSV1,COMPRA,65,120.2712,6.8648,2026-08-12 11:03:10,2026-08-12 11:03:11,2026-08-12 11:03:11
220786,3007,GULD2,COMPRA,268,148.4538,9.2902,2026-08-12 17:06:47,2026-08-12 17:06:47,2026-08-12 17:06:47
220787,1824,QQQS1,COMPRA,285,25.6706,7.6341,2026-08-12 13:58:06,2026-08-12 13:58:08,2026-08-12 13:58:08
220788,2626,AAUA7,COMPRA,174,151.1043,5.9572,2026-08-12 10:55:04,2026-08-12 10:55:06,2026-08-12 10:55:06
220789,2164,OVYL9,COMPRA,45,86.9795,11.8888,2026-08-12 11:13:56,2026-08-12 11:13:58,2026-08-12 11:13:58
220790,2149,HCZM2,COMPRA,130,429.1230,12.6467,2026-08-12 16:30:44,2026-08-12 16:30:46,2026-08-12 16:30:46
220791,3436,IJJK3,COMPRA,335,135.7226,3.3416,2026-08-12 10:46:44,2026-08-12 10:46:44,2026-08-12 10:46:44
220792,3031,ERTC4,COMPRA,110,54.6773,1.8874,2026-08-12 13:20:05,2026-08-12 13:20:05,2026-08-12 13:20:05
220793,1185,XTVW5,COMPRA,315,84.1206,3.5181,2026-08-12 12:54:29,2026-08-12 12:54:32,2026-08-12 12:54:32
220794,1207,IWAK1,COMPRA,260,96.5039,6.9052,2026-08-12 10:40:04,2026-08-12 10:40:04,2026-08-12 10:40:04
220795,2939,QTDZ2,COMPRA,47,61.4454,1.6045,2026-08-12 13:38:00,2026-08-12 13:38:03,2026-08-12 13:38:03
220796,2596,XAVL3,COMPRA,165,154.2074,11.2640,2026-08-12 10:43:16,2026-08-12 10:43:19,2026-08-12 10:43:19
220797,2328,JJVW6,COMPRA,175,126.4703,8.9469,2026-08-12 17:24:54,2026-08-12 17:24:56,2026-08-12 17:24:56
220798,3237,BXFJ9,COMPRA,180,156.8359,5.0573,2026-08-12 15:47:22,2026-08-12 15:47:22,2026-08-12 15:47:22
220799,1560,ICSU4,COMPRA,356,172.7286,3.4287,2026-08-12 10:57:12,2026-08-12 10:57:12,2026-08-12 10:57:12
220800,3267,SVOZ4,COMPRA,385,52.1768,7.3496,2026-08-12 13:21:31,2026-08-12 13:21:32,2026-08-12 13:21:32
220801,1244,LGKU6,COMPRA,383,79.7704,12.0143,2026-08-12 14:07:35,2026-08-12 14:07:37,2026-08-12 14:07:37
220802,3341,QTHQ1,COMPRA,418,25.5210,0.0953,2026-08-12 15:44:33,2026-08-12 15:44:33,2026-08-12 15:44:33
220803,1538,SGBG8,COMPRA,380,92.6823,3.5555,2026-08-12 12:35:22,2026-08-12 12:35:24,2026-08-12 12:35:24
220804,3518,QEUC2,COMPRA,250,217.3594,11.6813,2026-08-12 11:03:55,2026-08-12 11:03:57,2026-08-12 11:03:57
220805,1850,NYGT6,COMPRA,429,121.8687,3.7529,2026-08-12 10:49:55,2026-08-12 10:49:58,2026-08-12 10:49:58
220806,1803,NYGT6,COMPRA,305,128.8902,7.1248,2026-08-12 12:00:11,2026-08-12 12:00:14,2026-08-12 12:00:14
220807,1099,XPVA7,COMPRA,145,531.3850,11.8583,2026-08-12 12:26:03,2026-08-12 12:26:04,2026-08-12 12:26:04
220808,1669,MWVU7,COMPRA,480,74.3795,5.3055,2026-08-12 11:51:31,2026-08-12 11:51:33,2026-08-12 11:51:33
220809,3525,TVCE9,COMPRA,5,81.7841,10.0028,2026-08-12 15:53:13,2026-08-12 15:53:16,2026-08-12 15:53:16
220810,3434,MGRR2,COMPRA,170,163.4906,7.6166,2026-08-12 16:04:16,2026-08-12 16:04:19,2026-08-12 16:04:19
220811,2740,BOCS8,COMPRA,40,74.2926,9.2432,2026-08-12 10:03:02,2026-08-12 10:03:04,2026-08-12 10:03:04
220812,2156,JUDG8,COMPRA,415,91.2349,7.2812,2026-08-12 15:12:50,2026-08-12 15:12:50,2026-08-12 15:12:50
220813,1293,FIUW1,COMPRA,280,91.9230,2.3636,2026-08-12 15:29:04,2026-08-12 15:29:05,2026-08-12 15:29:05
220814,2960,UCHR6,COMPRA,190,384.1175,10.1660,2026-08-12 14:28:44,2026-08-12 14:28:47,2026-08-12 14:28:47
220815,1313,HCLJ8,COMPRA,71,126.2437,10.8552,2026-08-12 15:21:02,2026-08-12 15:21:04,2026-08-12 15:21:04
220816,1113,ZHTL2,COMPRA,350,68.8263,0.8706,2026-08-12 14:27:55,2026-08-12 14:27:57,2026-08-12 14:27:57
220817,1995,PSEN6,COMPRA,290,229.1877,5.5713,2026-08-12 16:55:53,2026-08-12 16:55:55,2026-08-12 16:55:55
220818,1013,IWFI1,COMPRA,390,206.5118,0.6352,2026-08-12 10:40:07,2026-08-12 10:40:08,2026-08-12 10:40:08
220819,2407,DHRM5,COMPRA,325,370.4673,12.0048,2026-08-12 17:27:58,2026-08-12 17:27:59,2026-08-12 17:27:59
220820,1427,UCHR6,COMPRA,265,357.3884,,2026-08-12 13:03:07,2026-08-12 13:03:10,2026-08-12 13:03:10
220821,1761,HJRH5,COMPRA,380,137.8427,2.1463,2026-08-12 16:38:27,2026-08-12 16:38:28,2026-08-12 16:38:28
220822,2603,OVUQ2,COMPRA,350,52.2166,1.4637,2026-08-12 12:10:33,2026-08-12 12:10:35,2026-08-12 12:10:35
220823,3143,UYFJ9,COMPRA,110,89.5500,4.4990,2026-08-12 14:48:06,2026-08-12 14:48:06,2026-08-12 14:48:06
220824,2643,TBWG2,COMPRA,115,76.8315,5.7233,2026-08-12 17:14:58,2026-08-12 17:15:01,2026-08-12 17:15:01
220825,1973,GKQC5,COMPRA,210,134.4025,0.9651,2026-08-12 16:42:52,2026-08-12 16:42:55,2026-08-12 16:42:55
220826,2188,RHXV4,COMPRA,470,67.3626,10.6312,2026-08-12 13:19:20,2026-08-12 13:19:23,2026-08-12 13:19:23
220827,2370,DQSN6,COMPRA,68,163.8874,5.8020,2026-08-12 16:19:18,2026-08-12 16:19:21,2026-08-12 16:19:21
220828,3060,QYBV3,COMPRA,125,87.5369,2.1289,2026-08-12 17:19:07,2026-08-12 17:19:09,2026-08-12 17:19:09
220829,1384,GFDF2,COMPRA,490,73.6202,12.5663,2026-08-12 14:14:26,2026-08-12 14:14:29,2026-08-12 14:14:29
220830,2530,NGIU9,COMPRA,370,94.5843,9.9102,2026-08-12 14:01:46,2026-08-12 14:01:48,2026-08-12 14:01:48
220831,2946,ZYVN7,COMPRA,115,84.9696,12.2742,2026-08-12 15:16:46,2026-08-12 15:16:47,2026-08-12 15:16:47
220832,1030,YCCK8,VENDA,55,450.7471,11.3856,2026-08-12 12:08:32,2026-08-12 12:08:33,2026-08-12 12:08:33
220833,3143,XLZM9,COMPRA,90,47.2129,1.4130,2026-08-12 10:16:04,2026-08-12 10:16:04,2026-08-12 10:16:04
220834,2324,GAKD5,COMPRA,90,339.7175,2.7005,2026-08-12 13:57:28,2026-08-12 13:57:28,2026-08-12 13:57:28
220835,2373,XOVY4,COMPRA,115,99.2475,1.0707,2026-08-12 16:45:06,2026-08-12 16:45:06,2026-08-12 16:45:06
220836,2801,BSDJ7,COMPRA,125,238.2912,10.0176,2026-08-12 13:37:30,2026-08-12 13:37:33,2026-08-12 13:37:33
220837,1767,OEQA8,COMPRA,345,493.8104,2.6645,2026-08-12 10:44:15,2026-08-12 10:44:15,2026-08-12 10:44:15
220838,1665,TVCE9,COMPRA,345,82.2878,3.9362,2026-08-12 11:08:34,2026-08-12 11:08:37,2026-08-12 11:08:37
220839,2615,JJVW6,COMPRA,244,110.7616,10.1583,2026-08-12 13:06:26,2026-08-12 13:06:29,2026-08-12 13:06:29
220840,1113,XAVL3,COMPRA,15,192.4656,10.6834,2026-08-12 15:21:28,2026-08-12 15:21:29,2026-08-12 15:21:29
220841,2675,ICSU4,COMPRA,449,126.2103,7.1211,2026-08-12 12:46:08,2026-08-12 12:46:08,2026-08-12 12:46:08
220842,2151,JIPR4,COMPRA,205,26.6910,1.0647,2026-08-12 11:28:10,2026-08-12 11:28:13,2026-08-12 11:28:13
220843,3055,NREP8,COMPRA,100,121.0035,5.5691,2026-08-12 17:27:35,2026-08-12 17:27:38,2026-08-12 17:27:38
220844,1112,IZTY4,VENDA,25,38.6314,3.7245,2026-08-12 15:36:52,2026-08-12 15:36:53,2026-08-12 15:36:53
220845,3407,MJDL9,COMPRA,410,43.1659,3.8427,2026-08-12 10:41:49,2026-08-12 10:41:52,2026-08-12 10:41:52
220846,2908,UCHR6,VENDA,370,372.9573,2.3993,2026-08-12 17:21:14,2026-08-12 17:21:14,2026-08-12 17:21:14
220847,2761,UYFJ9,COMPRA,465,72.5486,2.7608,2026-08-12 12:05:43,2026-08-12 12:05:44,2026-08-12 12:05:44
220848,2129,QQQS1,COMPRA,470,20.4860,10.2343,2026-08-12 11:49:31,2026-08-12 11:49:34,2026-08-12 11:49:34
220849,2087,NWGB4,COMPRA,233,118.4840,8.6393,2026-08-12 15:41:09,2026-08-12 15:41:12,2026-08-12 15:41:12
220850,3487,ZAAS7,COMPRA,60,467.8463,3.6379,2026-08-12 12:12:34,2026-08-12 12:12:34,2026-08-12 12:12:34
220851,1401,FYZB6,COMPRA,335,76.2375,4.3172,2026-08-12 14:27:31,2026-08-12 14:27:31,2026-08-12 14:27:31
220852,3060,ECQD7,COMPRA,47,70.6277,9.3092,2026-08-12 12:14:32,2026-08-12 12:14:35,2026-08-12 12:14:35
220853,1559,EEYY9,COMPRA,100,176.7304,9.8400,2026-08-12 13:49:46,2026-08-12 13:49:48,2026-08-12 13:49:48
220854,3400,YBZA3,COMPRA,220,21.0486,11.5758,2026-08-12 12:23:50,2026-08-12 12:23:52,2026-08-12 12:23:52
220855,2969,AAWB3,COMPRA,275,204.3503,10.8658,2026-08-12 16:30:13,2026-08-12 16:30:16,2026-08-12 16:30:16
220856,1972,ZHTL2,COMPRA,215,74.0118,5.6496,2026-08-12 17:11:05,2026-08-12 17:11:07,2026-08-12 17:11:07
220857,1673,MJDL9,COMPRA,435,33.2768,5.9842,2026-08-12 10:37:20,2026-08-12 10:37:20,2026-08-12 10:37:20
220858,2128,MCHX2,COMPRA,440,85.6193,0.7604,2026-08-12 14:53:54,2026-08-12 14:53:55,2026-08-12 14:53:55
220859,1240,KHGP6,COMPRA,390,111.4430,1.2745,2026-08-12 13:48:14,2026-08-12 13:48:15,2026-08-12 13:48:15
220860,3516,RHXV4,COMPRA,1,68.5124,10.8384,2026-08-12 12:05:45,2026-08-12 12:05:47,2026-08-12 12:05:47
220861,1397,DFGR7,COMPRA,20,106.0350,4.7779,2026-08-12 14:25:13,2026-08-12 14:25:16,2026-08-12 14:25:16
220862,3369,DFGR7,COMPRA,395,83.9144,5.8095,2026-08-12 13:01:52,2026-08-12 13:01:53,2026-08-12 13:01:53
220863,1605,WXFC8,COMPRA,445,84.7799,3.0906,2026-08-12 11:02:05,2026-08-12 11:02:06,2026-08-12 11:02:06
220864,3408,NPEM3,COMPRA,170,84.5685,6.1860,2026-08-12 13:48:24,2026-08-12 13:48:25,2026-08-12 13:48:25
220865,1141,TBWG2,COMPRA,265,74.3063,12.3886,2026-08-12 14:18:23,2026-08-12 14:18:24,2026-08-12 14:18:24
220866,1529,UFIU3,COMPRA,220,83.2662,5.2108,2026-08-12 12:42:57,2026-08-12 12:42:57,2026-08-12 12:42:57
220867,2089,AAWB3,COMPRA,320,171.3253,7.8754,2026-08-12 16:42:54,2026-08-12 16:42:57,2026-08-12 16:42:57
220868,2550,CQJZ4,COMPRA,170,91.8342,,2026-08-12 11:46:49,2026-08-12 11:46:49,2026-08-12 11:46:49
220869,3527,XOVY4,COMPRA,118,86.3520,9.1906,2026-08-12 11:19:41,2026-08-12 11:19:43,2026-08-12 11:19:43
220870,3370,AAWB3,COMPRA,485,174.8726,5.5517,2026-08-12 10:44:05,2026-08-12 10:44:05,2026-08-12 10:44:05
220871,1189,MOLF3,COMPRA,180,64.4029,5.2413,2026-08-12 13:25:58,2026-08-12 13:25:58,2026-08-12 13:25:58
220872,1309,NGIU9,COMPRA,500,83.1535,11.2005,2026-08-12 10:20:14,2026-08-12 10:20:17,2026-08-12 10:20:17
220873,2428,NUJZ2,COMPRA,450,27.0096,1.1041,2026-08-12 11:00:21,2026-08-12 11:00:21,2026-08-12 11:00:21
220874,2634,WHMT3,COMPRA,190,118.7070,6.6519,2026-08-12 15:18:16,2026-08-12 15:18:16,2026-08-12 15:18:16
220875,2950,FYZB6,COMPRA,50,83.5838,0.0493,2026-08-12 15:13:19,2026-08-12 15:13:19,2026-08-12 15:13:19
220876,1288,KQEO3,COMPRA,365,83.2684,3.4300,2026-08-12 16:26:37,2026-08-12 16:26:38,2026-08-12 16:26:38
220877,3466,OVUQ2,COMPRA,385,44.1508,3.4498,2026-08-12 10:57:16,2026-08-12 10:57:19,2026-08-12 10:57:19
220878,3141,XTVW5,COMPRA,80,116.5070,2.7714,2026-08-12 14:33:21,2026-08-12 14:33:24,2026-08-12 14:33:24
220879,3356,NAOF3,COMPRA,490,77.2408,10.3972,2026-08-12 10:29:49,2026-08-12 10:29:49,2026-08-12 10:29:49
220880,2008,YBZA3,COMPRA,170,20.5318,11.9382,2026-08-12 10:34:26,2026-08-12 10:34:28,2026-08-12 10:34:28
220881,2171,WMQZ6,COMPRA,289,70.1376,11.8244,2026-08-12 11:16:04,2026-08-12 11:16:05,2026-08-12 11:16:05
220882,3303,GAKD5,COMPRA,175,310.2129,6.7214,2026-08-12 14:18:05,2026-08-12 14:18:08,2026-08-12 14:18:08
220883,2223,UVEY5,COMPRA,454,71.8362,5.3606,2026-08-12 15:34:17,2026-08-12 15:34:20,2026-08-12 15:34:20
220884,1591,ENRZ2,COMPRA,305,114.7445,8.2439,2026-08-12 14:13:18,2026-08-12 14:13:20,2026-08-12 14:13:20
220885,2363,DGBT6,COMPRA,60,83.8653,6.0683,2026-08-12 16:31:22,2026-08-12 16:31:25,2026-08-12 16:31:25
220886,1921,NPEM3,COMPRA,350,76.7863,3.4198,2026-08-12 13:59:37,2026-08-12 13:59:38,2026-08-12 13:59:38
220887,1538,AAWB3,COMPRA,455,209.8922,7.8747,2026-08-12 14:38:47,2026-08-12 14:38:49,2026-08-12 14:38:49
220888,1525,AAUA7,COMPRA,250,117.7608,5.1433,2026-08-12 10:20:59,2026-08-12 10:21:01,2026-08-12 10:21:01
220889,1754,JJVW6,COMPRA,330,143.1231,12.2929,2026-08-12 14:16:15,2026-08-12 14:16:18,2026-08-12 14:16:18
220890,1157,NYGT6,COMPRA,275,130.8517,11.8714,2026-08-12 16:26:29,2026-08-12 16:26:31,2026-08-12 16:26:31
220891,2324,MOLF3,COMPRA,330,39.9478,11.0002,2026-08-12 14:09:15,2026-08-12 14:09:15,2026-08-12 14:09:15
220892,3409,CQIL9,VENDA,149,36.5553,4.1964,2026-08-12 14:53:45,2026-08-12 14:53:47,2026-08-12 14:53:47
220893,2467,JUDG8,COMPRA,135,86.8863,0.1266,2026-08-12 13:18:26,2026-08-12 13:18:28,2026-08-12 13:18:28
220894,1009,NQYT3,COMPRA,110,55.8075,1.1645,2026-08-12 15:55:03,2026-08-12 15:55:06,2026-08-12 15:55:06
220895,2311,AAUA7,COMPRA,270,163.0620,11.5868,2026-08-12 11:48:03,2026-08-12 11:48:04,2026-08-12 11:48:04
220896,3513,QTDZ2,COMPRA,470,44.8438,1.3374,2026-08-12 14:19:32,2026-08-12 14:19:33,2026-08-12 14:19:33
220897,3317,JJVW6,COMPRA,495,110.0204,11.8232,2026-08-12 17:20:25,2026-08-12 17:20:26,2026-08-12 17:20:26
220898,2856,DSFC9,COMPRA,305,381.4862,3.7354,2026-08-12 10:51:26,2026-08-12 10:51:26,2026-08-12 10:51:26
220899,2739,AAWB3,COMPRA,55,164.0486,8.4987,2026-08-12 15:13:14,2026-08-12 15:13:15,2026-08-12 15:13:15
220900,3129,XAVL3,COMPRA,390,170.2052,5.9609,2026-08-12 13:17:34,2026-08-12 13:17:34,2026-08-12 13:17:34
220901,2728,NHYK8,VENDA,120,63.1439,11.9678,2026-08-12 17:17:41,2026-08-12 17:17:42,2026-08-12 17:17:42
220902,2195,RMRT1,COMPRA,140,124.6285,11.7544,2026-08-12 16:32:07,2026-08-12 16:32:09,2026-08-12 16:32:09
220903,1655,EEYY9,COMPRA,475,160.7174,12.5262,2026-08-12 13:22:34,2026-08-12 13:22:34,2026-08-12 13:22:34
220904,2030,XTVW5,COMPRA,380,108.3636,5.7609,2026-08-12 15:18:15,2026-08-12 15:18:16,2026-08-12 15:18:16
220905,2604,YRWH3,COMPRA,390,218.1483,1.6745,2026-08-12 12:53:04,2026-08-12 12:53:04,2026-08-12 12:53:04
220906,2257,NYGT6,COMPRA,30,94.8066,8.9010,2026-08-12 12:08:03,2026-08-12 12:08:03,2026-08-12 12:08:03
220907,1550,ZHTL2,COMPRA,455,77.4019,4.7128,2026-08-12 13:18:44,2026-08-12 13:18:46,2026-08-12 13:18:46
220908,3016,RDOA3,COMPRA,355,110.2762,9.8836,2026-08-12 17:19:17,2026-08-12 17:19:19,2026-08-12 17:19:19
220909,1035,XOVY4,COMPRA,7,110.7500,3.4993,2026-08-12 15:36:14,2026-08-12 15:36:16,2026-08-12 15:36:16
220910,3278,XLZM9,COMPRA,310,46.5201,7.9236,2026-08-12 12:15:35,2026-08-12 12:15:38,2026-08-12 12:15:38
220911,3484,TBWG2,COMPRA,285,64.3493,1.6994,2026-08-12 13:02:55,2026-08-12 13:02:57,2026-08-12 13:02:57
220912,3083,PBZM6,COMPRA,245,49.3476,11.4299,2026-08-12 11:33:47,2026-08-12 11:33:49,2026-08-12 11:33:49
220913,2560,IZTY4,COMPRA,252,37.9673,12.2773,2026-08-12 16:09:45,2026-08-12 16:09:48,2026-08-12 16:09:48
220914,3303,LQML9,COMPRA,15,134.6396,8.6450,2026-08-12 13:09:39,2026-08-12 13:09:40,2026-08-12 13:09:40
220915,1864,IPXK2,COMPRA,496,238.5682,2.8312,2026-08-12 10:45:07,2026-08-12 10:45:08,2026-08-12 10:45:08
220916,1138,AAWB3,COMPRA,60,186.0090,6.4629,2026-08-12 10:52:39,2026-08-12 10:52:40,2026-08-12 10:52:40
220917,1033,SUZL4,COMPRA,240,123.1917,7.9954,2026-08-12 11:26:24,2026-08-12 11:26:25,2026-08-12 11:26:25
220918,1097,TXHR8,COMPRA,450,70.2997,8.1419,2026-08-12 16:47:04,2026-08-12 16:47:05,2026-08-12 16:47:05
220919,3071,RFNS7,COMPRA,470,103.3507,10.5783,2026-08-12 12:37:59,2026-08-12 12:38:00,2026-08-12 12:38:00
220920,3480,VLEB3,COMPRA,111,454.4659,4.0085,2026-08-12 14:29:03,2026-08-12 14:29:05,2026-08-12 14:29:05
220921,2747,UCHR6,COMPRA,335,439.1040,11.3397,2026-08-12 14:11:12,2026-08-12 14:11:12,2026-08-12 14:11:12
220922,1128,YOWA1,COMPRA,320,63.7760,7.1360,2026-08-12 16:07:32,2026-08-12 16:07:35,2026-08-12 16:07:35
220923,1633,NYGT6,COMPRA,490,87.9977,2.5474,2026-08-12 14:56:15,2026-08-12 14:56:18,2026-08-12 14:56:18
220924,1895,UVEY5,COMPRA,30,66.4720,3.6376,2026-08-12 15:48:19,2026-08-12 15:48:22,2026-08-12 15:48:22
220925,1965,NPEM3,COMPRA,375,106.2196,3.4990,2026-08-12 10:12:12,2026-08-12 10:12:14,2026-08-12 10:12:14
220926,2462,WXFC8,COMPRA,290,106.5886,11.9390,2026-08-12 12:51:29,2026-08-12 12:51:30,2026-08-12 12:51:30
220927,1998,BSDJ7,COMPRA,395,190.0689,10.6009,2026-08-12 14:36:09,2026-08-12 14:36:10,2026-08-12 14:36:10
220928,2074,GKQC5,COMPRA,10,101.6424,10.2386,2026-08-12 10:09:42,2026-08-12 10:09:44,2026-08-12 10:09:44
220929,2143,NAOF3,COMPRA,195,81.0061,0.0126,2026-08-12 12:52:18,2026-08-12 12:52:19,2026-08-12 12:52:19
220930,2030,JUDG8,COMPRA,85,82.6103,2.3059,2026-08-12 14:33:17,2026-08-12 14:33:18,2026-08-12 14:33:18
220931,2058,SRDU1,COMPRA,368,101.9535,6.1367,2026-08-12 14:54:02,2026-08-12 14:54:05,2026-08-12 14:54:05
220932,2443,RYPL6,COMPRA,200,100.0202,0.1161,2026-08-12 11:25:45,2026-08-12 11:25:45,2026-08-12 11:25:45
220933,1722,AAWB3,COMPRA,210,194.6000,7.1276,2026-08-12 14:02:54,2026-08-12 14:02:57,2026-08-12 14:02:57
220934,3225,DGBT6,VENDA,150,75.9540,4.8084,2026-08-12 12:27:58,2026-08-12 12:28:00,2026-08-12 12:28:00
220935,1155,RDOA3,COMPRA,375,72.2593,7.9849,2026-08-12 12:38:23,2026-08-12 12:38:25,2026-08-12 12:38:25
220936,3124,AAUA7,COMPRA,380,108.6931,2.2813,2026-08-12 11:50:51,2026-08-12 11:50:52,2026-08-12 11:50:52
220937,3086,LGKU6,COMPRA,255,63.6701,12.5932,2026-08-12 13:14:33,2026-08-12 13:14:35,2026-08-12 13:14:35
220938,1576,BGNM6,COMPRA,470,102.5967,11.1573,2026-08-12 10:48:58,2026-08-12 10:48:58,2026-08-12 10:48:58
220939,3192,JIPA6,COMPRA,110,34.2027,7.2809,2026-08-12 12:27:00,2026-08-12 12:27:03,2026-08-12 12:27:03
220940,1249,FIUW1,COMPRA,340,130.5479,12.5091,2026-08-12 15:19:31,2026-08-12 15:19:31,2026-08-12 15:19:31
220941,2025,AYFQ2,COMPRA,325,9.3547,0.5383,2026-08-12 16:48:38,2026-08-12 16:48:39,2026-08-12 16:48:39
220942,1379,GKQC5,COMPRA,478,147.3636,11.2142,2026-08-12 11:26:31,2026-08-12 11:26:31,2026-08-12 11:26:31
220943,3085,WXQM6,COMPRA,120,60.6923,3.1948,2026-08-12 10:08:14,2026-08-12 10:08:16,2026-08-12 10:08:16
220944,2543,IZTY4,COMPRA,80,38.0003,2.3614,2026-08-12 12:32:48,2026-08-12 12:32:51,2026-08-12 12:32:51
220945,2607,OXVD8,COMPRA,105,80.7626,1.8517,2026-08-12 13:23:19,2026-08-12 13:23:22,2026-08-12 13:23:22
220946,3477,NYGT6,COMPRA,201,132.8795,0.1147,2026-08-12 15:09:32,2026-08-12 15:09:35,2026-08-12 15:09:35
220947,2126,ZAAS7,COMPRA,175,410.1545,8.7863,2026-08-12 13:40:45,2026-08-12 13:40:48,2026-08-12 13:40:48
220948,1660,PZUP8,VENDA,175,160.5733,1.4588,2026-08-12 16:14:08,2026-08-12 16:14:08,2026-08-12 16:14:08
220949,3090,ACSV1,COMPRA,250,91.7856,5.1104,2026-08-12 15:52:31,2026-08-12 15:52:33,2026-08-12 15:52:33
220950,2269,YBZA3,COMPRA,487,18.2376,8.0232,2026-08-12 16:39:34,2026-08-12 16:39:35,2026-08-12 16:39:35
220951,1633,PQUT9,COMPRA,130,93.6922,2.2308,2026-08-12 17:15:06,2026-08-12 17:15:09,2026-08-12 17:15:09
220952,2159,HVEX2,COMPRA,420,117.4954,9.9504,2026-08-12 12:08:00,2026-08-12 12:08:02,2026-08-12 12:08:02
220953,1284,XOVY4,COMPRA,365,103.9739,10.0720,2026-08-12 10:32:20,2026-08-12 10:32:23,2026-08-12 10:32:23
220954,3101,QTHQ1,COMPRA,422,23.0522,4.6597,2026-08-12 17:10:46,2026-08-12 17:10:46,2026-08-12 17:10:46
220955,2987,EEYY9,COMPRA,265,136.5800,8.8529,2026-08-12 11:40:32,2026-08-12 11:40:33,2026-08-12 11:40:33
220956,2789,UYFJ9,COMPRA,120,108.0611,8.1004,2026-08-12 16:31:07,2026-08-12 16:31:07,2026-08-12 16:31:07
220957,1712,OEQA8,COMPRA,180,470.0841,3.5977,2026-08-12 11:37:51,2026-08-12 11:37:53,2026-08-12 11:37:53
220958,1788,TNHT4,COMPRA,483,123.0425,6.9779,2026-08-12 17:26:44,2026-08-12 17:26:46,2026-08-12 17:26:46
220959,1671,JJVW6,COMPRA,45,145.4712,9.3422,2026-08-12 13:07:37,2026-08-12 13:07:38,2026-08-12 13:07:38
220960,1311,DSFC9,COMPRA,420,447.6950,4.9507,2026-08-12 12:04:59,2026-08-12 12:04:59,2026-08-12 12:04:59
220961,3208,ENRZ2,COMPRA,145,95.7382,0.5693,2026-08-12 10:05:46,2026-08-12 10:05:46,2026-08-12 10:05:46
220962,2474,NUJZ2,COMPRA,130,29.4248,4.4206,2026-08-12 13:31:27,2026-08-12 13:31:30,2026-08-12 13:31:30
220963,1603,MCHX2,COMPRA,346,105.4232,6.5636,2026-08-12 17:24:53,2026-08-12 17:24:53,2026-08-12 17:24:53
220964,3250,AYFQ2,COMPRA,240,10.9163,11.7725,2026-08-12 12:12:19,2026-08-12 12:12:20,2026-08-12 12:12:20
220965,1961,NAOF3,VENDA,215,53.6677,9.5393,2026-08-12 13:26:21,2026-08-12 13:26:21,2026-08-12 13:26:21
220966,2677,OVUQ2,COMPRA,265,41.8953,1.3908,2026-08-12 12:47:55,2026-08-12 12:47:55,2026-08-12 12:47:55
220967,1068,DGBT6,COMPRA,115,68.9930,,2026-08-12 12:13:28,2026-08-12 12:13:31,2026-08-12 12:13:31
220968,3513,OVUQ2,COMPRA,488,45.5294,9.3086,2026-08-12 13:55:10,2026-08-12 13:55:10,2026-08-12 13:55:10
220969,3378,EEYY9,COMPRA,120,195.7641,6.1265,2026-08-12 16:39:52,2026-08-12 16:39:54,2026-08-12 16:39:54
220970,3436,XAVL3,COMPRA,225,183.5440,12.3527,2026-08-12 14:23:09,2026-08-12 14:23:12,2026-08-12 14:23:12
220971,1839,RMRT1,COMPRA,115,123.6582,3.8644,2026-08-12 10:23:52,2026-08-12 10:23:55,2026-08-12 10:23:55
220972,1939,KFSY2,VENDA,422,115.4279,8.3217,2026-08-12 14:02:49,2026-08-12 14:02:51,2026-08-12 14:02:51
220973,3435,RDOA3,VENDA,20,76.6786,7.4361,2026-08-12 12:07:01,2026-08-12 12:07:04,2026-08-12 12:07:04
220974,1344,DGBT6,COMPRA,30,86.2981,4.6459,2026-08-12 16:46:26,2026-08-12 16:46:28,2026-08-12 16:46:28
220975,2357,RFNS7,COMPRA,75,67.9197,2.1363,2026-08-12 13:16:08,2026-08-12 13:16:09,2026-08-12 13:16:09
220976,2401,DEGN5,COMPRA,470,89.2093,9.7169,2026-08-12 11:51:27,2026-08-12 11:51:27,2026-08-12 11:51:27
220977,2349,UQJU7,COMPRA,155,86.0167,9.7963,2026-08-12 10:04:09,2026-08-12 10:04:09,2026-08-12 10:04:09
220978,3207,KFSY2,COMPRA,52,106.7382,10.9700,2026-08-12 11:24:55,2026-08-12 11:24:58,2026-08-12 11:24:58
220979,2063,WIPB2,VENDA,290,120.5434,10.7717,2026-08-12 13:05:56,2026-08-12 13:05:57,2026-08-12 13:05:57
220980,3240,OEQA8,COMPRA,415,460.4803,4.1391,2026-08-12 10:57:59,2026-08-12 10:57:59,2026-08-12 10:57:59
220981,3020,PZUP8,COMPRA,98,130.8913,8.2453,2026-08-12 16:14:08,2026-08-12 16:14:10,2026-08-12 16:14:10
220982,1532,NHYK8,COMPRA,160,74.9478,7.6757,2026-08-12 14:20:32,2026-08-12 14:20:34,2026-08-12 14:20:34
220983,1179,OVYL9,COMPRA,495,91.1549,0.8791,2026-08-12 10:45:36,2026-08-12 10:45:38,2026-08-12 10:45:38
220984,1048,NPEM3,COMPRA,55,92.8652,9.0508,2026-08-12 14:49:55,2026-08-12 14:49:56,2026-08-12 14:49:56
220985,1299,ZAAS7,COMPRA,105,314.8225,7.0484,2026-08-12 17:05:45,2026-08-12 17:05:48,2026-08-12 17:05:48
220986,2269,ZHTL2,COMPRA,185,54.2868,1.1003,2026-08-12 15:50:05,2026-08-12 15:50:05,2026-08-12 15:50:05
220987,1350,BGNM6,COMPRA,260,107.3597,4.5281,2026-08-12 15:03:38,2026-08-12 15:03:40,2026-08-12 15:03:40
220988,2937,SRDU1,COMPRA,250,105.4958,3.5309,2026-08-12 14:14:02,2026-08-12 14:14:03,2026-08-12 14:14:03
220989,2443,DEGN5,COMPRA,245,103.9955,9.0269,2026-08-12 14:39:15,2026-08-12 14:39:18,2026-08-12 14:39:18
220990,1319,HJRH5,COMPRA,300,184.7020,3.6824,2026-08-12 17:26:42,2026-08-12 17:26:44,2026-08-12 17:26:44
220991,1194,JUDG8,COMPRA,335,97.0940,9.3943,2026-08-12 17:16:25,2026-08-12 17:16:26,2026-08-12 17:16:26
220992,2786,KHGP6,COMPRA,355,117.6216,0.6621,2026-08-12 12:12:23,2026-08-12 12:12:26,2026-08-12 12:12:26
220993,2545,XTVW5,COMPRA,115,134.0151,4.0025,2026-08-12 17:22:09,2026-08-12 17:22:10,2026-08-12 17:22:10
220994,1243,MGRR2,COMPRA,439,164.6680,9.3018,2026-08-12 17:04:32,2026-08-12 17:04:34,2026-08-12 17:04:34
220995,2272,ZFBT3,COMPRA,435,93.6052,8.9108,2026-08-12 14:14:30,2026-08-12 14:14:30,2026-08-12 14:14:30
220996,2334,FIUW1,COMPRA,20,90.3508,0.9009,2026-08-12 15:21:41,2026-08-12 15:21:44,2026-08-12 15:21:44
220997,2064,UFMA7,COMPRA,385,171.7512,8.1663,2026-08-12 14:30:32,2026-08-12 14:30:35,2026-08-12 14:30:35
220998,2495,IZTY4,COMPRA,440,32.2479,11.2259,2026-08-12 16:39:35,2026-08-12 16:39:38,2026-08-12 16:39:38
220999,2141,QEUC2,COMPRA,445,215.7372,2.1419,2026-08-12 12:51:25,2026-08-12 12:51:26,2026-08-12 12:51:26
221000,1340,UCHR6,COMPRA,35,364.4301,2.7530,2026-08-12 12:45:37,2026-08-12 12:45:38,2026-08-12 12:45:38
221001,1732,QQQS1,COMPRA,400,23.8223,3.8450,2026-08-12 13:29:30,2026-08-12 13:29:32,2026-08-12 13:29:32
221002,2773,LQML9,COMPRA,85,123.5385,9.1152,2026-08-12 15:32:46,2026-08-12 15:32:46,2026-08-12 15:32:46
221003,2174,XOVY4,COMPRA,330,108.8537,2.4178,2026-08-12 11:59:00,2026-08-12 11:59:02,2026-08-12 11:59:02
221004,2233,OXVD8,COMPRA,350,78.8072,9.4469,2026-08-12 15:02:58,2026-08-12 15:02:58,2026-08-12 15:02:58
221005,2951,WHMT3,COMPRA,366,121.7475,1.8496,2026-08-12 12:33:22,2026-08-12 12:33:25,2026-08-12 12:33:25
221006,2534,BOCS8,COMPRA,100,69.3609,3.8991,2026-08-12 15:36:56,2026-08-12 15:36:59,2026-08-12 15:36:59
221007,2241,XLZM9,COMPRA,40,43.7889,5.4576,2026-08-12 17:30:33,2026-08-12 17:30:34,2026-08-12 17:30:34
221008,1502,TBWG2,COMPRA,470,69.9171,5.5518,2026-08-12 16:05:34,2026-08-12 16:05:35,2026-08-12 16:05:35
221009,1624,GAKD5,COMPRA,335,290.5698,2.4338,2026-08-12 16:26:25,2026-08-12 16:26:25,2026-08-12 16:26:25
221010,2975,QQQS1,COMPRA,275,17.4961,10.9740,2026-08-12 12:11:45,2026-08-12 12:11:45,2026-08-12 12:11:45
221011,2114,MOLF3,COMPRA,385,52.9448,2.6541,2026-08-12 13:32:27,2026-08-12 13:32:30,2026-08-12 13:32:30
221012,3191,NREP8,COMPRA,78,151.5050,4.4866,2026-08-12 10:04:15,2026-08-12 10:04:16,2026-08-12 10:04:16
221013,2832,YFAH5,COMPRA,270,205.0120,12.0148,2026-08-12 15:56:21,2026-08-12 15:56:21,2026-08-12 15:56:21
221014,1356,QTDZ2,COMPRA,190,48.3207,11.7978,2026-08-12 14:35:03,2026-08-12 14:35:04,2026-08-12 14:35:04
221015,2358,RMRT1,COMPRA,65,85.7381,11.8579,2026-08-12 16:10:13,2026-08-12 16:10:16,2026-08-12 16:10:16
221016,1359,UQJU7,COMPRA,90,60.0000,2.6411,2026-08-12 16:00:40,2026-08-12 16:00:41,2026-08-12 16:00:41
221017,3521,KHGP6,COMPRA,475,94.9729,7.6153,2026-08-12 10:20:31,2026-08-12 10:20:33,2026-08-12 10:20:33
221018,1433,CQIL9,COMPRA,120,40.4066,1.5697,2026-08-12 13:15:06,2026-08-12 13:15:07,2026-08-12 13:15:07
221019,1764,GKQC5,COMPRA,345,102.6240,5.9722,2026-08-12 15:29:39,2026-08-12 15:29:40,2026-08-12 15:29:40
221020,2518,ZHTL2,COMPRA,40,63.3203,2.3922,2026-08-12 17:07:21,2026-08-12 17:07:24,2026-08-12 17:07:24
221021,1754,FYZB6,COMPRA,495,54.5222,12.5245,2026-08-12 11:57:44,2026-08-12 11:57:46,2026-08-12 11:57:46
221022,3519,RDOA3,COMPRA,295,101.8604,6.7456,2026-08-12 17:09:40,2026-08-12 17:09:43,2026-08-12 17:09:43
221023,1690,RYPL6,COMPRA,340,91.0157,12.2225,2026-08-12 15:11:56,2026-08-12 15:11:59,2026-08-12 15:11:59
221024,3387,SUZL4,COMPRA,476,127.5289,7.7028,2026-08-12 13:47:52,2026-08-12 13:47:52,2026-08-12 13:47:52
221025,1264,HVEX2,COMPRA,65,156.1326,1.6043,2026-08-12 17:00:22,2026-08-12 17:00:25,2026-08-12 17:00:25
221026,1030,IWAK1,COMPRA,215,82.8534,0.9077,2026-08-12 11:19:39,2026-08-12 11:19:40,2026-08-12 11:19:40
221027,1135,SRDU1,COMPRA,440,85.8595,9.4813,2026-08-12 17:16:45,2026-08-12 17:16:48,2026-08-12 17:16:48
221028,1591,UFIU3,COMPRA,475,93.5708,,2026-08-12 14:38:27,2026-08-12 14:38:28,2026-08-12 14:38:28
221029,1125,DGBT6,COMPRA,345,89.3954,6.1810,2026-08-12 16:34:00,2026-08-12 16:34:02,2026-08-12 16:34:02
221030,3417,MGRR2,COMPRA,350,107.3525,12.0171,2026-08-12 16:45:10,2026-08-12 16:45:12,2026-08-12 16:45:12
221031,2040,ACSV1,COMPRA,55,78.9015,6.0188,2026-08-12 16:35:06,2026-08-12 16:35:06,2026-08-12 16:35:06
221032,3436,VLEB3,COMPRA,440,426.5826,5.4811,2026-08-12 11:35:49,2026-08-12 11:35:52,2026-08-12 11:35:52
221033,1805,AAWB3,COMPRA,110,199.5091,6.1626,2026-08-12 11:20:28,2026-08-12 11:20:28,2026-08-12 11:20:28
221034,1220,KFSY2,COMPRA,10,117.3361,6.1987,2026-08-12 14:24:14,2026-08-12 14:24:15,2026-08-12 14:24:15
221035,1737,LIEG8,COMPRA,425,89.4788,2.2358,2026-08-12 11:20:03,2026-08-12 11:20:05,2026-08-12 11:20:05
221036,2547,CQJZ4,COMPRA,295,93.6071,7.8863,2026-08-12 15:04:07,2026-08-12 15:04:08,2026-08-12 15:04:08
221037,2471,YIHC3,COMPRA,420,72.3406,0.9849,2026-08-12 10:13:36,2026-08-12 10:13:37,2026-08-12 10:13:37
221038,3101,XLZM9,COMPRA,260,41.1275,5.2133,2026-08-12 10:11:42,2026-08-12 10:11:45,2026-08-12 10:11:45
221039,3473,HCLJ8,COMPRA,300,96.3101,9.3044,2026-08-12 12:34:37,2026-08-12 12:34:38,2026-08-12 12:34:38
221040,2491,NREP8,COMPRA,409,105.7346,11.8218,2026-08-12 13:33:14,2026-08-12 13:33:16,2026-08-12 13:33:16
221041,2958,XAVL3,COMPRA,15,188.8645,1.3477,2026-08-12 14:26:59,2026-08-12 14:26:59,2026-08-12 14:26:59
221042,3001,OVYL9,COMPRA,65,66.8220,2.4867,2026-08-12 16:18:09,2026-08-12 16:18:11,2026-08-12 16:18:11
221043,2522,YFAH5,COMPRA,70,198.6901,3.7219,2026-08-12 14:28:45,2026-08-12 14:28:45,2026-08-12 14:28:45
221044,3376,LIEG8,COMPRA,250,77.8570,2.2861,2026-08-12 11:15:42,2026-08-12 11:15:44,2026-08-12 11:15:44
221045,3267,TBWG2,COMPRA,212,85.7478,8.3230,2026-08-12 16:33:19,2026-08-12 16:33:21,2026-08-12 16:33:21
221046,1600,GKQC5,COMPRA,445,162.7361,1.1226,2026-08-12 10:57:55,2026-08-12 10:57:57,2026-08-12 10:57:57
221047,1053,CQIL9,COMPRA,485,33.7620,2.4709,2026-08-12 13:28:03,2026-08-12 13:28:06,2026-08-12 13:28:06
221048,1744,OXVD8,COMPRA,340,92.8686,8.4812,2026-08-12 15:22:29,2026-08-12 15:22:30,2026-08-12 15:22:30
221049,1041,GULD2,COMPRA,285,113.9867,4.1094,2026-08-12 16:28:39,2026-08-12 16:28:39,2026-08-12 16:28:39
221050,2788,SUZL4,COMPRA,320,122.9958,3.4308,2026-08-12 14:19:57,2026-08-12 14:19:59,2026-08-12 14:19:59
221051,2585,ZHTL2,VENDA,120,54.4645,8.2815,2026-08-12 14:51:06,2026-08-12 14:51:06,2026-08-12 14:51:06
221052,3462,PZUP8,COMPRA,208,152.7261,5.3327,2026-08-12 10:06:34,2026-08-12 10:06:34,2026-08-12 10:06:34
221053,3525,VLEB3,COMPRA,140,441.4536,7.0507,2026-08-12 13:51:34,2026-08-12 13:51:34,2026-08-12 13:51:34
221054,1334,XLZM9,COMPRA,435,43.5518,6.2191,2026-08-12 12:49:33,2026-08-12 12:49:36,2026-08-12 12:49:36
221055,1646,XPVA7,COMPRA,140,427.5499,3.7828,2026-08-12 13:39:16,2026-08-12 13:39:19,2026-08-12 13:39:19
221056,2125,RDOA3,COMPRA,199,106.5401,2.9656,2026-08-12 14:02:28,2026-08-12 14:02:31,2026-08-12 14:02:31
221057,1190,JJVW6,COMPRA,225,127.6058,9.3674,2026-08-12 10:36:08,2026-08-12 10:36:09,2026-08-12 10:36:09
221058,2466,WXQM6,COMPRA,308,39.9420,12.0617,2026-08-12 14:39:30,2026-08-12 14:39:31,2026-08-12 14:39:31
221059,2743,UFIU3,COMPRA,50,104.0161,7.1797,2026-08-12 13:14:07,2026-08-12 13:14:09,2026-08-12 13:14:09
221060,2825,MCMT2,COMPRA,195,74.2887,6.1749,2026-08-12 15:38:57,2026-08-12 15:38:57,2026-08-12 15:38:57
221061,2986,JUDG8,COMPRA,450,102.3644,0.4610,2026-08-12 16:41:26,2026-08-12 16:41:28,2026-08-12 16:41:28
221062,3168,TBWG2,COMPRA,269,67.9608,9.4657,2026-08-12 15:13:26,2026-08-12 15:13:27,2026-08-12 15:13:27
221063,3218,YOWA1,COMPRA,70,53.6806,10.6997,2026-08-12 13:20:22,2026-08-12 13:20:22,2026-08-12 13:20:22
221064,2146,XAVL3,COMPRA,125,168.0574,7.2796,2026-08-12 11:50:18,2026-08-12 11:50:19,2026-08-12 11:50:19
221065,3047,SUZL4,COMPRA,300,112.1172,5.0528,2026-08-12 15:29:54,2026-08-12 15:29:54,2026-08-12 15:29:54
221066,1425,PSEN6,COMPRA,115,208.8673,3.4316,2026-08-12 10:26:56,2026-08-12 10:26:56,2026-08-12 10:26:56
221067,2714,KHGP6,COMPRA,330,80.2843,1.7167,2026-08-12 13:35:32,2026-08-12 13:35:32,2026-08-12 13:35:32
221068,3254,KQEO3,COMPRA,175,82.5037,11.3645,2026-08-12 15:35:23,2026-08-12 15:35:24,2026-08-12 15:35:24
221069,2660,HVEX2,COMPRA,140,129.5866,0.1092,2026-08-12 15:15:24,2026-08-12 15:15:26,2026-08-12 15:15:26
221070,1261,UQJU7,COMPRA,495,60.0000,10.2097,2026-08-12 15:40:34,2026-08-12 15:40:37,2026-08-12 15:40:37
221071,3124,TNHT4,COMPRA,385,118.0199,5.8099,2026-08-12 16:28:23,2026-08-12 16:28:25,2026-08-12 16:28:25
221072,2167,SUZL4,COMPRA,360,102.6506,9.3228,2026-08-12 12:35:06,2026-08-12 12:35:07,2026-08-12 12:35:07
221073,3077,MJDL9,COMPRA,310,35.2061,10.9159,2026-08-12 16:42:55,2026-08-12 16:42:55,2026-08-12 16:42:55
221074,1388,OXVD8,COMPRA,310,77.5724,6.6205,2026-08-12 16:42:57,2026-08-12 16:42:57,2026-08-12 16:42:57
221075,2655,JUDG8,COMPRA,96,91.0917,11.1414,2026-08-12 14:57:10,2026-08-12 14:57:13,2026-08-12 14:57:13
221076,1276,FIUW1,COMPRA,470,137.1879,8.3972,2026-08-12 17:11:08,2026-08-12 17:11:10,2026-08-12 17:11:10
221077,3183,NYGT6,COMPRA,171,130.4123,7.5015,2026-08-12 12:56:18,2026-08-12 12:56:19,2026-08-12 12:56:19
221078,1535,KHGP6,COMPRA,40,101.0081,6.3848,2026-08-12 16:08:04,2026-08-12 16:08:04,2026-08-12 16:08:04
221079,1393,ERTC4,COMPRA,405,49.9883,12.0753,2026-08-12 16:58:16,2026-08-12 16:58:19,2026-08-12 16:58:19
221080,3525,SVOZ4,COMPRA,202,34.8389,3.9587,2026-08-12 13:18:23,2026-08-12 13:18:25,2026-08-12 13:18:25
221081,2859,RIET5,COMPRA,430,117.2720,3.2111,2026-08-12 10:58:07,2026-08-12 10:58:10,2026-08-12 10:58:10
221082,1300,QATW7,COMPRA,205,48.7522,0.4770,2026-08-12 12:59:23,2026-08-12 12:59:23,2026-08-12 12:59:23
221083,3389,DQSN6,COMPRA,217,126.9188,3.7810,2026-08-12 16:00:37,2026-08-12 16:00:40,2026-08-12 16:00:40
221084,1996,GULD2,COMPRA,396,126.4143,1.2803,2026-08-12 15:40:03,2026-08-12 15:40:05,2026-08-12 15:40:05
221085,2572,RIET5,COMPRA,390,142.0499,9.4086,2026-08-12 17:30:36,2026-08-12 17:30:39,2026-08-12 17:30:39
221086,1600,TXHR8,COMPRA,470,79.0370,7.6104,2026-08-12 15:40:32,2026-08-12 15:40:33,2026-08-12 15:40:33
221087,3438,IPXK2,COMPRA,25,287.9263,4.8234,2026-08-12 15:31:17,2026-08-12 15:31:18,2026-08-12 15:31:18
221088,3466,CQIL9,COMPRA,140,33.6076,7.2431,2026-08-12 15:16:36,2026-08-12 15:16:38,2026-08-12 15:16:38
221089,1732,XAVL3,COMPRA,328,154.5982,0.9805,2026-08-12 11:42:44,2026-08-12 11:42:47,2026-08-12 11:42:47
221090,2824,ECQD7,COMPRA,480,114.7128,5.6203,2026-08-12 10:43:24,2026-08-12 10:43:24,2026-08-12 10:43:24
221091,1654,WHMT3,COMPRA,60,127.3848,5.7558,2026-08-12 15:27:30,2026-08-12 15:27:31,2026-08-12 15:27:31
221092,2681,GFDF2,COMPRA,375,68.1777,6.6230,2026-08-12 15:21:46,2026-08-12 15:21:47,2026-08-12 15:21:47
221093,2775,UFMA7,COMPRA,430,125.6069,1.5338,2026-08-12 11:15:35,2026-08-12 11:15:35,2026-08-12 11:15:35
221094,2497,NUJZ2,COMPRA,213,26.9999,0.1632,2026-08-12 11:23:25,2026-08-12 11:23:28,2026-08-12 11:23:28
221095,1726,XPVA7,COMPRA,225,416.0427,11.7563,2026-08-12 15:08:55,2026-08-12 15:08:56,2026-08-12 15:08:56
221096,2536,IWAK1,COMPRA,45,75.2183,8.6591,2026-08-12 16:56:10,2026-08-12 16:56:13,2026-08-12 16:56:13
221097,3524,JIPR4,COMPRA,50,27.5806,7.9659,2026-08-12 10:52:05,2026-08-12 10:52:06,2026-08-12 10:52:06
221098,2236,DQSN6,COMPRA,215,155.3657,7.0927,2026-08-12 11:50:10,2026-08-12 11:50:11,2026-08-12 11:50:11
221099,2327,YOWA1,COMPRA,345,59.4291,6.2886,2026-08-12 10:09:23,2026-08-12 10:09:26,2026-08-12 10:09:26
221100,1104,BGNM6,COMPRA,240,106.0464,0.4622,2026-08-12 16:24:00,2026-08-12 16:24:01,2026-08-12 16:24:01
221101,2133,DGBT6,COMPRA,245,111.1448,3.3887,2026-08-12 11:15:15,2026-08-12 11:15:18,2026-08-12 11:15:18
221102,2651,SUZL4,COMPRA,405,138.3314,5.2217,2026-08-12 15:27:37,2026-08-12 15:27:38,2026-08-12 15:27:38
221103,1852,BOCS8,COMPRA,82,75.0752,8.9284,2026-08-12 15:50:36,2026-08-12 15:50:39,2026-08-12 15:50:39
221104,2388,RMRT1,COMPRA,405,126.0221,11.8689,2026-08-12 13:01:25,2026-08-12 13:01:26,2026-08-12 13:01:26
221105,2116,DHRM5,COMPRA,115,314.5606,12.7249,2026-08-12 10:56:39,2026-08-12 10:56:40,2026-08-12 10:56:40
221106,2322,RMRT1,COMPRA,325,120.6583,1.4329,2026-08-12 16:49:55,2026-08-12 16:49:58,2026-08-12 16:49:58
221107,3313,CQJZ4,COMPRA,270,97.0159,3.2649,2026-08-12 10:38:40,2026-08-12 10:38:43,2026-08-12 10:38:43
221108,3290,WXQM6,COMPRA,132,51.2393,5.3599,2026-08-12 15:28:50,2026-08-12 15:28:50,2026-08-12 15:28:50
221109,1654,OVYL9,COMPRA,385,60.0000,11.0354,2026-08-12 12:46:55,2026-08-12 12:46:56,2026-08-12 12:46:56
221110,1594,BXFJ9,COMPRA,364,172.8096,0.4370,2026-08-12 13:37:07,2026-08-12 13:37:10,2026-08-12 13:37:10
221111,1431,ICSU4,COMPRA,470,176.3703,6.1251,2026-08-12 10:46:03,2026-08-12 10:46:04,2026-08-12 10:46:04
221112,3158,WHMT3,COMPRA,75,120.4274,3.5013,2026-08-12 12:31:55,2026-08-12 12:31:57,2026-08-12 12:31:57
221113,1962,QATW7,COMPRA,60,62.1400,4.8842,2026-08-12 12:20:38,2026-08-12 12:20:38,2026-08-12 12:20:38
221114,2512,NQYT3,COMPRA,220,72.1700,8.3663,2026-08-12 12:05:15,2026-08-12 12:05:15,2026-08-12 12:05:15
221115,3510,IJJK3,COMPRA,190,129.1202,5.3405,2026-08-12 14:35:20,2026-08-12 14:35:20,2026-08-12 14:35:20
221116,1078,KFSY2,COMPRA,470,88.1200,3.4525,2026-08-12 15:31:22,2026-08-12 15:31:22,2026-08-12 15:31:22
221117,2253,BGNM6,COMPRA,245,88.2094,6.7363,2026-08-12 17:15:44,2026-08-12 17:15:45,2026-08-12 17:15:45
221118,2056,YRWH3,COMPRA,350,170.3826,10.6078,2026-08-12 10:54:05,2026-08-12 10:54:05,2026-08-12 10:54:05
221119,3385,WIPB2,COMPRA,190,96.2454,9.9773,2026-08-12 16:54:19,2026-08-12 16:54:19,2026-08-12 16:54:19
221120,2027,BXFJ9,COMPRA,490,187.0731,4.4124,2026-08-12 15:16:55,2026-08-12 15:16:55,2026-08-12 15:16:55
221121,1338,VLEB3,COMPRA,425,303.2363,3.5310,2026-08-12 10:21:10,2026-08-12 10:21:10,2026-08-12 10:21:10
221122,2261,RSBT4,COMPRA,356,304.1124,5.3110,2026-08-12 10:58:16,2026-08-12 10:58:18,2026-08-12 10:58:18
221123,2756,BXFJ9,COMPRA,120,137.6357,12.6028,2026-08-12 10:55:25,2026-08-12 10:55:28,2026-08-12 10:55:28
221124,1713,YYLA4,COMPRA,95,217.8230,8.5763,2026-08-12 13:49:49,2026-08-12 13:49:50,2026-08-12 13:49:50
221125,2488,AAUA7,COMPRA,338,139.4077,5.3683,2026-08-12 17:04:53,2026-08-12 17:04:54,2026-08-12 17:04:54
221126,2368,YYLA4,COMPRA,245,157.8052,4.9968,2026-08-12 16:39:03,2026-08-12 16:39:05,2026-08-12 16:39:05
221127,2744,ECQD7,COMPRA,305,113.5541,9.1776,2026-08-12 11:47:00,2026-08-12 11:47:01,2026-08-12 11:47:01
221128,1671,NGIU9,COMPRA,260,90.0707,10.7251,2026-08-12 10:42:56,2026-08-12 10:42:59,2026-08-12 10:42:59
221129,1379,WIPB2,COMPRA,25,138.8420,3.7211,2026-08-12 17:26:58,2026-08-12 17:26:59,2026-08-12 17:26:59
221130,2400,YBZA3,VENDA,340,20.8862,11.1544,2026-08-12 16:31:53,2026-08-12 16:31:54,2026-08-12 16:31:54
221131,2531,EEYY9,COMPRA,70,188.5988,7.3548,2026-08-12 15:21:38,2026-08-12 15:21:41,2026-08-12 15:21:41
221132,3254,XPVA7,COMPRA,300,385.5777,12.3283,2026-08-12 10:46:29,2026-08-12 10:46:32,2026-08-12 10:46:32
221133,2400,WMQZ6,COMPRA,445,92.3047,1.5597,2026-08-12 11:01:07,2026-08-12 11:01:10,2026-08-12 11:01:10
221134,3322,CQIL9,COMPRA,375,27.8301,1.5358,2026-08-12 12:20:43,2026-08-12 12:20:43,2026-08-12 12:20:43
221135,2602,JDJG6,COMPRA,260,70.5258,3.0353,2026-08-12 11:12:47,2026-08-12 11:12:49,2026-08-12 11:12:49
221136,2936,DHRM5,COMPRA,240,305.0456,8.3732,2026-08-12 16:17:25,2026-08-12 16:17:25,2026-08-12 16:17:25
221137,1818,RYPL6,COMPRA,255,97.7655,7.9894,2026-08-12 14:24:16,2026-08-12 14:24:19,2026-08-12 14:24:19
221138,1585,RDOA3,COMPRA,214,85.9220,10.6740,2026-08-12 11:51:03,2026-08-12 11:51:04,2026-08-12 11:51:04
221139,1733,ZHTL2,COMPRA,95,62.2923,11.7248,2026-08-12 15:56:30,2026-08-12 15:56:33,2026-08-12 15:56:33
221140,2466,PZUP8,COMPRA,435,128.4905,0.9925,2026-08-12 16:47:02,2026-08-12 16:47:03,2026-08-12 16:47:03
221141,2857,RMRT1,COMPRA,140,112.9455,3.3059,2026-08-12 11:35:25,2026-08-12 11:35:27,2026-08-12 11:35:27
221142,1925,CQIL9,COMPRA,335,35.3848,10.1778,2026-08-12 12:57:39,2026-08-12 12:57:39,2026-08-12 12:57:39
221143,1407,HJRH5,COMPRA,440,162.8880,3.6130,2026-08-12 17:07:17,2026-08-12 17:07:19,2026-08-12 17:07:19
221144,3440,QEUC2,COMPRA,435,209.4204,2.7749,2026-08-12 13:56:40,2026-08-12 13:56:41,2026-08-12 13:56:41
221145,1676,NUJZ2,COMPRA,190,39.5211,5.1677,2026-08-12 14:01:38,2026-08-12 14:01:41,2026-08-12 14:01:41
221146,2054,TBWG2,COMPRA,180,99.7192,9.2520,2026-08-12 14:47:34,2026-08-12 14:47:36,2026-08-12 14:47:36
221147,2874,OXVD8,COMPRA,220,90.6675,4.6163,2026-08-12 16:45:04,2026-08-12 16:45:05,2026-08-12 16:45:05
221148,3144,ICSU4,COMPRA,130,150.9045,1.2387,2026-08-12 13:21:39,2026-08-12 13:21:40,2026-08-12 13:21:40
221149,2766,RFNS7,COMPRA,95,102.9195,8.1980,2026-08-12 13:35:06,2026-08-12 13:35:07,2026-08-12 13:35:07
221150,1668,SVOZ4,COMPRA,319,56.3476,7.9889,2026-08-12 14:40:09,2026-08-12 14:40:09,2026-08-12 14:40:09
221151,2596,CQIL9,COMPRA,305,44.2107,8.7516,2026-08-12 17:15:03,2026-08-12 17:15:04,2026-08-12 17:15:04
221152,1578,QTDZ2,COMPRA,220,50.7245,7.1106,2026-08-12 17:17:03,2026-08-12 17:17:06,2026-08-12 17:17:06
221153,2605,GULD2,COMPRA,320,132.8496,8.2512,2026-08-12 15:42:54,2026-08-12 15:42:55,2026-08-12 15:42:55
221154,1121,RIET5,COMPRA,463,118.3957,5.9647,2026-08-12 17:12:51,2026-08-12 17:12:54,2026-08-12 17:12:54
221155,1588,OEQA8,COMPRA,470,389.3785,4.4950,2026-08-12 13:22:14,2026-08-12 13:22:17,2026-08-12 13:22:17
221156,1892,GAKD5,COMPRA,335,219.5657,10.4288,2026-08-12 16:15:23,2026-08-12 16:15:23,2026-08-12 16:15:23
221157,2443,MJDL9,COMPRA,130,35.1267,11.6014,2026-08-12 17:13:18,2026-08-12 17:13:18,2026-08-12 17:13:18
221158,1619,PBZM6,COMPRA,420,45.4163,12.6578,2026-08-12 13:40:26,2026-08-12 13:40:29,2026-08-12 13:40:29
221159,3495,BGNM6,COMPRA,290,124.3598,3.2798,2026-08-12 15:11:16,2026-08-12 15:11:18,2026-08-12 15:11:18
221160,3320,QHFL8,COMPRA,75,167.4236,8.3138,2026-08-12 10:59:57,2026-08-12 10:59:59,2026-08-12 10:59:59
221161,1629,XTVW5,VENDA,365,83.9637,11.9259,2026-08-12 14:42:52,2026-08-12 14:42:53,2026-08-12 14:42:53
221162,1691,MOLF3,COMPRA,405,43.0318,11.6230,2026-08-12 12:25:40,2026-08-12 12:25:40,2026-08-12 12:25:40
221163,2462,WXQM6,COMPRA,378,55.2547,4.9317,2026-08-12 12:16:23,2026-08-12 12:16:24,2026-08-12 12:16:24
221164,3202,WHMT3,COMPRA,368,102.5962,5.8682,2026-08-12 15:38:43,2026-08-12 15:38:46,2026-08-12 15:38:46
221165,1210,TVCE9,VENDA,400,85.0101,10.6944,2026-08-12 15:06:18,2026-08-12 15:06:20,2026-08-12 15:06:20
221166,2309,DSFC9,COMPRA,350,458.8721,1.7845,2026-08-12 12:10:58,2026-08-12 12:10:59,2026-08-12 12:10:59
221167,1853,KQEO3,COMPRA,395,71.4303,8.9382,2026-08-12 10:14:10,2026-08-12 10:14:12,2026-08-12 10:14:12
221168,3366,MCMT2,COMPRA,185,113.2483,2.2612,2026-08-12 13:55:41,2026-08-12 13:55:42,2026-08-12 13:55:42
221169,2699,RDOA3,COMPRA,420,112.4591,1.4126,2026-08-12 14:40:58,2026-08-12 14:41:00,2026-08-12 14:41:00
221170,2410,YCCK8,COMPRA,160,321.3674,11.0532,2026-08-12 15:45:52,2026-08-12 15:45:54,2026-08-12 15:45:54
221171,3434,XLZM9,COMPRA,495,56.1491,0.1984,2026-08-12 15:06:20,2026-08-12 15:06:22,2026-08-12 15:06:22
221172,2312,DSFC9,COMPRA,265,353.5320,6.3870,2026-08-12 14:24:55,2026-08-12 14:24:56,2026-08-12 14:24:56
221173,1491,LGKU6,COMPRA,340,69.1746,8.1392,2026-08-12 12:17:07,2026-08-12 12:17:07,2026-08-12 12:17:07
221174,1558,QTHQ1,COMPRA,455,27.2275,3.7895,2026-08-12 10:02:31,2026-08-12 10:02:32,2026-08-12 10:02:32
221175,2802,NREP8,COMPRA,225,104.8023,1.7778,2026-08-12 14:22:13,2026-08-12 14:22:15,2026-08-12 14:22:15
221176,2456,OXVD8,COMPRA,235,67.2673,0.9563,2026-08-12 17:18:42,2026-08-12 17:18:43,2026-08-12 17:18:43
221177,1375,PSEN6,COMPRA,75,240.9899,9.1919,2026-08-12 14:23:48,2026-08-12 14:23:50,2026-08-12 14:23:50
221178,1782,BOCS8,COMPRA,15,52.9395,11.7944,2026-08-12 15:48:07,2026-08-12 15:48:09,2026-08-12 15:48:09
221179,2553,ECQD7,COMPRA,110,111.1935,12.4740,2026-08-12 17:23:21,2026-08-12 17:23:23,2026-08-12 17:23:23
221180,1343,DEGN5,COMPRA,335,73.3957,3.1892,2026-08-12 10:44:23,2026-08-12 10:44:25,2026-08-12 10:44:25
221181,2086,CQJZ4,COMPRA,360,71.4566,0.4425,2026-08-12 12:32:16,2026-08-12 12:32:18,2026-08-12 12:32:18
221182,1162,MCMT2,COMPRA,110,81.7458,8.3858,2026-08-12 14:28:44,2026-08-12 14:28:46,2026-08-12 14:28:46
221183,3443,BXFJ9,COMPRA,360,186.7320,6.3995,2026-08-12 12:14:48,2026-08-12 12:14:49,2026-08-12 12:14:49
221184,2531,MGRR2,COMPRA,140,133.6594,9.5260,2026-08-12 10:39:00,2026-08-12 10:39:01,2026-08-12 10:39:01
221185,3508,YIHC3,COMPRA,460,58.7939,9.2325,2026-08-12 12:07:10,2026-08-12 12:07:11,2026-08-12 12:07:11
221186,3031,RFNS7,COMPRA,460,88.5725,1.0868,2026-08-12 11:59:05,2026-08-12 11:59:07,2026-08-12 11:59:07
221187,1552,YBZA3,COMPRA,90,20.2316,9.0840,2026-08-12 12:16:07,2026-08-12 12:16:07,2026-08-12 12:16:07
221188,2331,ZFBT3,COMPRA,65,126.7356,6.6446,2026-08-12 16:59:05,2026-08-12 16:59:05,2026-08-12 16:59:05
221189,2853,OVUQ2,COMPRA,220,44.0197,4.5259,2026-08-12 10:49:50,2026-08-12 10:49:50,2026-08-12 10:49:50
221190,1033,QYBV3,COMPRA,380,66.6136,12.6679,2026-08-12 10:56:23,2026-08-12 10:56:25,2026-08-12 10:56:25
221191,2682,RDOA3,COMPRA,340,103.3083,11.5682,2026-08-12 12:48:46,2026-08-12 12:48:47,2026-08-12 12:48:47
221192,3253,VLEB3,COMPRA,425,329.7279,10.4833,2026-08-12 15:56:35,2026-08-12 15:56:37,2026-08-12 15:56:37
221193,3196,XOVY4,COMPRA,286,102.0192,11.4652,2026-08-12 16:51:06,2026-08-12 16:51:06,2026-08-12 16:51:06
221194,3032,RFNS7,COMPRA,275,69.2627,5.6065,2026-08-12 13:20:29,2026-08-12 13:20:29,2026-08-12 13:20:29
221195,2581,QATW7,VENDA,95,47.6845,3.4157,2026-08-12 14:26:17,2026-08-12 14:26:19,2026-08-12 14:26:19
221196,2405,SGBG8,COMPRA,315,102.4834,7.4053,2026-08-12 13:17:32,2026-08-12 13:17:33,2026-08-12 13:17:33
221197,1289,PSEN6,COMPRA,226,182.0897,11.4091,2026-08-12 10:25:51,2026-08-12 10:25:53,2026-08-12 10:25:53
221198,1879,BXFJ9,COMPRA,440,181.8543,8.6810,2026-08-12 11:09:27,2026-08-12 11:09:29,2026-08-12 11:09:29
221199,3495,OEQA8,COMPRA,480,476.8895,12.5366,2026-08-12 13:43:08,2026-08-12 13:43:10,2026-08-12 13:43:10
221200,1855,SGBG8,COMPRA,275,71.7251,3.2283,2026-08-12 13:41:58,2026-08-12 13:41:59,2026-08-12 13:41:59
221201,3425,PZUP8,COMPRA,53,157.8631,11.8213,2026-08-12 17:09:43,2026-08-12 17:09:45,2026-08-12 17:09:45
221202,2521,QTHQ1,COMPRA,395,23.6135,10.2770,2026-08-12 11:23:48,2026-08-12 11:23:51,2026-08-12 11:23:51
221203,2166,XPVA7,COMPRA,140,582.0944,5.7256,2026-08-12 14:27:27,2026-08-12 14:27:27,2026-08-12 14:27:27
221204,1632,JDJG6,COMPRA,230,62.7324,4.4529,2026-08-12 14:38:48,2026-08-12 14:38:49,2026-08-12 14:38:49
221205,1241,LGKU6,VENDA,135,97.7299,2.0136,2026-08-12 12:34:18,2026-08-12 12:34:21,2026-08-12 12:34:21
221206,3040,UYFJ9,COMPRA,80,98.0023,8.7206,2026-08-12 14:55:34,2026-08-12 14:55:36,2026-08-12 14:55:36
221207,1310,HCZM2,COMPRA,200,407.3248,1.8703,2026-08-12 12:14:07,2026-08-12 12:14:07,2026-08-12 12:14:07
221208,3228,TNHT4,COMPRA,45,98.3630,11.6099,2026-08-12 17:02:59,2026-08-12 17:03:01,2026-08-12 17:03:01
221209,2250,HCZM2,COMPRA,340,405.3126,9.7124,2026-08-12 16:05:23,2026-08-12 16:05:25,2026-08-12 16:05:25
221210,2942,ZYVN7,COMPRA,390,83.1327,0.0610,2026-08-12 12:52:05,2026-08-12 12:52:08,2026-08-12 12:52:08
221211,3183,EEYY9,VENDA,170,131.5600,0.3185,2026-08-12 17:10:24,2026-08-12 17:10:27,2026-08-12 17:10:27
221212,1095,SGBG8,COMPRA,240,83.4443,2.8638,2026-08-12 17:11:12,2026-08-12 17:11:14,2026-08-12 17:11:14
221213,2874,NPEM3,COMPRA,170,124.0202,8.5191,2026-08-12 10:05:33,2026-08-12 10:05:34,2026-08-12 10:05:34
221214,1375,IPXK2,COMPRA,165,381.3927,4.5523,2026-08-12 14:51:17,2026-08-12 14:51:19,2026-08-12 14:51:19
221215,2934,CQJZ4,COMPRA,480,82.2025,8.1275,2026-08-12 13:23:52,2026-08-12 13:23:54,2026-08-12 13:23:54
221216,3019,GFDF2,COMPRA,500,99.1773,5.8662,2026-08-12 12:37:09,2026-08-12 12:37:10,2026-08-12 12:37:10
221217,3326,NHYK8,COMPRA,342,60.3222,,2026-08-12 16:19:24,2026-08-12 16:19:26,2026-08-12 16:19:26
221218,1373,MJDL9,COMPRA,10,30.2047,0.6410,2026-08-12 13:13:01,2026-08-12 13:13:04,2026-08-12 13:13:04
221219,1829,JJVW6,COMPRA,390,150.1105,5.0077,2026-08-12 10:00:17,2026-08-12 10:00:20,2026-08-12 10:00:20
221220,2100,MWVU7,COMPRA,195,62.4975,6.1952,2026-08-12 12:52:18,2026-08-12 12:52:20,2026-08-12 12:52:20
221221,3349,JUDG8,COMPRA,295,70.9259,5.9492,2026-08-12 17:30:02,2026-08-12 17:30:04,2026-08-12 17:30:04
221222,3284,ZAAS7,COMPRA,80,347.5883,4.3395,2026-08-12 11:07:28,2026-08-12 11:07:31,2026-08-12 11:07:31
221223,3381,NYGT6,COMPRA,250,131.9418,1.2719,2026-08-12 11:09:24,2026-08-12 11:09:25,2026-08-12 11:09:25
221224,3118,YBZA3,COMPRA,235,29.1243,9.9885,2026-08-12 17:06:16,2026-08-12 17:06:19,2026-08-12 17:06:19
221225,1788,UQIQ7,COMPRA,105,90.0195,8.7514,2026-08-12 13:51:31,2026-08-12 13:51:33,2026-08-12 13:51:33
221226,1387,UYFJ9,COMPRA,115,117.1120,11.1285,2026-08-12 15:02:29,2026-08-12 15:02:30,2026-08-12 15:02:30
221227,2057,RHXV4,COMPRA,490,61.8575,12.2130,2026-08-12 16:05:47,2026-08-12 16:05:48,2026-08-12 16:05:48
221228,1705,SVOZ4,COMPRA,154,48.3180,12.3480,2026-08-12 11:12:26,2026-08-12 11:12:28,2026-08-12 11:12:28
221229,1132,UVEY5,COMPRA,370,70.8511,4.7232,2026-08-12 14:47:02,2026-08-12 14:47:05,2026-08-12 14:47:05
221230,2959,TTHO3,COMPRA,465,34.7856,11.9022,2026-08-12 15:07:31,2026-08-12 15:07:31,2026-08-12 15:07:31
221231,3104,TVCE9,COMPRA,430,76.7466,,2026-08-12 16:55:47,2026-08-12 16:55:48,2026-08-12 16:55:48
221232,3078,WXQM6,COMPRA,385,36.8957,4.4830,2026-08-12 14:35:18,2026-08-12 14:35:19,2026-08-12 14:35:19
221233,2549,XLZM9,COMPRA,450,40.3592,8.7556,2026-08-12 12:10:25,2026-08-12 12:10:28,2026-08-12 12:10:28
221234,1286,PQUT9,COMPRA,125,91.6009,12.3279,2026-08-12 12:11:30,2026-08-12 12:11:31,2026-08-12 12:11:31
221235,2530,YYLA4,VENDA,260,229.3786,7.4500,2026-08-12 11:00:30,2026-08-12 11:00:31,2026-08-12 11:00:31
221236,1871,ACSV1,COMPRA,110,80.6365,7.1394,2026-08-12 11:28:28,2026-08-12 11:28:28,2026-08-12 11:28:28
221237,2147,PQUT9,COMPRA,480,98.9047,5.0080,2026-08-12 11:50:11,2026-08-12 11:50:12,2026-08-12 11:50:12
221238,2734,ZHTL2,COMPRA,292,65.9494,10.0498,2026-08-12 13:52:43,2026-08-12 13:52:46,2026-08-12 13:52:46
221239,3336,YBZA3,COMPRA,250,26.6392,5.0282,2026-08-12 10:03:10,2026-08-12 10:03:12,2026-08-12 10:03:12
221240,1331,FRGH8,COMPRA,245,76.4975,6.0053,2026-08-12 16:51:05,2026-08-12 16:51:07,2026-08-12 16:51:07
221241,3283,WXQM6,COMPRA,375,48.1009,9.7497,2026-08-12 15:30:07,2026-08-12 15:30:10,2026-08-12 15:30:10
221242,1088,UFIU3,COMPRA,175,72.9867,4.7700,2026-08-12 12:24:41,2026-08-12 12:24:42,2026-08-12 12:24:42
221243,2199,DQSN6,COMPRA,80,170.4718,11.7940,2026-08-12 13:58:08,2026-08-12 13:58:10,2026-08-12 13:58:10
221244,1059,NAOF3,COMPRA,95,61.0427,9.8626,2026-08-12 16:51:40,2026-08-12 16:51:43,2026-08-12 16:51:43
221245,2681,HJRH5,COMPRA,105,183.8659,11.5685,2026-08-12 14:08:50,2026-08-12 14:08:50,2026-08-12 14:08:50
221246,1341,GAKD5,COMPRA,390,245.5458,1.7872,2026-08-12 10:52:28,2026-08-12 10:52:31,2026-08-12 10:52:31
221247,2303,RMRT1,COMPRA,247,118.4825,3.1062,2026-08-12 11:26:12,2026-08-12 11:26:15,2026-08-12 11:26:15
221248,2061,TTHO3,COMPRA,145,28.7809,8.1614,2026-08-12 11:45:51,2026-08-12 11:45:53,2026-08-12 11:45:53
221249,2041,NQYT3,COMPRA,230,53.0045,2.3418,2026-08-12 12:01:46,2026-08-12 12:01:47,2026-08-12 12:01:47
221250,3159,IWAK1,COMPRA,260,96.6524,5.5787,2026-08-12 12:00:06,2026-08-12 12:00:06,2026-08-12 12:00:06
221251,1368,GULD2,COMPRA,320,140.1581,9.2845,2026-08-12 13:51:15,2026-08-12 13:51:18,2026-08-12 13:51:18
221252,3146,YCCK8,COMPRA,45,416.3936,9.5383,2026-08-12 12:58:25,2026-08-12 12:58:26,2026-08-12 12:58:26
221253,2565,NREP8,COMPRA,365,147.2070,8.1418,2026-08-12 16:59:47,2026-08-12 16:59:49,2026-08-12 16:59:49
221254,2024,ECQD7,COMPRA,261,101.4627,11.6795,2026-08-12 10:37:41,2026-08-12 10:37:41,2026-08-12 10:37:41
221255,2632,DQSN6,VENDA,280,160.2962,9.7522,2026-08-12 14:06:14,2026-08-12 14:06:15,2026-08-12 14:06:15
221256,2157,NHYK8,COMPRA,325,68.5165,11.2959,2026-08-12 16:13:11,2026-08-12 16:13:13,2026-08-12 16:13:13
221257,3282,WMQZ6,COMPRA,225,69.5619,10.6674,2026-08-12 15:20:27,2026-08-12 15:20:28,2026-08-12 15:20:28
221258,1882,SGBG8,COMPRA,470,62.3728,,2026-08-12 15:56:18,2026-08-12 15:56:18,2026-08-12 15:56:18
221259,1850,ERTC4,COMPRA,219,55.3352,6.0869,2026-08-12 14:18:51,2026-08-12 14:18:51,2026-08-12 14:18:51
221260,1392,DSFC9,COMPRA,175,503.7678,2.4257,2026-08-12 15:09:58,2026-08-12 15:09:58,2026-08-12 15:09:58
221261,1852,GAKD5,COMPRA,76,261.6793,10.6932,2026-08-12 16:54:05,2026-08-12 16:54:08,2026-08-12 16:54:08
221262,2267,RHXV4,COMPRA,140,76.3488,6.3451,2026-08-12 11:53:05,2026-08-12 11:53:06,2026-08-12 11:53:06
221263,3297,BOCS8,COMPRA,205,53.0240,5.3243,2026-08-12 14:32:06,2026-08-12 14:32:08,2026-08-12 14:32:08
221264,3361,OXVD8,COMPRA,186,89.6920,6.2095,2026-08-12 17:09:32,2026-08-12 17:09:32,2026-08-12 17:09:32
221265,1850,IWFI1,COMPRA,40,131.3315,4.3106,2026-08-12 10:04:45,2026-08-12 10:04:45,2026-08-12 10:04:45
221266,1403,JDJG6,COMPRA,320,68.1614,10.3214,2026-08-12 13:25:57,2026-08-12 13:25:57,2026-08-12 13:25:57
221267,3219,XTVW5,COMPRA,240,88.0298,12.0714,2026-08-12 16:12:06,2026-08-12 16:12:09,2026-08-12 16:12:09
221268,2378,ZHTL2,VENDA,190,52.6201,7.5811,2026-08-12 16:05:03,2026-08-12 16:05:03,2026-08-12 16:05:03
221269,3192,MCMT2,COMPRA,300,119.8549,12.2830,2026-08-12 13:22:45,2026-08-12 13:22:48,2026-08-12 13:22:48
221270,1672,BGNM6,COMPRA,240,92.8440,,2026-08-12 10:00:01,2026-08-12 10:00:04,2026-08-12 10:00:04
221271,1481,MGRR2,COMPRA,90,132.6468,1.1369,2026-08-12 10:59:35,2026-08-12 10:59:37,2026-08-12 10:59:37
221272,2270,WXFC8,COMPRA,226,97.7044,2.0383,2026-08-12 12:10:15,2026-08-12 12:10:15,2026-08-12 12:10:15
221273,2394,MOLF3,COMPRA,400,49.7731,6.7805,2026-08-12 17:25:54,2026-08-12 17:25:55,2026-08-12 17:25:55
221274,1365,HCLJ8,COMPRA,485,84.2905,3.4418,2026-08-12 15:34:09,2026-08-12 15:34:10,2026-08-12 15:34:10
221275,3381,DQSN6,VENDA,75,140.4534,11.9284,2026-08-12 17:00:20,2026-08-12 17:00:23,2026-08-12 17:00:23
221276,3000,GULD2,COMPRA,89,128.9592,2.3197,2026-08-12 13:10:35,2026-08-12 13:10:37,2026-08-12 13:10:37
221277,2328,YOWA1,COMPRA,290,65.2283,0.1816,2026-08-12 11:49:33,2026-08-12 11:49:36,2026-08-12 11:49:36
221278,2123,MOLF3,COMPRA,280,57.2583,12.1168,2026-08-12 14:22:50,2026-08-12 14:22:51,2026-08-12 14:22:51
221279,2580,FIUW1,COMPRA,155,84.7273,8.8908,2026-08-12 10:17:08,2026-08-12 10:17:11,2026-08-12 10:17:11
221280,3175,UCHR6,COMPRA,266,326.2964,3.9331,2026-08-12 14:16:13,2026-08-12 14:16:14,2026-08-12 14:16:14
221281,1364,PBZM6,COMPRA,69,69.7458,6.0210,2026-08-12 14:34:09,2026-08-12 14:34:12,2026-08-12 14:34:12
221282,1802,UQIQ7,COMPRA,475,96.8499,4.4577,2026-08-12 16:08:55,2026-08-12 16:08:56,2026-08-12 16:08:56
221283,3447,VLEB3,COMPRA,64,381.0709,0.8189,2026-08-12 11:36:52,2026-08-12 11:36:53,2026-08-12 11:36:53
221284,3081,UFIU3,COMPRA,240,69.4662,11.4386,2026-08-12 15:41:02,2026-08-12 15:41:03,2026-08-12 15:41:03
221285,1863,QTHQ1,COMPRA,155,26.2218,6.3579,2026-08-12 14:12:49,2026-08-12 14:12:51,2026-08-12 14:12:51
221286,1287,RDOA3,COMPRA,310,105.2489,3.8493,2026-08-12 10:40:38,2026-08-12 10:40:40,2026-08-12 10:40:40
221287,2489,QTDZ2,COMPRA,305,56.5495,7.6033,2026-08-12 17:13:20,2026-08-12 17:13:21,2026-08-12 17:13:21
221288,2815,CQIL9,COMPRA,415,43.7859,5.5900,2026-08-12 15:10:06,2026-08-12 15:10:08,2026-08-12 15:10:08
221289,2021,RMRT1,COMPRA,50,88.2980,9.7675,2026-08-12 17:25:56,2026-08-12 17:25:56,2026-08-12 17:25:56
221290,3135,RMRT1,COMPRA,100,92.9405,4.6363,2026-08-12 15:28:53,2026-08-12 15:28:54,2026-08-12 15:28:54
221291,1106,LIEG8,COMPRA,245,90.5325,0.1588,2026-08-12 14:24:57,2026-08-12 14:25:00,2026-08-12 14:25:00
221292,1285,SVOZ4,COMPRA,255,49.8453,10.6335,2026-08-12 16:43:19,2026-08-12 16:43:20,2026-08-12 16:43:20
221293,2345,RDOA3,COMPRA,385,99.2421,11.4382,2026-08-12 10:31:31,2026-08-12 10:31:33,2026-08-12 10:31:33
221294,2891,SRDU1,COMPRA,455,76.5404,2.5144,2026-08-12 14:10:38,2026-08-12 14:10:39,2026-08-12 14:10:39
221295,2028,FYZB6,COMPRA,475,81.7739,12.4003,2026-08-12 10:55:53,2026-08-12 10:55:54,2026-08-12 10:55:54
221296,2394,PBZM6,COMPRA,275,54.6858,12.2926,2026-08-12 11:10:32,2026-08-12 11:10:32,2026-08-12 11:10:32
221297,1456,NGIU9,COMPRA,345,91.9309,12.5587,2026-08-12 14:39:39,2026-08-12 14:39:39,2026-08-12 14:39:39
221298,1185,YCCK8,COMPRA,280,341.9807,9.4569,2026-08-12 15:16:19,2026-08-12 15:16:20,2026-08-12 15:16:20
221299,2729,PQUT9,COMPRA,15,88.1255,7.5132,2026-08-12 17:13:42,2026-08-12 17:13:42,2026-08-12 17:13:42
221300,2362,DQSN6,COMPRA,155,126.2930,10.2104,2026-08-12 11:43:38,2026-08-12 11:43:38,2026-08-12 11:43:38
221301,1851,YOWA1,COMPRA,225,62.2123,8.0742,2026-08-12 13:27:40,2026-08-12 13:27:42,2026-08-12 13:27:42
221302,2695,PSEN6,COMPRA,260,163.4998,1.3225,2026-08-12 15:23:43,2026-08-12 15:23:44,2026-08-12 15:23:44
221303,3397,DHRM5,VENDA,160,364.5756,0.8252,2026-08-12 14:11:21,2026-08-12 14:11:23,2026-08-12 14:11:23
221304,2573,PQUT9,COMPRA,320,66.8513,11.0641,2026-08-12 14:44:56,2026-08-12 14:44:57,2026-08-12 14:44:57
221305,1347,TBWG2,COMPRA,215,89.2134,9.6874,2026-08-12 10:09:43,2026-08-12 10:09:44,2026-08-12 10:09:44
221306,2681,XTVW5,COMPRA,415,121.6706,12.2555,2026-08-12 14:13:27,2026-08-12 14:13:28,2026-08-12 14:13:28
221307,3150,LQML9,COMPRA,310,126.0203,4.5106,2026-08-12 10:54:59,2026-08-12 10:55:02,2026-08-12 10:55:02
221308,2982,ENRZ2,COMPRA,235,103.9527,5.4855,2026-08-12 13:04:11,2026-08-12 13:04:12,2026-08-12 13:04:12
221309,3422,DSFC9,COMPRA,446,394.5076,0.4991,2026-08-12 15:49:35,2026-08-12 15:49:37,2026-08-12 15:49:37
221310,2561,BXFJ9,VENDA,83,190.0820,8.6668,2026-08-12 16:23:05,2026-08-12 16:23:08,2026-08-12 16:23:08
221311,2246,NREP8,COMPRA,23,95.3484,7.1855,2026-08-12 14:01:38,2026-08-12 14:01:41,2026-08-12 14:01:41
221312,1705,ERTC4,COMPRA,245,46.9640,11.6532,2026-08-12 15:01:28,2026-08-12 15:01:30,2026-08-12 15:01:30
221313,1508,JIPR4,COMPRA,141,30.3915,2.6323,2026-08-12 16:35:55,2026-08-12 16:35:56,2026-08-12 16:35:56
221314,2739,MJDL9,COMPRA,266,36.0461,5.9530,2026-08-12 16:29:10,2026-08-12 16:29:10,2026-08-12 16:29:10
221315,2822,JJVW6,COMPRA,115,127.8143,11.7409,2026-08-12 14:49:11,2026-08-12 14:49:14,2026-08-12 14:49:14
221316,1363,RYPL6,COMPRA,70,82.0037,4.7866,2026-08-12 12:03:05,2026-08-12 12:03:07,2026-08-12 12:03:07
221317,2843,FIUW1,COMPRA,50,135.0007,11.0407,2026-08-12 12:19:03,2026-08-12 12:19:06,2026-08-12 12:19:06
221318,1423,MOLF3,COMPRA,370,49.2728,1.4926,2026-08-12 11:42:43,2026-08-12 11:42:44,2026-08-12 11:42:44
221319,1568,YRWH3,COMPRA,190,227.3546,2.8455,2026-08-12 15:36:03,2026-08-12 15:36:06,2026-08-12 15:36:06
221320,3347,IWAK1,COMPRA,315,94.0792,8.7523,2026-08-12 11:09:02,2026-08-12 11:09:05,2026-08-12 11:09:05
221321,3328,IZTY4,COMPRA,150,30.1845,12.8567,2026-08-12 10:54:48,2026-08-12 10:54:48,2026-08-12 10:54:48
221322,2080,SRDU1,COMPRA,50,88.7621,3.5761,2026-08-12 17:16:24,2026-08-12 17:16:24,2026-08-12 17:16:24
221323,1284,BXFJ9,COMPRA,275,126.4241,11.7804,2026-08-12 15:58:54,2026-08-12 15:58:55,2026-08-12 15:58:55
221324,2010,FIUW1,COMPRA,490,137.2079,2.3298,2026-08-12 12:28:07,2026-08-12 12:28:10,2026-08-12 12:28:10
221325,2614,KHGP6,COMPRA,235,73.5792,5.9551,2026-08-12 10:07:05,2026-08-12 10:07:07,2026-08-12 10:07:07
221326,2255,YYLA4,COMPRA,315,193.6585,4.6030,2026-08-12 10:19:54,2026-08-12 10:19:55,2026-08-12 10:19:55
221327,2433,DGBT6,COMPRA,313,112.5155,2.0624,2026-08-12 12:37:53,2026-08-12 12:37:53,2026-08-12 12:37:53
221328,2801,DSFC9,COMPRA,5,406.8824,7.8265,2026-08-12 15:01:05,2026-08-12 15:01:08,2026-08-12 15:01:08
221329,1833,NWGB4,COMPRA,210,114.5958,11.2949,2026-08-12 14:05:37,2026-08-12 14:05:39,2026-08-12 14:05:39
221330,1681,KHGP6,COMPRA,185,104.0269,12.5602,2026-08-12 12:02:28,2026-08-12 12:02:29,2026-08-12 12:02:29
221331,3309,DGBT6,COMPRA,375,78.8101,10.6008,2026-08-12 17:15:05,2026-08-12 17:15:06,2026-08-12 17:15:06
221332,1710,QTDZ2,COMPRA,220,48.1124,12.2516,2026-08-12 11:30:48,2026-08-12 11:30:48,2026-08-12 11:30:48
221333,1035,ZYVN7,COMPRA,410,80.1192,1.5259,2026-08-12 16:49:41,2026-08-12 16:49:41,2026-08-12 16:49:41
221334,2748,KHGP6,COMPRA,275,113.0296,5.7812,2026-08-12 12:53:07,2026-08-12 12:53:07,2026-08-12 12:53:07
221335,1002,IWAK1,COMPRA,95,93.2732,11.3083,2026-08-12 13:57:59,2026-08-12 13:58:01,2026-08-12 13:58:01
221336,2243,WMQZ6,COMPRA,203,97.3020,7.3121,2026-08-12 14:08:05,2026-08-12 14:08:07,2026-08-12 14:08:07
221337,1442,ACSV1,COMPRA,10,88.2100,2.1491,2026-08-12 14:46:00,2026-08-12 14:46:03,2026-08-12 14:46:03
221338,2409,HCZM2,VENDA,145,498.7743,9.4423,2026-08-12 11:03:55,2026-08-12 11:03:57,2026-08-12 11:03:57
221339,1220,KFSY2,COMPRA,130,129.4310,4.8030,2026-08-12 16:39:46,2026-08-12 16:39:48,2026-08-12 16:39:48
221340,1880,ICSU4,COMPRA,60,113.0798,4.2356,2026-08-12 10:25:57,2026-08-12 10:26:00,2026-08-12 10:26:00
221341,2579,TNHT4,COMPRA,480,133.4921,4.0670,2026-08-12 13:52:29,2026-08-12 13:52:32,2026-08-12 13:52:32
221342,3448,UYFJ9,COMPRA,170,80.1460,1.9275,2026-08-12 17:18:13,2026-08-12 17:18:14,2026-08-12 17:18:14
221343,3105,XOVY4,COMPRA,190,118.8427,7.9530,2026-08-12 12:41:06,2026-08-12 12:41:06,2026-08-12 12:41:06
221344,2063,JUDG8,COMPRA,360,85.3088,3.2951,2026-08-12 14:56:24,2026-08-12 14:56:27,2026-08-12 14:56:27
221345,2627,DHRM5,COMPRA,411,282.9059,7.3226,2026-08-12 12:49:10,2026-08-12 12:49:13,2026-08-12 12:49:13
221346,2515,QHFL8,COMPRA,410,169.5985,0.4937,2026-08-12 15:00:15,2026-08-12 15:00:18,2026-08-12 15:00:18
221347,1773,HCZM2,COMPRA,40,439.9164,1.6722,2026-08-12 14:14:04,2026-08-12 14:14:05,2026-08-12 14:14:05
221348,3336,QQQS1,COMPRA,345,28.2827,7.8783,2026-08-12 15:35:02,2026-08-12 15:35:02,2026-08-12 15:35:02
221349,2001,UFIU3,COMPRA,15,89.1925,5.2638,2026-08-12 11:00:33,2026-08-12 11:00:33,2026-08-12 11:00:33
221350,1673,IJJK3,COMPRA,50,136.0286,8.5568,2026-08-12 17:03:20,2026-08-12 17:03:23,2026-08-12 17:03:23
221351,2237,KFSY2,COMPRA,10,92.4912,0.0213,2026-08-12 10:25:25,2026-08-12 10:25:27,2026-08-12 10:25:27
221352,1728,UYFJ9,COMPRA,270,86.9273,4.4275,2026-08-12 13:48:20,2026-08-12 13:48:23,2026-08-12 13:48:23
221353,2168,DMTZ8,COMPRA,85,199.0391,11.4854,2026-08-12 15:53:21,2026-08-12 15:53:23,2026-08-12 15:53:23
221354,1049,LGKU6,COMPRA,431,95.7009,8.0081,2026-08-12 10:14:33,2026-08-12 10:14:34,2026-08-12 10:14:34
221355,1804,OEQA8,COMPRA,459,524.6627,8.4058,2026-08-12 16:21:07,2026-08-12 16:21:10,2026-08-12 16:21:10
221356,2085,LIEG8,COMPRA,315,97.9809,8.0995,2026-08-12 14:50:48,2026-08-12 14:50:49,2026-08-12 14:50:49
221357,2412,RHXV4,COMPRA,115,71.5734,9.7643,2026-08-12 13:06:34,2026-08-12 13:06:37,2026-08-12 13:06:37
221358,2447,ACSV1,COMPRA,5,115.3619,9.2897,2026-08-12 10:18:59,2026-08-12 10:18:59,2026-08-12 10:18:59
221359,2233,XAVL3,COMPRA,175,170.6063,3.9183,2026-08-12 14:43:54,2026-08-12 14:43:57,2026-08-12 14:43:57
221360,3156,YYLA4,COMPRA,195,148.4995,6.1397,2026-08-12 11:27:55,2026-08-12 11:27:57,2026-08-12 11:27:57
221361,3139,PBZM6,COMPRA,120,63.6309,2.4514,2026-08-12 14:38:19,2026-08-12 14:38:21,2026-08-12 14:38:21
221362,1107,UQIQ7,COMPRA,364,99.4952,5.3782,2026-08-12 12:21:11,2026-08-12 12:21:12,2026-08-12 12:21:12
221363,1360,JUDG8,COMPRA,398,68.8308,6.3068,2026-08-12 10:44:47,2026-08-12 10:44:50,2026-08-12 10:44:50
221364,1759,NYGT6,COMPRA,192,106.2667,8.0648,2026-08-12 14:48:14,2026-08-12 14:48:17,2026-08-12 14:48:17
221365,2567,LIEG8,COMPRA,110,102.3267,10.9761,2026-08-12 17:29:36,2026-08-12 17:29:37,2026-08-12 17:29:37
221366,1301,FYZB6,COMPRA,305,63.9746,9.7031,2026-08-12 12:55:29,2026-08-12 12:55:32,2026-08-12 12:55:32
221367,2505,ZHTL2,COMPRA,75,64.8706,3.6222,2026-08-12 14:22:27,2026-08-12 14:22:29,2026-08-12 14:22:29
221368,1039,ZHTL2,COMPRA,425,77.5531,2.7063,2026-08-12 10:06:28,2026-08-12 10:06:29,2026-08-12 10:06:29
221369,1968,TBWG2,COMPRA,356,95.6344,,2026-08-12 12:44:24,2026-08-12 12:44:25,2026-08-12 12:44:25
221370,1229,YFAH5,COMPRA,241,207.3352,9.4197,2026-08-12 17:01:37,2026-08-12 17:01:39,2026-08-12 17:01:39
221371,1818,IWAK1,COMPRA,215,100.4261,11.8214,2026-08-12 15:44:17,2026-08-12 15:44:18,2026-08-12 15:44:18
221372,1411,LQML9,COMPRA,180,172.3305,3.3046,2026-08-12 10:23:03,2026-08-12 10:23:04,2026-08-12 10:23:04
221373,3433,OEQA8,VENDA,60,345.8629,9.7242,2026-08-12 11:59:56,2026-08-12 11:59:56,2026-08-12 11:59:56
221374,1474,BSDJ7,COMPRA,445,222.5164,10.6363,2026-08-12 14:03:45,2026-08-12 14:03:46,2026-08-12 14:03:46
221375,2298,OEQA8,COMPRA,72,514.7000,2.3948,2026-08-12 11:46:40,2026-08-12 11:46:40,2026-08-12 11:46:40
221376,2073,NWGB4,COMPRA,455,103.8135,4.6495,2026-08-12 14:56:21,2026-08-12 14:56:22,2026-08-12 14:56:22
221377,2814,BGNM6,COMPRA,200,126.1780,11.7042,2026-08-12 12:30:46,2026-08-12 12:30:49,2026-08-12 12:30:49
221378,1555,QEUC2,COMPRA,330,172.3408,7.0948,2026-08-12 10:59:37,2026-08-12 10:59:37,2026-08-12 10:59:37
221379,3188,ZFBT3,COMPRA,205,90.9510,4.2771,2026-08-12 13:51:46,2026-08-12 13:51:48,2026-08-12 13:51:48
221380,1560,DQSN6,COMPRA,367,113.7216,4.6631,2026-08-12 12:10:24,2026-08-12 12:10:24,2026-08-12 12:10:24
221381,3275,TNHT4,COMPRA,305,98.1774,6.0022,2026-08-12 12:18:58,2026-08-12 12:19:00,2026-08-12 12:19:00
221382,2975,FRGH8,COMPRA,470,81.1565,0.7884,2026-08-12 10:40:37,2026-08-12 10:40:40,2026-08-12 10:40:40
221383,1411,MGRR2,COMPRA,345,130.9308,10.8437,2026-08-12 10:13:34,2026-08-12 10:13:37,2026-08-12 10:13:37
221384,1146,ICSU4,COMPRA,185,164.9590,9.2399,2026-08-12 10:38:59,2026-08-12 10:39:02,2026-08-12 10:39:02
221385,1395,BOCS8,COMPRA,115,76.0706,12.5557,2026-08-12 11:54:27,2026-08-12 11:54:27,2026-08-12 11:54:27
221386,1953,JJVW6,COMPRA,420,106.7854,7.3529,2026-08-12 15:06:56,2026-08-12 15:06:58,2026-08-12 15:06:58
221387,2198,NREP8,COMPRA,475,150.8883,9.2987,2026-08-12 12:43:28,2026-08-12 12:43:28,2026-08-12 12:43:28
221388,2505,MJDL9,COMPRA,270,40.8223,4.9854,2026-08-12 15:55:01,2026-08-12 15:55:01,2026-08-12 15:55:01
221389,3130,DMTZ8,COMPRA,360,164.5900,5.2650,2026-08-12 12:00:14,2026-08-12 12:00:14,2026-08-12 12:00:14
221390,1896,GULD2,COMPRA,268,143.0695,4.4604,2026-08-12 10:51:49,2026-08-12 10:51:51,2026-08-12 10:51:51
221391,2899,PZUP8,COMPRA,265,139.6923,0.8800,2026-08-12 17:30:33,2026-08-12 17:30:36,2026-08-12 17:30:36
221392,3378,YCCK8,COMPRA,160,441.2958,8.1476,2026-08-12 15:16:32,2026-08-12 15:16:35,2026-08-12 15:16:35
221393,2127,ZAAS7,COMPRA,205,383.9990,12.3045,2026-08-12 14:36:06,2026-08-12 14:36:09,2026-08-12 14:36:09
221394,1303,SRDU1,COMPRA,385,85.7441,2.0358,2026-08-12 11:22:51,2026-08-12 11:22:54,2026-08-12 11:22:54
221395,1075,XOVY4,VENDA,290,98.2973,10.2918,2026-08-12 16:36:43,2026-08-12 16:36:46,2026-08-12 16:36:46
221396,3079,DSFC9,COMPRA,245,447.8992,0.7299,2026-08-12 11:50:31,2026-08-12 11:50:34,2026-08-12 11:50:34
221397,1472,DFGR7,COMPRA,110,92.5451,1.1466,2026-08-12 14:50:17,2026-08-12 14:50:17,2026-08-12 14:50:17
221398,2716,YBZA3,COMPRA,480,26.5532,9.7576,2026-08-12 12:15:55,2026-08-12 12:15:55,2026-08-12 12:15:55
221399,2823,UYFJ9,COMPRA,360,84.1385,12.3548,2026-08-12 13:16:34,2026-08-12 13:16:34,2026-08-12 13:16:34
221400,1054,HCLJ8,COMPRA,245,119.9671,6.9361,2026-08-12 13:24:49,2026-08-12 13:24:50,2026-08-12 13:24:50
221401,3317,PSEN6,COMPRA,266,192.5458,12.1929,2026-08-12 16:44:27,2026-08-12 16:44:27,2026-08-12 16:44:27
221402,3285,YYLA4,COMPRA,120,225.0558,6.0232,2026-08-12 13:23:52,2026-08-12 13:23:54,2026-08-12 13:23:54
221403,3220,MOLF3,COMPRA,310,51.8943,8.6749,2026-08-12 11:33:56,2026-08-12 11:33:59,2026-08-12 11:33:59
221404,1365,YRWH3,COMPRA,427,209.4605,12.3478,2026-08-12 14:03:42,2026-08-12 14:03:43,2026-08-12 14:03:43
221405,3138,JIPA6,COMPRA,495,41.7782,12.1604,2026-08-12 13:20:54,2026-08-12 13:20:57,2026-08-12 13:20:57
221406,1392,ERTC4,COMPRA,225,42.1917,1.2709,2026-08-12 14:33:47,2026-08-12 14:33:50,2026-08-12 14:33:50
221407,3030,ZFBT3,COMPRA,28,125.8788,2.9011,2026-08-12 11:13:48,2026-08-12 11:13:49,2026-08-12 11:13:49
221408,3203,QYBV3,COMPRA,95,70.4006,4.0552,2026-08-12 15:26:19,2026-08-12 15:26:21,2026-08-12 15:26:21
221409,3115,KQEO3,COMPRA,25,72.6110,,2026-08-12 15:14:10,2026-08-12 15:14:11,2026-08-12 15:14:11
221410,1331,IPXK2,COMPRA,160,297.7326,11.0588,2026-08-12 16:13:19,2026-08-12 16:13:20,2026-08-12 16:13:20
221411,3079,DFGR7,COMPRA,80,79.4968,1.5363,2026-08-12 16:27:27,2026-08-12 16:27:29,2026-08-12 16:27:29
221412,1061,TVCE9,COMPRA,425,73.7711,3.3459,2026-08-12 10:22:19,2026-08-12 10:22:19,2026-08-12 10:22:19
221413,1855,YBZA3,COMPRA,115,28.5833,8.7297,2026-08-12 11:25:34,2026-08-12 11:25:36,2026-08-12 11:25:36
221414,2819,PZUP8,COMPRA,220,188.6765,5.9132,2026-08-12 11:44:27,2026-08-12 11:44:28,2026-08-12 11:44:28
221415,2085,WIPB2,COMPRA,72,111.5823,0.7820,2026-08-12 15:40:52,2026-08-12 15:40:55,2026-08-12 15:40:55
221416,2764,DGBT6,COMPRA,20,89.3098,12.3328,2026-08-12 10:14:24,2026-08-12 10:14:24,2026-08-12 10:14:24
221417,1517,HJRH5,COMPRA,10,127.7626,5.1321,2026-08-12 14:13:39,2026-08-12 14:13:39,2026-08-12 14:13:39
221418,3246,NGIU9,COMPRA,492,131.3451,6.3846,2026-08-12 17:18:00,2026-08-12 17:18:00,2026-08-12 17:18:00
221419,1007,ECQD7,VENDA,175,97.1319,10.0232,2026-08-12 14:18:13,2026-08-12 14:18:15,2026-08-12 14:18:15
221420,3159,RMRT1,VENDA,15,91.4112,11.5142,2026-08-12 13:41:16,2026-08-12 13:41:19,2026-08-12 13:41:19
221421,2161,JIPR4,COMPRA,200,27.7758,11.2976,2026-08-12 12:53:44,2026-08-12 12:53:45,2026-08-12 12:53:45
221422,2618,UFIU3,COMPRA,300,107.9611,11.0644,2026-08-12 16:21:42,2026-08-12 16:21:45,2026-08-12 16:21:45
221423,3495,YFAH5,COMPRA,500,135.7012,0.6321,2026-08-12 16:58:24,2026-08-12 16:58:26,2026-08-12 16:58:26
221424,2695,AAWB3,COMPRA,100,140.3294,5.4723,2026-08-12 15:27:01,2026-08-12 15:27:01,2026-08-12 15:27:01
221425,3409,SUZL4,COMPRA,265,127.4246,6.6776,2026-08-12 10:02:13,2026-08-12 10:02:14,2026-08-12 10:02:14
221426,3007,NHYK8,COMPRA,245,53.5691,7.8706,2026-08-12 12:09:12,2026-08-12 12:09:13,2026-08-12 12:09:13
221427,1068,LCCH9,COMPRA,40,6.9446,1.2501,2026-08-12 14:53:26,2026-08-12 14:53:28,2026-08-12 14:53:28
221428,1319,HJRH5,VENDA,300,189.2345,4.0985,2026-08-12 14:20:03,2026-08-12 14:20:05,2026-08-12 14:20:05
221429,1592,JIPR4,COMPRA,170,27.4478,8.9244,2026-08-12 17:11:16,2026-08-12 17:11:19,2026-08-12 17:11:19
221430,2420,TVCE9,COMPRA,431,61.2912,2.2380,2026-08-12 11:55:42,2026-08-12 11:55:42,2026-08-12 11:55:42
221431,3008,JDJG6,COMPRA,135,68.8660,9.3120,2026-08-12 10:41:54,2026-08-12 10:41:56,2026-08-12 10:41:56
221432,1595,DGBT6,COMPRA,237,82.5793,6.0691,2026-08-12 15:28:23,2026-08-12 15:28:23,2026-08-12 15:28:23
221433,2775,UFIU3,COMPRA,70,98.7538,10.6311,2026-08-12 16:38:52,2026-08-12 16:38:55,2026-08-12 16:38:55
221434,3510,TVCE9,COMPRA,20,55.5077,5.3218,2026-08-12 17:21:30,2026-08-12 17:21:31,2026-08-12 17:21:31
221435,1911,UQIQ7,COMPRA,55,85.4841,6.3024,2026-08-12 12:47:58,2026-08-12 12:48:01,2026-08-12 12:48:01
221436,3440,NGIU9,COMPRA,45,104.6942,9.1244,2026-08-12 12:07:47,2026-08-12 12:07:48,2026-08-12 12:07:48
221437,2884,IPXK2,COMPRA,414,332.2821,1.1142,2026-08-12 12:03:26,2026-08-12 12:03:28,2026-08-12 12:03:28
221438,3493,ICSU4,COMPRA,55,121.5092,10.5644,2026-08-12 13:59:11,2026-08-12 13:59:12,2026-08-12 13:59:12
221439,2866,NPEM3,COMPRA,355,105.1275,0.0026,2026-08-12 14:18:39,2026-08-12 14:18:41,2026-08-12 14:18:41
221440,3324,QATW7,COMPRA,450,50.0736,3.8216,2026-08-12 10:13:34,2026-08-12 10:13:37,2026-08-12 10:13:37
221441,3423,XLZM9,COMPRA,230,43.2021,6.6279,2026-08-12 13:19:17,2026-08-12 13:19:19,2026-08-12 13:19:19
221442,1598,NUJZ2,COMPRA,238,31.3875,11.2361,2026-08-12 16:35:20,2026-08-12 16:35:23,2026-08-12 16:35:23
221443,2050,AAWB3,COMPRA,225,159.6389,9.9463,2026-08-12 12:10:52,2026-08-12 12:10:54,2026-08-12 12:10:54
221444,1975,AAUA7,COMPRA,385,139.0598,7.9892,2026-08-12 12:09:16,2026-08-12 12:09:18,2026-08-12 12:09:18
221445,2328,JDJG6,COMPRA,215,61.3935,6.4013,2026-08-12 15:49:40,2026-08-12 15:49:41,2026-08-12 15:49:41
221446,1594,ERTC4,COMPRA,491,55.2015,3.9127,2026-08-12 12:53:50,2026-08-12 12:53:52,2026-08-12 12:53:52
221447,2696,UYFJ9,COMPRA,49,118.3525,5.2880,2026-08-12 15:06:48,2026-08-12 15:06:50,2026-08-12 15:06:50
221448,1052,MJDL9,COMPRA,231,38.4354,11.1089,2026-08-12 12:07:10,2026-08-12 12:07:10,2026-08-12 12:07:10
221449,3132,TBWG2,VENDA,113,82.4551,2.2513,2026-08-12 14:35:08,2026-08-12 14:35:10,2026-08-12 14:35:10
221450,1756,UFIU3,COMPRA,150,79.3306,8.8617,2026-08-12 11:48:30,2026-08-12 11:48:33,2026-08-12 11:48:33
221451,1516,HCZM2,COMPRA,120,373.1377,1.8968,2026-08-12 15:33:15,2026-08-12 15:33:15,2026-08-12 15:33:15
221452,2114,RDOA3,COMPRA,190,109.5392,1.6492,2026-08-12 11:29:21,2026-08-12 11:29:24,2026-08-12 11:29:24
221453,2878,DQSN6,COMPRA,140,151.0287,2.5785,2026-08-12 14:42:03,2026-08-12 14:42:03,2026-08-12 14:42:03
221454,3428,ACSV1,COMPRA,355,91.5346,9.6033,2026-08-12 14:27:31,2026-08-12 14:27:33,2026-08-12 14:27:33
221455,1311,AAWB3,COMPRA,60,154.2773,10.3235,2026-08-12 14:03:00,2026-08-12 14:03:03,2026-08-12 14:03:03
221456,2414,LIEG8,COMPRA,290,116.1466,11.3934,2026-08-12 14:33:31,2026-08-12 14:33:32,2026-08-12 14:33:32
221457,2434,AYFQ2,COMPRA,135,8.9597,11.8685,2026-08-12 15:25:37,2026-08-12 15:25:38,2026-08-12 15:25:38
221458,3216,OVYL9,COMPRA,165,89.8325,12.4766,2026-08-12 11:18:16,2026-08-12 11:18:18,2026-08-12 11:18:18
221459,2721,QATW7,COMPRA,405,50.7631,2.8847,2026-08-12 10:34:26,2026-08-12 10:34:27,2026-08-12 10:34:27
221460,1265,NGIU9,COMPRA,190,126.4859,2.5715,2026-08-12 11:22:08,2026-08-12 11:22:11,2026-08-12 11:22:11
221461,2963,ZAAS7,COMPRA,410,443.7013,7.8748,2026-08-12 13:21:38,2026-08-12 13:21:40,2026-08-12 13:21:40
221462,3043,TBWG2,COMPRA,315,61.8172,4.2055,2026-08-12 11:32:25,2026-08-12 11:32:28,2026-08-12 11:32:28
221463,1653,NWGB4,COMPRA,325,100.2594,8.5900,2026-08-12 11:36:35,2026-08-12 11:36:37,2026-08-12 11:36:37
221464,3242,NPEM3,COMPRA,495,114.4544,8.8440,2026-08-12 16:50:53,2026-08-12 16:50:54,2026-08-12 16:50:54
221465,2480,WXQM6,COMPRA,400,59.3094,12.6587,2026-08-12 11:07:28,2026-08-12 11:07:29,2026-08-12 11:07:29
221466,1335,IPXK2,COMPRA,145,321.2473,0.9340,2026-08-12 16:53:24,2026-08-12 16:53:27,2026-08-12 16:53:27
221467,1203,ECQD7,COMPRA,335,82.8165,12.8873,2026-08-12 14:45:47,2026-08-12 14:45:50,2026-08-12 14:45:50
221468,2897,NPEM3,VENDA,25,85.5679,0.0198,2026-08-12 16:55:38,2026-08-12 16:55:41,2026-08-12 16:55:41
221469,2650,UQIQ7,COMPRA,31,98.8432,2.5275,2026-08-12 10:24:19,2026-08-12 10:24:21,2026-08-12 10:24:21
221470,2755,XAVL3,COMPRA,70,156.0454,3.4140,2026-08-12 14:56:20,2026-08-12 14:56:22,2026-08-12 14:56:22
221471,3036,PQUT9,COMPRA,410,97.9803,2.6173,2026-08-12 15:38:50,2026-08-12 15:38:53,2026-08-12 15:38:53
221472,2912,ZYVN7,COMPRA,290,86.7200,3.9570,2026-08-12 15:20:27,2026-08-12 15:20:27,2026-08-12 15:20:27
221473,1591,JIPR4,COMPRA,435,33.3532,2.1700,2026-08-12 10:59:02,2026-08-12 10:59:02,2026-08-12 10:59:02
221474,2725,CQIL9,COMPRA,440,40.6391,4.5852,2026-08-12 13:22:33,2026-08-12 13:22:34,2026-08-12 13:22:34
221475,2982,UVEY5,COMPRA,445,100.4458,4.2400,2026-08-12 16:00:00,2026-08-12 16:00:00,2026-08-12 16:00:00
221476,1313,NWGB4,COMPRA,500,152.3432,3.4654,2026-08-12 15:17:22,2026-08-12 15:17:25,2026-08-12 15:17:25
221477,2477,NAOF3,COMPRA,360,49.1457,9.9803,2026-08-12 11:14:33,2026-08-12 11:14:33,2026-08-12 11:14:33
221478,2694,QTDZ2,COMPRA,245,55.2436,11.4821,2026-08-12 13:16:10,2026-08-12 13:16:13,2026-08-12 13:16:13
221479,3457,UCHR6,COMPRA,169,430.6056,12.2006,2026-08-12 10:37:00,2026-08-12 10:37:01,2026-08-12 10:37:01
221480,2824,GULD2,COMPRA,165,106.7378,0.0758,2026-08-12 13:56:07,2026-08-12 13:56:10,2026-08-12 13:56:10
221481,3225,KFSY2,COMPRA,220,110.0931,3.5559,2026-08-12 10:48:26,2026-08-12 10:48:26,2026-08-12 10:48:26
221482,2888,TVCE9,COMPRA,117,77.7424,2.8096,2026-08-12 16:44:24,2026-08-12 16:44:25,2026-08-12 16:44:25
221483,2829,QTHQ1,COMPRA,64,25.9202,11.9971,2026-08-12 13:57:20,2026-08-12 13:57:21,2026-08-12 13:57:21
221484,3067,UQIQ7,COMPRA,445,80.0768,2.9611,2026-08-12 13:47:13,2026-08-12 13:47:13,2026-08-12 13:47:13
221485,2231,OVUQ2,COMPRA,200,58.4800,2.5371,2026-08-12 15:17:13,2026-08-12 15:17:16,2026-08-12 15:17:16
221486,2379,IZTY4,COMPRA,10,31.9312,1.3928,2026-08-12 11:29:13,2026-08-12 11:29:13,2026-08-12 11:29:13
221487,1162,YBZA3,COMPRA,227,25.8227,6.9298,2026-08-12 12:15:04,2026-08-12 12:15:04,2026-08-12 12:15:04
221488,3310,RSBT4,COMPRA,295,342.0842,5.1639,2026-08-12 15:52:12,2026-08-12 15:52:14,2026-08-12 15:52:14
221489,1762,YFAH5,COMPRA,125,181.5441,12.4132,2026-08-12 13:17:48,2026-08-12 13:17:50,2026-08-12 13:17:50
221490,1976,JIPR4,COMPRA,220,41.0499,3.3562,2026-08-12 10:55:40,2026-08-12 10:55:41,2026-08-12 10:55:41
221491,3468,TNHT4,COMPRA,320,111.5634,11.3495,2026-08-12 12:17:28,2026-08-12 12:17:31,2026-08-12 12:17:31
221492,1787,WIPB2,COMPRA,5,87.7197,9.6642,2026-08-12 15:42:15,2026-08-12 15:42:16,2026-08-12 15:42:16
221493,2856,TTHO3,COMPRA,53,27.2092,6.3540,2026-08-12 12:07:08,2026-08-12 12:07:09,2026-08-12 12:07:09
221494,1389,LGKU6,COMPRA,270,89.0333,9.3235,2026-08-12 10:54:01,2026-08-12 10:54:03,2026-08-12 10:54:03
221495,1518,GULD2,COMPRA,365,104.5297,5.1384,2026-08-12 10:45:25,2026-08-12 10:45:26,2026-08-12 10:45:26
221496,1998,RHXV4,COMPRA,15,48.5267,8.2850,2026-08-12 14:56:39,2026-08-12 14:56:40,2026-08-12 14:56:40
221497,1595,LIEG8,COMPRA,80,106.6378,0.8061,2026-08-12 12:53:27,2026-08-12 12:53:27,2026-08-12 12:53:27
221498,3451,BGNM6,COMPRA,481,107.7257,1.7109,2026-08-12 15:21:52,2026-08-12 15:21:54,2026-08-12 15:21:54
221499,2907,JIPR4,COMPRA,98,26.7374,9.6296,2026-08-12 11:46:33,2026-08-12 11:46:35,2026-08-12 11:46:35
221500,1231,SVOZ4,COMPRA,480,41.2929,12.1019,2026-08-12 12:51:33,2026-08-12 12:51:35,2026-08-12 12:51:35
221501,1157,LIEG8,COMPRA,145,105.9868,9.6383,2026-08-12 11:20:23,2026-08-12 11:20:24,2026-08-12 11:20:24
221502,1165,TVCE9,COMPRA,340,68.0777,2.6148,2026-08-12 15:47:09,2026-08-12 15:47:10,2026-08-12 15:47:10
221503,1050,LCCH9,COMPRA,60,10.1951,5.7514,2026-08-12 14:41:16,2026-08-12 14:41:18,2026-08-12 14:41:18
221504,2373,GAKD5,COMPRA,280,248.6902,10.4132,2026-08-12 11:31:17,2026-08-12 11:31:19,2026-08-12 11:31:19
221505,2385,ZHTL2,VENDA,115,51.8482,7.2412,2026-08-12 14:17:55,2026-08-12 14:17:57,2026-08-12 14:17:57
221506,3459,UQJU7,COMPRA,90,88.5665,4.7033,2026-08-12 14:35:11,2026-08-12 14:35:13,2026-08-12 14:35:13
221507,1837,PQUT9,COMPRA,275,62.0993,2.5880,2026-08-12 12:32:54,2026-08-12 12:32:54,2026-08-12 12:32:54
221508,1644,DQSN6,COMPRA,425,134.7977,12.4947,2026-08-12 15:15:32,2026-08-12 15:15:33,2026-08-12 15:15:33
221509,1952,GFDF2,COMPRA,405,104.3696,11.0153,2026-08-12 12:24:46,2026-08-12 12:24:48,2026-08-12 12:24:48
221510,3489,YBZA3,COMPRA,40,19.4015,10.0775,2026-08-12 15:51:45,2026-08-12 15:51:45,2026-08-12 15:51:45
221511,1492,PSEN6,COMPRA,450,210.4953,12.0339,2026-08-12 17:28:27,2026-08-12 17:28:27,2026-08-12 17:28:27
221512,1923,FYZB6,COMPRA,360,80.2610,6.3917,2026-08-12 16:22:33,2026-08-12 16:22:35,2026-08-12 16:22:35
221513,1183,NPEM3,COMPRA,30,127.4069,3.0616,2026-08-12 14:39:30,2026-08-12 14:39:33,2026-08-12 14:39:33
221514,1464,LIEG8,COMPRA,435,84.2429,6.9004,2026-08-12 10:09:47,2026-08-12 10:09:49,2026-08-12 10:09:49
221515,2576,MCMT2,COMPRA,395,116.8966,10.6947,2026-08-12 14:58:28,2026-08-12 14:58:28,2026-08-12 14:58:28
221516,1403,LIEG8,COMPRA,360,76.4631,3.7652,2026-08-12 13:46:11,2026-08-12 13:46:13,2026-08-12 13:46:13
221517,1980,BGNM6,COMPRA,400,80.7785,7.3307,2026-08-12 12:51:21,2026-08-12 12:51:24,2026-08-12 12:51:24
221518,3222,QEUC2,COMPRA,10,140.6415,12.4991,2026-08-12 14:02:45,2026-08-12 14:02:48,2026-08-12 14:02:48
221519,3370,IZTY4,COMPRA,425,30.6494,4.5108,2026-08-12 14:48:38,2026-08-12 14:48:40,2026-08-12 14:48:40
221520,2027,DMTZ8,COMPRA,340,198.1942,4.3481,2026-08-12 15:51:02,2026-08-12 15:51:04,2026-08-12 15:51:04
221521,1688,IPXK2,COMPRA,140,317.3090,11.9167,2026-08-12 14:05:40,2026-08-12 14:05:40,2026-08-12 14:05:40
221522,2900,JUDG8,COMPRA,155,69.2411,5.4768,2026-08-12 17:04:05,2026-08-12 17:04:07,2026-08-12 17:04:07
221523,1274,AYFQ2,COMPRA,120,11.5939,0.0043,2026-08-12 15:27:43,2026-08-12 15:27:46,2026-08-12 15:27:46
221524,2137,RMRT1,COMPRA,255,109.9532,8.9621,2026-08-12 14:07:59,2026-08-12 14:08:01,2026-08-12 14:08:01
221525,2271,RIET5,COMPRA,435,163.8296,4.0382,2026-08-12 11:41:55,2026-08-12 11:41:55,2026-08-12 11:41:55
221526,3474,NUJZ2,COMPRA,100,27.2998,2.8773,2026-08-12 14:14:11,2026-08-12 14:14:14,2026-08-12 14:14:14
221527,2632,SVOZ4,COMPRA,415,43.8744,9.8362,2026-08-12 12:18:23,2026-08-12 12:18:25,2026-08-12 12:18:25
221528,2302,RSBT4,COMPRA,260,449.1534,4.1391,2026-08-12 16:02:25,2026-08-12 16:02:26,2026-08-12 16:02:26
221529,2661,TTHO3,COMPRA,321,28.2277,3.3581,2026-08-12 14:34:32,2026-08-12 14:34:33,2026-08-12 14:34:33
221530,1114,ZFBT3,COMPRA,375,100.8011,12.4828,2026-08-12 11:13:23,2026-08-12 11:13:24,2026-08-12 11:13:24
221531,1500,LIEG8,COMPRA,320,98.8182,11.9527,2026-08-12 10:44:10,2026-08-12 10:44:13,2026-08-12 10:44:13
221532,1295,TTHO3,COMPRA,350,27.9902,4.7197,2026-08-12 12:39:07,2026-08-12 12:39:07,2026-08-12 12:39:07
221533,1338,EEYY9,COMPRA,280,153.0352,3.3407,2026-08-12 15:13:22,2026-08-12 15:13:22,2026-08-12 15:13:22
221534,1265,YOWA1,COMPRA,275,45.3044,12.0623,2026-08-12 17:17:54,2026-08-12 17:17:54,2026-08-12 17:17:54
221535,1733,OEQA8,COMPRA,478,357.8551,10.3434,2026-08-12 17:21:44,2026-08-12 17:21:46,2026-08-12 17:21:46
221536,1244,IJJK3,COMPRA,462,122.1445,12.2723,2026-08-12 13:56:33,2026-08-12 13:56:33,2026-08-12 13:56:33
221537,1398,TTHO3,COMPRA,165,39.5093,9.6920,2026-08-12 12:56:00,2026-08-12 12:56:00,2026-08-12 12:56:00
221538,1735,ICSU4,COMPRA,113,161.2187,9.7409,2026-08-12 10:55:13,2026-08-12 10:55:15,2026-08-12 10:55:15
221539,1821,LCCH9,COMPRA,480,9.9138,6.7945,2026-08-12 15:50:07,2026-08-12 15:50:07,2026-08-12 15:50:07
221540,1887,ZAAS7,COMPRA,180,410.4829,12.8201,2026-08-12 10:14:34,2026-08-12 10:14:36,2026-08-12 10:14:36
221541,1796,OEQA8,COMPRA,113,365.5232,2.7576,2026-08-12 11:26:45,2026-08-12 11:26:47,2026-08-12 11:26:47
221542,1832,PZUP8,COMPRA,335,153.5101,1.7264,2026-08-12 10:23:55,2026-08-12 10:23:58,2026-08-12 10:23:58
221543,2817,DQSN6,COMPRA,324,109.5410,0.3326,2026-08-12 11:39:05,2026-08-12 11:39:08,2026-08-12 11:39:08
221544,3173,RHXV4,VENDA,295,67.0267,4.5242,2026-08-12 13:34:51,2026-08-12 13:34:54,2026-08-12 13:34:54
221545,1711,IPXK2,COMPRA,45,306.5902,8.7266,2026-08-12 10:29:28,2026-08-12 10:29:30,2026-08-12 10:29:30
221546,1463,SRDU1,COMPRA,495,75.3917,1.8780,2026-08-12 16:25:24,2026-08-12 16:25:25,2026-08-12 16:25:25
221547,2179,WIPB2,COMPRA,370,108.7278,3.6608,2026-08-12 16:50:18,2026-08-12 16:50:19,2026-08-12 16:50:19
221548,1264,QTHQ1,COMPRA,454,18.0111,12.8412,2026-08-12 14:38:30,2026-08-12 14:38:32,2026-08-12 14:38:32
221549,2910,AYFQ2,COMPRA,444,14.1423,3.4954,2026-08-12 12:55:17,2026-08-12 12:55:19,2026-08-12 12:55:19
221550,1678,ZFBT3,COMPRA,310,81.6933,9.3908,2026-08-12 14:46:47,2026-08-12 14:46:47,2026-08-12 14:46:47
221551,3022,ECQD7,COMPRA,26,113.1937,2.7355,2026-08-12 12:21:54,2026-08-12 12:21:56,2026-08-12 12:21:56
221552,1089,IZTY4,COMPRA,45,25.6605,10.7409,2026-08-12 17:07:07,2026-08-12 17:07:08,2026-08-12 17:07:08
221553,2625,GKQC5,COMPRA,60,100.4862,1.9266,2026-08-12 16:37:10,2026-08-12 16:37:12,2026-08-12 16:37:12
221554,2450,NGIU9,COMPRA,485,84.2042,6.1558,2026-08-12 11:19:45,2026-08-12 11:19:46,2026-08-12 11:19:46
221555,1104,UQJU7,COMPRA,470,60.0000,12.6406,2026-08-12 11:25:53,2026-08-12 11:25:56,2026-08-12 11:25:56
221556,2385,IZTY4,COMPRA,55,29.0808,0.5803,2026-08-12 10:59:09,2026-08-12 10:59:09,2026-08-12 10:59:09
221557,2468,MJDL9,COMPRA,470,40.2072,8.9696,2026-08-12 12:15:23,2026-08-12 12:15:23,2026-08-12 12:15:23
221558,2530,AAUA7,COMPRA,170,155.9932,4.7662,2026-08-12 16:48:31,2026-08-12 16:48:33,2026-08-12 16:48:33
221559,2557,QEUC2,COMPRA,250,147.1160,0.0506,2026-08-12 11:08:37,2026-08-12 11:08:38,2026-08-12 11:08:38
221560,2517,YFAH5,COMPRA,490,150.1399,6.2773,2026-08-12 13:00:04,2026-08-12 13:00:07,2026-08-12 13:00:07
221561,2919,DGBT6,COMPRA,165,94.6267,10.9703,2026-08-12 15:51:13,2026-08-12 15:51:13,2026-08-12 15:51:13
221562,2365,XAVL3,COMPRA,430,179.7518,3.7801,2026-08-12 16:18:30,2026-08-12 16:18:32,2026-08-12 16:18:32
221563,1996,FIUW1,COMPRA,225,111.9932,4.3473,2026-08-12 11:47:51,2026-08-12 11:47:51,2026-08-12 11:47:51
221564,2735,IPXK2,COMPRA,230,267.5509,11.3322,2026-08-12 12:01:59,2026-08-12 12:01:59,2026-08-12 12:01:59
221565,2943,HCLJ8,COMPRA,326,86.9571,10.9964,2026-08-12 14:01:38,2026-08-12 14:01:41,2026-08-12 14:01:41
221566,1087,OVUQ2,COMPRA,70,41.6834,9.2449,2026-08-12 16:25:37,2026-08-12 16:25:37,2026-08-12 16:25:37
221567,1772,NHYK8,COMPRA,150,78.1388,6.3334,2026-08-12 12:31:08,2026-08-12 12:31:10,2026-08-12 12:31:10
221568,1675,YFAH5,COMPRA,431,179.7335,7.5052,2026-08-12 14:53:41,2026-08-12 14:53:41,2026-08-12 14:53:41
221569,1776,ECQD7,COMPRA,295,73.6316,11.0284,2026-08-12 15:47:40,2026-08-12 15:47:43,2026-08-12 15:47:43
221570,2672,DFGR7,COMPRA,5,119.1946,7.3346,2026-08-12 13:49:26,2026-08-12 13:49:29,2026-08-12 13:49:29
221571,2676,SUZL4,COMPRA,380,162.7522,9.5858,2026-08-12 13:49:17,2026-08-12 13:49:20,2026-08-12 13:49:20
221572,1191,RYPL6,COMPRA,330,103.7979,4.2790,2026-08-12 12:26:44,2026-08-12 12:26:47,2026-08-12 12:26:47
221573,1370,AYFQ2,COMPRA,330,12.9304,11.0908,2026-08-12 15:26:53,2026-08-12 15:26:53,2026-08-12 15:26:53
221574,2607,QTDZ2,COMPRA,19,48.5900,0.5948,2026-08-12 15:35:49,2026-08-12 15:35:49,2026-08-12 15:35:49
221575,1032,UCHR6,COMPRA,270,457.5958,7.4365,2026-08-12 17:05:06,2026-08-12 17:05:07,2026-08-12 17:05:07
221576,1511,WHMT3,COMPRA,207,83.5793,,2026-08-12 12:50:26,2026-08-12 12:50:26,2026-08-12 12:50:26
221577,1963,HCLJ8,COMPRA,25,135.9410,8.1995,2026-08-12 12:20:17,2026-08-12 12:20:20,2026-08-12 12:20:20
221578,2178,SRDU1,COMPRA,500,84.4551,8.5140,2026-08-12 14:08:51,2026-08-12 14:08:52,2026-08-12 14:08:52
221579,3135,NAOF3,COMPRA,135,77.4779,9.2383,2026-08-12 13:55:08,2026-08-12 13:55:10,2026-08-12 13:55:10
221580,3238,AYFQ2,COMPRA,55,13.2611,9.3199,2026-08-12 17:14:49,2026-08-12 17:14:51,2026-08-12 17:14:51
221581,1438,GULD2,COMPRA,320,138.7445,9.5181,2026-08-12 11:55:17,2026-08-12 11:55:20,2026-08-12 11:55:20
221582,1217,SRDU1,COMPRA,290,94.9168,2.8005,2026-08-12 16:27:23,2026-08-12 16:27:23,2026-08-12 16:27:23
221583,3362,ZHTL2,COMPRA,100,71.1768,1.6600,2026-08-12 13:53:47,2026-08-12 13:53:47,2026-08-12 13:53:47
221584,1620,ICSU4,COMPRA,420,128.5763,7.5845,2026-08-12 10:56:20,2026-08-12 10:56:20,2026-08-12 10:56:20
221585,2516,HCLJ8,COMPRA,258,109.0750,8.8953,2026-08-12 10:03:34,2026-08-12 10:03:36,2026-08-12 10:03:36
221586,2816,LQML9,COMPRA,260,132.8170,8.4287,2026-08-12 16:48:05,2026-08-12 16:48:08,2026-08-12 16:48:08
221587,1635,RHXV4,COMPRA,90,56.1842,10.7336,2026-08-12 12:36:52,2026-08-12 12:36:53,2026-08-12 12:36:53
221588,2212,LGKU6,COMPRA,20,66.7895,1.6714,2026-08-12 14:40:20,2026-08-12 14:40:21,2026-08-12 14:40:21
221589,1970,IWFI1,COMPRA,302,143.4870,7.1072,2026-08-12 17:10:49,2026-08-12 17:10:50,2026-08-12 17:10:50
221590,3231,GKQC5,COMPRA,200,107.4358,4.1549,2026-08-12 14:01:34,2026-08-12 14:01:35,2026-08-12 14:01:35
221591,1496,NREP8,COMPRA,190,110.2101,7.1799,2026-08-12 16:14:35,2026-08-12 16:14:38,2026-08-12 16:14:38
221592,2937,DHRM5,COMPRA,146,301.4039,5.6972,2026-08-12 11:44:56,2026-08-12 11:44:58,2026-08-12 11:44:58
221593,1471,NQYT3,VENDA,327,73.3773,8.0654,2026-08-12 17:00:03,2026-08-12 17:00:05,2026-08-12 17:00:05
221594,2419,PSEN6,COMPRA,114,185.6734,4.4369,2026-08-12 14:50:59,2026-08-12 14:50:59,2026-08-12 14:50:59
221595,3372,DSFC9,COMPRA,247,352.3039,5.3998,2026-08-12 11:49:25,2026-08-12 11:49:27,2026-08-12 11:49:27
221596,1243,YIHC3,COMPRA,93,64.1299,6.3397,2026-08-12 16:48:46,2026-08-12 16:48:46,2026-08-12 16:48:46
221597,3243,XPVA7,COMPRA,160,413.1468,10.0275,2026-08-12 12:37:10,2026-08-12 12:37:13,2026-08-12 12:37:13
221598,1249,FIUW1,VENDA,176,124.5022,8.4371,2026-08-12 16:58:33,2026-08-12 16:58:33,2026-08-12 16:58:33
221599,1574,DHRM5,COMPRA,300,260.3677,7.2513,2026-08-12 14:05:17,2026-08-12 14:05:17,2026-08-12 14:05:17
221600,1827,RDOA3,COMPRA,5,104.1258,12.0378,2026-08-12 15:46:41,2026-08-12 15:46:43,2026-08-12 15:46:43
221601,2244,HCLJ8,COMPRA,100,120.6779,10.7902,2026-08-12 14:41:03,2026-08-12 14:41:05,2026-08-12 14:41:05
221602,2556,QTDZ2,COMPRA,495,47.2290,7.4733,2026-08-12 10:39:01,2026-08-12 10:39:01,2026-08-12 10:39:01
221603,3486,RDOA3,COMPRA,95,95.7098,3.4193,2026-08-12 10:41:35,2026-08-12 10:41:38,2026-08-12 10:41:38
221604,1405,TVCE9,COMPRA,480,71.5844,2.7667,2026-08-12 10:16:03,2026-08-12 10:16:05,2026-08-12 10:16:05
221605,3160,IWAK1,COMPRA,25,74.2497,6.1147,2026-08-12 17:26:31,2026-08-12 17:26:34,2026-08-12 17:26:34
221606,1276,GFDF2,COMPRA,415,106.7780,9.8489,2026-08-12 16:23:58,2026-08-12 16:23:59,2026-08-12 16:23:59
221607,1773,BXFJ9,COMPRA,93,191.3925,4.5017,2026-08-12 15:28:05,2026-08-12 15:28:07,2026-08-12 15:28:07
221608,1746,RDOA3,COMPRA,405,76.9609,3.3715,2026-08-12 16:52:32,2026-08-12 16:52:34,2026-08-12 16:52:34
221609,1363,HCLJ8,COMPRA,155,96.3379,6.3758,2026-08-12 17:01:50,2026-08-12 17:01:51,2026-08-12 17:01:51
221610,1155,NHYK8,COMPRA,325,56.2428,4.1327,2026-08-12 16:29:58,2026-08-12 16:30:00,2026-08-12 16:30:00
221611,1974,KFSY2,VENDA,190,119.7239,12.7762,2026-08-12 15:09:28,2026-08-12 15:09:29,2026-08-12 15:09:29
221612,1624,PZUP8,COMPRA,15,157.5360,10.9786,2026-08-12 11:15:45,2026-08-12 11:15:46,2026-08-12 11:15:46
221613,3497,NWGB4,COMPRA,45,136.2539,4.1188,2026-08-12 14:06:11,2026-08-12 14:06:11,2026-08-12 14:06:11
221614,2725,ECQD7,COMPRA,450,74.4581,9.4385,2026-08-12 14:15:29,2026-08-12 14:15:32,2026-08-12 14:15:32
221615,2027,NWGB4,COMPRA,94,148.9321,8.5736,2026-08-12 12:46:29,2026-08-12 12:46:30,2026-08-12 12:46:30
221616,2623,EEYY9,COMPRA,64,132.0789,3.7474,2026-08-12 12:10:55,2026-08-12 12:10:57,2026-08-12 12:10:57
221617,2295,CQIL9,COMPRA,375,45.3007,4.4018,2026-08-12 16:06:57,2026-08-12 16:06:59,2026-08-12 16:06:59
221618,2245,QATW7,COMPRA,75,40.1979,7.2791,2026-08-12 15:03:28,2026-08-12 15:03:29,2026-08-12 15:03:29
221619,3527,NAOF3,COMPRA,400,71.2307,8.7362,2026-08-12 11:26:47,2026-08-12 11:26:48,2026-08-12 11:26:48
221620,2915,TTHO3,COMPRA,465,41.8494,10.4056,2026-08-12 10:15:21,2026-08-12 10:15:21,2026-08-12 10:15:21
221621,1817,WXFC8,COMPRA,98,70.5443,7.6326,2026-08-12 12:29:00,2026-08-12 12:29:03,2026-08-12 12:29:03
221622,2766,SUZL4,COMPRA,155,110.3793,8.5953,2026-08-12 11:11:33,2026-08-12 11:11:34,2026-08-12 11:11:34
221623,1146,DSFC9,COMPRA,90,514.9194,9.9770,2026-08-12 11:06:43,2026-08-12 11:06:44,2026-08-12 11:06:44
221624,2866,QATW7,COMPRA,120,47.9604,6.5918,2026-08-12 10:38:42,2026-08-12 10:38:44,2026-08-12 10:38:44
221625,2943,RYPL6,COMPRA,80,78.1528,11.6838,2026-08-12 10:24:14,2026-08-12 10:24:14,2026-08-12 10:24:14
221626,1955,DFGR7,COMPRA,485,98.7470,9.9802,2026-08-12 15:21:02,2026-08-12 15:21:02,2026-08-12 15:21:02
221627,2386,UFMA7,COMPRA,135,205.6178,6.1835,2026-08-12 14:15:08,2026-08-12 14:15:10,2026-08-12 14:15:10
221628,3212,JDJG6,VENDA,245,79.0280,6.8082,2026-08-12 17:27:07,2026-08-12 17:27:07,2026-08-12 17:27:07
221629,1271,YIHC3,COMPRA,240,74.4991,0.6671,2026-08-12 12:46:11,2026-08-12 12:46:14,2026-08-12 12:46:14
221630,2611,RSBT4,COMPRA,70,397.9145,7.0867,2026-08-12 15:36:07,2026-08-12 15:36:08,2026-08-12 15:36:08
221631,1104,YYLA4,COMPRA,379,183.5962,12.5329,2026-08-12 11:28:36,2026-08-12 11:28:37,2026-08-12 11:28:37
221632,2430,DGBT6,COMPRA,105,109.3353,7.2903,2026-08-12 15:33:15,2026-08-12 15:33:16,2026-08-12 15:33:16
221633,2429,XTVW5,COMPRA,275,98.2933,5.4084,2026-08-12 12:40:55,2026-08-12 12:40:55,2026-08-12 12:40:55
221634,2759,RYPL6,COMPRA,420,98.4993,7.5113,2026-08-12 14:43:25,2026-08-12 14:43:28,2026-08-12 14:43:28
221635,1818,YYLA4,COMPRA,280,161.1174,9.7012,2026-08-12 13:30:26,2026-08-12 13:30:27,2026-08-12 13:30:27
221636,3045,JUDG8,COMPRA,415,79.0664,1.8492,2026-08-12 15:29:24,2026-08-12 15:29:25,2026-08-12 15:29:25
221637,3011,BGNM6,COMPRA,430,126.9978,0.7945,2026-08-12 12:27:20,2026-08-12 12:27:23,2026-08-12 12:27:23
221638,3459,QTHQ1,COMPRA,255,22.9659,8.4729,2026-08-12 12:37:31,2026-08-12 12:37:34,2026-08-12 12:37:34
221639,2655,DSFC9,COMPRA,10,362.6443,12.3701,2026-08-12 13:13:43,2026-08-12 13:13:44,2026-08-12 13:13:44
221640,2330,FYZB6,COMPRA,335,68.8370,8.3252,2026-08-12 10:41:39,2026-08-12 10:41:40,2026-08-12 10:41:40
221641,2698,TXHR8,COMPRA,160,66.8635,3.9335,2026-08-12 12:39:51,2026-08-12 12:39:54,2026-08-12 12:39:54
221642,2469,BGNM6,COMPRA,275,95.7253,3.2042,2026-08-12 11:16:49,2026-08-12 11:16:51,2026-08-12 11:16:51
221643,3455,HJRH5,COMPRA,429,192.1057,9.3277,2026-08-12 11:15:27,2026-08-12 11:15:27,2026-08-12 11:15:27
221644,1475,YYLA4,COMPRA,255,189.5345,8.4315,2026-08-12 12:24:53,2026-08-12 12:24:53,2026-08-12 12:24:53
221645,1312,XLZM9,COMPRA,30,57.9176,2.9106,2026-08-12 14:22:20,2026-08-12 14:22:21,2026-08-12 14:22:21
221646,1313,IWFI1,COMPRA,300,166.9396,9.9351,2026-08-12 15:01:31,2026-08-12 15:01:34,2026-08-12 15:01:34
221647,2856,XTVW5,COMPRA,147,87.5480,12.3705,2026-08-12 16:42:49,2026-08-12 16:42:50,2026-08-12 16:42:50
221648,2646,RDOA3,COMPRA,335,96.3072,11.9128,2026-08-12 14:29:22,2026-08-12 14:29:24,2026-08-12 14:29:24
221649,2505,GULD2,COMPRA,244,106.9266,10.6713,2026-08-12 11:01:18,2026-08-12 11:01:19,2026-08-12 11:01:19
221650,2670,DSFC9,COMPRA,185,323.1636,7.3200,2026-08-12 13:22:35,2026-08-12 13:22:35,2026-08-12 13:22:35
221651,3166,YCCK8,COMPRA,375,418.0777,7.7817,2026-08-12 15:35:44,2026-08-12 15:35:46,2026-08-12 15:35:46
221652,2847,IWFI1,COMPRA,260,166.7858,8.5178,2026-08-12 16:01:59,2026-08-12 16:01:59,2026-08-12 16:01:59
221653,1857,XLZM9,COMPRA,463,40.4351,5.6547,2026-08-12 11:32:35,2026-08-12 11:32:38,2026-08-12 11:32:38
221654,1802,AYFQ2,COMPRA,405,13.2613,2.1918,2026-08-12 10:35:18,2026-08-12 10:35:18,2026-08-12 10:35:18
221655,3357,XPVA7,COMPRA,15,534.3708,7.0347,2026-08-12 11:09:34,2026-08-12 11:09:37,2026-08-12 11:09:37
221656,1162,NUJZ2,COMPRA,165,37.2043,4.5869,2026-08-12 12:07:38,2026-08-12 12:07:41,2026-08-12 12:07:41
221657,1812,AAUA7,COMPRA,370,137.2344,0.6426,2026-08-12 15:36:34,2026-08-12 15:36:35,2026-08-12 15:36:35
221658,1389,LCCH9,COMPRA,300,6.7465,12.0957,2026-08-12 13:13:22,2026-08-12 13:13:24,2026-08-12 13:13:24
221659,2981,SRDU1,COMPRA,55,71.9216,1.3358,2026-08-12 16:58:49,2026-08-12 16:58:50,2026-08-12 16:58:50
221660,3022,DQSN6,COMPRA,64,127.9715,10.2548,2026-08-12 13:53:36,2026-08-12 13:53:37,2026-08-12 13:53:37
221661,1261,KFSY2,COMPRA,90,108.9463,1.0521,2026-08-12 12:50:23,2026-08-12 12:50:26,2026-08-12 12:50:26
221662,2551,NUJZ2,COMPRA,455,34.7835,,2026-08-12 12:01:51,2026-08-12 12:01:53,2026-08-12 12:01:53
221663,2331,RDOA3,COMPRA,355,94.0532,10.6835,2026-08-12 12:35:31,2026-08-12 12:35:34,2026-08-12 12:35:34
221664,3086,RMRT1,COMPRA,354,110.0928,1.7973,2026-08-12 12:43:53,2026-08-12 12:43:55,2026-08-12 12:43:55
221665,1217,KQEO3,COMPRA,475,66.6915,,2026-08-12 15:56:19,2026-08-12 15:56:22,2026-08-12 15:56:22
221666,1367,PSEN6,COMPRA,215,215.9583,9.9974,2026-08-12 10:46:27,2026-08-12 10:46:29,2026-08-12 10:46:29
221667,2779,YIHC3,COMPRA,45,68.3809,3.2696,2026-08-12 11:47:24,2026-08-12 11:47:25,2026-08-12 11:47:25
221668,2209,YYLA4,COMPRA,80,234.2588,8.6309,2026-08-12 14:04:22,2026-08-12 14:04:22,2026-08-12 14:04:22
221669,2609,VLEB3,COMPRA,155,407.8018,8.0314,2026-08-12 15:28:45,2026-08-12 15:28:47,2026-08-12 15:28:47
221670,2789,UFMA7,COMPRA,150,184.8412,1.9206,2026-08-12 14:15:41,2026-08-12 14:15:44,2026-08-12 14:15:44
221671,1959,OVYL9,COMPRA,180,64.9121,1.6921,2026-08-12 16:52:27,2026-08-12 16:52:28,2026-08-12 16:52:28
221672,1319,QYBV3,COMPRA,107,82.8655,7.2095,2026-08-12 13:00:02,2026-08-12 13:00:05,2026-08-12 13:00:05
221673,3464,HCZM2,COMPRA,25,510.4986,1.4935,2026-08-12 12:06:02,2026-08-12 12:06:05,2026-08-12 12:06:05
221674,3383,ZYVN7,COMPRA,40,61.6025,6.6307,2026-08-12 10:04:09,2026-08-12 10:04:10,2026-08-12 10:04:10
221675,1258,TBWG2,COMPRA,235,63.2935,9.6582,2026-08-12 12:47:40,2026-08-12 12:47:42,2026-08-12 12:47:42
221676,2719,KHGP6,COMPRA,500,89.1682,,2026-08-12 16:25:04,2026-08-12 16:25:07,2026-08-12 16:25:07
221677,2290,NREP8,COMPRA,475,97.4448,2.1046,2026-08-12 15:40:10,2026-08-12 15:40:12,2026-08-12 15:40:12
221678,3394,NAOF3,COMPRA,395,74.5284,7.3101,2026-08-12 11:37:07,2026-08-12 11:37:10,2026-08-12 11:37:10
221679,3482,YCCK8,COMPRA,405,467.3411,1.4872,2026-08-12 17:25:36,2026-08-12 17:25:39,2026-08-12 17:25:39
221680,2452,QEUC2,COMPRA,75,204.2967,5.9428,2026-08-12 16:49:25,2026-08-12 16:49:28,2026-08-12 16:49:28
221681,3225,HCLJ8,COMPRA,300,122.6082,2.7950,2026-08-12 16:43:34,2026-08-12 16:43:37,2026-08-12 16:43:37
221682,1153,TXHR8,COMPRA,145,77.0548,11.2874,2026-08-12 13:45:09,2026-08-12 13:45:09,2026-08-12 13:45:09
221683,2868,ECQD7,COMPRA,370,69.9212,2.7104,2026-08-12 15:08:43,2026-08-12 15:08:43,2026-08-12 15:08:43
221684,3302,RDOA3,COMPRA,15,88.0434,3.4827,2026-08-12 11:30:32,2026-08-12 11:30:34,2026-08-12 11:30:34
221685,2213,LIEG8,COMPRA,310,118.0671,9.3854,2026-08-12 14:52:05,2026-08-12 14:52:05,2026-08-12 14:52:05
221686,3320,ICSU4,COMPRA,45,135.4866,4.5727,2026-08-12 13:21:56,2026-08-12 13:21:59,2026-08-12 13:21:59
221687,2851,HCLJ8,COMPRA,105,93.4098,3.2686,2026-08-12 14:20:37,2026-08-12 14:20:37,2026-08-12 14:20:37
221688,2595,QTDZ2,COMPRA,270,57.9012,12.5970,2026-08-12 16:43:50,2026-08-12 16:43:52,2026-08-12 16:43:52
221689,1210,JDJG6,COMPRA,35,69.5370,6.2644,2026-08-12 16:25:10,2026-08-12 16:25:10,2026-08-12 16:25:10
221690,2929,LQML9,COMPRA,380,129.1508,8.7540,2026-08-12 14:21:50,2026-08-12 14:21:50,2026-08-12 14:21:50
221691,1216,QHFL8,COMPRA,265,116.2997,11.1982,2026-08-12 17:12:01,2026-08-12 17:12:04,2026-08-12 17:12:04
221692,2930,HCLJ8,COMPRA,220,85.1923,6.5232,2026-08-12 16:42:02,2026-08-12 16:42:04,2026-08-12 16:42:04
221693,1684,AYFQ2,COMPRA,310,14.6029,12.1396,2026-08-12 17:21:00,2026-08-12 17:21:03,2026-08-12 17:21:03
221694,1991,WXFC8,COMPRA,269,97.7341,10.7788,2026-08-12 14:55:31,2026-08-12 14:55:33,2026-08-12 14:55:33
221695,2853,ECQD7,COMPRA,475,98.0884,8.8768,2026-08-12 13:41:27,2026-08-12 13:41:28,2026-08-12 13:41:28
221696,2549,PBZM6,COMPRA,435,45.4984,5.1661,2026-08-12 12:48:46,2026-08-12 12:48:49,2026-08-12 12:48:49
221697,3145,NREP8,COMPRA,340,143.9073,11.7625,2026-08-12 14:37:31,2026-08-12 14:37:32,2026-08-12 14:37:32
221698,1387,UQJU7,COMPRA,50,61.6432,6.0226,2026-08-12 14:33:31,2026-08-12 14:33:33,2026-08-12 14:33:33
221699,2302,RMRT1,COMPRA,95,114.8081,11.8090,2026-08-12 13:12:40,2026-08-12 13:12:40,2026-08-12 13:12:40
221700,2056,WXFC8,COMPRA,131,95.0682,5.4062,2026-08-12 13:35:39,2026-08-12 13:35:39,2026-08-12 13:35:39
221701,1968,NGIU9,COMPRA,65,128.5336,2.9172,2026-08-12 16:07:47,2026-08-12 16:07:50,2026-08-12 16:07:50
221702,2330,AAWB3,COMPRA,340,204.1931,1.3208,2026-08-12 12:15:38,2026-08-12 12:15:41,2026-08-12 12:15:41
221703,2361,PZUP8,COMPRA,445,150.2282,11.3862,2026-08-12 16:02:12,2026-08-12 16:02:15,2026-08-12 16:02:15
221704,2522,SGBG8,COMPRA,500,63.9727,5.4962,2026-08-12 12:12:39,2026-08-12 12:12:42,2026-08-12 12:12:42
221705,3265,OXVD8,COMPRA,465,89.3771,5.4444,2026-08-12 15:51:15,2026-08-12 15:51:15,2026-08-12 15:51:15
221706,3384,IWAK1,COMPRA,380,88.0785,9.8665,2026-08-12 14:56:25,2026-08-12 14:56:25,2026-08-12 14:56:25
221707,2788,UFIU3,COMPRA,300,67.2236,1.7432,2026-08-12 12:29:03,2026-08-12 12:29:06,2026-08-12 12:29:06
221708,2126,HJRH5,COMPRA,350,167.4439,4.9834,2026-08-12 12:53:46,2026-08-12 12:53:48,2026-08-12 12:53:48
221709,2720,NREP8,COMPRA,475,98.2361,0.0330,2026-08-12 11:58:34,2026-08-12 11:58:37,2026-08-12 11:58:37
221710,2931,BSDJ7,VENDA,130,238.9580,6.9877,2026-08-12 11:28:50,2026-08-12 11:28:50,2026-08-12 11:28:50
221711,1538,KHGP6,COMPRA,205,84.4824,6.8647,2026-08-12 17:24:17,2026-08-12 17:24:18,2026-08-12 17:24:18
221712,1506,MCMT2,COMPRA,210,94.5752,2.7818,2026-08-12 15:27:17,2026-08-12 15:27:18,2026-08-12 15:27:18
221713,1355,QATW7,COMPRA,135,50.5788,6.4567,2026-08-12 16:51:21,2026-08-12 16:51:21,2026-08-12 16:51:21
221714,1493,OEQA8,COMPRA,320,485.7265,3.7364,2026-08-12 14:14:29,2026-08-12 14:14:29,2026-08-12 14:14:29
221715,2417,CQIL9,COMPRA,405,41.1403,8.5424,2026-08-12 15:31:01,2026-08-12 15:31:01,2026-08-12 15:31:01
221716,3434,XLZM9,COMPRA,111,49.6928,0.5644,2026-08-12 13:40:20,2026-08-12 13:40:20,2026-08-12 13:40:20
221717,2565,SUZL4,COMPRA,315,107.7508,0.9421,2026-08-12 15:22:24,2026-08-12 15:22:27,2026-08-12 15:22:27
221718,2080,GAKD5,COMPRA,234,255.6277,6.3135,2026-08-12 10:15:48,2026-08-12 10:15:51,2026-08-12 10:15:51
221719,2867,KHGP6,COMPRA,248,76.6047,5.7456,2026-08-12 15:00:58,2026-08-12 15:00:59,2026-08-12 15:00:59
221720,3222,RDOA3,COMPRA,374,88.2327,2.4008,2026-08-12 16:57:40,2026-08-12 16:57:42,2026-08-12 16:57:42
221721,3072,XLZM9,COMPRA,205,42.4614,4.9146,2026-08-12 13:31:14,2026-08-12 13:31:15,2026-08-12 13:31:15
221722,2240,QQQS1,COMPRA,450,24.2061,5.9323,2026-08-12 16:11:35,2026-08-12 16:11:36,2026-08-12 16:11:36
221723,3397,FYZB6,COMPRA,120,55.4866,2.1994,2026-08-12 14:22:40,2026-08-12 14:22:42,2026-08-12 14:22:42
221724,2055,UQIQ7,COMPRA,45,92.2883,4.0750,2026-08-12 17:20:00,2026-08-12 17:20:02,2026-08-12 17:20:02
221725,2125,SGBG8,COMPRA,276,84.5807,3.6263,2026-08-12 13:25:39,2026-08-12 13:25:41,2026-08-12 13:25:41
221726,2044,XOVY4,COMPRA,360,100.4298,3.6433,2026-08-12 10:49:53,2026-08-12 10:49:56,2026-08-12 10:49:56
221727,1114,GKQC5,VENDA,200,101.4654,5.2996,2026-08-12 11:37:32,2026-08-12 11:37:32,2026-08-12 11:37:32
221728,3411,LQML9,COMPRA,400,175.5694,10.8144,2026-08-12 16:47:40,2026-08-12 16:47:41,2026-08-12 16:47:41
221729,2346,PSEN6,COMPRA,389,149.7455,10.5067,2026-08-12 10:07:02,2026-08-12 10:07:04,2026-08-12 10:07:04
221730,3070,AYFQ2,COMPRA,450,9.3913,12.3988,2026-08-12 13:21:40,2026-08-12 13:21:40,2026-08-12 13:21:40
221731,2125,UYFJ9,COMPRA,90,76.6160,5.3190,2026-08-12 13:43:31,2026-08-12 13:43:34,2026-08-12 13:43:34
221732,1132,TXHR8,COMPRA,440,101.3240,3.3475,2026-08-12 10:45:17,2026-08-12 10:45:19,2026-08-12 10:45:19
221733,2309,NGIU9,COMPRA,130,120.4632,8.3354,2026-08-12 11:40:51,2026-08-12 11:40:52,2026-08-12 11:40:52
221734,1233,KHGP6,COMPRA,290,103.1352,11.3682,2026-08-12 15:17:04,2026-08-12 15:17:04,2026-08-12 15:17:04
221735,2974,JDJG6,COMPRA,170,68.7195,10.3342,2026-08-12 15:54:25,2026-08-12 15:54:25,2026-08-12 15:54:25
221736,1802,NGIU9,COMPRA,375,128.3315,7.4638,2026-08-12 16:06:10,2026-08-12 16:06:11,2026-08-12 16:06:11
221737,1564,QATW7,COMPRA,400,50.7396,5.4599,2026-08-12 10:37:32,2026-08-12 10:37:33,2026-08-12 10:37:33
221738,1751,OXVD8,COMPRA,410,91.8422,10.5212,2026-08-12 12:52:43,2026-08-12 12:52:45,2026-08-12 12:52:45
221739,1065,NAOF3,COMPRA,367,59.0065,6.3512,2026-08-12 10:15:03,2026-08-12 10:15:05,2026-08-12 10:15:05
221740,3050,HJRH5,COMPRA,383,192.9386,12.2523,2026-08-12 10:46:35,2026-08-12 10:46:35,2026-08-12 10:46:35
221741,2828,DEGN5,COMPRA,465,89.5860,1.6151,2026-08-12 13:41:20,2026-08-12 13:41:22,2026-08-12 13:41:22
221742,2307,ERTC4,COMPRA,220,59.5421,0.4437,2026-08-12 12:12:53,2026-08-12 12:12:54,2026-08-12 12:12:54
221743,2619,AAUA7,COMPRA,160,169.1723,2.5557,2026-08-12 16:39:34,2026-08-12 16:39:35,2026-08-12 16:39:35
221744,1268,OXVD8,COMPRA,311,73.6402,3.8226,2026-08-12 17:29:08,2026-08-12 17:29:09,2026-08-12 17:29:09
221745,1266,PBZM6,COMPRA,205,50.7430,0.6040,2026-08-12 16:47:56,2026-08-12 16:47:56,2026-08-12 16:47:56
221746,2870,LIEG8,COMPRA,370,78.9741,0.9887,2026-08-12 14:50:25,2026-08-12 14:50:27,2026-08-12 14:50:27
221747,3504,JIPA6,COMPRA,362,30.4223,9.3389,2026-08-12 17:25:05,2026-08-12 17:25:07,2026-08-12 17:25:07
221748,2817,RSBT4,COMPRA,429,351.9602,10.7013,2026-08-12 11:46:50,2026-08-12 11:46:50,2026-08-12 11:46:50
221749,2354,UYFJ9,COMPRA,190,90.4531,5.2963,2026-08-12 12:34:04,2026-08-12 12:34:06,2026-08-12 12:34:06
221750,1481,WMQZ6,COMPRA,20,60.0000,5.4207,2026-08-12 11:06:03,2026-08-12 11:06:04,2026-08-12 11:06:04
221751,2293,YIHC3,COMPRA,380,64.0437,5.8475,2026-08-12 14:20:24,2026-08-12 14:20:27,2026-08-12 14:20:27
221752,3328,CQIL9,COMPRA,110,28.7148,2.2729,2026-08-12 13:07:31,2026-08-12 13:07:33,2026-08-12 13:07:33
221753,2840,RFNS7,COMPRA,470,107.3604,3.3964,2026-08-12 15:01:14,2026-08-12 15:01:15,2026-08-12 15:01:15
221754,2865,RMRT1,COMPRA,61,117.7047,3.8627,2026-08-12 14:12:49,2026-08-12 14:12:49,2026-08-12 14:12:49
221755,3166,NYGT6,COMPRA,130,115.4079,2.0214,2026-08-12 10:46:21,2026-08-12 10:46:22,2026-08-12 10:46:22
221756,3335,ZAAS7,COMPRA,117,519.4059,7.7031,2026-08-12 12:47:40,2026-08-12 12:47:42,2026-08-12 12:47:42
221757,3207,BGNM6,COMPRA,485,88.3085,9.5993,2026-08-12 10:59:22,2026-08-12 10:59:25,2026-08-12 10:59:25
221758,3203,RMRT1,COMPRA,230,119.0258,7.2582,2026-08-12 12:01:25,2026-08-12 12:01:28,2026-08-12 12:01:28
221759,1728,UCHR6,COMPRA,200,409.5222,3.4932,2026-08-12 16:45:29,2026-08-12 16:45:31,2026-08-12 16:45:31
221760,2830,ENRZ2,COMPRA,400,85.7823,8.8002,2026-08-12 14:23:04,2026-08-12 14:23:06,2026-08-12 14:23:06
221761,1182,AAUA7,COMPRA,220,148.0723,9.1946,2026-08-12 12:40:38,2026-08-12 12:40:41,2026-08-12 12:40:41
221762,1185,QATW7,COMPRA,25,52.1802,4.4669,2026-08-12 13:24:25,2026-08-12 13:24:27,2026-08-12 13:24:27
221763,3269,FRGH8,COMPRA,245,94.0826,8.7967,2026-08-12 12:56:39,2026-08-12 12:56:40,2026-08-12 12:56:40
221764,1441,DMTZ8,COMPRA,30,192.3923,2.0253,2026-08-12 13:15:13,2026-08-12 13:15:13,2026-08-12 13:15:13
221765,1537,QTDZ2,COMPRA,385,45.2222,6.0549,2026-08-12 14:59:48,2026-08-12 14:59:50,2026-08-12 14:59:50
221766,2967,RYPL6,COMPRA,335,69.4670,11.0969,2026-08-12 13:38:32,2026-08-12 13:38:35,2026-08-12 13:38:35
221767,1439,UQIQ7,COMPRA,380,96.5565,5.1636,2026-08-12 15:08:34,2026-08-12 15:08:34,2026-08-12 15:08:34
221768,2993,TBWG2,VENDA,295,74.6636,3.8144,2026-08-12 12:23:11,2026-08-12 12:23:11,2026-08-12 12:23:11
221769,3223,VLEB3,COMPRA,65,434.6989,2.6266,2026-08-12 14:11:02,2026-08-12 14:11:05,2026-08-12 14:11:05
221770,1484,ZAAS7,COMPRA,500,329.9221,10.2005,2026-08-12 15:21:43,2026-08-12 15:21:45,2026-08-12 15:21:45
221771,1540,TBWG2,COMPRA,380,65.0030,7.6720,2026-08-12 13:51:20,2026-08-12 13:51:22,2026-08-12 13:51:22
221772,1929,PSEN6,COMPRA,470,178.4107,5.1539,2026-08-12 12:16:33,2026-08-12 12:16:33,2026-08-12 12:16:33
221773,2998,AYFQ2,COMPRA,73,11.7879,3.0195,2026-08-12 10:35:21,2026-08-12 10:35:21,2026-08-12 10:35:21
221774,2349,ZAAS7,VENDA,64,495.4660,6.7306,2026-08-12 12:14:28,2026-08-12 12:14:29,2026-08-12 12:14:29
221775,1952,BSDJ7,COMPRA,305,198.8669,0.8458,2026-08-12 12:15:05,2026-08-12 12:15:05,2026-08-12 12:15:05
221776,2147,ZAAS7,COMPRA,240,361.2587,0.8588,2026-08-12 14:51:15,2026-08-12 14:51:16,2026-08-12 14:51:16
221777,2683,GFDF2,COMPRA,95,90.6143,7.2842,2026-08-12 15:31:56,2026-08-12 15:31:59,2026-08-12 15:31:59
221778,2311,GAKD5,COMPRA,25,315.1887,8.3015,2026-08-12 12:40:26,2026-08-12 12:40:26,2026-08-12 12:40:26
221779,1710,NQYT3,COMPRA,360,53.8899,6.9731,2026-08-12 14:13:16,2026-08-12 14:13:17,2026-08-12 14:13:17
221780,2310,BOCS8,COMPRA,150,76.6828,1.7568,2026-08-12 14:42:40,2026-08-12 14:42:43,2026-08-12 14:42:43
221781,1802,OXVD8,COMPRA,150,60.7752,3.0853,2026-08-12 16:56:33,2026-08-12 16:56:35,2026-08-12 16:56:35
221782,1207,AAWB3,VENDA,30,210.9295,6.4149,2026-08-12 13:34:22,2026-08-12 13:34:25,2026-08-12 13:34:25
221783,2654,QYBV3,COMPRA,215,84.8154,6.7862,2026-08-12 15:56:16,2026-08-12 15:56:16,2026-08-12 15:56:16
221784,1450,GKQC5,COMPRA,260,107.9614,5.6942,2026-08-12 15:38:15,2026-08-12 15:38:15,2026-08-12 15:38:15
221785,1003,QEUC2,COMPRA,405,175.4651,10.1608,2026-08-12 13:04:02,2026-08-12 13:04:05,2026-08-12 13:04:05
221786,1303,YBZA3,COMPRA,70,20.0097,8.6735,2026-08-12 11:31:29,2026-08-12 11:31:29,2026-08-12 11:31:29
221787,1684,TTHO3,COMPRA,35,37.9441,2.7516,2026-08-12 10:52:29,2026-08-12 10:52:31,2026-08-12 10:52:31
221788,2119,AAUA7,COMPRA,325,137.5458,9.6337,2026-08-12 13:39:01,2026-08-12 13:39:03,2026-08-12 13:39:03
221789,2557,DFGR7,VENDA,325,82.6474,6.9512,2026-08-12 16:28:29,2026-08-12 16:28:30,2026-08-12 16:28:30
221790,2946,XOVY4,COMPRA,485,95.9280,12.3917,2026-08-12 12:37:47,2026-08-12 12:37:50,2026-08-12 12:37:50
221791,2805,MCMT2,COMPRA,70,94.2422,0.3365,2026-08-12 16:37:23,2026-08-12 16:37:25,2026-08-12 16:37:25
221792,2587,NWGB4,COMPRA,340,153.5460,4.8445,2026-08-12 16:32:01,2026-08-12 16:32:02,2026-08-12 16:32:02
221793,1359,LGKU6,COMPRA,350,62.8093,10.5680,2026-08-12 10:07:52,2026-08-12 10:07:52,2026-08-12 10:07:52
221794,3121,MOLF3,COMPRA,260,50.6008,10.0861,2026-08-12 16:12:56,2026-08-12 16:12:58,2026-08-12 16:12:58
221795,2610,ZAAS7,COMPRA,387,356.4746,6.9908,2026-08-12 12:23:32,2026-08-12 12:23:35,2026-08-12 12:23:35
221796,2400,NAOF3,COMPRA,180,64.5943,3.7490,2026-08-12 16:46:18,2026-08-12 16:46:20,2026-08-12 16:46:20
221797,2444,YOWA1,COMPRA,326,63.4632,7.6884,2026-08-12 13:43:26,2026-08-12 13:43:27,2026-08-12 13:43:27
221798,2268,BSDJ7,COMPRA,260,261.5290,12.3088,2026-08-12 13:44:03,2026-08-12 13:44:06,2026-08-12 13:44:06
221799,3110,PSEN6,COMPRA,190,159.9908,10.6100,2026-08-12 10:23:24,2026-08-12 10:23:26,2026-08-12 10:23:26
221800,2629,OVYL9,COMPRA,279,60.0000,1.8478,2026-08-12 10:41:37,2026-08-12 10:41:37,2026-08-12 10:41:37
221801,2067,NREP8,COMPRA,225,122.3809,5.6091,2026-08-12 16:10:33,2026-08-12 16:10:36,2026-08-12 16:10:36
221802,1190,OVYL9,COMPRA,495,73.7468,12.8538,2026-08-12 14:43:06,2026-08-12 14:43:07,2026-08-12 14:43:07
221803,1571,NUJZ2,COMPRA,420,26.6461,7.7166,2026-08-12 16:39:53,2026-08-12 16:39:56,2026-08-12 16:39:56
221804,2062,GKQC5,COMPRA,340,113.1867,12.6409,2026-08-12 14:12:59,2026-08-12 14:13:01,2026-08-12 14:13:01
221805,1835,OVYL9,COMPRA,500,87.4280,10.1844,2026-08-12 15:26:41,2026-08-12 15:26:43,2026-08-12 15:26:43
221806,1999,DMTZ8,COMPRA,390,209.6077,0.9026,2026-08-12 15:36:34,2026-08-12 15:36:37,2026-08-12 15:36:37
221807,3497,KHGP6,COMPRA,250,111.6724,12.7528,2026-08-12 12:16:36,2026-08-12 12:16:37,2026-08-12 12:16:37
221808,3438,JIPA6,COMPRA,470,34.0916,2.6072,2026-08-12 11:23:35,2026-08-12 11:23:35,2026-08-12 11:23:35
221809,3149,DHRM5,COMPRA,295,247.0828,4.2405,2026-08-12 12:40:19,2026-08-12 12:40:20,2026-08-12 12:40:20
221810,3299,FRGH8,COMPRA,285,74.6596,5.3055,2026-08-12 12:40:39,2026-08-12 12:40:40,2026-08-12 12:40:40
221811,2681,MCMT2,COMPRA,306,74.0978,0.0568,2026-08-12 10:21:44,2026-08-12 10:21:45,2026-08-12 10:21:45
221812,2821,DHRM5,COMPRA,135,376.2312,2.2334,2026-08-12 14:18:28,2026-08-12 14:18:28,2026-08-12 14:18:28
221813,1890,TTHO3,COMPRA,100,28.3244,0.1564,2026-08-12 10:20:01,2026-08-12 10:20:01,2026-08-12 10:20:01
221814,1717,UQJU7,COMPRA,240,60.0000,2.5823,2026-08-12 14:51:54,2026-08-12 14:51:54,2026-08-12 14:51:54
221815,2894,DGBT6,COMPRA,455,86.3240,10.1596,2026-08-12 12:06:17,2026-08-12 12:06:17,2026-08-12 12:06:17
221816,2750,HCLJ8,COMPRA,160,89.1155,1.4722,2026-08-12 12:17:18,2026-08-12 12:17:20,2026-08-12 12:17:20
221817,1445,JIPA6,COMPRA,265,30.6862,2.0876,2026-08-12 10:16:45,2026-08-12 10:16:47,2026-08-12 10:16:47
221818,2296,OVUQ2,COMPRA,200,40.4703,11.9560,2026-08-12 10:18:39,2026-08-12 10:18:39,2026-08-12 10:18:39
221819,1817,LIEG8,COMPRA,322,99.4261,12.5008,2026-08-12 17:19:29,2026-08-12 17:19:29,2026-08-12 17:19:29
221820,1744,SVOZ4,COMPRA,487,46.6236,5.3888,2026-08-12 12:51:18,2026-08-12 12:51:20,2026-08-12 12:51:20
221821,3248,BOCS8,COMPRA,155,53.7420,3.2929,2026-08-12 14:32:28,2026-08-12 14:32:31,2026-08-12 14:32:31
221822,1296,DQSN6,COMPRA,65,151.8241,12.8789,2026-08-12 15:30:55,2026-08-12 15:30:57,2026-08-12 15:30:57
221823,2628,OVUQ2,COMPRA,145,61.2170,3.2573,2026-08-12 13:20:33,2026-08-12 13:20:35,2026-08-12 13:20:35
221824,1907,DSFC9,COMPRA,155,369.5548,8.5284,2026-08-12 13:42:22,2026-08-12 13:42:23,2026-08-12 13:42:23
221825,2840,UQIQ7,COMPRA,105,83.8335,5.3922,2026-08-12 11:08:01,2026-08-12 11:08:03,2026-08-12 11:08:03
221826,3447,ZYVN7,VENDA,262,64.2418,3.3226,2026-08-12 14:04:00,2026-08-12 14:04:00,2026-08-12 14:04:00
221827,3512,DMTZ8,COMPRA,35,161.7662,9.9086,2026-08-12 14:56:00,2026-08-12 14:56:00,2026-08-12 14:56:00
221828,2071,UQJU7,COMPRA,268,76.2644,4.0546,2026-08-12 16:02:59,2026-08-12 16:03:02,2026-08-12 16:03:02
221829,3346,DQSN6,COMPRA,65,108.6795,8.9248,2026-08-12 14:23:16,2026-08-12 14:23:18,2026-08-12 14:23:18
221830,3082,WXQM6,COMPRA,150,56.2934,1.7916,2026-08-12 10:30:21,2026-08-12 10:30:22,2026-08-12 10:30:22
221831,3307,DHRM5,COMPRA,405,368.1852,7.4608,2026-08-12 15:06:47,2026-08-12 15:06:48,2026-08-12 15:06:48
221832,2209,PBZM6,COMPRA,35,53.4343,1.4350,2026-08-12 16:19:36,2026-08-12 16:19:37,2026-08-12 16:19:37
221833,2167,WXQM6,COMPRA,165,38.4378,,2026-08-12 15:40:30,2026-08-12 15:40:32,2026-08-12 15:40:32
221834,3195,YIHC3,COMPRA,5,57.7813,12.3282,2026-08-12 11:26:19,2026-08-12 11:26:22,2026-08-12 11:26:22
221835,1701,QHFL8,COMPRA,70,134.1817,2.9947,2026-08-12 13:23:46,2026-08-12 13:23:49,2026-08-12 13:23:49
221836,2127,TBWG2,COMPRA,361,60.5159,3.8175,2026-08-12 12:02:00,2026-08-12 12:02:02,2026-08-12 12:02:02
221837,1449,XAVL3,COMPRA,265,230.5705,11.6386,2026-08-12 14:46:28,2026-08-12 14:46:29,2026-08-12 14:46:29
221838,1191,NYGT6,COMPRA,35,88.3289,11.6307,2026-08-12 14:51:05,2026-08-12 14:51:07,2026-08-12 14:51:07
221839,2795,UQIQ7,COMPRA,500,69.5739,12.5272,2026-08-12 15:26:22,2026-08-12 15:26:23,2026-08-12 15:26:23
221840,1248,VLEB3,COMPRA,130,451.7276,5.1358,2026-08-12 10:47:33,2026-08-12 10:47:34,2026-08-12 10:47:34
221841,2977,TNHT4,COMPRA,105,120.0857,2.7187,2026-08-12 15:40:27,2026-08-12 15:40:28,2026-08-12 15:40:28
221842,3314,GAKD5,COMPRA,140,218.9992,8.8847,2026-08-12 17:02:13,2026-08-12 17:02:16,2026-08-12 17:02:16
221843,2430,RHXV4,COMPRA,450,53.8499,,2026-08-12 14:43:59,2026-08-12 14:44:01,2026-08-12 14:44:01
221844,1409,DFGR7,COMPRA,160,83.6537,10.0626,2026-08-12 17:19:47,2026-08-12 17:19:47,2026-08-12 17:19:47
221845,2720,OVUQ2,COMPRA,260,46.0807,5.5452,2026-08-12 12:27:02,2026-08-12 12:27:02,2026-08-12 12:27:02
221846,1265,LIEG8,COMPRA,362,122.1896,8.3612,2026-08-12 15:16:17,2026-08-12 15:16:18,2026-08-12 15:16:18
221847,2598,DQSN6,VENDA,75,115.8018,3.1739,2026-08-12 10:26:07,2026-08-12 10:26:08,2026-08-12 10:26:08
221848,1930,PZUP8,COMPRA,5,191.7401,3.5436,2026-08-12 12:52:32,2026-08-12 12:52:34,2026-08-12 12:52:34
221849,2739,GULD2,COMPRA,495,127.9833,2.6858,2026-08-12 13:13:11,2026-08-12 13:13:14,2026-08-12 13:13:14
221850,1775,QATW7,COMPRA,210,40.6077,7.0158,2026-08-12 15:53:46,2026-08-12 15:53:47,2026-08-12 15:53:47
221851,1716,YYLA4,VENDA,230,149.7941,2.4511,2026-08-12 16:02:36,2026-08-12 16:02:36,2026-08-12 16:02:36
221852,3010,UVEY5,COMPRA,271,101.7826,11.9131,2026-08-12 14:36:27,2026-08-12 14:36:27,2026-08-12 14:36:27
221853,2992,DGBT6,COMPRA,228,86.8568,7.5486,2026-08-12 17:13:33,2026-08-12 17:13:33,2026-08-12 17:13:33
221854,1558,HCZM2,COMPRA,75,484.8573,10.7211,2026-08-12 10:54:21,2026-08-12 10:54:23,2026-08-12 10:54:23
221855,1714,WXFC8,COMPRA,321,106.5502,10.6800,2026-08-12 15:23:57,2026-08-12 15:23:57,2026-08-12 15:23:57
221856,3297,IWAK1,COMPRA,225,101.3173,8.5910,2026-08-12 17:24:35,2026-08-12 17:24:36,2026-08-12 17:24:36
221857,1426,TBWG2,COMPRA,85,62.2065,1.2738,2026-08-12 13:11:52,2026-08-12 13:11:53,2026-08-12 13:11:53
221858,1779,TNHT4,COMPRA,95,139.1911,2.9060,2026-08-12 15:37:29,2026-08-12 15:37:32,2026-08-12 15:37:32
221859,1541,QEUC2,COMPRA,50,185.7934,8.7960,2026-08-12 11:31:16,2026-08-12 11:31:17,2026-08-12 11:31:17
221860,1980,RDOA3,COMPRA,35,108.5909,3.2756,2026-08-12 17:08:27,2026-08-12 17:08:27,2026-08-12 17:08:27
221861,1325,JDJG6,COMPRA,385,83.7990,7.1548,2026-08-12 13:29:31,2026-08-12 13:29:31,2026-08-12 13:29:31
221862,1414,DSFC9,COMPRA,435,416.8102,3.1685,2026-08-12 12:03:28,2026-08-12 12:03:30,2026-08-12 12:03:30
221863,1986,NPEM3,COMPRA,2,118.4999,8.2100,2026-08-12 15:36:16,2026-08-12 15:36:18,2026-08-12 15:36:18
221864,2443,MCMT2,COMPRA,243,108.9519,10.0663,2026-08-12 10:32:46,2026-08-12 10:32:48,2026-08-12 10:32:48
221865,3412,OEQA8,VENDA,120,549.6236,12.3370,2026-08-12 16:03:15,2026-08-12 16:03:16,2026-08-12 16:03:16
221866,2282,YRWH3,COMPRA,140,209.9320,7.7192,2026-08-12 16:49:15,2026-08-12 16:49:15,2026-08-12 16:49:15
221867,2283,ICSU4,COMPRA,175,136.2650,3.7459,2026-08-12 14:36:50,2026-08-12 14:36:50,2026-08-12 14:36:50
221868,2415,UQJU7,COMPRA,180,63.5495,9.1557,2026-08-12 10:49:32,2026-08-12 10:49:32,2026-08-12 10:49:32
221869,1645,NAOF3,COMPRA,390,49.8258,1.2336,2026-08-12 11:28:14,2026-08-12 11:28:17,2026-08-12 11:28:17
221870,1432,WXFC8,COMPRA,161,89.9082,8.0874,2026-08-12 15:17:48,2026-08-12 15:17:48,2026-08-12 15:17:48
221871,3198,UQIQ7,COMPRA,50,97.7400,11.0723,2026-08-12 13:05:35,2026-08-12 13:05:36,2026-08-12 13:05:36
221872,2288,BGNM6,VENDA,297,78.2031,2.1850,2026-08-12 16:27:44,2026-08-12 16:27:47,2026-08-12 16:27:47
221873,1226,QEUC2,COMPRA,180,137.2916,11.0594,2026-08-12 14:11:34,2026-08-12 14:11:37,2026-08-12 14:11:37
221874,2284,HCZM2,COMPRA,135,505.4485,12.4248,2026-08-12 11:37:44,2026-08-12 11:37:47,2026-08-12 11:37:47
221875,2218,MCHX2,COMPRA,240,133.4400,8.5383,2026-08-12 10:29:23,2026-08-12 10:29:23,2026-08-12 10:29:23
221876,2418,IPXK2,COMPRA,340,356.9002,12.1991,2026-08-12 14:36:49,2026-08-12 14:36:49,2026-08-12 14:36:49
221877,2376,GULD2,COMPRA,420,117.1897,,2026-08-12 17:26:49,2026-08-12 17:26:51,2026-08-12 17:26:51
221878,3354,KQEO3,COMPRA,110,71.9166,12.2919,2026-08-12 16:30:11,2026-08-12 16:30:13,2026-08-12 16:30:13
221879,2432,NHYK8,COMPRA,262,58.2275,11.1299,2026-08-12 16:08:51,2026-08-12 16:08:52,2026-08-12 16:08:52
221880,3084,TXHR8,COMPRA,205,65.6056,1.3548,2026-08-12 13:27:49,2026-08-12 13:27:51,2026-08-12 13:27:51
221881,1976,NAOF3,COMPRA,440,69.4857,11.7502,2026-08-12 17:12:13,2026-08-12 17:12:16,2026-08-12 17:12:16
221882,1362,QHFL8,COMPRA,10,177.5052,1.7001,2026-08-12 14:47:37,2026-08-12 14:47:39,2026-08-12 14:47:39
221883,3404,UVEY5,COMPRA,159,88.9625,9.6858,2026-08-12 12:55:14,2026-08-12 12:55:15,2026-08-12 12:55:15
221884,3455,AAWB3,COMPRA,30,194.9215,1.1683,2026-08-12 17:01:59,2026-08-12 17:02:00,2026-08-12 17:02:00
221885,2396,MJDL9,COMPRA,290,31.4118,9.6618,2026-08-12 10:58:54,2026-08-12 10:58:57,2026-08-12 10:58:57
221886,2596,JIPR4,COMPRA,315,30.4598,6.5831,2026-08-12 14:55:34,2026-08-12 14:55:34,2026-08-12 14:55:34
221887,1496,SRDU1,COMPRA,365,102.6068,9.8746,2026-08-12 17:30:42,2026-08-12 17:30:42,2026-08-12 17:30:42
221888,1839,FIUW1,COMPRA,235,102.0555,12.7421,2026-08-12 11:47:20,2026-08-12 11:47:21,2026-08-12 11:47:21
221889,3082,ICSU4,COMPRA,80,149.7756,1.6721,2026-08-12 12:46:17,2026-08-12 12:46:17,2026-08-12 12:46:17
221890,1037,YCCK8,COMPRA,130,315.5306,3.4263,2026-08-12 10:15:49,2026-08-12 10:15:51,2026-08-12 10:15:51
221891,1731,RHXV4,COMPRA,442,50.4289,10.9618,2026-08-12 12:08:54,2026-08-12 12:08:54,2026-08-12 12:08:54
221892,3390,KHGP6,COMPRA,65,80.2976,,2026-08-12 13:28:06,2026-08-12 13:28:08,2026-08-12 13:28:08
221893,1224,TVCE9,COMPRA,250,52.6797,12.1404,2026-08-12 14:49:28,2026-08-12 14:49:31,2026-08-12 14:49:31
221894,1107,BXFJ9,COMPRA,260,127.6430,6.6326,2026-08-12 16:57:53,2026-08-12 16:57:54,2026-08-12 16:57:54
221895,3071,MCMT2,VENDA,421,99.2481,1.6363,2026-08-12 10:02:14,2026-08-12 10:02:16,2026-08-12 10:02:16
221896,2714,YCCK8,COMPRA,285,400.9866,6.1151,2026-08-12 10:05:01,2026-08-12 10:05:02,2026-08-12 10:05:02
221897,3323,ZFBT3,COMPRA,165,78.2772,0.0558,2026-08-12 15:44:41,2026-08-12 15:44:44,2026-08-12 15:44:44
221898,1614,UVEY5,COMPRA,310,80.9965,6.2209,2026-08-12 16:35:11,2026-08-12 16:35:11,2026-08-12 16:35:11
221899,3291,ZHTL2,COMPRA,144,47.5889,5.3026,2026-08-12 17:22:48,2026-08-12 17:22:49,2026-08-12 17:22:49
221900,2177,QYBV3,COMPRA,265,86.1741,7.3791,2026-08-12 10:22:28,2026-08-12 10:22:30,2026-08-12 10:22:30
221901,1098,UQJU7,COMPRA,220,60.0000,2.1169,2026-08-12 14:03:06,2026-08-12 14:03:07,2026-08-12 14:03:07
221902,2402,ENRZ2,COMPRA,471,103.0300,10.9615,2026-08-12 14:00:21,2026-08-12 14:00:21,2026-08-12 14:00:21
221903,3026,FRGH8,COMPRA,280,84.1461,10.8427,2026-08-12 17:21:40,2026-08-12 17:21:43,2026-08-12 17:21:43
221904,2703,UFIU3,COMPRA,15,78.4646,11.7778,2026-08-12 10:27:16,2026-08-12 10:27:18,2026-08-12 10:27:18
221905,2114,GKQC5,COMPRA,40,141.8374,4.9380,2026-08-12 14:52:26,2026-08-12 14:52:26,2026-08-12 14:52:26
221906,2977,IJJK3,COMPRA,215,108.1072,0.7001,2026-08-12 12:19:23,2026-08-12 12:19:25,2026-08-12 12:19:25
221907,2693,DMTZ8,COMPRA,395,137.1171,11.4817,2026-08-12 10:31:29,2026-08-12 10:31:32,2026-08-12 10:31:32
221908,1581,SUZL4,COMPRA,5,153.7269,4.5710,2026-08-12 10:38:28,2026-08-12 10:38:29,2026-08-12 10:38:29
221909,3413,AAWB3,COMPRA,360,131.3196,5.2837,2026-08-12 10:28:25,2026-08-12 10:28:26,2026-08-12 10:28:26
221910,1124,OVYL9,COMPRA,485,65.3795,10.0215,2026-08-12 13:24:18,2026-08-12 13:24:19,2026-08-12 13:24:19
221911,1038,UQJU7,COMPRA,205,75.5130,8.5028,2026-08-12 10:21:22,2026-08-12 10:21:25,2026-08-12 10:21:25
221912,2679,UFIU3,COMPRA,158,92.2031,3.9671,2026-08-12 10:34:44,2026-08-12 10:34:45,2026-08-12 10:34:45
221913,1372,DMTZ8,COMPRA,25,189.6292,2.9770,2026-08-12 11:49:35,2026-08-12 11:49:36,2026-08-12 11:49:36
221914,1309,IPXK2,COMPRA,70,289.2995,6.9736,2026-08-12 11:16:18,2026-08-12 11:16:20,2026-08-12 11:16:20
221915,1474,UFIU3,COMPRA,375,77.8608,12.5934,2026-08-12 13:42:02,2026-08-12 13:42:04,2026-08-12 13:42:04
221916,1035,YIHC3,COMPRA,350,67.9709,5.0139,2026-08-12 10:01:34,2026-08-12 10:01:35,2026-08-12 10:01:35
221917,3249,IWFI1,COMPRA,130,154.3834,9.3534,2026-08-12 12:06:06,2026-08-12 12:06:09,2026-08-12 12:06:09
221918,1377,FYZB6,COMPRA,413,72.1168,0.1699,2026-08-12 12:37:27,2026-08-12 12:37:28,2026-08-12 12:37:28
221919,3427,MJDL9,COMPRA,235,42.5279,11.1664,2026-08-12 10:16:54,2026-08-12 10:16:55,2026-08-12 10:16:55
221920,1925,MGRR2,COMPRA,305,110.4886,4.2550,2026-08-12 10:32:43,2026-08-12 10:32:43,2026-08-12 10:32:43
221921,1201,TBWG2,COMPRA,320,94.0026,5.6004,2026-08-12 10:25:20,2026-08-12 10:25:23,2026-08-12 10:25:23
221922,2365,LCCH9,COMPRA,15,8.2005,10.8504,2026-08-12 15:22:53,2026-08-12 15:22:55,2026-08-12 15:22:55
221923,1298,PBZM6,COMPRA,205,65.9838,5.4603,2026-08-12 13:38:41,2026-08-12 13:38:42,2026-08-12 13:38:42
221924,3319,ICSU4,COMPRA,420,161.6370,12.2039,2026-08-12 17:05:15,2026-08-12 17:05:15,2026-08-12 17:05:15
221925,1332,PBZM6,COMPRA,380,59.5426,4.3896,2026-08-12 11:19:02,2026-08-12 11:19:03,2026-08-12 11:19:03
221926,2425,MCMT2,COMPRA,480,101.1547,11.2792,2026-08-12 12:07:12,2026-08-12 12:07:14,2026-08-12 12:07:14
221927,1828,DMTZ8,COMPRA,325,198.0765,12.7068,2026-08-12 14:07:40,2026-08-12 14:07:42,2026-08-12 14:07:42
221928,1467,MOLF3,COMPRA,265,57.8247,4.4171,2026-08-12 11:51:23,2026-08-12 11:51:26,2026-08-12 11:51:26
221929,2861,JIPA6,COMPRA,220,46.5699,5.9198,2026-08-12 13:49:57,2026-08-12 13:49:59,2026-08-12 13:49:59
221930,1528,MOLF3,COMPRA,305,58.4946,6.9731,2026-08-12 10:26:22,2026-08-12 10:26:24,2026-08-12 10:26:24
221931,2459,DFGR7,COMPRA,50,85.5228,2.5346,2026-08-12 15:08:07,2026-08-12 15:08:07,2026-08-12 15:08:07
221932,1857,NAOF3,COMPRA,240,63.0334,10.5520,2026-08-12 11:23:05,2026-08-12 11:23:08,2026-08-12 11:23:08
221933,2623,DEGN5,COMPRA,90,98.9272,11.3804,2026-08-12 12:07:51,2026-08-12 12:07:52,2026-08-12 12:07:52
221934,2158,UCHR6,COMPRA,120,316.9356,11.4362,2026-08-12 10:09:41,2026-08-12 10:09:41,2026-08-12 10:09:41
221935,2555,NWGB4,COMPRA,320,153.3011,11.8098,2026-08-12 12:15:45,2026-08-12 12:15:45,2026-08-12 12:15:45
221936,3243,RYPL6,COMPRA,245,105.1500,7.2487,2026-08-12 12:09:39,2026-08-12 12:09:42,2026-08-12 12:09:42
221937,1502,YCCK8,COMPRA,395,470.3888,2.3769,2026-08-12 16:06:59,2026-08-12 16:06:59,2026-08-12 16:06:59
221938,3196,PQUT9,COMPRA,155,87.0761,12.7830,2026-08-12 16:05:50,2026-08-12 16:05:52,2026-08-12 16:05:52
221939,3068,NREP8,COMPRA,500,124.0053,11.4682,2026-08-12 14:22:46,2026-08-12 14:22:48,2026-08-12 14:22:48
221940,1763,ZAAS7,COMPRA,355,505.0441,1.1723,2026-08-12 15:26:48,2026-08-12 15:26:51,2026-08-12 15:26:51
221941,2992,UFIU3,COMPRA,145,65.1226,6.6890,2026-08-12 12:26:58,2026-08-12 12:27:00,2026-08-12 12:27:00
221942,3187,JDJG6,COMPRA,245,61.9194,7.5503,2026-08-12 14:58:04,2026-08-12 14:58:04,2026-08-12 14:58:04
221943,1451,RYPL6,COMPRA,430,106.1306,9.7786,2026-08-12 15:36:25,2026-08-12 15:36:27,2026-08-12 15:36:27
221944,1038,PZUP8,COMPRA,285,139.9422,8.5309,2026-08-12 10:26:49,2026-08-12 10:26:52,2026-08-12 10:26:52
221945,1972,GFDF2,COMPRA,5,108.6633,0.4982,2026-08-12 11:41:56,2026-08-12 11:41:58,2026-08-12 11:41:58
221946,1843,VLEB3,COMPRA,390,337.2085,8.0955,2026-08-12 13:29:56,2026-08-12 13:29:59,2026-08-12 13:29:59
221947,1344,JUDG8,COMPRA,5,96.8369,8.3476,2026-08-12 11:11:37,2026-08-12 11:11:40,2026-08-12 11:11:40
221948,2933,MOLF3,COMPRA,12,43.3884,9.0521,2026-08-12 11:00:19,2026-08-12 11:00:21,2026-08-12 11:00:21
221949,2896,IPXK2,COMPRA,455,349.7996,6.5657,2026-08-12 16:45:33,2026-08-12 16:45:35,2026-08-12 16:45:35
221950,1225,NHYK8,COMPRA,436,69.3038,5.4187,2026-08-12 16:27:14,2026-08-12 16:27:14,2026-08-12 16:27:14
221951,1750,LIEG8,COMPRA,240,85.7207,2.7009,2026-08-12 15:38:07,2026-08-12 15:38:08,2026-08-12 15:38:08
221952,1495,MCMT2,COMPRA,357,104.3602,11.3015,2026-08-12 11:02:15,2026-08-12 11:02:17,2026-08-12 11:02:17
221953,1716,UQJU7,COMPRA,155,86.8312,10.7601,2026-08-12 15:20:20,2026-08-12 15:20:22,2026-08-12 15:20:22
221954,1100,HVEX2,COMPRA,400,147.1045,9.3928,2026-08-12 13:43:14,2026-08-12 13:43:15,2026-08-12 13:43:15
221955,2445,LQML9,COMPRA,410,146.3380,6.1929,2026-08-12 14:20:36,2026-08-12 14:20:39,2026-08-12 14:20:39
221956,1837,PQUT9,COMPRA,480,84.5548,1.0187,2026-08-12 11:37:48,2026-08-12 11:37:50,2026-08-12 11:37:50
221957,2879,NQYT3,COMPRA,50,46.6709,11.9600,2026-08-12 10:53:08,2026-08-12 10:53:09,2026-08-12 10:53:09
221958,2742,UCHR6,COMPRA,455,380.7731,12.3858,2026-08-12 12:11:14,2026-08-12 12:11:15,2026-08-12 12:11:15
221959,3071,NHYK8,COMPRA,385,65.6439,1.4496,2026-08-12 15:38:16,2026-08-12 15:38:17,2026-08-12 15:38:17
221960,2705,FIUW1,COMPRA,112,134.0082,11.5246,2026-08-12 14:48:33,2026-08-12 14:48:36,2026-08-12 14:48:36
221961,3004,JJVW6,COMPRA,237,152.8030,5.3958,2026-08-12 10:33:18,2026-08-12 10:33:21,2026-08-12 10:33:21
221962,2808,BXFJ9,COMPRA,360,137.0384,7.5387,2026-08-12 11:16:03,2026-08-12 11:16:06,2026-08-12 11:16:06
221963,2076,NREP8,COMPRA,70,117.1260,3.1529,2026-08-12 15:10:42,2026-08-12 15:10:45,2026-08-12 15:10:45
221964,1792,NHYK8,COMPRA,495,75.5511,10.4329,2026-08-12 12:16:58,2026-08-12 12:16:59,2026-08-12 12:16:59
221965,2321,RMRT1,COMPRA,40,84.9093,12.5881,2026-08-12 10:32:10,2026-08-12 10:32:10,2026-08-12 10:32:10
221966,2379,UVEY5,COMPRA,385,84.4997,3.5269,2026-08-12 16:59:54,2026-08-12 16:59:57,2026-08-12 16:59:57
221967,1268,RDOA3,COMPRA,125,93.8479,7.4692,2026-08-12 15:42:21,2026-08-12 15:42:24,2026-08-12 15:42:24
221968,2373,CQIL9,COMPRA,412,40.0445,1.2357,2026-08-12 16:42:57,2026-08-12 16:43:00,2026-08-12 16:43:00
221969,2447,WXFC8,COMPRA,165,68.6452,5.8150,2026-08-12 11:39:11,2026-08-12 11:39:12,2026-08-12 11:39:12
221970,1441,RMRT1,COMPRA,390,101.4156,10.6007,2026-08-12 12:26:36,2026-08-12 12:26:36,2026-08-12 12:26:36
221971,2899,MOLF3,COMPRA,440,56.7548,12.8044,2026-08-12 12:10:04,2026-08-12 12:10:04,2026-08-12 12:10:04
221972,1725,SRDU1,COMPRA,212,93.9296,6.7893,2026-08-12 17:01:40,2026-08-12 17:01:41,2026-08-12 17:01:41
221973,2558,TXHR8,COMPRA,150,92.1211,10.8330,2026-08-12 10:17:33,2026-08-12 10:17:35,2026-08-12 10:17:35
221974,1473,LGKU6,VENDA,435,63.1193,4.1905,2026-08-12 11:04:06,2026-08-12 11:04:08,2026-08-12 11:04:08
221975,1052,AAWB3,COMPRA,470,198.6892,10.4995,2026-08-12 15:26:05,2026-08-12 15:26:07,2026-08-12 15:26:07
221976,1721,XLZM9,COMPRA,60,58.2768,10.8658,2026-08-12 16:00:26,2026-08-12 16:00:29,2026-08-12 16:00:29
221977,1158,QTDZ2,COMPRA,325,57.4332,7.5156,2026-08-12 10:11:49,2026-08-12 10:11:52,2026-08-12 10:11:52
221978,1868,PBZM6,COMPRA,405,47.0306,3.3318,2026-08-12 11:13:27,2026-08-12 11:13:27,2026-08-12 11:13:27
221979,2559,NQYT3,COMPRA,130,68.3903,11.2064,2026-08-12 16:03:44,2026-08-12 16:03:47,2026-08-12 16:03:47
221980,2507,ACSV1,COMPRA,75,109.4920,7.5430,2026-08-12 12:04:47,2026-08-12 12:04:47,2026-08-12 12:04:47
221981,2198,QQQS1,COMPRA,285,21.2242,10.0869,2026-08-12 15:33:50,2026-08-12 15:33:53,2026-08-12 15:33:53
221982,3275,DGBT6,COMPRA,260,103.7852,9.3867,2026-08-12 12:05:36,2026-08-12 12:05:36,2026-08-12 12:05:36
221983,1566,PZUP8,COMPRA,45,178.6287,0.3501,2026-08-12 12:53:17,2026-08-12 12:53:20,2026-08-12 12:53:20
221984,1710,CQIL9,COMPRA,430,45.3350,0.0081,2026-08-12 13:44:50,2026-08-12 13:44:53,2026-08-12 13:44:53
221985,1949,UCHR6,COMPRA,235,493.9862,5.3912,2026-08-12 16:49:22,2026-08-12 16:49:22,2026-08-12 16:49:22
221986,2328,KFSY2,COMPRA,305,129.5707,9.2955,2026-08-12 14:37:52,2026-08-12 14:37:54,2026-08-12 14:37:54
221987,1754,WIPB2,COMPRA,25,111.6187,4.6204,2026-08-12 12:21:35,2026-08-12 12:21:38,2026-08-12 12:21:38
221988,1255,PQUT9,COMPRA,180,96.0409,6.3357,2026-08-12 14:26:51,2026-08-12 14:26:53,2026-08-12 14:26:53
221989,1744,IZTY4,VENDA,170,38.5498,7.7261,2026-08-12 16:02:58,2026-08-12 16:03:00,2026-08-12 16:03:00
221990,2689,WXQM6,COMPRA,80,41.9817,3.3903,2026-08-12 12:49:48,2026-08-12 12:49:48,2026-08-12 12:49:48
221991,1629,YBZA3,COMPRA,80,29.5202,8.9607,2026-08-12 14:10:24,2026-08-12 14:10:24,2026-08-12 14:10:24
221992,2869,OXVD8,COMPRA,455,79.7300,5.0261,2026-08-12 12:55:12,2026-08-12 12:55:13,2026-08-12 12:55:13
221993,2113,IWFI1,COMPRA,225,145.8537,9.1947,2026-08-12 16:59:06,2026-08-12 16:59:06,2026-08-12 16:59:06
221994,1918,BGNM6,COMPRA,325,115.2183,9.7347,2026-08-12 16:53:52,2026-08-12 16:53:52,2026-08-12 16:53:52
221995,1720,DQSN6,COMPRA,490,144.7364,7.5028,2026-08-12 13:15:41,2026-08-12 13:15:44,2026-08-12 13:15:44
221996,3105,RSBT4,COMPRA,245,415.0568,0.1020,2026-08-12 13:01:35,2026-08-12 13:01:35,2026-08-12 13:01:35
221997,1543,NYGT6,COMPRA,215,91.4919,6.4318,2026-08-12 14:21:49,2026-08-12 14:21:52,2026-08-12 14:21:52
221998,3039,JJVW6,COMPRA,495,113.8214,1.9923,2026-08-12 11:58:21,2026-08-12 11:58:24,2026-08-12 11:58:24
221999,1819,LIEG8,COMPRA,170,83.6165,8.1796,2026-08-12 12:01:03,2026-08-12 12:01:05,2026-08-12 12:01:05
222000,3470,LGKU6,COMPRA,462,96.8224,8.2105,2026-08-12 13:05:57,2026-08-12 13:05:58,2026-08-12 13:05:58
222001,2233,CQIL9,COMPRA,390,40.5584,5.0839,2026-08-12 10:12:55,2026-08-12 10:12:56,2026-08-12 10:12:56
222002,1219,AAWB3,COMPRA,230,174.5819,4.3294,2026-08-12 14:03:58,2026-08-12 14:04:01,2026-08-12 14:04:01
222003,2129,EEYY9,COMPRA,120,153.9516,11.2286,2026-08-12 13:00:22,2026-08-12 13:00:23,2026-08-12 13:00:23
222004,2511,QYBV3,COMPRA,435,89.6025,1.4148,2026-08-12 15:29:00,2026-08-12 15:29:02,2026-08-12 15:29:02
222005,3049,WHMT3,COMPRA,70,102.9526,7.3806,2026-08-12 15:53:03,2026-08-12 15:53:05,2026-08-12 15:53:05
222006,1964,DMTZ8,COMPRA,454,185.1474,2.2342,2026-08-12 14:24:02,2026-08-12 14:24:02,2026-08-12 14:24:02
222007,1919,ZYVN7,COMPRA,395,78.3531,2.5564,2026-08-12 12:16:43,2026-08-12 12:16:46,2026-08-12 12:16:46
222008,3424,DSFC9,COMPRA,282,443.5172,4.8916,2026-08-12 12:09:31,2026-08-12 12:09:32,2026-08-12 12:09:32
222009,3115,UQIQ7,COMPRA,440,77.9546,9.2012,2026-08-12 13:15:30,2026-08-12 13:15:30,2026-08-12 13:15:30
222010,3233,RIET5,COMPRA,456,162.2116,9.5286,2026-08-12 11:23:13,2026-08-12 11:23:13,2026-08-12 11:23:13
222011,3364,CQIL9,COMPRA,159,36.9801,8.0174,2026-08-12 10:19:27,2026-08-12 10:19:27,2026-08-12 10:19:27
222012,1602,QHFL8,COMPRA,250,155.1675,4.0059,2026-08-12 14:18:21,2026-08-12 14:18:24,2026-08-12 14:18:24
222013,1607,UYFJ9,COMPRA,340,92.9735,2.1703,2026-08-12 14:13:07,2026-08-12 14:13:10,2026-08-12 14:13:10
222014,2319,NGIU9,COMPRA,495,111.0636,5.6189,2026-08-12 11:59:15,2026-08-12 11:59:16,2026-08-12 11:59:16
222015,3336,ICSU4,COMPRA,130,177.0134,12.7518,2026-08-12 15:57:22,2026-08-12 15:57:24,2026-08-12 15:57:24
222016,1518,UVEY5,COMPRA,435,90.4551,6.4798,2026-08-12 17:17:44,2026-08-12 17:17:46,2026-08-12 17:17:46
222017,2246,HCZM2,COMPRA,45,462.4114,3.7288,2026-08-12 11:39:38,2026-08-12 11:39:41,2026-08-12 11:39:41
222018,2463,LIEG8,COMPRA,285,76.5484,12.1693,2026-08-12 13:20:20,2026-08-12 13:20:21,2026-08-12 13:20:21
222019,2489,AAWB3,COMPRA,475,202.2094,5.5123,2026-08-12 12:54:58,2026-08-12 12:55:01,2026-08-12 12:55:01
222020,3157,RFNS7,VENDA,135,99.2397,1.9379,2026-08-12 17:21:26,2026-08-12 17:21:29,2026-08-12 17:21:29
222021,1880,SUZL4,COMPRA,485,168.4603,4.3973,2026-08-12 13:42:23,2026-08-12 13:42:25,2026-08-12 13:42:25
222022,2917,OVUQ2,COMPRA,475,44.7871,11.3676,2026-08-12 13:04:04,2026-08-12 13:04:05,2026-08-12 13:04:05
222023,1502,AYFQ2,COMPRA,309,14.5550,2.8207,2026-08-12 15:14:11,2026-08-12 15:14:13,2026-08-12 15:14:13
222024,2901,NGIU9,COMPRA,310,119.1513,0.4412,2026-08-12 10:29:25,2026-08-12 10:29:28,2026-08-12 10:29:28
222025,3050,NGIU9,COMPRA,105,118.9301,4.4516,2026-08-12 13:45:53,2026-08-12 13:45:55,2026-08-12 13:45:55
222026,1536,EEYY9,COMPRA,345,146.4876,9.0800,2026-08-12 15:31:02,2026-08-12 15:31:05,2026-08-12 15:31:05
222027,3136,YOWA1,COMPRA,70,56.7326,5.1486,2026-08-12 14:55:15,2026-08-12 14:55:16,2026-08-12 14:55:16
222028,2357,BSDJ7,COMPRA,90,273.0467,11.6254,2026-08-12 16:03:27,2026-08-12 16:03:27,2026-08-12 16:03:27
222029,2588,MCHX2,COMPRA,315,122.4783,5.1627,2026-08-12 16:09:09,2026-08-12 16:09:10,2026-08-12 16:09:10
222030,2539,UQJU7,COMPRA,475,60.2413,0.2218,2026-08-12 15:32:39,2026-08-12 15:32:42,2026-08-12 15:32:42
222031,2997,ICSU4,COMPRA,210,115.8957,8.9332,2026-08-12 13:31:44,2026-08-12 13:31:44,2026-08-12 13:31:44
222032,3131,SRDU1,COMPRA,10,89.5016,0.6444,2026-08-12 12:26:21,2026-08-12 12:26:22,2026-08-12 12:26:22
222033,2230,SVOZ4,COMPRA,145,56.6935,6.1309,2026-08-12 13:14:51,2026-08-12 13:14:52,2026-08-12 13:14:52
222034,3071,PBZM6,COMPRA,490,70.1496,10.6378,2026-08-12 10:58:12,2026-08-12 10:58:15,2026-08-12 10:58:15
222035,2425,BGNM6,COMPRA,25,111.5489,8.8872,2026-08-12 11:46:25,2026-08-12 11:46:25,2026-08-12 11:46:25
222036,1899,UFMA7,COMPRA,240,159.1520,6.9083,2026-08-12 12:48:42,2026-08-12 12:48:42,2026-08-12 12:48:42
222037,1496,TTHO3,COMPRA,260,38.9179,10.3407,2026-08-12 10:25:07,2026-08-12 10:25:07,2026-08-12 10:25:07
222038,1592,BGNM6,COMPRA,185,88.1927,3.2505,2026-08-12 14:47:09,2026-08-12 14:47:11,2026-08-12 14:47:11
222039,2493,BGNM6,COMPRA,105,123.0194,11.7292,2026-08-12 15:55:30,2026-08-12 15:55:32,2026-08-12 15:55:32
222040,1136,RIET5,COMPRA,85,161.9270,2.9692,2026-08-12 14:40:16,2026-08-12 14:40:17,2026-08-12 14:40:17
222041,1710,CQJZ4,COMPRA,355,86.4950,6.4294,2026-08-12 17:26:03,2026-08-12 17:26:06,2026-08-12 17:26:06
222042,1091,QTHQ1,COMPRA,315,21.3954,10.5899,2026-08-12 15:22:55,2026-08-12 15:22:56,2026-08-12 15:22:56
222043,2444,YOWA1,COMPRA,360,61.7895,11.0431,2026-08-12 14:09:11,2026-08-12 14:09:14,2026-08-12 14:09:14
222044,2929,NQYT3,COMPRA,90,74.7311,1.3730,2026-08-12 14:12:53,2026-08-12 14:12:54,2026-08-12 14:12:54
222045,1157,OXVD8,COMPRA,350,95.8117,8.8010,2026-08-12 17:03:00,2026-08-12 17:03:02,2026-08-12 17:03:02
222046,1728,QATW7,COMPRA,390,48.0608,1.9203,2026-08-12 15:29:48,2026-08-12 15:29:51,2026-08-12 15:29:51
222047,2255,XLZM9,COMPRA,190,53.3028,7.6134,2026-08-12 14:35:01,2026-08-12 14:35:04,2026-08-12 14:35:04
222048,2889,UFIU3,COMPRA,400,88.2531,11.4861,2026-08-12 12:41:42,2026-08-12 12:41:44,2026-08-12 12:41:44
222049,2179,OVUQ2,COMPRA,309,41.4427,5.5465,2026-08-12 13:44:32,2026-08-12 13:44:33,2026-08-12 13:44:33
222050,1487,WIPB2,COMPRA,305,110.2270,5.1358,2026-08-12 12:58:42,2026-08-12 12:58:43,2026-08-12 12:58:43
222051,3467,HCLJ8,COMPRA,370,128.9027,1.9021,2026-08-12 16:03:17,2026-08-12 16:03:19,2026-08-12 16:03:19
222052,1411,MCHX2,COMPRA,400,130.0373,11.7780,2026-08-12 11:04:04,2026-08-12 11:04:07,2026-08-12 11:04:07
222053,1746,OVUQ2,COMPRA,105,52.7542,5.6965,2026-08-12 13:39:33,2026-08-12 13:39:36,2026-08-12 13:39:36
222054,3359,GAKD5,COMPRA,180,293.0220,12.7999,2026-08-12 17:12:21,2026-08-12 17:12:22,2026-08-12 17:12:22
222055,2288,DSFC9,COMPRA,405,362.3142,2.2363,2026-08-12 16:30:02,2026-08-12 16:30:05,2026-08-12 16:30:05
222056,2264,IZTY4,COMPRA,185,30.0370,9.7375,2026-08-12 16:43:32,2026-08-12 16:43:32,2026-08-12 16:43:32
222057,1548,RYPL6,COMPRA,480,75.8346,10.8294,2026-08-12 11:43:28,2026-08-12 11:43:29,2026-08-12 11:43:29
222058,1916,WHMT3,COMPRA,92,92.7976,6.0649,2026-08-12 12:46:20,2026-08-12 12:46:23,2026-08-12 12:46:23
222059,2934,QQQS1,COMPRA,345,27.4412,2.9876,2026-08-12 15:22:49,2026-08-12 15:22:51,2026-08-12 15:22:51
222060,1108,IZTY4,COMPRA,290,25.0889,1.3766,2026-08-12 10:29:03,2026-08-12 10:29:06,2026-08-12 10:29:06
222061,1690,UYFJ9,COMPRA,329,80.9653,1.9661,2026-08-12 11:01:32,2026-08-12 11:01:35,2026-08-12 11:01:35
222062,1270,OEQA8,COMPRA,70,444.2532,2.4736,2026-08-12 12:55:33,2026-08-12 12:55:35,2026-08-12 12:55:35
222063,2609,QHFL8,COMPRA,390,167.2962,5.9909,2026-08-12 10:28:23,2026-08-12 10:28:26,2026-08-12 10:28:26
222064,1229,XTVW5,COMPRA,475,126.5702,0.4000,2026-08-12 11:18:20,2026-08-12 11:18:23,2026-08-12 11:18:23
222065,1363,RDOA3,COMPRA,470,98.7158,4.4832,2026-08-12 13:53:01,2026-08-12 13:53:01,2026-08-12 13:53:01
222066,3144,MCHX2,COMPRA,410,104.7336,0.2293,2026-08-12 15:36:00,2026-08-12 15:36:03,2026-08-12 15:36:03
222067,2976,QEUC2,COMPRA,425,152.2323,6.2590,2026-08-12 13:09:07,2026-08-12 13:09:10,2026-08-12 13:09:10
222068,2368,JUDG8,COMPRA,155,90.9598,4.7510,2026-08-12 14:22:29,2026-08-12 14:22:29,2026-08-12 14:22:29
222069,2195,JDJG6,COMPRA,10,61.5397,1.2360,2026-08-12 13:33:08,2026-08-12 13:33:10,2026-08-12 13:33:10
222070,2475,ACSV1,COMPRA,76,82.8293,1.1301,2026-08-12 12:58:07,2026-08-12 12:58:07,2026-08-12 12:58:07
222071,2946,MWVU7,COMPRA,154,69.5612,6.1161,2026-08-12 14:35:59,2026-08-12 14:36:02,2026-08-12 14:36:02
222072,1990,NPEM3,COMPRA,335,85.2862,2.4264,2026-08-12 11:53:04,2026-08-12 11:53:07,2026-08-12 11:53:07
222073,2627,XOVY4,COMPRA,130,104.1560,9.8596,2026-08-12 12:52:55,2026-08-12 12:52:57,2026-08-12 12:52:57
222074,1508,PQUT9,COMPRA,330,101.9115,12.0732,2026-08-12 14:06:38,2026-08-12 14:06:41,2026-08-12 14:06:41
222075,2116,PSEN6,COMPRA,175,207.6617,0.7117,2026-08-12 13:04:07,2026-08-12 13:04:10,2026-08-12 13:04:10
222076,1826,HCZM2,COMPRA,320,417.7966,0.3510,2026-08-12 16:26:40,2026-08-12 16:26:40,2026-08-12 16:26:40
222077,1549,MOLF3,COMPRA,10,50.8160,4.5440,2026-08-12 11:11:21,2026-08-12 11:11:22,2026-08-12 11:11:22
222078,1432,ERTC4,COMPRA,495,56.5456,5.5700,2026-08-12 16:28:08,2026-08-12 16:28:09,2026-08-12 16:28:09
222079,2243,UCHR6,COMPRA,9,487.3384,4.6695,2026-08-12 13:19:21,2026-08-12 13:19:23,2026-08-12 13:19:23
222080,2279,PQUT9,COMPRA,370,98.5253,0.4694,2026-08-12 15:24:00,2026-08-12 15:24:03,2026-08-12 15:24:03
222081,2894,HCZM2,COMPRA,17,465.2558,7.9436,2026-08-12 11:53:19,2026-08-12 11:53:20,2026-08-12 11:53:20
222082,3073,AAWB3,COMPRA,115,163.5131,5.2261,2026-08-12 10:46:41,2026-08-12 10:46:41,2026-08-12 10:46:41
222083,3001,NPEM3,COMPRA,75,120.7056,1.2343,2026-08-12 13:33:54,2026-08-12 13:33:56,2026-08-12 13:33:56
222084,2323,MCHX2,COMPRA,65,119.3442,8.6457,2026-08-12 12:00:05,2026-08-12 12:00:06,2026-08-12 12:00:06
222085,2500,CQJZ4,COMPRA,260,80.0110,7.8509,2026-08-12 14:59:56,2026-08-12 14:59:56,2026-08-12 14:59:56
222086,2658,ERTC4,COMPRA,170,41.8629,9.4870,2026-08-12 16:57:39,2026-08-12 16:57:41,2026-08-12 16:57:41
222087,2779,PSEN6,COMPRA,170,194.9358,8.8236,2026-08-12 12:20:58,2026-08-12 12:20:59,2026-08-12 12:20:59
222088,3311,TXHR8,COMPRA,295,78.4335,7.7439,2026-08-12 10:08:21,2026-08-12 10:08:23,2026-08-12 10:08:23
222089,2342,QHFL8,COMPRA,345,114.6433,9.4799,2026-08-12 17:16:55,2026-08-12 17:16:55,2026-08-12 17:16:55
222090,2138,JIPR4,COMPRA,30,32.0215,2.2754,2026-08-12 11:00:09,2026-08-12 11:00:11,2026-08-12 11:00:11
222091,1792,CQJZ4,COMPRA,367,92.5631,3.6909,2026-08-12 15:10:18,2026-08-12 15:10:20,2026-08-12 15:10:20
222092,1304,YRWH3,COMPRA,155,225.3423,,2026-08-12 16:03:08,2026-08-12 16:03:10,2026-08-12 16:03:10
222093,2987,UVEY5,COMPRA,25,95.6304,6.7003,2026-08-12 16:03:10,2026-08-12 16:03:13,2026-08-12 16:03:13
222094,3280,WIPB2,COMPRA,290,138.4671,4.8350,2026-08-12 10:29:50,2026-08-12 10:29:53,2026-08-12 10:29:53
222095,2735,AYFQ2,COMPRA,420,11.4434,5.1067,2026-08-12 15:49:18,2026-08-12 15:49:21,2026-08-12 15:49:21
222096,2430,JJVW6,COMPRA,420,156.5358,10.0249,2026-08-12 14:52:23,2026-08-12 14:52:23,2026-08-12 14:52:23
222097,1934,AAUA7,COMPRA,200,169.2061,0.8895,2026-08-12 12:23:53,2026-08-12 12:23:54,2026-08-12 12:23:54
222098,3247,NWGB4,COMPRA,345,127.5700,2.2952,2026-08-12 13:55:32,2026-08-12 13:55:35,2026-08-12 13:55:35
222099,2583,SVOZ4,VENDA,105,40.5741,8.7496,2026-08-12 14:52:32,2026-08-12 14:52:34,2026-08-12 14:52:34
222100,1415,TVCE9,COMPRA,345,62.4129,12.2429,2026-08-12 12:19:40,2026-08-12 12:19:43,2026-08-12 12:19:43
222101,2014,QTDZ2,COMPRA,305,41.8261,2.1347,2026-08-12 16:55:53,2026-08-12 16:55:53,2026-08-12 16:55:53
222102,2214,YBZA3,COMPRA,210,23.9305,2.0387,2026-08-12 13:27:38,2026-08-12 13:27:38,2026-08-12 13:27:38
222103,1456,KFSY2,COMPRA,500,108.6352,4.3957,2026-08-12 16:00:37,2026-08-12 16:00:38,2026-08-12 16:00:38
222104,1607,ERTC4,COMPRA,245,48.2414,1.9367,2026-08-12 12:09:04,2026-08-12 12:09:05,2026-08-12 12:09:05
222105,1350,ACSV1,COMPRA,65,121.7309,6.2856,2026-08-12 10:29:51,2026-08-12 10:29:52,2026-08-12 10:29:52
222106,2718,GULD2,VENDA,180,146.9165,4.8613,2026-08-12 11:59:34,2026-08-12 11:59:36,2026-08-12 11:59:36
222107,1145,GFDF2,COMPRA,385,68.9058,11.3916,2026-08-12 11:44:31,2026-08-12 11:44:31,2026-08-12 11:44:31
222108,1206,FRGH8,VENDA,395,87.1523,3.5884,2026-08-12 12:34:17,2026-08-12 12:34:18,2026-08-12 12:34:18
222109,2891,NAOF3,COMPRA,160,77.8720,2.9862,2026-08-12 12:01:16,2026-08-12 12:01:19,2026-08-12 12:01:19
222110,3238,MGRR2,COMPRA,268,109.3786,11.0472,2026-08-12 13:52:01,2026-08-12 13:52:03,2026-08-12 13:52:03
222111,1444,GKQC5,COMPRA,40,150.2887,8.4158,2026-08-12 15:53:32,2026-08-12 15:53:32,2026-08-12 15:53:32
222112,2608,QTDZ2,COMPRA,438,58.6477,2.8069,2026-08-12 12:05:10,2026-08-12 12:05:13,2026-08-12 12:05:13
222113,1124,NREP8,COMPRA,67,113.5844,8.9518,2026-08-12 10:23:41,2026-08-12 10:23:43,2026-08-12 10:23:43
222114,2552,WHMT3,COMPRA,215,125.6073,6.3537,2026-08-12 14:25:02,2026-08-12 14:25:04,2026-08-12 14:25:04
222115,2681,RFNS7,COMPRA,285,108.4815,12.7640,2026-08-12 14:49:27,2026-08-12 14:49:28,2026-08-12 14:49:28
222116,3102,TVCE9,COMPRA,140,71.4488,6.8118,2026-08-12 10:15:43,2026-08-12 10:15:43,2026-08-12 10:15:43
222117,1903,JIPR4,COMPRA,445,25.3552,6.3636,2026-08-12 16:16:17,2026-08-12 16:16:20,2026-08-12 16:16:20
222118,1136,TXHR8,COMPRA,70,80.4738,5.6883,2026-08-12 10:18:40,2026-08-12 10:18:42,2026-08-12 10:18:42
222119,2235,TXHR8,COMPRA,100,88.5934,,2026-08-12 16:55:28,2026-08-12 16:55:30,2026-08-12 16:55:30
222120,1631,TBWG2,COMPRA,165,90.3967,7.8356,2026-08-12 15:45:14,2026-08-12 15:45:15,2026-08-12 15:45:15
222121,1598,ICSU4,COMPRA,135,148.7755,5.3455,2026-08-12 14:04:19,2026-08-12 14:04:22,2026-08-12 14:04:22
222122,2649,WIPB2,COMPRA,420,130.5311,0.9229,2026-08-12 15:25:20,2026-08-12 15:25:23,2026-08-12 15:25:23
222123,2505,RSBT4,COMPRA,130,311.0021,8.3394,2026-08-12 12:37:50,2026-08-12 12:37:52,2026-08-12 12:37:52
222124,1256,DMTZ8,COMPRA,95,159.0775,1.8312,2026-08-12 13:44:51,2026-08-12 13:44:54,2026-08-12 13:44:54
222125,2623,RIET5,COMPRA,115,167.2984,6.5416,2026-08-12 11:09:57,2026-08-12 11:09:57,2026-08-12 11:09:57
222126,2956,BOCS8,COMPRA,335,50.2051,8.3703,2026-08-12 16:19:38,2026-08-12 16:19:40,2026-08-12 16:19:40
222127,1667,XPVA7,VENDA,305,454.4322,8.6266,2026-08-12 16:27:15,2026-08-12 16:27:15,2026-08-12 16:27:15
222128,1282,QQQS1,COMPRA,465,28.2349,8.8813,2026-08-12 17:18:19,2026-08-12 17:18:20,2026-08-12 17:18:20
222129,1833,KFSY2,COMPRA,160,125.3485,1.4943,2026-08-12 16:06:39,2026-08-12 16:06:39,2026-08-12 16:06:39
222130,3317,UYFJ9,VENDA,260,94.2848,7.8698,2026-08-12 15:42:30,2026-08-12 15:42:33,2026-08-12 15:42:33
222131,3205,SVOZ4,COMPRA,415,38.9569,11.6007,2026-08-12 11:05:24,2026-08-12 11:05:27,2026-08-12 11:05:27
222132,3101,XOVY4,COMPRA,420,111.6266,9.0564,2026-08-12 17:19:36,2026-08-12 17:19:38,2026-08-12 17:19:38
222133,3068,OVYL9,COMPRA,395,60.0000,1.5916,2026-08-12 16:59:36,2026-08-12 16:59:39,2026-08-12 16:59:39
222134,2005,JUDG8,COMPRA,380,110.4990,8.0382,2026-08-12 14:17:19,2026-08-12 14:17:21,2026-08-12 14:17:21
222135,2883,WXQM6,COMPRA,365,52.9992,1.5080,2026-08-12 12:20:45,2026-08-12 12:20:48,2026-08-12 12:20:48
222136,2701,KFSY2,COMPRA,185,128.8403,4.6367,2026-08-12 16:02:20,2026-08-12 16:02:20,2026-08-12 16:02:20
222137,2382,AAWB3,COMPRA,55,175.1757,4.4791,2026-08-12 14:20:38,2026-08-12 14:20:41,2026-08-12 14:20:41
222138,2497,AAWB3,COMPRA,165,170.1627,2.5291,2026-08-12 15:53:46,2026-08-12 15:53:47,2026-08-12 15:53:47
222139,1881,MJDL9,COMPRA,155,30.1881,0.5030,2026-08-12 11:54:59,2026-08-12 11:54:59,2026-08-12 11:54:59
222140,2653,DMTZ8,COMPRA,235,143.5206,0.1926,2026-08-12 10:55:57,2026-08-12 10:55:57,2026-08-12 10:55:57
222141,2743,XAVL3,COMPRA,360,166.2993,3.4049,2026-08-12 16:08:59,2026-08-12 16:09:00,2026-08-12 16:09:00
222142,2253,IWFI1,COMPRA,40,155.9289,12.4890,2026-08-12 14:15:46,2026-08-12 14:15:46,2026-08-12 14:15:46
222143,2833,JDJG6,COMPRA,89,77.3997,12.2706,2026-08-12 15:29:55,2026-08-12 15:29:56,2026-08-12 15:29:56
222144,1817,NAOF3,COMPRA,96,53.1551,11.7395,2026-08-12 16:09:09,2026-08-12 16:09:09,2026-08-12 16:09:09
222145,3276,AAUA7,VENDA,179,141.3527,0.1105,2026-08-12 10:07:46,2026-08-12 10:07:48,2026-08-12 10:07:48
222146,3413,KQEO3,COMPRA,120,88.9643,0.5268,2026-08-12 16:28:40,2026-08-12 16:28:40,2026-08-12 16:28:40
222147,1503,ZAAS7,COMPRA,475,387.4089,1.7568,2026-08-12 17:27:21,2026-08-12 17:27:24,2026-08-12 17:27:24
222148,2295,QQQS1,COMPRA,365,21.0371,2.4511,2026-08-12 12:08:51,2026-08-12 12:08:51,2026-08-12 12:08:51
222149,1525,DHRM5,COMPRA,113,350.0673,12.8937,2026-08-12 12:05:19,2026-08-12 12:05:22,2026-08-12 12:05:22
222150,3175,RYPL6,COMPRA,173,101.2484,1.7759,2026-08-12 13:05:54,2026-08-12 13:05:56,2026-08-12 13:05:56
222151,1461,YBZA3,COMPRA,50,26.3283,8.0376,2026-08-12 11:43:08,2026-08-12 11:43:09,2026-08-12 11:43:09
222152,2565,BOCS8,COMPRA,170,56.2816,6.2769,2026-08-12 11:43:29,2026-08-12 11:43:29,2026-08-12 11:43:29
222153,1824,RDOA3,COMPRA,151,82.6392,11.5916,2026-08-12 15:54:18,2026-08-12 15:54:20,2026-08-12 15:54:20
222154,1548,XTVW5,COMPRA,280,114.5741,9.6930,2026-08-12 15:54:49,2026-08-12 15:54:49,2026-08-12 15:54:49
222155,2859,CQJZ4,COMPRA,325,79.4159,12.6119,2026-08-12 17:28:06,2026-08-12 17:28:06,2026-08-12 17:28:06
222156,3304,OVYL9,COMPRA,370,60.0000,8.8715,2026-08-12 15:07:41,2026-08-12 15:07:43,2026-08-12 15:07:43
222157,3195,UFIU3,COMPRA,180,69.9025,11.6448,2026-08-12 14:50:44,2026-08-12 14:50:45,2026-08-12 14:50:45
222158,1407,PBZM6,COMPRA,50,55.0299,0.5560,2026-08-12 11:02:59,2026-08-12 11:02:59,2026-08-12 11:02:59
222159,1146,QATW7,COMPRA,270,54.8226,11.5831,2026-08-12 11:17:53,2026-08-12 11:17:56,2026-08-12 11:17:56
222160,1851,PBZM6,COMPRA,295,70.9056,3.3432,2026-08-12 10:21:28,2026-08-12 10:21:29,2026-08-12 10:21:29
222161,2812,JDJG6,COMPRA,225,74.7790,4.3729,2026-08-12 17:29:24,2026-08-12 17:29:24,2026-08-12 17:29:24
222162,2442,KFSY2,COMPRA,6,115.4946,9.5855,2026-08-12 15:03:42,2026-08-12 15:03:43,2026-08-12 15:03:43
222163,2939,DFGR7,COMPRA,490,83.9075,8.0837,2026-08-12 11:28:30,2026-08-12 11:28:32,2026-08-12 11:28:32
222164,3313,DFGR7,COMPRA,225,84.0275,7.8137,2026-08-12 13:56:37,2026-08-12 13:56:39,2026-08-12 13:56:39
222165,1398,WMQZ6,COMPRA,182,73.6113,6.8391,2026-08-12 12:40:03,2026-08-12 12:40:06,2026-08-12 12:40:06
222166,2595,ENRZ2,COMPRA,377,90.5481,3.6323,2026-08-12 15:08:12,2026-08-12 15:08:12,2026-08-12 15:08:12
222167,1799,YFAH5,COMPRA,470,142.0953,10.3688,2026-08-12 11:51:21,2026-08-12 11:51:22,2026-08-12 11:51:22
222168,2831,UQIQ7,VENDA,315,85.3742,2.5903,2026-08-12 13:45:31,2026-08-12 13:45:34,2026-08-12 13:45:34
222169,3207,AAUA7,COMPRA,490,163.9738,0.0975,2026-08-12 13:45:46,2026-08-12 13:45:48,2026-08-12 13:45:48
222170,1387,ERTC4,COMPRA,415,49.3454,4.9467,2026-08-12 17:07:35,2026-08-12 17:07:36,2026-08-12 17:07:36
222171,1304,CQIL9,COMPRA,238,34.4046,12.7251,2026-08-12 16:37:11,2026-08-12 16:37:11,2026-08-12 16:37:11
222172,1936,ZYVN7,COMPRA,495,71.7691,8.5428,2026-08-12 13:20:11,2026-08-12 13:20:14,2026-08-12 13:20:14
222173,1745,GKQC5,COMPRA,190,118.8080,7.1699,2026-08-12 15:37:06,2026-08-12 15:37:09,2026-08-12 15:37:09
222174,1105,NGIU9,COMPRA,210,116.8060,7.0072,2026-08-12 14:32:59,2026-08-12 14:33:01,2026-08-12 14:33:01
222175,2777,SGBG8,COMPRA,285,79.8538,12.6103,2026-08-12 10:40:41,2026-08-12 10:40:44,2026-08-12 10:40:44
222176,1037,JIPR4,COMPRA,310,33.7296,6.5303,2026-08-12 14:03:21,2026-08-12 14:03:24,2026-08-12 14:03:24
222177,1367,AYFQ2,COMPRA,100,11.2067,8.5227,2026-08-12 14:25:48,2026-08-12 14:25:49,2026-08-12 14:25:49
222178,2543,FIUW1,COMPRA,475,111.0893,5.8884,2026-08-12 10:10:25,2026-08-12 10:10:26,2026-08-12 10:10:26
222179,3210,RSBT4,COMPRA,95,476.8541,9.8685,2026-08-12 10:22:56,2026-08-12 10:22:59,2026-08-12 10:22:59
222180,1720,HJRH5,COMPRA,65,179.0807,7.0381,2026-08-12 13:34:08,2026-08-12 13:34:09,2026-08-12 13:34:09
222181,2125,SUZL4,COMPRA,500,159.6566,4.7104,2026-08-12 16:35:01,2026-08-12 16:35:04,2026-08-12 16:35:04
222182,1168,IPXK2,COMPRA,73,300.5131,5.4073,2026-08-12 12:09:42,2026-08-12 12:09:43,2026-08-12 12:09:43
222183,3419,ZYVN7,COMPRA,280,69.3811,10.1114,2026-08-12 16:05:53,2026-08-12 16:05:56,2026-08-12 16:05:56
222184,1390,PSEN6,VENDA,20,153.8513,12.3667,2026-08-12 16:20:10,2026-08-12 16:20:12,2026-08-12 16:20:12
222185,1106,JIPR4,COMPRA,350,27.5245,9.2808,2026-08-12 12:17:35,2026-08-12 12:17:37,2026-08-12 12:17:37
222186,1703,VLEB3,COMPRA,100,414.9614,7.5864,2026-08-12 16:24:39,2026-08-12 16:24:40,2026-08-12 16:24:40
222187,1256,YYLA4,COMPRA,290,211.2370,0.3019,2026-08-12 14:05:12,2026-08-12 14:05:12,2026-08-12 14:05:12
222188,3440,LQML9,VENDA,245,118.0816,7.4002,2026-08-12 13:29:10,2026-08-12 13:29:10,2026-08-12 13:29:10
222189,2968,UFMA7,COMPRA,65,127.1498,3.7958,2026-08-12 13:29:24,2026-08-12 13:29:24,2026-08-12 13:29:24
222190,1991,SVOZ4,COMPRA,147,35.0010,4.4067,2026-08-12 17:04:49,2026-08-12 17:04:52,2026-08-12 17:04:52
222191,3273,WXFC8,COMPRA,255,71.7250,11.3802,2026-08-12 10:30:15,2026-08-12 10:30:18,2026-08-12 10:30:18
222192,2184,AAWB3,COMPRA,485,202.3061,3.3563,2026-08-12 16:23:32,2026-08-12 16:23:33,2026-08-12 16:23:33
222193,3298,BSDJ7,COMPRA,470,195.7904,6.3691,2026-08-12 10:02:47,2026-08-12 10:02:48,2026-08-12 10:02:48
222194,1083,DEGN5,COMPRA,390,81.9829,5.5857,2026-08-12 16:39:28,2026-08-12 16:39:29,2026-08-12 16:39:29
222195,3156,CQJZ4,COMPRA,476,98.5632,0.7079,2026-08-12 14:27:27,2026-08-12 14:27:27,2026-08-12 14:27:27
222196,3462,DFGR7,COMPRA,290,117.8558,1.3960,2026-08-12 10:05:01,2026-08-12 10:05:02,2026-08-12 10:05:02
222197,3210,MWVU7,COMPRA,350,94.7076,11.0233,2026-08-12 15:22:11,2026-08-12 15:22:14,2026-08-12 15:22:14
222198,1374,XOVY4,COMPRA,245,106.8161,6.2801,2026-08-12 12:55:57,2026-08-12 12:56:00,2026-08-12 12:56:00
222199,3321,OEQA8,COMPRA,220,473.9581,4.3694,2026-08-12 11:55:30,2026-08-12 11:55:32,2026-08-12 11:55:32
222200,1565,RDOA3,COMPRA,95,109.7893,8.0253,2026-08-12 14:28:45,2026-08-12 14:28:45,2026-08-12 14:28:45
222201,2908,WXFC8,COMPRA,120,86.3358,4.6676,2026-08-12 16:50:23,2026-08-12 16:50:26,2026-08-12 16:50:26
222202,3305,HJRH5,COMPRA,145,120.9262,2.6093,2026-08-12 13:46:36,2026-08-12 13:46:39,2026-08-12 13:46:39
222203,2283,DFGR7,COMPRA,239,76.5977,7.6779,2026-08-12 15:20:53,2026-08-12 15:20:55,2026-08-12 15:20:55
222204,1048,XLZM9,COMPRA,385,49.3201,9.9624,2026-08-12 11:07:47,2026-08-12 11:07:49,2026-08-12 11:07:49
222205,2907,PQUT9,COMPRA,180,96.9114,4.6885,2026-08-12 11:35:47,2026-08-12 11:35:50,2026-08-12 11:35:50
222206,1054,IJJK3,COMPRA,40,99.0310,2.4335,2026-08-12 16:54:06,2026-08-12 16:54:09,2026-08-12 16:54:09
222207,1403,HCZM2,COMPRA,195,455.0115,8.4930,2026-08-12 10:43:16,2026-08-12 10:43:18,2026-08-12 10:43:18
222208,3397,JDJG6,COMPRA,20,84.0139,12.5047,2026-08-12 15:29:13,2026-08-12 15:29:15,2026-08-12 15:29:15
222209,2965,IJJK3,COMPRA,5,126.8246,1.0694,2026-08-12 14:18:37,2026-08-12 14:18:38,2026-08-12 14:18:38
222210,1427,VLEB3,COMPRA,80,459.2249,,2026-08-12 15:38:40,2026-08-12 15:38:42,2026-08-12 15:38:42
222211,2947,XLZM9,COMPRA,185,42.5906,7.6817,2026-08-12 12:42:20,2026-08-12 12:42:20,2026-08-12 12:42:20
222212,2202,GAKD5,COMPRA,240,300.6451,1.9218,2026-08-12 16:04:49,2026-08-12 16:04:52,2026-08-12 16:04:52
222213,3273,NGIU9,COMPRA,95,104.2327,0.3775,2026-08-12 15:41:18,2026-08-12 15:41:18,2026-08-12 15:41:18
222214,3163,YBZA3,COMPRA,205,29.0769,1.0665,2026-08-12 10:05:55,2026-08-12 10:05:56,2026-08-12 10:05:56
222215,1975,SVOZ4,VENDA,360,41.8030,10.0587,2026-08-12 17:11:47,2026-08-12 17:11:49,2026-08-12 17:11:49
222216,2006,TNHT4,COMPRA,355,105.3140,12.5643,2026-08-12 15:34:27,2026-08-12 15:34:28,2026-08-12 15:34:28
222217,1814,TVCE9,COMPRA,430,59.1937,2.7158,2026-08-12 14:43:17,2026-08-12 14:43:18,2026-08-12 14:43:18
222218,2208,MCHX2,COMPRA,465,85.9423,10.9020,2026-08-12 13:35:52,2026-08-12 13:35:55,2026-08-12 13:35:55
222219,2069,TNHT4,COMPRA,390,94.9492,1.0322,2026-08-12 13:26:11,2026-08-12 13:26:12,2026-08-12 13:26:12
222220,1625,AYFQ2,COMPRA,155,14.1681,6.0764,2026-08-12 14:40:19,2026-08-12 14:40:22,2026-08-12 14:40:22
222221,1024,QYBV3,COMPRA,410,60.0000,8.8535,2026-08-12 13:46:36,2026-08-12 13:46:39,2026-08-12 13:46:39
222222,1354,KHGP6,COMPRA,145,108.7135,0.5626,2026-08-12 11:36:28,2026-08-12 11:36:31,2026-08-12 11:36:31
222223,2989,CQIL9,COMPRA,270,42.1864,6.3145,2026-08-12 13:38:10,2026-08-12 13:38:10,2026-08-12 13:38:10
222224,2513,IJJK3,COMPRA,265,101.7621,6.5958,2026-08-12 17:05:47,2026-08-12 17:05:49,2026-08-12 17:05:49
222225,3112,MWVU7,COMPRA,220,60.0000,0.4767,2026-08-12 15:36:09,2026-08-12 15:36:10,2026-08-12 15:36:10
222226,2597,NQYT3,COMPRA,85,54.4126,10.2525,2026-08-12 15:34:16,2026-08-12 15:34:17,2026-08-12 15:34:17
222227,3374,RHXV4,COMPRA,125,54.0575,0.5844,2026-08-12 14:16:58,2026-08-12 14:17:00,2026-08-12 14:17:00
222228,1633,DFGR7,COMPRA,39,110.0493,8.7736,2026-08-12 10:46:55,2026-08-12 10:46:57,2026-08-12 10:46:57
222229,2206,BSDJ7,COMPRA,283,258.0551,,2026-08-12 15:27:30,2026-08-12 15:27:33,2026-08-12 15:27:33
222230,1122,XOVY4,COMPRA,305,93.7903,9.0441,2026-08-12 11:30:32,2026-08-12 11:30:34,2026-08-12 11:30:34
222231,2916,MOLF3,COMPRA,370,42.2460,4.8333,2026-08-12 10:21:15,2026-08-12 10:21:15,2026-08-12 10:21:15
222232,3319,JUDG8,COMPRA,337,92.3906,12.2114,2026-08-12 15:04:00,2026-08-12 15:04:03,2026-08-12 15:04:03
222233,3222,WXQM6,COMPRA,30,37.4890,4.0635,2026-08-12 14:40:25,2026-08-12 14:40:25,2026-08-12 14:40:25
222234,2611,DQSN6,COMPRA,260,165.7827,3.9916,2026-08-12 11:08:30,2026-08-12 11:08:31,2026-08-12 11:08:31
222235,2126,YYLA4,COMPRA,404,240.5177,3.5441,2026-08-12 14:42:34,2026-08-12 14:42:34,2026-08-12 14:42:34
222236,1146,ZHTL2,COMPRA,445,74.7797,0.3116,2026-08-12 14:09:27,2026-08-12 14:09:29,2026-08-12 14:09:29
222237,3399,HCZM2,COMPRA,370,435.9721,5.1468,2026-08-12 12:25:06,2026-08-12 12:25:09,2026-08-12 12:25:09
222238,2555,WXQM6,COMPRA,202,57.0923,11.7792,2026-08-12 11:09:25,2026-08-12 11:09:26,2026-08-12 11:09:26
222239,1078,TNHT4,COMPRA,5,113.5724,1.7263,2026-08-12 17:15:18,2026-08-12 17:15:18,2026-08-12 17:15:18
222240,2736,DMTZ8,COMPRA,445,135.0253,12.7429,2026-08-12 11:57:32,2026-08-12 11:57:32,2026-08-12 11:57:32
222241,3314,ICSU4,COMPRA,160,145.1065,9.1422,2026-08-12 14:15:33,2026-08-12 14:15:33,2026-08-12 14:15:33
222242,1162,MOLF3,COMPRA,297,55.1770,4.1575,2026-08-12 16:58:23,2026-08-12 16:58:26,2026-08-12 16:58:26
222243,2636,SUZL4,COMPRA,350,164.2118,3.7038,2026-08-12 16:00:58,2026-08-12 16:01:01,2026-08-12 16:01:01
222244,2520,YBZA3,COMPRA,490,25.1170,11.1666,2026-08-12 10:01:31,2026-08-12 10:01:31,2026-08-12 10:01:31
222245,1497,DSFC9,COMPRA,485,415.7305,4.6644,2026-08-12 12:19:36,2026-08-12 12:19:39,2026-08-12 12:19:39
222246,2374,LQML9,COMPRA,5,143.2704,0.8889,2026-08-12 15:57:48,2026-08-12 15:57:51,2026-08-12 15:57:51
222247,2732,CQIL9,COMPRA,120,30.1857,9.4927,2026-08-12 10:36:05,2026-08-12 10:36:07,2026-08-12 10:36:07
222248,1890,PZUP8,COMPRA,370,173.1823,10.0496,2026-08-12 11:48:32,2026-08-12 11:48:35,2026-08-12 11:48:35
222249,3492,SUZL4,VENDA,356,136.1746,6.7169,2026-08-12 14:02:39,2026-08-12 14:02:40,2026-08-12 14:02:40
222250,3404,UQIQ7,COMPRA,125,72.4142,3.3932,2026-08-12 11:31:34,2026-08-12 11:31:34,2026-08-12 11:31:34
222251,1637,WHMT3,COMPRA,140,91.8876,3.6281,2026-08-12 10:20:09,2026-08-12 10:20:12,2026-08-12 10:20:12
222252,2320,DEGN5,COMPRA,485,73.9836,0.3389,2026-08-12 15:59:53,2026-08-12 15:59:54,2026-08-12 15:59:54
222253,2317,RMRT1,COMPRA,273,114.2362,9.5589,2026-08-12 10:25:46,2026-08-12 10:25:49,2026-08-12 10:25:49
222254,1147,SGBG8,COMPRA,375,78.7009,5.9409,2026-08-12 16:16:22,2026-08-12 16:16:23,2026-08-12 16:16:23
222255,1589,ZFBT3,COMPRA,350,106.1504,0.9771,2026-08-12 17:20:48,2026-08-12 17:20:50,2026-08-12 17:20:50
222256,2748,XTVW5,COMPRA,218,106.3304,8.8126,2026-08-12 14:42:15,2026-08-12 14:42:16,2026-08-12 14:42:16
222257,2495,RHXV4,COMPRA,419,73.9004,1.3672,2026-08-12 13:51:38,2026-08-12 13:51:38,2026-08-12 13:51:38
222258,2395,WXFC8,COMPRA,340,71.2938,2.8508,2026-08-12 14:54:20,2026-08-12 14:54:22,2026-08-12 14:54:22
222259,2061,OXVD8,COMPRA,445,64.0173,8.0781,2026-08-12 17:26:04,2026-08-12 17:26:07,2026-08-12 17:26:07
222260,1338,TNHT4,COMPRA,220,129.9871,9.6579,2026-08-12 13:11:04,2026-08-12 13:11:06,2026-08-12 13:11:06
222261,1671,OEQA8,COMPRA,140,432.0489,11.7523,2026-08-12 10:44:55,2026-08-12 10:44:58,2026-08-12 10:44:58
222262,1756,NHYK8,COMPRA,470,74.8136,11.3007,2026-08-12 11:09:16,2026-08-12 11:09:19,2026-08-12 11:09:19
222263,2224,HJRH5,COMPRA,277,170.6906,2.0027,2026-08-12 12:54:13,2026-08-12 12:54:15,2026-08-12 12:54:15
222264,2061,JJVW6,COMPRA,245,148.7933,2.0607,2026-08-12 16:25:41,2026-08-12 16:25:41,2026-08-12 16:25:41
222265,1713,NHYK8,COMPRA,75,58.3440,10.9716,2026-08-12 13:50:55,2026-08-12 13:50:58,2026-08-12 13:50:58
222266,1538,UVEY5,COMPRA,115,74.4435,6.3411,2026-08-12 13:48:00,2026-08-12 13:48:03,2026-08-12 13:48:03
222267,3445,MGRR2,COMPRA,250,150.3582,7.6780,2026-08-12 16:46:02,2026-08-12 16:46:03,2026-08-12 16:46:03
222268,2603,GFDF2,COMPRA,54,106.2320,0.6301,2026-08-12 12:10:51,2026-08-12 12:10:52,2026-08-12 12:10:52
222269,1982,SRDU1,COMPRA,410,102.6317,8.2781,2026-08-12 12:58:45,2026-08-12 12:58:46,2026-08-12 12:58:46
222270,3280,NAOF3,COMPRA,355,60.1098,3.1012,2026-08-12 14:38:20,2026-08-12 14:38:22,2026-08-12 14:38:22
222271,3353,UFMA7,COMPRA,340,177.2714,7.9604,2026-08-12 11:44:32,2026-08-12 11:44:33,2026-08-12 11:44:33
222272,2379,ERTC4,COMPRA,365,56.3752,3.6045,2026-08-12 11:25:54,2026-08-12 11:25:54,2026-08-12 11:25:54
222273,2254,HCLJ8,COMPRA,45,85.2225,9.1354,2026-08-12 11:18:35,2026-08-12 11:18:38,2026-08-12 11:18:38
222274,3034,WXQM6,COMPRA,135,49.0773,4.0762,2026-08-12 12:50:08,2026-08-12 12:50:08,2026-08-12 12:50:08
222275,3097,BSDJ7,COMPRA,480,268.2609,1.9790,2026-08-12 13:50:33,2026-08-12 13:50:33,2026-08-12 13:50:33
222276,2544,JDJG6,COMPRA,45,64.3179,9.4566,2026-08-12 10:59:50,2026-08-12 10:59:52,2026-08-12 10:59:52
222277,1960,CQJZ4,COMPRA,300,74.9502,12.5323,2026-08-12 13:12:22,2026-08-12 13:12:25,2026-08-12 13:12:25
222278,1713,YRWH3,COMPRA,427,189.9242,4.3997,2026-08-12 14:56:58,2026-08-12 14:57:00,2026-08-12 14:57:00
222279,3084,FRGH8,COMPRA,35,88.1818,1.3763,2026-08-12 11:05:49,2026-08-12 11:05:49,2026-08-12 11:05:49
222280,2897,KFSY2,COMPRA,425,120.1339,0.7438,2026-08-12 12:01:18,2026-08-12 12:01:20,2026-08-12 12:01:20
222281,3480,PSEN6,COMPRA,256,188.5373,1.4866,2026-08-12 16:09:30,2026-08-12 16:09:32,2026-08-12 16:09:32
222282,3085,MGRR2,COMPRA,220,141.0391,11.5008,2026-08-12 10:41:52,2026-08-12 10:41:52,2026-08-12 10:41:52
222283,2294,LQML9,COMPRA,50,141.7623,9.5424,2026-08-12 16:35:48,2026-08-12 16:35:51,2026-08-12 16:35:51
222284,2922,KQEO3,COMPRA,460,83.2264,0.9262,2026-08-12 14:54:30,2026-08-12 14:54:32,2026-08-12 14:54:32
222285,1166,JIPR4,COMPRA,395,37.2352,4.4941,2026-08-12 15:43:50,2026-08-12 15:43:51,2026-08-12 15:43:51
222286,2298,XPVA7,COMPRA,45,546.2727,2.3959,2026-08-12 15:08:13,2026-08-12 15:08:15,2026-08-12 15:08:15
222287,2706,DEGN5,COMPRA,455,88.0228,8.2464,2026-08-12 15:46:01,2026-08-12 15:46:03,2026-08-12 15:46:03
222288,1368,NUJZ2,COMPRA,487,32.6734,0.5332,2026-08-12 11:53:01,2026-08-12 11:53:04,2026-08-12 11:53:04
222289,3463,QATW7,COMPRA,415,60.9469,10.5153,2026-08-12 11:32:50,2026-08-12 11:32:50,2026-08-12 11:32:50
222290,2763,MWVU7,COMPRA,400,92.7688,4.9042,2026-08-12 12:47:17,2026-08-12 12:47:17,2026-08-12 12:47:17
222291,1975,YYLA4,COMPRA,250,240.6161,5.8064,2026-08-12 10:25:12,2026-08-12 10:25:15,2026-08-12 10:25:15
222292,3306,DGBT6,COMPRA,470,77.4492,2.5463,2026-08-12 13:33:17,2026-08-12 13:33:19,2026-08-12 13:33:19
222293,2960,TVCE9,COMPRA,147,56.1648,11.6080,2026-08-12 14:32:34,2026-08-12 14:32:36,2026-08-12 14:32:36
222294,2525,YFAH5,COMPRA,20,184.6205,4.8686,2026-08-12 14:30:37,2026-08-12 14:30:39,2026-08-12 14:30:39
222295,3358,WXFC8,COMPRA,430,102.5875,7.1455,2026-08-12 10:39:09,2026-08-12 10:39:09,2026-08-12 10:39:09
222296,3405,DFGR7,COMPRA,425,88.8441,5.8312,2026-08-12 14:26:08,2026-08-12 14:26:11,2026-08-12 14:26:11
222297,1388,NGIU9,COMPRA,179,101.8254,10.7021,2026-08-12 14:19:15,2026-08-12 14:19:15,2026-08-12 14:19:15
222298,2677,HJRH5,COMPRA,145,143.5406,0.5043,2026-08-12 15:57:31,2026-08-12 15:57:32,2026-08-12 15:57:32
222299,1753,FYZB6,COMPRA,228,59.7492,7.9769,2026-08-12 13:18:23,2026-08-12 13:18:23,2026-08-12 13:18:23
222300,1057,SRDU1,COMPRA,175,65.9463,9.1009,2026-08-12 12:47:05,2026-08-12 12:47:07,2026-08-12 12:47:07
222301,3055,VLEB3,COMPRA,326,409.4843,8.7528,2026-08-12 14:12:29,2026-08-12 14:12:30,2026-08-12 14:12:30
222302,1985,ZYVN7,COMPRA,125,70.1631,4.2406,2026-08-12 10:33:45,2026-08-12 10:33:47,2026-08-12 10:33:47
222303,2599,LIEG8,COMPRA,145,118.6729,3.1291,2026-08-12 11:28:57,2026-08-12 11:28:57,2026-08-12 11:28:57
222304,2827,RYPL6,COMPRA,375,74.9124,4.6514,2026-08-12 11:42:09,2026-08-12 11:42:11,2026-08-12 11:42:11
222305,2846,ECQD7,COMPRA,145,85.7094,3.0547,2026-08-12 13:22:27,2026-08-12 13:22:29,2026-08-12 13:22:29
222306,1403,DMTZ8,COMPRA,165,142.4184,1.5946,2026-08-12 13:14:23,2026-08-12 13:14:26,2026-08-12 13:14:26
222307,1492,QTHQ1,COMPRA,465,20.3426,6.4794,2026-08-12 10:03:16,2026-08-12 10:03:17,2026-08-12 10:03:17
222308,2385,SGBG8,COMPRA,360,77.6896,11.7037,2026-08-12 17:01:39,2026-08-12 17:01:39,2026-08-12 17:01:39
222309,2504,JIPA6,COMPRA,15,42.6148,,2026-08-12 14:22:05,2026-08-12 14:22:06,2026-08-12 14:22:06
222310,1272,DQSN6,COMPRA,445,124.5168,1.3102,2026-08-12 10:18:58,2026-08-12 10:19:01,2026-08-12 10:19:01
222311,1542,GULD2,COMPRA,55,156.8358,6.6747,2026-08-12 12:41:21,2026-08-12 12:41:21,2026-08-12 12:41:21
222312,2797,TTHO3,COMPRA,240,33.3426,12.8117,2026-08-12 12:41:41,2026-08-12 12:41:41,2026-08-12 12:41:41
222313,3243,NWGB4,COMPRA,365,139.3427,7.7193,2026-08-12 13:05:08,2026-08-12 13:05:09,2026-08-12 13:05:09
222314,1161,QATW7,COMPRA,60,55.8729,8.2933,2026-08-12 10:33:47,2026-08-12 10:33:47,2026-08-12 10:33:47
222315,1906,QTHQ1,COMPRA,328,27.1754,8.6962,2026-08-12 13:06:10,2026-08-12 13:06:12,2026-08-12 13:06:12
222316,1050,NYGT6,COMPRA,25,104.7608,10.3446,2026-08-12 15:32:39,2026-08-12 15:32:39,2026-08-12 15:32:39
222317,2728,ERTC4,COMPRA,345,44.6526,7.1343,2026-08-12 14:06:53,2026-08-12 14:06:54,2026-08-12 14:06:54
222318,2086,OEQA8,COMPRA,246,529.5936,7.1590,2026-08-12 17:22:28,2026-08-12 17:22:28,2026-08-12 17:22:28
222319,3246,NUJZ2,COMPRA,330,26.4437,12.2098,2026-08-12 11:37:01,2026-08-12 11:37:04,2026-08-12 11:37:04
222320,1468,IPXK2,COMPRA,80,252.9033,3.6698,2026-08-12 15:04:06,2026-08-12 15:04:06,2026-08-12 15:04:06
222321,3239,UCHR6,COMPRA,371,522.0132,1.2442,2026-08-12 16:46:09,2026-08-12 16:46:12,2026-08-12 16:46:12
222322,1964,WIPB2,COMPRA,435,99.7521,8.1808,2026-08-12 14:38:02,2026-08-12 14:38:04,2026-08-12 14:38:04
222323,3104,UCHR6,COMPRA,91,446.6505,0.5690,2026-08-12 10:43:30,2026-08-12 10:43:32,2026-08-12 10:43:32
222324,1200,NUJZ2,COMPRA,185,27.9349,6.5845,2026-08-12 15:19:23,2026-08-12 15:19:26,2026-08-12 15:19:26
222325,2533,HVEX2,COMPRA,385,132.1642,1.1178,2026-08-12 11:17:22,2026-08-12 11:17:25,2026-08-12 11:17:25
222326,2824,IZTY4,COMPRA,96,37.3497,6.3413,2026-08-12 15:57:19,2026-08-12 15:57:22,2026-08-12 15:57:22
222327,2613,OEQA8,COMPRA,272,478.4995,8.5717,2026-08-12 16:11:34,2026-08-12 16:11:34,2026-08-12 16:11:34
222328,2005,DGBT6,COMPRA,40,84.0968,3.6810,2026-08-12 11:45:34,2026-08-12 11:45:34,2026-08-12 11:45:34
222329,2865,IJJK3,COMPRA,330,118.9797,7.1189,2026-08-12 11:27:42,2026-08-12 11:27:42,2026-08-12 11:27:42
222330,3468,GFDF2,COMPRA,500,77.8512,10.4365,2026-08-12 10:00:09,2026-08-12 10:00:09,2026-08-12 10:00:09
222331,2971,SVOZ4,VENDA,270,55.6319,2.1860,2026-08-12 13:30:16,2026-08-12 13:30:16,2026-08-12 13:30:16
222332,1048,SVOZ4,COMPRA,225,35.9894,2.1926,2026-08-12 13:18:38,2026-08-12 13:18:41,2026-08-12 13:18:41
222333,3414,HJRH5,COMPRA,370,191.5918,2.5171,2026-08-12 16:55:09,2026-08-12 16:55:10,2026-08-12 16:55:10
222334,3197,TVCE9,COMPRA,415,74.0620,2.8661,2026-08-12 14:35:54,2026-08-12 14:35:56,2026-08-12 14:35:56
222335,3349,NGIU9,COMPRA,23,122.2476,4.8741,2026-08-12 17:07:22,2026-08-12 17:07:22,2026-08-12 17:07:22
222336,1541,WMQZ6,COMPRA,310,62.6485,10.9564,2026-08-12 11:37:43,2026-08-12 11:37:43,2026-08-12 11:37:43
222337,2755,SGBG8,COMPRA,135,90.3588,4.5048,2026-08-12 11:09:11,2026-08-12 11:09:12,2026-08-12 11:09:12
222338,1763,BGNM6,COMPRA,195,95.8316,8.1480,2026-08-12 17:24:02,2026-08-12 17:24:02,2026-08-12 17:24:02
222339,2217,VLEB3,COMPRA,215,352.9822,7.6103,2026-08-12 10:30:15,2026-08-12 10:30:15,2026-08-12 10:30:15
222340,3421,ZYVN7,COMPRA,315,71.7506,2.8523,2026-08-12 12:03:07,2026-08-12 12:03:09,2026-08-12 12:03:09
222341,3305,VLEB3,COMPRA,265,441.6638,10.8626,2026-08-12 15:09:15,2026-08-12 15:09:18,2026-08-12 15:09:18
222342,3376,ECQD7,COMPRA,190,109.6505,12.2622,2026-08-12 11:06:05,2026-08-12 11:06:07,2026-08-12 11:06:07
222343,2641,OVUQ2,COMPRA,20,49.7602,8.7683,2026-08-12 12:04:56,2026-08-12 12:04:56,2026-08-12 12:04:56
222344,1038,IWAK1,COMPRA,60,87.4260,,2026-08-12 14:34:06,2026-08-12 14:34:06,2026-08-12 14:34:06
222345,3139,BOCS8,COMPRA,130,77.1176,11.2067,2026-08-12 10:28:51,2026-08-12 10:28:54,2026-08-12 10:28:54
222346,1681,QTHQ1,COMPRA,315,25.7201,9.8682,2026-08-12 16:01:58,2026-08-12 16:01:59,2026-08-12 16:01:59
222347,2593,IPXK2,COMPRA,375,243.3277,11.9818,2026-08-12 16:13:59,2026-08-12 16:14:01,2026-08-12 16:14:01
222348,2122,ICSU4,COMPRA,200,162.8213,5.0372,2026-08-12 15:59:06,2026-08-12 15:59:09,2026-08-12 15:59:09
222349,1957,NREP8,VENDA,385,133.2749,9.7243,2026-08-12 13:40:27,2026-08-12 13:40:29,2026-08-12 13:40:29
222350,2516,RSBT4,COMPRA,295,429.9553,9.4846,2026-08-12 11:50:30,2026-08-12 11:50:33,2026-08-12 11:50:33
222351,1248,DHRM5,COMPRA,325,299.1095,4.3338,2026-08-12 14:53:55,2026-08-12 14:53:55,2026-08-12 14:53:55
222352,2198,YYLA4,COMPRA,175,237.8839,12.6111,2026-08-12 10:22:40,2026-08-12 10:22:40,2026-08-12 10:22:40
222353,1339,RSBT4,COMPRA,405,470.8518,12.0882,2026-08-12 13:18:42,2026-08-12 13:18:45,2026-08-12 13:18:45
222354,3254,SGBG8,COMPRA,272,74.4431,2.9152,2026-08-12 14:57:03,2026-08-12 14:57:03,2026-08-12 14:57:03
222355,1571,KHGP6,COMPRA,225,104.9988,11.3604,2026-08-12 14:17:42,2026-08-12 14:17:44,2026-08-12 14:17:44
222356,1859,DHRM5,COMPRA,305,329.8173,10.1678,2026-08-12 12:40:38,2026-08-12 12:40:39,2026-08-12 12:40:39
222357,1884,NUJZ2,COMPRA,300,41.3304,12.6963,2026-08-12 11:46:42,2026-08-12 11:46:42,2026-08-12 11:46:42
222358,2243,GULD2,COMPRA,125,125.0803,1.4168,2026-08-12 17:13:05,2026-08-12 17:13:05,2026-08-12 17:13:05
222359,2300,JDJG6,COMPRA,455,59.9213,2.2403,2026-08-12 12:24:35,2026-08-12 12:24:38,2026-08-12 12:24:38
222360,1747,YRWH3,COMPRA,130,215.9751,5.5550,2026-08-12 10:49:34,2026-08-12 10:49:34,2026-08-12 10:49:34
222361,2044,MCMT2,COMPRA,60,101.7616,3.7143,2026-08-12 17:02:09,2026-08-12 17:02:11,2026-08-12 17:02:11
222362,2819,QTHQ1,COMPRA,200,18.0747,5.1506,2026-08-12 10:41:48,2026-08-12 10:41:49,2026-08-12 10:41:49
222363,1942,UQIQ7,COMPRA,370,69.0531,5.8755,2026-08-12 15:05:44,2026-08-12 15:05:44,2026-08-12 15:05:44
222364,2769,JJVW6,COMPRA,25,105.7758,3.8708,2026-08-12 13:42:46,2026-08-12 13:42:46,2026-08-12 13:42:46
222365,2328,UQJU7,COMPRA,370,61.9795,1.3417,2026-08-12 14:48:41,2026-08-12 14:48:44,2026-08-12 14:48:44
222366,1285,JIPA6,COMPRA,395,29.9351,6.9074,2026-08-12 15:17:12,2026-08-12 15:17:12,2026-08-12 15:17:12
222367,2390,MCHX2,COMPRA,198,93.6360,9.0502,2026-08-12 15:13:46,2026-08-12 15:13:49,2026-08-12 15:13:49
222368,2956,ECQD7,COMPRA,190,72.0702,0.3660,2026-08-12 10:26:46,2026-08-12 10:26:48,2026-08-12 10:26:48
222369,1015,ZYVN7,COMPRA,210,90.5853,10.9892,2026-08-12 15:49:46,2026-08-12 15:49:47,2026-08-12 15:49:47
222370,2181,WIPB2,COMPRA,200,118.7683,5.0225,2026-08-12 17:23:18,2026-08-12 17:23:21,2026-08-12 17:23:21
222371,1804,SUZL4,COMPRA,240,131.6201,0.3283,2026-08-12 12:29:57,2026-08-12 12:29:57,2026-08-12 12:29:57
222372,2463,DQSN6,COMPRA,440,115.2581,8.5980,2026-08-12 10:00:35,2026-08-12 10:00:35,2026-08-12 10:00:35
222373,1803,RDOA3,COMPRA,185,79.1162,9.1872,2026-08-12 15:12:37,2026-08-12 15:12:40,2026-08-12 15:12:40
222374,2636,TNHT4,COMPRA,380,155.0845,0.7102,2026-08-12 12:14:07,2026-08-12 12:14:10,2026-08-12 12:14:10
222375,1551,MWVU7,COMPRA,114,62.4079,11.0534,2026-08-12 15:26:26,2026-08-12 15:26:27,2026-08-12 15:26:27
222376,3250,GKQC5,COMPRA,305,118.2595,8.6487,2026-08-12 14:08:35,2026-08-12 14:08:36,2026-08-12 14:08:36
222377,3312,VLEB3,COMPRA,100,330.0105,7.6372,2026-08-12 14:42:04,2026-08-12 14:42:06,2026-08-12 14:42:06
222378,2089,TNHT4,VENDA,320,146.4496,0.6765,2026-08-12 13:54:38,2026-08-12 13:54:39,2026-08-12 13:54:39
222379,3233,OVYL9,COMPRA,85,60.0000,7.2171,2026-08-12 11:56:57,2026-08-12 11:56:59,2026-08-12 11:56:59
222380,3520,XLZM9,COMPRA,175,62.7995,11.7920,2026-08-12 15:35:33,2026-08-12 15:35:35,2026-08-12 15:35:35
222381,1703,AAWB3,COMPRA,488,181.7778,7.6938,2026-08-12 14:50:29,2026-08-12 14:50:32,2026-08-12 14:50:32
222382,1473,HJRH5,COMPRA,115,137.5483,6.3405,2026-08-12 15:01:24,2026-08-12 15:01:24,2026-08-12 15:01:24
222383,1684,TBWG2,COMPRA,140,86.8466,2.0585,2026-08-12 16:24:17,2026-08-12 16:24:17,2026-08-12 16:24:17
222384,3053,XAVL3,COMPRA,425,194.4302,1.0750,2026-08-12 11:57:00,2026-08-12 11:57:01,2026-08-12 11:57:01
222385,1669,OEQA8,COMPRA,110,544.5704,1.6873,2026-08-12 17:18:57,2026-08-12 17:19:00,2026-08-12 17:19:00
222386,3069,EEYY9,COMPRA,315,165.0786,10.1479,2026-08-12 17:08:15,2026-08-12 17:08:18,2026-08-12 17:08:18
222387,1108,QEUC2,COMPRA,230,208.8476,12.1552,2026-08-12 15:19:49,2026-08-12 15:19:50,2026-08-12 15:19:50
222388,2773,EEYY9,VENDA,370,150.5000,7.3608,2026-08-12 14:43:54,2026-08-12 14:43:57,2026-08-12 14:43:57
222389,2307,WXFC8,COMPRA,145,65.6004,8.7914,2026-08-12 14:47:15,2026-08-12 14:47:18,2026-08-12 14:47:18
222390,3273,NHYK8,COMPRA,390,64.7908,5.8948,2026-08-12 13:22:09,2026-08-12 13:22:10,2026-08-12 13:22:10
222391,3310,AYFQ2,COMPRA,118,11.3453,2.9752,2026-08-12 10:23:50,2026-08-12 10:23:50,2026-08-12 10:23:50
222392,3094,JUDG8,COMPRA,235,74.5377,3.1249,2026-08-12 14:31:17,2026-08-12 14:31:19,2026-08-12 14:31:19
222393,1471,LGKU6,COMPRA,475,88.8555,7.1304,2026-08-12 12:16:03,2026-08-12 12:16:05,2026-08-12 12:16:05
222394,2347,MWVU7,COMPRA,195,88.9744,10.8628,2026-08-12 10:33:10,2026-08-12 10:33:11,2026-08-12 10:33:11
222395,2851,TBWG2,COMPRA,370,77.4296,12.6252,2026-08-12 12:49:04,2026-08-12 12:49:06,2026-08-12 12:49:06
222396,1287,OEQA8,COMPRA,420,538.9356,11.2229,2026-08-12 11:53:01,2026-08-12 11:53:02,2026-08-12 11:53:02
222397,2973,JIPR4,VENDA,108,40.2360,8.9473,2026-08-12 10:55:35,2026-08-12 10:55:36,2026-08-12 10:55:36
222398,1542,MCMT2,COMPRA,450,97.8933,5.8440,2026-08-12 10:13:45,2026-08-12 10:13:48,2026-08-12 10:13:48
222399,2314,QTDZ2,COMPRA,285,50.4318,6.8412,2026-08-12 13:42:07,2026-08-12 13:42:07,2026-08-12 13:42:07
222400,3313,SVOZ4,COMPRA,45,56.8952,9.3565,2026-08-12 12:33:29,2026-08-12 12:33:29,2026-08-12 12:33:29
222401,1006,MGRR2,COMPRA,60,157.3045,6.8549,2026-08-12 16:08:14,2026-08-12 16:08:15,2026-08-12 16:08:15
222402,1462,BXFJ9,COMPRA,355,175.6402,10.1354,2026-08-12 16:13:25,2026-08-12 16:13:25,2026-08-12 16:13:25
222403,2557,ZYVN7,VENDA,55,83.4456,4.0524,2026-08-12 16:01:23,2026-08-12 16:01:26,2026-08-12 16:01:26
222404,2305,ACSV1,COMPRA,200,86.5481,7.5634,2026-08-12 10:12:25,2026-08-12 10:12:25,2026-08-12 10:12:25
222405,1366,WMQZ6,COMPRA,470,75.6626,5.5412,2026-08-12 10:09:12,2026-08-12 10:09:13,2026-08-12 10:09:13
222406,2479,CQIL9,COMPRA,485,29.9771,7.4770,2026-08-12 14:07:42,2026-08-12 14:07:45,2026-08-12 14:07:45
222407,2546,IJJK3,VENDA,345,111.8920,7.1548,2026-08-12 13:42:16,2026-08-12 13:42:17,2026-08-12 13:42:17
222408,3006,SGBG8,COMPRA,410,72.3385,2.0999,2026-08-12 10:52:43,2026-08-12 10:52:46,2026-08-12 10:52:46
222409,1663,SRDU1,COMPRA,60,80.4480,4.7014,2026-08-12 16:33:58,2026-08-12 16:33:59,2026-08-12 16:33:59
222410,3256,RMRT1,COMPRA,380,115.2175,3.6746,2026-08-12 10:20:43,2026-08-12 10:20:45,2026-08-12 10:20:45
222411,3271,UFMA7,COMPRA,25,149.9847,1.0390,2026-08-12 13:54:00,2026-08-12 13:54:01,2026-08-12 13:54:01
222412,3276,UFMA7,COMPRA,210,168.3243,7.7172,2026-08-12 12:58:22,2026-08-12 12:58:25,2026-08-12 12:58:25
222413,1622,PQUT9,COMPRA,12,71.5443,12.0313,2026-08-12 11:15:59,2026-08-12 11:16:02,2026-08-12 11:16:02
222414,2656,FYZB6,COMPRA,131,74.0850,8.2398,2026-08-12 11:49:48,2026-08-12 11:49:51,2026-08-12 11:49:51
222415,1996,ZHTL2,COMPRA,400,65.5927,9.9810,2026-08-12 15:53:05,2026-08-12 15:53:06,2026-08-12 15:53:06
222416,2302,XTVW5,COMPRA,185,129.2936,7.0355,2026-08-12 14:01:52,2026-08-12 14:01:53,2026-08-12 14:01:53
222417,1194,TBWG2,COMPRA,415,92.3743,7.7235,2026-08-12 17:21:48,2026-08-12 17:21:49,2026-08-12 17:21:49
222418,1074,TNHT4,COMPRA,255,115.6444,4.5048,2026-08-12 12:02:05,2026-08-12 12:02:08,2026-08-12 12:02:08
222419,1803,RYPL6,COMPRA,395,88.9629,9.0029,2026-08-12 16:48:32,2026-08-12 16:48:35,2026-08-12 16:48:35
222420,2468,YFAH5,COMPRA,115,203.9505,8.9702,2026-08-12 16:16:12,2026-08-12 16:16:15,2026-08-12 16:16:15
222421,1719,MCHX2,COMPRA,355,110.6555,7.5945,2026-08-12 12:35:49,2026-08-12 12:35:49,2026-08-12 12:35:49
222422,2862,MCHX2,COMPRA,140,91.6445,10.0695,2026-08-12 15:38:27,2026-08-12 15:38:30,2026-08-12 15:38:30
222423,2153,UVEY5,COMPRA,90,79.0315,10.3400,2026-08-12 11:22:59,2026-08-12 11:22:59,2026-08-12 11:22:59
222424,2919,HJRH5,COMPRA,45,145.7011,10.4633,2026-08-12 10:44:27,2026-08-12 10:44:29,2026-08-12 10:44:29
222425,3243,WMQZ6,COMPRA,255,60.0000,9.2914,2026-08-12 16:06:58,2026-08-12 16:07:01,2026-08-12 16:07:01
222426,1352,IPXK2,COMPRA,125,348.5302,8.2210,2026-08-12 12:59:46,2026-08-12 12:59:46,2026-08-12 12:59:46
222427,2355,NAOF3,COMPRA,225,66.7692,0.7396,2026-08-12 10:04:01,2026-08-12 10:04:02,2026-08-12 10:04:02
222428,1044,AAWB3,COMPRA,485,158.3252,0.0320,2026-08-12 16:09:53,2026-08-12 16:09:56,2026-08-12 16:09:56
222429,2806,XAVL3,COMPRA,75,188.3043,9.0349,2026-08-12 17:06:26,2026-08-12 17:06:29,2026-08-12 17:06:29
222430,1544,OEQA8,COMPRA,466,436.9975,3.4474,2026-08-12 13:25:35,2026-08-12 13:25:37,2026-08-12 13:25:37
222431,2922,PSEN6,COMPRA,200,239.9422,3.7121,2026-08-12 10:14:18,2026-08-12 10:14:20,2026-08-12 10:14:20
222432,1746,CQIL9,COMPRA,50,43.7867,12.8570,2026-08-12 10:38:36,2026-08-12 10:38:36,2026-08-12 10:38:36
222433,1761,NGIU9,COMPRA,235,91.8970,3.5778,2026-08-12 12:59:49,2026-08-12 12:59:49,2026-08-12 12:59:49
222434,2179,SRDU1,COMPRA,225,68.5406,4.0424,2026-08-12 15:43:32,2026-08-12 15:43:32,2026-08-12 15:43:32
222435,1260,ICSU4,COMPRA,5,130.0213,12.8688,2026-08-12 16:12:31,2026-08-12 16:12:32,2026-08-12 16:12:32
222436,2775,JJVW6,COMPRA,455,105.7405,3.8693,2026-08-12 16:36:50,2026-08-12 16:36:52,2026-08-12 16:36:52
222437,1551,XPVA7,COMPRA,470,362.3822,7.5612,2026-08-12 15:32:17,2026-08-12 15:32:20,2026-08-12 15:32:20
222438,2202,DQSN6,COMPRA,120,122.4906,3.0860,2026-08-12 11:01:58,2026-08-12 11:02:00,2026-08-12 11:02:00
222439,3464,BGNM6,COMPRA,367,121.3189,4.8096,2026-08-12 16:08:08,2026-08-12 16:08:09,2026-08-12 16:08:09
222440,2715,MJDL9,COMPRA,326,41.4023,0.0363,2026-08-12 13:58:06,2026-08-12 13:58:09,2026-08-12 13:58:09
222441,2402,MGRR2,COMPRA,100,135.4829,2.1572,2026-08-12 12:12:52,2026-08-12 12:12:55,2026-08-12 12:12:55
222442,1260,PQUT9,COMPRA,260,87.5383,11.8067,2026-08-12 13:22:32,2026-08-12 13:22:34,2026-08-12 13:22:34
222443,1312,KQEO3,COMPRA,86,56.8040,6.8411,2026-08-12 12:38:27,2026-08-12 12:38:29,2026-08-12 12:38:29
222444,2217,ZAAS7,COMPRA,385,440.8835,8.7541,2026-08-12 10:38:01,2026-08-12 10:38:02,2026-08-12 10:38:02
222445,3183,AYFQ2,COMPRA,365,12.1643,9.6529,2026-08-12 12:38:46,2026-08-12 12:38:46,2026-08-12 12:38:46
222446,2549,IWFI1,COMPRA,325,181.1049,9.3063,2026-08-12 16:25:23,2026-08-12 16:25:23,2026-08-12 16:25:23
222447,1525,IJJK3,VENDA,125,113.9894,2.8415,2026-08-12 10:22:13,2026-08-12 10:22:14,2026-08-12 10:22:14
222448,1069,RHXV4,COMPRA,275,53.9899,9.3781,2026-08-12 10:17:56,2026-08-12 10:17:57,2026-08-12 10:17:57
222449,3303,IJJK3,COMPRA,61,108.5628,11.7610,2026-08-12 15:28:12,2026-08-12 15:28:15,2026-08-12 15:28:15
222450,1717,CQJZ4,COMPRA,290,86.6642,11.9538,2026-08-12 16:06:23,2026-08-12 16:06:26,2026-08-12 16:06:26
222451,2381,IJJK3,COMPRA,365,133.1900,0.2912,2026-08-12 13:03:05,2026-08-12 13:03:07,2026-08-12 13:03:07
222452,2670,MCHX2,COMPRA,230,117.5647,11.1490,2026-08-12 15:17:19,2026-08-12 15:17:19,2026-08-12 15:17:19
222453,3095,GFDF2,COMPRA,290,74.2983,3.2014,2026-08-12 16:43:13,2026-08-12 16:43:15,2026-08-12 16:43:15
222454,1395,PQUT9,COMPRA,272,96.2558,5.9272,2026-08-12 10:47:59,2026-08-12 10:48:02,2026-08-12 10:48:02
222455,3071,GFDF2,COMPRA,341,77.5339,0.1359,2026-08-12 11:17:57,2026-08-12 11:17:57,2026-08-12 11:17:57
222456,2305,QQQS1,COMPRA,490,22.8492,4.8627,2026-08-12 15:47:04,2026-08-12 15:47:06,2026-08-12 15:47:06
222457,1527,AAUA7,VENDA,160,159.2644,9.4811,2026-08-12 15:02:44,2026-08-12 15:02:44,2026-08-12 15:02:44
222458,2390,WXFC8,COMPRA,290,94.4184,0.2983,2026-08-12 11:10:13,2026-08-12 11:10:13,2026-08-12 11:10:13
222459,2055,HJRH5,COMPRA,10,173.8508,0.4600,2026-08-12 12:01:03,2026-08-12 12:01:05,2026-08-12 12:01:05
222460,2153,RHXV4,COMPRA,425,73.2188,10.6390,2026-08-12 11:20:48,2026-08-12 11:20:51,2026-08-12 11:20:51
222461,1346,YRWH3,COMPRA,425,214.0693,10.7128,2026-08-12 13:52:25,2026-08-12 13:52:28,2026-08-12 13:52:28
222462,2579,KFSY2,COMPRA,60,123.9186,4.3733,2026-08-12 16:18:15,2026-08-12 16:18:18,2026-08-12 16:18:18
222463,3055,WXQM6,COMPRA,360,54.8462,12.1260,2026-08-12 15:49:14,2026-08-12 15:49:17,2026-08-12 15:49:17
222464,2293,BGNM6,COMPRA,310,122.1792,11.8183,2026-08-12 11:34:37,2026-08-12 11:34:38,2026-08-12 11:34:38
222465,3047,EEYY9,COMPRA,280,167.9793,12.1075,2026-08-12 10:45:40,2026-08-12 10:45:40,2026-08-12 10:45:40
222466,2109,NAOF3,COMPRA,20,69.6275,2.6119,2026-08-12 14:18:05,2026-08-12 14:18:06,2026-08-12 14:18:06
222467,2834,OXVD8,COMPRA,80,78.3725,4.6461,2026-08-12 11:20:27,2026-08-12 11:20:27,2026-08-12 11:20:27
222468,3512,WMQZ6,COMPRA,237,71.9330,0.8666,2026-08-12 13:02:43,2026-08-12 13:02:45,2026-08-12 13:02:45
222469,2693,MCMT2,COMPRA,270,117.2882,10.9764,2026-08-12 12:02:12,2026-08-12 12:02:14,2026-08-12 12:02:14
222470,2832,AYFQ2,COMPRA,152,12.6047,2.4527,2026-08-12 13:22:54,2026-08-12 13:22:55,2026-08-12 13:22:55
222471,1224,RFNS7,COMPRA,475,80.9226,3.1671,2026-08-12 15:40:14,2026-08-12 15:40:16,2026-08-12 15:40:16
222472,2373,FRGH8,COMPRA,251,93.7283,9.8945,2026-08-12 15:13:21,2026-08-12 15:13:22,2026-08-12 15:13:22
222473,2774,CQIL9,COMPRA,430,38.3594,8.7785,2026-08-12 13:09:53,2026-08-12 13:09:54,2026-08-12 13:09:54
222474,2662,YCCK8,COMPRA,195,311.6395,9.3781,2026-08-12 14:37:12,2026-08-12 14:37:12,2026-08-12 14:37:12
222475,2417,XOVY4,COMPRA,485,101.7186,1.7168,2026-08-12 13:51:36,2026-08-12 13:51:37,2026-08-12 13:51:37
222476,1338,TVCE9,COMPRA,24,62.4168,2.9464,2026-08-12 15:40:44,2026-08-12 15:40:44,2026-08-12 15:40:44
222477,2649,DMTZ8,COMPRA,485,213.2665,1.3506,2026-08-12 14:48:22,2026-08-12 14:48:22,2026-08-12 14:48:22
222478,2850,HCLJ8,COMPRA,320,124.1141,1.4683,2026-08-12 16:30:31,2026-08-12 16:30:34,2026-08-12 16:30:34
222479,1126,HCZM2,COMPRA,125,395.4783,5.2437,2026-08-12 14:27:10,2026-08-12 14:27:10,2026-08-12 14:27:10
222480,1780,UCHR6,COMPRA,175,361.2112,11.3406,2026-08-12 15:44:18,2026-08-12 15:44:21,2026-08-12 15:44:21
222481,3155,TXHR8,COMPRA,69,64.4626,2.2985,2026-08-12 17:01:42,2026-08-12 17:01:45,2026-08-12 17:01:45
222482,2701,RHXV4,COMPRA,195,60.6236,4.1673,2026-08-12 11:49:56,2026-08-12 11:49:58,2026-08-12 11:49:58
222483,2219,JIPR4,COMPRA,485,37.1566,0.0560,2026-08-12 11:44:27,2026-08-12 11:44:27,2026-08-12 11:44:27
222484,2144,NPEM3,COMPRA,255,88.4241,11.6082,2026-08-12 12:16:44,2026-08-12 12:16:44,2026-08-12 12:16:44
222485,1239,RMRT1,COMPRA,15,87.9493,9.7323,2026-08-12 15:56:35,2026-08-12 15:56:36,2026-08-12 15:56:36
222486,3488,LIEG8,COMPRA,190,85.5067,9.5010,2026-08-12 11:36:13,2026-08-12 11:36:14,2026-08-12 11:36:14
222487,2994,XLZM9,COMPRA,479,62.5449,4.6517,2026-08-12 16:16:52,2026-08-12 16:16:54,2026-08-12 16:16:54
222488,1979,UFMA7,COMPRA,445,180.0552,9.1750,2026-08-12 11:18:34,2026-08-12 11:18:34,2026-08-12 11:18:34
222489,2397,ENRZ2,COMPRA,350,84.5782,6.4080,2026-08-12 15:54:29,2026-08-12 15:54:29,2026-08-12 15:54:29
222490,1105,MCMT2,COMPRA,240,90.3048,10.5604,2026-08-12 15:53:18,2026-08-12 15:53:19,2026-08-12 15:53:19
222491,2905,JIPA6,COMPRA,115,43.0814,1.2943,2026-08-12 13:41:25,2026-08-12 13:41:27,2026-08-12 13:41:27
222492,2228,JIPA6,COMPRA,123,35.2708,11.1642,2026-08-12 11:47:29,2026-08-12 11:47:29,2026-08-12 11:47:29
222493,2045,EEYY9,COMPRA,380,173.7501,5.9453,2026-08-12 13:15:06,2026-08-12 13:15:08,2026-08-12 13:15:08
222494,3077,XAVL3,COMPRA,325,156.5287,9.9615,2026-08-12 10:09:04,2026-08-12 10:09:05,2026-08-12 10:09:05
222495,2442,YFAH5,COMPRA,490,127.0378,11.9134,2026-08-12 15:07:28,2026-08-12 15:07:28,2026-08-12 15:07:28
222496,1601,WIPB2,COMPRA,330,136.1782,1.9469,2026-08-12 15:18:31,2026-08-12 15:18:34,2026-08-12 15:18:34
222497,2385,LQML9,COMPRA,336,112.7265,3.8904,2026-08-12 11:23:07,2026-08-12 11:23:09,2026-08-12 11:23:09
222498,3126,QATW7,COMPRA,210,37.8351,5.3472,2026-08-12 16:45:58,2026-08-12 16:45:58,2026-08-12 16:45:58
222499,2567,IWAK1,COMPRA,95,84.0145,9.8723,2026-08-12 11:07:14,2026-08-12 11:07:17,2026-08-12 11:07:17
222500,1693,CQIL9,COMPRA,220,42.2264,2.3210,2026-08-12 13:54:00,2026-08-12 13:54:03,2026-08-12 13:54:03
222501,2021,RFNS7,COMPRA,445,71.0110,8.1529,2026-08-12 16:57:32,2026-08-12 16:57:34,2026-08-12 16:57:34
222502,2238,YIHC3,COMPRA,34,65.4186,5.7132,2026-08-12 11:26:15,2026-08-12 11:26:17,2026-08-12 11:26:17
222503,2255,FRGH8,COMPRA,475,96.0295,5.3292,2026-08-12 14:28:51,2026-08-12 14:28:53,2026-08-12 14:28:53
222504,1362,GFDF2,COMPRA,325,89.6906,12.4800,2026-08-12 10:14:14,2026-08-12 10:14:17,2026-08-12 10:14:17
222505,2981,RFNS7,COMPRA,50,105.5031,4.9722,2026-08-12 15:15:29,2026-08-12 15:15:31,2026-08-12 15:15:31
222506,3045,IZTY4,COMPRA,453,36.7849,6.4777,2026-08-12 12:54:32,2026-08-12 12:54:33,2026-08-12 12:54:33
222507,2214,YCCK8,COMPRA,355,313.1824,10.6287,2026-08-12 13:38:48,2026-08-12 13:38:50,2026-08-12 13:38:50
222508,3377,OVUQ2,COMPRA,50,38.5189,6.5680,2026-08-12 14:39:15,2026-08-12 14:39:18,2026-08-12 14:39:18
222509,1693,TTHO3,COMPRA,95,38.2908,8.3143,2026-08-12 11:29:43,2026-08-12 11:29:45,2026-08-12 11:29:45
222510,1772,HCLJ8,COMPRA,140,120.9455,9.2647,2026-08-12 12:34:07,2026-08-12 12:34:09,2026-08-12 12:34:09
222511,1020,AAUA7,COMPRA,313,109.7319,4.1263,2026-08-12 15:39:23,2026-08-12 15:39:25,2026-08-12 15:39:25
222512,2650,JIPA6,COMPRA,135,28.8116,3.8128,2026-08-12 17:14:35,2026-08-12 17:14:38,2026-08-12 17:14:38
222513,2480,BXFJ9,COMPRA,365,128.7920,6.4937,2026-08-12 14:59:25,2026-08-12 14:59:28,2026-08-12 14:59:28
222514,2940,MCHX2,COMPRA,180,127.3674,1.7900,2026-08-12 14:26:01,2026-08-12 14:26:01,2026-08-12 14:26:01
222515,1047,ECQD7,COMPRA,335,110.3806,0.2878,2026-08-12 13:00:16,2026-08-12 13:00:18,2026-08-12 13:00:18
222516,2721,KQEO3,COMPRA,445,62.7580,7.4568,2026-08-12 14:11:06,2026-08-12 14:11:09,2026-08-12 14:11:09
222517,2373,PQUT9,COMPRA,97,62.5730,8.8217,2026-08-12 12:10:39,2026-08-12 12:10:39,2026-08-12 12:10:39
222518,1277,IPXK2,COMPRA,90,241.5736,5.3117,2026-08-12 15:49:01,2026-08-12 15:49:04,2026-08-12 15:49:04
222519,1482,FYZB6,COMPRA,448,85.0770,4.3956,2026-08-12 14:11:06,2026-08-12 14:11:07,2026-08-12 14:11:07
222520,1016,PZUP8,COMPRA,70,138.0284,12.4119,2026-08-12 16:18:44,2026-08-12 16:18:45,2026-08-12 16:18:45
222521,2556,YFAH5,VENDA,105,140.5574,7.9549,2026-08-12 11:13:52,2026-08-12 11:13:55,2026-08-12 11:13:55
222522,1620,LQML9,COMPRA,250,152.0202,5.8434,2026-08-12 11:48:34,2026-08-12 11:48:37,2026-08-12 11:48:37
222523,1787,UFIU3,COMPRA,249,100.2297,4.6636,2026-08-12 14:45:21,2026-08-12 14:45:22,2026-08-12 14:45:22
222524,3353,GKQC5,COMPRA,245,108.8304,6.9309,2026-08-12 13:01:37,2026-08-12 13:01:39,2026-08-12 13:01:39
222525,2212,OVUQ2,COMPRA,220,50.2234,12.3226,2026-08-12 13:00:22,2026-08-12 13:00:24,2026-08-12 13:00:24
222526,1407,QTDZ2,COMPRA,410,50.4191,0.8883,2026-08-12 17:29:54,2026-08-12 17:29:55,2026-08-12 17:29:55
222527,1693,TNHT4,COMPRA,170,149.2669,11.7125,2026-08-12 12:47:10,2026-08-12 12:47:12,2026-08-12 12:47:12
222528,1243,HCLJ8,COMPRA,415,85.3467,9.0974,2026-08-12 15:04:23,2026-08-12 15:04:23,2026-08-12 15:04:23
222529,3475,EEYY9,COMPRA,235,195.2022,2.6621,2026-08-12 15:44:53,2026-08-12 15:44:53,2026-08-12 15:44:53
222530,2825,JIPR4,COMPRA,425,28.8037,12.0770,2026-08-12 12:27:41,2026-08-12 12:27:41,2026-08-12 12:27:41
222531,2890,PBZM6,COMPRA,280,67.6993,8.6230,2026-08-12 15:17:00,2026-08-12 15:17:02,2026-08-12 15:17:02
222532,2381,VLEB3,COMPRA,500,348.3375,9.6610,2026-08-12 12:56:00,2026-08-12 12:56:00,2026-08-12 12:56:00
222533,2108,QQQS1,COMPRA,335,19.6948,11.3263,2026-08-12 12:14:02,2026-08-12 12:14:05,2026-08-12 12:14:05
222534,1505,IJJK3,COMPRA,135,131.5223,7.3867,2026-08-12 12:06:03,2026-08-12 12:06:05,2026-08-12 12:06:05
222535,3242,XTVW5,COMPRA,341,94.5415,1.1058,2026-08-12 14:32:37,2026-08-12 14:32:37,2026-08-12 14:32:37
222536,1389,UYFJ9,COMPRA,265,104.7497,7.1752,2026-08-12 10:21:52,2026-08-12 10:21:55,2026-08-12 10:21:55
222537,2950,BSDJ7,COMPRA,265,210.3187,6.6099,2026-08-12 13:00:03,2026-08-12 13:00:03,2026-08-12 13:00:03
222538,1563,WHMT3,COMPRA,230,119.0601,10.6713,2026-08-12 16:40:40,2026-08-12 16:40:41,2026-08-12 16:40:41
222539,3529,QTDZ2,COMPRA,489,48.4507,2.9623,2026-08-12 14:32:05,2026-08-12 14:32:05,2026-08-12 14:32:05
222540,2067,KQEO3,COMPRA,470,91.7736,4.7520,2026-08-12 12:08:06,2026-08-12 12:08:08,2026-08-12 12:08:08
222541,2241,ENRZ2,COMPRA,275,83.7349,,2026-08-12 13:11:01,2026-08-12 13:11:02,2026-08-12 13:11:02
222542,1266,TTHO3,COMPRA,145,42.2033,6.0632,2026-08-12 17:28:27,2026-08-12 17:28:28,2026-08-12 17:28:28
222543,3287,YCCK8,COMPRA,430,307.2450,12.1502,2026-08-12 17:24:12,2026-08-12 17:24:12,2026-08-12 17:24:12
222544,1870,BXFJ9,COMPRA,300,167.1076,1.0712,2026-08-12 12:11:06,2026-08-12 12:11:07,2026-08-12 12:11:07
222545,1801,PZUP8,COMPRA,10,197.0033,8.4459,2026-08-12 10:49:08,2026-08-12 10:49:08,2026-08-12 10:49:08
222546,1896,NYGT6,COMPRA,492,91.9154,0.4456,2026-08-12 11:39:09,2026-08-12 11:39:10,2026-08-12 11:39:10
222547,1368,MJDL9,COMPRA,180,31.5656,7.0696,2026-08-12 12:54:17,2026-08-12 12:54:18,2026-08-12 12:54:18
222548,3382,NPEM3,COMPRA,235,120.5006,6.8987,2026-08-12 12:54:01,2026-08-12 12:54:03,2026-08-12 12:54:03
222549,1356,UFMA7,COMPRA,467,204.1794,10.2580,2026-08-12 13:08:29,2026-08-12 13:08:29,2026-08-12 13:08:29
222550,2901,LCCH9,COMPRA,460,9.1665,10.4356,2026-08-12 14:36:38,2026-08-12 14:36:41,2026-08-12 14:36:41
222551,1984,LCCH9,COMPRA,325,9.2781,3.5992,2026-08-12 17:19:46,2026-08-12 17:19:46,2026-08-12 17:19:46
222552,2724,IWFI1,COMPRA,450,199.2575,,2026-08-12 16:21:14,2026-08-12 16:21:14,2026-08-12 16:21:14
222553,2802,RMRT1,COMPRA,445,79.3242,2.3188,2026-08-12 15:04:05,2026-08-12 15:04:06,2026-08-12 15:04:06
222554,2131,AAWB3,COMPRA,85,167.6081,4.7665,2026-08-12 15:35:01,2026-08-12 15:35:03,2026-08-12 15:35:03
222555,1703,NWGB4,COMPRA,365,160.2670,11.9289,2026-08-12 14:55:48,2026-08-12 14:55:48,2026-08-12 14:55:48
222556,2680,PSEN6,COMPRA,95,222.6182,6.4053,2026-08-12 13:57:11,2026-08-12 13:57:12,2026-08-12 13:57:12
222557,3298,JIPR4,COMPRA,100,40.5550,11.3688,2026-08-12 14:09:08,2026-08-12 14:09:10,2026-08-12 14:09:10
222558,2932,ENRZ2,COMPRA,340,77.7594,7.1567,2026-08-12 12:29:32,2026-08-12 12:29:33,2026-08-12 12:29:33
222559,1162,WXFC8,COMPRA,25,102.2056,9.2486,2026-08-12 16:15:56,2026-08-12 16:15:57,2026-08-12 16:15:57
222560,1441,RYPL6,COMPRA,60,89.4464,5.5571,2026-08-12 14:44:19,2026-08-12 14:44:22,2026-08-12 14:44:22
222561,1380,UYFJ9,COMPRA,160,76.8834,4.7952,2026-08-12 10:02:16,2026-08-12 10:02:19,2026-08-12 10:02:19
222562,3162,EEYY9,COMPRA,160,135.7527,3.9347,2026-08-12 16:16:17,2026-08-12 16:16:20,2026-08-12 16:16:20
222563,2651,BSDJ7,COMPRA,100,286.4995,9.3978,2026-08-12 13:52:50,2026-08-12 13:52:53,2026-08-12 13:52:53
222564,1842,VLEB3,COMPRA,184,431.0314,4.2549,2026-08-12 17:04:31,2026-08-12 17:04:32,2026-08-12 17:04:32
222565,2567,YIHC3,COMPRA,23,61.3160,6.2891,2026-08-12 14:25:50,2026-08-12 14:25:50,2026-08-12 14:25:50
222566,1951,QHFL8,COMPRA,339,124.7330,1.4634,2026-08-12 10:52:54,2026-08-12 10:52:56,2026-08-12 10:52:56
222567,1916,LIEG8,COMPRA,468,81.5461,6.7851,2026-08-12 12:52:42,2026-08-12 12:52:44,2026-08-12 12:52:44
222568,3154,UQJU7,COMPRA,290,86.0771,3.4554,2026-08-12 13:07:24,2026-08-12 13:07:26,2026-08-12 13:07:26
222569,1311,DEGN5,COMPRA,495,73.9294,3.2939,2026-08-12 11:45:53,2026-08-12 11:45:54,2026-08-12 11:45:54
222570,3425,NGIU9,COMPRA,255,82.3954,9.4683,2026-08-12 13:40:32,2026-08-12 13:40:35,2026-08-12 13:40:35
222571,3142,SRDU1,COMPRA,285,77.2509,0.9328,2026-08-12 12:40:20,2026-08-12 12:40:22,2026-08-12 12:40:22
222572,2177,MCHX2,COMPRA,240,138.9970,7.9708,2026-08-12 17:18:07,2026-08-12 17:18:08,2026-08-12 17:18:08
222573,1369,PBZM6,COMPRA,135,73.9834,5.1189,2026-08-12 12:07:50,2026-08-12 12:07:51,2026-08-12 12:07:51
222574,1406,XPVA7,COMPRA,265,579.4323,9.0605,2026-08-12 16:41:43,2026-08-12 16:41:46,2026-08-12 16:41:46
222575,2379,QTDZ2,COMPRA,160,42.6823,2.2819,2026-08-12 13:48:09,2026-08-12 13:48:10,2026-08-12 13:48:10
222576,3345,XPVA7,COMPRA,250,409.1131,6.9041,2026-08-12 14:31:07,2026-08-12 14:31:07,2026-08-12 14:31:07
222577,3529,MCMT2,COMPRA,260,98.0810,9.7198,2026-08-12 17:26:33,2026-08-12 17:26:34,2026-08-12 17:26:34
222578,1633,MOLF3,COMPRA,195,54.1587,8.0914,2026-08-12 16:41:00,2026-08-12 16:41:01,2026-08-12 16:41:01
222579,1768,CQIL9,COMPRA,180,34.6455,1.6474,2026-08-12 10:06:44,2026-08-12 10:06:45,2026-08-12 10:06:45
222580,3461,UYFJ9,COMPRA,465,73.3202,6.0432,2026-08-12 16:37:47,2026-08-12 16:37:49,2026-08-12 16:37:49
222581,1093,NAOF3,COMPRA,410,65.4206,11.9566,2026-08-12 15:48:32,2026-08-12 15:48:32,2026-08-12 15:48:32
222582,3161,UCHR6,COMPRA,300,466.0096,8.6125,2026-08-12 10:09:32,2026-08-12 10:09:33,2026-08-12 10:09:33
222583,2200,WXFC8,COMPRA,330,83.1488,1.7650,2026-08-12 17:12:19,2026-08-12 17:12:19,2026-08-12 17:12:19
222584,2405,UFMA7,COMPRA,15,149.5549,4.9135,2026-08-12 15:49:41,2026-08-12 15:49:43,2026-08-12 15:49:43
222585,2920,KFSY2,COMPRA,55,98.2423,12.7188,2026-08-12 14:29:03,2026-08-12 14:29:03,2026-08-12 14:29:03
222586,1847,RMRT1,COMPRA,86,97.1653,2.8595,2026-08-12 10:39:25,2026-08-12 10:39:25,2026-08-12 10:39:25
222587,3531,HJRH5,COMPRA,440,162.1770,11.7183,2026-08-12 11:20:39,2026-08-12 11:20:40,2026-08-12 11:20:40
222588,1239,ERTC4,COMPRA,375,37.8161,1.5170,2026-08-12 11:43:20,2026-08-12 11:43:22,2026-08-12 11:43:22
222589,1003,IWAK1,COMPRA,443,76.1569,9.5083,2026-08-12 15:40:59,2026-08-12 15:41:00,2026-08-12 15:41:00
222590,2977,YRWH3,COMPRA,30,220.4613,1.5048,2026-08-12 12:46:28,2026-08-12 12:46:29,2026-08-12 12:46:29
222591,2785,PZUP8,COMPRA,300,192.0667,12.2775,2026-08-12 14:35:07,2026-08-12 14:35:09,2026-08-12 14:35:09
222592,3468,RMRT1,COMPRA,90,117.4034,5.4942,2026-08-12 16:31:16,2026-08-12 16:31:16,2026-08-12 16:31:16
222593,1383,NWGB4,COMPRA,65,115.1916,11.9475,2026-08-12 12:39:43,2026-08-12 12:39:45,2026-08-12 12:39:45
222594,3439,FRGH8,COMPRA,500,61.9627,0.7861,2026-08-12 12:26:57,2026-08-12 12:26:58,2026-08-12 12:26:58
222595,2191,KFSY2,COMPRA,386,86.2455,2.4982,2026-08-12 16:02:08,2026-08-12 16:02:10,2026-08-12 16:02:10
222596,2105,TNHT4,COMPRA,470,139.6497,7.6423,2026-08-12 14:21:14,2026-08-12 14:21:16,2026-08-12 14:21:16
222597,1896,UFMA7,COMPRA,320,177.0524,5.3757,2026-08-12 11:04:45,2026-08-12 11:04:48,2026-08-12 11:04:48
222598,1761,ACSV1,COMPRA,430,116.9597,4.8458,2026-08-12 11:47:46,2026-08-12 11:47:46,2026-08-12 11:47:46
222599,1036,QATW7,COMPRA,2,44.6683,0.4203,2026-08-12 14:51:00,2026-08-12 14:51:03,2026-08-12 14:51:03
222600,1222,RMRT1,COMPRA,285,86.6983,5.9719,2026-08-12 11:20:28,2026-08-12 11:20:31,2026-08-12 11:20:31
222601,2305,NQYT3,COMPRA,490,62.0369,7.1700,2026-08-12 16:55:30,2026-08-12 16:55:30,2026-08-12 16:55:30
222602,1333,KFSY2,COMPRA,295,115.6228,8.3477,2026-08-12 15:53:56,2026-08-12 15:53:57,2026-08-12 15:53:57
222603,1257,AYFQ2,COMPRA,455,12.3437,4.9134,2026-08-12 17:10:28,2026-08-12 17:10:30,2026-08-12 17:10:30
222604,2079,OXVD8,COMPRA,455,83.8420,8.2442,2026-08-12 16:30:28,2026-08-12 16:30:28,2026-08-12 16:30:28
222605,2883,DQSN6,COMPRA,216,156.3435,6.2526,2026-08-12 10:40:35,2026-08-12 10:40:36,2026-08-12 10:40:36
222606,1701,UFIU3,COMPRA,440,90.0963,3.2840,2026-08-12 15:28:31,2026-08-12 15:28:33,2026-08-12 15:28:33
222607,1511,HCZM2,COMPRA,140,468.5044,1.2980,2026-08-12 10:06:31,2026-08-12 10:06:32,2026-08-12 10:06:32
222608,1265,NWGB4,COMPRA,15,102.9258,9.7537,2026-08-12 15:39:32,2026-08-12 15:39:35,2026-08-12 15:39:35
222609,2648,XPVA7,COMPRA,285,445.1355,5.5953,2026-08-12 17:01:25,2026-08-12 17:01:27,2026-08-12 17:01:27
222610,3405,XLZM9,VENDA,285,65.5756,8.2582,2026-08-12 15:36:03,2026-08-12 15:36:05,2026-08-12 15:36:05
222611,3127,RIET5,COMPRA,255,174.8315,4.0175,2026-08-12 11:36:15,2026-08-12 11:36:18,2026-08-12 11:36:18
222612,1352,DHRM5,COMPRA,425,385.9646,4.3518,2026-08-12 14:01:18,2026-08-12 14:01:20,2026-08-12 14:01:20
222613,1820,AAWB3,COMPRA,135,175.8352,10.1587,2026-08-12 15:59:00,2026-08-12 15:59:00,2026-08-12 15:59:00
222614,2746,RSBT4,COMPRA,290,330.2953,6.2391,2026-08-12 10:37:45,2026-08-12 10:37:45,2026-08-12 10:37:45
222615,1703,TXHR8,COMPRA,395,92.7542,0.9158,2026-08-12 14:30:56,2026-08-12 14:30:57,2026-08-12 14:30:57
222616,3404,OXVD8,COMPRA,360,84.8872,8.5848,2026-08-12 10:30:42,2026-08-12 10:30:42,2026-08-12 10:30:42
222617,1167,QTDZ2,COMPRA,455,61.9155,10.4915,2026-08-12 12:27:58,2026-08-12 12:28:00,2026-08-12 12:28:00
222618,2842,RIET5,COMPRA,112,170.9547,11.4937,2026-08-12 15:15:21,2026-08-12 15:15:21,2026-08-12 15:15:21
222619,2050,NQYT3,COMPRA,20,60.9821,12.8898,2026-08-12 16:54:22,2026-08-12 16:54:23,2026-08-12 16:54:23
222620,1441,MOLF3,COMPRA,333,64.8375,11.3923,2026-08-12 16:17:16,2026-08-12 16:17:19,2026-08-12 16:17:19
222621,2483,NYGT6,COMPRA,439,94.8434,6.5942,2026-08-12 16:26:20,2026-08-12 16:26:22,2026-08-12 16:26:22
222622,1130,NAOF3,COMPRA,350,76.7683,5.4473,2026-08-12 13:24:42,2026-08-12 13:24:44,2026-08-12 13:24:44
222623,2529,BXFJ9,COMPRA,255,139.5616,10.9100,2026-08-12 14:49:26,2026-08-12 14:49:26,2026-08-12 14:49:26
222624,3000,OVUQ2,COMPRA,295,38.6262,5.3405,2026-08-12 11:53:14,2026-08-12 11:53:16,2026-08-12 11:53:16
222625,1375,JDJG6,COMPRA,15,85.9216,2.7496,2026-08-12 12:25:14,2026-08-12 12:25:17,2026-08-12 12:25:17
222626,1311,PBZM6,COMPRA,345,47.5488,4.5717,2026-08-12 12:06:40,2026-08-12 12:06:40,2026-08-12 12:06:40
222627,1518,SRDU1,COMPRA,253,73.5739,11.8682,2026-08-12 13:31:17,2026-08-12 13:31:18,2026-08-12 13:31:18
222628,2404,MCHX2,COMPRA,150,102.9158,12.0141,2026-08-12 11:52:02,2026-08-12 11:52:05,2026-08-12 11:52:05
222629,2263,HCLJ8,COMPRA,245,115.1500,7.8833,2026-08-12 11:44:37,2026-08-12 11:44:38,2026-08-12 11:44:38
222630,3136,JUDG8,COMPRA,270,67.0599,8.3760,2026-08-12 15:41:36,2026-08-12 15:41:36,2026-08-12 15:41:36
222631,3141,TVCE9,COMPRA,365,57.6747,10.1305,2026-08-12 10:33:35,2026-08-12 10:33:37,2026-08-12 10:33:37
222632,2429,MWVU7,COMPRA,95,68.6034,1.4807,2026-08-12 16:10:11,2026-08-12 16:10:14,2026-08-12 16:10:14
222633,3019,UYFJ9,COMPRA,15,96.3566,3.7036,2026-08-12 14:43:06,2026-08-12 14:43:07,2026-08-12 14:43:07
222634,1133,OVUQ2,COMPRA,5,54.2083,2.3422,2026-08-12 12:36:23,2026-08-12 12:36:24,2026-08-12 12:36:24
222635,1904,ACSV1,COMPRA,400,88.5385,0.5949,2026-08-12 10:31:32,2026-08-12 10:31:33,2026-08-12 10:31:33
222636,3296,NPEM3,COMPRA,320,102.9118,8.6277,2026-08-12 13:19:15,2026-08-12 13:19:15,2026-08-12 13:19:15
222637,1141,QTHQ1,COMPRA,345,17.4137,10.2423,2026-08-12 16:13:02,2026-08-12 16:13:02,2026-08-12 16:13:02
222638,1103,MOLF3,COMPRA,445,43.7003,12.1325,2026-08-12 11:35:11,2026-08-12 11:35:14,2026-08-12 11:35:14
222639,3360,QQQS1,COMPRA,495,21.2657,1.1248,2026-08-12 12:16:19,2026-08-12 12:16:20,2026-08-12 12:16:20
222640,2707,SUZL4,COMPRA,95,149.9091,10.1455,2026-08-12 11:58:40,2026-08-12 11:58:43,2026-08-12 11:58:43
222641,1144,DGBT6,COMPRA,51,94.7336,0.2494,2026-08-12 15:07:16,2026-08-12 15:07:19,2026-08-12 15:07:19
222642,2162,JIPR4,COMPRA,96,36.6548,3.8180,2026-08-12 13:49:31,2026-08-12 13:49:33,2026-08-12 13:49:33
222643,1240,LIEG8,COMPRA,373,101.9932,0.4645,2026-08-12 11:56:36,2026-08-12 11:56:36,2026-08-12 11:56:36
222644,2850,NREP8,COMPRA,15,121.1116,6.7032,2026-08-12 15:40:14,2026-08-12 15:40:14,2026-08-12 15:40:14
222645,2234,LGKU6,COMPRA,172,89.1474,12.2698,2026-08-12 14:27:25,2026-08-12 14:27:27,2026-08-12 14:27:27
222646,2868,EEYY9,COMPRA,485,172.4578,0.1734,2026-08-12 13:13:02,2026-08-12 13:13:04,2026-08-12 13:13:04
222647,2253,YIHC3,COMPRA,245,77.7925,11.5565,2026-08-12 11:32:31,2026-08-12 11:32:32,2026-08-12 11:32:32
222648,1832,YFAH5,COMPRA,450,203.5786,8.4129,2026-08-12 12:51:33,2026-08-12 12:51:34,2026-08-12 12:51:34
222649,3396,MOLF3,COMPRA,215,45.8382,7.7605,2026-08-12 11:03:13,2026-08-12 11:03:14,2026-08-12 11:03:14
222650,2015,DGBT6,COMPRA,80,94.0109,4.4045,2026-08-12 13:33:31,2026-08-12 13:33:33,2026-08-12 13:33:33
222651,2231,RMRT1,COMPRA,320,79.8939,10.1431,2026-08-12 16:50:30,2026-08-12 16:50:30,2026-08-12 16:50:30
222652,2009,SGBG8,COMPRA,290,90.6272,6.3599,2026-08-12 17:00:59,2026-08-12 17:01:02,2026-08-12 17:01:02
222653,3514,IZTY4,COMPRA,50,26.3447,12.5146,2026-08-12 17:17:03,2026-08-12 17:17:04,2026-08-12 17:17:04
222654,2022,NYGT6,COMPRA,165,118.0585,2.0847,2026-08-12 17:05:11,2026-08-12 17:05:11,2026-08-12 17:05:11
222655,3238,BXFJ9,COMPRA,410,123.2193,5.8607,2026-08-12 16:06:24,2026-08-12 16:06:26,2026-08-12 16:06:26
222656,1305,MOLF3,COMPRA,125,56.9085,0.3735,2026-08-12 10:41:00,2026-08-12 10:41:00,2026-08-12 10:41:00
222657,1675,XTVW5,COMPRA,295,110.4364,8.3407,2026-08-12 15:08:31,2026-08-12 15:08:33,2026-08-12 15:08:33
222658,2987,PZUP8,COMPRA,210,122.5871,8.9371,2026-08-12 17:24:35,2026-08-12 17:24:36,2026-08-12 17:24:36
222659,1986,DGBT6,COMPRA,370,73.1454,7.2008,2026-08-12 12:46:36,2026-08-12 12:46:37,2026-08-12 12:46:37
222660,1299,UFMA7,COMPRA,480,186.7937,11.7002,2026-08-12 15:12:43,2026-08-12 15:12:43,2026-08-12 15:12:43
222661,1532,IPXK2,COMPRA,220,390.3038,10.0487,2026-08-12 15:01:08,2026-08-12 15:01:11,2026-08-12 15:01:11
222662,3508,QTHQ1,COMPRA,170,22.3724,12.1264,2026-08-12 14:16:33,2026-08-12 14:16:34,2026-08-12 14:16:34
222663,1669,DEGN5,COMPRA,45,68.0220,8.9733,2026-08-12 14:25:24,2026-08-12 14:25:25,2026-08-12 14:25:25
222664,3483,ZAAS7,COMPRA,260,470.0416,5.1242,2026-08-12 15:51:12,2026-08-12 15:51:12,2026-08-12 15:51:12
222665,3426,TVCE9,COMPRA,475,59.6021,9.4550,2026-08-12 17:25:57,2026-08-12 17:26:00,2026-08-12 17:26:00
222666,2618,IPXK2,COMPRA,385,355.7379,9.2217,2026-08-12 10:23:25,2026-08-12 10:23:28,2026-08-12 10:23:28
222667,2811,DQSN6,COMPRA,500,157.3414,5.1522,2026-08-12 15:56:28,2026-08-12 15:56:28,2026-08-12 15:56:28
222668,1798,CQIL9,COMPRA,295,28.0465,3.0733,2026-08-12 11:04:13,2026-08-12 11:04:13,2026-08-12 11:04:13
222669,2574,LQML9,COMPRA,10,113.6430,2.2203,2026-08-12 16:02:58,2026-08-12 16:03:01,2026-08-12 16:03:01
222670,2565,UYFJ9,COMPRA,425,93.0148,2.9891,2026-08-12 10:38:17,2026-08-12 10:38:19,2026-08-12 10:38:19
222671,1067,VLEB3,COMPRA,5,449.0983,6.1511,2026-08-12 11:02:40,2026-08-12 11:02:43,2026-08-12 11:02:43
222672,3039,GAKD5,COMPRA,115,325.7214,6.2539,2026-08-12 12:33:57,2026-08-12 12:33:59,2026-08-12 12:33:59
222673,1437,UYFJ9,COMPRA,95,97.1118,0.6571,2026-08-12 12:42:49,2026-08-12 12:42:49,2026-08-12 12:42:49
222674,1654,DMTZ8,COMPRA,5,198.7229,9.9989,2026-08-12 13:26:33,2026-08-12 13:26:34,2026-08-12 13:26:34
222675,3383,YIHC3,COMPRA,395,51.8610,1.5866,2026-08-12 16:51:24,2026-08-12 16:51:26,2026-08-12 16:51:26
222676,2399,SVOZ4,COMPRA,285,35.7598,6.1015,2026-08-12 12:45:29,2026-08-12 12:45:31,2026-08-12 12:45:31
222677,2366,VLEB3,COMPRA,80,411.7446,2.0403,2026-08-12 10:51:00,2026-08-12 10:51:00,2026-08-12 10:51:00
222678,3147,TVCE9,COMPRA,330,51.5876,4.0953,2026-08-12 10:14:48,2026-08-12 10:14:49,2026-08-12 10:14:49
222679,1429,NAOF3,COMPRA,485,49.6264,7.1409,2026-08-12 14:16:19,2026-08-12 14:16:20,2026-08-12 14:16:20
222680,1729,JJVW6,COMPRA,30,120.3547,10.6483,2026-08-12 15:02:02,2026-08-12 15:02:05,2026-08-12 15:02:05
222681,1572,YCCK8,COMPRA,415,406.3913,3.8824,2026-08-12 10:36:02,2026-08-12 10:36:04,2026-08-12 10:36:04
222682,3014,IPXK2,COMPRA,235,376.7322,6.4165,2026-08-12 12:48:15,2026-08-12 12:48:16,2026-08-12 12:48:16
222683,2825,LCCH9,VENDA,95,7.3786,6.5678,2026-08-12 12:45:12,2026-08-12 12:45:13,2026-08-12 12:45:13
222684,3407,TXHR8,VENDA,215,95.1899,12.6395,2026-08-12 13:10:28,2026-08-12 13:10:28,2026-08-12 13:10:28
222685,1909,JDJG6,COMPRA,155,64.2065,2.1971,2026-08-12 15:04:16,2026-08-12 15:04:16,2026-08-12 15:04:16
222686,3179,MJDL9,COMPRA,120,31.6214,8.8153,2026-08-12 16:12:57,2026-08-12 16:13:00,2026-08-12 16:13:00
222687,2978,DGBT6,COMPRA,105,75.9015,1.2752,2026-08-12 13:05:55,2026-08-12 13:05:57,2026-08-12 13:05:57
222688,1763,KHGP6,COMPRA,50,102.2470,6.7503,2026-08-12 15:27:05,2026-08-12 15:27:06,2026-08-12 15:27:06
222689,2044,QEUC2,COMPRA,335,153.2916,2.3133,2026-08-12 16:06:00,2026-08-12 16:06:00,2026-08-12 16:06:00
222690,1788,JDJG6,COMPRA,228,61.6890,4.9312,2026-08-12 13:44:48,2026-08-12 13:44:51,2026-08-12 13:44:51
222691,3171,TXHR8,COMPRA,270,89.1142,1.8004,2026-08-12 17:02:20,2026-08-12 17:02:22,2026-08-12 17:02:22
222692,2337,NHYK8,COMPRA,285,80.4350,9.6273,2026-08-12 10:59:25,2026-08-12 10:59:25,2026-08-12 10:59:25
222693,2765,UFIU3,COMPRA,180,103.7044,4.7962,2026-08-12 10:17:27,2026-08-12 10:17:30,2026-08-12 10:17:30
222694,3127,HJRH5,COMPRA,145,162.8547,3.9369,2026-08-12 13:38:39,2026-08-12 13:38:39,2026-08-12 13:38:39
222695,2428,MOLF3,COMPRA,430,63.8002,0.0044,2026-08-12 10:39:22,2026-08-12 10:39:24,2026-08-12 10:39:24
222696,2062,HCZM2,COMPRA,130,360.3602,6.8691,2026-08-12 16:34:58,2026-08-12 16:34:59,2026-08-12 16:34:59
222697,1632,TVCE9,COMPRA,180,83.6856,4.6701,2026-08-12 11:29:58,2026-08-12 11:30:00,2026-08-12 11:30:00
222698,1371,ERTC4,COMPRA,244,53.3868,12.7676,2026-08-12 16:10:39,2026-08-12 16:10:42,2026-08-12 16:10:42
222699,2990,UCHR6,COMPRA,380,366.8049,10.1307,2026-08-12 16:34:30,2026-08-12 16:34:30,2026-08-12 16:34:30
222700,1905,YOWA1,COMPRA,495,54.6132,7.4406,2026-08-12 12:07:49,2026-08-12 12:07:52,2026-08-12 12:07:52
222701,2739,TTHO3,COMPRA,330,28.9227,5.5522,2026-08-12 15:31:05,2026-08-12 15:31:05,2026-08-12 15:31:05
222702,3268,SGBG8,COMPRA,175,82.9275,12.3259,2026-08-12 16:19:24,2026-08-12 16:19:27,2026-08-12 16:19:27
222703,3410,VLEB3,VENDA,25,361.5524,4.5005,2026-08-12 13:26:30,2026-08-12 13:26:30,2026-08-12 13:26:30
222704,1107,FYZB6,COMPRA,485,72.8637,9.6665,2026-08-12 12:44:24,2026-08-12 12:44:25,2026-08-12 12:44:25
222705,3364,KHGP6,COMPRA,260,78.3313,0.9107,2026-08-12 16:56:27,2026-08-12 16:56:29,2026-08-12 16:56:29
222706,3181,ZAAS7,COMPRA,235,444.2316,9.1642,2026-08-12 13:07:28,2026-08-12 13:07:31,2026-08-12 13:07:31
222707,2922,NWGB4,COMPRA,182,152.1808,6.9126,2026-08-12 11:28:59,2026-08-12 11:29:01,2026-08-12 11:29:01
222708,3192,GAKD5,COMPRA,275,264.0279,9.2878,2026-08-12 14:21:18,2026-08-12 14:21:18,2026-08-12 14:21:18
222709,1020,JUDG8,COMPRA,260,86.8617,11.4765,2026-08-12 13:09:17,2026-08-12 13:09:17,2026-08-12 13:09:17
222710,3078,KQEO3,COMPRA,394,74.9909,8.0448,2026-08-12 13:48:34,2026-08-12 13:48:36,2026-08-12 13:48:36
222711,3119,MCMT2,COMPRA,450,111.0942,5.8341,2026-08-12 14:37:41,2026-08-12 14:37:43,2026-08-12 14:37:43
222712,2539,WXQM6,COMPRA,395,51.9700,4.6452,2026-08-12 12:15:45,2026-08-12 12:15:45,2026-08-12 12:15:45
222713,1942,PSEN6,COMPRA,307,163.7866,9.5705,2026-08-12 12:05:14,2026-08-12 12:05:17,2026-08-12 12:05:17
222714,1907,JIPA6,COMPRA,325,43.7128,11.2377,2026-08-12 13:03:45,2026-08-12 13:03:48,2026-08-12 13:03:48
222715,3488,ERTC4,COMPRA,205,46.4783,6.6116,2026-08-12 11:56:57,2026-08-12 11:56:57,2026-08-12 11:56:57
222716,2010,ENRZ2,COMPRA,385,113.1853,2.5182,2026-08-12 12:47:08,2026-08-12 12:47:09,2026-08-12 12:47:09
222717,2775,UYFJ9,COMPRA,360,94.9489,6.0948,2026-08-12 15:45:09,2026-08-12 15:45:11,2026-08-12 15:45:11
222718,3177,AAWB3,COMPRA,60,145.4896,8.9039,2026-08-12 15:09:45,2026-08-12 15:09:46,2026-08-12 15:09:46
222719,3330,AAUA7,COMPRA,5,169.6295,11.7358,2026-08-12 12:54:41,2026-08-12 12:54:42,2026-08-12 12:54:42
222720,2982,YCCK8,COMPRA,229,457.7446,8.6576,2026-08-12 13:01:16,2026-08-12 13:01:19,2026-08-12 13:01:19
222721,1317,GULD2,COMPRA,215,129.0145,10.2801,2026-08-12 16:33:12,2026-08-12 16:33:12,2026-08-12 16:33:12
222722,2083,BOCS8,COMPRA,250,70.4595,10.4764,2026-08-12 11:49:45,2026-08-12 11:49:46,2026-08-12 11:49:46
222723,2690,YOWA1,COMPRA,310,45.2799,6.1677,2026-08-12 13:40:49,2026-08-12 13:40:49,2026-08-12 13:40:49
222724,3308,JDJG6,COMPRA,135,57.9681,2.9743,2026-08-12 16:01:45,2026-08-12 16:01:45,2026-08-12 16:01:45
222725,2808,YCCK8,COMPRA,315,338.2587,1.7337,2026-08-12 13:11:41,2026-08-12 13:11:42,2026-08-12 13:11:42
222726,1043,BOCS8,COMPRA,225,53.6305,8.4395,2026-08-12 14:51:12,2026-08-12 14:51:15,2026-08-12 14:51:15
222727,1247,TBWG2,COMPRA,190,73.6149,1.1874,2026-08-12 12:16:10,2026-08-12 12:16:10,2026-08-12 12:16:10
222728,2900,RMRT1,COMPRA,200,125.3391,10.3395,2026-08-12 14:29:55,2026-08-12 14:29:56,2026-08-12 14:29:56
222729,1183,FRGH8,COMPRA,385,69.4984,7.3299,2026-08-12 13:07:48,2026-08-12 13:07:50,2026-08-12 13:07:50
222730,2505,FRGH8,COMPRA,170,78.5999,0.0927,2026-08-12 14:02:21,2026-08-12 14:02:24,2026-08-12 14:02:24
222731,3022,IWAK1,COMPRA,270,97.4622,9.9747,2026-08-12 11:17:27,2026-08-12 11:17:29,2026-08-12 11:17:29
222732,3432,TXHR8,COMPRA,207,103.5885,10.8048,2026-08-12 10:50:08,2026-08-12 10:50:11,2026-08-12 10:50:11
222733,1729,MJDL9,VENDA,40,35.9854,4.4338,2026-08-12 10:25:07,2026-08-12 10:25:09,2026-08-12 10:25:09
222734,1920,DEGN5,COMPRA,482,69.8098,9.2106,2026-08-12 15:24:15,2026-08-12 15:24:15,2026-08-12 15:24:15
222735,2949,MGRR2,COMPRA,170,128.1677,5.4430,2026-08-12 12:32:34,2026-08-12 12:32:35,2026-08-12 12:32:35
222736,3387,WIPB2,COMPRA,175,114.5276,5.0321,2026-08-12 15:52:55,2026-08-12 15:52:55,2026-08-12 15:52:55
222737,2376,WXFC8,COMPRA,400,68.0568,2.0683,2026-08-12 10:23:44,2026-08-12 10:23:46,2026-08-12 10:23:46
222738,2140,XPVA7,COMPRA,365,365.4654,11.9295,2026-08-12 14:22:27,2026-08-12 14:22:30,2026-08-12 14:22:30
222739,2429,YOWA1,COMPRA,289,64.7564,2.4736,2026-08-12 15:37:07,2026-08-12 15:37:07,2026-08-12 15:37:07
222740,3193,OXVD8,COMPRA,435,72.6203,0.8026,2026-08-12 11:42:13,2026-08-12 11:42:13,2026-08-12 11:42:13
222741,1061,HCLJ8,COMPRA,349,86.4554,8.0984,2026-08-12 16:49:34,2026-08-12 16:49:37,2026-08-12 16:49:37
222742,2762,UYFJ9,COMPRA,300,94.7689,,2026-08-12 10:55:56,2026-08-12 10:55:58,2026-08-12 10:55:58
222743,2749,ACSV1,COMPRA,255,117.3629,3.1450,2026-08-12 15:36:23,2026-08-12 15:36:23,2026-08-12 15:36:23
222744,1734,WHMT3,COMPRA,330,95.0688,7.0011,2026-08-12 12:41:54,2026-08-12 12:41:54,2026-08-12 12:41:54
222745,3092,DFGR7,COMPRA,50,91.7023,8.6231,2026-08-12 12:22:35,2026-08-12 12:22:37,2026-08-12 12:22:37
222746,2504,MCMT2,COMPRA,5,90.3406,9.2585,2026-08-12 17:09:32,2026-08-12 17:09:34,2026-08-12 17:09:34
222747,2907,PBZM6,COMPRA,140,71.1777,1.7569,2026-08-12 14:33:53,2026-08-12 14:33:53,2026-08-12 14:33:53
222748,1418,QYBV3,COMPRA,425,81.8176,0.8833,2026-08-12 15:29:01,2026-08-12 15:29:04,2026-08-12 15:29:04
222749,2333,KQEO3,COMPRA,215,71.2053,11.5724,2026-08-12 13:48:45,2026-08-12 13:48:46,2026-08-12 13:48:46
222750,3396,JUDG8,COMPRA,498,110.1691,7.8424,2026-08-12 12:54:35,2026-08-12 12:54:36,2026-08-12 12:54:36
222751,1677,AAWB3,COMPRA,11,168.9277,9.8388,2026-08-12 10:58:15,2026-08-12 10:58:18,2026-08-12 10:58:18
222752,2171,MOLF3,COMPRA,95,51.5431,10.9179,2026-08-12 11:02:08,2026-08-12 11:02:08,2026-08-12 11:02:08
222753,1290,HJRH5,COMPRA,210,147.3175,8.1202,2026-08-12 10:20:38,2026-08-12 10:20:41,2026-08-12 10:20:41
222754,2123,BGNM6,COMPRA,500,104.4013,2.9659,2026-08-12 17:26:53,2026-08-12 17:26:55,2026-08-12 17:26:55
222755,1384,NHYK8,COMPRA,365,66.8475,9.4408,2026-08-12 10:41:10,2026-08-12 10:41:10,2026-08-12 10:41:10
222756,1457,ECQD7,COMPRA,475,76.6805,7.1767,2026-08-12 12:29:46,2026-08-12 12:29:46,2026-08-12 12:29:46
222757,2877,LGKU6,COMPRA,270,77.8617,5.2999,2026-08-12 15:30:09,2026-08-12 15:30:12,2026-08-12 15:30:12
222758,1008,AAUA7,COMPRA,475,146.1027,2.1881,2026-08-12 11:22:33,2026-08-12 11:22:33,2026-08-12 11:22:33
222759,2527,MWVU7,COMPRA,330,87.3621,1.5296,2026-08-12 17:27:58,2026-08-12 17:27:58,2026-08-12 17:27:58
222760,1402,JDJG6,COMPRA,170,60.8886,3.5887,2026-08-12 10:21:30,2026-08-12 10:21:33,2026-08-12 10:21:33
222761,2135,PQUT9,COMPRA,20,86.6125,11.8984,2026-08-12 14:27:57,2026-08-12 14:28:00,2026-08-12 14:28:00
222762,1449,XOVY4,COMPRA,160,116.3359,4.5207,2026-08-12 13:55:24,2026-08-12 13:55:26,2026-08-12 13:55:26
222763,1269,WIPB2,COMPRA,25,117.1768,11.8979,2026-08-12 15:19:05,2026-08-12 15:19:05,2026-08-12 15:19:05
222764,1952,CQJZ4,COMPRA,215,90.6320,4.1668,2026-08-12 15:21:16,2026-08-12 15:21:18,2026-08-12 15:21:18
222765,1842,KHGP6,COMPRA,135,107.3984,1.6778,2026-08-12 10:24:04,2026-08-12 10:24:06,2026-08-12 10:24:06
222766,1866,RDOA3,COMPRA,167,114.0315,10.4505,2026-08-12 16:42:03,2026-08-12 16:42:03,2026-08-12 16:42:03
222767,2667,TXHR8,COMPRA,200,106.1009,5.4031,2026-08-12 16:37:51,2026-08-12 16:37:51,2026-08-12 16:37:51
222768,2755,RYPL6,COMPRA,40,107.1501,4.5152,2026-08-12 14:05:55,2026-08-12 14:05:58,2026-08-12 14:05:58
222769,2642,WIPB2,COMPRA,159,90.2061,8.6333,2026-08-12 15:29:36,2026-08-12 15:29:39,2026-08-12 15:29:39
222770,1942,KHGP6,COMPRA,215,94.0415,10.4016,2026-08-12 11:58:23,2026-08-12 11:58:23,2026-08-12 11:58:23
222771,2585,NQYT3,COMPRA,395,63.0950,6.6934,2026-08-12 16:32:44,2026-08-12 16:32:46,2026-08-12 16:32:46
222772,2378,DHRM5,COMPRA,420,234.3002,6.0195,2026-08-12 16:24:18,2026-08-12 16:24:18,2026-08-12 16:24:18
222773,1445,MCHX2,COMPRA,185,116.1584,3.9264,2026-08-12 14:01:23,2026-08-12 14:01:26,2026-08-12 14:01:26
222774,2322,KQEO3,COMPRA,455,81.9272,10.6963,2026-08-12 14:48:58,2026-08-12 14:48:58,2026-08-12 14:48:58
222775,1680,NYGT6,COMPRA,376,117.8745,2.4956,2026-08-12 12:55:08,2026-08-12 12:55:10,2026-08-12 12:55:10
222776,3526,WHMT3,COMPRA,165,118.5921,8.4589,2026-08-12 15:00:34,2026-08-12 15:00:34,2026-08-12 15:00:34
222777,1879,TVCE9,COMPRA,350,53.0979,0.3936,2026-08-12 11:51:29,2026-08-12 11:51:30,2026-08-12 11:51:30
222778,2484,QEUC2,COMPRA,495,203.7244,8.2016,2026-08-12 17:02:03,2026-08-12 17:02:06,2026-08-12 17:02:06
222779,2983,RHXV4,COMPRA,375,75.1653,10.3233,2026-08-12 15:58:34,2026-08-12 15:58:37,2026-08-12 15:58:37
222780,1517,MWVU7,COMPRA,478,68.9357,1.7822,2026-08-12 11:20:29,2026-08-12 11:20:30,2026-08-12 11:20:30
222781,2424,WXQM6,COMPRA,250,50.3823,0.3293,2026-08-12 14:12:13,2026-08-12 14:12:15,2026-08-12 14:12:15
222782,2568,KFSY2,COMPRA,230,105.9416,5.4683,2026-08-12 10:08:02,2026-08-12 10:08:05,2026-08-12 10:08:05
222783,1789,CQIL9,COMPRA,370,37.8598,5.0228,2026-08-12 17:05:37,2026-08-12 17:05:40,2026-08-12 17:05:40
222784,2504,UVEY5,COMPRA,385,106.1722,12.2098,2026-08-12 10:33:47,2026-08-12 10:33:48,2026-08-12 10:33:48
222785,3307,RHXV4,COMPRA,365,66.6734,9.3812,2026-08-12 17:16:48,2026-08-12 17:16:48,2026-08-12 17:16:48
222786,1298,WXQM6,COMPRA,180,42.3800,0.5322,2026-08-12 11:30:02,2026-08-12 11:30:04,2026-08-12 11:30:04
222787,2848,FYZB6,VENDA,185,52.9575,10.9189,2026-08-12 10:46:56,2026-08-12 10:46:59,2026-08-12 10:46:59
222788,1511,YIHC3,COMPRA,305,60.6112,0.9288,2026-08-12 12:11:52,2026-08-12 12:11:54,2026-08-12 12:11:54
222789,2022,UCHR6,COMPRA,85,419.7472,2.0396,2026-08-12 10:36:25,2026-08-12 10:36:25,2026-08-12 10:36:25
222790,2041,WIPB2,COMPRA,64,134.4874,5.7935,2026-08-12 13:22:22,2026-08-12 13:22:23,2026-08-12 13:22:23
222791,3461,GULD2,COMPRA,348,161.4237,9.0039,2026-08-12 13:31:29,2026-08-12 13:31:29,2026-08-12 13:31:29
222792,1470,UCHR6,COMPRA,395,451.6960,0.9184,2026-08-12 14:43:35,2026-08-12 14:43:38,2026-08-12 14:43:38
222793,2328,WXQM6,COMPRA,335,46.2779,11.2346,2026-08-12 10:50:34,2026-08-12 10:50:35,2026-08-12 10:50:35
222794,2162,DSFC9,COMPRA,263,476.0417,0.9618,2026-08-12 11:59:30,2026-08-12 11:59:33,2026-08-12 11:59:33
222795,3002,UQJU7,COMPRA,75,60.0000,4.8932,2026-08-12 11:37:11,2026-08-12 11:37:14,2026-08-12 11:37:14
222796,2790,QTDZ2,COMPRA,480,62.5116,2.4215,2026-08-12 13:29:34,2026-08-12 13:29:34,2026-08-12 13:29:34
222797,2070,ZHTL2,COMPRA,60,53.7467,0.0327,2026-08-12 16:48:05,2026-08-12 16:48:06,2026-08-12 16:48:06
222798,2002,DQSN6,COMPRA,180,167.1738,1.6674,2026-08-12 11:41:23,2026-08-12 11:41:23,2026-08-12 11:41:23
222799,2028,RHXV4,COMPRA,70,59.5950,6.8647,2026-08-12 14:30:04,2026-08-12 14:30:06,2026-08-12 14:30:06
222800,1146,UVEY5,COMPRA,500,106.9731,7.9982,2026-08-12 13:08:05,2026-08-12 13:08:08,2026-08-12 13:08:08
222801,1259,DFGR7,COMPRA,265,102.2411,1.9220,2026-08-12 15:39:12,2026-08-12 15:39:14,2026-08-12 15:39:14
222802,3206,VLEB3,COMPRA,285,438.1042,0.5568,2026-08-12 15:05:46,2026-08-12 15:05:49,2026-08-12 15:05:49
222803,2347,MJDL9,COMPRA,300,39.2723,4.4215,2026-08-12 15:59:24,2026-08-12 15:59:27,2026-08-12 15:59:27
222804,3168,YIHC3,COMPRA,15,54.6519,11.1800,2026-08-12 15:52:43,2026-08-12 15:52:43,2026-08-12 15:52:43
222805,2194,UFMA7,COMPRA,27,205.6762,1.5709,2026-08-12 17:22:10,2026-08-12 17:22:11,2026-08-12 17:22:11
222806,1437,YYLA4,COMPRA,45,228.7326,6.3194,2026-08-12 15:08:00,2026-08-12 15:08:03,2026-08-12 15:08:03
222807,1923,SGBG8,COMPRA,490,98.8693,4.6027,2026-08-12 11:48:29,2026-08-12 11:48:30,2026-08-12 11:48:30
222808,2840,RMRT1,COMPRA,226,90.2692,9.3924,2026-08-12 11:11:26,2026-08-12 11:11:29,2026-08-12 11:11:29
222809,1978,ENRZ2,COMPRA,115,84.6578,,2026-08-12 13:56:30,2026-08-12 13:56:31,2026-08-12 13:56:31
222810,1850,JIPA6,COMPRA,160,37.5191,3.4649,2026-08-12 15:03:36,2026-08-12 15:03:37,2026-08-12 15:03:37
222811,1738,DSFC9,VENDA,5,417.5592,5.2705,2026-08-12 14:09:42,2026-08-12 14:09:43,2026-08-12 14:09:43
222812,1773,QTDZ2,COMPRA,255,47.4002,2.1821,2026-08-12 10:14:58,2026-08-12 10:15:00,2026-08-12 10:15:00
222813,1927,EEYY9,COMPRA,45,178.4526,4.1817,2026-08-12 16:01:43,2026-08-12 16:01:43,2026-08-12 16:01:43
222814,3022,MJDL9,COMPRA,360,39.6817,7.0835,2026-08-12 14:06:34,2026-08-12 14:06:34,2026-08-12 14:06:34
222815,2849,IPXK2,COMPRA,75,381.5053,7.4937,2026-08-12 10:24:46,2026-08-12 10:24:46,2026-08-12 10:24:46
222816,1115,DSFC9,COMPRA,265,500.9666,2.0932,2026-08-12 12:24:19,2026-08-12 12:24:22,2026-08-12 12:24:22
222817,3227,HVEX2,COMPRA,410,133.3498,,2026-08-12 15:26:52,2026-08-12 15:26:52,2026-08-12 15:26:52
222818,3531,AAWB3,COMPRA,79,207.3921,0.2624,2026-08-12 14:30:49,2026-08-12 14:30:50,2026-08-12 14:30:50
222819,2214,QATW7,COMPRA,315,52.5580,6.4466,2026-08-12 13:02:32,2026-08-12 13:02:33,2026-08-12 13:02:33
222820,3279,GFDF2,COMPRA,345,77.8735,9.0865,2026-08-12 10:13:56,2026-08-12 10:13:58,2026-08-12 10:13:58
222821,1729,JUDG8,COMPRA,340,101.7203,12.1449,2026-08-12 11:51:06,2026-08-12 11:51:06,2026-08-12 11:51:06
222822,2498,NQYT3,COMPRA,470,52.5164,9.8877,2026-08-12 13:03:13,2026-08-12 13:03:16,2026-08-12 13:03:16
222823,3349,ACSV1,COMPRA,165,107.6700,1.3817,2026-08-12 14:23:53,2026-08-12 14:23:55,2026-08-12 14:23:55
222824,2944,CQIL9,COMPRA,40,31.3753,7.7470,2026-08-12 10:06:44,2026-08-12 10:06:45,2026-08-12 10:06:45
222825,1545,YCCK8,COMPRA,370,397.1626,10.9895,2026-08-12 11:35:56,2026-08-12 11:35:59,2026-08-12 11:35:59
222826,2962,NYGT6,COMPRA,335,116.0071,12.8523,2026-08-12 12:02:20,2026-08-12 12:02:20,2026-08-12 12:02:20
222827,2624,IWFI1,COMPRA,10,138.3904,4.8035,2026-08-12 17:04:51,2026-08-12 17:04:51,2026-08-12 17:04:51
222828,1466,NREP8,COMPRA,225,105.1740,11.5259,2026-08-12 16:04:59,2026-08-12 16:05:02,2026-08-12 16:05:02
222829,1471,IWAK1,COMPRA,210,70.4541,8.1837,2026-08-12 11:23:27,2026-08-12 11:23:30,2026-08-12 11:23:30
222830,1559,UFMA7,COMPRA,310,181.4127,3.4587,2026-08-12 11:30:32,2026-08-12 11:30:32,2026-08-12 11:30:32
222831,2408,DFGR7,COMPRA,215,117.7524,12.3518,2026-08-12 10:36:14,2026-08-12 10:36:16,2026-08-12 10:36:16
222832,2993,DSFC9,COMPRA,95,452.3477,7.8799,2026-08-12 12:34:30,2026-08-12 12:34:33,2026-08-12 12:34:33
222833,1117,OVUQ2,COMPRA,15,59.9941,10.3566,2026-08-12 12:50:23,2026-08-12 12:50:25,2026-08-12 12:50:25
222834,1491,JIPR4,COMPRA,355,27.5860,1.1620,2026-08-12 12:19:08,2026-08-12 12:19:10,2026-08-12 12:19:10
222835,1212,OXVD8,COMPRA,105,65.4575,4.6281,2026-08-12 10:44:12,2026-08-12 10:44:14,2026-08-12 10:44:14
