id_transacao,id_conta,ticker,tipo_operacao,quantidade,preco_unitario,taxa_corretagem,data_operacao,created_at,updated_at
200001,1795,WIPB2,COMPRA,230,104.2427,5.1412,2026-08-03 16:07:45,2026-08-03 16:07:46,2026-08-03 16:07:46
200002,2345,NAOF3,COMPRA,470,61.7230,2.4845,2026-08-03 14:40:04,2026-08-03 14:40:06,2026-08-03 14:40:06
200003,3373,HJRH5,COMPRA,445,136.7486,1.0893,2026-08-03 13:35:02,2026-08-03 13:35:05,2026-08-03 13:35:05
200004,2150,TTHO3,COMPRA,64,29.1513,1.0642,2026-08-03 12:03:19,2026-08-03 12:03:20,2026-08-03 12:03:20
200005,2207,KFSY2,COMPRA,496,85.4899,0.8941,2026-08-03 10:56:56,2026-08-03 10:56:57,2026-08-03 10:56:57
200006,2689,YFAH5,COMPRA,340,145.7540,7.4779,2026-08-03 13:29:10,2026-08-03 13:29:10,2026-08-03 13:29:10
200007,2500,XAVL3,COMPRA,298,187.0876,10.7848,2026-08-03 11:44:49,2026-08-03 11:44:50,2026-08-03 11:44:50
200008,2536,PQUT9,COMPRA,210,85.1124,4.2936,2026-08-03 12:13:08,2026-08-03 12:13:09,2026-08-03 12:13:09
200009,1270,IZTY4,COMPRA,165,29.4605,10.6261,2026-08-03 17:21:47,2026-08-03 17:21:48,2026-08-03 17:21:48
200010,1003,UVEY5,COMPRA,325,78.6247,6.2071,2026-08-03 12:27:08,2026-08-03 12:27:11,2026-08-03 12:27:11
200011,2281,YCCK8,COMPRA,115,444.5465,1.4041,2026-08-03 11:56:37,2026-08-03 11:56:37,2026-08-03 11:56:37
200012,2481,HCZM2,COMPRA,405,467.8354,3.0541,2026-08-03 15:24:14,2026-08-03 15:24:15,2026-08-03 15:24:15
200013,2230,SUZL4,COMPRA,430,134.8514,10.9237,2026-08-03 11:47:26,2026-08-03 11:47:27,2026-08-03 11:47:27
200014,1752,XPVA7,COMPRA,80,494.7109,10.9439,2026-08-03 17:27:38,2026-08-03 17:27:38,2026-08-03 17:27:38
200015,3327,QTDZ2,COMPRA,270,56.5329,9.3462,2026-08-03 14:14:20,2026-08-03 14:14:23,2026-08-03 14:14:23
200016,1421,JDJG6,COMPRA,335,59.5484,9.9928,2026-08-03 11:34:43,2026-08-03 11:34:43,2026-08-03 11:34:43
200017,1433,AAUA7,COMPRA,75,139.6841,7.3545,2026-08-03 10:41:26,2026-08-03 10:41:27,2026-08-03 10:41:27
200018,3134,KFSY2,COMPRA,80,127.1339,11.8449,2026-08-03 12:58:17,2026-08-03 12:58:20,2026-08-03 12:58:20
200019,1854,WMQZ6,COMPRA,448,87.6113,8.5106,2026-08-03 15:44:15,2026-08-03 15:44:16,2026-08-03 15:44:16
200020,2531,KFSY2,COMPRA,205,138.4895,8.0027,2026-08-03 10:39:00,2026-08-03 10:39:00,2026-08-03 10:39:00
200021,2089,VLEB3,COMPRA,425,475.8758,4.0448,2026-08-03 10:06:14,2026-08-03 10:06:15,2026-08-03 10:06:15
200022,1315,CQJZ4,COMPRA,460,79.2093,3.6242,2026-08-03 15:11:03,2026-08-03 15:11:04,2026-08-03 15:11:04
200023,2171,GAKD5,COMPRA,405,272.8251,1.5679,2026-08-03 17:04:43,2026-08-03 17:04:45,2026-08-03 17:04:45
200024,2451,AAUA7,COMPRA,185,123.7349,10.8286,2026-08-03 17:23:21,2026-08-03 17:23:24,2026-08-03 17:23:24
200025,1693,DMTZ8,COMPRA,480,163.1160,3.3832,2026-08-03 10:16:54,2026-08-03 10:16:54,2026-08-03 10:16:54
200026,2854,OEQA8,COMPRA,185,500.8925,5.3172,2026-08-03 15:01:18,2026-08-03 15:01:21,2026-08-03 15:01:21
200027,2754,HCLJ8,COMPRA,185,89.6481,1.6924,2026-08-03 16:51:53,2026-08-03 16:51:53,2026-08-03 16:51:53
200028,3455,BOCS8,COMPRA,455,57.5862,4.3432,2026-08-03 13:52:08,2026-08-03 13:52:09,2026-08-03 13:52:09
200029,3464,TVCE9,COMPRA,20,73.8501,11.0840,2026-08-03 14:42:40,2026-08-03 14:42:40,2026-08-03 14:42:40
200030,2210,DHRM5,COMPRA,120,294.2366,0.6836,2026-08-03 11:21:20,2026-08-03 11:21:20,2026-08-03 11:21:20
200031,1608,HCZM2,COMPRA,270,525.9575,0.3176,2026-08-03 10:23:39,2026-08-03 10:23:41,2026-08-03 10:23:41
200032,3118,AAUA7,COMPRA,245,160.6345,2.9590,2026-08-03 14:08:29,2026-08-03 14:08:31,2026-08-03 14:08:31
200033,2212,SGBG8,COMPRA,65,97.7788,3.2256,2026-08-03 10:25:28,2026-08-03 10:25:28,2026-08-03 10:25:28
200034,3485,ZYVN7,COMPRA,110,74.2004,8.4591,2026-08-03 11:05:52,2026-08-03 11:05:53,2026-08-03 11:05:53
200035,2917,WHMT3,COMPRA,45,88.7414,7.0859,2026-08-03 15:25:13,2026-08-03 15:25:15,2026-08-03 15:25:15
200036,3155,FIUW1,COMPRA,285,106.4311,7.7953,2026-08-03 15:36:47,2026-08-03 15:36:47,2026-08-03 15:36:47
200037,2072,RIET5,COMPRA,385,130.8704,7.7227,2026-08-03 10:16:38,2026-08-03 10:16:39,2026-08-03 10:16:39
200038,1553,RYPL6,COMPRA,30,101.8051,7.1028,2026-08-03 17:29:36,2026-08-03 17:29:37,2026-08-03 17:29:37
200039,3411,JDJG6,COMPRA,103,71.7450,0.9693,2026-08-03 13:03:51,2026-08-03 13:03:53,2026-08-03 13:03:53
200040,2439,OEQA8,COMPRA,60,337.7013,7.4153,2026-08-03 10:51:51,2026-08-03 10:51:54,2026-08-03 10:51:54
200041,3139,NREP8,COMPRA,337,131.4085,9.0282,2026-08-03 12:52:45,2026-08-03 12:52:48,2026-08-03 12:52:48
200042,1421,DGBT6,COMPRA,260,82.7948,10.7104,2026-08-03 11:26:45,2026-08-03 11:26:48,2026-08-03 11:26:48
200043,1186,RDOA3,COMPRA,121,82.0449,2.2479,2026-08-03 15:34:14,2026-08-03 15:34:15,2026-08-03 15:34:15
200044,3103,AAUA7,COMPRA,90,123.0422,3.7105,2026-08-03 13:13:48,2026-08-03 13:13:48,2026-08-03 13:13:48
200045,2163,NGIU9,COMPRA,90,128.3268,12.2829,2026-08-03 16:55:56,2026-08-03 16:55:59,2026-08-03 16:55:59
200046,2982,RIET5,COMPRA,295,150.5683,4.3320,2026-08-03 11:36:49,2026-08-03 11:36:52,2026-08-03 11:36:52
200047,3457,DEGN5,COMPRA,225,92.2186,5.5948,2026-08-03 17:15:56,2026-08-03 17:15:58,2026-08-03 17:15:58
200048,1607,GFDF2,COMPRA,125,112.3173,4.0651,2026-08-03 11:35:57,2026-08-03 11:35:57,2026-08-03 11:35:57
200049,1515,AAWB3,COMPRA,395,163.1366,11.7086,2026-08-03 14:01:40,2026-08-03 14:01:40,2026-08-03 14:01:40
200050,1562,DGBT6,COMPRA,456,95.1773,1.9301,2026-08-03 12:24:12,2026-08-03 12:24:14,2026-08-03 12:24:14
200051,1238,RFNS7,COMPRA,495,108.3972,10.6255,2026-08-03 12:58:55,2026-08-03 12:58:58,2026-08-03 12:58:58
200052,1403,QTHQ1,COMPRA,391,20.3758,0.0664,2026-08-03 16:56:25,2026-08-03 16:56:28,2026-08-03 16:56:28
200053,1780,ERTC4,COMPRA,365,46.8566,12.7614,2026-08-03 16:55:42,2026-08-03 16:55:43,2026-08-03 16:55:43
200054,2045,NREP8,COMPRA,360,99.1395,1.0292,2026-08-03 13:14:16,2026-08-03 13:14:17,2026-08-03 13:14:17
200055,2876,XOVY4,COMPRA,100,111.5173,7.9360,2026-08-03 17:19:40,2026-08-03 17:19:41,2026-08-03 17:19:41
200056,2051,DMTZ8,COMPRA,400,133.7046,8.7651,2026-08-03 14:19:09,2026-08-03 14:19:11,2026-08-03 14:19:11
200057,2233,RIET5,COMPRA,382,146.1106,3.3754,2026-08-03 16:33:27,2026-08-03 16:33:30,2026-08-03 16:33:30
200058,1782,LGKU6,COMPRA,428,98.0753,8.2361,2026-08-03 13:38:35,2026-08-03 13:38:37,2026-08-03 13:38:37
200059,3384,WIPB2,COMPRA,6,89.3101,10.2513,2026-08-03 14:30:48,2026-08-03 14:30:50,2026-08-03 14:30:50
200060,3028,AYFQ2,COMPRA,220,14.4135,4.6329,2026-08-03 12:36:06,2026-08-03 12:36:06,2026-08-03 12:36:06
200061,1436,IZTY4,COMPRA,455,32.6730,11.4248,2026-08-03 17:10:15,2026-08-03 17:10:17,2026-08-03 17:10:17
200062,1652,NQYT3,COMPRA,372,59.0969,10.0683,2026-08-03 10:10:46,2026-08-03 10:10:48,2026-08-03 10:10:48
200063,2922,KFSY2,COMPRA,15,137.4659,9.5369,2026-08-03 11:34:23,2026-08-03 11:34:25,2026-08-03 11:34:25
200064,3002,MGRR2,COMPRA,290,163.2267,7.5126,2026-08-03 12:48:17,2026-08-03 12:48:20,2026-08-03 12:48:20
200065,2413,AYFQ2,COMPRA,95,13.5740,4.5157,2026-08-03 10:28:35,2026-08-03 10:28:35,2026-08-03 10:28:35
200066,2361,RSBT4,COMPRA,135,425.9078,9.4842,2026-08-03 14:38:17,2026-08-03 14:38:20,2026-08-03 14:38:20
200067,3365,BSDJ7,COMPRA,90,221.9035,6.9270,2026-08-03 10:34:53,2026-08-03 10:34:55,2026-08-03 10:34:55
200068,1728,RFNS7,COMPRA,111,100.2956,11.0805,2026-08-03 14:11:47,2026-08-03 14:11:48,2026-08-03 14:11:48
200069,2443,OXVD8,COMPRA,180,66.9044,3.9632,2026-08-03 11:07:32,2026-08-03 11:07:35,2026-08-03 11:07:35
200070,2538,HCLJ8,COMPRA,295,85.0201,0.4189,2026-08-03 10:16:13,2026-08-03 10:16:13,2026-08-03 10:16:13
200071,1982,ENRZ2,COMPRA,325,90.0993,2.4675,2026-08-03 12:14:53,2026-08-03 12:14:54,2026-08-03 12:14:54
200072,1507,FIUW1,COMPRA,15,93.8093,3.8136,2026-08-03 15:04:26,2026-08-03 15:04:29,2026-08-03 15:04:29
200073,2805,RDOA3,COMPRA,470,69.6734,1.8882,2026-08-03 14:13:59,2026-08-03 14:14:02,2026-08-03 14:14:02
200074,2930,QQQS1,COMPRA,310,24.1512,9.7216,2026-08-03 11:37:41,2026-08-03 11:37:42,2026-08-03 11:37:42
200075,2417,UVEY5,COMPRA,125,84.2777,6.0641,2026-08-03 11:00:22,2026-08-03 11:00:23,2026-08-03 11:00:23
200076,2224,NYGT6,COMPRA,130,124.6627,3.2482,2026-08-03 11:30:48,2026-08-03 11:30:48,2026-08-03 11:30:48
200077,1233,MOLF3,COMPRA,450,64.2973,10.1259,2026-08-03 12:57:44,2026-08-03 12:57:46,2026-08-03 12:57:46
200078,1659,YRWH3,COMPRA,200,151.0994,3.9235,2026-08-03 11:24:51,2026-08-03 11:24:52,2026-08-03 11:24:52
200079,2712,ERTC4,COMPRA,160,50.3739,8.5785,2026-08-03 17:22:13,2026-08-03 17:22:15,2026-08-03 17:22:15
200080,2033,GAKD5,COMPRA,205,310.2426,1.4546,2026-08-03 10:25:39,2026-08-03 10:25:40,2026-08-03 10:25:40
200081,2753,DMTZ8,COMPRA,270,158.6377,4.7381,2026-08-03 17:28:00,2026-08-03 17:28:01,2026-08-03 17:28:01
200082,2177,YFAH5,COMPRA,187,151.8616,10.4354,2026-08-03 14:26:08,2026-08-03 14:26:10,2026-08-03 14:26:10
200083,1708,LQML9,COMPRA,215,128.2877,2.4041,2026-08-03 14:03:01,2026-08-03 14:03:04,2026-08-03 14:03:04
200084,1454,CQJZ4,COMPRA,405,77.8311,3.3591,2026-08-03 12:08:42,2026-08-03 12:08:44,2026-08-03 12:08:44
200085,3487,LGKU6,COMPRA,91,63.5907,12.3960,2026-08-03 15:24:47,2026-08-03 15:24:49,2026-08-03 15:24:49
200086,1138,PZUP8,COMPRA,240,181.7527,10.2016,2026-08-03 14:54:32,2026-08-03 14:54:35,2026-08-03 14:54:35
200087,1308,DGBT6,COMPRA,105,110.4179,11.1966,2026-08-03 12:40:14,2026-08-03 12:40:17,2026-08-03 12:40:17
200088,3192,LGKU6,COMPRA,160,63.9019,11.4214,2026-08-03 13:15:19,2026-08-03 13:15:22,2026-08-03 13:15:22
200089,2962,XAVL3,COMPRA,70,227.6361,11.3903,2026-08-03 10:26:41,2026-08-03 10:26:44,2026-08-03 10:26:44
200090,1132,WXQM6,COMPRA,190,48.2836,5.7442,2026-08-03 14:23:17,2026-08-03 14:23:18,2026-08-03 14:23:18
200091,1078,RHXV4,COMPRA,470,67.7293,0.9665,2026-08-03 14:03:29,2026-08-03 14:03:31,2026-08-03 14:03:31
200092,1617,KQEO3,COMPRA,165,83.2214,3.6750,2026-08-03 11:32:06,2026-08-03 11:32:06,2026-08-03 11:32:06
200093,2479,NUJZ2,VENDA,350,41.2364,2.9862,2026-08-03 10:37:21,2026-08-03 10:37:22,2026-08-03 10:37:22
200094,2027,UYFJ9,COMPRA,270,82.9706,2.3786,2026-08-03 11:11:47,2026-08-03 11:11:48,2026-08-03 11:11:48
200095,2901,ZAAS7,COMPRA,225,374.2659,5.5816,2026-08-03 12:02:42,2026-08-03 12:02:42,2026-08-03 12:02:42
200096,1062,ZHTL2,COMPRA,195,59.1540,8.6998,2026-08-03 12:26:34,2026-08-03 12:26:37,2026-08-03 12:26:37
200097,1043,ZAAS7,COMPRA,160,453.1909,8.0676,2026-08-03 11:33:35,2026-08-03 11:33:35,2026-08-03 11:33:35
200098,3467,TVCE9,COMPRA,220,74.0185,3.1064,2026-08-03 16:02:58,2026-08-03 16:02:59,2026-08-03 16:02:59
200099,2133,XAVL3,COMPRA,490,146.7877,12.1607,2026-08-03 11:01:21,2026-08-03 11:01:23,2026-08-03 11:01:23
200100,1315,QTHQ1,COMPRA,40,17.6614,8.3216,2026-08-03 12:01:55,2026-08-03 12:01:56,2026-08-03 12:01:56
200101,2723,TBWG2,COMPRA,408,67.0172,7.5915,2026-08-03 12:33:41,2026-08-03 12:33:44,2026-08-03 12:33:44
200102,2699,TNHT4,COMPRA,335,124.1482,0.5816,2026-08-03 13:30:43,2026-08-03 13:30:44,2026-08-03 13:30:44
200103,2793,TTHO3,COMPRA,371,36.5993,12.4485,2026-08-03 16:48:27,2026-08-03 16:48:30,2026-08-03 16:48:30
200104,1937,KHGP6,COMPRA,270,83.9877,3.8516,2026-08-03 11:20:56,2026-08-03 11:20:59,2026-08-03 11:20:59
200105,1954,ZAAS7,COMPRA,70,421.8730,2.8541,2026-08-03 14:46:17,2026-08-03 14:46:17,2026-08-03 14:46:17
200106,3481,DEGN5,COMPRA,300,85.4227,9.2719,2026-08-03 14:11:52,2026-08-03 14:11:55,2026-08-03 14:11:55
200107,2299,TXHR8,COMPRA,48,83.4568,7.8167,2026-08-03 14:46:41,2026-08-03 14:46:42,2026-08-03 14:46:42
200108,1313,TVCE9,COMPRA,65,79.3131,12.3192,2026-08-03 14:43:55,2026-08-03 14:43:57,2026-08-03 14:43:57
200109,3178,NWGB4,COMPRA,340,161.0060,3.5128,2026-08-03 13:48:16,2026-08-03 13:48:19,2026-08-03 13:48:19
200110,2203,TBWG2,COMPRA,97,87.2929,7.1217,2026-08-03 10:11:03,2026-08-03 10:11:03,2026-08-03 10:11:03
200111,3464,LCCH9,COMPRA,435,6.7421,7.5321,2026-08-03 12:53:39,2026-08-03 12:53:42,2026-08-03 12:53:42
200112,1210,XOVY4,COMPRA,107,121.0167,9.9398,2026-08-03 12:00:26,2026-08-03 12:00:29,2026-08-03 12:00:29
200113,1481,ERTC4,COMPRA,465,51.5411,2.5140,2026-08-03 15:36:07,2026-08-03 15:36:08,2026-08-03 15:36:08
200114,1850,NAOF3,COMPRA,380,73.7794,2.1626,2026-08-03 11:59:26,2026-08-03 11:59:28,2026-08-03 11:59:28
200115,3283,WHMT3,COMPRA,225,119.8845,2.1377,2026-08-03 13:57:17,2026-08-03 13:57:17,2026-08-03 13:57:17
200116,1008,NWGB4,COMPRA,320,146.4127,3.9685,2026-08-03 13:59:24,2026-08-03 13:59:26,2026-08-03 13:59:26
200117,1870,ICSU4,COMPRA,80,150.8982,12.5363,2026-08-03 11:22:09,2026-08-03 11:22:09,2026-08-03 11:22:09
200118,1406,QEUC2,COMPRA,452,182.5309,,2026-08-03 13:49:18,2026-08-03 13:49:20,2026-08-03 13:49:20
200119,1794,YFAH5,COMPRA,475,201.3313,11.2589,2026-08-03 11:55:10,2026-08-03 11:55:10,2026-08-03 11:55:10
200120,1465,LIEG8,COMPRA,205,105.3273,1.5555,2026-08-03 13:13:13,2026-08-03 13:13:14,2026-08-03 13:13:14
200121,2017,UVEY5,COMPRA,230,85.0298,0.3123,2026-08-03 12:41:42,2026-08-03 12:41:43,2026-08-03 12:41:43
200122,2176,TBWG2,COMPRA,295,89.9818,3.6743,2026-08-03 14:45:42,2026-08-03 14:45:44,2026-08-03 14:45:44
200123,2962,JDJG6,COMPRA,112,54.9954,4.7648,2026-08-03 15:59:02,2026-08-03 15:59:02,2026-08-03 15:59:02
200124,1472,ZYVN7,COMPRA,15,90.1001,10.4545,2026-08-03 10:30:32,2026-08-03 10:30:32,2026-08-03 10:30:32
200125,2929,LIEG8,COMPRA,80,114.7471,7.7918,2026-08-03 12:12:11,2026-08-03 12:12:12,2026-08-03 12:12:12
200126,1649,RIET5,COMPRA,300,137.1801,6.1701,2026-08-03 17:13:40,2026-08-03 17:13:42,2026-08-03 17:13:42
200127,2183,GULD2,COMPRA,498,149.9531,4.4259,2026-08-03 15:36:58,2026-08-03 15:37:00,2026-08-03 15:37:00
200128,2398,OXVD8,COMPRA,390,64.0867,1.1381,2026-08-03 12:35:09,2026-08-03 12:35:10,2026-08-03 12:35:10
200129,3296,JUDG8,COMPRA,203,98.9642,4.5894,2026-08-03 11:02:03,2026-08-03 11:02:03,2026-08-03 11:02:03
200130,2339,SGBG8,COMPRA,460,67.4172,10.0117,2026-08-03 16:42:15,2026-08-03 16:42:16,2026-08-03 16:42:16
200131,2229,NREP8,COMPRA,320,122.3622,8.5170,2026-08-03 16:37:03,2026-08-03 16:37:04,2026-08-03 16:37:04
200132,2474,CQJZ4,COMPRA,480,69.5758,9.1525,2026-08-03 13:35:28,2026-08-03 13:35:28,2026-08-03 13:35:28
200133,1427,PZUP8,COMPRA,410,194.1895,2.5047,2026-08-03 11:21:33,2026-08-03 11:21:35,2026-08-03 11:21:35
200134,3459,JDJG6,COMPRA,25,75.2089,4.1050,2026-08-03 16:34:57,2026-08-03 16:34:58,2026-08-03 16:34:58
200135,3410,SRDU1,COMPRA,230,85.1818,12.7302,2026-08-03 14:58:55,2026-08-03 14:58:55,2026-08-03 14:58:55
200136,1897,NGIU9,COMPRA,230,104.2606,6.5576,2026-08-03 14:51:46,2026-08-03 14:51:46,2026-08-03 14:51:46
200137,1618,OEQA8,COMPRA,480,532.4707,6.3342,2026-08-03 12:40:54,2026-08-03 12:40:55,2026-08-03 12:40:55
200138,2784,ICSU4,COMPRA,100,128.4811,5.6108,2026-08-03 14:10:16,2026-08-03 14:10:16,2026-08-03 14:10:16
200139,3370,OXVD8,COMPRA,325,88.2988,10.0726,2026-08-03 15:22:29,2026-08-03 15:22:30,2026-08-03 15:22:30
200140,3406,DFGR7,COMPRA,395,89.0751,10.5555,2026-08-03 13:03:24,2026-08-03 13:03:26,2026-08-03 13:03:26
200141,2725,MCHX2,COMPRA,405,125.4788,6.6481,2026-08-03 16:45:41,2026-08-03 16:45:42,2026-08-03 16:45:42
200142,2335,RMRT1,COMPRA,202,89.7570,11.4443,2026-08-03 12:35:27,2026-08-03 12:35:30,2026-08-03 12:35:30
200143,3091,IPXK2,COMPRA,348,238.7115,9.3085,2026-08-03 11:01:17,2026-08-03 11:01:17,2026-08-03 11:01:17
200144,1071,GAKD5,COMPRA,180,263.9431,5.7211,2026-08-03 15:13:29,2026-08-03 15:13:31,2026-08-03 15:13:31
200145,2254,TXHR8,COMPRA,442,96.0760,11.4110,2026-08-03 11:04:49,2026-08-03 11:04:52,2026-08-03 11:04:52
200146,2766,UQJU7,COMPRA,2,76.3038,2.3503,2026-08-03 15:58:09,2026-08-03 15:58:11,2026-08-03 15:58:11
200147,2389,MCMT2,COMPRA,470,104.6939,3.5981,2026-08-03 13:31:38,2026-08-03 13:31:38,2026-08-03 13:31:38
200148,1052,NGIU9,COMPRA,344,123.2011,8.6113,2026-08-03 16:20:23,2026-08-03 16:20:25,2026-08-03 16:20:25
200149,1875,NPEM3,COMPRA,355,102.7666,10.2825,2026-08-03 11:07:53,2026-08-03 11:07:56,2026-08-03 11:07:56
200150,1688,ERTC4,COMPRA,139,42.1841,0.9578,2026-08-03 17:08:42,2026-08-03 17:08:44,2026-08-03 17:08:44
200151,1030,SRDU1,COMPRA,270,80.3764,8.0176,2026-08-03 11:16:56,2026-08-03 11:16:58,2026-08-03 11:16:58
200152,3061,TBWG2,COMPRA,355,73.3523,10.5775,2026-08-03 13:07:27,2026-08-03 13:07:30,2026-08-03 13:07:30
200153,2243,DGBT6,COMPRA,315,113.2243,2.7546,2026-08-03 12:42:15,2026-08-03 12:42:15,2026-08-03 12:42:15
200154,1473,OVUQ2,COMPRA,470,41.6020,9.4363,2026-08-03 11:25:40,2026-08-03 11:25:43,2026-08-03 11:25:43
200155,2772,HJRH5,COMPRA,35,196.3819,4.7962,2026-08-03 15:44:01,2026-08-03 15:44:04,2026-08-03 15:44:04
200156,1784,GAKD5,COMPRA,350,225.9205,1.4876,2026-08-03 14:21:32,2026-08-03 14:21:33,2026-08-03 14:21:33
200157,1166,SGBG8,COMPRA,275,70.6608,4.6043,2026-08-03 15:27:10,2026-08-03 15:27:13,2026-08-03 15:27:13
200158,3017,IWFI1,COMPRA,62,176.5260,2.3761,2026-08-03 10:59:56,2026-08-03 10:59:59,2026-08-03 10:59:59
200159,1415,OVYL9,COMPRA,95,73.5408,2.9116,2026-08-03 10:23:01,2026-08-03 10:23:02,2026-08-03 10:23:02
200160,3456,IWFI1,VENDA,294,200.1972,0.9400,2026-08-03 11:18:08,2026-08-03 11:18:10,2026-08-03 11:18:10
200161,3395,RMRT1,COMPRA,210,98.9541,6.3999,2026-08-03 15:49:23,2026-08-03 15:49:23,2026-08-03 15:49:23
200162,3416,LQML9,COMPRA,439,130.8575,11.3188,2026-08-03 16:42:23,2026-08-03 16:42:24,2026-08-03 16:42:24
200163,3463,AAWB3,COMPRA,270,175.6383,11.7730,2026-08-03 16:35:24,2026-08-03 16:35:24,2026-08-03 16:35:24
200164,2983,QATW7,COMPRA,85,47.0648,2.8337,2026-08-03 15:18:43,2026-08-03 15:18:45,2026-08-03 15:18:45
200165,2621,TTHO3,COMPRA,435,31.0717,12.0163,2026-08-03 16:03:05,2026-08-03 16:03:08,2026-08-03 16:03:08
200166,3172,NAOF3,COMPRA,380,65.4547,1.1289,2026-08-03 11:07:35,2026-08-03 11:07:35,2026-08-03 11:07:35
200167,1921,IWFI1,COMPRA,425,200.1080,6.9422,2026-08-03 13:40:47,2026-08-03 13:40:48,2026-08-03 13:40:48
200168,1904,LQML9,COMPRA,75,172.2518,4.5164,2026-08-03 16:30:57,2026-08-03 16:30:58,2026-08-03 16:30:58
200169,1948,TNHT4,COMPRA,35,141.8717,4.3230,2026-08-03 14:50:30,2026-08-03 14:50:30,2026-08-03 14:50:30
200170,1348,GKQC5,COMPRA,480,130.3944,4.0799,2026-08-03 16:44:32,2026-08-03 16:44:34,2026-08-03 16:44:34
200171,2526,RIET5,COMPRA,270,143.8587,1.2246,2026-08-03 11:19:58,2026-08-03 11:20:00,2026-08-03 11:20:00
200172,2294,YCCK8,COMPRA,282,344.9412,7.4676,2026-08-03 10:26:08,2026-08-03 10:26:09,2026-08-03 10:26:09
200173,1599,DFGR7,COMPRA,380,107.7613,8.5016,2026-08-03 11:39:08,2026-08-03 11:39:08,2026-08-03 11:39:08
200174,2655,IWFI1,COMPRA,85,142.2616,12.6036,2026-08-03 16:04:42,2026-08-03 16:04:43,2026-08-03 16:04:43
200175,2229,NWGB4,COMPRA,184,101.8232,4.2586,2026-08-03 16:49:37,2026-08-03 16:49:39,2026-08-03 16:49:39
200176,1411,RMRT1,COMPRA,360,78.7849,1.3235,2026-08-03 17:13:04,2026-08-03 17:13:04,2026-08-03 17:13:04
200177,3471,WHMT3,COMPRA,365,100.4396,3.6392,2026-08-03 15:45:29,2026-08-03 15:45:29,2026-08-03 15:45:29
200178,1063,KQEO3,COMPRA,115,61.3635,12.0460,2026-08-03 15:25:01,2026-08-03 15:25:04,2026-08-03 15:25:04
200179,2992,DSFC9,COMPRA,290,508.6210,9.2084,2026-08-03 12:25:03,2026-08-03 12:25:05,2026-08-03 12:25:05
200180,2520,QQQS1,COMPRA,180,28.3619,3.6508,2026-08-03 11:53:06,2026-08-03 11:53:06,2026-08-03 11:53:06
200181,1838,FYZB6,COMPRA,290,79.3993,9.5013,2026-08-03 16:28:12,2026-08-03 16:28:14,2026-08-03 16:28:14
200182,2411,GFDF2,COMPRA,245,108.1277,12.2323,2026-08-03 16:47:55,2026-08-03 16:47:58,2026-08-03 16:47:58
200183,2157,DSFC9,COMPRA,355,377.1007,6.1823,2026-08-03 10:01:12,2026-08-03 10:01:13,2026-08-03 10:01:13
200184,1421,FYZB6,COMPRA,285,80.2724,2.8808,2026-08-03 14:27:31,2026-08-03 14:27:32,2026-08-03 14:27:32
200185,1280,UVEY5,COMPRA,400,73.1005,5.3259,2026-08-03 16:59:48,2026-08-03 16:59:50,2026-08-03 16:59:50
200186,2268,LQML9,COMPRA,287,172.3330,11.7807,2026-08-03 13:02:11,2026-08-03 13:02:12,2026-08-03 13:02:12
200187,3013,LCCH9,COMPRA,450,8.6342,1.0782,2026-08-03 10:52:53,2026-08-03 10:52:55,2026-08-03 10:52:55
200188,1944,WHMT3,COMPRA,360,92.3834,7.4427,2026-08-03 14:09:11,2026-08-03 14:09:14,2026-08-03 14:09:14
200189,2243,CQIL9,COMPRA,150,35.2298,2.5483,2026-08-03 14:34:30,2026-08-03 14:34:33,2026-08-03 14:34:33
200190,2985,PBZM6,COMPRA,315,61.4171,3.1939,2026-08-03 14:46:00,2026-08-03 14:46:01,2026-08-03 14:46:01
200191,3182,ICSU4,COMPRA,230,138.0088,6.1022,2026-08-03 14:27:49,2026-08-03 14:27:49,2026-08-03 14:27:49
200192,3133,NQYT3,COMPRA,208,75.6268,1.1150,2026-08-03 13:32:33,2026-08-03 13:32:33,2026-08-03 13:32:33
200193,2824,GKQC5,COMPRA,415,111.5737,1.2149,2026-08-03 12:08:03,2026-08-03 12:08:05,2026-08-03 12:08:05
200194,1013,ZFBT3,COMPRA,395,123.4718,5.7263,2026-08-03 12:24:12,2026-08-03 12:24:15,2026-08-03 12:24:15
200195,1954,TVCE9,COMPRA,315,78.3344,6.7240,2026-08-03 12:00:47,2026-08-03 12:00:48,2026-08-03 12:00:48
200196,2457,IJJK3,COMPRA,80,110.5066,7.3531,2026-08-03 13:50:17,2026-08-03 13:50:17,2026-08-03 13:50:17
200197,1497,HCZM2,COMPRA,385,382.0731,1.1346,2026-08-03 11:39:55,2026-08-03 11:39:57,2026-08-03 11:39:57
200198,3330,MCMT2,COMPRA,405,93.0490,1.9850,2026-08-03 12:40:01,2026-08-03 12:40:03,2026-08-03 12:40:03
200199,2846,UYFJ9,COMPRA,368,113.3649,11.3990,2026-08-03 16:04:32,2026-08-03 16:04:33,2026-08-03 16:04:33
200200,1907,XTVW5,COMPRA,389,108.5251,2.2737,2026-08-03 13:50:22,2026-08-03 13:50:22,2026-08-03 13:50:22
200201,2405,ZFBT3,COMPRA,133,79.2690,11.7636,2026-08-03 15:35:30,2026-08-03 15:35:32,2026-08-03 15:35:32
200202,1876,EEYY9,COMPRA,265,142.8303,6.1861,2026-08-03 13:11:27,2026-08-03 13:11:29,2026-08-03 13:11:29
200203,1603,AAUA7,COMPRA,235,168.0150,9.0036,2026-08-03 11:00:24,2026-08-03 11:00:24,2026-08-03 11:00:24
200204,2479,TTHO3,COMPRA,458,42.2772,11.9973,2026-08-03 12:45:36,2026-08-03 12:45:37,2026-08-03 12:45:37
200205,2963,JIPR4,COMPRA,210,26.1686,0.9424,2026-08-03 14:31:38,2026-08-03 14:31:41,2026-08-03 14:31:41
200206,2219,ZAAS7,COMPRA,265,419.3285,3.1729,2026-08-03 13:07:19,2026-08-03 13:07:20,2026-08-03 13:07:20
200207,1564,YOWA1,COMPRA,230,53.3306,1.9017,2026-08-03 13:48:18,2026-08-03 13:48:20,2026-08-03 13:48:20
200208,2460,FRGH8,COMPRA,50,87.5824,2.9269,2026-08-03 10:53:59,2026-08-03 10:54:00,2026-08-03 10:54:00
200209,2567,DMTZ8,COMPRA,460,185.0241,0.4652,2026-08-03 10:35:19,2026-08-03 10:35:20,2026-08-03 10:35:20
200210,1529,KQEO3,COMPRA,9,59.1997,8.9189,2026-08-03 11:39:32,2026-08-03 11:39:34,2026-08-03 11:39:34
200211,1856,NPEM3,COMPRA,270,105.1861,4.8842,2026-08-03 11:22:10,2026-08-03 11:22:11,2026-08-03 11:22:11
200212,1155,GKQC5,COMPRA,306,120.6937,3.4009,2026-08-03 15:08:49,2026-08-03 15:08:52,2026-08-03 15:08:52
200213,3202,GULD2,COMPRA,120,135.1953,2.7762,2026-08-03 10:10:05,2026-08-03 10:10:08,2026-08-03 10:10:08
200214,2313,GKQC5,COMPRA,225,152.5719,9.8586,2026-08-03 17:05:37,2026-08-03 17:05:37,2026-08-03 17:05:37
200215,2806,NGIU9,COMPRA,15,127.4273,11.4495,2026-08-03 12:19:53,2026-08-03 12:19:54,2026-08-03 12:19:54
200216,2262,DGBT6,COMPRA,210,80.9631,3.1772,2026-08-03 15:44:00,2026-08-03 15:44:03,2026-08-03 15:44:03
200217,2711,VLEB3,COMPRA,8,372.7100,1.7899,2026-08-03 11:41:57,2026-08-03 11:41:57,2026-08-03 11:41:57
200218,2147,IWFI1,COMPRA,208,200.2908,11.4002,2026-08-03 13:14:08,2026-08-03 13:14:09,2026-08-03 13:14:09
200219,2722,WMQZ6,COMPRA,320,86.2371,2.2168,2026-08-03 10:04:16,2026-08-03 10:04:18,2026-08-03 10:04:18
200220,2874,SVOZ4,COMPRA,200,37.2439,6.1728,2026-08-03 10:39:04,2026-08-03 10:39:06,2026-08-03 10:39:06
200221,1924,NUJZ2,COMPRA,230,32.2077,9.8572,2026-08-03 15:48:13,2026-08-03 15:48:13,2026-08-03 15:48:13
200222,1583,DEGN5,COMPRA,375,98.0462,7.7094,2026-08-03 13:12:20,2026-08-03 13:12:22,2026-08-03 13:12:22
200223,3123,YYLA4,COMPRA,375,146.6243,8.1886,2026-08-03 16:11:53,2026-08-03 16:11:55,2026-08-03 16:11:55
200224,2559,QQQS1,COMPRA,384,21.6679,0.8156,2026-08-03 13:22:26,2026-08-03 13:22:27,2026-08-03 13:22:27
200225,3197,DSFC9,COMPRA,115,434.4750,7.6500,2026-08-03 13:42:58,2026-08-03 13:42:58,2026-08-03 13:42:58
200226,2897,NUJZ2,COMPRA,95,35.3615,7.6800,2026-08-03 14:29:55,2026-08-03 14:29:57,2026-08-03 14:29:57
200227,2317,KFSY2,COMPRA,60,126.0387,2.7934,2026-08-03 15:52:13,2026-08-03 15:52:14,2026-08-03 15:52:14
200228,2131,PSEN6,COMPRA,245,166.6019,7.4352,2026-08-03 12:30:48,2026-08-03 12:30:51,2026-08-03 12:30:51
200229,1177,ZFBT3,COMPRA,175,102.7948,6.1755,2026-08-03 14:55:15,2026-08-03 14:55:18,2026-08-03 14:55:18
200230,2411,YCCK8,COMPRA,30,454.9834,1.7492,2026-08-03 14:36:07,2026-08-03 14:36:09,2026-08-03 14:36:09
200231,1812,OVYL9,COMPRA,270,65.4866,9.4983,2026-08-03 11:54:35,2026-08-03 11:54:38,2026-08-03 11:54:38
200232,2412,DHRM5,COMPRA,369,367.7163,5.7682,2026-08-03 12:31:20,2026-08-03 12:31:21,2026-08-03 12:31:21
200233,3208,JUDG8,COMPRA,340,104.1405,5.1882,2026-08-03 10:51:53,2026-08-03 10:51:56,2026-08-03 10:51:56
200234,1890,WMQZ6,COMPRA,270,66.3769,9.8274,2026-08-03 17:26:37,2026-08-03 17:26:37,2026-08-03 17:26:37
200235,3345,RYPL6,COMPRA,120,105.8888,1.1371,2026-08-03 17:29:19,2026-08-03 17:29:19,2026-08-03 17:29:19
200236,3385,DFGR7,COMPRA,305,113.9970,0.3747,2026-08-03 14:38:22,2026-08-03 14:38:22,2026-08-03 14:38:22
200237,1359,AYFQ2,COMPRA,195,12.7787,12.6666,2026-08-03 15:33:00,2026-08-03 15:33:00,2026-08-03 15:33:00
200238,1327,TXHR8,COMPRA,195,77.8387,12.2079,2026-08-03 15:27:31,2026-08-03 15:27:34,2026-08-03 15:27:34
200239,1780,BOCS8,COMPRA,145,58.3474,12.7084,2026-08-03 16:25:15,2026-08-03 16:25:18,2026-08-03 16:25:18
200240,2327,EEYY9,COMPRA,55,175.8259,10.4901,2026-08-03 14:25:12,2026-08-03 14:25:15,2026-08-03 14:25:15
200241,2539,OEQA8,COMPRA,295,469.1971,6.0640,2026-08-03 11:42:43,2026-08-03 11:42:44,2026-08-03 11:42:44
200242,1152,AYFQ2,COMPRA,380,14.1095,8.6666,2026-08-03 15:45:03,2026-08-03 15:45:05,2026-08-03 15:45:05
200243,1250,QEUC2,COMPRA,475,138.5094,5.1842,2026-08-03 12:05:34,2026-08-03 12:05:35,2026-08-03 12:05:35
200244,3386,QTHQ1,COMPRA,285,25.6641,2.2651,2026-08-03 13:52:20,2026-08-03 13:52:20,2026-08-03 13:52:20
200245,1441,ZFBT3,COMPRA,16,94.0686,2.4319,2026-08-03 10:40:30,2026-08-03 10:40:33,2026-08-03 10:40:33
200246,3454,NUJZ2,COMPRA,275,37.9514,10.4531,2026-08-03 14:25:41,2026-08-03 14:25:44,2026-08-03 14:25:44
200247,2507,JJVW6,COMPRA,35,147.1453,6.8731,2026-08-03 12:17:04,2026-08-03 12:17:05,2026-08-03 12:17:05
200248,2817,SUZL4,COMPRA,275,153.0238,4.7390,2026-08-03 14:02:04,2026-08-03 14:02:05,2026-08-03 14:02:05
200249,3141,OXVD8,COMPRA,40,100.6471,2.5031,2026-08-03 15:13:04,2026-08-03 15:13:05,2026-08-03 15:13:05
200250,1357,HCZM2,COMPRA,485,388.1088,5.2112,2026-08-03 10:07:19,2026-08-03 10:07:20,2026-08-03 10:07:20
200251,1019,FRGH8,COMPRA,205,82.0105,4.8422,2026-08-03 12:46:51,2026-08-03 12:46:54,2026-08-03 12:46:54
200252,2355,TVCE9,COMPRA,475,74.6913,11.9994,2026-08-03 11:48:48,2026-08-03 11:48:49,2026-08-03 11:48:49
200253,1813,ECQD7,COMPRA,80,75.9833,10.0010,2026-08-03 12:00:08,2026-08-03 12:00:08,2026-08-03 12:00:08
200254,2015,YYLA4,COMPRA,355,187.3659,2.3514,2026-08-03 12:18:28,2026-08-03 12:18:30,2026-08-03 12:18:30
200255,2885,IPXK2,COMPRA,405,363.7574,6.0750,2026-08-03 11:00:03,2026-08-03 11:00:03,2026-08-03 11:00:03
200256,2342,ZFBT3,COMPRA,95,79.4513,8.4065,2026-08-03 11:46:01,2026-08-03 11:46:02,2026-08-03 11:46:02
200257,1020,YRWH3,COMPRA,469,167.5461,8.4095,2026-08-03 11:12:22,2026-08-03 11:12:24,2026-08-03 11:12:24
200258,2156,TBWG2,COMPRA,365,80.7283,5.4159,2026-08-03 11:28:30,2026-08-03 11:28:33,2026-08-03 11:28:33
200259,3354,OXVD8,COMPRA,159,74.8942,10.6372,2026-08-03 14:35:34,2026-08-03 14:35:37,2026-08-03 14:35:37
200260,2041,ZFBT3,COMPRA,215,92.0973,,2026-08-03 17:29:30,2026-08-03 17:29:32,2026-08-03 17:29:32
200261,1687,QYBV3,COMPRA,245,70.3630,8.8725,2026-08-03 12:20:48,2026-08-03 12:20:50,2026-08-03 12:20:50
200262,3228,BXFJ9,COMPRA,220,192.7345,6.9211,2026-08-03 14:16:30,2026-08-03 14:16:32,2026-08-03 14:16:32
200263,1652,JIPR4,COMPRA,301,35.2740,7.1912,2026-08-03 10:29:54,2026-08-03 10:29:54,2026-08-03 10:29:54
200264,3044,NAOF3,COMPRA,175,61.3743,6.4010,2026-08-03 14:47:13,2026-08-03 14:47:14,2026-08-03 14:47:14
200265,3046,RFNS7,COMPRA,5,102.4797,1.2901,2026-08-03 14:47:01,2026-08-03 14:47:04,2026-08-03 14:47:04
200266,2144,VLEB3,COMPRA,478,348.7145,6.4211,2026-08-03 14:09:32,2026-08-03 14:09:35,2026-08-03 14:09:35
200267,1977,MCHX2,COMPRA,352,122.7396,3.2719,2026-08-03 16:13:11,2026-08-03 16:13:12,2026-08-03 16:13:12
200268,2620,TNHT4,COMPRA,440,109.8187,2.7605,2026-08-03 13:37:12,2026-08-03 13:37:13,2026-08-03 13:37:13
200269,2899,BSDJ7,COMPRA,395,236.2403,2.9281,2026-08-03 11:03:29,2026-08-03 11:03:30,2026-08-03 11:03:30
200270,2014,XOVY4,COMPRA,465,102.5798,9.4128,2026-08-03 17:16:05,2026-08-03 17:16:06,2026-08-03 17:16:06
200271,1767,NUJZ2,COMPRA,495,26.2798,6.2397,2026-08-03 12:08:18,2026-08-03 12:08:18,2026-08-03 12:08:18
200272,3436,MOLF3,COMPRA,290,44.5593,9.2557,2026-08-03 14:36:29,2026-08-03 14:36:31,2026-08-03 14:36:31
200273,3244,ENRZ2,COMPRA,175,84.7120,11.3091,2026-08-03 15:48:37,2026-08-03 15:48:39,2026-08-03 15:48:39
200274,3413,XAVL3,COMPRA,10,190.0826,1.5559,2026-08-03 12:32:52,2026-08-03 12:32:53,2026-08-03 12:32:53
200275,1176,NHYK8,COMPRA,90,56.3183,10.1811,2026-08-03 10:15:19,2026-08-03 10:15:19,2026-08-03 10:15:19
200276,1091,ZHTL2,COMPRA,255,63.7419,7.6517,2026-08-03 12:26:31,2026-08-03 12:26:32,2026-08-03 12:26:32
200277,1325,KFSY2,COMPRA,320,85.5757,9.8642,2026-08-03 16:03:15,2026-08-03 16:03:17,2026-08-03 16:03:17
200278,3400,PQUT9,COMPRA,200,80.8283,2.7336,2026-08-03 16:14:02,2026-08-03 16:14:05,2026-08-03 16:14:05
200279,2087,XPVA7,COMPRA,95,554.6327,11.1293,2026-08-03 15:52:39,2026-08-03 15:52:39,2026-08-03 15:52:39
200280,1637,XPVA7,COMPRA,230,396.3419,7.1206,2026-08-03 15:40:04,2026-08-03 15:40:07,2026-08-03 15:40:07
200281,1136,JJVW6,COMPRA,205,113.8224,8.0520,2026-08-03 15:24:33,2026-08-03 15:24:36,2026-08-03 15:24:36
200282,1583,GFDF2,COMPRA,290,68.7428,6.1878,2026-08-03 17:29:56,2026-08-03 17:29:59,2026-08-03 17:29:59
200283,1389,IWFI1,COMPRA,100,175.8602,4.2740,2026-08-03 12:01:40,2026-08-03 12:01:43,2026-08-03 12:01:43
200284,3024,KQEO3,COMPRA,125,83.0099,1.9309,2026-08-03 16:49:05,2026-08-03 16:49:06,2026-08-03 16:49:06
200285,1790,NPEM3,COMPRA,75,111.0141,9.7019,2026-08-03 12:35:22,2026-08-03 12:35:22,2026-08-03 12:35:22
200286,1988,YCCK8,COMPRA,475,352.1896,11.9308,2026-08-03 11:08:44,2026-08-03 11:08:44,2026-08-03 11:08:44
200287,3122,WXFC8,COMPRA,335,80.8609,11.3903,2026-08-03 13:05:51,2026-08-03 13:05:51,2026-08-03 13:05:51
200288,3067,AYFQ2,COMPRA,300,14.4174,0.6264,2026-08-03 14:37:24,2026-08-03 14:37:24,2026-08-03 14:37:24
200289,1796,ENRZ2,COMPRA,65,114.3688,9.2176,2026-08-03 11:33:38,2026-08-03 11:33:38,2026-08-03 11:33:38
200290,1769,ZYVN7,COMPRA,360,62.7652,2.4066,2026-08-03 10:45:21,2026-08-03 10:45:24,2026-08-03 10:45:24
200291,1038,UVEY5,COMPRA,110,71.7337,1.7976,2026-08-03 15:48:17,2026-08-03 15:48:19,2026-08-03 15:48:19
200292,1173,RIET5,COMPRA,115,109.0628,,2026-08-03 13:01:37,2026-08-03 13:01:39,2026-08-03 13:01:39
200293,1715,RIET5,COMPRA,55,175.6639,8.4244,2026-08-03 11:06:59,2026-08-03 11:07:01,2026-08-03 11:07:01
200294,1369,RDOA3,COMPRA,395,85.6006,11.6785,2026-08-03 14:55:06,2026-08-03 14:55:07,2026-08-03 14:55:07
200295,2663,GFDF2,COMPRA,380,77.2814,9.0335,2026-08-03 14:21:13,2026-08-03 14:21:15,2026-08-03 14:21:15
200296,1584,JIPA6,COMPRA,380,41.9451,9.0594,2026-08-03 12:32:04,2026-08-03 12:32:07,2026-08-03 12:32:07
200297,1053,GFDF2,COMPRA,130,80.9115,12.6821,2026-08-03 11:10:00,2026-08-03 11:10:02,2026-08-03 11:10:02
200298,1130,NHYK8,COMPRA,315,64.2373,7.8060,2026-08-03 16:54:00,2026-08-03 16:54:03,2026-08-03 16:54:03
200299,1913,RIET5,COMPRA,335,161.1675,6.5544,2026-08-03 15:03:19,2026-08-03 15:03:19,2026-08-03 15:03:19
200300,3252,RMRT1,COMPRA,175,127.5862,12.1314,2026-08-03 17:13:38,2026-08-03 17:13:41,2026-08-03 17:13:41
200301,1854,HVEX2,COMPRA,251,105.4135,8.9664,2026-08-03 13:14:18,2026-08-03 13:14:19,2026-08-03 13:14:19
200302,1805,DHRM5,COMPRA,296,362.0344,4.7990,2026-08-03 12:12:00,2026-08-03 12:12:01,2026-08-03 12:12:01
200303,3136,DSFC9,VENDA,280,321.0544,0.3728,2026-08-03 12:15:18,2026-08-03 12:15:21,2026-08-03 12:15:21
200304,1436,MCMT2,COMPRA,305,109.2734,7.8653,2026-08-03 10:50:51,2026-08-03 10:50:54,2026-08-03 10:50:54
200305,1630,MOLF3,COMPRA,35,52.2759,2.1151,2026-08-03 16:00:04,2026-08-03 16:00:05,2026-08-03 16:00:05
200306,2383,EEYY9,COMPRA,495,147.4626,3.2098,2026-08-03 14:42:06,2026-08-03 14:42:09,2026-08-03 14:42:09
200307,2463,QTDZ2,COMPRA,327,38.9612,0.1556,2026-08-03 16:17:55,2026-08-03 16:17:58,2026-08-03 16:17:58
200308,3031,DHRM5,COMPRA,105,356.3215,3.1740,2026-08-03 11:20:34,2026-08-03 11:20:34,2026-08-03 11:20:34
200309,2991,QATW7,COMPRA,460,39.6134,6.8650,2026-08-03 11:17:10,2026-08-03 11:17:12,2026-08-03 11:17:12
200310,1402,WXQM6,COMPRA,230,57.2398,0.6254,2026-08-03 10:59:02,2026-08-03 10:59:03,2026-08-03 10:59:03
200311,1447,LQML9,COMPRA,201,173.7637,7.3529,2026-08-03 10:59:56,2026-08-03 10:59:58,2026-08-03 10:59:58
200312,1790,HCZM2,COMPRA,395,510.5482,4.3408,2026-08-03 13:14:04,2026-08-03 13:14:05,2026-08-03 13:14:05
200313,1175,TXHR8,COMPRA,345,78.9654,11.1450,2026-08-03 17:07:59,2026-08-03 17:08:01,2026-08-03 17:08:01
200314,1387,RYPL6,COMPRA,160,98.1498,2.5422,2026-08-03 14:44:47,2026-08-03 14:44:48,2026-08-03 14:44:48
200315,1767,YYLA4,COMPRA,395,188.4531,10.2199,2026-08-03 10:13:13,2026-08-03 10:13:16,2026-08-03 10:13:16
200316,2579,NUJZ2,COMPRA,350,27.8408,4.2183,2026-08-03 12:43:45,2026-08-03 12:43:45,2026-08-03 12:43:45
200317,1950,BXFJ9,COMPRA,165,187.0390,9.5393,2026-08-03 16:40:07,2026-08-03 16:40:07,2026-08-03 16:40:07
200318,3104,XLZM9,COMPRA,310,49.9092,2.8543,2026-08-03 12:40:42,2026-08-03 12:40:42,2026-08-03 12:40:42
200319,2774,ZHTL2,COMPRA,478,53.3965,1.9621,2026-08-03 15:35:09,2026-08-03 15:35:09,2026-08-03 15:35:09
200320,2716,IJJK3,COMPRA,230,112.8659,11.9207,2026-08-03 14:08:33,2026-08-03 14:08:34,2026-08-03 14:08:34
200321,3126,LQML9,COMPRA,20,142.8011,4.7321,2026-08-03 17:22:24,2026-08-03 17:22:24,2026-08-03 17:22:24
200322,3056,GAKD5,COMPRA,455,344.8477,11.2385,2026-08-03 14:36:57,2026-08-03 14:37:00,2026-08-03 14:37:00
200323,3120,UVEY5,COMPRA,30,83.0455,12.1691,2026-08-03 15:55:44,2026-08-03 15:55:47,2026-08-03 15:55:47
200324,1599,DFGR7,COMPRA,35,95.7098,10.1544,2026-08-03 14:28:27,2026-08-03 14:28:29,2026-08-03 14:28:29
200325,3105,KHGP6,COMPRA,390,79.2599,10.8965,2026-08-03 11:16:23,2026-08-03 11:16:23,2026-08-03 11:16:23
200326,1544,RSBT4,COMPRA,335,457.2120,6.4093,2026-08-03 13:12:28,2026-08-03 13:12:29,2026-08-03 13:12:29
200327,2396,EEYY9,COMPRA,135,166.1146,1.8501,2026-08-03 12:16:04,2026-08-03 12:16:04,2026-08-03 12:16:04
200328,1060,WIPB2,COMPRA,480,97.4364,5.2784,2026-08-03 15:10:29,2026-08-03 15:10:31,2026-08-03 15:10:31
200329,1751,GKQC5,COMPRA,305,142.4112,7.7422,2026-08-03 10:52:02,2026-08-03 10:52:02,2026-08-03 10:52:02
200330,2401,LGKU6,COMPRA,95,79.6832,5.3806,2026-08-03 13:29:57,2026-08-03 13:29:57,2026-08-03 13:29:57
200331,2766,DMTZ8,COMPRA,245,142.6899,7.2726,2026-08-03 10:48:30,2026-08-03 10:48:31,2026-08-03 10:48:31
200332,1132,TBWG2,COMPRA,175,98.2972,6.9768,2026-08-03 12:17:25,2026-08-03 12:17:25,2026-08-03 12:17:25
200333,1672,AYFQ2,COMPRA,470,11.6965,0.0352,2026-08-03 14:47:48,2026-08-03 14:47:51,2026-08-03 14:47:51
200334,1240,RFNS7,COMPRA,40,86.2876,12.4650,2026-08-03 13:51:28,2026-08-03 13:51:29,2026-08-03 13:51:29
200335,1005,IPXK2,COMPRA,475,319.2810,2.7851,2026-08-03 11:08:13,2026-08-03 11:08:15,2026-08-03 11:08:15
200336,3457,ACSV1,COMPRA,125,111.5731,8.0492,2026-08-03 16:22:32,2026-08-03 16:22:33,2026-08-03 16:22:33
200337,1664,YFAH5,COMPRA,59,177.7107,1.8890,2026-08-03 14:11:58,2026-08-03 14:12:01,2026-08-03 14:12:01
200338,2312,JJVW6,COMPRA,355,116.4101,5.0653,2026-08-03 14:13:02,2026-08-03 14:13:02,2026-08-03 14:13:02
200339,1459,UCHR6,COMPRA,465,485.5203,11.5988,2026-08-03 16:06:46,2026-08-03 16:06:46,2026-08-03 16:06:46
200340,1969,AAWB3,COMPRA,60,193.6279,6.4403,2026-08-03 14:12:35,2026-08-03 14:12:36,2026-08-03 14:12:36
200341,3153,XLZM9,COMPRA,385,52.7581,4.1751,2026-08-03 15:12:34,2026-08-03 15:12:36,2026-08-03 15:12:36
200342,1458,AAWB3,COMPRA,480,161.8302,4.0697,2026-08-03 15:43:51,2026-08-03 15:43:52,2026-08-03 15:43:52
200343,1709,AAWB3,COMPRA,300,164.8913,2.3553,2026-08-03 15:09:03,2026-08-03 15:09:04,2026-08-03 15:09:04
200344,3063,DHRM5,COMPRA,455,233.1266,10.8149,2026-08-03 10:42:19,2026-08-03 10:42:21,2026-08-03 10:42:21
200345,2976,NREP8,COMPRA,166,114.6758,5.7984,2026-08-03 17:12:14,2026-08-03 17:12:17,2026-08-03 17:12:17
200346,1470,ERTC4,COMPRA,130,38.6418,11.1181,2026-08-03 14:33:54,2026-08-03 14:33:56,2026-08-03 14:33:56
200347,2474,ZYVN7,COMPRA,370,75.1697,9.6567,2026-08-03 10:08:57,2026-08-03 10:08:59,2026-08-03 10:08:59
200348,1705,NHYK8,COMPRA,181,71.8313,2.7917,2026-08-03 15:35:22,2026-08-03 15:35:25,2026-08-03 15:35:25
200349,1077,KQEO3,COMPRA,30,64.2562,12.5502,2026-08-03 13:53:08,2026-08-03 13:53:08,2026-08-03 13:53:08
200350,1602,JJVW6,COMPRA,355,134.2286,9.3807,2026-08-03 14:07:33,2026-08-03 14:07:36,2026-08-03 14:07:36
200351,3481,MGRR2,COMPRA,500,118.2233,4.0751,2026-08-03 15:11:51,2026-08-03 15:11:53,2026-08-03 15:11:53
200352,2547,IWAK1,COMPRA,135,82.1582,2.1360,2026-08-03 14:57:41,2026-08-03 14:57:43,2026-08-03 14:57:43
200353,2331,NYGT6,COMPRA,225,133.4069,9.0831,2026-08-03 15:21:09,2026-08-03 15:21:11,2026-08-03 15:21:11
200354,1907,BSDJ7,COMPRA,425,291.3245,2.7546,2026-08-03 13:41:11,2026-08-03 13:41:11,2026-08-03 13:41:11
200355,2703,ECQD7,COMPRA,200,81.1139,2.1411,2026-08-03 11:45:31,2026-08-03 11:45:33,2026-08-03 11:45:33
200356,3091,DSFC9,VENDA,290,356.3684,0.0772,2026-08-03 11:12:59,2026-08-03 11:13:01,2026-08-03 11:13:01
200357,3006,EEYY9,COMPRA,465,198.2620,4.0633,2026-08-03 11:45:41,2026-08-03 11:45:41,2026-08-03 11:45:41
200358,2780,NYGT6,COMPRA,30,97.9096,4.0601,2026-08-03 14:13:51,2026-08-03 14:13:51,2026-08-03 14:13:51
200359,1599,OXVD8,COMPRA,180,63.9130,5.4362,2026-08-03 14:42:26,2026-08-03 14:42:28,2026-08-03 14:42:28
200360,2581,TVCE9,COMPRA,165,55.7640,11.9362,2026-08-03 16:19:01,2026-08-03 16:19:02,2026-08-03 16:19:02
200361,3038,YOWA1,COMPRA,295,65.9419,7.2093,2026-08-03 11:39:06,2026-08-03 11:39:08,2026-08-03 11:39:08
200362,2404,JJVW6,COMPRA,5,118.1162,2.1838,2026-08-03 12:42:52,2026-08-03 12:42:53,2026-08-03 12:42:53
200363,3340,IPXK2,COMPRA,15,386.6975,3.8755,2026-08-03 11:33:24,2026-08-03 11:33:24,2026-08-03 11:33:24
200364,1747,ENRZ2,COMPRA,300,87.4673,6.8682,2026-08-03 10:01:59,2026-08-03 10:01:59,2026-08-03 10:01:59
200365,1023,HVEX2,COMPRA,300,163.1400,0.4920,2026-08-03 11:02:33,2026-08-03 11:02:35,2026-08-03 11:02:35
200366,2561,IWFI1,COMPRA,275,157.1227,10.1520,2026-08-03 16:02:33,2026-08-03 16:02:35,2026-08-03 16:02:35
200367,1420,NUJZ2,COMPRA,180,34.7585,7.9895,2026-08-03 14:45:36,2026-08-03 14:45:38,2026-08-03 14:45:38
200368,2307,HJRH5,COMPRA,320,183.7500,4.8212,2026-08-03 17:27:05,2026-08-03 17:27:05,2026-08-03 17:27:05
200369,2055,GFDF2,COMPRA,290,92.2754,3.6599,2026-08-03 10:50:31,2026-08-03 10:50:32,2026-08-03 10:50:32
200370,3169,BSDJ7,COMPRA,35,231.4147,4.1161,2026-08-03 16:10:22,2026-08-03 16:10:24,2026-08-03 16:10:24
200371,2848,FYZB6,COMPRA,185,64.0495,1.2547,2026-08-03 12:35:00,2026-08-03 12:35:02,2026-08-03 12:35:02
200372,3486,VLEB3,COMPRA,95,449.3202,4.9264,2026-08-03 13:28:38,2026-08-03 13:28:38,2026-08-03 13:28:38
200373,1635,YOWA1,COMPRA,132,44.3286,12.6092,2026-08-03 15:12:39,2026-08-03 15:12:40,2026-08-03 15:12:40
200374,2709,JDJG6,COMPRA,476,70.2469,12.2539,2026-08-03 17:06:17,2026-08-03 17:06:19,2026-08-03 17:06:19
200375,1248,IZTY4,COMPRA,335,37.6917,0.2817,2026-08-03 12:45:50,2026-08-03 12:45:51,2026-08-03 12:45:51
200376,2140,JJVW6,COMPRA,105,142.3708,0.4885,2026-08-03 14:49:54,2026-08-03 14:49:56,2026-08-03 14:49:56
200377,2738,KQEO3,COMPRA,495,87.7150,11.5352,2026-08-03 16:16:44,2026-08-03 16:16:46,2026-08-03 16:16:46
200378,1637,AYFQ2,COMPRA,475,11.9110,7.1314,2026-08-03 12:24:00,2026-08-03 12:24:01,2026-08-03 12:24:01
200379,3147,NQYT3,COMPRA,415,47.8042,7.9586,2026-08-03 10:08:52,2026-08-03 10:08:55,2026-08-03 10:08:55
200380,2969,NPEM3,COMPRA,440,112.0120,1.0471,2026-08-03 16:17:29,2026-08-03 16:17:32,2026-08-03 16:17:32
200381,3142,ZYVN7,COMPRA,170,89.2653,0.5666,2026-08-03 14:08:52,2026-08-03 14:08:53,2026-08-03 14:08:53
200382,1573,ZYVN7,COMPRA,405,73.1567,3.7933,2026-08-03 14:35:18,2026-08-03 14:35:21,2026-08-03 14:35:21
200383,2433,RIET5,COMPRA,495,157.1877,1.0162,2026-08-03 10:54:37,2026-08-03 10:54:38,2026-08-03 10:54:38
200384,2232,HVEX2,COMPRA,155,115.2867,11.9804,2026-08-03 15:53:42,2026-08-03 15:53:44,2026-08-03 15:53:44
200385,1644,IWAK1,COMPRA,280,97.4677,4.5535,2026-08-03 15:18:00,2026-08-03 15:18:01,2026-08-03 15:18:01
200386,1071,TVCE9,COMPRA,320,80.7365,11.8642,2026-08-03 17:24:15,2026-08-03 17:24:18,2026-08-03 17:24:18
200387,1974,WIPB2,COMPRA,250,108.3971,8.1987,2026-08-03 14:17:24,2026-08-03 14:17:24,2026-08-03 14:17:24
200388,3173,RHXV4,COMPRA,500,58.9640,12.0550,2026-08-03 16:29:19,2026-08-03 16:29:20,2026-08-03 16:29:20
200389,1757,XTVW5,COMPRA,310,86.2115,9.5153,2026-08-03 13:48:21,2026-08-03 13:48:24,2026-08-03 13:48:24
200390,1362,RHXV4,COMPRA,115,58.0332,1.2807,2026-08-03 14:10:55,2026-08-03 14:10:58,2026-08-03 14:10:58
200391,2942,KFSY2,COMPRA,25,122.0112,8.6685,2026-08-03 13:56:01,2026-08-03 13:56:04,2026-08-03 13:56:04
200392,3106,DEGN5,COMPRA,60,92.2589,1.7678,2026-08-03 16:41:25,2026-08-03 16:41:26,2026-08-03 16:41:26
200393,2182,QTDZ2,COMPRA,330,60.8322,6.3771,2026-08-03 13:37:00,2026-08-03 13:37:03,2026-08-03 13:37:03
200394,3057,MCHX2,COMPRA,130,140.5304,10.2366,2026-08-03 14:39:06,2026-08-03 14:39:09,2026-08-03 14:39:09
200395,2722,YRWH3,COMPRA,100,213.8383,0.1797,2026-08-03 10:45:51,2026-08-03 10:45:54,2026-08-03 10:45:54
200396,2659,JUDG8,COMPRA,440,69.2028,4.7518,2026-08-03 13:17:18,2026-08-03 13:17:21,2026-08-03 13:17:21
200397,3107,NQYT3,COMPRA,5,58.5322,10.1863,2026-08-03 14:48:37,2026-08-03 14:48:39,2026-08-03 14:48:39
200398,2704,MCHX2,COMPRA,320,110.5983,9.6049,2026-08-03 12:00:55,2026-08-03 12:00:58,2026-08-03 12:00:58
200399,2303,CQIL9,COMPRA,245,39.6457,6.9656,2026-08-03 16:26:05,2026-08-03 16:26:07,2026-08-03 16:26:07
200400,3166,IWFI1,COMPRA,370,183.8310,4.2920,2026-08-03 14:31:23,2026-08-03 14:31:25,2026-08-03 14:31:25
200401,3205,KFSY2,COMPRA,250,91.3292,4.5568,2026-08-03 10:35:08,2026-08-03 10:35:09,2026-08-03 10:35:09
200402,1757,PSEN6,COMPRA,341,180.1692,3.1354,2026-08-03 11:36:47,2026-08-03 11:36:50,2026-08-03 11:36:50
200403,2553,TBWG2,COMPRA,60,74.2426,10.1297,2026-08-03 16:35:06,2026-08-03 16:35:07,2026-08-03 16:35:07
200404,1737,TXHR8,COMPRA,445,101.9734,12.1298,2026-08-03 14:05:57,2026-08-03 14:05:58,2026-08-03 14:05:58
200405,2335,WMQZ6,COMPRA,266,69.0718,6.1502,2026-08-03 15:11:34,2026-08-03 15:11:36,2026-08-03 15:11:36
200406,3497,YRWH3,COMPRA,274,186.2941,6.0453,2026-08-03 12:28:07,2026-08-03 12:28:08,2026-08-03 12:28:08
200407,1466,JIPA6,COMPRA,135,43.0217,4.5382,2026-08-03 16:55:11,2026-08-03 16:55:11,2026-08-03 16:55:11
200408,2782,TVCE9,COMPRA,235,63.6533,0.5463,2026-08-03 13:01:13,2026-08-03 13:01:15,2026-08-03 13:01:15
200409,3432,YOWA1,COMPRA,95,50.0563,1.2146,2026-08-03 14:07:35,2026-08-03 14:07:37,2026-08-03 14:07:37
200410,1923,NQYT3,COMPRA,480,53.1344,2.8008,2026-08-03 11:24:25,2026-08-03 11:24:26,2026-08-03 11:24:26
200411,1068,JIPA6,COMPRA,55,38.6061,6.3006,2026-08-03 11:13:06,2026-08-03 11:13:07,2026-08-03 11:13:07
200412,2135,NGIU9,COMPRA,30,130.3909,4.7309,2026-08-03 15:07:58,2026-08-03 15:08:01,2026-08-03 15:08:01
200413,2222,IZTY4,COMPRA,330,32.7551,5.8328,2026-08-03 15:09:39,2026-08-03 15:09:41,2026-08-03 15:09:41
200414,3079,MCHX2,COMPRA,470,86.4923,4.6258,2026-08-03 12:14:12,2026-08-03 12:14:14,2026-08-03 12:14:14
200415,2478,YRWH3,COMPRA,325,188.0656,0.7120,2026-08-03 14:38:10,2026-08-03 14:38:11,2026-08-03 14:38:11
200416,3483,UQJU7,COMPRA,290,60.0000,12.3250,2026-08-03 14:54:54,2026-08-03 14:54:57,2026-08-03 14:54:57
200417,2848,NYGT6,COMPRA,415,106.9572,8.6465,2026-08-03 11:08:02,2026-08-03 11:08:05,2026-08-03 11:08:05
200418,2494,PQUT9,COMPRA,310,84.9502,2.8500,2026-08-03 11:27:00,2026-08-03 11:27:03,2026-08-03 11:27:03
200419,1638,YFAH5,COMPRA,215,187.5245,10.7828,2026-08-03 10:49:47,2026-08-03 10:49:49,2026-08-03 10:49:49
200420,1946,JIPR4,COMPRA,140,31.5496,10.4943,2026-08-03 13:48:10,2026-08-03 13:48:10,2026-08-03 13:48:10
200421,1461,NPEM3,COMPRA,205,100.9973,12.5752,2026-08-03 15:14:53,2026-08-03 15:14:55,2026-08-03 15:14:55
200422,2363,LQML9,COMPRA,332,152.5061,7.8072,2026-08-03 14:48:02,2026-08-03 14:48:05,2026-08-03 14:48:05
200423,2304,OVUQ2,COMPRA,90,42.7584,0.2541,2026-08-03 11:55:28,2026-08-03 11:55:30,2026-08-03 11:55:30
200424,3101,TVCE9,COMPRA,10,54.5914,12.7705,2026-08-03 15:36:08,2026-08-03 15:36:08,2026-08-03 15:36:08
200425,2875,XTVW5,COMPRA,410,85.9817,10.4199,2026-08-03 10:10:12,2026-08-03 10:10:12,2026-08-03 10:10:12
200426,3201,MCMT2,COMPRA,315,105.9318,3.9321,2026-08-03 13:29:47,2026-08-03 13:29:47,2026-08-03 13:29:47
200427,2984,BSDJ7,COMPRA,95,259.8393,8.5079,2026-08-03 17:04:39,2026-08-03 17:04:42,2026-08-03 17:04:42
200428,2662,HVEX2,COMPRA,150,130.0049,6.3106,2026-08-03 13:26:57,2026-08-03 13:26:57,2026-08-03 13:26:57
200429,1576,ZFBT3,COMPRA,205,84.4247,7.9275,2026-08-03 16:16:12,2026-08-03 16:16:13,2026-08-03 16:16:13
200430,2060,DHRM5,COMPRA,40,338.1667,5.3042,2026-08-03 15:26:49,2026-08-03 15:26:52,2026-08-03 15:26:52
200431,3018,QTDZ2,COMPRA,415,55.8934,0.5643,2026-08-03 13:46:14,2026-08-03 13:46:14,2026-08-03 13:46:14
200432,1374,SVOZ4,COMPRA,155,37.9445,2.2890,2026-08-03 16:18:57,2026-08-03 16:18:58,2026-08-03 16:18:58
200433,2080,UYFJ9,VENDA,45,80.9756,3.0579,2026-08-03 13:52:51,2026-08-03 13:52:51,2026-08-03 13:52:51
200434,3391,DGBT6,COMPRA,450,103.9064,11.8507,2026-08-03 10:06:01,2026-08-03 10:06:02,2026-08-03 10:06:02
200435,1193,OVYL9,COMPRA,45,89.1748,7.2102,2026-08-03 16:24:37,2026-08-03 16:24:39,2026-08-03 16:24:39
200436,2300,UQIQ7,COMPRA,130,96.7920,1.8622,2026-08-03 10:50:28,2026-08-03 10:50:30,2026-08-03 10:50:30
200437,2388,UQIQ7,COMPRA,410,78.0745,2.4315,2026-08-03 14:37:09,2026-08-03 14:37:11,2026-08-03 14:37:11
200438,1922,PQUT9,COMPRA,35,63.4193,2.9197,2026-08-03 10:03:32,2026-08-03 10:03:32,2026-08-03 10:03:32
200439,1759,XTVW5,COMPRA,494,90.7319,2.7759,2026-08-03 16:54:51,2026-08-03 16:54:52,2026-08-03 16:54:52
200440,2575,QEUC2,COMPRA,458,142.3482,0.2702,2026-08-03 11:36:40,2026-08-03 11:36:41,2026-08-03 11:36:41
200441,1436,HVEX2,VENDA,55,129.1409,11.6512,2026-08-03 13:45:05,2026-08-03 13:45:08,2026-08-03 13:45:08
200442,2671,OXVD8,COMPRA,179,91.4449,8.2090,2026-08-03 16:40:42,2026-08-03 16:40:43,2026-08-03 16:40:43
200443,2029,WIPB2,COMPRA,355,133.0163,5.3238,2026-08-03 12:31:43,2026-08-03 12:31:46,2026-08-03 12:31:46
200444,1161,QTDZ2,VENDA,360,47.8130,9.1558,2026-08-03 10:33:30,2026-08-03 10:33:33,2026-08-03 10:33:33
200445,3332,WXFC8,COMPRA,405,85.0293,1.1050,2026-08-03 13:28:12,2026-08-03 13:28:12,2026-08-03 13:28:12
200446,2702,TVCE9,COMPRA,165,61.4516,7.0606,2026-08-03 11:50:44,2026-08-03 11:50:45,2026-08-03 11:50:45
200447,1646,ECQD7,COMPRA,260,88.9229,4.3957,2026-08-03 17:21:57,2026-08-03 17:22:00,2026-08-03 17:22:00
200448,1334,EEYY9,COMPRA,115,145.7629,10.9143,2026-08-03 15:17:56,2026-08-03 15:17:58,2026-08-03 15:17:58
200449,1580,WHMT3,COMPRA,100,106.5540,9.4780,2026-08-03 10:55:06,2026-08-03 10:55:06,2026-08-03 10:55:06
200450,3274,OVYL9,COMPRA,500,82.7596,2.9144,2026-08-03 13:18:00,2026-08-03 13:18:02,2026-08-03 13:18:02
200451,1748,HJRH5,COMPRA,110,152.9997,9.3806,2026-08-03 15:53:08,2026-08-03 15:53:11,2026-08-03 15:53:11
200452,1615,ICSU4,COMPRA,80,145.2861,5.6704,2026-08-03 15:00:23,2026-08-03 15:00:23,2026-08-03 15:00:23
200453,2609,HJRH5,COMPRA,45,192.3541,10.2677,2026-08-03 11:02:52,2026-08-03 11:02:53,2026-08-03 11:02:53
200454,1577,LCCH9,COMPRA,470,8.4903,,2026-08-03 16:52:24,2026-08-03 16:52:25,2026-08-03 16:52:25
200455,2966,QTDZ2,COMPRA,436,48.3691,3.6369,2026-08-03 13:20:25,2026-08-03 13:20:28,2026-08-03 13:20:28
200456,2724,DGBT6,COMPRA,245,107.6332,4.7352,2026-08-03 15:08:49,2026-08-03 15:08:51,2026-08-03 15:08:51
200457,1226,RIET5,COMPRA,325,176.5803,2.7431,2026-08-03 17:18:45,2026-08-03 17:18:47,2026-08-03 17:18:47
200458,1840,QTHQ1,COMPRA,365,19.0780,7.1876,2026-08-03 16:12:15,2026-08-03 16:12:15,2026-08-03 16:12:15
200459,3283,LCCH9,COMPRA,445,9.0432,7.9584,2026-08-03 14:43:36,2026-08-03 14:43:36,2026-08-03 14:43:36
200460,1956,AAUA7,COMPRA,302,123.1608,11.5995,2026-08-03 11:55:35,2026-08-03 11:55:35,2026-08-03 11:55:35
200461,2359,UFIU3,COMPRA,285,107.6824,5.8239,2026-08-03 14:20:32,2026-08-03 14:20:33,2026-08-03 14:20:33
200462,3143,MCHX2,COMPRA,335,119.9192,11.1526,2026-08-03 13:25:20,2026-08-03 13:25:22,2026-08-03 13:25:22
200463,2487,UYFJ9,COMPRA,45,111.2165,7.5913,2026-08-03 15:23:26,2026-08-03 15:23:29,2026-08-03 15:23:29
200464,1577,BXFJ9,COMPRA,45,159.8082,6.8628,2026-08-03 17:03:08,2026-08-03 17:03:11,2026-08-03 17:03:11
200465,3196,QQQS1,COMPRA,220,21.2957,2.4784,2026-08-03 17:20:15,2026-08-03 17:20:18,2026-08-03 17:20:18
200466,3382,YYLA4,COMPRA,305,149.1982,0.7020,2026-08-03 10:59:28,2026-08-03 10:59:30,2026-08-03 10:59:30
200467,2560,NHYK8,COMPRA,330,84.0412,10.8949,2026-08-03 15:18:39,2026-08-03 15:18:40,2026-08-03 15:18:40
200468,2349,YOWA1,COMPRA,155,44.7616,4.4431,2026-08-03 16:08:29,2026-08-03 16:08:29,2026-08-03 16:08:29
200469,3119,YCCK8,COMPRA,410,471.8466,1.4644,2026-08-03 16:24:39,2026-08-03 16:24:40,2026-08-03 16:24:40
200470,3103,MGRR2,COMPRA,375,150.1855,9.4632,2026-08-03 15:07:41,2026-08-03 15:07:42,2026-08-03 15:07:42
200471,2640,ZFBT3,COMPRA,370,112.4404,12.5280,2026-08-03 14:21:51,2026-08-03 14:21:54,2026-08-03 14:21:54
200472,1528,YOWA1,COMPRA,310,67.0976,6.8900,2026-08-03 12:08:03,2026-08-03 12:08:03,2026-08-03 12:08:03
200473,3164,NHYK8,COMPRA,10,58.9117,2.6682,2026-08-03 14:13:20,2026-08-03 14:13:21,2026-08-03 14:13:21
200474,2624,PSEN6,COMPRA,449,188.3170,2.2818,2026-08-03 16:27:15,2026-08-03 16:27:18,2026-08-03 16:27:18
200475,2368,PSEN6,COMPRA,35,189.0547,9.8933,2026-08-03 15:21:18,2026-08-03 15:21:21,2026-08-03 15:21:21
200476,2875,NUJZ2,COMPRA,335,30.9893,5.6616,2026-08-03 15:03:10,2026-08-03 15:03:13,2026-08-03 15:03:13
200477,2706,RYPL6,COMPRA,170,68.7420,4.2441,2026-08-03 12:12:32,2026-08-03 12:12:35,2026-08-03 12:12:35
200478,3155,QYBV3,COMPRA,340,60.0000,5.4721,2026-08-03 13:08:56,2026-08-03 13:08:56,2026-08-03 13:08:56
200479,1326,RIET5,COMPRA,405,110.5537,6.1335,2026-08-03 13:30:55,2026-08-03 13:30:58,2026-08-03 13:30:58
200480,2499,TXHR8,COMPRA,427,81.0004,3.5355,2026-08-03 16:55:56,2026-08-03 16:55:56,2026-08-03 16:55:56
200481,1017,XOVY4,COMPRA,420,109.1265,4.2352,2026-08-03 12:06:56,2026-08-03 12:06:57,2026-08-03 12:06:57
200482,1324,RFNS7,COMPRA,179,80.0538,3.5043,2026-08-03 16:43:06,2026-08-03 16:43:07,2026-08-03 16:43:07
200483,3346,PZUP8,COMPRA,88,151.5992,12.6290,2026-08-03 13:30:34,2026-08-03 13:30:34,2026-08-03 13:30:34
200484,2691,NUJZ2,COMPRA,398,39.5663,12.1641,2026-08-03 14:15:10,2026-08-03 14:15:10,2026-08-03 14:15:10
200485,1452,SRDU1,COMPRA,205,66.2719,3.7638,2026-08-03 10:25:44,2026-08-03 10:25:44,2026-08-03 10:25:44
200486,2133,HCZM2,COMPRA,15,453.5568,5.3186,2026-08-03 13:33:49,2026-08-03 13:33:49,2026-08-03 13:33:49
200487,1012,NPEM3,COMPRA,228,107.3418,6.1068,2026-08-03 12:12:24,2026-08-03 12:12:26,2026-08-03 12:12:26
200488,1174,AAWB3,COMPRA,110,212.9709,11.5363,2026-08-03 11:10:54,2026-08-03 11:10:54,2026-08-03 11:10:54
200489,1760,ZFBT3,COMPRA,230,118.8981,2.2815,2026-08-03 13:41:11,2026-08-03 13:41:11,2026-08-03 13:41:11
200490,1894,ERTC4,COMPRA,475,51.5213,10.4507,2026-08-03 16:09:45,2026-08-03 16:09:46,2026-08-03 16:09:46
200491,3048,FYZB6,COMPRA,340,72.7863,9.6757,2026-08-03 12:59:11,2026-08-03 12:59:14,2026-08-03 12:59:14
200492,3355,DGBT6,COMPRA,446,73.6018,9.1501,2026-08-03 12:46:01,2026-08-03 12:46:02,2026-08-03 12:46:02
200493,2360,QQQS1,COMPRA,210,23.5366,7.0572,2026-08-03 13:37:22,2026-08-03 13:37:22,2026-08-03 13:37:22
200494,2003,IWAK1,COMPRA,200,90.0147,2.9383,2026-08-03 15:20:18,2026-08-03 15:20:18,2026-08-03 15:20:18
200495,2835,AYFQ2,COMPRA,80,14.3231,4.6300,2026-08-03 10:02:21,2026-08-03 10:02:21,2026-08-03 10:02:21
200496,1080,GFDF2,COMPRA,15,106.9124,11.6288,2026-08-03 12:32:17,2026-08-03 12:32:17,2026-08-03 12:32:17
200497,1338,NQYT3,COMPRA,110,57.1716,11.5424,2026-08-03 14:18:36,2026-08-03 14:18:37,2026-08-03 14:18:37
200498,1892,UQIQ7,COMPRA,356,85.4719,3.0359,2026-08-03 17:15:34,2026-08-03 17:15:35,2026-08-03 17:15:35
200499,1072,SUZL4,COMPRA,380,136.1530,1.5103,2026-08-03 14:32:17,2026-08-03 14:32:17,2026-08-03 14:32:17
200500,3494,NAOF3,COMPRA,95,56.6899,1.1057,2026-08-03 14:20:41,2026-08-03 14:20:42,2026-08-03 14:20:42
200501,2340,ENRZ2,COMPRA,315,115.4473,8.6083,2026-08-03 13:43:56,2026-08-03 13:43:56,2026-08-03 13:43:56
200502,1916,TVCE9,COMPRA,399,70.3070,7.7765,2026-08-03 12:09:17,2026-08-03 12:09:19,2026-08-03 12:09:19
200503,3248,FIUW1,COMPRA,170,136.0693,9.1200,2026-08-03 14:10:17,2026-08-03 14:10:17,2026-08-03 14:10:17
200504,1832,PSEN6,COMPRA,60,210.7453,3.4428,2026-08-03 17:00:41,2026-08-03 17:00:43,2026-08-03 17:00:43
200505,2498,AYFQ2,COMPRA,280,13.3717,2.5158,2026-08-03 16:23:53,2026-08-03 16:23:55,2026-08-03 16:23:55
200506,2079,DFGR7,COMPRA,220,80.8495,10.6794,2026-08-03 11:21:57,2026-08-03 11:22:00,2026-08-03 11:22:00
200507,1461,WHMT3,COMPRA,55,132.6813,11.1699,2026-08-03 13:35:26,2026-08-03 13:35:26,2026-08-03 13:35:26
200508,1858,YRWH3,COMPRA,180,221.2707,9.1486,2026-08-03 13:06:01,2026-08-03 13:06:01,2026-08-03 13:06:01
200509,3480,ERTC4,COMPRA,21,52.6047,6.7545,2026-08-03 11:44:28,2026-08-03 11:44:28,2026-08-03 11:44:28
200510,3319,GULD2,COMPRA,259,166.8344,1.7536,2026-08-03 16:03:21,2026-08-03 16:03:23,2026-08-03 16:03:23
200511,1894,RYPL6,COMPRA,405,89.3291,,2026-08-03 11:34:12,2026-08-03 11:34:12,2026-08-03 11:34:12
200512,2298,XLZM9,COMPRA,405,46.9789,0.9716,2026-08-03 10:45:06,2026-08-03 10:45:06,2026-08-03 10:45:06
200513,2498,IJJK3,COMPRA,395,129.5599,4.9882,2026-08-03 15:19:50,2026-08-03 15:19:51,2026-08-03 15:19:51
200514,1798,NPEM3,COMPRA,475,88.0136,2.1823,2026-08-03 15:09:23,2026-08-03 15:09:24,2026-08-03 15:09:24
200515,3390,YOWA1,COMPRA,413,70.7259,9.4335,2026-08-03 11:03:56,2026-08-03 11:03:57,2026-08-03 11:03:57
200516,2580,KHGP6,COMPRA,6,80.6821,12.7049,2026-08-03 10:50:32,2026-08-03 10:50:33,2026-08-03 10:50:33
200517,3351,IZTY4,COMPRA,190,34.5394,3.3936,2026-08-03 12:48:06,2026-08-03 12:48:06,2026-08-03 12:48:06
200518,2682,SUZL4,COMPRA,180,112.5708,12.8036,2026-08-03 13:13:45,2026-08-03 13:13:48,2026-08-03 13:13:48
200519,2661,NHYK8,COMPRA,300,72.7523,12.7159,2026-08-03 13:06:04,2026-08-03 13:06:06,2026-08-03 13:06:06
200520,2105,VLEB3,COMPRA,280,399.5699,4.1646,2026-08-03 11:42:01,2026-08-03 11:42:03,2026-08-03 11:42:03
200521,1919,HCZM2,COMPRA,80,516.1700,7.3504,2026-08-03 17:15:58,2026-08-03 17:15:59,2026-08-03 17:15:59
200522,2646,PBZM6,COMPRA,445,70.7063,5.9951,2026-08-03 17:10:42,2026-08-03 17:10:43,2026-08-03 17:10:43
200523,2070,BGNM6,COMPRA,485,125.4312,2.3932,2026-08-03 16:55:17,2026-08-03 16:55:18,2026-08-03 16:55:18
200524,1847,QQQS1,COMPRA,150,22.8552,3.7030,2026-08-03 16:39:11,2026-08-03 16:39:14,2026-08-03 16:39:14
200525,1946,RDOA3,COMPRA,455,113.6446,2.5580,2026-08-03 17:18:11,2026-08-03 17:18:14,2026-08-03 17:18:14
200526,3133,IZTY4,COMPRA,92,30.4406,5.5804,2026-08-03 16:09:27,2026-08-03 16:09:30,2026-08-03 16:09:30
200527,3277,OEQA8,COMPRA,373,500.3348,5.9732,2026-08-03 10:33:16,2026-08-03 10:33:17,2026-08-03 10:33:17
200528,3196,FIUW1,COMPRA,190,109.6588,10.8917,2026-08-03 15:46:49,2026-08-03 15:46:50,2026-08-03 15:46:50
200529,1606,HCLJ8,COMPRA,395,122.2144,5.4924,2026-08-03 16:39:34,2026-08-03 16:39:35,2026-08-03 16:39:35
200530,1459,ICSU4,COMPRA,110,156.5732,8.1252,2026-08-03 10:10:31,2026-08-03 10:10:34,2026-08-03 10:10:34
200531,1547,AAWB3,COMPRA,180,192.4242,8.3874,2026-08-03 10:05:54,2026-08-03 10:05:56,2026-08-03 10:05:56
200532,1796,UVEY5,COMPRA,425,83.4907,11.8040,2026-08-03 14:48:09,2026-08-03 14:48:12,2026-08-03 14:48:12
200533,1806,NGIU9,COMPRA,450,83.6285,3.7664,2026-08-03 11:49:44,2026-08-03 11:49:45,2026-08-03 11:49:45
200534,1676,UYFJ9,COMPRA,440,79.9658,1.6739,2026-08-03 11:40:24,2026-08-03 11:40:25,2026-08-03 11:40:25
200535,1451,RMRT1,COMPRA,135,124.2644,7.9687,2026-08-03 11:00:04,2026-08-03 11:00:04,2026-08-03 11:00:04
200536,2386,IWFI1,COMPRA,50,182.6002,1.9440,2026-08-03 10:26:05,2026-08-03 10:26:06,2026-08-03 10:26:06
200537,2680,JJVW6,COMPRA,85,129.0206,1.3369,2026-08-03 12:00:39,2026-08-03 12:00:39,2026-08-03 12:00:39
200538,1468,IPXK2,COMPRA,123,244.2302,9.8727,2026-08-03 15:21:47,2026-08-03 15:21:50,2026-08-03 15:21:50
200539,2593,QYBV3,COMPRA,30,60.0000,8.8692,2026-08-03 12:42:01,2026-08-03 12:42:02,2026-08-03 12:42:02
200540,2591,DFGR7,COMPRA,120,94.3136,1.4613,2026-08-03 15:15:19,2026-08-03 15:15:22,2026-08-03 15:15:22
200541,2029,DHRM5,COMPRA,42,313.9110,4.7377,2026-08-03 12:40:17,2026-08-03 12:40:20,2026-08-03 12:40:20
200542,3093,IPXK2,COMPRA,75,235.4883,4.4002,2026-08-03 10:06:06,2026-08-03 10:06:09,2026-08-03 10:06:09
200543,2594,XPVA7,COMPRA,35,487.7431,0.7860,2026-08-03 14:38:54,2026-08-03 14:38:54,2026-08-03 14:38:54
200544,3496,MCMT2,COMPRA,495,76.1429,5.7816,2026-08-03 13:22:15,2026-08-03 13:22:15,2026-08-03 13:22:15
200545,2916,NYGT6,COMPRA,385,105.4969,0.0566,2026-08-03 16:43:59,2026-08-03 16:44:02,2026-08-03 16:44:02
200546,2916,RDOA3,COMPRA,200,77.6576,1.5390,2026-08-03 12:24:03,2026-08-03 12:24:03,2026-08-03 12:24:03
200547,2879,ENRZ2,COMPRA,160,107.6237,9.3640,2026-08-03 10:37:18,2026-08-03 10:37:21,2026-08-03 10:37:21
200548,1245,OVUQ2,COMPRA,185,59.8728,3.4028,2026-08-03 17:18:40,2026-08-03 17:18:40,2026-08-03 17:18:40
200549,1736,BOCS8,COMPRA,170,73.2670,0.4713,2026-08-03 14:41:39,2026-08-03 14:41:40,2026-08-03 14:41:40
200550,3331,RFNS7,COMPRA,235,73.5386,,2026-08-03 13:32:32,2026-08-03 13:32:35,2026-08-03 13:32:35
200551,3047,MJDL9,COMPRA,75,40.6135,12.0007,2026-08-03 13:56:20,2026-08-03 13:56:23,2026-08-03 13:56:23
200552,1657,FIUW1,COMPRA,260,112.8905,2.0403,2026-08-03 14:48:11,2026-08-03 14:48:11,2026-08-03 14:48:11
200553,1058,RHXV4,COMPRA,185,68.3914,2.5776,2026-08-03 12:15:01,2026-08-03 12:15:04,2026-08-03 12:15:04
200554,1586,QHFL8,COMPRA,200,175.4871,0.0207,2026-08-03 15:03:39,2026-08-03 15:03:39,2026-08-03 15:03:39
200555,2090,MJDL9,COMPRA,20,29.0886,0.6387,2026-08-03 10:53:40,2026-08-03 10:53:40,2026-08-03 10:53:40
200556,3073,IZTY4,COMPRA,300,23.2795,0.2007,2026-08-03 10:09:22,2026-08-03 10:09:24,2026-08-03 10:09:24
200557,1792,QATW7,COMPRA,160,56.1927,7.4357,2026-08-03 15:11:22,2026-08-03 15:11:25,2026-08-03 15:11:25
200558,1804,OEQA8,COMPRA,360,524.4808,9.3598,2026-08-03 15:20:39,2026-08-03 15:20:41,2026-08-03 15:20:41
200559,1267,ECQD7,COMPRA,283,88.0761,8.2873,2026-08-03 14:03:24,2026-08-03 14:03:24,2026-08-03 14:03:24
200560,3006,IJJK3,COMPRA,315,112.5424,6.2640,2026-08-03 11:57:51,2026-08-03 11:57:54,2026-08-03 11:57:54
200561,1330,QTHQ1,COMPRA,285,24.8438,10.1133,2026-08-03 10:30:08,2026-08-03 10:30:11,2026-08-03 10:30:11
200562,1848,DMTZ8,COMPRA,255,137.8077,6.4688,2026-08-03 16:55:40,2026-08-03 16:55:43,2026-08-03 16:55:43
200563,1476,AAUA7,COMPRA,415,112.2404,9.2406,2026-08-03 14:09:55,2026-08-03 14:09:58,2026-08-03 14:09:58
200564,1371,QATW7,COMPRA,94,49.2600,8.7110,2026-08-03 10:38:17,2026-08-03 10:38:20,2026-08-03 10:38:20
200565,2424,NREP8,COMPRA,395,150.3709,9.7756,2026-08-03 11:03:44,2026-08-03 11:03:45,2026-08-03 11:03:45
200566,1846,XPVA7,COMPRA,295,471.4176,1.2375,2026-08-03 17:12:19,2026-08-03 17:12:22,2026-08-03 17:12:22
200567,1504,UQJU7,COMPRA,70,60.0000,5.2648,2026-08-03 16:10:20,2026-08-03 16:10:22,2026-08-03 16:10:22
200568,2397,UCHR6,COMPRA,200,494.6132,11.7025,2026-08-03 13:31:27,2026-08-03 13:31:27,2026-08-03 13:31:27
200569,1184,ENRZ2,COMPRA,385,99.2508,10.4781,2026-08-03 17:04:45,2026-08-03 17:04:47,2026-08-03 17:04:47
200570,1365,NQYT3,COMPRA,125,55.2111,10.8824,2026-08-03 14:08:54,2026-08-03 14:08:56,2026-08-03 14:08:56
200571,1214,IJJK3,COMPRA,170,85.3100,4.6255,2026-08-03 10:14:23,2026-08-03 10:14:26,2026-08-03 10:14:26
200572,3171,YYLA4,COMPRA,480,241.6684,0.6960,2026-08-03 10:03:30,2026-08-03 10:03:33,2026-08-03 10:03:33
200573,2765,IPXK2,COMPRA,310,298.2372,12.6213,2026-08-03 15:49:09,2026-08-03 15:49:09,2026-08-03 15:49:09
200574,1301,DQSN6,COMPRA,80,109.8415,0.0222,2026-08-03 14:41:10,2026-08-03 14:41:13,2026-08-03 14:41:13
200575,1878,KQEO3,COMPRA,380,71.5858,6.8429,2026-08-03 16:01:05,2026-08-03 16:01:05,2026-08-03 16:01:05
200576,1649,YRWH3,COMPRA,50,172.6237,7.8184,2026-08-03 10:32:59,2026-08-03 10:33:00,2026-08-03 10:33:00
200577,1955,ECQD7,COMPRA,90,90.9152,12.3682,2026-08-03 11:04:20,2026-08-03 11:04:23,2026-08-03 11:04:23
200578,2320,KFSY2,COMPRA,375,117.1434,0.6936,2026-08-03 11:46:20,2026-08-03 11:46:20,2026-08-03 11:46:20
200579,2665,IWAK1,COMPRA,325,80.1464,9.5009,2026-08-03 17:07:20,2026-08-03 17:07:22,2026-08-03 17:07:22
200580,2041,ECQD7,COMPRA,185,94.2174,7.2775,2026-08-03 16:21:09,2026-08-03 16:21:10,2026-08-03 16:21:10
200581,2738,IPXK2,COMPRA,120,282.3172,7.2737,2026-08-03 13:03:14,2026-08-03 13:03:17,2026-08-03 13:03:17
200582,1879,YCCK8,COMPRA,10,477.1961,10.0668,2026-08-03 13:05:43,2026-08-03 13:05:45,2026-08-03 13:05:45
200583,2205,DQSN6,COMPRA,450,144.7148,4.3431,2026-08-03 14:37:30,2026-08-03 14:37:30,2026-08-03 14:37:30
200584,2361,FYZB6,COMPRA,90,57.6045,3.2963,2026-08-03 14:53:33,2026-08-03 14:53:35,2026-08-03 14:53:35
200585,2770,QATW7,COMPRA,270,51.2659,3.0479,2026-08-03 12:43:20,2026-08-03 12:43:22,2026-08-03 12:43:22
200586,2200,BXFJ9,COMPRA,35,135.3359,10.3984,2026-08-03 13:04:41,2026-08-03 13:04:41,2026-08-03 13:04:41
200587,2967,UYFJ9,COMPRA,160,108.9052,1.4242,2026-08-03 13:18:05,2026-08-03 13:18:08,2026-08-03 13:18:08
200588,1776,ACSV1,COMPRA,195,83.5113,8.0940,2026-08-03 13:28:54,2026-08-03 13:28:57,2026-08-03 13:28:57
200589,1707,QTDZ2,COMPRA,242,47.9087,7.9585,2026-08-03 13:07:14,2026-08-03 13:07:16,2026-08-03 13:07:16
200590,2938,WHMT3,COMPRA,435,118.5961,5.0430,2026-08-03 16:08:32,2026-08-03 16:08:33,2026-08-03 16:08:33
200591,1893,RDOA3,COMPRA,340,112.6119,1.2331,2026-08-03 13:22:49,2026-08-03 13:22:49,2026-08-03 13:22:49
200592,1747,SRDU1,COMPRA,245,67.3007,1.7562,2026-08-03 16:13:55,2026-08-03 16:13:58,2026-08-03 16:13:58
200593,2834,RIET5,COMPRA,265,178.2524,10.6710,2026-08-03 13:49:40,2026-08-03 13:49:43,2026-08-03 13:49:43
200594,3461,FRGH8,COMPRA,100,71.3496,12.6466,2026-08-03 17:30:49,2026-08-03 17:30:50,2026-08-03 17:30:50
200595,1944,SUZL4,COMPRA,167,154.2704,9.6612,2026-08-03 11:42:46,2026-08-03 11:42:47,2026-08-03 11:42:47
200596,2388,EEYY9,COMPRA,240,167.5339,8.0945,2026-08-03 13:49:25,2026-08-03 13:49:25,2026-08-03 13:49:25
200597,3114,SRDU1,COMPRA,500,74.5771,1.5641,2026-08-03 15:33:58,2026-08-03 15:34:00,2026-08-03 15:34:00
200598,2721,ZAAS7,COMPRA,290,401.1152,7.1896,2026-08-03 14:25:45,2026-08-03 14:25:47,2026-08-03 14:25:47
200599,2773,AAWB3,COMPRA,330,170.8640,5.7079,2026-08-03 12:54:10,2026-08-03 12:54:12,2026-08-03 12:54:12
200600,1424,SRDU1,VENDA,430,105.0908,2.0795,2026-08-03 12:49:57,2026-08-03 12:49:58,2026-08-03 12:49:58
200601,3189,SGBG8,COMPRA,25,63.8339,11.0934,2026-08-03 16:25:56,2026-08-03 16:25:57,2026-08-03 16:25:57
200602,1535,XAVL3,COMPRA,135,206.1544,10.2111,2026-08-03 15:42:49,2026-08-03 15:42:52,2026-08-03 15:42:52
200603,2020,JJVW6,COMPRA,340,146.3988,6.9348,2026-08-03 17:04:44,2026-08-03 17:04:45,2026-08-03 17:04:45
200604,1460,UQIQ7,COMPRA,175,99.8362,9.9660,2026-08-03 11:45:11,2026-08-03 11:45:11,2026-08-03 11:45:11
200605,1853,IWAK1,COMPRA,100,74.2748,5.6709,2026-08-03 10:34:35,2026-08-03 10:34:37,2026-08-03 10:34:37
200606,1981,LIEG8,COMPRA,325,101.7384,7.7514,2026-08-03 16:05:54,2026-08-03 16:05:57,2026-08-03 16:05:57
200607,1877,XOVY4,COMPRA,150,87.3409,6.8553,2026-08-03 15:02:48,2026-08-03 15:02:49,2026-08-03 15:02:49
200608,2176,YCCK8,COMPRA,189,411.6914,5.1919,2026-08-03 10:25:27,2026-08-03 10:25:30,2026-08-03 10:25:30
200609,3319,YCCK8,COMPRA,425,411.3233,2.5887,2026-08-03 12:39:37,2026-08-03 12:39:38,2026-08-03 12:39:38
200610,2899,MOLF3,COMPRA,10,45.8271,12.6437,2026-08-03 15:39:40,2026-08-03 15:39:41,2026-08-03 15:39:41
200611,1097,DFGR7,COMPRA,346,112.4007,9.3198,2026-08-03 14:25:10,2026-08-03 14:25:12,2026-08-03 14:25:12
200612,1972,WXFC8,COMPRA,395,92.2855,3.0529,2026-08-03 10:59:37,2026-08-03 10:59:38,2026-08-03 10:59:38
200613,1317,KQEO3,COMPRA,375,60.0771,6.8550,2026-08-03 13:00:05,2026-08-03 13:00:07,2026-08-03 13:00:07
200614,3425,SVOZ4,COMPRA,355,49.0571,9.1157,2026-08-03 14:07:41,2026-08-03 14:07:44,2026-08-03 14:07:44
200615,1601,TVCE9,COMPRA,465,68.9034,9.1389,2026-08-03 10:10:34,2026-08-03 10:10:34,2026-08-03 10:10:34
200616,3083,TBWG2,COMPRA,380,87.5720,9.9180,2026-08-03 11:49:35,2026-08-03 11:49:38,2026-08-03 11:49:38
200617,1530,QHFL8,COMPRA,390,165.8925,11.3419,2026-08-03 11:59:14,2026-08-03 11:59:14,2026-08-03 11:59:14
200618,3408,DGBT6,COMPRA,480,85.6858,3.7937,2026-08-03 14:43:18,2026-08-03 14:43:21,2026-08-03 14:43:21
200619,1098,SRDU1,COMPRA,65,81.6850,9.3421,2026-08-03 16:22:10,2026-08-03 16:22:10,2026-08-03 16:22:10
200620,1049,OVUQ2,COMPRA,265,57.0120,7.3918,2026-08-03 11:56:30,2026-08-03 11:56:30,2026-08-03 11:56:30
200621,2570,ZFBT3,COMPRA,380,87.0570,10.2509,2026-08-03 12:45:03,2026-08-03 12:45:04,2026-08-03 12:45:04
200622,3432,DFGR7,COMPRA,315,99.6683,5.7667,2026-08-03 14:00:09,2026-08-03 14:00:11,2026-08-03 14:00:11
200623,3411,HVEX2,COMPRA,440,135.5469,12.0493,2026-08-03 17:02:59,2026-08-03 17:03:02,2026-08-03 17:03:02
200624,1045,IPXK2,COMPRA,145,324.6590,4.8564,2026-08-03 10:53:54,2026-08-03 10:53:57,2026-08-03 10:53:57
200625,1807,QATW7,COMPRA,171,62.3251,5.5590,2026-08-03 13:11:53,2026-08-03 13:11:55,2026-08-03 13:11:55
200626,2264,TXHR8,COMPRA,130,82.1737,1.5813,2026-08-03 16:33:15,2026-08-03 16:33:15,2026-08-03 16:33:15
200627,1585,OEQA8,COMPRA,400,505.8730,5.2689,2026-08-03 11:43:25,2026-08-03 11:43:26,2026-08-03 11:43:26
200628,3344,RFNS7,COMPRA,210,103.0060,8.0997,2026-08-03 16:12:23,2026-08-03 16:12:25,2026-08-03 16:12:25
200629,1584,OVYL9,COMPRA,345,91.7013,3.9070,2026-08-03 16:21:14,2026-08-03 16:21:17,2026-08-03 16:21:17
200630,1027,BOCS8,COMPRA,180,64.0192,12.5732,2026-08-03 15:09:27,2026-08-03 15:09:27,2026-08-03 15:09:27
200631,3345,XAVL3,COMPRA,62,166.2762,6.2461,2026-08-03 13:52:06,2026-08-03 13:52:08,2026-08-03 13:52:08
200632,3413,QATW7,COMPRA,230,55.7021,2.8708,2026-08-03 11:23:56,2026-08-03 11:23:57,2026-08-03 11:23:57
200633,1418,YFAH5,COMPRA,155,133.0020,10.8883,2026-08-03 12:07:44,2026-08-03 12:07:45,2026-08-03 12:07:45
200634,3369,JJVW6,COMPRA,165,122.6927,12.3706,2026-08-03 12:52:56,2026-08-03 12:52:58,2026-08-03 12:52:58
200635,1144,YFAH5,COMPRA,410,165.8648,,2026-08-03 14:26:52,2026-08-03 14:26:52,2026-08-03 14:26:52
200636,2297,DQSN6,COMPRA,310,153.2288,1.2695,2026-08-03 11:15:58,2026-08-03 11:15:59,2026-08-03 11:15:59
200637,1542,RFNS7,COMPRA,195,84.0244,9.1341,2026-08-03 16:40:59,2026-08-03 16:41:00,2026-08-03 16:41:00
200638,2061,MOLF3,COMPRA,130,43.7479,9.8707,2026-08-03 16:19:48,2026-08-03 16:19:51,2026-08-03 16:19:51
200639,2395,GKQC5,COMPRA,415,110.3735,3.6201,2026-08-03 15:40:38,2026-08-03 15:40:38,2026-08-03 15:40:38
200640,1382,DHRM5,COMPRA,180,279.5407,5.2787,2026-08-03 17:21:48,2026-08-03 17:21:50,2026-08-03 17:21:50
200641,1808,MGRR2,COMPRA,70,135.8716,9.5788,2026-08-03 11:52:39,2026-08-03 11:52:41,2026-08-03 11:52:41
200642,1864,ENRZ2,COMPRA,87,117.2017,8.7766,2026-08-03 15:42:56,2026-08-03 15:42:59,2026-08-03 15:42:59
200643,2333,WMQZ6,COMPRA,55,82.0160,7.6883,2026-08-03 17:17:54,2026-08-03 17:17:57,2026-08-03 17:17:57
200644,1549,XPVA7,COMPRA,375,465.8530,12.7371,2026-08-03 15:34:12,2026-08-03 15:34:13,2026-08-03 15:34:13
200645,3303,SGBG8,COMPRA,15,78.4881,7.9231,2026-08-03 15:24:05,2026-08-03 15:24:05,2026-08-03 15:24:05
200646,1435,WXQM6,COMPRA,135,57.8438,11.9821,2026-08-03 16:49:50,2026-08-03 16:49:52,2026-08-03 16:49:52
200647,2031,DHRM5,COMPRA,60,245.9155,5.2481,2026-08-03 16:47:18,2026-08-03 16:47:19,2026-08-03 16:47:19
200648,3285,QTHQ1,COMPRA,390,17.5941,4.5336,2026-08-03 16:31:16,2026-08-03 16:31:17,2026-08-03 16:31:17
200649,1230,IWFI1,COMPRA,162,145.5978,12.6096,2026-08-03 13:27:30,2026-08-03 13:27:31,2026-08-03 13:27:31
200650,1826,DFGR7,COMPRA,270,83.4329,1.9824,2026-08-03 14:12:00,2026-08-03 14:12:02,2026-08-03 14:12:02
200651,1831,MCMT2,COMPRA,395,99.9248,11.8513,2026-08-03 15:50:33,2026-08-03 15:50:35,2026-08-03 15:50:35
200652,3239,KQEO3,COMPRA,430,75.5077,1.9968,2026-08-03 16:23:23,2026-08-03 16:23:25,2026-08-03 16:23:25
200653,2191,MOLF3,COMPRA,225,48.2893,1.6925,2026-08-03 12:14:10,2026-08-03 12:14:10,2026-08-03 12:14:10
200654,2384,CQIL9,COMPRA,300,42.7758,0.9149,2026-08-03 14:51:57,2026-08-03 14:51:58,2026-08-03 14:51:58
200655,2816,NREP8,COMPRA,185,138.1233,6.2242,2026-08-03 13:27:24,2026-08-03 13:27:26,2026-08-03 13:27:26
200656,2570,BOCS8,COMPRA,480,60.7730,1.4020,2026-08-03 10:57:00,2026-08-03 10:57:02,2026-08-03 10:57:02
200657,2300,TBWG2,COMPRA,436,74.1098,4.1634,2026-08-03 14:15:30,2026-08-03 14:15:30,2026-08-03 14:15:30
200658,2334,PSEN6,COMPRA,165,190.2967,4.0224,2026-08-03 17:08:42,2026-08-03 17:08:44,2026-08-03 17:08:44
200659,1460,YCCK8,COMPRA,80,496.1010,4.5018,2026-08-03 16:40:03,2026-08-03 16:40:05,2026-08-03 16:40:05
200660,1692,GAKD5,COMPRA,160,219.8613,0.6870,2026-08-03 14:26:54,2026-08-03 14:26:56,2026-08-03 14:26:56
200661,2025,NQYT3,COMPRA,90,74.5853,12.6894,2026-08-03 13:46:05,2026-08-03 13:46:06,2026-08-03 13:46:06
200662,2538,UVEY5,COMPRA,305,87.9377,12.8608,2026-08-03 10:24:00,2026-08-03 10:24:01,2026-08-03 10:24:01
200663,1619,MJDL9,COMPRA,480,31.5049,9.5335,2026-08-03 16:03:05,2026-08-03 16:03:08,2026-08-03 16:03:08
200664,2528,PBZM6,COMPRA,135,49.6531,7.7752,2026-08-03 10:25:46,2026-08-03 10:25:47,2026-08-03 10:25:47
200665,3392,RDOA3,COMPRA,50,98.8804,4.7531,2026-08-03 15:36:47,2026-08-03 15:36:47,2026-08-03 15:36:47
200666,2817,LIEG8,COMPRA,135,112.5550,11.6457,2026-08-03 17:15:51,2026-08-03 17:15:52,2026-08-03 17:15:52
200667,1501,LIEG8,COMPRA,496,83.3107,4.3088,2026-08-03 17:10:53,2026-08-03 17:10:54,2026-08-03 17:10:54
200668,2681,QTHQ1,COMPRA,26,21.1524,9.4454,2026-08-03 14:45:35,2026-08-03 14:45:37,2026-08-03 14:45:37
200669,1755,WXFC8,COMPRA,120,81.4916,12.8858,2026-08-03 11:13:21,2026-08-03 11:13:22,2026-08-03 11:13:22
200670,2966,ZAAS7,COMPRA,245,470.5754,10.6282,2026-08-03 16:33:07,2026-08-03 16:33:07,2026-08-03 16:33:07
200671,1177,MGRR2,COMPRA,185,105.9245,10.1408,2026-08-03 13:18:14,2026-08-03 13:18:14,2026-08-03 13:18:14
200672,2749,NQYT3,COMPRA,490,60.1899,8.4680,2026-08-03 10:07:59,2026-08-03 10:07:59,2026-08-03 10:07:59
200673,3333,TNHT4,COMPRA,195,117.8901,0.2772,2026-08-03 12:57:56,2026-08-03 12:57:58,2026-08-03 12:57:58
200674,1091,NUJZ2,COMPRA,462,29.0246,8.8559,2026-08-03 13:16:55,2026-08-03 13:16:56,2026-08-03 13:16:56
200675,3283,OVYL9,COMPRA,455,60.0000,1.3420,2026-08-03 15:24:46,2026-08-03 15:24:46,2026-08-03 15:24:46
200676,3253,JIPR4,COMPRA,60,36.9265,0.5948,2026-08-03 11:28:39,2026-08-03 11:28:41,2026-08-03 11:28:41
200677,2874,AYFQ2,COMPRA,270,9.3626,1.1787,2026-08-03 16:44:29,2026-08-03 16:44:31,2026-08-03 16:44:31
200678,3177,DFGR7,COMPRA,265,106.7637,2.0647,2026-08-03 10:04:19,2026-08-03 10:04:20,2026-08-03 10:04:20
200679,2904,ACSV1,COMPRA,225,101.6363,0.3715,2026-08-03 13:18:22,2026-08-03 13:18:25,2026-08-03 13:18:25
200680,2408,AAUA7,COMPRA,90,162.7223,10.1693,2026-08-03 13:21:12,2026-08-03 13:21:13,2026-08-03 13:21:13
200681,1287,OEQA8,COMPRA,210,546.6135,2.0886,2026-08-03 13:18:52,2026-08-03 13:18:54,2026-08-03 13:18:54
200682,1172,NQYT3,COMPRA,311,72.0024,9.8603,2026-08-03 17:14:14,2026-08-03 17:14:16,2026-08-03 17:14:16
200683,3367,WIPB2,COMPRA,80,117.4233,10.6853,2026-08-03 10:06:44,2026-08-03 10:06:46,2026-08-03 10:06:46
200684,2648,AAWB3,COMPRA,396,156.5373,3.1224,2026-08-03 15:42:14,2026-08-03 15:42:14,2026-08-03 15:42:14
200685,1978,RDOA3,COMPRA,75,94.5707,3.1942,2026-08-03 12:27:30,2026-08-03 12:27:32,2026-08-03 12:27:32
200686,1510,PBZM6,COMPRA,380,65.1793,1.4553,2026-08-03 13:32:15,2026-08-03 13:32:15,2026-08-03 13:32:15
200687,2310,UFIU3,COMPRA,63,86.8792,5.9515,2026-08-03 12:31:48,2026-08-03 12:31:48,2026-08-03 12:31:48
200688,2026,JIPR4,COMPRA,315,35.5895,8.1366,2026-08-03 11:07:00,2026-08-03 11:07:00,2026-08-03 11:07:00
200689,1816,RHXV4,COMPRA,1,47.8925,1.0924,2026-08-03 11:24:22,2026-08-03 11:24:24,2026-08-03 11:24:24
200690,1129,ERTC4,COMPRA,15,59.0412,11.4823,2026-08-03 12:44:11,2026-08-03 12:44:13,2026-08-03 12:44:13
200691,2534,RIET5,COMPRA,265,112.7148,7.6939,2026-08-03 12:41:14,2026-08-03 12:41:16,2026-08-03 12:41:16
200692,1217,OVYL9,COMPRA,5,75.6251,11.4164,2026-08-03 15:43:09,2026-08-03 15:43:09,2026-08-03 15:43:09
200693,2143,ZAAS7,COMPRA,475,388.0554,3.6458,2026-08-03 11:31:48,2026-08-03 11:31:50,2026-08-03 11:31:50
200694,2594,ENRZ2,COMPRA,275,91.3838,1.3323,2026-08-03 15:00:29,2026-08-03 15:00:30,2026-08-03 15:00:30
200695,2299,GAKD5,COMPRA,205,236.0864,4.7105,2026-08-03 15:12:40,2026-08-03 15:12:42,2026-08-03 15:12:42
200696,2385,WXFC8,COMPRA,290,96.6151,8.9289,2026-08-03 16:18:09,2026-08-03 16:18:12,2026-08-03 16:18:12
200697,2372,GFDF2,COMPRA,310,103.3577,8.1184,2026-08-03 17:19:03,2026-08-03 17:19:04,2026-08-03 17:19:04
200698,3182,AAUA7,COMPRA,210,129.9891,11.2216,2026-08-03 15:40:45,2026-08-03 15:40:45,2026-08-03 15:40:45
200699,2650,LCCH9,COMPRA,125,10.2710,0.7923,2026-08-03 16:09:22,2026-08-03 16:09:25,2026-08-03 16:09:25
200700,1305,GKQC5,COMPRA,430,99.8497,10.7754,2026-08-03 12:16:45,2026-08-03 12:16:47,2026-08-03 12:16:47
200701,3472,ZHTL2,COMPRA,415,47.8811,1.3757,2026-08-03 16:12:34,2026-08-03 16:12:35,2026-08-03 16:12:35
200702,1185,QEUC2,COMPRA,445,146.8288,8.4572,2026-08-03 14:18:55,2026-08-03 14:18:56,2026-08-03 14:18:56
200703,2268,IJJK3,COMPRA,380,102.4766,0.2340,2026-08-03 14:27:14,2026-08-03 14:27:17,2026-08-03 14:27:17
200704,2826,YFAH5,COMPRA,20,183.6225,10.3061,2026-08-03 15:54:41,2026-08-03 15:54:41,2026-08-03 15:54:41
200705,2764,UCHR6,COMPRA,380,373.5967,3.4656,2026-08-03 15:33:46,2026-08-03 15:33:46,2026-08-03 15:33:46
200706,2909,ENRZ2,COMPRA,412,84.9752,8.0403,2026-08-03 16:48:36,2026-08-03 16:48:39,2026-08-03 16:48:39
200707,1850,KQEO3,COMPRA,295,74.2935,9.5897,2026-08-03 16:36:29,2026-08-03 16:36:31,2026-08-03 16:36:31
200708,1327,CQIL9,COMPRA,295,41.8305,1.6988,2026-08-03 11:19:21,2026-08-03 11:19:23,2026-08-03 11:19:23
200709,1786,DSFC9,COMPRA,125,468.6741,0.7046,2026-08-03 10:30:30,2026-08-03 10:30:30,2026-08-03 10:30:30
200710,2583,SVOZ4,COMPRA,105,37.9676,5.7168,2026-08-03 16:32:29,2026-08-03 16:32:32,2026-08-03 16:32:32
200711,2871,JIPR4,COMPRA,385,36.8779,0.1566,2026-08-03 16:18:40,2026-08-03 16:18:43,2026-08-03 16:18:43
200712,1731,FRGH8,COMPRA,420,60.8351,5.2951,2026-08-03 16:17:49,2026-08-03 16:17:50,2026-08-03 16:17:50
200713,1395,XOVY4,COMPRA,282,81.8559,0.1982,2026-08-03 10:19:32,2026-08-03 10:19:35,2026-08-03 10:19:35
200714,2011,TXHR8,COMPRA,60,76.6794,2.0111,2026-08-03 12:11:36,2026-08-03 12:11:39,2026-08-03 12:11:39
200715,2593,RMRT1,COMPRA,15,82.1129,11.9976,2026-08-03 12:54:18,2026-08-03 12:54:21,2026-08-03 12:54:21
200716,1448,UYFJ9,COMPRA,130,93.6232,9.6535,2026-08-03 11:05:06,2026-08-03 11:05:06,2026-08-03 11:05:06
200717,3125,RFNS7,COMPRA,358,91.8180,5.5707,2026-08-03 17:23:42,2026-08-03 17:23:45,2026-08-03 17:23:45
200718,1321,UCHR6,COMPRA,500,505.9362,6.4650,2026-08-03 15:12:21,2026-08-03 15:12:22,2026-08-03 15:12:22
200719,3346,TTHO3,COMPRA,140,32.8898,4.4744,2026-08-03 12:26:15,2026-08-03 12:26:16,2026-08-03 12:26:16
200720,2045,UQJU7,COMPRA,355,84.8779,10.7076,2026-08-03 10:48:29,2026-08-03 10:48:30,2026-08-03 10:48:30
200721,1296,IJJK3,COMPRA,325,107.0088,9.6002,2026-08-03 11:00:01,2026-08-03 11:00:03,2026-08-03 11:00:03
200722,1357,NREP8,COMPRA,149,154.0250,11.7609,2026-08-03 17:29:35,2026-08-03 17:29:38,2026-08-03 17:29:38
200723,2119,LCCH9,COMPRA,435,7.8234,4.5416,2026-08-03 13:55:56,2026-08-03 13:55:58,2026-08-03 13:55:58
200724,3155,OVYL9,COMPRA,441,80.5966,10.0414,2026-08-03 13:22:59,2026-08-03 13:22:59,2026-08-03 13:22:59
200725,2088,OVYL9,COMPRA,270,70.9955,12.2924,2026-08-03 17:21:34,2026-08-03 17:21:37,2026-08-03 17:21:37
200726,1099,MOLF3,COMPRA,395,49.6114,11.1003,2026-08-03 16:34:23,2026-08-03 16:34:23,2026-08-03 16:34:23
200727,1837,NREP8,COMPRA,85,128.4398,12.4492,2026-08-03 17:17:41,2026-08-03 17:17:41,2026-08-03 17:17:41
200728,1356,YOWA1,COMPRA,310,60.9254,0.8192,2026-08-03 16:08:59,2026-08-03 16:09:02,2026-08-03 16:09:02
200729,1894,TNHT4,VENDA,225,97.7933,8.4777,2026-08-03 13:08:52,2026-08-03 13:08:52,2026-08-03 13:08:52
200730,1356,BOCS8,COMPRA,25,58.0127,10.4382,2026-08-03 14:20:26,2026-08-03 14:20:27,2026-08-03 14:20:27
200731,2965,PBZM6,COMPRA,140,67.3191,4.2373,2026-08-03 16:28:06,2026-08-03 16:28:07,2026-08-03 16:28:07
200732,1646,JUDG8,COMPRA,137,83.1658,12.8596,2026-08-03 14:49:25,2026-08-03 14:49:28,2026-08-03 14:49:28
200733,2808,GKQC5,COMPRA,175,129.1383,6.8621,2026-08-03 10:00:23,2026-08-03 10:00:26,2026-08-03 10:00:26
200734,1713,JIPR4,COMPRA,220,28.4211,9.4804,2026-08-03 10:35:43,2026-08-03 10:35:46,2026-08-03 10:35:46
200735,2126,OVYL9,COMPRA,35,66.6981,2.1274,2026-08-03 10:29:11,2026-08-03 10:29:11,2026-08-03 10:29:11
200736,2192,VLEB3,COMPRA,20,355.0929,2.7335,2026-08-03 14:48:39,2026-08-03 14:48:42,2026-08-03 14:48:42
200737,1388,UCHR6,COMPRA,255,522.8761,2.5497,2026-08-03 10:19:54,2026-08-03 10:19:56,2026-08-03 10:19:56
200738,1727,OVYL9,COMPRA,140,61.4540,12.7174,2026-08-03 10:25:39,2026-08-03 10:25:41,2026-08-03 10:25:41
200739,1140,YFAH5,COMPRA,340,175.5654,12.8208,2026-08-03 10:14:27,2026-08-03 10:14:30,2026-08-03 10:14:30
200740,2861,JDJG6,COMPRA,70,62.0526,12.3322,2026-08-03 16:00:07,2026-08-03 16:00:09,2026-08-03 16:00:09
200741,1035,NREP8,COMPRA,440,150.4319,2.8318,2026-08-03 16:58:10,2026-08-03 16:58:13,2026-08-03 16:58:13
200742,2942,CQJZ4,VENDA,120,109.8211,,2026-08-03 10:31:35,2026-08-03 10:31:38,2026-08-03 10:31:38
200743,2442,NGIU9,COMPRA,265,86.2132,7.9599,2026-08-03 10:44:41,2026-08-03 10:44:41,2026-08-03 10:44:41
200744,1976,NGIU9,COMPRA,265,84.0111,1.8133,2026-08-03 15:28:29,2026-08-03 15:28:29,2026-08-03 15:28:29
200745,2109,VLEB3,COMPRA,70,352.2817,4.4711,2026-08-03 16:51:21,2026-08-03 16:51:22,2026-08-03 16:51:22
200746,2919,HCZM2,COMPRA,345,438.8644,0.2477,2026-08-03 12:43:36,2026-08-03 12:43:39,2026-08-03 12:43:39
200747,1915,FYZB6,COMPRA,215,67.3568,4.4163,2026-08-03 17:17:05,2026-08-03 17:17:06,2026-08-03 17:17:06
200748,1375,YFAH5,COMPRA,105,177.9022,11.0410,2026-08-03 13:59:01,2026-08-03 13:59:02,2026-08-03 13:59:02
200749,1521,QTHQ1,COMPRA,185,23.4261,0.4498,2026-08-03 11:56:25,2026-08-03 11:56:28,2026-08-03 11:56:28
200750,1361,MOLF3,COMPRA,200,45.9793,12.7914,2026-08-03 16:53:13,2026-08-03 16:53:16,2026-08-03 16:53:16
200751,2702,MCHX2,COMPRA,300,98.2980,8.2665,2026-08-03 13:05:36,2026-08-03 13:05:38,2026-08-03 13:05:38
200752,2745,XTVW5,COMPRA,310,113.3739,11.0215,2026-08-03 15:16:03,2026-08-03 15:16:04,2026-08-03 15:16:04
200753,2749,WMQZ6,COMPRA,203,60.0000,11.2878,2026-08-03 15:04:56,2026-08-03 15:04:58,2026-08-03 15:04:58
200754,2397,BOCS8,COMPRA,130,70.8246,1.9287,2026-08-03 10:18:41,2026-08-03 10:18:43,2026-08-03 10:18:43
200755,3230,YCCK8,COMPRA,15,423.3820,1.9154,2026-08-03 14:17:18,2026-08-03 14:17:20,2026-08-03 14:17:20
200756,3479,CQIL9,COMPRA,470,33.9007,4.3083,2026-08-03 16:42:04,2026-08-03 16:42:06,2026-08-03 16:42:06
200757,1578,BOCS8,COMPRA,404,55.3513,1.9962,2026-08-03 14:05:02,2026-08-03 14:05:05,2026-08-03 14:05:05
200758,1229,WHMT3,COMPRA,110,115.9685,9.1822,2026-08-03 13:40:52,2026-08-03 13:40:55,2026-08-03 13:40:55
200759,2643,FRGH8,COMPRA,25,66.4629,10.2626,2026-08-03 16:17:38,2026-08-03 16:17:40,2026-08-03 16:17:40
200760,3072,XLZM9,COMPRA,433,50.7160,9.4462,2026-08-03 15:41:00,2026-08-03 15:41:00,2026-08-03 15:41:00
200761,2645,ECQD7,COMPRA,325,73.6276,5.7084,2026-08-03 16:48:27,2026-08-03 16:48:28,2026-08-03 16:48:28
200762,2692,JDJG6,VENDA,480,75.4328,11.8341,2026-08-03 14:27:18,2026-08-03 14:27:21,2026-08-03 14:27:21
200763,2083,UQIQ7,COMPRA,234,91.9288,9.8256,2026-08-03 11:55:27,2026-08-03 11:55:28,2026-08-03 11:55:28
200764,2844,TBWG2,COMPRA,140,63.9144,1.9987,2026-08-03 16:00:35,2026-08-03 16:00:38,2026-08-03 16:00:38
200765,1629,MGRR2,COMPRA,64,101.8788,10.7401,2026-08-03 13:22:50,2026-08-03 13:22:51,2026-08-03 13:22:51
200766,2430,OVUQ2,COMPRA,249,58.7659,8.3680,2026-08-03 13:14:32,2026-08-03 13:14:34,2026-08-03 13:14:34
200767,1615,TBWG2,COMPRA,25,75.2781,11.0895,2026-08-03 16:20:27,2026-08-03 16:20:30,2026-08-03 16:20:30
200768,1660,ZYVN7,COMPRA,500,65.0644,6.9264,2026-08-03 14:15:36,2026-08-03 14:15:36,2026-08-03 14:15:36
200769,3105,WXQM6,COMPRA,65,55.0481,1.8964,2026-08-03 12:42:37,2026-08-03 12:42:38,2026-08-03 12:42:38
200770,3349,RIET5,COMPRA,170,174.2009,11.8472,2026-08-03 17:00:01,2026-08-03 17:00:02,2026-08-03 17:00:02
200771,2779,RYPL6,COMPRA,105,80.5632,1.9476,2026-08-03 10:42:46,2026-08-03 10:42:49,2026-08-03 10:42:49
200772,1067,BGNM6,COMPRA,390,121.6555,2.7799,2026-08-03 13:08:37,2026-08-03 13:08:39,2026-08-03 13:08:39
200773,3258,OXVD8,COMPRA,320,96.1800,,2026-08-03 13:51:37,2026-08-03 13:51:40,2026-08-03 13:51:40
200774,1058,TTHO3,COMPRA,280,26.6448,4.3591,2026-08-03 12:08:17,2026-08-03 12:08:20,2026-08-03 12:08:20
200775,2191,KHGP6,COMPRA,15,117.2350,11.8647,2026-08-03 10:50:57,2026-08-03 10:50:57,2026-08-03 10:50:57
200776,2294,UVEY5,COMPRA,120,73.8166,9.8796,2026-08-03 11:23:15,2026-08-03 11:23:17,2026-08-03 11:23:17
200777,1240,NGIU9,COMPRA,500,81.0440,1.2273,2026-08-03 14:22:16,2026-08-03 14:22:18,2026-08-03 14:22:18
200778,2576,OEQA8,COMPRA,353,446.4421,8.7031,2026-08-03 10:01:23,2026-08-03 10:01:23,2026-08-03 10:01:23
200779,1394,WXFC8,COMPRA,121,88.0344,12.0764,2026-08-03 11:59:25,2026-08-03 11:59:27,2026-08-03 11:59:27
200780,1849,NUJZ2,COMPRA,205,36.9910,2.6874,2026-08-03 14:37:44,2026-08-03 14:37:44,2026-08-03 14:37:44
200781,2312,GFDF2,COMPRA,440,97.2082,10.1985,2026-08-03 12:27:05,2026-08-03 12:27:05,2026-08-03 12:27:05
200782,2789,GAKD5,COMPRA,22,332.6151,11.5922,2026-08-03 16:26:58,2026-08-03 16:26:58,2026-08-03 16:26:58
200783,3478,MOLF3,COMPRA,30,61.7683,6.7546,2026-08-03 17:16:04,2026-08-03 17:16:07,2026-08-03 17:16:07
200784,2106,MJDL9,COMPRA,125,28.2412,1.0766,2026-08-03 11:37:34,2026-08-03 11:37:34,2026-08-03 11:37:34
200785,3097,ZAAS7,COMPRA,80,428.0686,9.2383,2026-08-03 12:24:53,2026-08-03 12:24:53,2026-08-03 12:24:53
200786,2611,UYFJ9,COMPRA,475,100.9485,0.0496,2026-08-03 10:22:32,2026-08-03 10:22:34,2026-08-03 10:22:34
200787,2559,LQML9,COMPRA,355,113.4195,10.9128,2026-08-03 10:07:11,2026-08-03 10:07:14,2026-08-03 10:07:14
200788,3128,UQJU7,COMPRA,395,64.9571,9.2201,2026-08-03 11:14:20,2026-08-03 11:14:22,2026-08-03 11:14:22
200789,1530,ZYVN7,COMPRA,80,68.1294,0.4925,2026-08-03 14:50:06,2026-08-03 14:50:07,2026-08-03 14:50:07
200790,1052,KFSY2,COMPRA,445,119.6185,4.7871,2026-08-03 10:23:26,2026-08-03 10:23:28,2026-08-03 10:23:28
200791,2377,NAOF3,COMPRA,99,72.3470,9.9241,2026-08-03 15:39:30,2026-08-03 15:39:30,2026-08-03 15:39:30
200792,1040,DQSN6,COMPRA,60,163.4302,11.2092,2026-08-03 10:47:44,2026-08-03 10:47:47,2026-08-03 10:47:47
200793,3343,ENRZ2,COMPRA,75,104.2257,5.9459,2026-08-03 10:39:16,2026-08-03 10:39:19,2026-08-03 10:39:19
200794,2769,SGBG8,COMPRA,180,74.5510,8.4150,2026-08-03 17:25:32,2026-08-03 17:25:33,2026-08-03 17:25:33
200795,3319,FRGH8,COMPRA,380,73.6437,3.5131,2026-08-03 13:33:08,2026-08-03 13:33:11,2026-08-03 13:33:11
200796,2631,UVEY5,COMPRA,21,68.0807,12.1266,2026-08-03 13:12:22,2026-08-03 13:12:25,2026-08-03 13:12:25
200797,2283,TBWG2,COMPRA,365,66.1809,6.9398,2026-08-03 13:41:23,2026-08-03 13:41:24,2026-08-03 13:41:24
200798,1220,XLZM9,VENDA,162,40.5691,6.3835,2026-08-03 10:51:37,2026-08-03 10:51:37,2026-08-03 10:51:37
200799,2787,NYGT6,COMPRA,425,94.4781,12.3292,2026-08-03 17:11:42,2026-08-03 17:11:44,2026-08-03 17:11:44
200800,1713,ZFBT3,COMPRA,18,108.5247,8.4954,2026-08-03 12:27:27,2026-08-03 12:27:30,2026-08-03 12:27:30
200801,3301,MJDL9,COMPRA,468,39.3664,8.4295,2026-08-03 10:11:45,2026-08-03 10:11:47,2026-08-03 10:11:47
200802,1459,TVCE9,COMPRA,220,71.4823,3.9069,2026-08-03 16:27:33,2026-08-03 16:27:34,2026-08-03 16:27:34
200803,3189,WHMT3,COMPRA,379,102.7742,0.3106,2026-08-03 14:22:48,2026-08-03 14:22:50,2026-08-03 14:22:50
200804,3117,UVEY5,COMPRA,422,70.8767,0.4601,2026-08-03 12:23:03,2026-08-03 12:23:04,2026-08-03 12:23:04
200805,2359,PZUP8,VENDA,472,178.2071,7.9248,2026-08-03 16:59:11,2026-08-03 16:59:12,2026-08-03 16:59:12
200806,1496,UCHR6,COMPRA,285,437.4803,1.6826,2026-08-03 13:27:56,2026-08-03 13:27:59,2026-08-03 13:27:59
200807,1364,OVUQ2,COMPRA,125,39.8621,3.9390,2026-08-03 15:05:11,2026-08-03 15:05:14,2026-08-03 15:05:14
200808,1592,ZAAS7,COMPRA,5,460.6592,0.6377,2026-08-03 14:50:18,2026-08-03 14:50:19,2026-08-03 14:50:19
200809,2487,AAUA7,COMPRA,80,109.8612,10.0540,2026-08-03 10:20:18,2026-08-03 10:20:19,2026-08-03 10:20:19
200810,1183,UVEY5,COMPRA,455,66.8141,7.5728,2026-08-03 16:03:08,2026-08-03 16:03:11,2026-08-03 16:03:11
200811,3236,NREP8,COMPRA,280,100.8268,3.0875,2026-08-03 12:10:35,2026-08-03 12:10:37,2026-08-03 12:10:37
200812,1993,EEYY9,VENDA,355,130.0496,5.8926,2026-08-03 14:07:32,2026-08-03 14:07:32,2026-08-03 14:07:32
200813,1856,NPEM3,VENDA,270,78.6817,3.8397,2026-08-03 16:10:45,2026-08-03 16:10:45,2026-08-03 16:10:45
200814,3277,KFSY2,COMPRA,455,109.3958,9.8257,2026-08-03 14:52:10,2026-08-03 14:52:11,2026-08-03 14:52:11
200815,3480,NREP8,COMPRA,195,129.9581,3.7847,2026-08-03 15:45:53,2026-08-03 15:45:55,2026-08-03 15:45:55
200816,3395,ZYVN7,COMPRA,330,87.7038,2.0272,2026-08-03 16:51:28,2026-08-03 16:51:31,2026-08-03 16:51:31
200817,1473,IPXK2,COMPRA,105,353.4064,0.5255,2026-08-03 15:19:51,2026-08-03 15:19:51,2026-08-03 15:19:51
200818,2810,TVCE9,COMPRA,480,81.4729,12.2119,2026-08-03 14:14:23,2026-08-03 14:14:25,2026-08-03 14:14:25
200819,2100,CQJZ4,COMPRA,10,66.5869,1.4243,2026-08-03 11:13:24,2026-08-03 11:13:27,2026-08-03 11:13:27
200820,2555,TBWG2,COMPRA,490,79.7196,1.6107,2026-08-03 10:21:38,2026-08-03 10:21:39,2026-08-03 10:21:39
200821,1868,RMRT1,COMPRA,445,87.2324,12.5657,2026-08-03 13:57:42,2026-08-03 13:57:44,2026-08-03 13:57:44
200822,3158,MCHX2,COMPRA,205,127.4038,10.2112,2026-08-03 16:05:38,2026-08-03 16:05:41,2026-08-03 16:05:41
200823,1348,BSDJ7,COMPRA,353,292.0446,10.5316,2026-08-03 15:51:07,2026-08-03 15:51:10,2026-08-03 15:51:10
200824,1479,OXVD8,COMPRA,350,95.5281,12.2645,2026-08-03 14:18:00,2026-08-03 14:18:00,2026-08-03 14:18:00
200825,1016,XOVY4,COMPRA,410,112.9982,5.9399,2026-08-03 13:29:52,2026-08-03 13:29:53,2026-08-03 13:29:53
200826,1542,OVUQ2,COMPRA,265,54.1356,9.6656,2026-08-03 14:58:12,2026-08-03 14:58:15,2026-08-03 14:58:15
200827,1564,YYLA4,COMPRA,431,162.4405,10.4339,2026-08-03 17:04:45,2026-08-03 17:04:48,2026-08-03 17:04:48
200828,2582,EEYY9,COMPRA,234,191.0127,12.4235,2026-08-03 15:36:45,2026-08-03 15:36:48,2026-08-03 15:36:48
200829,3279,TBWG2,VENDA,60,83.9234,5.7806,2026-08-03 11:30:02,2026-08-03 11:30:04,2026-08-03 11:30:04
200830,3294,DFGR7,COMPRA,16,90.0506,7.2881,2026-08-03 13:49:41,2026-08-03 13:49:44,2026-08-03 13:49:44
200831,2141,GULD2,COMPRA,480,166.6968,7.1282,2026-08-03 11:52:45,2026-08-03 11:52:47,2026-08-03 11:52:47
200832,2540,JDJG6,COMPRA,20,79.4017,12.1205,2026-08-03 15:20:44,2026-08-03 15:20:44,2026-08-03 15:20:44
200833,1393,MOLF3,COMPRA,404,63.5331,2.2913,2026-08-03 13:15:32,2026-08-03 13:15:35,2026-08-03 13:15:35
200834,2958,NREP8,COMPRA,475,96.4295,10.6355,2026-08-03 14:46:19,2026-08-03 14:46:21,2026-08-03 14:46:21
200835,2710,RIET5,COMPRA,390,120.3872,7.3226,2026-08-03 10:46:12,2026-08-03 10:46:13,2026-08-03 10:46:13
200836,3176,YYLA4,COMPRA,115,179.0340,4.9698,2026-08-03 12:46:36,2026-08-03 12:46:39,2026-08-03 12:46:39
200837,1615,DQSN6,COMPRA,60,157.0159,4.0322,2026-08-03 15:00:38,2026-08-03 15:00:41,2026-08-03 15:00:41
200838,2445,QATW7,COMPRA,130,58.3711,4.0936,2026-08-03 15:44:51,2026-08-03 15:44:52,2026-08-03 15:44:52
200839,3390,OXVD8,COMPRA,100,70.8571,5.0315,2026-08-03 10:24:52,2026-08-03 10:24:52,2026-08-03 10:24:52
200840,2165,LIEG8,COMPRA,372,114.1220,4.4505,2026-08-03 16:29:39,2026-08-03 16:29:40,2026-08-03 16:29:40
200841,2940,LCCH9,COMPRA,345,10.0382,11.4490,2026-08-03 14:56:42,2026-08-03 14:56:42,2026-08-03 14:56:42
200842,3380,YRWH3,COMPRA,224,183.2613,6.7320,2026-08-03 10:59:46,2026-08-03 10:59:46,2026-08-03 10:59:46
200843,1311,CQJZ4,COMPRA,345,83.1424,7.9929,2026-08-03 14:54:41,2026-08-03 14:54:44,2026-08-03 14:54:44
200844,1236,IWFI1,COMPRA,253,141.1291,11.6363,2026-08-03 11:40:57,2026-08-03 11:41:00,2026-08-03 11:41:00
200845,1492,PZUP8,COMPRA,399,121.1424,10.3298,2026-08-03 14:50:56,2026-08-03 14:50:58,2026-08-03 14:50:58
200846,2793,TNHT4,COMPRA,10,152.6742,2.7442,2026-08-03 13:10:30,2026-08-03 13:10:30,2026-08-03 13:10:30
200847,2998,DMTZ8,COMPRA,160,189.4790,0.1049,2026-08-03 16:06:02,2026-08-03 16:06:04,2026-08-03 16:06:04
200848,2762,ZAAS7,COMPRA,314,407.4195,7.1186,2026-08-03 10:42:25,2026-08-03 10:42:25,2026-08-03 10:42:25
200849,2799,JIPR4,COMPRA,15,26.1108,3.2383,2026-08-03 12:35:32,2026-08-03 12:35:32,2026-08-03 12:35:32
200850,2243,YOWA1,COMPRA,455,58.4460,4.5296,2026-08-03 16:33:09,2026-08-03 16:33:12,2026-08-03 16:33:12
200851,1383,QQQS1,COMPRA,477,22.5077,7.7657,2026-08-03 16:45:12,2026-08-03 16:45:15,2026-08-03 16:45:15
200852,1005,OXVD8,COMPRA,85,65.7939,0.7385,2026-08-03 16:43:17,2026-08-03 16:43:17,2026-08-03 16:43:17
200853,1900,ERTC4,COMPRA,155,45.8069,0.2080,2026-08-03 16:35:44,2026-08-03 16:35:46,2026-08-03 16:35:46
200854,2400,JUDG8,COMPRA,269,66.6847,1.4451,2026-08-03 12:23:09,2026-08-03 12:23:12,2026-08-03 12:23:12
200855,2376,AYFQ2,COMPRA,365,11.6425,12.2214,2026-08-03 11:08:41,2026-08-03 11:08:44,2026-08-03 11:08:44
200856,1225,LIEG8,COMPRA,130,89.2218,1.6095,2026-08-03 16:35:04,2026-08-03 16:35:05,2026-08-03 16:35:05
200857,1821,TXHR8,COMPRA,12,84.8840,6.4147,2026-08-03 11:48:23,2026-08-03 11:48:25,2026-08-03 11:48:25
200858,1369,LGKU6,COMPRA,335,70.8839,4.2783,2026-08-03 13:51:37,2026-08-03 13:51:40,2026-08-03 13:51:40
200859,2268,YRWH3,COMPRA,160,172.6356,4.6874,2026-08-03 10:01:40,2026-08-03 10:01:42,2026-08-03 10:01:42
200860,1479,BXFJ9,COMPRA,475,155.3051,11.0030,2026-08-03 10:48:01,2026-08-03 10:48:04,2026-08-03 10:48:04
200861,1688,NYGT6,COMPRA,110,130.3387,10.9159,2026-08-03 13:27:02,2026-08-03 13:27:04,2026-08-03 13:27:04
200862,2364,GULD2,COMPRA,400,149.9361,8.1646,2026-08-03 16:44:56,2026-08-03 16:44:59,2026-08-03 16:44:59
200863,2976,NYGT6,COMPRA,217,125.1500,4.2157,2026-08-03 10:10:16,2026-08-03 10:10:18,2026-08-03 10:10:18
200864,1875,XAVL3,COMPRA,100,182.2592,12.7415,2026-08-03 13:09:42,2026-08-03 13:09:42,2026-08-03 13:09:42
200865,3164,BGNM6,COMPRA,180,98.0421,4.8053,2026-08-03 14:40:25,2026-08-03 14:40:26,2026-08-03 14:40:26
200866,1020,MCMT2,COMPRA,290,93.9506,3.0728,2026-08-03 14:15:42,2026-08-03 14:15:43,2026-08-03 14:15:43
200867,3146,SGBG8,COMPRA,410,94.2323,0.8031,2026-08-03 13:26:51,2026-08-03 13:26:51,2026-08-03 13:26:51
200868,2805,NGIU9,COMPRA,10,121.1486,11.3487,2026-08-03 17:29:14,2026-08-03 17:29:14,2026-08-03 17:29:14
200869,1629,EEYY9,COMPRA,40,154.2014,5.0717,2026-08-03 10:33:59,2026-08-03 10:33:59,2026-08-03 10:33:59
200870,2710,RMRT1,COMPRA,105,78.3340,12.1021,2026-08-03 11:29:33,2026-08-03 11:29:36,2026-08-03 11:29:36
200871,1844,PQUT9,COMPRA,477,77.4463,1.0094,2026-08-03 10:26:03,2026-08-03 10:26:03,2026-08-03 10:26:03
200872,2047,GAKD5,COMPRA,351,342.1928,5.7107,2026-08-03 14:48:45,2026-08-03 14:48:45,2026-08-03 14:48:45
200873,1740,QYBV3,COMPRA,445,87.2607,6.8226,2026-08-03 16:34:34,2026-08-03 16:34:37,2026-08-03 16:34:37
200874,2358,HCZM2,COMPRA,60,406.3833,6.6683,2026-08-03 13:44:01,2026-08-03 13:44:01,2026-08-03 13:44:01
200875,2587,DQSN6,COMPRA,425,163.3714,9.2905,2026-08-03 16:22:42,2026-08-03 16:22:45,2026-08-03 16:22:45
200876,2181,GAKD5,COMPRA,185,326.5680,9.0028,2026-08-03 10:43:29,2026-08-03 10:43:31,2026-08-03 10:43:31
200877,2182,CQJZ4,COMPRA,300,110.0726,7.1416,2026-08-03 12:33:34,2026-08-03 12:33:36,2026-08-03 12:33:36
200878,1244,PZUP8,COMPRA,63,141.6259,5.8270,2026-08-03 16:54:35,2026-08-03 16:54:35,2026-08-03 16:54:35
200879,3102,MJDL9,COMPRA,431,36.1648,4.4952,2026-08-03 15:27:47,2026-08-03 15:27:48,2026-08-03 15:27:48
200880,1157,QTDZ2,COMPRA,65,59.4873,,2026-08-03 14:12:47,2026-08-03 14:12:47,2026-08-03 14:12:47
200881,1381,CQJZ4,COMPRA,193,76.7509,0.3553,2026-08-03 14:01:06,2026-08-03 14:01:06,2026-08-03 14:01:06
200882,3386,NYGT6,COMPRA,140,88.6279,4.4566,2026-08-03 11:24:44,2026-08-03 11:24:44,2026-08-03 11:24:44
200883,2086,IZTY4,COMPRA,445,32.9260,2.8918,2026-08-03 14:16:19,2026-08-03 14:16:19,2026-08-03 14:16:19
200884,2131,SGBG8,COMPRA,430,72.0959,3.1398,2026-08-03 16:15:54,2026-08-03 16:15:57,2026-08-03 16:15:57
200885,2388,FYZB6,COMPRA,360,62.9137,10.9993,2026-08-03 13:56:40,2026-08-03 13:56:40,2026-08-03 13:56:40
200886,1583,ZAAS7,COMPRA,80,451.6901,11.3734,2026-08-03 10:12:13,2026-08-03 10:12:14,2026-08-03 10:12:14
200887,1247,NYGT6,COMPRA,75,80.3375,11.2910,2026-08-03 17:07:19,2026-08-03 17:07:19,2026-08-03 17:07:19
200888,2881,RDOA3,COMPRA,440,107.1982,3.7560,2026-08-03 13:56:07,2026-08-03 13:56:07,2026-08-03 13:56:07
200889,3347,RIET5,COMPRA,375,127.7751,12.0831,2026-08-03 10:58:06,2026-08-03 10:58:08,2026-08-03 10:58:08
200890,1147,UQIQ7,COMPRA,25,81.6303,2.2672,2026-08-03 16:54:30,2026-08-03 16:54:33,2026-08-03 16:54:33
200891,1103,NWGB4,VENDA,415,118.9899,10.3687,2026-08-03 11:16:58,2026-08-03 11:17:00,2026-08-03 11:17:00
200892,2638,NHYK8,COMPRA,20,76.3068,6.9917,2026-08-03 15:05:11,2026-08-03 15:05:12,2026-08-03 15:05:12
200893,2736,KFSY2,COMPRA,65,107.7844,1.5679,2026-08-03 15:37:21,2026-08-03 15:37:24,2026-08-03 15:37:24
200894,1328,GAKD5,COMPRA,330,288.9220,0.0853,2026-08-03 15:13:03,2026-08-03 15:13:03,2026-08-03 15:13:03
200895,3151,AAUA7,COMPRA,40,157.5504,5.1460,2026-08-03 13:47:16,2026-08-03 13:47:18,2026-08-03 13:47:18
200896,2597,LGKU6,COMPRA,290,65.1549,10.8316,2026-08-03 14:38:18,2026-08-03 14:38:18,2026-08-03 14:38:18
200897,3182,HVEX2,COMPRA,40,127.5878,5.4376,2026-08-03 15:21:36,2026-08-03 15:21:36,2026-08-03 15:21:36
200898,1494,SUZL4,COMPRA,255,157.7035,1.2795,2026-08-03 16:53:46,2026-08-03 16:53:48,2026-08-03 16:53:48
200899,2823,IZTY4,COMPRA,455,28.8083,8.4358,2026-08-03 13:16:37,2026-08-03 13:16:39,2026-08-03 13:16:39
200900,1689,QHFL8,COMPRA,317,132.6276,7.5100,2026-08-03 13:41:04,2026-08-03 13:41:07,2026-08-03 13:41:07
200901,2963,EEYY9,COMPRA,119,192.2953,2.1798,2026-08-03 14:55:44,2026-08-03 14:55:46,2026-08-03 14:55:46
200902,2584,QEUC2,COMPRA,224,198.7489,6.7233,2026-08-03 17:28:17,2026-08-03 17:28:18,2026-08-03 17:28:18
200903,2199,UCHR6,COMPRA,178,463.4196,6.0750,2026-08-03 15:44:57,2026-08-03 15:44:58,2026-08-03 15:44:58
200904,2827,QTHQ1,COMPRA,495,18.1367,5.3015,2026-08-03 16:49:20,2026-08-03 16:49:21,2026-08-03 16:49:21
200905,2933,OXVD8,COMPRA,470,73.7222,12.8792,2026-08-03 15:57:08,2026-08-03 15:57:10,2026-08-03 15:57:10
200906,1429,LCCH9,COMPRA,20,10.0600,1.2115,2026-08-03 15:39:20,2026-08-03 15:39:21,2026-08-03 15:39:21
200907,2721,UYFJ9,COMPRA,300,120.3389,9.3013,2026-08-03 11:02:14,2026-08-03 11:02:14,2026-08-03 11:02:14
200908,1115,TVCE9,COMPRA,250,62.5270,3.7721,2026-08-03 16:56:16,2026-08-03 16:56:16,2026-08-03 16:56:16
200909,2829,XTVW5,COMPRA,50,131.3590,12.2738,2026-08-03 10:38:09,2026-08-03 10:38:09,2026-08-03 10:38:09
200910,2005,NGIU9,COMPRA,88,97.8655,2.0287,2026-08-03 12:46:04,2026-08-03 12:46:07,2026-08-03 12:46:07
200911,1957,SRDU1,COMPRA,8,104.2805,11.6329,2026-08-03 15:46:47,2026-08-03 15:46:48,2026-08-03 15:46:48
200912,2813,ZHTL2,COMPRA,218,64.2898,7.6186,2026-08-03 11:39:34,2026-08-03 11:39:34,2026-08-03 11:39:34
200913,1421,FYZB6,COMPRA,485,53.8507,10.2980,2026-08-03 12:05:49,2026-08-03 12:05:50,2026-08-03 12:05:50
200914,1761,ICSU4,VENDA,275,119.8237,5.9457,2026-08-03 12:14:26,2026-08-03 12:14:26,2026-08-03 12:14:26
200915,1239,MOLF3,COMPRA,15,49.2981,12.5494,2026-08-03 14:46:31,2026-08-03 14:46:33,2026-08-03 14:46:33
200916,2708,GAKD5,COMPRA,348,289.9486,5.5562,2026-08-03 15:43:11,2026-08-03 15:43:12,2026-08-03 15:43:12
200917,3121,NPEM3,COMPRA,185,127.2626,,2026-08-03 16:09:26,2026-08-03 16:09:26,2026-08-03 16:09:26
200918,3018,XLZM9,COMPRA,115,51.2597,7.6939,2026-08-03 13:40:43,2026-08-03 13:40:46,2026-08-03 13:40:46
200919,2781,ZHTL2,COMPRA,450,53.4256,1.2653,2026-08-03 13:50:12,2026-08-03 13:50:13,2026-08-03 13:50:13
200920,1916,IPXK2,COMPRA,240,279.9043,12.6277,2026-08-03 12:13:00,2026-08-03 12:13:00,2026-08-03 12:13:00
200921,2500,HJRH5,COMPRA,375,154.2667,12.7434,2026-08-03 14:38:41,2026-08-03 14:38:44,2026-08-03 14:38:44
200922,1494,NYGT6,COMPRA,362,103.9386,2.5155,2026-08-03 13:56:57,2026-08-03 13:57:00,2026-08-03 13:57:00
200923,3005,ACSV1,COMPRA,417,102.7442,9.0096,2026-08-03 15:11:22,2026-08-03 15:11:25,2026-08-03 15:11:25
200924,1936,RDOA3,COMPRA,71,109.0038,11.1605,2026-08-03 15:07:04,2026-08-03 15:07:06,2026-08-03 15:07:06
200925,3279,UYFJ9,COMPRA,52,118.4511,7.9920,2026-08-03 13:35:37,2026-08-03 13:35:39,2026-08-03 13:35:39
200926,3148,QYBV3,COMPRA,105,60.0000,11.9891,2026-08-03 11:19:18,2026-08-03 11:19:19,2026-08-03 11:19:19
200927,3377,NQYT3,COMPRA,230,48.1676,10.6466,2026-08-03 11:48:59,2026-08-03 11:49:01,2026-08-03 11:49:01
200928,1570,AAUA7,COMPRA,75,123.8102,8.9261,2026-08-03 16:22:07,2026-08-03 16:22:08,2026-08-03 16:22:08
200929,2194,IPXK2,COMPRA,460,261.6354,9.5374,2026-08-03 13:57:04,2026-08-03 13:57:07,2026-08-03 13:57:07
200930,2500,NPEM3,COMPRA,440,110.2616,5.2814,2026-08-03 14:53:28,2026-08-03 14:53:31,2026-08-03 14:53:31
200931,3487,OVUQ2,COMPRA,270,44.9249,11.0550,2026-08-03 16:43:55,2026-08-03 16:43:55,2026-08-03 16:43:55
200932,1118,JJVW6,COMPRA,371,104.8621,7.1340,2026-08-03 12:59:29,2026-08-03 12:59:31,2026-08-03 12:59:31
200933,2600,CQJZ4,COMPRA,145,79.7010,11.9348,2026-08-03 10:19:09,2026-08-03 10:19:11,2026-08-03 10:19:11
200934,2549,BXFJ9,COMPRA,235,187.4873,3.6921,2026-08-03 12:44:32,2026-08-03 12:44:32,2026-08-03 12:44:32
200935,1476,JIPA6,COMPRA,95,28.7798,4.1295,2026-08-03 13:00:56,2026-08-03 13:00:57,2026-08-03 13:00:57
200936,2527,NHYK8,COMPRA,440,74.5928,5.4632,2026-08-03 14:01:51,2026-08-03 14:01:51,2026-08-03 14:01:51
200937,1118,LQML9,COMPRA,115,108.5180,9.8686,2026-08-03 15:41:13,2026-08-03 15:41:16,2026-08-03 15:41:16
200938,3449,SVOZ4,COMPRA,280,37.9518,7.4822,2026-08-03 16:30:14,2026-08-03 16:30:14,2026-08-03 16:30:14
200939,1051,DQSN6,COMPRA,280,130.6596,12.5852,2026-08-03 13:04:44,2026-08-03 13:04:44,2026-08-03 13:04:44
200940,2022,NREP8,COMPRA,135,131.6354,0.0617,2026-08-03 10:52:00,2026-08-03 10:52:03,2026-08-03 10:52:03
200941,1714,VLEB3,COMPRA,250,352.4112,2.6243,2026-08-03 15:50:42,2026-08-03 15:50:44,2026-08-03 15:50:44
200942,2916,XPVA7,COMPRA,415,478.1470,11.6297,2026-08-03 12:51:11,2026-08-03 12:51:14,2026-08-03 12:51:14
200943,2553,BOCS8,COMPRA,240,68.6871,9.6239,2026-08-03 14:24:55,2026-08-03 14:24:57,2026-08-03 14:24:57
200944,1823,UQJU7,COMPRA,315,74.9363,11.0957,2026-08-03 11:50:03,2026-08-03 11:50:05,2026-08-03 11:50:05
200945,1440,RMRT1,COMPRA,300,108.2299,8.7937,2026-08-03 14:48:57,2026-08-03 14:48:59,2026-08-03 14:48:59
200946,1215,JDJG6,COMPRA,245,82.8579,10.2578,2026-08-03 12:22:05,2026-08-03 12:22:07,2026-08-03 12:22:07
200947,1611,RSBT4,COMPRA,395,410.7226,5.7090,2026-08-03 12:11:23,2026-08-03 12:11:25,2026-08-03 12:11:25
200948,2900,UQIQ7,COMPRA,105,78.5839,5.4489,2026-08-03 13:25:41,2026-08-03 13:25:44,2026-08-03 13:25:44
200949,3381,TTHO3,COMPRA,75,34.5782,2.6530,2026-08-03 12:22:22,2026-08-03 12:22:22,2026-08-03 12:22:22
200950,1089,LIEG8,COMPRA,170,80.3216,12.1335,2026-08-03 14:56:16,2026-08-03 14:56:18,2026-08-03 14:56:18
200951,2460,XLZM9,COMPRA,10,47.0601,0.0136,2026-08-03 14:21:11,2026-08-03 14:21:13,2026-08-03 14:21:13
200952,1036,RYPL6,COMPRA,145,81.3851,3.3977,2026-08-03 11:00:55,2026-08-03 11:00:55,2026-08-03 11:00:55
200953,2779,LIEG8,COMPRA,225,120.9755,6.0582,2026-08-03 12:01:08,2026-08-03 12:01:10,2026-08-03 12:01:10
200954,2158,OVUQ2,COMPRA,410,61.6759,3.4443,2026-08-03 10:40:46,2026-08-03 10:40:47,2026-08-03 10:40:47
200955,2264,SRDU1,COMPRA,360,69.0526,10.0623,2026-08-03 13:17:55,2026-08-03 13:17:57,2026-08-03 13:17:57
200956,1071,TVCE9,VENDA,230,52.1142,6.5853,2026-08-03 14:41:04,2026-08-03 14:41:07,2026-08-03 14:41:07
200957,1069,WXFC8,COMPRA,80,86.3402,11.4663,2026-08-03 16:06:18,2026-08-03 16:06:19,2026-08-03 16:06:19
200958,2667,QTHQ1,COMPRA,500,23.2119,8.7792,2026-08-03 15:08:23,2026-08-03 15:08:25,2026-08-03 15:08:25
200959,3418,FIUW1,COMPRA,10,101.1857,10.9111,2026-08-03 14:00:36,2026-08-03 14:00:37,2026-08-03 14:00:37
200960,1981,UFIU3,COMPRA,350,76.2448,6.3697,2026-08-03 14:24:54,2026-08-03 14:24:55,2026-08-03 14:24:55
200961,1918,MOLF3,COMPRA,233,50.0758,11.9907,2026-08-03 10:03:43,2026-08-03 10:03:46,2026-08-03 10:03:46
200962,1594,RDOA3,COMPRA,45,84.5610,1.3081,2026-08-03 16:35:23,2026-08-03 16:35:24,2026-08-03 16:35:24
200963,1369,UQJU7,COMPRA,165,83.8905,1.0105,2026-08-03 10:41:13,2026-08-03 10:41:13,2026-08-03 10:41:13
200964,3442,IZTY4,COMPRA,430,23.4051,11.2885,2026-08-03 12:05:34,2026-08-03 12:05:34,2026-08-03 12:05:34
200965,2107,RHXV4,COMPRA,196,53.0694,1.6463,2026-08-03 13:02:41,2026-08-03 13:02:43,2026-08-03 13:02:43
200966,1957,PSEN6,COMPRA,10,166.0341,7.3666,2026-08-03 15:34:29,2026-08-03 15:34:29,2026-08-03 15:34:29
200967,2366,HCLJ8,COMPRA,170,117.8382,5.1343,2026-08-03 11:20:18,2026-08-03 11:20:20,2026-08-03 11:20:20
200968,1404,YOWA1,COMPRA,485,63.2493,8.2881,2026-08-03 15:26:14,2026-08-03 15:26:15,2026-08-03 15:26:15
200969,2804,SVOZ4,COMPRA,180,38.0362,4.4937,2026-08-03 13:59:30,2026-08-03 13:59:33,2026-08-03 13:59:33
200970,1926,BOCS8,COMPRA,290,75.7735,5.3770,2026-08-03 15:22:32,2026-08-03 15:22:34,2026-08-03 15:22:34
200971,3433,UQJU7,COMPRA,355,75.1821,6.3912,2026-08-03 12:26:18,2026-08-03 12:26:18,2026-08-03 12:26:18
200972,2699,JIPA6,COMPRA,409,29.2167,9.4771,2026-08-03 16:16:31,2026-08-03 16:16:33,2026-08-03 16:16:33
200973,1224,RSBT4,VENDA,199,323.2804,7.3813,2026-08-03 15:15:56,2026-08-03 15:15:57,2026-08-03 15:15:57
200974,1438,JUDG8,COMPRA,115,80.3804,6.1667,2026-08-03 12:03:10,2026-08-03 12:03:13,2026-08-03 12:03:13
200975,2493,HCZM2,COMPRA,395,365.5751,0.6964,2026-08-03 16:07:56,2026-08-03 16:07:58,2026-08-03 16:07:58
200976,2025,IWFI1,COMPRA,130,126.8377,7.2949,2026-08-03 17:01:50,2026-08-03 17:01:53,2026-08-03 17:01:53
200977,2501,TNHT4,COMPRA,195,143.2396,9.8876,2026-08-03 11:28:32,2026-08-03 11:28:33,2026-08-03 11:28:33
200978,1724,YYLA4,COMPRA,335,197.1864,10.2992,2026-08-03 14:06:28,2026-08-03 14:06:31,2026-08-03 14:06:31
200979,2652,JUDG8,COMPRA,489,97.0822,6.6857,2026-08-03 10:10:54,2026-08-03 10:10:54,2026-08-03 10:10:54
200980,1838,UQJU7,COMPRA,70,68.9233,6.1863,2026-08-03 12:07:58,2026-08-03 12:07:58,2026-08-03 12:07:58
200981,3400,JIPA6,COMPRA,235,40.9031,7.3380,2026-08-03 14:35:44,2026-08-03 14:35:47,2026-08-03 14:35:47
200982,3318,MOLF3,COMPRA,160,53.6971,7.0052,2026-08-03 16:49:34,2026-08-03 16:49:36,2026-08-03 16:49:36
200983,3140,BOCS8,COMPRA,195,48.2211,6.1085,2026-08-03 15:29:10,2026-08-03 15:29:10,2026-08-03 15:29:10
200984,2049,QQQS1,COMPRA,140,19.5259,12.6087,2026-08-03 17:06:36,2026-08-03 17:06:38,2026-08-03 17:06:38
200985,2177,ENRZ2,COMPRA,330,81.5412,6.6704,2026-08-03 12:26:42,2026-08-03 12:26:44,2026-08-03 12:26:44
200986,2249,XAVL3,COMPRA,108,222.0849,7.9061,2026-08-03 10:41:09,2026-08-03 10:41:11,2026-08-03 10:41:11
200987,1120,SUZL4,COMPRA,50,164.7387,,2026-08-03 17:02:52,2026-08-03 17:02:52,2026-08-03 17:02:52
200988,2577,WMQZ6,COMPRA,480,61.7104,6.2156,2026-08-03 12:06:48,2026-08-03 12:06:48,2026-08-03 12:06:48
200989,1119,DSFC9,COMPRA,5,491.9105,9.8344,2026-08-03 10:55:12,2026-08-03 10:55:12,2026-08-03 10:55:12
200990,1034,UQIQ7,COMPRA,360,83.7183,8.3361,2026-08-03 15:15:40,2026-08-03 15:15:40,2026-08-03 15:15:40
200991,2182,MOLF3,COMPRA,20,47.2469,9.7930,2026-08-03 12:11:14,2026-08-03 12:11:16,2026-08-03 12:11:16
200992,3070,NYGT6,COMPRA,285,95.1396,5.8805,2026-08-03 11:17:09,2026-08-03 11:17:09,2026-08-03 11:17:09
200993,1088,NQYT3,COMPRA,125,74.6677,1.7621,2026-08-03 12:05:43,2026-08-03 12:05:46,2026-08-03 12:05:46
200994,2938,AAUA7,COMPRA,10,170.6081,3.7024,2026-08-03 14:41:55,2026-08-03 14:41:56,2026-08-03 14:41:56
200995,2322,QEUC2,COMPRA,330,208.5950,3.8220,2026-08-03 16:40:43,2026-08-03 16:40:44,2026-08-03 16:40:44
200996,2127,ZHTL2,COMPRA,300,62.1583,4.1978,2026-08-03 16:24:09,2026-08-03 16:24:11,2026-08-03 16:24:11
200997,2087,PSEN6,COMPRA,13,207.7486,9.1526,2026-08-03 10:35:59,2026-08-03 10:36:01,2026-08-03 10:36:01
200998,2695,UCHR6,COMPRA,185,498.2922,6.3105,2026-08-03 15:42:29,2026-08-03 15:42:32,2026-08-03 15:42:32
200999,3260,HCLJ8,COMPRA,275,124.8285,3.0901,2026-08-03 16:03:01,2026-08-03 16:03:03,2026-08-03 16:03:03
201000,2791,PQUT9,COMPRA,425,99.7921,12.0325,2026-08-03 17:30:19,2026-08-03 17:30:22,2026-08-03 17:30:22
201001,2678,RMRT1,COMPRA,350,84.6363,9.7712,2026-08-03 10:03:03,2026-08-03 10:03:04,2026-08-03 10:03:04
201002,1592,GAKD5,COMPRA,365,325.3795,8.1784,2026-08-03 13:42:29,2026-08-03 13:42:32,2026-08-03 13:42:32
201003,2208,KFSY2,COMPRA,230,114.2773,8.5040,2026-08-03 11:54:24,2026-08-03 11:54:24,2026-08-03 11:54:24
201004,1400,DFGR7,COMPRA,290,114.6919,12.8983,2026-08-03 11:28:34,2026-08-03 11:28:37,2026-08-03 11:28:37
201005,1195,HVEX2,COMPRA,360,118.9292,6.1528,2026-08-03 15:41:25,2026-08-03 15:41:26,2026-08-03 15:41:26
201006,3401,DSFC9,COMPRA,448,385.0329,11.8895,2026-08-03 12:06:58,2026-08-03 12:07:00,2026-08-03 12:07:00
201007,2143,RFNS7,COMPRA,175,72.0772,0.4810,2026-08-03 12:20:49,2026-08-03 12:20:49,2026-08-03 12:20:49
201008,3058,QQQS1,COMPRA,337,21.8558,7.4960,2026-08-03 15:36:31,2026-08-03 15:36:33,2026-08-03 15:36:33
201009,3293,YYLA4,COMPRA,410,192.8827,10.0148,2026-08-03 15:07:55,2026-08-03 15:07:55,2026-08-03 15:07:55
201010,2139,GAKD5,COMPRA,359,331.8170,4.3833,2026-08-03 16:44:32,2026-08-03 16:44:34,2026-08-03 16:44:34
201011,2581,JIPR4,COMPRA,261,27.1379,4.1552,2026-08-03 12:03:47,2026-08-03 12:03:47,2026-08-03 12:03:47
201012,3113,JIPA6,COMPRA,198,46.1013,0.6876,2026-08-03 15:25:57,2026-08-03 15:25:57,2026-08-03 15:25:57
201013,3030,NWGB4,COMPRA,260,119.8350,2.2091,2026-08-03 16:38:09,2026-08-03 16:38:11,2026-08-03 16:38:11
201014,2756,QQQS1,COMPRA,390,20.1114,0.1380,2026-08-03 14:54:07,2026-08-03 14:54:09,2026-08-03 14:54:09
201015,1822,GULD2,COMPRA,340,167.5075,0.7104,2026-08-03 12:18:08,2026-08-03 12:18:11,2026-08-03 12:18:11
201016,1659,UYFJ9,COMPRA,129,102.2674,0.2589,2026-08-03 16:20:33,2026-08-03 16:20:36,2026-08-03 16:20:36
201017,1112,NUJZ2,COMPRA,420,31.0181,10.3954,2026-08-03 12:51:01,2026-08-03 12:51:01,2026-08-03 12:51:01
201018,1078,CQJZ4,COMPRA,435,100.1251,1.6358,2026-08-03 13:19:48,2026-08-03 13:19:51,2026-08-03 13:19:51
201019,1497,KFSY2,COMPRA,453,114.2551,5.7784,2026-08-03 10:43:45,2026-08-03 10:43:45,2026-08-03 10:43:45
201020,2805,WXFC8,COMPRA,425,93.4817,3.5581,2026-08-03 14:26:09,2026-08-03 14:26:10,2026-08-03 14:26:10
201021,1991,PBZM6,COMPRA,345,67.1616,5.4377,2026-08-03 15:26:02,2026-08-03 15:26:04,2026-08-03 15:26:04
201022,3072,PQUT9,COMPRA,425,101.9860,8.5631,2026-08-03 17:15:28,2026-08-03 17:15:30,2026-08-03 17:15:30
201023,2736,ZHTL2,COMPRA,460,76.9931,8.9276,2026-08-03 16:05:34,2026-08-03 16:05:34,2026-08-03 16:05:34
201024,2562,XTVW5,COMPRA,495,113.0475,10.3174,2026-08-03 14:58:52,2026-08-03 14:58:52,2026-08-03 14:58:52
201025,1882,QTDZ2,COMPRA,153,56.7948,3.1895,2026-08-03 16:06:03,2026-08-03 16:06:05,2026-08-03 16:06:05
201026,3080,NREP8,COMPRA,35,134.3102,1.5997,2026-08-03 16:30:32,2026-08-03 16:30:33,2026-08-03 16:30:33
201027,3471,ZHTL2,COMPRA,20,74.9859,7.4105,2026-08-03 14:02:33,2026-08-03 14:02:33,2026-08-03 14:02:33
201028,1547,FIUW1,COMPRA,485,108.4422,9.0264,2026-08-03 12:18:37,2026-08-03 12:18:39,2026-08-03 12:18:39
201029,1034,PSEN6,COMPRA,375,202.0415,7.1155,2026-08-03 11:31:25,2026-08-03 11:31:25,2026-08-03 11:31:25
201030,2570,DSFC9,COMPRA,395,454.5344,6.7845,2026-08-03 12:12:35,2026-08-03 12:12:35,2026-08-03 12:12:35
201031,1216,DMTZ8,COMPRA,238,153.3710,7.4725,2026-08-03 13:34:41,2026-08-03 13:34:44,2026-08-03 13:34:44
201032,1685,NUJZ2,COMPRA,180,37.5757,2.7019,2026-08-03 10:23:54,2026-08-03 10:23:54,2026-08-03 10:23:54
201033,2097,ZAAS7,COMPRA,370,394.0071,2.9958,2026-08-03 10:43:46,2026-08-03 10:43:47,2026-08-03 10:43:47
201034,1329,RMRT1,COMPRA,255,102.0010,8.1546,2026-08-03 14:37:29,2026-08-03 14:37:29,2026-08-03 14:37:29
201035,3471,HJRH5,COMPRA,25,164.0427,4.2268,2026-08-03 13:15:29,2026-08-03 13:15:31,2026-08-03 13:15:31
201036,3448,PSEN6,COMPRA,35,197.1293,11.5142,2026-08-03 15:51:42,2026-08-03 15:51:45,2026-08-03 15:51:45
201037,3129,MJDL9,COMPRA,80,40.9347,2.6837,2026-08-03 17:19:14,2026-08-03 17:19:14,2026-08-03 17:19:14
201038,1777,ECQD7,COMPRA,35,108.8464,9.5854,2026-08-03 15:45:11,2026-08-03 15:45:12,2026-08-03 15:45:12
201039,2233,YRWH3,COMPRA,195,223.6611,6.3388,2026-08-03 17:11:09,2026-08-03 17:11:11,2026-08-03 17:11:11
201040,1485,KFSY2,COMPRA,410,119.4841,11.6013,2026-08-03 10:52:04,2026-08-03 10:52:04,2026-08-03 10:52:04
201041,2667,YRWH3,COMPRA,65,178.0059,9.0963,2026-08-03 13:18:02,2026-08-03 13:18:02,2026-08-03 13:18:02
201042,2471,YYLA4,COMPRA,45,202.0039,8.6586,2026-08-03 13:04:32,2026-08-03 13:04:34,2026-08-03 13:04:34
201043,1545,DHRM5,COMPRA,155,279.7352,4.7994,2026-08-03 14:48:36,2026-08-03 14:48:37,2026-08-03 14:48:37
201044,2337,UQJU7,COMPRA,100,86.6087,8.9020,2026-08-03 13:22:58,2026-08-03 13:22:59,2026-08-03 13:22:59
201045,2211,JIPR4,COMPRA,450,35.4247,3.1936,2026-08-03 13:29:18,2026-08-03 13:29:18,2026-08-03 13:29:18
201046,1827,DMTZ8,COMPRA,110,180.1594,4.6847,2026-08-03 15:49:33,2026-08-03 15:49:34,2026-08-03 15:49:34
201047,2356,IPXK2,COMPRA,190,354.3666,8.0850,2026-08-03 12:40:19,2026-08-03 12:40:21,2026-08-03 12:40:21
201048,3148,MOLF3,VENDA,440,52.2805,10.4162,2026-08-03 16:28:54,2026-08-03 16:28:56,2026-08-03 16:28:56
201049,1366,UQIQ7,COMPRA,430,66.6258,6.0482,2026-08-03 12:21:35,2026-08-03 12:21:36,2026-08-03 12:21:36
201050,1836,MCMT2,COMPRA,490,115.8373,8.0493,2026-08-03 11:15:18,2026-08-03 11:15:18,2026-08-03 11:15:18
201051,2875,PSEN6,COMPRA,187,227.9036,10.5339,2026-08-03 10:52:29,2026-08-03 10:52:30,2026-08-03 10:52:30
201052,1711,HCZM2,COMPRA,185,540.1070,11.6866,2026-08-03 16:24:37,2026-08-03 16:24:38,2026-08-03 16:24:38
201053,3241,YFAH5,COMPRA,30,175.2755,2.7977,2026-08-03 14:19:10,2026-08-03 14:19:11,2026-08-03 14:19:11
201054,1173,LGKU6,COMPRA,280,60.1563,8.1280,2026-08-03 11:44:35,2026-08-03 11:44:38,2026-08-03 11:44:38
201055,3327,EEYY9,COMPRA,65,183.5790,1.2184,2026-08-03 16:05:08,2026-08-03 16:05:11,2026-08-03 16:05:11
201056,1062,YCCK8,COMPRA,390,406.8493,9.5287,2026-08-03 12:56:36,2026-08-03 12:56:36,2026-08-03 12:56:36
201057,2248,MGRR2,COMPRA,220,107.3106,3.8230,2026-08-03 14:55:05,2026-08-03 14:55:08,2026-08-03 14:55:08
201058,2977,IWAK1,COMPRA,440,75.0895,,2026-08-03 16:50:32,2026-08-03 16:50:35,2026-08-03 16:50:35
201059,1899,OVUQ2,COMPRA,223,41.6434,3.9425,2026-08-03 14:53:11,2026-08-03 14:53:11,2026-08-03 14:53:11
201060,3412,QTHQ1,COMPRA,60,21.6756,2.4568,2026-08-03 14:10:41,2026-08-03 14:10:41,2026-08-03 14:10:41
201061,2750,PBZM6,COMPRA,455,75.1057,4.4159,2026-08-03 17:03:29,2026-08-03 17:03:30,2026-08-03 17:03:30
201062,2089,YCCK8,COMPRA,50,402.4744,8.6206,2026-08-03 12:26:32,2026-08-03 12:26:33,2026-08-03 12:26:33
201063,1968,GAKD5,COMPRA,5,248.1591,9.2863,2026-08-03 14:43:37,2026-08-03 14:43:39,2026-08-03 14:43:39
201064,2635,JIPR4,COMPRA,65,38.4550,5.9820,2026-08-03 15:49:42,2026-08-03 15:49:45,2026-08-03 15:49:45
201065,1337,NWGB4,COMPRA,365,115.4534,10.5843,2026-08-03 17:23:01,2026-08-03 17:23:01,2026-08-03 17:23:01
201066,2844,NHYK8,COMPRA,150,59.7570,1.1891,2026-08-03 17:15:11,2026-08-03 17:15:14,2026-08-03 17:15:14
201067,2629,UFIU3,COMPRA,475,98.4077,2.3824,2026-08-03 16:14:50,2026-08-03 16:14:53,2026-08-03 16:14:53
201068,1540,ZHTL2,COMPRA,335,64.7881,0.6326,2026-08-03 12:50:53,2026-08-03 12:50:53,2026-08-03 12:50:53
201069,2610,NREP8,COMPRA,230,155.4184,0.8599,2026-08-03 16:39:20,2026-08-03 16:39:22,2026-08-03 16:39:22
201070,2592,QQQS1,COMPRA,95,20.2576,2.1717,2026-08-03 10:15:48,2026-08-03 10:15:49,2026-08-03 10:15:49
201071,1975,MOLF3,VENDA,80,63.5199,1.0346,2026-08-03 14:13:01,2026-08-03 14:13:02,2026-08-03 14:13:02
201072,3467,SVOZ4,COMPRA,214,47.1379,6.5713,2026-08-03 12:15:08,2026-08-03 12:15:09,2026-08-03 12:15:09
201073,1339,ECQD7,COMPRA,465,113.9647,0.4636,2026-08-03 13:23:39,2026-08-03 13:23:40,2026-08-03 13:23:40
201074,2439,YCCK8,COMPRA,90,476.7855,1.2408,2026-08-03 12:45:22,2026-08-03 12:45:23,2026-08-03 12:45:23
201075,3239,PZUP8,COMPRA,490,131.5472,6.6830,2026-08-03 15:23:36,2026-08-03 15:23:36,2026-08-03 15:23:36
201076,2088,GFDF2,COMPRA,175,89.9633,10.3222,2026-08-03 14:06:46,2026-08-03 14:06:47,2026-08-03 14:06:47
201077,2392,NPEM3,COMPRA,8,80.2330,7.0292,2026-08-03 16:02:21,2026-08-03 16:02:24,2026-08-03 16:02:24
201078,3443,RHXV4,COMPRA,474,74.3847,5.4420,2026-08-03 13:27:59,2026-08-03 13:27:59,2026-08-03 13:27:59
201079,2608,OVUQ2,COMPRA,114,59.6367,3.5006,2026-08-03 12:17:26,2026-08-03 12:17:26,2026-08-03 12:17:26
201080,3465,XOVY4,COMPRA,417,78.6735,11.0884,2026-08-03 14:07:57,2026-08-03 14:07:57,2026-08-03 14:07:57
201081,1923,KQEO3,COMPRA,80,91.7784,0.7633,2026-08-03 17:24:01,2026-08-03 17:24:03,2026-08-03 17:24:03
201082,2135,XOVY4,COMPRA,159,112.7378,1.1423,2026-08-03 10:57:43,2026-08-03 10:57:46,2026-08-03 10:57:46
201083,2249,UVEY5,VENDA,275,93.8232,7.7670,2026-08-03 10:49:59,2026-08-03 10:50:02,2026-08-03 10:50:02
201084,2646,OVUQ2,COMPRA,247,47.1317,11.9083,2026-08-03 15:52:16,2026-08-03 15:52:17,2026-08-03 15:52:17
201085,3129,JUDG8,COMPRA,20,104.4304,4.4662,2026-08-03 10:25:58,2026-08-03 10:26:00,2026-08-03 10:26:00
201086,1480,NPEM3,COMPRA,265,99.6402,8.1553,2026-08-03 10:37:58,2026-08-03 10:37:58,2026-08-03 10:37:58
201087,1749,OXVD8,COMPRA,365,67.6673,1.2540,2026-08-03 14:56:13,2026-08-03 14:56:14,2026-08-03 14:56:14
201088,1067,CQIL9,COMPRA,183,32.1388,10.7169,2026-08-03 16:09:13,2026-08-03 16:09:15,2026-08-03 16:09:15
201089,2763,QQQS1,COMPRA,280,20.3556,2.5575,2026-08-03 15:24:36,2026-08-03 15:24:37,2026-08-03 15:24:37
201090,1860,IJJK3,COMPRA,475,128.7264,4.4610,2026-08-03 10:21:40,2026-08-03 10:21:43,2026-08-03 10:21:43
201091,1496,WXFC8,COMPRA,94,67.7817,4.4119,2026-08-03 14:05:48,2026-08-03 14:05:49,2026-08-03 14:05:49
201092,1674,HCLJ8,COMPRA,200,102.9955,10.3299,2026-08-03 13:40:59,2026-08-03 13:41:00,2026-08-03 13:41:00
201093,1267,LQML9,COMPRA,195,148.3904,4.9191,2026-08-03 14:56:27,2026-08-03 14:56:29,2026-08-03 14:56:29
201094,1380,HVEX2,COMPRA,170,142.6676,6.6931,2026-08-03 17:08:32,2026-08-03 17:08:32,2026-08-03 17:08:32
201095,1375,XLZM9,COMPRA,290,63.0994,4.9171,2026-08-03 15:06:50,2026-08-03 15:06:51,2026-08-03 15:06:51
201096,3348,LQML9,COMPRA,435,160.7714,6.1181,2026-08-03 15:14:14,2026-08-03 15:14:14,2026-08-03 15:14:14
201097,3488,KQEO3,COMPRA,269,89.4737,10.6567,2026-08-03 12:02:46,2026-08-03 12:02:46,2026-08-03 12:02:46
201098,2646,CQIL9,VENDA,175,44.9116,9.3090,2026-08-03 14:18:39,2026-08-03 14:18:42,2026-08-03 14:18:42
201099,3280,TBWG2,COMPRA,500,80.1653,3.6226,2026-08-03 10:31:42,2026-08-03 10:31:43,2026-08-03 10:31:43
201100,1207,YFAH5,COMPRA,440,203.5249,10.9912,2026-08-03 13:35:31,2026-08-03 13:35:31,2026-08-03 13:35:31
201101,2221,ICSU4,COMPRA,160,132.2320,,2026-08-03 11:27:03,2026-08-03 11:27:03,2026-08-03 11:27:03
201102,1914,TTHO3,COMPRA,300,40.1421,1.7566,2026-08-03 12:29:27,2026-08-03 12:29:28,2026-08-03 12:29:28
201103,1050,MCMT2,COMPRA,84,103.8303,10.2217,2026-08-03 13:04:25,2026-08-03 13:04:26,2026-08-03 13:04:26
201104,2102,IZTY4,COMPRA,210,24.9679,12.2447,2026-08-03 17:05:15,2026-08-03 17:05:15,2026-08-03 17:05:15
201105,2601,XPVA7,COMPRA,119,381.8912,6.4922,2026-08-03 17:02:33,2026-08-03 17:02:33,2026-08-03 17:02:33
201106,2863,ZHTL2,COMPRA,110,48.7158,1.7129,2026-08-03 16:17:38,2026-08-03 16:17:39,2026-08-03 16:17:39
201107,2787,YYLA4,COMPRA,350,199.8076,6.5599,2026-08-03 16:45:30,2026-08-03 16:45:33,2026-08-03 16:45:33
201108,2190,JIPA6,COMPRA,230,41.7023,8.2934,2026-08-03 16:39:05,2026-08-03 16:39:06,2026-08-03 16:39:06
201109,2657,TBWG2,COMPRA,250,93.0303,7.5246,2026-08-03 12:25:07,2026-08-03 12:25:08,2026-08-03 12:25:08
201110,1942,MCMT2,COMPRA,390,111.7553,8.5023,2026-08-03 17:04:52,2026-08-03 17:04:54,2026-08-03 17:04:54
201111,2994,KQEO3,COMPRA,186,69.1518,11.5519,2026-08-03 14:51:48,2026-08-03 14:51:48,2026-08-03 14:51:48
201112,1431,ICSU4,COMPRA,495,123.9765,2.4237,2026-08-03 13:12:40,2026-08-03 13:12:42,2026-08-03 13:12:42
201113,1936,TTHO3,COMPRA,375,38.0643,1.9542,2026-08-03 11:36:59,2026-08-03 11:37:02,2026-08-03 11:37:02
201114,3150,JDJG6,COMPRA,195,77.7442,,2026-08-03 12:54:31,2026-08-03 12:54:33,2026-08-03 12:54:33
201115,3146,LCCH9,COMPRA,290,9.7346,3.4920,2026-08-03 15:30:23,2026-08-03 15:30:25,2026-08-03 15:30:25
201116,2152,BGNM6,COMPRA,210,103.2147,3.6868,2026-08-03 14:55:52,2026-08-03 14:55:54,2026-08-03 14:55:54
201117,1616,MJDL9,COMPRA,435,29.4682,1.0663,2026-08-03 15:34:44,2026-08-03 15:34:47,2026-08-03 15:34:47
201118,3432,CQJZ4,COMPRA,150,72.2484,2.1070,2026-08-03 14:07:24,2026-08-03 14:07:24,2026-08-03 14:07:24
201119,3418,WMQZ6,COMPRA,360,76.8021,5.3021,2026-08-03 14:41:40,2026-08-03 14:41:40,2026-08-03 14:41:40
201120,3306,FYZB6,COMPRA,180,69.2403,10.4231,2026-08-03 12:17:33,2026-08-03 12:17:35,2026-08-03 12:17:35
201121,1530,JJVW6,COMPRA,260,162.7691,11.1507,2026-08-03 16:17:00,2026-08-03 16:17:00,2026-08-03 16:17:00
201122,2637,SGBG8,COMPRA,165,74.9640,12.0192,2026-08-03 11:20:59,2026-08-03 11:21:02,2026-08-03 11:21:02
201123,2098,CQJZ4,COMPRA,370,72.8312,7.0223,2026-08-03 12:56:15,2026-08-03 12:56:17,2026-08-03 12:56:17
201124,1960,TNHT4,COMPRA,452,104.8029,0.0974,2026-08-03 10:38:48,2026-08-03 10:38:50,2026-08-03 10:38:50
201125,2314,JIPR4,COMPRA,415,28.7697,7.5422,2026-08-03 13:00:28,2026-08-03 13:00:28,2026-08-03 13:00:28
201126,1726,HJRH5,COMPRA,275,130.7794,4.4420,2026-08-03 14:38:44,2026-08-03 14:38:46,2026-08-03 14:38:46
201127,1843,NAOF3,COMPRA,21,58.3675,6.8319,2026-08-03 11:03:59,2026-08-03 11:03:59,2026-08-03 11:03:59
201128,1346,JIPA6,COMPRA,395,30.9419,1.0010,2026-08-03 10:52:52,2026-08-03 10:52:53,2026-08-03 10:52:53
201129,1864,MCMT2,COMPRA,315,87.6328,9.4502,2026-08-03 16:48:04,2026-08-03 16:48:07,2026-08-03 16:48:07
201130,2638,IWAK1,COMPRA,150,75.1185,11.8276,2026-08-03 16:13:55,2026-08-03 16:13:55,2026-08-03 16:13:55
201131,3166,IPXK2,COMPRA,325,250.8242,2.0543,2026-08-03 12:21:02,2026-08-03 12:21:04,2026-08-03 12:21:04
201132,2876,RMRT1,COMPRA,480,88.8629,7.9188,2026-08-03 17:15:05,2026-08-03 17:15:07,2026-08-03 17:15:07
201133,1802,SUZL4,COMPRA,100,138.2841,7.6601,2026-08-03 11:13:48,2026-08-03 11:13:48,2026-08-03 11:13:48
201134,1483,CQJZ4,COMPRA,185,78.8226,3.8606,2026-08-03 12:52:11,2026-08-03 12:52:14,2026-08-03 12:52:14
201135,1158,QATW7,COMPRA,380,48.8255,4.6251,2026-08-03 17:11:27,2026-08-03 17:11:28,2026-08-03 17:11:28
201136,1041,UQIQ7,COMPRA,100,68.2001,1.9478,2026-08-03 15:49:14,2026-08-03 15:49:14,2026-08-03 15:49:14
201137,1831,MJDL9,COMPRA,180,37.1767,2.2971,2026-08-03 13:43:47,2026-08-03 13:43:47,2026-08-03 13:43:47
201138,1508,NWGB4,COMPRA,475,121.8373,6.4018,2026-08-03 17:12:31,2026-08-03 17:12:33,2026-08-03 17:12:33
201139,1658,UVEY5,COMPRA,120,82.6208,10.5395,2026-08-03 13:21:18,2026-08-03 13:21:21,2026-08-03 13:21:21
201140,1187,EEYY9,COMPRA,255,163.2627,12.3050,2026-08-03 14:55:03,2026-08-03 14:55:03,2026-08-03 14:55:03
201141,2748,NUJZ2,COMPRA,414,26.7509,5.6134,2026-08-03 11:09:13,2026-08-03 11:09:13,2026-08-03 11:09:13
201142,3388,ECQD7,COMPRA,290,96.8064,10.2594,2026-08-03 14:36:54,2026-08-03 14:36:55,2026-08-03 14:36:55
201143,1698,GKQC5,COMPRA,200,118.6398,4.9959,2026-08-03 13:56:08,2026-08-03 13:56:10,2026-08-03 13:56:10
201144,1112,LCCH9,COMPRA,175,8.1964,6.6824,2026-08-03 11:16:36,2026-08-03 11:16:36,2026-08-03 11:16:36
201145,2853,KFSY2,COMPRA,405,125.5052,4.5591,2026-08-03 15:04:01,2026-08-03 15:04:02,2026-08-03 15:04:02
201146,1944,DFGR7,COMPRA,330,119.4825,0.5280,2026-08-03 14:17:14,2026-08-03 14:17:15,2026-08-03 14:17:15
201147,1339,JJVW6,COMPRA,105,105.7146,8.7316,2026-08-03 11:52:32,2026-08-03 11:52:32,2026-08-03 11:52:32
201148,1536,BOCS8,COMPRA,264,69.2901,9.8177,2026-08-03 12:17:37,2026-08-03 12:17:40,2026-08-03 12:17:40
201149,1905,UQJU7,VENDA,85,60.8059,11.4192,2026-08-03 12:47:32,2026-08-03 12:47:32,2026-08-03 12:47:32
201150,2744,JIPR4,COMPRA,355,33.4045,10.7459,2026-08-03 16:56:16,2026-08-03 16:56:18,2026-08-03 16:56:18
201151,3142,TNHT4,COMPRA,115,156.4106,10.0523,2026-08-03 15:59:44,2026-08-03 15:59:46,2026-08-03 15:59:46
201152,2804,YRWH3,COMPRA,190,203.1198,6.7146,2026-08-03 11:13:43,2026-08-03 11:13:45,2026-08-03 11:13:45
201153,1485,FRGH8,COMPRA,305,65.0730,2.5326,2026-08-03 12:32:32,2026-08-03 12:32:33,2026-08-03 12:32:33
201154,2502,ZHTL2,COMPRA,10,62.0508,8.2701,2026-08-03 14:17:58,2026-08-03 14:18:01,2026-08-03 14:18:01
201155,2270,WMQZ6,COMPRA,295,65.7439,4.6563,2026-08-03 10:17:38,2026-08-03 10:17:40,2026-08-03 10:17:40
201156,1037,LGKU6,COMPRA,480,82.6359,0.4160,2026-08-03 12:17:18,2026-08-03 12:17:21,2026-08-03 12:17:21
201157,2909,DGBT6,COMPRA,421,83.8486,5.7393,2026-08-03 16:16:29,2026-08-03 16:16:32,2026-08-03 16:16:32
201158,3136,SUZL4,COMPRA,210,104.9184,1.9711,2026-08-03 16:38:45,2026-08-03 16:38:45,2026-08-03 16:38:45
201159,2581,SRDU1,COMPRA,475,98.4732,4.0259,2026-08-03 13:27:08,2026-08-03 13:27:08,2026-08-03 13:27:08
201160,2903,ECQD7,COMPRA,385,91.1160,5.1905,2026-08-03 13:29:06,2026-08-03 13:29:07,2026-08-03 13:29:07
201161,3155,SRDU1,COMPRA,164,67.2166,8.8249,2026-08-03 11:11:46,2026-08-03 11:11:47,2026-08-03 11:11:47
201162,2049,JJVW6,COMPRA,480,153.6759,9.8605,2026-08-03 15:48:58,2026-08-03 15:48:59,2026-08-03 15:48:59
201163,1011,QTHQ1,COMPRA,210,20.1027,10.3239,2026-08-03 13:52:40,2026-08-03 13:52:43,2026-08-03 13:52:43
201164,2254,IJJK3,COMPRA,235,132.4285,11.4999,2026-08-03 11:47:31,2026-08-03 11:47:31,2026-08-03 11:47:31
201165,1837,YCCK8,COMPRA,305,371.2850,2.8005,2026-08-03 16:54:59,2026-08-03 16:55:00,2026-08-03 16:55:00
201166,1993,IWFI1,COMPRA,380,145.4533,6.6270,2026-08-03 11:43:34,2026-08-03 11:43:37,2026-08-03 11:43:37
201167,2133,WXFC8,COMPRA,235,74.7088,1.8303,2026-08-03 15:36:26,2026-08-03 15:36:28,2026-08-03 15:36:28
201168,1990,RIET5,COMPRA,220,131.4413,6.0051,2026-08-03 13:45:24,2026-08-03 13:45:26,2026-08-03 13:45:26
201169,1413,LQML9,COMPRA,22,176.0605,10.4952,2026-08-03 11:21:04,2026-08-03 11:21:05,2026-08-03 11:21:05
201170,1448,NGIU9,COMPRA,437,93.9617,1.7402,2026-08-03 10:18:42,2026-08-03 10:18:42,2026-08-03 10:18:42
201171,2838,OVYL9,COMPRA,350,83.1165,0.3419,2026-08-03 17:03:19,2026-08-03 17:03:22,2026-08-03 17:03:22
201172,3066,XOVY4,COMPRA,65,91.0224,8.1465,2026-08-03 16:47:03,2026-08-03 16:47:03,2026-08-03 16:47:03
201173,1650,OEQA8,COMPRA,319,380.1802,8.1169,2026-08-03 10:28:56,2026-08-03 10:28:59,2026-08-03 10:28:59
201174,1039,XPVA7,COMPRA,25,432.8316,3.2739,2026-08-03 11:00:20,2026-08-03 11:00:21,2026-08-03 11:00:21
201175,1218,IPXK2,COMPRA,379,340.6223,5.9938,2026-08-03 11:19:56,2026-08-03 11:19:58,2026-08-03 11:19:58
201176,2260,GFDF2,COMPRA,155,102.4477,10.7993,2026-08-03 14:20:27,2026-08-03 14:20:29,2026-08-03 14:20:29
201177,2606,HCZM2,COMPRA,295,512.9620,10.7257,2026-08-03 13:44:00,2026-08-03 13:44:01,2026-08-03 13:44:01
201178,3147,QQQS1,COMPRA,135,25.2112,1.6700,2026-08-03 12:16:18,2026-08-03 12:16:19,2026-08-03 12:16:19
201179,2153,RMRT1,COMPRA,256,79.8034,2.4698,2026-08-03 10:05:47,2026-08-03 10:05:50,2026-08-03 10:05:50
201180,1232,ICSU4,COMPRA,186,125.6029,5.3725,2026-08-03 16:23:37,2026-08-03 16:23:40,2026-08-03 16:23:40
201181,1801,WXFC8,COMPRA,55,107.9448,12.7658,2026-08-03 15:04:17,2026-08-03 15:04:20,2026-08-03 15:04:20
201182,2371,IJJK3,COMPRA,192,113.9233,0.3713,2026-08-03 15:37:38,2026-08-03 15:37:41,2026-08-03 15:37:41
201183,1282,PZUP8,COMPRA,255,147.0362,10.3699,2026-08-03 10:25:32,2026-08-03 10:25:34,2026-08-03 10:25:34
201184,2924,RHXV4,COMPRA,395,61.4326,9.5888,2026-08-03 11:54:54,2026-08-03 11:54:55,2026-08-03 11:54:55
201185,2389,QTDZ2,COMPRA,75,39.3440,11.6739,2026-08-03 11:19:05,2026-08-03 11:19:08,2026-08-03 11:19:08
201186,3270,RYPL6,COMPRA,115,70.7391,10.7719,2026-08-03 10:46:44,2026-08-03 10:46:45,2026-08-03 10:46:45
201187,2695,YOWA1,COMPRA,438,61.4504,0.6298,2026-08-03 16:46:56,2026-08-03 16:46:56,2026-08-03 16:46:56
201188,3213,PQUT9,COMPRA,290,87.1972,7.0757,2026-08-03 17:02:54,2026-08-03 17:02:55,2026-08-03 17:02:55
201189,2129,DHRM5,COMPRA,20,352.2407,8.1023,2026-08-03 15:21:56,2026-08-03 15:21:58,2026-08-03 15:21:58
201190,2330,AYFQ2,VENDA,245,14.7489,,2026-08-03 12:10:03,2026-08-03 12:10:03,2026-08-03 12:10:03
201191,1619,MOLF3,COMPRA,58,51.9215,0.2406,2026-08-03 11:02:43,2026-08-03 11:02:43,2026-08-03 11:02:43
201192,1869,RFNS7,COMPRA,390,97.8468,2.3266,2026-08-03 15:45:26,2026-08-03 15:45:29,2026-08-03 15:45:29
201193,1372,RMRT1,COMPRA,360,83.9054,3.4234,2026-08-03 11:15:37,2026-08-03 11:15:38,2026-08-03 11:15:38
201194,2242,OVUQ2,COMPRA,5,55.2192,12.4839,2026-08-03 16:00:08,2026-08-03 16:00:08,2026-08-03 16:00:08
201195,2408,UCHR6,COMPRA,435,411.2403,5.0395,2026-08-03 10:10:27,2026-08-03 10:10:30,2026-08-03 10:10:30
201196,2348,BSDJ7,COMPRA,455,194.5992,8.1210,2026-08-03 17:06:00,2026-08-03 17:06:01,2026-08-03 17:06:01
201197,1633,OEQA8,COMPRA,125,492.9438,11.4187,2026-08-03 16:09:05,2026-08-03 16:09:06,2026-08-03 16:09:06
201198,1339,DMTZ8,COMPRA,35,136.8889,3.0856,2026-08-03 16:37:20,2026-08-03 16:37:23,2026-08-03 16:37:23
201199,2197,UQIQ7,COMPRA,355,86.3145,11.7330,2026-08-03 15:44:41,2026-08-03 15:44:44,2026-08-03 15:44:44
201200,1883,NREP8,COMPRA,20,132.4048,4.0534,2026-08-03 12:06:54,2026-08-03 12:06:57,2026-08-03 12:06:57
201201,1126,KHGP6,COMPRA,320,89.9298,2.9679,2026-08-03 10:32:58,2026-08-03 10:32:59,2026-08-03 10:32:59
201202,1086,NQYT3,COMPRA,215,69.2110,,2026-08-03 11:11:26,2026-08-03 11:11:26,2026-08-03 11:11:26
201203,2825,DMTZ8,COMPRA,10,144.3853,0.9532,2026-08-03 14:00:44,2026-08-03 14:00:46,2026-08-03 14:00:46
201204,2140,XOVY4,COMPRA,165,76.9076,0.5099,2026-08-03 11:41:15,2026-08-03 11:41:16,2026-08-03 11:41:16
201205,2716,DEGN5,COMPRA,325,83.5721,12.6181,2026-08-03 15:03:12,2026-08-03 15:03:12,2026-08-03 15:03:12
201206,3373,JIPA6,COMPRA,360,39.4384,7.7941,2026-08-03 14:29:20,2026-08-03 14:29:23,2026-08-03 14:29:23
201207,2499,PSEN6,COMPRA,200,153.3714,7.9580,2026-08-03 11:02:13,2026-08-03 11:02:15,2026-08-03 11:02:15
201208,2273,PSEN6,COMPRA,335,189.0757,6.5349,2026-08-03 14:23:35,2026-08-03 14:23:37,2026-08-03 14:23:37
201209,1095,MCHX2,COMPRA,486,123.9172,9.9345,2026-08-03 10:41:03,2026-08-03 10:41:04,2026-08-03 10:41:04
201210,2551,NHYK8,COMPRA,197,71.7908,4.1428,2026-08-03 11:03:31,2026-08-03 11:03:32,2026-08-03 11:03:32
201211,1627,MGRR2,COMPRA,105,134.6032,1.6780,2026-08-03 11:21:36,2026-08-03 11:21:37,2026-08-03 11:21:37
201212,3387,XOVY4,COMPRA,280,124.2313,3.2994,2026-08-03 15:06:46,2026-08-03 15:06:48,2026-08-03 15:06:48
201213,2734,JUDG8,COMPRA,245,85.1983,6.2744,2026-08-03 12:06:00,2026-08-03 12:06:03,2026-08-03 12:06:03
201214,3005,QQQS1,COMPRA,125,23.6197,11.2101,2026-08-03 11:08:44,2026-08-03 11:08:44,2026-08-03 11:08:44
201215,2274,DGBT6,COMPRA,440,83.7268,1.0976,2026-08-03 14:31:20,2026-08-03 14:31:21,2026-08-03 14:31:21
201216,1045,QEUC2,COMPRA,345,168.4304,10.9660,2026-08-03 12:55:09,2026-08-03 12:55:11,2026-08-03 12:55:11
201217,2681,OVUQ2,COMPRA,67,48.6987,6.5682,2026-08-03 12:42:06,2026-08-03 12:42:06,2026-08-03 12:42:06
201218,1476,HJRH5,COMPRA,395,122.9628,0.3896,2026-08-03 16:48:41,2026-08-03 16:48:42,2026-08-03 16:48:42
201219,1862,QATW7,COMPRA,40,48.5026,8.6106,2026-08-03 10:43:08,2026-08-03 10:43:09,2026-08-03 10:43:09
201220,2907,SVOZ4,COMPRA,450,35.8923,6.1632,2026-08-03 14:26:28,2026-08-03 14:26:31,2026-08-03 14:26:31
201221,1519,HCLJ8,COMPRA,50,97.9079,0.4154,2026-08-03 15:50:14,2026-08-03 15:50:15,2026-08-03 15:50:15
201222,2965,RSBT4,COMPRA,225,487.9276,5.9166,2026-08-03 16:01:07,2026-08-03 16:01:07,2026-08-03 16:01:07
201223,2597,FYZB6,COMPRA,220,59.3736,12.4788,2026-08-03 17:18:53,2026-08-03 17:18:55,2026-08-03 17:18:55
201224,2730,UYFJ9,COMPRA,405,76.0345,6.0264,2026-08-03 11:57:51,2026-08-03 11:57:52,2026-08-03 11:57:52
201225,1291,RDOA3,COMPRA,250,70.7321,9.3623,2026-08-03 11:16:34,2026-08-03 11:16:35,2026-08-03 11:16:35
201226,2745,TNHT4,COMPRA,405,125.8536,3.6715,2026-08-03 14:33:40,2026-08-03 14:33:40,2026-08-03 14:33:40
201227,1375,NAOF3,COMPRA,490,75.1203,5.5123,2026-08-03 12:20:05,2026-08-03 12:20:06,2026-08-03 12:20:06
201228,3109,UQJU7,COMPRA,250,68.2182,2.5415,2026-08-03 17:26:37,2026-08-03 17:26:39,2026-08-03 17:26:39
201229,1168,JUDG8,COMPRA,180,90.9411,6.0834,2026-08-03 17:22:24,2026-08-03 17:22:24,2026-08-03 17:22:24
201230,1225,FIUW1,COMPRA,441,91.1414,0.3876,2026-08-03 11:19:06,2026-08-03 11:19:09,2026-08-03 11:19:09
201231,1595,JDJG6,COMPRA,490,73.8023,,2026-08-03 12:13:31,2026-08-03 12:13:31,2026-08-03 12:13:31
201232,2633,MCMT2,COMPRA,235,94.7032,2.0073,2026-08-03 10:44:45,2026-08-03 10:44:48,2026-08-03 10:44:48
201233,3159,BXFJ9,COMPRA,241,179.3472,4.1883,2026-08-03 12:29:38,2026-08-03 12:29:39,2026-08-03 12:29:39
201234,2660,RFNS7,COMPRA,360,67.8844,3.7216,2026-08-03 13:33:09,2026-08-03 13:33:11,2026-08-03 13:33:11
201235,2909,MJDL9,COMPRA,320,41.9882,3.9704,2026-08-03 11:35:14,2026-08-03 11:35:16,2026-08-03 11:35:16
201236,1485,DHRM5,COMPRA,389,254.9742,2.2019,2026-08-03 11:30:17,2026-08-03 11:30:17,2026-08-03 11:30:17
201237,2927,OVUQ2,COMPRA,480,54.7165,2.1526,2026-08-03 10:15:24,2026-08-03 10:15:24,2026-08-03 10:15:24
201238,2721,BSDJ7,COMPRA,305,188.7234,5.5535,2026-08-03 16:08:50,2026-08-03 16:08:52,2026-08-03 16:08:52
201239,1667,WIPB2,COMPRA,370,118.1888,9.1926,2026-08-03 14:38:36,2026-08-03 14:38:38,2026-08-03 14:38:38
201240,3466,NREP8,COMPRA,170,120.0888,3.2755,2026-08-03 10:54:36,2026-08-03 10:54:38,2026-08-03 10:54:38
201241,1176,BSDJ7,COMPRA,345,281.4465,5.7691,2026-08-03 13:32:40,2026-08-03 13:32:41,2026-08-03 13:32:41
201242,1903,AYFQ2,COMPRA,190,11.2459,10.2722,2026-08-03 13:00:13,2026-08-03 13:00:13,2026-08-03 13:00:13
201243,1217,ACSV1,COMPRA,305,75.3325,0.0397,2026-08-03 15:16:57,2026-08-03 15:16:59,2026-08-03 15:16:59
201244,1099,VLEB3,COMPRA,495,439.7362,0.2771,2026-08-03 14:34:24,2026-08-03 14:34:25,2026-08-03 14:34:25
201245,3004,MJDL9,COMPRA,495,41.7290,4.1542,2026-08-03 12:42:46,2026-08-03 12:42:49,2026-08-03 12:42:49
201246,2778,YOWA1,COMPRA,300,69.7067,2.5530,2026-08-03 16:10:21,2026-08-03 16:10:21,2026-08-03 16:10:21
201247,3092,AYFQ2,COMPRA,35,12.8228,10.5285,2026-08-03 17:08:43,2026-08-03 17:08:45,2026-08-03 17:08:45
201248,2531,ACSV1,COMPRA,410,116.5989,10.5090,2026-08-03 16:13:26,2026-08-03 16:13:29,2026-08-03 16:13:29
201249,1790,GFDF2,COMPRA,167,94.4595,9.0528,2026-08-03 17:05:24,2026-08-03 17:05:25,2026-08-03 17:05:25
201250,3150,KFSY2,COMPRA,35,130.8296,9.4562,2026-08-03 14:53:05,2026-08-03 14:53:06,2026-08-03 14:53:06
201251,2150,PZUP8,COMPRA,370,168.2803,0.5581,2026-08-03 16:15:19,2026-08-03 16:15:20,2026-08-03 16:15:20
201252,2560,UFIU3,COMPRA,395,86.3438,0.8453,2026-08-03 13:51:13,2026-08-03 13:51:13,2026-08-03 13:51:13
201253,2594,JJVW6,COMPRA,235,101.3058,10.8789,2026-08-03 11:25:10,2026-08-03 11:25:11,2026-08-03 11:25:11
201254,1532,TXHR8,COMPRA,109,78.0632,2.4860,2026-08-03 13:48:32,2026-08-03 13:48:33,2026-08-03 13:48:33
201255,1323,MOLF3,COMPRA,200,64.6528,10.0959,2026-08-03 10:39:19,2026-08-03 10:39:21,2026-08-03 10:39:21
201256,2272,YRWH3,COMPRA,195,212.1067,11.7984,2026-08-03 13:37:13,2026-08-03 13:37:16,2026-08-03 13:37:16
201257,1165,MJDL9,COMPRA,330,26.4924,6.8085,2026-08-03 17:25:29,2026-08-03 17:25:31,2026-08-03 17:25:31
201258,2550,GKQC5,COMPRA,95,153.8702,6.7542,2026-08-03 10:18:30,2026-08-03 10:18:32,2026-08-03 10:18:32
201259,2762,CQJZ4,COMPRA,365,83.0028,1.8600,2026-08-03 13:20:31,2026-08-03 13:20:32,2026-08-03 13:20:32
201260,2912,ERTC4,COMPRA,390,41.1141,2.5774,2026-08-03 13:33:01,2026-08-03 13:33:03,2026-08-03 13:33:03
201261,1414,OVYL9,COMPRA,115,70.4279,9.5891,2026-08-03 13:01:47,2026-08-03 13:01:47,2026-08-03 13:01:47
201262,1030,KHGP6,COMPRA,170,84.6878,,2026-08-03 14:30:02,2026-08-03 14:30:05,2026-08-03 14:30:05
201263,2571,JIPA6,COMPRA,435,39.2686,3.9625,2026-08-03 17:29:55,2026-08-03 17:29:58,2026-08-03 17:29:58
201264,1125,DSFC9,COMPRA,130,458.1809,4.5038,2026-08-03 15:44:01,2026-08-03 15:44:04,2026-08-03 15:44:04
201265,3108,OXVD8,VENDA,450,66.2324,11.4701,2026-08-03 10:50:26,2026-08-03 10:50:27,2026-08-03 10:50:27
201266,3302,NYGT6,COMPRA,245,80.9648,10.7271,2026-08-03 11:49:14,2026-08-03 11:49:16,2026-08-03 11:49:16
201267,3063,NQYT3,COMPRA,195,54.0933,12.3442,2026-08-03 13:18:24,2026-08-03 13:18:26,2026-08-03 13:18:26
201268,3459,ACSV1,COMPRA,60,89.9872,1.4542,2026-08-03 12:46:14,2026-08-03 12:46:16,2026-08-03 12:46:16
201269,3326,LIEG8,COMPRA,235,81.8574,6.2778,2026-08-03 11:33:52,2026-08-03 11:33:54,2026-08-03 11:33:54
201270,2311,UYFJ9,COMPRA,240,86.3179,2.3393,2026-08-03 11:35:10,2026-08-03 11:35:12,2026-08-03 11:35:12
201271,2003,RSBT4,COMPRA,245,439.6398,8.8965,2026-08-03 11:49:34,2026-08-03 11:49:34,2026-08-03 11:49:34
201272,1626,ENRZ2,COMPRA,425,84.7421,7.3475,2026-08-03 14:00:33,2026-08-03 14:00:34,2026-08-03 14:00:34
201273,3191,HCZM2,COMPRA,390,475.5137,5.6777,2026-08-03 16:08:44,2026-08-03 16:08:45,2026-08-03 16:08:45
201274,2049,IJJK3,COMPRA,363,102.5007,11.6586,2026-08-03 16:24:55,2026-08-03 16:24:58,2026-08-03 16:24:58
201275,1977,QATW7,COMPRA,185,58.4691,0.8785,2026-08-03 16:32:12,2026-08-03 16:32:12,2026-08-03 16:32:12
201276,3348,MJDL9,COMPRA,160,33.7968,10.3595,2026-08-03 14:30:46,2026-08-03 14:30:46,2026-08-03 14:30:46
201277,1841,BXFJ9,COMPRA,285,157.7581,1.4371,2026-08-03 15:37:04,2026-08-03 15:37:07,2026-08-03 15:37:07
201278,1411,HCLJ8,COMPRA,300,87.7709,4.9760,2026-08-03 13:00:46,2026-08-03 13:00:47,2026-08-03 13:00:47
201279,3475,ZHTL2,COMPRA,175,66.9322,2.3677,2026-08-03 14:30:10,2026-08-03 14:30:11,2026-08-03 14:30:11
201280,1619,YOWA1,VENDA,100,55.8815,11.9533,2026-08-03 16:11:38,2026-08-03 16:11:38,2026-08-03 16:11:38
201281,2245,GFDF2,COMPRA,198,98.2749,5.9925,2026-08-03 12:57:31,2026-08-03 12:57:32,2026-08-03 12:57:32
201282,2766,PZUP8,COMPRA,70,119.9499,7.0023,2026-08-03 14:00:13,2026-08-03 14:00:15,2026-08-03 14:00:15
201283,1874,TNHT4,COMPRA,456,128.5556,8.5558,2026-08-03 11:27:55,2026-08-03 11:27:56,2026-08-03 11:27:56
201284,3232,JDJG6,COMPRA,135,88.4779,0.3550,2026-08-03 12:44:42,2026-08-03 12:44:42,2026-08-03 12:44:42
201285,2196,IPXK2,COMPRA,390,373.5493,8.8220,2026-08-03 15:31:18,2026-08-03 15:31:20,2026-08-03 15:31:20
201286,2869,VLEB3,COMPRA,110,335.1815,11.8389,2026-08-03 13:26:27,2026-08-03 13:26:28,2026-08-03 13:26:28
201287,2067,UCHR6,COMPRA,105,342.9504,0.6750,2026-08-03 14:51:40,2026-08-03 14:51:42,2026-08-03 14:51:42
201288,2353,UQJU7,COMPRA,395,76.8067,6.6042,2026-08-03 17:16:43,2026-08-03 17:16:44,2026-08-03 17:16:44
201289,1646,BGNM6,COMPRA,475,78.5577,8.1934,2026-08-03 12:39:11,2026-08-03 12:39:14,2026-08-03 12:39:14
201290,3342,KQEO3,COMPRA,490,86.6317,9.7994,2026-08-03 15:31:38,2026-08-03 15:31:40,2026-08-03 15:31:40
201291,2303,ERTC4,VENDA,40,58.0725,5.6800,2026-08-03 15:33:05,2026-08-03 15:33:07,2026-08-03 15:33:07
201292,2603,EEYY9,COMPRA,40,187.1488,1.2844,2026-08-03 11:37:52,2026-08-03 11:37:53,2026-08-03 11:37:53
201293,1139,EEYY9,COMPRA,215,149.8459,12.3169,2026-08-03 12:43:29,2026-08-03 12:43:32,2026-08-03 12:43:32
201294,3338,ICSU4,COMPRA,285,129.7807,7.9373,2026-08-03 11:02:56,2026-08-03 11:02:58,2026-08-03 11:02:58
201295,3157,TVCE9,COMPRA,415,66.5915,7.9422,2026-08-03 10:30:51,2026-08-03 10:30:54,2026-08-03 10:30:54
201296,1266,GAKD5,COMPRA,275,322.8601,4.4474,2026-08-03 14:16:12,2026-08-03 14:16:13,2026-08-03 14:16:13
201297,2522,MGRR2,COMPRA,400,125.4881,7.8791,2026-08-03 12:47:07,2026-08-03 12:47:08,2026-08-03 12:47:08
201298,1390,PSEN6,VENDA,445,168.3077,2.2252,2026-08-03 15:29:48,2026-08-03 15:29:50,2026-08-03 15:29:50
201299,3195,NQYT3,COMPRA,260,49.5099,0.4779,2026-08-03 17:01:15,2026-08-03 17:01:16,2026-08-03 17:01:16
201300,1927,UQJU7,COMPRA,437,77.2578,11.0692,2026-08-03 16:56:15,2026-08-03 16:56:18,2026-08-03 16:56:18
201301,2268,ZFBT3,COMPRA,274,110.8212,9.7600,2026-08-03 15:21:33,2026-08-03 15:21:33,2026-08-03 15:21:33
201302,2828,SUZL4,COMPRA,200,113.0072,4.8654,2026-08-03 15:23:03,2026-08-03 15:23:04,2026-08-03 15:23:04
201303,1477,FYZB6,COMPRA,465,74.3779,5.7092,2026-08-03 11:49:01,2026-08-03 11:49:02,2026-08-03 11:49:02
201304,1941,IWAK1,COMPRA,495,100.4498,9.5396,2026-08-03 14:32:20,2026-08-03 14:32:20,2026-08-03 14:32:20
201305,2006,RYPL6,COMPRA,330,70.3090,4.2604,2026-08-03 11:42:46,2026-08-03 11:42:49,2026-08-03 11:42:49
201306,3161,LCCH9,COMPRA,180,10.5782,5.0232,2026-08-03 13:52:04,2026-08-03 13:52:04,2026-08-03 13:52:04
201307,2528,MOLF3,COMPRA,250,47.6678,11.4466,2026-08-03 10:47:40,2026-08-03 10:47:42,2026-08-03 10:47:42
201308,1650,DHRM5,COMPRA,15,330.8901,2.1023,2026-08-03 15:37:37,2026-08-03 15:37:37,2026-08-03 15:37:37
201309,3420,YCCK8,COMPRA,88,491.0899,3.6185,2026-08-03 12:14:11,2026-08-03 12:14:11,2026-08-03 12:14:11
201310,1030,YCCK8,COMPRA,404,463.1849,11.5144,2026-08-03 11:10:02,2026-08-03 11:10:04,2026-08-03 11:10:04
201311,2856,DMTZ8,COMPRA,210,163.7020,6.6421,2026-08-03 17:08:59,2026-08-03 17:09:00,2026-08-03 17:09:00
201312,2206,ERTC4,COMPRA,275,60.2279,1.6235,2026-08-03 16:22:29,2026-08-03 16:22:29,2026-08-03 16:22:29
201313,3334,UQJU7,COMPRA,285,60.0000,1.9654,2026-08-03 10:56:47,2026-08-03 10:56:50,2026-08-03 10:56:50
201314,2932,RMRT1,COMPRA,265,82.0214,9.0698,2026-08-03 10:57:49,2026-08-03 10:57:49,2026-08-03 10:57:49
201315,1293,RFNS7,COMPRA,180,94.3727,0.2814,2026-08-03 15:13:33,2026-08-03 15:13:36,2026-08-03 15:13:36
201316,1806,NHYK8,COMPRA,315,57.2174,6.7335,2026-08-03 11:18:29,2026-08-03 11:18:29,2026-08-03 11:18:29
201317,2762,QYBV3,COMPRA,110,60.0000,4.3773,2026-08-03 15:11:56,2026-08-03 15:11:59,2026-08-03 15:11:59
201318,1113,GKQC5,COMPRA,255,138.0822,5.7928,2026-08-03 14:15:35,2026-08-03 14:15:37,2026-08-03 14:15:37
201319,2485,OEQA8,COMPRA,340,495.4458,7.0464,2026-08-03 14:15:15,2026-08-03 14:15:18,2026-08-03 14:15:18
201320,1507,WIPB2,COMPRA,115,137.1585,10.8019,2026-08-03 14:38:39,2026-08-03 14:38:40,2026-08-03 14:38:40
201321,1717,ECQD7,COMPRA,80,109.5951,5.8377,2026-08-03 17:04:58,2026-08-03 17:04:58,2026-08-03 17:04:58
201322,3151,DFGR7,COMPRA,470,102.8561,12.0930,2026-08-03 12:50:59,2026-08-03 12:51:00,2026-08-03 12:51:00
201323,3411,IWAK1,COMPRA,14,73.3380,1.0852,2026-08-03 15:27:09,2026-08-03 15:27:09,2026-08-03 15:27:09
201324,2284,QYBV3,COMPRA,130,78.6246,0.4238,2026-08-03 14:14:36,2026-08-03 14:14:38,2026-08-03 14:14:38
201325,2897,OVUQ2,COMPRA,490,41.5852,11.3297,2026-08-03 16:35:07,2026-08-03 16:35:08,2026-08-03 16:35:08
201326,2920,QYBV3,COMPRA,315,62.4050,4.1919,2026-08-03 11:46:23,2026-08-03 11:46:23,2026-08-03 11:46:23
201327,3024,WMQZ6,COMPRA,380,78.5870,11.0527,2026-08-03 12:59:34,2026-08-03 12:59:36,2026-08-03 12:59:36
201328,2924,RDOA3,COMPRA,117,112.9260,7.7865,2026-08-03 16:20:44,2026-08-03 16:20:44,2026-08-03 16:20:44
201329,2083,WIPB2,COMPRA,385,85.0847,1.6712,2026-08-03 13:55:51,2026-08-03 13:55:52,2026-08-03 13:55:52
201330,3123,ZAAS7,COMPRA,355,404.7851,5.6315,2026-08-03 13:48:18,2026-08-03 13:48:21,2026-08-03 13:48:21
201331,2503,MOLF3,COMPRA,200,48.8593,1.2893,2026-08-03 17:12:21,2026-08-03 17:12:21,2026-08-03 17:12:21
201332,2783,DSFC9,COMPRA,160,529.6391,3.8488,2026-08-03 14:52:29,2026-08-03 14:52:31,2026-08-03 14:52:31
201333,1855,YRWH3,COMPRA,485,153.8344,12.8774,2026-08-03 15:41:21,2026-08-03 15:41:24,2026-08-03 15:41:24
201334,2421,MOLF3,COMPRA,457,52.3811,11.9534,2026-08-03 10:36:33,2026-08-03 10:36:36,2026-08-03 10:36:36
201335,1802,CQJZ4,COMPRA,205,95.7004,12.7071,2026-08-03 15:32:27,2026-08-03 15:32:30,2026-08-03 15:32:30
201336,1987,DSFC9,COMPRA,275,488.7046,8.5119,2026-08-03 17:11:57,2026-08-03 17:11:57,2026-08-03 17:11:57
201337,2248,QQQS1,COMPRA,245,21.3807,5.3867,2026-08-03 13:57:19,2026-08-03 13:57:19,2026-08-03 13:57:19
201338,1806,EEYY9,COMPRA,26,162.1285,8.5119,2026-08-03 13:50:36,2026-08-03 13:50:38,2026-08-03 13:50:38
201339,1712,ECQD7,COMPRA,250,81.0203,1.5676,2026-08-03 12:48:02,2026-08-03 12:48:03,2026-08-03 12:48:03
201340,2110,OVYL9,COMPRA,156,82.9679,9.3562,2026-08-03 14:41:48,2026-08-03 14:41:49,2026-08-03 14:41:49
201341,1719,JDJG6,COMPRA,230,63.1952,6.6918,2026-08-03 12:21:18,2026-08-03 12:21:20,2026-08-03 12:21:20
201342,1598,UCHR6,COMPRA,106,340.7915,5.6946,2026-08-03 12:12:55,2026-08-03 12:12:58,2026-08-03 12:12:58
201343,2863,AAUA7,COMPRA,315,167.4246,9.5076,2026-08-03 13:38:30,2026-08-03 13:38:32,2026-08-03 13:38:32
201344,1231,TNHT4,COMPRA,60,103.2453,2.7410,2026-08-03 13:08:50,2026-08-03 13:08:51,2026-08-03 13:08:51
201345,2639,SUZL4,COMPRA,50,145.8306,2.6775,2026-08-03 14:56:00,2026-08-03 14:56:00,2026-08-03 14:56:00
201346,2388,IWAK1,COMPRA,295,94.3561,11.0394,2026-08-03 14:56:24,2026-08-03 14:56:27,2026-08-03 14:56:27
201347,2160,WIPB2,COMPRA,360,120.9762,5.8134,2026-08-03 16:53:05,2026-08-03 16:53:07,2026-08-03 16:53:07
201348,2861,ZYVN7,COMPRA,107,85.6067,5.4901,2026-08-03 17:03:16,2026-08-03 17:03:17,2026-08-03 17:03:17
201349,3398,UYFJ9,COMPRA,370,76.1584,3.4597,2026-08-03 15:02:05,2026-08-03 15:02:06,2026-08-03 15:02:06
201350,2869,TNHT4,COMPRA,410,96.0829,1.8942,2026-08-03 13:01:05,2026-08-03 13:01:05,2026-08-03 13:01:05
201351,3063,PZUP8,COMPRA,155,147.0620,2.9923,2026-08-03 10:06:14,2026-08-03 10:06:17,2026-08-03 10:06:17
201352,2032,JDJG6,COMPRA,69,88.6149,6.9600,2026-08-03 16:58:31,2026-08-03 16:58:32,2026-08-03 16:58:32
201353,1465,UVEY5,COMPRA,225,78.9114,4.3692,2026-08-03 10:47:19,2026-08-03 10:47:20,2026-08-03 10:47:20
201354,2217,WHMT3,COMPRA,457,94.2649,6.0227,2026-08-03 13:20:06,2026-08-03 13:20:07,2026-08-03 13:20:07
201355,2421,NWGB4,COMPRA,215,157.9925,3.7346,2026-08-03 16:33:48,2026-08-03 16:33:50,2026-08-03 16:33:50
201356,2074,WMQZ6,COMPRA,176,92.1052,2.3088,2026-08-03 11:56:36,2026-08-03 11:56:39,2026-08-03 11:56:39
201357,3228,GAKD5,COMPRA,285,282.9837,3.6592,2026-08-03 10:38:59,2026-08-03 10:39:00,2026-08-03 10:39:00
201358,2006,IWAK1,COMPRA,54,96.3827,8.5713,2026-08-03 14:34:49,2026-08-03 14:34:52,2026-08-03 14:34:52
201359,1549,WIPB2,COMPRA,105,134.6997,6.3576,2026-08-03 17:25:10,2026-08-03 17:25:12,2026-08-03 17:25:12
201360,1836,HCZM2,COMPRA,350,357.0261,1.5265,2026-08-03 13:52:09,2026-08-03 13:52:11,2026-08-03 13:52:11
201361,1205,UVEY5,COMPRA,290,106.8785,4.7639,2026-08-03 12:28:49,2026-08-03 12:28:49,2026-08-03 12:28:49
201362,1625,KHGP6,COMPRA,490,80.6076,12.8376,2026-08-03 10:58:11,2026-08-03 10:58:12,2026-08-03 10:58:12
201363,1166,DFGR7,COMPRA,170,113.4327,9.0443,2026-08-03 14:43:10,2026-08-03 14:43:13,2026-08-03 14:43:13
201364,2917,QEUC2,COMPRA,373,176.1417,4.1419,2026-08-03 11:32:59,2026-08-03 11:32:59,2026-08-03 11:32:59
201365,2800,FIUW1,COMPRA,205,100.1630,12.0702,2026-08-03 14:34:35,2026-08-03 14:34:37,2026-08-03 14:34:37
201366,1561,QATW7,COMPRA,35,51.0441,4.8399,2026-08-03 11:15:22,2026-08-03 11:15:25,2026-08-03 11:15:25
201367,3148,UYFJ9,COMPRA,135,81.1178,8.2760,2026-08-03 12:37:00,2026-08-03 12:37:01,2026-08-03 12:37:01
201368,1935,RSBT4,COMPRA,265,423.3141,2.2600,2026-08-03 10:54:23,2026-08-03 10:54:23,2026-08-03 10:54:23
201369,1247,HCZM2,COMPRA,172,360.7657,9.1504,2026-08-03 10:44:29,2026-08-03 10:44:31,2026-08-03 10:44:31
201370,2463,JJVW6,COMPRA,435,117.2283,1.3600,2026-08-03 10:22:40,2026-08-03 10:22:42,2026-08-03 10:22:42
201371,3222,FYZB6,COMPRA,90,80.0774,0.1934,2026-08-03 12:50:08,2026-08-03 12:50:10,2026-08-03 12:50:10
201372,1459,LQML9,COMPRA,330,159.8642,10.4959,2026-08-03 15:03:59,2026-08-03 15:04:01,2026-08-03 15:04:01
201373,1054,NQYT3,COMPRA,435,70.0650,6.6924,2026-08-03 17:11:19,2026-08-03 17:11:22,2026-08-03 17:11:22
201374,2370,MCMT2,COMPRA,490,85.2619,6.3554,2026-08-03 16:23:32,2026-08-03 16:23:32,2026-08-03 16:23:32
201375,2494,YCCK8,COMPRA,108,332.6188,8.1789,2026-08-03 13:16:44,2026-08-03 13:16:47,2026-08-03 13:16:47
201376,1252,RFNS7,COMPRA,260,92.5050,1.1747,2026-08-03 11:25:48,2026-08-03 11:25:49,2026-08-03 11:25:49
201377,2296,RDOA3,COMPRA,445,81.1283,10.0573,2026-08-03 13:24:16,2026-08-03 13:24:17,2026-08-03 13:24:17
201378,3225,WMQZ6,COMPRA,55,88.7887,11.4364,2026-08-03 15:54:49,2026-08-03 15:54:50,2026-08-03 15:54:50
201379,3240,RDOA3,COMPRA,235,75.7082,11.3909,2026-08-03 14:13:15,2026-08-03 14:13:16,2026-08-03 14:13:16
201380,3077,NAOF3,COMPRA,350,72.1774,5.4350,2026-08-03 14:21:30,2026-08-03 14:21:32,2026-08-03 14:21:32
201381,2903,YYLA4,COMPRA,75,181.8099,5.3061,2026-08-03 15:52:37,2026-08-03 15:52:40,2026-08-03 15:52:40
201382,3437,ZFBT3,COMPRA,500,92.2559,7.8454,2026-08-03 10:42:32,2026-08-03 10:42:34,2026-08-03 10:42:34
201383,2881,RIET5,COMPRA,55,145.7025,8.9382,2026-08-03 13:53:30,2026-08-03 13:53:32,2026-08-03 13:53:32
201384,3179,UQIQ7,COMPRA,495,77.0001,1.1541,2026-08-03 13:36:47,2026-08-03 13:36:47,2026-08-03 13:36:47
201385,1489,QQQS1,COMPRA,275,27.3535,1.4241,2026-08-03 10:08:34,2026-08-03 10:08:35,2026-08-03 10:08:35
201386,2390,QTHQ1,COMPRA,40,19.9315,4.7994,2026-08-03 13:10:09,2026-08-03 13:10:09,2026-08-03 13:10:09
201387,2541,PZUP8,COMPRA,310,133.6741,7.5088,2026-08-03 11:54:57,2026-08-03 11:54:57,2026-08-03 11:54:57
201388,3204,ZHTL2,COMPRA,225,65.3104,4.4682,2026-08-03 11:19:12,2026-08-03 11:19:15,2026-08-03 11:19:15
201389,1205,ZHTL2,COMPRA,365,67.8610,0.7753,2026-08-03 15:28:57,2026-08-03 15:28:57,2026-08-03 15:28:57
201390,2747,SVOZ4,COMPRA,315,36.7985,2.1414,2026-08-03 12:52:08,2026-08-03 12:52:11,2026-08-03 12:52:11
201391,2860,RDOA3,COMPRA,250,75.5592,0.6698,2026-08-03 10:53:32,2026-08-03 10:53:35,2026-08-03 10:53:35
201392,1774,PQUT9,COMPRA,135,90.2351,12.3869,2026-08-03 15:29:02,2026-08-03 15:29:05,2026-08-03 15:29:05
201393,2792,NWGB4,COMPRA,430,106.6770,6.2609,2026-08-03 10:22:30,2026-08-03 10:22:30,2026-08-03 10:22:30
201394,2884,UYFJ9,COMPRA,50,111.1014,2.3016,2026-08-03 15:40:59,2026-08-03 15:41:01,2026-08-03 15:41:01
201395,1731,XAVL3,COMPRA,475,155.1098,4.8245,2026-08-03 14:03:47,2026-08-03 14:03:49,2026-08-03 14:03:49
201396,3026,SRDU1,COMPRA,420,100.9586,2.3435,2026-08-03 14:50:33,2026-08-03 14:50:34,2026-08-03 14:50:34
201397,2680,TVCE9,COMPRA,382,75.9561,7.0248,2026-08-03 13:38:58,2026-08-03 13:39:00,2026-08-03 13:39:00
201398,1087,ACSV1,COMPRA,250,82.0670,1.6041,2026-08-03 17:00:53,2026-08-03 17:00:55,2026-08-03 17:00:55
201399,1789,OXVD8,COMPRA,185,99.1881,6.8159,2026-08-03 15:10:30,2026-08-03 15:10:32,2026-08-03 15:10:32
201400,2167,WXQM6,COMPRA,65,44.1584,6.5460,2026-08-03 13:54:01,2026-08-03 13:54:04,2026-08-03 13:54:04
201401,2235,QYBV3,COMPRA,95,63.5113,7.1122,2026-08-03 12:29:23,2026-08-03 12:29:26,2026-08-03 12:29:26
201402,3334,NUJZ2,COMPRA,479,33.9282,10.2393,2026-08-03 13:28:48,2026-08-03 13:28:51,2026-08-03 13:28:51
201403,2240,QTDZ2,COMPRA,435,38.8163,12.1882,2026-08-03 12:43:00,2026-08-03 12:43:01,2026-08-03 12:43:01
201404,3229,OEQA8,COMPRA,480,503.9319,11.6880,2026-08-03 11:08:37,2026-08-03 11:08:40,2026-08-03 11:08:40
201405,1820,WXFC8,COMPRA,400,79.3128,10.8170,2026-08-03 12:17:53,2026-08-03 12:17:53,2026-08-03 12:17:53
201406,3165,NGIU9,COMPRA,320,132.7430,6.4152,2026-08-03 11:21:33,2026-08-03 11:21:36,2026-08-03 11:21:36
201407,2737,FIUW1,COMPRA,490,135.3700,0.2895,2026-08-03 11:43:27,2026-08-03 11:43:28,2026-08-03 11:43:28
201408,2074,LIEG8,COMPRA,325,118.8945,12.6392,2026-08-03 13:43:48,2026-08-03 13:43:49,2026-08-03 13:43:49
201409,1487,CQIL9,COMPRA,445,43.5079,7.8854,2026-08-03 15:22:53,2026-08-03 15:22:53,2026-08-03 15:22:53
201410,3094,AYFQ2,COMPRA,470,11.9451,9.1416,2026-08-03 14:00:47,2026-08-03 14:00:50,2026-08-03 14:00:50
201411,2716,IZTY4,VENDA,245,32.7160,7.1517,2026-08-03 17:10:55,2026-08-03 17:10:57,2026-08-03 17:10:57
201412,2660,ZHTL2,COMPRA,475,64.9481,5.1155,2026-08-03 17:25:42,2026-08-03 17:25:45,2026-08-03 17:25:45
201413,1615,YOWA1,COMPRA,240,50.6301,3.1268,2026-08-03 14:26:43,2026-08-03 14:26:45,2026-08-03 14:26:45
201414,1873,UQJU7,COMPRA,440,82.7214,12.7521,2026-08-03 12:56:10,2026-08-03 12:56:11,2026-08-03 12:56:11
201415,3306,AAWB3,COMPRA,340,199.2303,7.6405,2026-08-03 16:12:30,2026-08-03 16:12:32,2026-08-03 16:12:32
201416,3064,XLZM9,COMPRA,15,41.2915,6.4889,2026-08-03 17:01:17,2026-08-03 17:01:19,2026-08-03 17:01:19
201417,2542,XOVY4,COMPRA,343,91.0461,10.9028,2026-08-03 12:24:36,2026-08-03 12:24:39,2026-08-03 12:24:39
201418,2357,WXFC8,COMPRA,360,78.1088,3.2923,2026-08-03 15:00:16,2026-08-03 15:00:18,2026-08-03 15:00:18
201419,3049,WXQM6,COMPRA,80,44.6270,9.2004,2026-08-03 14:12:02,2026-08-03 14:12:03,2026-08-03 14:12:03
201420,2493,AYFQ2,COMPRA,390,13.9866,6.7696,2026-08-03 10:46:30,2026-08-03 10:46:30,2026-08-03 10:46:30
201421,2082,ECQD7,COMPRA,335,89.8807,0.5874,2026-08-03 13:39:03,2026-08-03 13:39:03,2026-08-03 13:39:03
201422,1869,RDOA3,COMPRA,290,70.5202,9.3882,2026-08-03 12:25:51,2026-08-03 12:25:54,2026-08-03 12:25:54
201423,2381,QHFL8,COMPRA,358,121.3673,6.1720,2026-08-03 13:41:33,2026-08-03 13:41:33,2026-08-03 13:41:33
201424,2699,RDOA3,COMPRA,370,113.9059,5.7958,2026-08-03 16:39:58,2026-08-03 16:40:01,2026-08-03 16:40:01
201425,3361,GAKD5,COMPRA,464,331.6146,4.8477,2026-08-03 17:19:14,2026-08-03 17:19:17,2026-08-03 17:19:17
201426,2430,RMRT1,COMPRA,150,89.2145,12.0190,2026-08-03 11:16:42,2026-08-03 11:16:44,2026-08-03 11:16:44
201427,2969,PSEN6,COMPRA,140,153.9702,3.3429,2026-08-03 17:09:40,2026-08-03 17:09:41,2026-08-03 17:09:41
201428,3267,GAKD5,COMPRA,280,280.1514,0.8442,2026-08-03 12:27:56,2026-08-03 12:27:59,2026-08-03 12:27:59
201429,1897,YYLA4,COMPRA,125,155.5843,7.6159,2026-08-03 12:25:48,2026-08-03 12:25:48,2026-08-03 12:25:48
201430,1960,SGBG8,COMPRA,325,94.3757,9.3457,2026-08-03 14:15:05,2026-08-03 14:15:06,2026-08-03 14:15:06
201431,2497,SGBG8,COMPRA,440,75.5239,2.7191,2026-08-03 12:32:16,2026-08-03 12:32:18,2026-08-03 12:32:18
201432,2552,ICSU4,COMPRA,460,154.2738,6.5565,2026-08-03 13:47:35,2026-08-03 13:47:36,2026-08-03 13:47:36
201433,2484,UQJU7,COMPRA,50,68.5067,6.2459,2026-08-03 16:01:37,2026-08-03 16:01:37,2026-08-03 16:01:37
201434,2960,UFIU3,COMPRA,284,99.9682,3.9538,2026-08-03 10:24:40,2026-08-03 10:24:40,2026-08-03 10:24:40
201435,1047,DFGR7,COMPRA,235,120.6701,6.4219,2026-08-03 16:57:25,2026-08-03 16:57:26,2026-08-03 16:57:26
201436,1264,PBZM6,COMPRA,485,75.2052,10.2008,2026-08-03 13:35:50,2026-08-03 13:35:50,2026-08-03 13:35:50
201437,2649,ERTC4,COMPRA,375,51.3716,6.0837,2026-08-03 15:02:42,2026-08-03 15:02:42,2026-08-03 15:02:42
201438,1550,NWGB4,COMPRA,500,106.7055,0.4108,2026-08-03 16:31:30,2026-08-03 16:31:30,2026-08-03 16:31:30
201439,1366,QQQS1,COMPRA,300,24.9856,9.9969,2026-08-03 14:23:50,2026-08-03 14:23:50,2026-08-03 14:23:50
201440,3401,WHMT3,COMPRA,289,126.7559,4.8705,2026-08-03 12:12:00,2026-08-03 12:12:01,2026-08-03 12:12:01
201441,1185,NYGT6,COMPRA,405,86.3085,6.9608,2026-08-03 13:43:13,2026-08-03 13:43:13,2026-08-03 13:43:13
201442,1811,TNHT4,COMPRA,80,153.9726,6.1354,2026-08-03 10:50:08,2026-08-03 10:50:10,2026-08-03 10:50:10
201443,2542,TTHO3,COMPRA,25,31.5012,1.9844,2026-08-03 10:59:43,2026-08-03 10:59:46,2026-08-03 10:59:46
201444,3011,BSDJ7,COMPRA,224,275.4845,1.9771,2026-08-03 14:00:07,2026-08-03 14:00:08,2026-08-03 14:00:08
201445,2681,JJVW6,COMPRA,302,103.2442,6.5032,2026-08-03 11:56:39,2026-08-03 11:56:41,2026-08-03 11:56:41
201446,2216,JJVW6,COMPRA,415,116.5731,3.9658,2026-08-03 16:13:44,2026-08-03 16:13:47,2026-08-03 16:13:47
201447,2444,QQQS1,COMPRA,190,19.4326,1.9978,2026-08-03 14:55:55,2026-08-03 14:55:58,2026-08-03 14:55:58
201448,1194,NYGT6,COMPRA,247,111.1083,8.6109,2026-08-03 14:20:28,2026-08-03 14:20:28,2026-08-03 14:20:28
201449,1921,ERTC4,COMPRA,195,38.3965,7.6436,2026-08-03 16:25:30,2026-08-03 16:25:31,2026-08-03 16:25:31
201450,2258,QHFL8,COMPRA,439,181.5520,0.4250,2026-08-03 14:59:28,2026-08-03 14:59:29,2026-08-03 14:59:29
201451,1209,YFAH5,COMPRA,450,134.2143,9.6192,2026-08-03 16:45:50,2026-08-03 16:45:50,2026-08-03 16:45:50
201452,1372,OEQA8,COMPRA,150,459.5450,0.4565,2026-08-03 14:29:57,2026-08-03 14:30:00,2026-08-03 14:30:00
201453,1716,AAWB3,COMPRA,435,214.4154,12.4331,2026-08-03 13:38:17,2026-08-03 13:38:17,2026-08-03 13:38:17
201454,1558,SUZL4,COMPRA,273,124.7238,0.7004,2026-08-03 12:13:50,2026-08-03 12:13:51,2026-08-03 12:13:51
201455,1266,TVCE9,COMPRA,278,64.8001,8.8955,2026-08-03 13:28:31,2026-08-03 13:28:32,2026-08-03 13:28:32
201456,2774,WMQZ6,COMPRA,80,65.3709,9.7763,2026-08-03 17:30:51,2026-08-03 17:30:53,2026-08-03 17:30:53
201457,2988,DGBT6,COMPRA,286,82.0262,6.7101,2026-08-03 11:48:46,2026-08-03 11:48:49,2026-08-03 11:48:49
201458,1435,DSFC9,COMPRA,270,401.9056,12.4577,2026-08-03 15:46:18,2026-08-03 15:46:21,2026-08-03 15:46:21
201459,2377,AYFQ2,COMPRA,165,11.1193,4.7416,2026-08-03 12:18:22,2026-08-03 12:18:23,2026-08-03 12:18:23
201460,1135,IPXK2,COMPRA,274,325.0480,4.5371,2026-08-03 14:10:33,2026-08-03 14:10:35,2026-08-03 14:10:35
201461,1605,JIPR4,COMPRA,274,34.6989,3.4545,2026-08-03 10:17:10,2026-08-03 10:17:13,2026-08-03 10:17:13
201462,2009,AAWB3,COMPRA,280,134.2096,9.1892,2026-08-03 17:14:27,2026-08-03 17:14:28,2026-08-03 17:14:28
201463,2951,IZTY4,COMPRA,50,23.6971,1.0450,2026-08-03 10:05:22,2026-08-03 10:05:25,2026-08-03 10:05:25
201464,2667,SRDU1,COMPRA,320,92.1713,8.2537,2026-08-03 11:00:18,2026-08-03 11:00:21,2026-08-03 11:00:21
201465,2597,RFNS7,COMPRA,403,71.3542,11.3047,2026-08-03 15:23:13,2026-08-03 15:23:16,2026-08-03 15:23:16
201466,1852,XLZM9,COMPRA,286,63.4472,5.3932,2026-08-03 16:01:20,2026-08-03 16:01:21,2026-08-03 16:01:21
201467,1178,XOVY4,COMPRA,330,112.0209,0.8497,2026-08-03 17:07:04,2026-08-03 17:07:06,2026-08-03 17:07:06
201468,2186,BOCS8,COMPRA,57,58.1005,9.2802,2026-08-03 16:28:27,2026-08-03 16:28:29,2026-08-03 16:28:29
201469,1162,KHGP6,COMPRA,457,112.6446,11.8812,2026-08-03 17:22:39,2026-08-03 17:22:39,2026-08-03 17:22:39
201470,2796,OVYL9,COMPRA,60,68.6935,12.2614,2026-08-03 14:40:53,2026-08-03 14:40:55,2026-08-03 14:40:55
201471,2891,YFAH5,COMPRA,185,150.0425,10.3537,2026-08-03 13:09:19,2026-08-03 13:09:20,2026-08-03 13:09:20
201472,3116,DHRM5,COMPRA,130,266.9454,8.5044,2026-08-03 12:42:12,2026-08-03 12:42:12,2026-08-03 12:42:12
201473,2595,PSEN6,COMPRA,95,206.2336,0.1525,2026-08-03 16:47:16,2026-08-03 16:47:18,2026-08-03 16:47:18
201474,1828,NGIU9,COMPRA,325,94.5644,5.7902,2026-08-03 12:07:17,2026-08-03 12:07:17,2026-08-03 12:07:17
201475,1132,MJDL9,COMPRA,420,35.8743,1.0117,2026-08-03 10:09:57,2026-08-03 10:09:59,2026-08-03 10:09:59
201476,3138,JUDG8,COMPRA,186,107.3412,0.7041,2026-08-03 12:15:04,2026-08-03 12:15:07,2026-08-03 12:15:07
201477,1666,ZAAS7,COMPRA,90,349.2364,9.6914,2026-08-03 10:51:58,2026-08-03 10:51:59,2026-08-03 10:51:59
201478,3452,NHYK8,COMPRA,495,75.5079,8.0972,2026-08-03 12:58:28,2026-08-03 12:58:31,2026-08-03 12:58:31
201479,3206,DMTZ8,COMPRA,387,200.4925,4.3445,2026-08-03 10:00:52,2026-08-03 10:00:52,2026-08-03 10:00:52
201480,1039,DSFC9,COMPRA,290,495.7350,8.8511,2026-08-03 10:36:00,2026-08-03 10:36:00,2026-08-03 10:36:00
201481,3258,OVYL9,COMPRA,435,78.5333,3.5484,2026-08-03 12:17:05,2026-08-03 12:17:05,2026-08-03 12:17:05
201482,3131,SUZL4,COMPRA,445,156.0350,10.0836,2026-08-03 11:02:22,2026-08-03 11:02:22,2026-08-03 11:02:22
201483,1864,FIUW1,COMPRA,440,91.3605,10.7408,2026-08-03 17:04:52,2026-08-03 17:04:55,2026-08-03 17:04:55
201484,2622,BOCS8,VENDA,130,55.6269,11.1200,2026-08-03 17:01:31,2026-08-03 17:01:31,2026-08-03 17:01:31
201485,1645,AYFQ2,COMPRA,100,14.6379,11.8140,2026-08-03 14:45:46,2026-08-03 14:45:47,2026-08-03 14:45:47
201486,1987,TVCE9,COMPRA,180,78.5612,,2026-08-03 16:52:17,2026-08-03 16:52:18,2026-08-03 16:52:18
201487,2222,XOVY4,COMPRA,335,75.6703,,2026-08-03 12:43:59,2026-08-03 12:44:02,2026-08-03 12:44:02
201488,1414,QYBV3,COMPRA,169,63.9702,0.9566,2026-08-03 10:24:50,2026-08-03 10:24:50,2026-08-03 10:24:50
201489,1552,YRWH3,COMPRA,325,197.5946,12.0975,2026-08-03 10:02:45,2026-08-03 10:02:45,2026-08-03 10:02:45
201490,3298,NUJZ2,COMPRA,180,30.3295,11.6595,2026-08-03 14:05:54,2026-08-03 14:05:55,2026-08-03 14:05:55
201491,1038,UVEY5,VENDA,110,78.0629,9.8588,2026-08-03 13:27:45,2026-08-03 13:27:45,2026-08-03 13:27:45
201492,3326,TTHO3,COMPRA,25,39.3198,6.0694,2026-08-03 12:54:28,2026-08-03 12:54:29,2026-08-03 12:54:29
201493,1957,WMQZ6,COMPRA,39,64.1934,7.2833,2026-08-03 14:09:25,2026-08-03 14:09:26,2026-08-03 14:09:26
201494,2376,AYFQ2,COMPRA,475,9.6283,4.1230,2026-08-03 15:20:24,2026-08-03 15:20:24,2026-08-03 15:20:24
201495,3361,BOCS8,COMPRA,110,55.6939,11.3449,2026-08-03 16:05:02,2026-08-03 16:05:03,2026-08-03 16:05:03
201496,2502,UQJU7,COMPRA,60,74.9028,9.4633,2026-08-03 13:13:42,2026-08-03 13:13:45,2026-08-03 13:13:45
201497,2202,NREP8,COMPRA,235,94.0917,5.5710,2026-08-03 12:00:43,2026-08-03 12:00:43,2026-08-03 12:00:43
201498,3254,AAUA7,COMPRA,325,138.5596,11.4304,2026-08-03 17:09:41,2026-08-03 17:09:44,2026-08-03 17:09:44
201499,1532,DQSN6,COMPRA,135,136.3842,2.5517,2026-08-03 10:01:07,2026-08-03 10:01:07,2026-08-03 10:01:07
201500,2321,DEGN5,COMPRA,460,69.8352,0.6500,2026-08-03 12:15:38,2026-08-03 12:15:38,2026-08-03 12:15:38
201501,1135,ERTC4,COMPRA,216,39.0536,4.6876,2026-08-03 11:01:33,2026-08-03 11:01:33,2026-08-03 11:01:33
201502,2576,DSFC9,COMPRA,150,350.7554,7.6732,2026-08-03 10:26:31,2026-08-03 10:26:34,2026-08-03 10:26:34
201503,2081,TNHT4,COMPRA,200,97.4696,2.9649,2026-08-03 12:47:38,2026-08-03 12:47:39,2026-08-03 12:47:39
201504,2720,UCHR6,COMPRA,143,438.9146,11.1879,2026-08-03 15:36:37,2026-08-03 15:36:37,2026-08-03 15:36:37
201505,1291,GULD2,COMPRA,155,148.6059,3.6065,2026-08-03 15:19:17,2026-08-03 15:19:17,2026-08-03 15:19:17
201506,3107,FIUW1,COMPRA,305,113.1497,1.5174,2026-08-03 13:49:07,2026-08-03 13:49:07,2026-08-03 13:49:07
201507,1686,TNHT4,COMPRA,345,129.7098,6.6077,2026-08-03 14:09:49,2026-08-03 14:09:51,2026-08-03 14:09:51
201508,2845,ZYVN7,COMPRA,200,73.2549,4.3346,2026-08-03 11:37:53,2026-08-03 11:37:54,2026-08-03 11:37:54
201509,1105,UVEY5,COMPRA,115,105.6792,10.2640,2026-08-03 13:59:08,2026-08-03 13:59:09,2026-08-03 13:59:09
201510,2822,RHXV4,COMPRA,130,52.3259,6.9192,2026-08-03 10:18:41,2026-08-03 10:18:42,2026-08-03 10:18:42
201511,1925,TBWG2,COMPRA,46,68.7894,3.0148,2026-08-03 14:06:46,2026-08-03 14:06:46,2026-08-03 14:06:46
201512,2069,QTDZ2,COMPRA,225,63.0382,7.9323,2026-08-03 10:05:44,2026-08-03 10:05:46,2026-08-03 10:05:46
201513,2913,BSDJ7,COMPRA,405,286.1882,11.0929,2026-08-03 13:01:58,2026-08-03 13:01:58,2026-08-03 13:01:58
201514,1645,YFAH5,COMPRA,190,195.4877,1.7181,2026-08-03 14:46:54,2026-08-03 14:46:56,2026-08-03 14:46:56
201515,2097,LIEG8,COMPRA,185,94.0835,7.4577,2026-08-03 13:48:46,2026-08-03 13:48:47,2026-08-03 13:48:47
201516,1212,XAVL3,COMPRA,420,154.9323,5.8496,2026-08-03 17:01:26,2026-08-03 17:01:28,2026-08-03 17:01:28
201517,1307,IJJK3,COMPRA,485,131.0367,11.3333,2026-08-03 11:21:47,2026-08-03 11:21:49,2026-08-03 11:21:49
201518,1248,MGRR2,COMPRA,445,136.3317,7.5849,2026-08-03 16:13:36,2026-08-03 16:13:37,2026-08-03 16:13:37
201519,3135,SUZL4,COMPRA,200,165.1458,7.2133,2026-08-03 14:09:24,2026-08-03 14:09:24,2026-08-03 14:09:24
201520,2916,MJDL9,COMPRA,359,41.1003,5.0294,2026-08-03 15:40:35,2026-08-03 15:40:36,2026-08-03 15:40:36
201521,1338,DFGR7,COMPRA,417,98.5766,5.2719,2026-08-03 12:06:20,2026-08-03 12:06:23,2026-08-03 12:06:23
201522,2267,PBZM6,COMPRA,345,68.1943,3.4325,2026-08-03 11:56:53,2026-08-03 11:56:56,2026-08-03 11:56:56
201523,3047,MOLF3,COMPRA,250,46.8531,8.9124,2026-08-03 13:49:17,2026-08-03 13:49:17,2026-08-03 13:49:17
201524,2104,IWAK1,COMPRA,69,75.1295,8.1349,2026-08-03 12:15:05,2026-08-03 12:15:08,2026-08-03 12:15:08
201525,1328,IZTY4,COMPRA,420,32.2415,0.6638,2026-08-03 17:29:01,2026-08-03 17:29:04,2026-08-03 17:29:04
201526,1560,UYFJ9,COMPRA,170,97.0886,8.2735,2026-08-03 13:33:41,2026-08-03 13:33:44,2026-08-03 13:33:44
201527,1131,WHMT3,COMPRA,85,92.8258,7.3893,2026-08-03 15:58:21,2026-08-03 15:58:24,2026-08-03 15:58:24
201528,2223,UQJU7,COMPRA,370,60.0000,4.0220,2026-08-03 12:30:42,2026-08-03 12:30:44,2026-08-03 12:30:44
201529,1912,ENRZ2,COMPRA,310,86.1911,8.7777,2026-08-03 13:01:09,2026-08-03 13:01:11,2026-08-03 13:01:11
201530,2277,WIPB2,COMPRA,380,104.1956,3.3226,2026-08-03 14:25:58,2026-08-03 14:25:58,2026-08-03 14:25:58
201531,2784,WIPB2,COMPRA,425,111.3437,12.2920,2026-08-03 11:01:53,2026-08-03 11:01:55,2026-08-03 11:01:55
201532,3316,XTVW5,COMPRA,45,96.6338,3.6519,2026-08-03 13:11:59,2026-08-03 13:12:02,2026-08-03 13:12:02
201533,1885,YOWA1,COMPRA,115,51.0016,7.2709,2026-08-03 13:16:00,2026-08-03 13:16:01,2026-08-03 13:16:01
201534,2806,XOVY4,COMPRA,300,124.4831,1.5139,2026-08-03 16:58:16,2026-08-03 16:58:16,2026-08-03 16:58:16
201535,2297,ECQD7,COMPRA,360,90.2901,9.3853,2026-08-03 14:07:38,2026-08-03 14:07:40,2026-08-03 14:07:40
201536,1158,IZTY4,COMPRA,345,25.5541,2.7072,2026-08-03 10:59:31,2026-08-03 10:59:32,2026-08-03 10:59:32
201537,2386,IWFI1,COMPRA,145,170.9370,5.4457,2026-08-03 10:51:57,2026-08-03 10:51:58,2026-08-03 10:51:58
201538,3114,JIPR4,COMPRA,280,38.4162,12.4288,2026-08-03 12:26:51,2026-08-03 12:26:53,2026-08-03 12:26:53
201539,1287,PZUP8,COMPRA,45,196.0964,12.8167,2026-08-03 10:21:38,2026-08-03 10:21:41,2026-08-03 10:21:41
201540,2297,UCHR6,COMPRA,115,378.5389,9.5404,2026-08-03 12:21:01,2026-08-03 12:21:03,2026-08-03 12:21:03
201541,3421,RDOA3,COMPRA,370,69.7485,2.0559,2026-08-03 10:39:43,2026-08-03 10:39:43,2026-08-03 10:39:43
201542,2772,UQIQ7,COMPRA,110,66.0066,9.6852,2026-08-03 15:12:24,2026-08-03 15:12:24,2026-08-03 15:12:24
201543,3387,YCCK8,COMPRA,345,447.8308,1.6541,2026-08-03 14:28:52,2026-08-03 14:28:52,2026-08-03 14:28:52
201544,2964,NUJZ2,COMPRA,485,26.8483,6.3372,2026-08-03 15:15:54,2026-08-03 15:15:54,2026-08-03 15:15:54
201545,1056,RSBT4,COMPRA,135,440.4849,4.7976,2026-08-03 14:23:21,2026-08-03 14:23:23,2026-08-03 14:23:23
201546,1013,UCHR6,COMPRA,75,322.7136,0.7063,2026-08-03 16:15:31,2026-08-03 16:15:34,2026-08-03 16:15:34
201547,1902,OVUQ2,COMPRA,123,41.3550,0.1096,2026-08-03 10:11:54,2026-08-03 10:11:57,2026-08-03 10:11:57
201548,1793,FYZB6,COMPRA,423,81.6142,10.1810,2026-08-03 12:48:20,2026-08-03 12:48:22,2026-08-03 12:48:22
201549,3373,RHXV4,COMPRA,5,48.5059,5.7650,2026-08-03 16:34:10,2026-08-03 16:34:11,2026-08-03 16:34:11
201550,2996,KHGP6,COMPRA,290,92.5805,2.9643,2026-08-03 16:01:17,2026-08-03 16:01:18,2026-08-03 16:01:18
201551,2734,DFGR7,COMPRA,5,119.8826,5.0084,2026-08-03 14:36:33,2026-08-03 14:36:33,2026-08-03 14:36:33
201552,1511,NGIU9,COMPRA,395,99.8718,2.6560,2026-08-03 15:32:57,2026-08-03 15:32:59,2026-08-03 15:32:59
201553,3340,AAWB3,VENDA,6,217.7912,12.4713,2026-08-03 13:28:20,2026-08-03 13:28:21,2026-08-03 13:28:21
201554,1386,CQIL9,COMPRA,405,36.1884,10.5484,2026-08-03 14:46:08,2026-08-03 14:46:08,2026-08-03 14:46:08
201555,1978,GAKD5,COMPRA,280,233.3143,4.7615,2026-08-03 12:42:30,2026-08-03 12:42:32,2026-08-03 12:42:32
201556,1398,IPXK2,COMPRA,410,376.0848,10.4993,2026-08-03 15:55:24,2026-08-03 15:55:24,2026-08-03 15:55:24
201557,1260,GKQC5,COMPRA,239,137.7469,9.3737,2026-08-03 15:51:16,2026-08-03 15:51:16,2026-08-03 15:51:16
201558,1952,GULD2,COMPRA,350,168.7146,4.3103,2026-08-03 13:41:52,2026-08-03 13:41:52,2026-08-03 13:41:52
201559,2398,SUZL4,COMPRA,380,152.4906,0.7702,2026-08-03 11:44:24,2026-08-03 11:44:26,2026-08-03 11:44:26
201560,1132,MCMT2,VENDA,41,72.5754,7.4973,2026-08-03 10:53:22,2026-08-03 10:53:23,2026-08-03 10:53:23
201561,2246,TVCE9,COMPRA,355,72.6356,6.4354,2026-08-03 10:44:12,2026-08-03 10:44:13,2026-08-03 10:44:13
201562,3497,GFDF2,COMPRA,140,81.7052,10.3616,2026-08-03 13:50:15,2026-08-03 13:50:15,2026-08-03 13:50:15
201563,2428,FYZB6,COMPRA,475,80.8249,7.5502,2026-08-03 15:06:06,2026-08-03 15:06:09,2026-08-03 15:06:09
201564,2108,NPEM3,COMPRA,310,117.1084,3.2355,2026-08-03 11:55:20,2026-08-03 11:55:20,2026-08-03 11:55:20
201565,1582,RMRT1,COMPRA,190,78.6123,11.4204,2026-08-03 10:30:11,2026-08-03 10:30:14,2026-08-03 10:30:14
201566,2970,HVEX2,COMPRA,455,144.8244,9.9681,2026-08-03 16:18:15,2026-08-03 16:18:16,2026-08-03 16:18:16
201567,1861,TXHR8,COMPRA,5,77.9779,5.3066,2026-08-03 11:20:09,2026-08-03 11:20:10,2026-08-03 11:20:10
201568,2330,AYFQ2,COMPRA,354,14.3618,11.2380,2026-08-03 13:49:26,2026-08-03 13:49:29,2026-08-03 13:49:29
201569,1560,DMTZ8,COMPRA,395,209.5669,0.4137,2026-08-03 14:01:21,2026-08-03 14:01:22,2026-08-03 14:01:22
201570,2251,OVYL9,COMPRA,230,86.9291,3.3829,2026-08-03 14:07:43,2026-08-03 14:07:43,2026-08-03 14:07:43
201571,2457,NUJZ2,COMPRA,450,40.9829,1.1271,2026-08-03 10:36:10,2026-08-03 10:36:11,2026-08-03 10:36:11
201572,2148,DGBT6,COMPRA,195,86.1002,3.7788,2026-08-03 12:26:01,2026-08-03 12:26:04,2026-08-03 12:26:04
201573,3427,IWFI1,COMPRA,315,186.9664,1.0515,2026-08-03 11:30:30,2026-08-03 11:30:32,2026-08-03 11:30:32
201574,1378,XAVL3,COMPRA,445,208.1135,9.2456,2026-08-03 16:35:29,2026-08-03 16:35:29,2026-08-03 16:35:29
201575,1441,HVEX2,COMPRA,255,150.9844,10.6686,2026-08-03 13:51:17,2026-08-03 13:51:17,2026-08-03 13:51:17
201576,2173,GAKD5,COMPRA,465,325.3167,4.6625,2026-08-03 11:28:06,2026-08-03 11:28:06,2026-08-03 11:28:06
201577,1539,NHYK8,COMPRA,375,74.5346,8.9450,2026-08-03 12:32:20,2026-08-03 12:32:21,2026-08-03 12:32:21
201578,1107,QEUC2,COMPRA,106,191.9537,10.2739,2026-08-03 13:42:07,2026-08-03 13:42:10,2026-08-03 13:42:10
201579,2822,GFDF2,COMPRA,155,72.9434,12.5754,2026-08-03 10:35:36,2026-08-03 10:35:38,2026-08-03 10:35:38
201580,1077,JIPA6,COMPRA,91,38.5782,11.9161,2026-08-03 13:38:34,2026-08-03 13:38:35,2026-08-03 13:38:35
201581,2112,WHMT3,COMPRA,180,105.3422,6.1793,2026-08-03 12:54:42,2026-08-03 12:54:43,2026-08-03 12:54:43
201582,2203,GAKD5,COMPRA,450,283.9335,5.5048,2026-08-03 14:10:43,2026-08-03 14:10:45,2026-08-03 14:10:45
201583,2048,GAKD5,COMPRA,195,260.5851,1.1726,2026-08-03 10:04:26,2026-08-03 10:04:27,2026-08-03 10:04:27
201584,1109,KQEO3,COMPRA,150,89.0867,12.1352,2026-08-03 14:16:14,2026-08-03 14:16:17,2026-08-03 14:16:17
201585,2283,NHYK8,COMPRA,140,66.3662,10.3411,2026-08-03 14:13:01,2026-08-03 14:13:03,2026-08-03 14:13:03
201586,1616,DHRM5,COMPRA,365,324.4934,9.7965,2026-08-03 12:10:07,2026-08-03 12:10:09,2026-08-03 12:10:09
201587,3474,ACSV1,COMPRA,170,77.8520,0.3585,2026-08-03 11:16:06,2026-08-03 11:16:09,2026-08-03 11:16:09
201588,2629,SVOZ4,COMPRA,225,39.3494,9.7775,2026-08-03 16:51:35,2026-08-03 16:51:36,2026-08-03 16:51:36
201589,2294,NHYK8,COMPRA,135,81.0448,12.3538,2026-08-03 11:28:13,2026-08-03 11:28:16,2026-08-03 11:28:16
201590,3214,ERTC4,COMPRA,215,52.3481,6.8014,2026-08-03 14:43:35,2026-08-03 14:43:37,2026-08-03 14:43:37
201591,1305,OVUQ2,COMPRA,3,48.0301,3.1171,2026-08-03 15:00:07,2026-08-03 15:00:10,2026-08-03 15:00:10
201592,1952,XPVA7,COMPRA,225,553.7824,3.8651,2026-08-03 10:44:19,2026-08-03 10:44:19,2026-08-03 10:44:19
201593,1208,NUJZ2,COMPRA,70,33.8744,2.9570,2026-08-03 16:24:04,2026-08-03 16:24:06,2026-08-03 16:24:06
201594,2693,RHXV4,COMPRA,398,74.1571,3.6710,2026-08-03 11:03:04,2026-08-03 11:03:07,2026-08-03 11:03:07
201595,3412,RYPL6,COMPRA,69,96.0154,0.0382,2026-08-03 11:54:45,2026-08-03 11:54:47,2026-08-03 11:54:47
201596,1454,ACSV1,COMPRA,5,88.4552,2.1472,2026-08-03 10:16:41,2026-08-03 10:16:43,2026-08-03 10:16:43
201597,2344,ZFBT3,COMPRA,285,97.8574,11.6632,2026-08-03 12:39:24,2026-08-03 12:39:27,2026-08-03 12:39:27
201598,2281,ICSU4,COMPRA,355,138.9023,5.5901,2026-08-03 11:20:28,2026-08-03 11:20:31,2026-08-03 11:20:31
201599,1009,MGRR2,COMPRA,35,161.1164,1.8129,2026-08-03 17:28:12,2026-08-03 17:28:14,2026-08-03 17:28:14
201600,1075,UYFJ9,VENDA,325,114.6292,6.0145,2026-08-03 15:05:58,2026-08-03 15:05:59,2026-08-03 15:05:59
201601,1230,YOWA1,COMPRA,40,44.8335,2.0156,2026-08-03 11:41:10,2026-08-03 11:41:11,2026-08-03 11:41:11
201602,2713,NYGT6,COMPRA,310,121.6268,0.6713,2026-08-03 10:27:48,2026-08-03 10:27:48,2026-08-03 10:27:48
201603,1363,ZYVN7,COMPRA,210,88.3854,8.0826,2026-08-03 17:09:36,2026-08-03 17:09:37,2026-08-03 17:09:37
201604,1506,AAUA7,COMPRA,195,133.7244,3.5716,2026-08-03 15:52:33,2026-08-03 15:52:33,2026-08-03 15:52:33
201605,1568,QQQS1,COMPRA,30,27.4266,5.5568,2026-08-03 10:23:02,2026-08-03 10:23:04,2026-08-03 10:23:04
201606,3284,KFSY2,COMPRA,345,109.0732,1.7726,2026-08-03 11:04:00,2026-08-03 11:04:02,2026-08-03 11:04:02
201607,2428,ZHTL2,COMPRA,180,53.0319,3.2863,2026-08-03 14:40:42,2026-08-03 14:40:42,2026-08-03 14:40:42
201608,2044,IZTY4,COMPRA,245,31.0676,7.2670,2026-08-03 11:51:45,2026-08-03 11:51:48,2026-08-03 11:51:48
201609,1423,DGBT6,COMPRA,470,110.3401,9.5207,2026-08-03 10:59:07,2026-08-03 10:59:09,2026-08-03 10:59:09
201610,2674,UQJU7,COMPRA,185,83.1117,2.0393,2026-08-03 15:44:26,2026-08-03 15:44:29,2026-08-03 15:44:29
201611,2797,AAWB3,COMPRA,308,214.1249,3.3262,2026-08-03 11:00:16,2026-08-03 11:00:18,2026-08-03 11:00:18
201612,1145,ENRZ2,COMPRA,300,98.9208,1.1129,2026-08-03 17:23:22,2026-08-03 17:23:24,2026-08-03 17:23:24
201613,2150,PSEN6,COMPRA,320,149.8836,9.3614,2026-08-03 16:43:08,2026-08-03 16:43:09,2026-08-03 16:43:09
201614,1470,NGIU9,COMPRA,20,97.3395,2.4053,2026-08-03 14:02:18,2026-08-03 14:02:21,2026-08-03 14:02:21
201615,2132,DSFC9,COMPRA,5,363.5498,7.2234,2026-08-03 13:39:58,2026-08-03 13:40:01,2026-08-03 13:40:01
201616,1230,TVCE9,COMPRA,470,64.0077,0.9293,2026-08-03 12:01:10,2026-08-03 12:01:12,2026-08-03 12:01:12
201617,1385,MOLF3,COMPRA,144,45.0467,0.5729,2026-08-03 13:33:41,2026-08-03 13:33:41,2026-08-03 13:33:41
201618,2604,UYFJ9,COMPRA,430,78.1355,11.4672,2026-08-03 15:57:13,2026-08-03 15:57:13,2026-08-03 15:57:13
201619,3083,MOLF3,COMPRA,370,59.1049,8.3036,2026-08-03 14:51:48,2026-08-03 14:51:51,2026-08-03 14:51:51
201620,1746,NAOF3,COMPRA,200,55.9226,1.7821,2026-08-03 15:11:12,2026-08-03 15:11:15,2026-08-03 15:11:15
201621,2036,OEQA8,COMPRA,365,554.0661,6.9247,2026-08-03 14:26:18,2026-08-03 14:26:19,2026-08-03 14:26:19
201622,2513,GFDF2,COMPRA,15,101.8402,7.2078,2026-08-03 11:16:13,2026-08-03 11:16:15,2026-08-03 11:16:15
201623,2386,NPEM3,COMPRA,75,80.7302,1.4449,2026-08-03 10:13:07,2026-08-03 10:13:08,2026-08-03 10:13:08
201624,3110,TNHT4,COMPRA,48,103.4607,8.2399,2026-08-03 16:54:33,2026-08-03 16:54:36,2026-08-03 16:54:36
201625,3054,PQUT9,COMPRA,350,66.1947,11.2777,2026-08-03 11:14:05,2026-08-03 11:14:05,2026-08-03 11:14:05
201626,1025,FRGH8,COMPRA,310,73.7180,2.0184,2026-08-03 13:14:35,2026-08-03 13:14:37,2026-08-03 13:14:37
201627,3338,SRDU1,VENDA,80,99.2417,2.6335,2026-08-03 10:51:48,2026-08-03 10:51:51,2026-08-03 10:51:51
201628,1557,TBWG2,COMPRA,405,90.6326,9.7836,2026-08-03 11:17:07,2026-08-03 11:17:10,2026-08-03 11:17:10
201629,2402,YCCK8,COMPRA,360,442.9731,1.7708,2026-08-03 16:15:29,2026-08-03 16:15:32,2026-08-03 16:15:32
201630,2201,RHXV4,COMPRA,375,65.9662,2.1208,2026-08-03 11:03:22,2026-08-03 11:03:23,2026-08-03 11:03:23
201631,2751,LCCH9,COMPRA,274,6.8259,9.9862,2026-08-03 12:46:47,2026-08-03 12:46:48,2026-08-03 12:46:48
201632,2167,UQJU7,COMPRA,9,63.9394,0.0563,2026-08-03 17:19:18,2026-08-03 17:19:19,2026-08-03 17:19:19
201633,3265,GAKD5,COMPRA,285,317.0264,1.1005,2026-08-03 10:52:42,2026-08-03 10:52:44,2026-08-03 10:52:44
201634,1238,UCHR6,COMPRA,195,514.0234,6.3247,2026-08-03 13:26:49,2026-08-03 13:26:51,2026-08-03 13:26:51
201635,1348,OVYL9,COMPRA,310,72.2980,12.4644,2026-08-03 12:27:34,2026-08-03 12:27:37,2026-08-03 12:27:37
201636,1580,KQEO3,COMPRA,430,76.8180,3.7732,2026-08-03 12:17:32,2026-08-03 12:17:33,2026-08-03 12:17:33
201637,1205,WHMT3,COMPRA,425,109.9583,,2026-08-03 16:47:00,2026-08-03 16:47:03,2026-08-03 16:47:03
201638,1199,TBWG2,COMPRA,420,81.1403,11.0994,2026-08-03 12:29:56,2026-08-03 12:29:57,2026-08-03 12:29:57
201639,1447,WXFC8,COMPRA,40,71.9929,8.1816,2026-08-03 16:13:02,2026-08-03 16:13:03,2026-08-03 16:13:03
201640,2668,TBWG2,COMPRA,435,84.1032,2.8480,2026-08-03 14:25:14,2026-08-03 14:25:17,2026-08-03 14:25:17
201641,1217,ZHTL2,COMPRA,314,51.7136,8.0526,2026-08-03 10:49:19,2026-08-03 10:49:19,2026-08-03 10:49:19
201642,2222,XAVL3,COMPRA,179,154.6280,12.7316,2026-08-03 15:44:34,2026-08-03 15:44:34,2026-08-03 15:44:34
201643,3035,LQML9,COMPRA,30,107.4418,1.6382,2026-08-03 16:15:05,2026-08-03 16:15:07,2026-08-03 16:15:07
201644,2406,WIPB2,COMPRA,380,90.0400,5.8165,2026-08-03 10:11:57,2026-08-03 10:11:59,2026-08-03 10:11:59
201645,3452,TTHO3,COMPRA,25,42.5108,0.5480,2026-08-03 10:36:18,2026-08-03 10:36:18,2026-08-03 10:36:18
201646,2420,DFGR7,COMPRA,470,108.9766,10.4331,2026-08-03 14:47:45,2026-08-03 14:47:47,2026-08-03 14:47:47
201647,2269,FIUW1,COMPRA,265,136.4524,4.7795,2026-08-03 14:01:13,2026-08-03 14:01:13,2026-08-03 14:01:13
201648,1898,QTDZ2,COMPRA,30,38.8498,0.1336,2026-08-03 16:24:02,2026-08-03 16:24:02,2026-08-03 16:24:02
201649,1685,TTHO3,COMPRA,305,38.2351,5.2424,2026-08-03 16:50:06,2026-08-03 16:50:09,2026-08-03 16:50:09
201650,2101,ACSV1,COMPRA,485,113.0707,4.2340,2026-08-03 13:11:57,2026-08-03 13:11:57,2026-08-03 13:11:57
201651,2156,GFDF2,COMPRA,240,97.2897,1.0696,2026-08-03 15:03:44,2026-08-03 15:03:47,2026-08-03 15:03:47
201652,1412,BGNM6,COMPRA,115,84.1999,0.4084,2026-08-03 15:14:23,2026-08-03 15:14:23,2026-08-03 15:14:23
201653,1192,IPXK2,COMPRA,125,277.2282,1.5534,2026-08-03 13:01:07,2026-08-03 13:01:10,2026-08-03 13:01:10
201654,2074,JIPA6,COMPRA,350,44.9883,6.8541,2026-08-03 12:39:29,2026-08-03 12:39:29,2026-08-03 12:39:29
201655,2682,BSDJ7,COMPRA,205,191.7461,11.8890,2026-08-03 15:13:31,2026-08-03 15:13:32,2026-08-03 15:13:32
201656,2884,UQJU7,COMPRA,270,84.1696,1.4245,2026-08-03 15:17:14,2026-08-03 15:17:15,2026-08-03 15:17:15
201657,1482,QTHQ1,COMPRA,50,18.2705,4.6044,2026-08-03 11:56:23,2026-08-03 11:56:26,2026-08-03 11:56:26
201658,2970,OVUQ2,COMPRA,88,47.0185,5.4450,2026-08-03 10:02:57,2026-08-03 10:02:59,2026-08-03 10:02:59
201659,1982,JUDG8,COMPRA,125,78.5906,9.6154,2026-08-03 16:31:20,2026-08-03 16:31:22,2026-08-03 16:31:22
201660,1822,BXFJ9,COMPRA,80,133.6684,8.8630,2026-08-03 12:38:54,2026-08-03 12:38:56,2026-08-03 12:38:56
201661,2088,NREP8,COMPRA,415,141.7851,2.5284,2026-08-03 15:16:22,2026-08-03 15:16:24,2026-08-03 15:16:24
201662,2891,GKQC5,COMPRA,120,110.5253,12.4501,2026-08-03 13:35:56,2026-08-03 13:35:59,2026-08-03 13:35:59
201663,1987,MCMT2,COMPRA,360,97.8404,6.9160,2026-08-03 11:03:46,2026-08-03 11:03:49,2026-08-03 11:03:49
201664,2943,CQJZ4,COMPRA,422,106.7183,8.4961,2026-08-03 17:00:13,2026-08-03 17:00:14,2026-08-03 17:00:14
201665,1949,RSBT4,COMPRA,139,468.9191,4.1435,2026-08-03 12:16:14,2026-08-03 12:16:16,2026-08-03 12:16:16
201666,2388,MGRR2,COMPRA,380,125.3436,2.1400,2026-08-03 14:54:46,2026-08-03 14:54:48,2026-08-03 14:54:48
201667,2638,MGRR2,COMPRA,430,154.8334,9.8608,2026-08-03 14:41:42,2026-08-03 14:41:42,2026-08-03 14:41:42
201668,1764,MJDL9,COMPRA,65,38.3844,8.0473,2026-08-03 14:30:02,2026-08-03 14:30:03,2026-08-03 14:30:03
201669,3272,DGBT6,COMPRA,50,101.8046,1.9929,2026-08-03 13:50:11,2026-08-03 13:50:13,2026-08-03 13:50:13
201670,3099,MCMT2,COMPRA,5,95.2065,8.5174,2026-08-03 15:45:28,2026-08-03 15:45:31,2026-08-03 15:45:31
201671,1686,RFNS7,COMPRA,285,67.3724,5.8320,2026-08-03 13:44:23,2026-08-03 13:44:23,2026-08-03 13:44:23
201672,2386,CQIL9,COMPRA,135,40.9081,9.0213,2026-08-03 16:25:42,2026-08-03 16:25:42,2026-08-03 16:25:42
201673,3073,AYFQ2,COMPRA,125,12.7567,7.2094,2026-08-03 15:46:22,2026-08-03 15:46:23,2026-08-03 15:46:23
201674,3416,OXVD8,COMPRA,395,90.5658,6.5934,2026-08-03 12:03:20,2026-08-03 12:03:21,2026-08-03 12:03:21
201675,2324,PSEN6,COMPRA,65,224.8059,1.9029,2026-08-03 16:38:33,2026-08-03 16:38:34,2026-08-03 16:38:34
201676,3194,TNHT4,COMPRA,264,133.5306,7.2518,2026-08-03 13:51:27,2026-08-03 13:51:30,2026-08-03 13:51:30
201677,2543,QTHQ1,COMPRA,279,18.6140,0.8544,2026-08-03 14:47:55,2026-08-03 14:47:56,2026-08-03 14:47:56
201678,2855,RHXV4,COMPRA,150,77.2477,7.1660,2026-08-03 12:48:22,2026-08-03 12:48:23,2026-08-03 12:48:23
201679,2012,RFNS7,COMPRA,385,86.4519,11.8353,2026-08-03 16:29:16,2026-08-03 16:29:17,2026-08-03 16:29:17
201680,1723,YRWH3,COMPRA,220,224.8766,2.7887,2026-08-03 12:49:54,2026-08-03 12:49:55,2026-08-03 12:49:55
201681,1871,QATW7,COMPRA,130,61.3376,6.2280,2026-08-03 13:30:14,2026-08-03 13:30:17,2026-08-03 13:30:17
201682,3123,HCZM2,COMPRA,71,417.6320,9.5886,2026-08-03 10:35:00,2026-08-03 10:35:00,2026-08-03 10:35:00
201683,3015,GAKD5,COMPRA,110,271.1338,5.2036,2026-08-03 12:18:42,2026-08-03 12:18:44,2026-08-03 12:18:44
201684,1978,WXFC8,COMPRA,205,81.3649,0.0007,2026-08-03 15:53:24,2026-08-03 15:53:27,2026-08-03 15:53:27
201685,1808,QTDZ2,COMPRA,285,43.0963,8.7880,2026-08-03 17:10:17,2026-08-03 17:10:17,2026-08-03 17:10:17
201686,2994,OEQA8,COMPRA,351,482.4442,0.6277,2026-08-03 14:27:48,2026-08-03 14:27:50,2026-08-03 14:27:50
201687,1982,JIPA6,COMPRA,60,29.1453,2.1372,2026-08-03 15:01:36,2026-08-03 15:01:38,2026-08-03 15:01:38
201688,1502,ZYVN7,COMPRA,240,60.0000,2.8413,2026-08-03 13:21:01,2026-08-03 13:21:01,2026-08-03 13:21:01
201689,3318,QATW7,COMPRA,175,56.9702,11.2242,2026-08-03 12:48:17,2026-08-03 12:48:18,2026-08-03 12:48:18
201690,1566,WMQZ6,COMPRA,200,67.5275,8.3499,2026-08-03 13:20:22,2026-08-03 13:20:23,2026-08-03 13:20:23
201691,1329,NHYK8,COMPRA,380,65.3149,2.5528,2026-08-03 10:47:54,2026-08-03 10:47:56,2026-08-03 10:47:56
201692,1168,CQIL9,COMPRA,395,31.6279,1.4598,2026-08-03 13:36:21,2026-08-03 13:36:24,2026-08-03 13:36:24
201693,1739,QTHQ1,COMPRA,325,27.5099,8.3836,2026-08-03 16:07:25,2026-08-03 16:07:28,2026-08-03 16:07:28
201694,1833,MCMT2,COMPRA,85,105.9155,11.2041,2026-08-03 16:58:32,2026-08-03 16:58:35,2026-08-03 16:58:35
201695,2031,NYGT6,COMPRA,155,126.3921,10.1986,2026-08-03 10:03:37,2026-08-03 10:03:39,2026-08-03 10:03:39
201696,1766,YFAH5,COMPRA,91,159.8301,9.0653,2026-08-03 10:33:32,2026-08-03 10:33:32,2026-08-03 10:33:32
201697,2939,IWFI1,COMPRA,460,170.5203,10.4463,2026-08-03 17:24:38,2026-08-03 17:24:38,2026-08-03 17:24:38
201698,3473,SUZL4,COMPRA,463,125.1792,11.3334,2026-08-03 14:55:48,2026-08-03 14:55:51,2026-08-03 14:55:51
201699,1160,ENRZ2,COMPRA,100,90.7239,4.7438,2026-08-03 15:05:41,2026-08-03 15:05:43,2026-08-03 15:05:43
201700,3475,EEYY9,COMPRA,95,182.2251,3.1214,2026-08-03 12:11:53,2026-08-03 12:11:56,2026-08-03 12:11:56
201701,3054,MGRR2,COMPRA,166,150.5761,7.2965,2026-08-03 16:58:45,2026-08-03 16:58:47,2026-08-03 16:58:47
201702,2921,JIPA6,COMPRA,365,35.4565,2.6596,2026-08-03 17:16:13,2026-08-03 17:16:14,2026-08-03 17:16:14
201703,1226,TBWG2,COMPRA,40,98.6817,11.1505,2026-08-03 10:51:19,2026-08-03 10:51:21,2026-08-03 10:51:21
201704,1678,SRDU1,COMPRA,349,68.0913,1.5229,2026-08-03 15:06:12,2026-08-03 15:06:14,2026-08-03 15:06:14
201705,2751,UQJU7,COMPRA,360,62.3643,8.3738,2026-08-03 10:07:41,2026-08-03 10:07:42,2026-08-03 10:07:42
201706,1762,YYLA4,COMPRA,210,149.8382,6.7445,2026-08-03 13:12:57,2026-08-03 13:13:00,2026-08-03 13:13:00
201707,1628,WMQZ6,COMPRA,160,69.6223,9.9830,2026-08-03 17:19:06,2026-08-03 17:19:07,2026-08-03 17:19:07
201708,3320,PSEN6,COMPRA,355,237.3024,11.0359,2026-08-03 16:56:12,2026-08-03 16:56:12,2026-08-03 16:56:12
201709,2026,UYFJ9,COMPRA,90,99.4798,12.3289,2026-08-03 10:47:38,2026-08-03 10:47:39,2026-08-03 10:47:39
201710,1116,JIPA6,COMPRA,230,28.4860,5.2747,2026-08-03 15:20:18,2026-08-03 15:20:20,2026-08-03 15:20:20
201711,3294,NYGT6,COMPRA,105,105.1683,8.4735,2026-08-03 15:23:41,2026-08-03 15:23:44,2026-08-03 15:23:44
201712,2991,BOCS8,COMPRA,210,46.5347,8.1810,2026-08-03 16:50:35,2026-08-03 16:50:38,2026-08-03 16:50:38
201713,1043,SUZL4,COMPRA,244,145.5421,9.2707,2026-08-03 15:10:37,2026-08-03 15:10:39,2026-08-03 15:10:39
201714,2729,UFIU3,COMPRA,275,72.2457,2.7362,2026-08-03 15:29:11,2026-08-03 15:29:11,2026-08-03 15:29:11
201715,2812,UCHR6,COMPRA,160,333.1642,3.7291,2026-08-03 12:42:12,2026-08-03 12:42:12,2026-08-03 12:42:12
201716,1279,AYFQ2,COMPRA,203,12.1906,3.6001,2026-08-03 13:52:26,2026-08-03 13:52:27,2026-08-03 13:52:27
201717,1934,JDJG6,COMPRA,490,79.1978,6.0408,2026-08-03 11:37:36,2026-08-03 11:37:39,2026-08-03 11:37:39
201718,1060,RYPL6,COMPRA,375,103.0273,7.6082,2026-08-03 11:25:31,2026-08-03 11:25:31,2026-08-03 11:25:31
201719,1518,MOLF3,COMPRA,295,53.1435,5.1447,2026-08-03 13:23:48,2026-08-03 13:23:49,2026-08-03 13:23:49
201720,3473,RFNS7,COMPRA,235,88.1947,2.9256,2026-08-03 10:58:40,2026-08-03 10:58:41,2026-08-03 10:58:41
201721,1134,DSFC9,COMPRA,235,467.2381,1.0492,2026-08-03 10:38:09,2026-08-03 10:38:09,2026-08-03 10:38:09
201722,1521,YCCK8,COMPRA,430,374.2576,0.4013,2026-08-03 12:53:45,2026-08-03 12:53:48,2026-08-03 12:53:48
201723,2887,FYZB6,COMPRA,275,75.0063,11.3927,2026-08-03 15:32:52,2026-08-03 15:32:55,2026-08-03 15:32:55
201724,1877,NHYK8,COMPRA,250,55.8706,10.1691,2026-08-03 16:24:51,2026-08-03 16:24:54,2026-08-03 16:24:54
201725,1825,CQIL9,COMPRA,465,36.0688,5.1042,2026-08-03 11:45:07,2026-08-03 11:45:10,2026-08-03 11:45:10
201726,3478,TNHT4,COMPRA,18,136.8149,12.3073,2026-08-03 14:13:56,2026-08-03 14:13:59,2026-08-03 14:13:59
201727,1929,NREP8,COMPRA,345,149.9930,0.4953,2026-08-03 12:49:51,2026-08-03 12:49:52,2026-08-03 12:49:52
201728,1892,ZYVN7,COMPRA,186,70.4240,10.9004,2026-08-03 16:03:52,2026-08-03 16:03:54,2026-08-03 16:03:54
201729,1577,RDOA3,COMPRA,150,77.6836,7.7174,2026-08-03 12:05:22,2026-08-03 12:05:23,2026-08-03 12:05:23
201730,3305,NHYK8,COMPRA,400,71.0143,12.0067,2026-08-03 15:02:45,2026-08-03 15:02:48,2026-08-03 15:02:48
201731,3192,IZTY4,COMPRA,460,24.5976,1.6962,2026-08-03 10:14:13,2026-08-03 10:14:14,2026-08-03 10:14:14
201732,2319,FYZB6,COMPRA,275,56.4844,5.2675,2026-08-03 15:57:40,2026-08-03 15:57:42,2026-08-03 15:57:42
201733,3257,AAUA7,COMPRA,255,135.7017,8.9808,2026-08-03 14:08:24,2026-08-03 14:08:27,2026-08-03 14:08:27
201734,2193,DHRM5,COMPRA,385,288.6276,4.4586,2026-08-03 13:04:31,2026-08-03 13:04:32,2026-08-03 13:04:32
201735,1960,NGIU9,COMPRA,147,129.7847,8.3092,2026-08-03 12:22:12,2026-08-03 12:22:12,2026-08-03 12:22:12
201736,3140,LIEG8,COMPRA,383,97.1353,6.3430,2026-08-03 11:24:28,2026-08-03 11:24:28,2026-08-03 11:24:28
201737,3402,RFNS7,COMPRA,250,71.2118,1.8754,2026-08-03 15:29:16,2026-08-03 15:29:16,2026-08-03 15:29:16
201738,1832,JIPA6,COMPRA,265,46.1899,2.8853,2026-08-03 16:03:46,2026-08-03 16:03:46,2026-08-03 16:03:46
201739,3311,NAOF3,COMPRA,491,64.2483,8.7333,2026-08-03 13:54:02,2026-08-03 13:54:03,2026-08-03 13:54:03
201740,1877,NPEM3,COMPRA,36,79.9669,8.7665,2026-08-03 14:02:07,2026-08-03 14:02:08,2026-08-03 14:02:08
201741,2850,BSDJ7,COMPRA,286,185.4138,8.2014,2026-08-03 12:50:25,2026-08-03 12:50:26,2026-08-03 12:50:26
201742,1240,RIET5,COMPRA,180,158.3519,3.7449,2026-08-03 12:03:44,2026-08-03 12:03:47,2026-08-03 12:03:47
201743,3319,IWAK1,COMPRA,225,62.8528,11.6532,2026-08-03 17:26:06,2026-08-03 17:26:08,2026-08-03 17:26:08
201744,1592,IWFI1,COMPRA,225,165.6325,10.7060,2026-08-03 12:05:23,2026-08-03 12:05:23,2026-08-03 12:05:23
201745,2765,FRGH8,COMPRA,500,69.8232,3.4856,2026-08-03 16:24:12,2026-08-03 16:24:13,2026-08-03 16:24:13
201746,2117,MCHX2,COMPRA,110,136.8770,2.6028,2026-08-03 11:56:18,2026-08-03 11:56:21,2026-08-03 11:56:21
201747,3166,HVEX2,COMPRA,123,165.9241,12.5577,2026-08-03 10:56:07,2026-08-03 10:56:07,2026-08-03 10:56:07
201748,1989,DGBT6,COMPRA,280,73.6177,10.5820,2026-08-03 15:41:54,2026-08-03 15:41:57,2026-08-03 15:41:57
201749,3104,GAKD5,COMPRA,125,254.0071,0.2966,2026-08-03 10:19:31,2026-08-03 10:19:31,2026-08-03 10:19:31
201750,1716,XLZM9,COMPRA,30,47.6064,9.4044,2026-08-03 12:19:53,2026-08-03 12:19:53,2026-08-03 12:19:53
201751,2887,IZTY4,COMPRA,410,34.1481,11.8315,2026-08-03 14:50:02,2026-08-03 14:50:04,2026-08-03 14:50:04
201752,2355,ENRZ2,COMPRA,65,78.9650,3.2067,2026-08-03 13:11:27,2026-08-03 13:11:27,2026-08-03 13:11:27
201753,3120,BOCS8,COMPRA,35,62.7690,8.8293,2026-08-03 13:23:39,2026-08-03 13:23:39,2026-08-03 13:23:39
201754,3136,GULD2,COMPRA,5,151.2856,0.5231,2026-08-03 17:01:16,2026-08-03 17:01:19,2026-08-03 17:01:19
201755,1319,MCMT2,COMPRA,270,79.6181,3.5480,2026-08-03 17:27:42,2026-08-03 17:27:43,2026-08-03 17:27:43
201756,3270,XTVW5,COMPRA,190,116.7071,5.7662,2026-08-03 11:11:20,2026-08-03 11:11:21,2026-08-03 11:11:21
201757,2509,ZHTL2,COMPRA,37,69.1309,0.8627,2026-08-03 12:35:37,2026-08-03 12:35:37,2026-08-03 12:35:37
201758,2471,XOVY4,COMPRA,40,115.9640,3.3335,2026-08-03 17:24:54,2026-08-03 17:24:56,2026-08-03 17:24:56
201759,1120,PZUP8,COMPRA,395,194.5446,12.1906,2026-08-03 12:43:57,2026-08-03 12:43:58,2026-08-03 12:43:58
201760,2008,QYBV3,COMPRA,303,60.0000,8.5174,2026-08-03 16:52:12,2026-08-03 16:52:14,2026-08-03 16:52:14
201761,3282,ZAAS7,COMPRA,245,316.3195,11.8045,2026-08-03 14:17:24,2026-08-03 14:17:24,2026-08-03 14:17:24
201762,2931,WIPB2,COMPRA,71,138.7176,5.0780,2026-08-03 17:18:49,2026-08-03 17:18:51,2026-08-03 17:18:51
201763,2253,UCHR6,COMPRA,375,339.2901,12.6735,2026-08-03 16:05:59,2026-08-03 16:06:01,2026-08-03 16:06:01
201764,3179,FIUW1,COMPRA,395,86.9044,0.5776,2026-08-03 10:37:35,2026-08-03 10:37:38,2026-08-03 10:37:38
201765,1449,ZAAS7,COMPRA,183,329.5789,6.8132,2026-08-03 15:24:01,2026-08-03 15:24:02,2026-08-03 15:24:02
201766,1477,AAUA7,COMPRA,112,124.9125,8.4317,2026-08-03 11:18:43,2026-08-03 11:18:46,2026-08-03 11:18:46
201767,1458,ICSU4,COMPRA,85,154.6645,7.4468,2026-08-03 12:08:00,2026-08-03 12:08:00,2026-08-03 12:08:00
201768,1704,NGIU9,COMPRA,395,89.8619,11.0959,2026-08-03 12:33:41,2026-08-03 12:33:42,2026-08-03 12:33:42
201769,2286,FRGH8,COMPRA,385,81.2712,6.5599,2026-08-03 13:42:56,2026-08-03 13:42:58,2026-08-03 13:42:58
201770,2215,LIEG8,COMPRA,218,119.7993,5.2692,2026-08-03 12:04:10,2026-08-03 12:04:12,2026-08-03 12:04:12
201771,1110,QTDZ2,COMPRA,465,41.2455,0.2195,2026-08-03 16:19:55,2026-08-03 16:19:57,2026-08-03 16:19:57
201772,2241,TVCE9,COMPRA,111,57.4345,6.3840,2026-08-03 17:00:43,2026-08-03 17:00:44,2026-08-03 17:00:44
201773,2275,OVYL9,COMPRA,25,60.0000,11.8156,2026-08-03 16:29:48,2026-08-03 16:29:49,2026-08-03 16:29:49
201774,2678,DGBT6,COMPRA,45,81.3938,10.2420,2026-08-03 14:20:35,2026-08-03 14:20:38,2026-08-03 14:20:38
201775,1102,DFGR7,COMPRA,320,102.4335,12.2211,2026-08-03 16:56:57,2026-08-03 16:56:57,2026-08-03 16:56:57
201776,2391,XPVA7,COMPRA,95,452.1196,12.7076,2026-08-03 12:38:16,2026-08-03 12:38:19,2026-08-03 12:38:19
201777,1888,GFDF2,COMPRA,110,67.4169,6.3834,2026-08-03 16:02:17,2026-08-03 16:02:20,2026-08-03 16:02:20
201778,1346,XPVA7,COMPRA,455,414.6116,9.1347,2026-08-03 17:26:37,2026-08-03 17:26:39,2026-08-03 17:26:39
201779,1751,AYFQ2,COMPRA,255,12.4268,0.6077,2026-08-03 15:25:18,2026-08-03 15:25:19,2026-08-03 15:25:19
201780,1481,QATW7,COMPRA,145,49.7447,5.1065,2026-08-03 13:42:30,2026-08-03 13:42:30,2026-08-03 13:42:30
201781,3223,KQEO3,COMPRA,365,72.9307,1.3597,2026-08-03 10:41:55,2026-08-03 10:41:58,2026-08-03 10:41:58
201782,1950,ENRZ2,COMPRA,215,74.3765,1.9365,2026-08-03 10:40:39,2026-08-03 10:40:39,2026-08-03 10:40:39
201783,3268,GFDF2,COMPRA,110,84.3143,1.7367,2026-08-03 15:53:32,2026-08-03 15:53:33,2026-08-03 15:53:33
201784,2446,UVEY5,COMPRA,365,82.8745,10.6476,2026-08-03 14:47:32,2026-08-03 14:47:35,2026-08-03 14:47:35
201785,2193,DGBT6,COMPRA,40,76.6071,5.1532,2026-08-03 13:54:16,2026-08-03 13:54:17,2026-08-03 13:54:17
201786,1735,TVCE9,COMPRA,325,71.5064,11.7276,2026-08-03 13:07:56,2026-08-03 13:07:58,2026-08-03 13:07:58
201787,2334,NHYK8,COMPRA,315,85.4649,9.2324,2026-08-03 13:59:52,2026-08-03 13:59:53,2026-08-03 13:59:53
201788,1536,NAOF3,COMPRA,400,53.7707,5.9590,2026-08-03 11:01:57,2026-08-03 11:01:57,2026-08-03 11:01:57
201789,2898,ACSV1,COMPRA,355,106.6774,10.7536,2026-08-03 11:22:39,2026-08-03 11:22:39,2026-08-03 11:22:39
201790,1824,DEGN5,COMPRA,433,95.9317,7.7433,2026-08-03 16:30:08,2026-08-03 16:30:10,2026-08-03 16:30:10
201791,1621,HJRH5,COMPRA,415,144.7989,8.2177,2026-08-03 11:08:53,2026-08-03 11:08:54,2026-08-03 11:08:54
201792,3277,MCHX2,COMPRA,425,137.3078,6.8920,2026-08-03 14:36:57,2026-08-03 14:36:59,2026-08-03 14:36:59
201793,2271,RSBT4,COMPRA,284,333.1798,3.8729,2026-08-03 10:06:19,2026-08-03 10:06:20,2026-08-03 10:06:20
201794,1055,SUZL4,COMPRA,279,151.7911,4.1419,2026-08-03 14:54:50,2026-08-03 14:54:52,2026-08-03 14:54:52
201795,2215,DGBT6,COMPRA,80,79.7932,9.6878,2026-08-03 12:50:05,2026-08-03 12:50:06,2026-08-03 12:50:06
201796,3120,QTHQ1,COMPRA,380,20.3258,5.1701,2026-08-03 16:24:22,2026-08-03 16:24:24,2026-08-03 16:24:24
201797,1863,YFAH5,COMPRA,470,161.3365,8.9401,2026-08-03 11:38:41,2026-08-03 11:38:41,2026-08-03 11:38:41
201798,3298,RSBT4,COMPRA,150,375.7452,10.3559,2026-08-03 13:56:22,2026-08-03 13:56:24,2026-08-03 13:56:24
201799,3169,KQEO3,COMPRA,375,63.8175,1.4635,2026-08-03 14:42:20,2026-08-03 14:42:21,2026-08-03 14:42:21
201800,3268,QTHQ1,COMPRA,270,22.9021,12.1641,2026-08-03 16:34:37,2026-08-03 16:34:37,2026-08-03 16:34:37
201801,1602,HCLJ8,COMPRA,245,110.0343,3.6033,2026-08-03 17:21:28,2026-08-03 17:21:31,2026-08-03 17:21:31
201802,1549,HVEX2,COMPRA,270,112.4631,12.4632,2026-08-03 12:10:14,2026-08-03 12:10:14,2026-08-03 12:10:14
201803,2040,ECQD7,COMPRA,235,89.8701,8.9826,2026-08-03 14:18:24,2026-08-03 14:18:24,2026-08-03 14:18:24
201804,1525,IWAK1,COMPRA,315,66.2498,4.1923,2026-08-03 14:13:12,2026-08-03 14:13:13,2026-08-03 14:13:13
201805,3304,FRGH8,COMPRA,452,88.8598,5.9378,2026-08-03 12:22:32,2026-08-03 12:22:33,2026-08-03 12:22:33
201806,3290,AAUA7,COMPRA,417,170.1648,9.3341,2026-08-03 10:27:38,2026-08-03 10:27:41,2026-08-03 10:27:41
201807,1816,QTDZ2,COMPRA,200,45.2292,7.9751,2026-08-03 16:39:37,2026-08-03 16:39:39,2026-08-03 16:39:39
201808,2583,MCMT2,COMPRA,70,74.0673,0.4455,2026-08-03 14:34:09,2026-08-03 14:34:10,2026-08-03 14:34:10
201809,1751,SUZL4,COMPRA,213,105.9790,12.4272,2026-08-03 13:14:20,2026-08-03 13:14:22,2026-08-03 13:14:22
201810,1311,FRGH8,COMPRA,410,89.6408,7.6079,2026-08-03 16:31:29,2026-08-03 16:31:31,2026-08-03 16:31:31
201811,2573,KHGP6,COMPRA,245,96.3741,1.3997,2026-08-03 15:55:07,2026-08-03 15:55:08,2026-08-03 15:55:08
201812,1226,MCHX2,COMPRA,290,127.2838,6.9303,2026-08-03 17:25:46,2026-08-03 17:25:49,2026-08-03 17:25:49
201813,1948,IPXK2,COMPRA,245,342.7546,0.8453,2026-08-03 14:20:11,2026-08-03 14:20:12,2026-08-03 14:20:12
201814,3171,SUZL4,COMPRA,270,156.2442,10.5439,2026-08-03 16:16:07,2026-08-03 16:16:10,2026-08-03 16:16:10
201815,1392,ZHTL2,COMPRA,485,50.1037,9.6482,2026-08-03 10:08:48,2026-08-03 10:08:48,2026-08-03 10:08:48
201816,1463,KFSY2,COMPRA,230,97.9363,11.7043,2026-08-03 17:21:50,2026-08-03 17:21:51,2026-08-03 17:21:51
201817,3113,ZHTL2,COMPRA,225,57.7666,7.1716,2026-08-03 13:39:28,2026-08-03 13:39:30,2026-08-03 13:39:30
201818,2264,WIPB2,COMPRA,89,90.9758,7.5834,2026-08-03 14:06:24,2026-08-03 14:06:26,2026-08-03 14:06:26
201819,1912,RDOA3,COMPRA,245,102.5083,1.9165,2026-08-03 13:28:24,2026-08-03 13:28:25,2026-08-03 13:28:25
201820,2504,UQJU7,COMPRA,385,66.9009,1.8671,2026-08-03 14:43:03,2026-08-03 14:43:05,2026-08-03 14:43:05
201821,3024,ERTC4,COMPRA,445,37.7148,2.5455,2026-08-03 15:41:47,2026-08-03 15:41:48,2026-08-03 15:41:48
201822,2432,RIET5,COMPRA,110,117.6841,9.7960,2026-08-03 10:50:07,2026-08-03 10:50:08,2026-08-03 10:50:08
201823,2041,NYGT6,COMPRA,230,125.4268,8.1190,2026-08-03 16:31:05,2026-08-03 16:31:06,2026-08-03 16:31:06
201824,2039,MCMT2,VENDA,30,115.5904,2.1651,2026-08-03 14:36:10,2026-08-03 14:36:11,2026-08-03 14:36:11
201825,2661,WIPB2,COMPRA,110,88.7181,5.0620,2026-08-03 12:11:42,2026-08-03 12:11:43,2026-08-03 12:11:43
201826,2551,SUZL4,COMPRA,495,120.6185,2.8470,2026-08-03 17:16:30,2026-08-03 17:16:30,2026-08-03 17:16:30
201827,1837,MGRR2,COMPRA,340,130.1158,11.8652,2026-08-03 10:16:26,2026-08-03 10:16:27,2026-08-03 10:16:27
201828,2237,IJJK3,COMPRA,350,87.6590,1.5970,2026-08-03 14:45:33,2026-08-03 14:45:36,2026-08-03 14:45:36
201829,1041,AAUA7,COMPRA,185,123.9109,8.4052,2026-08-03 10:10:29,2026-08-03 10:10:30,2026-08-03 10:10:30
201830,1798,LGKU6,COMPRA,425,80.6424,12.5608,2026-08-03 17:05:17,2026-08-03 17:05:20,2026-08-03 17:05:20
201831,1918,RIET5,COMPRA,360,177.5198,10.8191,2026-08-03 14:40:43,2026-08-03 14:40:43,2026-08-03 14:40:43
201832,1723,SRDU1,COMPRA,243,88.5019,0.6579,2026-08-03 11:56:50,2026-08-03 11:56:52,2026-08-03 11:56:52
201833,2107,ZFBT3,COMPRA,475,110.9307,4.5189,2026-08-03 13:00:17,2026-08-03 13:00:19,2026-08-03 13:00:19
201834,2742,DFGR7,COMPRA,435,84.0100,3.4348,2026-08-03 16:52:02,2026-08-03 16:52:03,2026-08-03 16:52:03
201835,1303,AYFQ2,VENDA,428,9.7423,8.4342,2026-08-03 13:11:24,2026-08-03 13:11:26,2026-08-03 13:11:26
201836,1265,IWAK1,COMPRA,468,96.7758,4.2592,2026-08-03 12:02:35,2026-08-03 12:02:36,2026-08-03 12:02:36
201837,2345,NPEM3,COMPRA,145,116.0706,3.2460,2026-08-03 11:17:56,2026-08-03 11:17:56,2026-08-03 11:17:56
201838,2948,IWAK1,COMPRA,350,72.7091,11.4122,2026-08-03 10:13:39,2026-08-03 10:13:40,2026-08-03 10:13:40
201839,2637,XPVA7,COMPRA,170,411.5690,3.2851,2026-08-03 11:02:03,2026-08-03 11:02:06,2026-08-03 11:02:06
201840,2069,HCLJ8,COMPRA,370,100.9908,2.3702,2026-08-03 11:32:59,2026-08-03 11:33:01,2026-08-03 11:33:01
201841,2979,QATW7,VENDA,335,50.0491,8.7106,2026-08-03 16:04:33,2026-08-03 16:04:33,2026-08-03 16:04:33
201842,1175,IZTY4,COMPRA,380,24.5380,10.2629,2026-08-03 13:02:26,2026-08-03 13:02:27,2026-08-03 13:02:27
201843,1397,AAUA7,COMPRA,245,149.0698,0.3575,2026-08-03 14:28:20,2026-08-03 14:28:20,2026-08-03 14:28:20
201844,1182,SVOZ4,COMPRA,345,36.1571,9.0813,2026-08-03 15:40:09,2026-08-03 15:40:09,2026-08-03 15:40:09
201845,1874,BOCS8,COMPRA,410,46.7983,8.7848,2026-08-03 14:17:10,2026-08-03 14:17:10,2026-08-03 14:17:10
201846,1862,RYPL6,COMPRA,355,91.6440,9.1543,2026-08-03 13:59:51,2026-08-03 13:59:53,2026-08-03 13:59:53
201847,2226,LIEG8,COMPRA,20,106.0022,9.2911,2026-08-03 13:25:02,2026-08-03 13:25:05,2026-08-03 13:25:05
201848,3201,LIEG8,COMPRA,470,118.4439,5.8156,2026-08-03 11:39:26,2026-08-03 11:39:28,2026-08-03 11:39:28
201849,2446,MCMT2,COMPRA,250,111.3498,8.4149,2026-08-03 14:18:58,2026-08-03 14:19:01,2026-08-03 14:19:01
201850,1766,JIPA6,COMPRA,280,40.5251,8.4574,2026-08-03 12:25:36,2026-08-03 12:25:36,2026-08-03 12:25:36
201851,2576,KFSY2,COMPRA,120,134.2070,12.3994,2026-08-03 13:22:47,2026-08-03 13:22:47,2026-08-03 13:22:47
201852,2809,WIPB2,COMPRA,220,97.0573,3.1445,2026-08-03 16:57:21,2026-08-03 16:57:23,2026-08-03 16:57:23
201853,2714,DQSN6,COMPRA,95,105.0397,6.6393,2026-08-03 13:54:29,2026-08-03 13:54:29,2026-08-03 13:54:29
201854,2416,GAKD5,COMPRA,320,343.4856,7.8568,2026-08-03 15:35:00,2026-08-03 15:35:01,2026-08-03 15:35:01
201855,1583,KFSY2,COMPRA,470,134.6410,8.7394,2026-08-03 12:45:27,2026-08-03 12:45:29,2026-08-03 12:45:29
201856,1377,IZTY4,COMPRA,235,36.1715,2.0514,2026-08-03 15:01:09,2026-08-03 15:01:09,2026-08-03 15:01:09
201857,2449,DFGR7,COMPRA,125,120.4795,10.5110,2026-08-03 11:32:28,2026-08-03 11:32:30,2026-08-03 11:32:30
201858,2779,DMTZ8,COMPRA,214,139.4171,11.4818,2026-08-03 16:04:21,2026-08-03 16:04:23,2026-08-03 16:04:23
201859,1553,LIEG8,COMPRA,215,81.7801,3.1484,2026-08-03 13:00:19,2026-08-03 13:00:19,2026-08-03 13:00:19
201860,3239,JIPA6,COMPRA,285,40.5732,10.9972,2026-08-03 12:27:20,2026-08-03 12:27:23,2026-08-03 12:27:23
201861,1797,AYFQ2,COMPRA,205,14.7230,5.9513,2026-08-03 11:20:58,2026-08-03 11:21:00,2026-08-03 11:21:00
201862,1180,NQYT3,COMPRA,270,57.3728,11.6587,2026-08-03 10:23:39,2026-08-03 10:23:42,2026-08-03 10:23:42
201863,1436,QYBV3,COMPRA,160,75.6988,3.7407,2026-08-03 13:01:39,2026-08-03 13:01:40,2026-08-03 13:01:40
201864,2970,DQSN6,COMPRA,155,136.3313,4.2185,2026-08-03 11:58:48,2026-08-03 11:58:51,2026-08-03 11:58:51
201865,1688,JUDG8,COMPRA,140,68.8826,11.0219,2026-08-03 10:29:19,2026-08-03 10:29:19,2026-08-03 10:29:19
201866,2602,QTHQ1,COMPRA,445,20.9756,3.8456,2026-08-03 13:21:59,2026-08-03 13:22:01,2026-08-03 13:22:01
201867,2871,FRGH8,COMPRA,264,62.1964,6.0247,2026-08-03 12:31:19,2026-08-03 12:31:21,2026-08-03 12:31:21
201868,3257,SUZL4,COMPRA,20,130.9415,6.2557,2026-08-03 11:40:53,2026-08-03 11:40:55,2026-08-03 11:40:55
201869,1609,ACSV1,COMPRA,497,92.2687,5.6245,2026-08-03 15:12:30,2026-08-03 15:12:30,2026-08-03 15:12:30
201870,3115,YOWA1,COMPRA,445,69.1063,0.6005,2026-08-03 15:08:33,2026-08-03 15:08:34,2026-08-03 15:08:34
201871,2599,NQYT3,COMPRA,415,63.6746,2.8221,2026-08-03 15:57:14,2026-08-03 15:57:16,2026-08-03 15:57:16
201872,3344,DFGR7,COMPRA,332,74.9229,2.2563,2026-08-03 12:51:33,2026-08-03 12:51:33,2026-08-03 12:51:33
201873,2147,LCCH9,COMPRA,395,6.9184,11.3251,2026-08-03 12:04:56,2026-08-03 12:04:58,2026-08-03 12:04:58
201874,2316,WMQZ6,COMPRA,255,66.6907,8.7356,2026-08-03 16:58:24,2026-08-03 16:58:25,2026-08-03 16:58:25
201875,1886,UVEY5,COMPRA,230,104.8588,6.9944,2026-08-03 16:41:50,2026-08-03 16:41:52,2026-08-03 16:41:52
201876,2272,KFSY2,COMPRA,15,98.0472,0.7137,2026-08-03 15:11:56,2026-08-03 15:11:59,2026-08-03 15:11:59
201877,1465,AAUA7,COMPRA,250,163.7725,12.4917,2026-08-03 13:46:35,2026-08-03 13:46:35,2026-08-03 13:46:35
201878,1343,WXFC8,COMPRA,75,89.6666,9.7703,2026-08-03 13:09:05,2026-08-03 13:09:08,2026-08-03 13:09:08
201879,2375,SUZL4,COMPRA,115,129.3153,6.9405,2026-08-03 10:03:07,2026-08-03 10:03:09,2026-08-03 10:03:09
201880,3275,FIUW1,COMPRA,250,124.8138,9.9013,2026-08-03 12:46:48,2026-08-03 12:46:48,2026-08-03 12:46:48
201881,1662,HVEX2,COMPRA,303,151.0218,9.6518,2026-08-03 17:08:53,2026-08-03 17:08:54,2026-08-03 17:08:54
201882,1680,NQYT3,COMPRA,5,74.4485,1.3669,2026-08-03 13:25:57,2026-08-03 13:25:57,2026-08-03 13:25:57
201883,1023,ZFBT3,COMPRA,170,82.3448,6.2011,2026-08-03 15:03:24,2026-08-03 15:03:27,2026-08-03 15:03:27
201884,3110,DMTZ8,COMPRA,80,191.7613,3.9847,2026-08-03 11:23:54,2026-08-03 11:23:56,2026-08-03 11:23:56
201885,3415,ZFBT3,COMPRA,180,82.1333,3.7026,2026-08-03 14:57:30,2026-08-03 14:57:30,2026-08-03 14:57:30
201886,2953,NWGB4,COMPRA,420,110.9608,11.2036,2026-08-03 11:54:12,2026-08-03 11:54:14,2026-08-03 11:54:14
201887,1694,YOWA1,COMPRA,30,63.6944,4.0333,2026-08-03 13:44:19,2026-08-03 13:44:19,2026-08-03 13:44:19
201888,2397,PZUP8,COMPRA,210,165.8371,9.5701,2026-08-03 12:38:48,2026-08-03 12:38:49,2026-08-03 12:38:49
201889,3404,PQUT9,COMPRA,465,95.7307,0.1114,2026-08-03 12:00:25,2026-08-03 12:00:28,2026-08-03 12:00:28
201890,1263,UYFJ9,COMPRA,420,107.6105,6.8928,2026-08-03 14:16:14,2026-08-03 14:16:16,2026-08-03 14:16:16
201891,3192,WXFC8,COMPRA,275,75.0121,1.6875,2026-08-03 16:25:58,2026-08-03 16:25:59,2026-08-03 16:25:59
201892,3360,XTVW5,COMPRA,213,112.4573,10.6728,2026-08-03 10:30:35,2026-08-03 10:30:35,2026-08-03 10:30:35
201893,1256,CQIL9,COMPRA,445,35.2559,10.1426,2026-08-03 15:03:02,2026-08-03 15:03:02,2026-08-03 15:03:02
201894,1050,JJVW6,COMPRA,365,116.8093,11.5155,2026-08-03 13:16:42,2026-08-03 13:16:43,2026-08-03 13:16:43
201895,3243,YOWA1,COMPRA,440,70.0793,0.5846,2026-08-03 17:14:05,2026-08-03 17:14:08,2026-08-03 17:14:08
201896,1031,JDJG6,VENDA,441,73.8498,3.1954,2026-08-03 15:11:02,2026-08-03 15:11:04,2026-08-03 15:11:04
201897,1507,MCHX2,COMPRA,270,113.4833,7.9787,2026-08-03 14:15:05,2026-08-03 14:15:08,2026-08-03 14:15:08
201898,1125,OXVD8,COMPRA,175,62.8129,8.3401,2026-08-03 10:17:15,2026-08-03 10:17:15,2026-08-03 10:17:15
201899,1075,SVOZ4,COMPRA,5,44.5977,9.1039,2026-08-03 16:28:49,2026-08-03 16:28:49,2026-08-03 16:28:49
201900,2054,DMTZ8,COMPRA,130,189.0191,3.8330,2026-08-03 12:41:54,2026-08-03 12:41:55,2026-08-03 12:41:55
201901,1346,TXHR8,COMPRA,130,65.2372,7.3339,2026-08-03 15:13:34,2026-08-03 15:13:37,2026-08-03 15:13:37
201902,1517,AAUA7,COMPRA,282,132.6773,6.0584,2026-08-03 16:25:52,2026-08-03 16:25:54,2026-08-03 16:25:54
201903,1799,DFGR7,COMPRA,74,102.3404,8.3984,2026-08-03 17:08:28,2026-08-03 17:08:30,2026-08-03 17:08:30
201904,1171,WIPB2,COMPRA,305,88.7547,11.8892,2026-08-03 14:08:55,2026-08-03 14:08:57,2026-08-03 14:08:57
201905,1840,JUDG8,COMPRA,335,75.3563,4.8155,2026-08-03 16:50:21,2026-08-03 16:50:23,2026-08-03 16:50:23
201906,1283,LQML9,COMPRA,170,163.6972,11.3411,2026-08-03 12:40:36,2026-08-03 12:40:37,2026-08-03 12:40:37
201907,3079,XPVA7,COMPRA,125,439.7155,12.1776,2026-08-03 15:19:35,2026-08-03 15:19:36,2026-08-03 15:19:36
201908,1943,KQEO3,COMPRA,13,68.2206,2.4343,2026-08-03 11:50:09,2026-08-03 11:50:09,2026-08-03 11:50:09
201909,2028,YFAH5,COMPRA,335,172.2995,1.5224,2026-08-03 11:32:43,2026-08-03 11:32:44,2026-08-03 11:32:44
201910,2112,OEQA8,COMPRA,385,469.6396,3.8981,2026-08-03 11:59:03,2026-08-03 11:59:06,2026-08-03 11:59:06
201911,1202,BXFJ9,COMPRA,175,146.8941,12.8107,2026-08-03 17:00:23,2026-08-03 17:00:26,2026-08-03 17:00:26
201912,1339,LGKU6,COMPRA,235,60.2181,2.9114,2026-08-03 17:27:49,2026-08-03 17:27:51,2026-08-03 17:27:51
201913,1454,QQQS1,COMPRA,280,27.6371,12.1132,2026-08-03 16:30:49,2026-08-03 16:30:49,2026-08-03 16:30:49
201914,2595,TVCE9,COMPRA,125,72.8744,11.1075,2026-08-03 13:34:22,2026-08-03 13:34:24,2026-08-03 13:34:24
201915,2586,NGIU9,COMPRA,120,81.9658,11.6976,2026-08-03 13:50:44,2026-08-03 13:50:47,2026-08-03 13:50:47
201916,2099,AAUA7,COMPRA,285,121.8695,10.2484,2026-08-03 14:08:08,2026-08-03 14:08:10,2026-08-03 14:08:10
201917,2441,JIPR4,COMPRA,115,37.6795,12.7670,2026-08-03 13:54:02,2026-08-03 13:54:04,2026-08-03 13:54:04
201918,2871,RYPL6,COMPRA,487,106.9379,2.5465,2026-08-03 13:20:17,2026-08-03 13:20:20,2026-08-03 13:20:20
201919,2341,KQEO3,COMPRA,109,90.5934,4.0667,2026-08-03 14:08:39,2026-08-03 14:08:41,2026-08-03 14:08:41
201920,2419,OXVD8,COMPRA,230,78.5394,7.8582,2026-08-03 15:57:53,2026-08-03 15:57:55,2026-08-03 15:57:55
201921,2633,XPVA7,COMPRA,5,534.6171,11.5891,2026-08-03 15:52:28,2026-08-03 15:52:31,2026-08-03 15:52:31
201922,2291,ZYVN7,COMPRA,220,90.1253,2.8250,2026-08-03 12:25:12,2026-08-03 12:25:12,2026-08-03 12:25:12
201923,2199,OEQA8,COMPRA,190,357.4208,8.0706,2026-08-03 16:50:47,2026-08-03 16:50:47,2026-08-03 16:50:47
201924,1739,DEGN5,COMPRA,45,106.8186,3.0986,2026-08-03 14:30:07,2026-08-03 14:30:10,2026-08-03 14:30:10
201925,2346,NGIU9,COMPRA,210,120.9126,6.3937,2026-08-03 14:10:54,2026-08-03 14:10:57,2026-08-03 14:10:57
201926,1600,XOVY4,COMPRA,475,123.4486,1.3079,2026-08-03 12:16:17,2026-08-03 12:16:18,2026-08-03 12:16:18
201927,1369,RYPL6,COMPRA,220,78.9724,5.9865,2026-08-03 15:18:28,2026-08-03 15:18:29,2026-08-03 15:18:29
201928,1413,OVYL9,COMPRA,15,74.3039,6.2623,2026-08-03 12:43:44,2026-08-03 12:43:46,2026-08-03 12:43:46
201929,1875,GULD2,COMPRA,40,120.0293,9.9874,2026-08-03 13:02:37,2026-08-03 13:02:39,2026-08-03 13:02:39
201930,1009,ECQD7,COMPRA,360,86.2368,6.0900,2026-08-03 13:32:09,2026-08-03 13:32:12,2026-08-03 13:32:12
201931,2131,VLEB3,COMPRA,360,328.0959,10.7777,2026-08-03 12:19:24,2026-08-03 12:19:26,2026-08-03 12:19:26
201932,2431,HVEX2,COMPRA,325,121.4385,10.8080,2026-08-03 15:22:25,2026-08-03 15:22:25,2026-08-03 15:22:25
201933,1250,XPVA7,COMPRA,140,429.7519,0.7359,2026-08-03 13:22:41,2026-08-03 13:22:41,2026-08-03 13:22:41
201934,2579,EEYY9,COMPRA,100,174.7836,2.0998,2026-08-03 10:27:07,2026-08-03 10:27:09,2026-08-03 10:27:09
201935,3328,WHMT3,COMPRA,275,116.4668,12.8374,2026-08-03 11:47:56,2026-08-03 11:47:57,2026-08-03 11:47:57
201936,3418,WXFC8,COMPRA,470,78.7228,11.8198,2026-08-03 12:01:40,2026-08-03 12:01:40,2026-08-03 12:01:40
201937,2753,GULD2,COMPRA,415,105.3144,9.4400,2026-08-03 15:06:46,2026-08-03 15:06:49,2026-08-03 15:06:49
201938,1323,KFSY2,VENDA,110,132.3215,6.3292,2026-08-03 14:37:22,2026-08-03 14:37:23,2026-08-03 14:37:23
201939,3126,AYFQ2,COMPRA,390,14.7731,11.7013,2026-08-03 14:07:44,2026-08-03 14:07:45,2026-08-03 14:07:45
201940,2496,DFGR7,COMPRA,265,85.1623,4.8412,2026-08-03 13:43:01,2026-08-03 13:43:03,2026-08-03 13:43:03
201941,1076,YCCK8,COMPRA,135,453.9266,8.3174,2026-08-03 12:54:38,2026-08-03 12:54:40,2026-08-03 12:54:40
201942,3485,XPVA7,COMPRA,20,455.6993,7.2131,2026-08-03 11:41:54,2026-08-03 11:41:54,2026-08-03 11:41:54
201943,1703,DMTZ8,COMPRA,340,214.0610,1.2075,2026-08-03 12:12:30,2026-08-03 12:12:30,2026-08-03 12:12:30
201944,1410,WXFC8,COMPRA,200,79.0341,9.1892,2026-08-03 13:31:23,2026-08-03 13:31:24,2026-08-03 13:31:24
201945,2017,NUJZ2,COMPRA,110,34.9982,5.0170,2026-08-03 12:16:13,2026-08-03 12:16:15,2026-08-03 12:16:15
201946,1874,DFGR7,COMPRA,121,81.4959,0.1424,2026-08-03 14:41:44,2026-08-03 14:41:47,2026-08-03 14:41:47
201947,1256,NQYT3,COMPRA,40,47.7037,3.2396,2026-08-03 12:05:41,2026-08-03 12:05:42,2026-08-03 12:05:42
201948,1922,MCHX2,COMPRA,460,120.5182,3.1600,2026-08-03 13:32:18,2026-08-03 13:32:19,2026-08-03 13:32:19
201949,1712,KQEO3,COMPRA,135,62.7156,1.3699,2026-08-03 10:13:47,2026-08-03 10:13:49,2026-08-03 10:13:49
201950,2181,IWAK1,COMPRA,290,83.9505,2.8795,2026-08-03 15:18:50,2026-08-03 15:18:53,2026-08-03 15:18:53
201951,2369,UVEY5,COMPRA,68,96.9353,10.7913,2026-08-03 15:23:52,2026-08-03 15:23:53,2026-08-03 15:23:53
201952,1717,MJDL9,VENDA,85,25.9390,8.9475,2026-08-03 15:04:06,2026-08-03 15:04:08,2026-08-03 15:04:08
201953,3404,YRWH3,COMPRA,270,191.0752,6.7615,2026-08-03 13:29:09,2026-08-03 13:29:12,2026-08-03 13:29:12
201954,3438,ZHTL2,COMPRA,185,77.7374,9.1285,2026-08-03 17:23:17,2026-08-03 17:23:20,2026-08-03 17:23:20
201955,3341,VLEB3,COMPRA,475,418.8667,6.7933,2026-08-03 16:36:22,2026-08-03 16:36:25,2026-08-03 16:36:25
201956,2270,GFDF2,COMPRA,270,70.9552,8.1774,2026-08-03 13:24:23,2026-08-03 13:24:25,2026-08-03 13:24:25
201957,3057,YCCK8,COMPRA,340,381.7257,9.1469,2026-08-03 10:51:17,2026-08-03 10:51:17,2026-08-03 10:51:17
201958,3367,EEYY9,COMPRA,405,174.4310,8.3941,2026-08-03 14:04:58,2026-08-03 14:05:01,2026-08-03 14:05:01
201959,3193,YCCK8,COMPRA,440,375.2044,3.8722,2026-08-03 13:28:54,2026-08-03 13:28:54,2026-08-03 13:28:54
201960,2277,HJRH5,COMPRA,365,169.0445,0.1959,2026-08-03 15:27:10,2026-08-03 15:27:13,2026-08-03 15:27:13
201961,1686,UCHR6,COMPRA,200,419.5988,5.1589,2026-08-03 12:32:37,2026-08-03 12:32:38,2026-08-03 12:32:38
201962,2412,JIPR4,COMPRA,5,25.8318,3.6332,2026-08-03 12:30:12,2026-08-03 12:30:12,2026-08-03 12:30:12
201963,1652,NGIU9,COMPRA,155,122.1084,9.3146,2026-08-03 15:17:28,2026-08-03 15:17:30,2026-08-03 15:17:30
201964,2363,LCCH9,COMPRA,217,8.2488,3.9779,2026-08-03 12:48:37,2026-08-03 12:48:40,2026-08-03 12:48:40
201965,3092,PZUP8,COMPRA,470,176.2689,1.5433,2026-08-03 16:53:35,2026-08-03 16:53:38,2026-08-03 16:53:38
201966,2567,RSBT4,COMPRA,67,503.5738,4.4469,2026-08-03 10:07:44,2026-08-03 10:07:45,2026-08-03 10:07:45
201967,1416,SUZL4,COMPRA,165,104.1008,8.3045,2026-08-03 11:51:21,2026-08-03 11:51:23,2026-08-03 11:51:23
201968,3106,WMQZ6,COMPRA,370,66.0434,0.5477,2026-08-03 14:41:07,2026-08-03 14:41:10,2026-08-03 14:41:10
201969,3288,MGRR2,VENDA,365,142.8480,7.9574,2026-08-03 13:38:22,2026-08-03 13:38:23,2026-08-03 13:38:23
201970,1492,SRDU1,COMPRA,15,78.3441,3.2735,2026-08-03 11:05:02,2026-08-03 11:05:03,2026-08-03 11:05:03
201971,2057,VLEB3,COMPRA,215,395.9971,,2026-08-03 14:47:48,2026-08-03 14:47:51,2026-08-03 14:47:51
201972,2522,LQML9,COMPRA,110,131.4628,,2026-08-03 10:26:01,2026-08-03 10:26:02,2026-08-03 10:26:02
201973,2981,NPEM3,COMPRA,380,89.9402,6.9324,2026-08-03 10:32:36,2026-08-03 10:32:36,2026-08-03 10:32:36
201974,1913,MGRR2,COMPRA,95,115.5409,11.1614,2026-08-03 11:18:38,2026-08-03 11:18:41,2026-08-03 11:18:41
201975,2110,SRDU1,VENDA,380,65.2505,8.8749,2026-08-03 13:06:23,2026-08-03 13:06:26,2026-08-03 13:06:26
201976,1030,IWFI1,COMPRA,87,146.6701,6.4943,2026-08-03 15:35:40,2026-08-03 15:35:41,2026-08-03 15:35:41
201977,1202,ZAAS7,COMPRA,100,315.5941,8.1415,2026-08-03 14:25:29,2026-08-03 14:25:32,2026-08-03 14:25:32
201978,1361,JDJG6,COMPRA,350,89.3850,0.7481,2026-08-03 11:36:37,2026-08-03 11:36:37,2026-08-03 11:36:37
201979,2027,TTHO3,COMPRA,10,41.2572,3.2766,2026-08-03 14:34:13,2026-08-03 14:34:14,2026-08-03 14:34:14
201980,2084,KHGP6,COMPRA,430,79.4816,4.8914,2026-08-03 13:37:02,2026-08-03 13:37:04,2026-08-03 13:37:04
201981,3333,HVEX2,COMPRA,45,114.9136,4.9535,2026-08-03 13:48:02,2026-08-03 13:48:05,2026-08-03 13:48:05
201982,2521,FYZB6,COMPRA,200,75.3920,9.9167,2026-08-03 10:08:17,2026-08-03 10:08:17,2026-08-03 10:08:17
201983,2699,UFIU3,COMPRA,305,66.1598,5.2049,2026-08-03 15:15:59,2026-08-03 15:16:01,2026-08-03 15:16:01
201984,3452,FIUW1,COMPRA,60,133.4838,0.3097,2026-08-03 11:50:57,2026-08-03 11:50:58,2026-08-03 11:50:58
201985,1794,NPEM3,COMPRA,40,112.5212,7.7746,2026-08-03 15:38:35,2026-08-03 15:38:36,2026-08-03 15:38:36
201986,1315,TBWG2,COMPRA,37,91.2867,5.8551,2026-08-03 13:32:01,2026-08-03 13:32:02,2026-08-03 13:32:02
201987,3072,JUDG8,COMPRA,65,73.0009,9.2563,2026-08-03 14:38:52,2026-08-03 14:38:55,2026-08-03 14:38:55
201988,2382,YRWH3,COMPRA,230,164.0065,6.4983,2026-08-03 10:39:40,2026-08-03 10:39:43,2026-08-03 10:39:43
201989,3040,MCMT2,COMPRA,305,107.3864,2.9941,2026-08-03 16:10:29,2026-08-03 16:10:30,2026-08-03 16:10:30
201990,3473,ECQD7,COMPRA,55,71.3051,0.8060,2026-08-03 10:50:55,2026-08-03 10:50:55,2026-08-03 10:50:55
201991,3142,LIEG8,COMPRA,385,111.2294,6.4375,2026-08-03 11:14:29,2026-08-03 11:14:31,2026-08-03 11:14:31
201992,1564,FRGH8,COMPRA,470,61.8177,2.7089,2026-08-03 13:12:49,2026-08-03 13:12:50,2026-08-03 13:12:50
201993,1669,TTHO3,COMPRA,438,30.5756,11.4025,2026-08-03 16:06:38,2026-08-03 16:06:38,2026-08-03 16:06:38
201994,1847,TTHO3,COMPRA,30,31.1485,0.7745,2026-08-03 10:53:55,2026-08-03 10:53:57,2026-08-03 10:53:57
201995,2442,PBZM6,COMPRA,392,73.2950,1.0101,2026-08-03 17:10:36,2026-08-03 17:10:38,2026-08-03 17:10:38
201996,1850,IWAK1,VENDA,188,71.0498,1.6558,2026-08-03 10:14:19,2026-08-03 10:14:19,2026-08-03 10:14:19
201997,2663,MCMT2,COMPRA,305,90.5347,2.8056,2026-08-03 15:19:04,2026-08-03 15:19:05,2026-08-03 15:19:05
201998,1803,KFSY2,COMPRA,215,84.8469,2.5938,2026-08-03 12:28:39,2026-08-03 12:28:39,2026-08-03 12:28:39
201999,3317,XAVL3,COMPRA,45,144.4054,10.3855,2026-08-03 12:38:09,2026-08-03 12:38:10,2026-08-03 12:38:10
202000,3110,AAWB3,COMPRA,350,154.1376,2.0417,2026-08-03 17:14:31,2026-08-03 17:14:31,2026-08-03 17:14:31
202001,2718,OEQA8,COMPRA,380,488.3613,3.6329,2026-08-03 14:20:11,2026-08-03 14:20:13,2026-08-03 14:20:13
202002,3139,WXQM6,COMPRA,320,48.0818,2.0845,2026-08-03 13:45:00,2026-08-03 13:45:03,2026-08-03 13:45:03
202003,1570,WXQM6,COMPRA,305,42.2954,10.6159,2026-08-03 13:31:27,2026-08-03 13:31:30,2026-08-03 13:31:30
202004,2184,VLEB3,COMPRA,305,410.7630,6.1049,2026-08-03 12:12:21,2026-08-03 12:12:23,2026-08-03 12:12:23
202005,1958,UYFJ9,COMPRA,20,95.9707,7.3386,2026-08-03 13:25:29,2026-08-03 13:25:31,2026-08-03 13:25:31
202006,2127,QYBV3,COMPRA,159,67.1430,9.4539,2026-08-03 12:05:57,2026-08-03 12:05:57,2026-08-03 12:05:57
202007,2802,FRGH8,COMPRA,490,81.3040,9.8471,2026-08-03 17:02:03,2026-08-03 17:02:04,2026-08-03 17:02:04
202008,3234,QYBV3,COMPRA,395,73.6869,8.9716,2026-08-03 16:50:58,2026-08-03 16:51:01,2026-08-03 16:51:01
202009,2979,NGIU9,COMPRA,255,108.1112,1.6688,2026-08-03 15:49:27,2026-08-03 15:49:28,2026-08-03 15:49:28
202010,3147,LQML9,COMPRA,400,159.8380,7.6139,2026-08-03 12:47:19,2026-08-03 12:47:21,2026-08-03 12:47:21
202011,3214,ICSU4,COMPRA,50,133.5180,7.1664,2026-08-03 11:11:19,2026-08-03 11:11:20,2026-08-03 11:11:20
202012,3300,DFGR7,COMPRA,320,79.8845,0.8617,2026-08-03 12:57:27,2026-08-03 12:57:29,2026-08-03 12:57:29
202013,3177,UYFJ9,COMPRA,75,96.1964,10.4686,2026-08-03 12:38:52,2026-08-03 12:38:52,2026-08-03 12:38:52
202014,2956,ZFBT3,COMPRA,451,110.5464,8.6672,2026-08-03 14:50:01,2026-08-03 14:50:03,2026-08-03 14:50:03
202015,3208,HVEX2,COMPRA,330,104.8207,3.9970,2026-08-03 11:31:01,2026-08-03 11:31:01,2026-08-03 11:31:01
202016,1072,KQEO3,COMPRA,52,62.2827,1.6049,2026-08-03 10:56:04,2026-08-03 10:56:07,2026-08-03 10:56:07
202017,1350,DQSN6,COMPRA,285,118.1659,4.7161,2026-08-03 12:19:25,2026-08-03 12:19:26,2026-08-03 12:19:26
202018,2573,HJRH5,COMPRA,325,156.3313,5.6191,2026-08-03 12:43:25,2026-08-03 12:43:27,2026-08-03 12:43:27
202019,3245,EEYY9,VENDA,255,169.1809,4.6628,2026-08-03 13:01:12,2026-08-03 13:01:13,2026-08-03 13:01:13
202020,3315,WHMT3,COMPRA,295,120.7809,12.8870,2026-08-03 11:02:23,2026-08-03 11:02:24,2026-08-03 11:02:24
202021,2130,DSFC9,COMPRA,245,332.1668,5.9830,2026-08-03 10:27:39,2026-08-03 10:27:41,2026-08-03 10:27:41
202022,3312,OVYL9,COMPRA,260,66.8325,7.4912,2026-08-03 13:07:58,2026-08-03 13:08:01,2026-08-03 13:08:01
202023,3074,QEUC2,COMPRA,389,154.1220,11.6568,2026-08-03 10:07:32,2026-08-03 10:07:32,2026-08-03 10:07:32
202024,2884,LQML9,COMPRA,245,168.9459,11.6171,2026-08-03 16:31:05,2026-08-03 16:31:07,2026-08-03 16:31:07
202025,1277,UYFJ9,COMPRA,355,84.8927,1.8920,2026-08-03 14:27:12,2026-08-03 14:27:14,2026-08-03 14:27:14
202026,1596,FIUW1,COMPRA,100,111.5736,8.0108,2026-08-03 11:07:01,2026-08-03 11:07:02,2026-08-03 11:07:02
202027,2413,ZHTL2,COMPRA,30,56.4093,4.1465,2026-08-03 12:18:24,2026-08-03 12:18:26,2026-08-03 12:18:26
202028,2289,LCCH9,COMPRA,365,6.5327,9.2091,2026-08-03 15:24:30,2026-08-03 15:24:33,2026-08-03 15:24:33
202029,3087,JIPA6,COMPRA,385,44.9221,5.2540,2026-08-03 15:33:41,2026-08-03 15:33:43,2026-08-03 15:33:43
202030,2721,GFDF2,COMPRA,25,100.9137,3.6373,2026-08-03 13:53:10,2026-08-03 13:53:13,2026-08-03 13:53:13
202031,1809,RFNS7,COMPRA,462,77.3732,1.4927,2026-08-03 17:22:35,2026-08-03 17:22:38,2026-08-03 17:22:38
202032,1281,ENRZ2,COMPRA,385,111.8035,4.9916,2026-08-03 13:20:06,2026-08-03 13:20:06,2026-08-03 13:20:06
202033,1456,RDOA3,COMPRA,435,97.6983,5.7643,2026-08-03 15:36:59,2026-08-03 15:37:00,2026-08-03 15:37:00
202034,1211,MGRR2,COMPRA,455,123.9239,9.5169,2026-08-03 17:08:45,2026-08-03 17:08:46,2026-08-03 17:08:46
202035,3402,TXHR8,COMPRA,80,86.7020,12.7176,2026-08-03 15:20:04,2026-08-03 15:20:04,2026-08-03 15:20:04
202036,3251,MGRR2,COMPRA,405,127.4368,4.6931,2026-08-03 16:06:25,2026-08-03 16:06:27,2026-08-03 16:06:27
202037,2916,FIUW1,COMPRA,410,105.4676,11.8141,2026-08-03 12:15:47,2026-08-03 12:15:49,2026-08-03 12:15:49
202038,1987,MJDL9,COMPRA,205,31.1626,3.9810,2026-08-03 10:20:05,2026-08-03 10:20:06,2026-08-03 10:20:06
202039,2478,UVEY5,COMPRA,305,96.2153,9.0222,2026-08-03 13:08:20,2026-08-03 13:08:23,2026-08-03 13:08:23
202040,2015,ERTC4,COMPRA,223,51.6906,4.2606,2026-08-03 15:31:45,2026-08-03 15:31:47,2026-08-03 15:31:47
202041,3197,HJRH5,COMPRA,210,165.1391,4.9917,2026-08-03 14:52:51,2026-08-03 14:52:54,2026-08-03 14:52:54
202042,2914,KFSY2,COMPRA,55,99.0902,8.6183,2026-08-03 16:39:29,2026-08-03 16:39:31,2026-08-03 16:39:31
202043,2974,UQIQ7,COMPRA,335,93.1844,11.0194,2026-08-03 10:52:39,2026-08-03 10:52:39,2026-08-03 10:52:39
202044,2942,RYPL6,COMPRA,100,86.5788,9.5270,2026-08-03 11:31:13,2026-08-03 11:31:14,2026-08-03 11:31:14
202045,1024,NWGB4,COMPRA,25,99.2733,7.9101,2026-08-03 14:27:19,2026-08-03 14:27:21,2026-08-03 14:27:21
202046,3211,UVEY5,COMPRA,389,70.3649,8.8196,2026-08-03 15:23:49,2026-08-03 15:23:50,2026-08-03 15:23:50
202047,3008,TTHO3,COMPRA,430,31.3181,2.4111,2026-08-03 12:14:37,2026-08-03 12:14:38,2026-08-03 12:14:38
202048,1118,YCCK8,COMPRA,295,319.9782,0.2096,2026-08-03 15:42:47,2026-08-03 15:42:48,2026-08-03 15:42:48
202049,1183,MOLF3,COMPRA,350,44.1228,8.2061,2026-08-03 12:49:58,2026-08-03 12:50:00,2026-08-03 12:50:00
202050,1402,GAKD5,COMPRA,230,223.0118,6.8321,2026-08-03 11:52:53,2026-08-03 11:52:53,2026-08-03 11:52:53
202051,2913,RDOA3,COMPRA,155,82.8651,0.4117,2026-08-03 12:30:53,2026-08-03 12:30:55,2026-08-03 12:30:55
202052,2671,XPVA7,COMPRA,360,462.8152,7.6197,2026-08-03 14:42:01,2026-08-03 14:42:03,2026-08-03 14:42:03
202053,2350,SUZL4,COMPRA,245,121.1305,0.3943,2026-08-03 13:29:20,2026-08-03 13:29:23,2026-08-03 13:29:23
202054,2112,RSBT4,COMPRA,290,460.3267,11.4251,2026-08-03 14:48:09,2026-08-03 14:48:10,2026-08-03 14:48:10
202055,1568,CQIL9,COMPRA,495,37.8304,6.5559,2026-08-03 16:12:52,2026-08-03 16:12:52,2026-08-03 16:12:52
202056,2160,LCCH9,COMPRA,140,8.7351,4.3278,2026-08-03 11:43:35,2026-08-03 11:43:36,2026-08-03 11:43:36
202057,1165,LCCH9,COMPRA,110,8.2372,6.7733,2026-08-03 10:18:44,2026-08-03 10:18:44,2026-08-03 10:18:44
202058,2764,SVOZ4,COMPRA,225,52.0362,8.2849,2026-08-03 14:49:50,2026-08-03 14:49:50,2026-08-03 14:49:50
202059,2473,GULD2,COMPRA,336,147.4405,7.1541,2026-08-03 10:55:36,2026-08-03 10:55:37,2026-08-03 10:55:37
202060,2423,RHXV4,COMPRA,425,47.0222,3.5026,2026-08-03 15:50:56,2026-08-03 15:50:59,2026-08-03 15:50:59
202061,2301,GKQC5,COMPRA,59,105.7239,9.5734,2026-08-03 15:31:53,2026-08-03 15:31:54,2026-08-03 15:31:54
202062,1338,TNHT4,COMPRA,250,106.7682,9.0926,2026-08-03 13:54:53,2026-08-03 13:54:55,2026-08-03 13:54:55
202063,1231,XLZM9,COMPRA,447,40.3807,2.7504,2026-08-03 14:44:38,2026-08-03 14:44:41,2026-08-03 14:44:41
202064,1137,QTHQ1,COMPRA,360,27.6121,4.4969,2026-08-03 12:23:07,2026-08-03 12:23:10,2026-08-03 12:23:10
202065,1338,WXQM6,COMPRA,375,39.1487,1.7036,2026-08-03 14:10:34,2026-08-03 14:10:34,2026-08-03 14:10:34
202066,3264,DEGN5,COMPRA,35,85.5564,12.6061,2026-08-03 13:22:13,2026-08-03 13:22:15,2026-08-03 13:22:15
202067,1255,OEQA8,COMPRA,170,344.1792,8.7490,2026-08-03 14:32:43,2026-08-03 14:32:46,2026-08-03 14:32:46
202068,2667,ENRZ2,COMPRA,230,112.9792,9.2411,2026-08-03 15:19:21,2026-08-03 15:19:24,2026-08-03 15:19:24
202069,3161,AYFQ2,COMPRA,165,14.2429,0.9846,2026-08-03 16:39:07,2026-08-03 16:39:10,2026-08-03 16:39:10
202070,1721,DGBT6,COMPRA,120,100.2183,11.3017,2026-08-03 13:12:57,2026-08-03 13:12:59,2026-08-03 13:12:59
202071,3351,WHMT3,COMPRA,330,100.2323,9.2367,2026-08-03 10:43:57,2026-08-03 10:44:00,2026-08-03 10:44:00
202072,2115,AYFQ2,COMPRA,393,13.6277,3.3463,2026-08-03 14:47:01,2026-08-03 14:47:02,2026-08-03 14:47:02
202073,2177,AAUA7,COMPRA,435,114.8828,10.7562,2026-08-03 15:49:36,2026-08-03 15:49:37,2026-08-03 15:49:37
202074,2893,SGBG8,COMPRA,135,70.2032,8.5524,2026-08-03 14:34:24,2026-08-03 14:34:25,2026-08-03 14:34:25
202075,2836,WHMT3,COMPRA,165,123.3911,3.0971,2026-08-03 10:24:13,2026-08-03 10:24:14,2026-08-03 10:24:14
202076,3330,AAWB3,COMPRA,45,174.9302,0.9853,2026-08-03 14:01:02,2026-08-03 14:01:05,2026-08-03 14:01:05
202077,1864,UQJU7,COMPRA,60,76.7221,10.0205,2026-08-03 13:48:50,2026-08-03 13:48:51,2026-08-03 13:48:51
202078,1441,MJDL9,COMPRA,201,38.7961,5.8919,2026-08-03 17:07:56,2026-08-03 17:07:56,2026-08-03 17:07:56
202079,3099,UVEY5,COMPRA,415,96.1694,8.0607,2026-08-03 17:08:35,2026-08-03 17:08:38,2026-08-03 17:08:38
202080,2828,BXFJ9,COMPRA,130,151.0027,5.9834,2026-08-03 14:11:25,2026-08-03 14:11:28,2026-08-03 14:11:28
202081,3135,OVYL9,COMPRA,270,80.3296,7.0097,2026-08-03 16:12:41,2026-08-03 16:12:44,2026-08-03 16:12:44
202082,1206,HCLJ8,COMPRA,325,107.9546,6.4910,2026-08-03 17:29:51,2026-08-03 17:29:52,2026-08-03 17:29:52
202083,2863,QTHQ1,COMPRA,190,25.4042,7.2996,2026-08-03 12:25:31,2026-08-03 12:25:34,2026-08-03 12:25:34
202084,1297,PSEN6,COMPRA,335,175.5782,6.7816,2026-08-03 10:33:38,2026-08-03 10:33:41,2026-08-03 10:33:41
202085,1415,BOCS8,COMPRA,285,58.2196,5.2867,2026-08-03 11:35:07,2026-08-03 11:35:07,2026-08-03 11:35:07
202086,2103,IJJK3,COMPRA,375,101.5143,12.6133,2026-08-03 13:21:04,2026-08-03 13:21:05,2026-08-03 13:21:05
202087,1355,WHMT3,COMPRA,60,106.1636,1.4275,2026-08-03 11:20:58,2026-08-03 11:21:00,2026-08-03 11:21:00
202088,3280,NPEM3,COMPRA,250,117.8153,12.2828,2026-08-03 14:41:57,2026-08-03 14:42:00,2026-08-03 14:42:00
202089,3165,IJJK3,COMPRA,275,134.3592,11.4310,2026-08-03 15:26:12,2026-08-03 15:26:15,2026-08-03 15:26:15
202090,3220,YRWH3,COMPRA,395,226.5697,6.3872,2026-08-03 11:45:04,2026-08-03 11:45:06,2026-08-03 11:45:06
202091,2869,XLZM9,COMPRA,195,40.2278,7.7902,2026-08-03 15:31:07,2026-08-03 15:31:10,2026-08-03 15:31:10
202092,1184,UQJU7,COMPRA,419,60.0000,6.6225,2026-08-03 15:25:23,2026-08-03 15:25:24,2026-08-03 15:25:24
202093,2601,NGIU9,COMPRA,45,100.5426,8.8315,2026-08-03 14:16:14,2026-08-03 14:16:15,2026-08-03 14:16:15
202094,1590,LQML9,COMPRA,405,108.6772,12.4331,2026-08-03 10:38:13,2026-08-03 10:38:15,2026-08-03 10:38:15
202095,2087,YCCK8,COMPRA,40,503.3560,2.2544,2026-08-03 10:23:01,2026-08-03 10:23:02,2026-08-03 10:23:02
202096,1601,IWAK1,COMPRA,276,97.0340,4.9199,2026-08-03 13:06:03,2026-08-03 13:06:06,2026-08-03 13:06:06
202097,3156,JIPR4,COMPRA,395,35.8177,3.3989,2026-08-03 13:48:02,2026-08-03 13:48:05,2026-08-03 13:48:05
202098,2762,NREP8,COMPRA,415,124.1007,5.1142,2026-08-03 15:12:36,2026-08-03 15:12:38,2026-08-03 15:12:38
202099,1126,XLZM9,COMPRA,65,62.5943,1.2611,2026-08-03 14:19:50,2026-08-03 14:19:51,2026-08-03 14:19:51
202100,1962,GFDF2,COMPRA,240,107.2385,12.2800,2026-08-03 12:51:31,2026-08-03 12:51:34,2026-08-03 12:51:34
202101,3406,DSFC9,COMPRA,490,394.3564,0.3685,2026-08-03 11:59:51,2026-08-03 11:59:54,2026-08-03 11:59:54
202102,1164,NYGT6,COMPRA,280,117.9197,3.6999,2026-08-03 15:33:28,2026-08-03 15:33:28,2026-08-03 15:33:28
202103,1069,RSBT4,COMPRA,135,329.2311,2.1113,2026-08-03 16:12:06,2026-08-03 16:12:09,2026-08-03 16:12:09
202104,2108,ZAAS7,COMPRA,477,336.3986,10.5609,2026-08-03 17:20:49,2026-08-03 17:20:52,2026-08-03 17:20:52
202105,2293,PSEN6,COMPRA,433,149.7126,12.7149,2026-08-03 11:57:38,2026-08-03 11:57:39,2026-08-03 11:57:39
202106,2175,QQQS1,COMPRA,350,24.5536,3.5404,2026-08-03 15:02:17,2026-08-03 15:02:20,2026-08-03 15:02:20
202107,1389,RDOA3,COMPRA,135,94.7867,5.8278,2026-08-03 10:53:02,2026-08-03 10:53:05,2026-08-03 10:53:05
202108,3020,UYFJ9,COMPRA,295,91.0649,1.7073,2026-08-03 13:32:03,2026-08-03 13:32:04,2026-08-03 13:32:04
202109,1098,RMRT1,COMPRA,255,90.8928,8.9205,2026-08-03 11:20:53,2026-08-03 11:20:55,2026-08-03 11:20:55
202110,1398,NWGB4,COMPRA,355,113.9695,12.0297,2026-08-03 11:58:53,2026-08-03 11:58:56,2026-08-03 11:58:56
202111,1823,KHGP6,COMPRA,500,112.8297,5.2371,2026-08-03 13:17:25,2026-08-03 13:17:25,2026-08-03 13:17:25
202112,1632,BOCS8,COMPRA,195,51.7364,10.5185,2026-08-03 12:16:46,2026-08-03 12:16:47,2026-08-03 12:16:47
202113,1440,GULD2,COMPRA,60,165.6085,11.1134,2026-08-03 13:30:52,2026-08-03 13:30:54,2026-08-03 13:30:54
202114,1180,DHRM5,COMPRA,100,301.5072,6.2734,2026-08-03 11:54:28,2026-08-03 11:54:31,2026-08-03 11:54:31
202115,2153,UQJU7,COMPRA,110,65.4464,2.2222,2026-08-03 10:13:16,2026-08-03 10:13:18,2026-08-03 10:13:18
202116,1012,RDOA3,COMPRA,442,91.5238,10.4229,2026-08-03 10:20:09,2026-08-03 10:20:11,2026-08-03 10:20:11
202117,1389,WHMT3,COMPRA,195,126.6068,1.9850,2026-08-03 15:39:38,2026-08-03 15:39:40,2026-08-03 15:39:40
202118,2206,NPEM3,COMPRA,305,118.6990,5.9336,2026-08-03 17:07:12,2026-08-03 17:07:14,2026-08-03 17:07:14
202119,2336,JJVW6,COMPRA,225,125.1080,11.5250,2026-08-03 10:42:41,2026-08-03 10:42:43,2026-08-03 10:42:43
202120,2536,GKQC5,VENDA,30,140.2149,6.4354,2026-08-03 13:57:31,2026-08-03 13:57:31,2026-08-03 13:57:31
202121,2522,ZHTL2,COMPRA,330,48.5418,0.2685,2026-08-03 16:21:40,2026-08-03 16:21:43,2026-08-03 16:21:43
202122,1488,BSDJ7,COMPRA,151,287.3461,12.4349,2026-08-03 14:52:22,2026-08-03 14:52:24,2026-08-03 14:52:24
202123,3422,DEGN5,COMPRA,219,99.2847,0.2130,2026-08-03 14:43:20,2026-08-03 14:43:22,2026-08-03 14:43:22
202124,1772,HCLJ8,COMPRA,375,97.1854,7.8288,2026-08-03 14:04:09,2026-08-03 14:04:09,2026-08-03 14:04:09
202125,1465,RYPL6,COMPRA,340,71.0543,10.4044,2026-08-03 17:21:58,2026-08-03 17:22:01,2026-08-03 17:22:01
202126,1256,UQJU7,COMPRA,150,66.5229,4.5002,2026-08-03 11:14:02,2026-08-03 11:14:05,2026-08-03 11:14:05
202127,3481,ECQD7,COMPRA,202,79.0361,7.9230,2026-08-03 16:13:01,2026-08-03 16:13:03,2026-08-03 16:13:03
202128,3202,MJDL9,COMPRA,14,29.3831,3.8555,2026-08-03 13:35:48,2026-08-03 13:35:50,2026-08-03 13:35:50
202129,1009,SVOZ4,COMPRA,445,37.3329,3.0952,2026-08-03 16:03:33,2026-08-03 16:03:36,2026-08-03 16:03:36
202130,1612,UQJU7,COMPRA,500,82.9585,9.9770,2026-08-03 17:20:03,2026-08-03 17:20:03,2026-08-03 17:20:03
202131,1252,FIUW1,COMPRA,240,104.7085,10.5247,2026-08-03 14:08:52,2026-08-03 14:08:52,2026-08-03 14:08:52
202132,1950,LGKU6,COMPRA,280,62.6738,5.6915,2026-08-03 17:28:20,2026-08-03 17:28:21,2026-08-03 17:28:21
202133,1364,UQJU7,COMPRA,15,89.4096,8.1849,2026-08-03 11:53:01,2026-08-03 11:53:04,2026-08-03 11:53:04
202134,2384,FRGH8,COMPRA,170,84.9869,1.3656,2026-08-03 10:40:23,2026-08-03 10:40:26,2026-08-03 10:40:26
202135,1445,PQUT9,COMPRA,445,95.3582,10.2326,2026-08-03 15:13:14,2026-08-03 15:13:14,2026-08-03 15:13:14
202136,3353,BXFJ9,COMPRA,458,193.3460,5.7950,2026-08-03 13:37:02,2026-08-03 13:37:05,2026-08-03 13:37:05
202137,2871,OXVD8,COMPRA,390,91.9434,11.7215,2026-08-03 12:35:15,2026-08-03 12:35:17,2026-08-03 12:35:17
202138,1936,YYLA4,COMPRA,455,197.5536,9.7219,2026-08-03 10:01:52,2026-08-03 10:01:55,2026-08-03 10:01:55
202139,3287,MOLF3,COMPRA,105,58.7389,11.0636,2026-08-03 16:23:38,2026-08-03 16:23:40,2026-08-03 16:23:40
202140,2978,JJVW6,COMPRA,394,120.2447,0.1344,2026-08-03 11:12:09,2026-08-03 11:12:09,2026-08-03 11:12:09
202141,2146,RMRT1,COMPRA,465,123.0313,5.8001,2026-08-03 13:46:48,2026-08-03 13:46:51,2026-08-03 13:46:51
202142,2703,UQIQ7,COMPRA,350,66.6030,10.8545,2026-08-03 12:05:09,2026-08-03 12:05:10,2026-08-03 12:05:10
202143,1747,GULD2,COMPRA,280,131.9602,2.2601,2026-08-03 14:42:25,2026-08-03 14:42:27,2026-08-03 14:42:27
202144,2730,FIUW1,COMPRA,450,98.1493,5.2531,2026-08-03 15:05:12,2026-08-03 15:05:15,2026-08-03 15:05:15
202145,2774,RIET5,COMPRA,490,131.0726,10.4134,2026-08-03 13:34:48,2026-08-03 13:34:51,2026-08-03 13:34:51
202146,1807,PSEN6,VENDA,215,153.6442,4.0601,2026-08-03 10:43:44,2026-08-03 10:43:46,2026-08-03 10:43:46
202147,2206,QHFL8,COMPRA,280,126.9209,2.2775,2026-08-03 15:08:51,2026-08-03 15:08:54,2026-08-03 15:08:54
202148,1211,RFNS7,COMPRA,60,87.8386,6.4590,2026-08-03 14:04:01,2026-08-03 14:04:01,2026-08-03 14:04:01
202149,2026,XPVA7,COMPRA,75,570.5452,0.2971,2026-08-03 11:15:01,2026-08-03 11:15:04,2026-08-03 11:15:04
202150,2148,XAVL3,COMPRA,263,185.5659,6.5306,2026-08-03 10:37:23,2026-08-03 10:37:26,2026-08-03 10:37:26
202151,1242,SRDU1,COMPRA,475,76.2951,9.5053,2026-08-03 11:50:00,2026-08-03 11:50:03,2026-08-03 11:50:03
202152,2346,MJDL9,COMPRA,5,31.6924,3.9494,2026-08-03 10:48:57,2026-08-03 10:48:58,2026-08-03 10:48:58
202153,3181,BOCS8,COMPRA,8,57.3883,5.7527,2026-08-03 11:24:46,2026-08-03 11:24:46,2026-08-03 11:24:46
202154,3016,QHFL8,COMPRA,135,155.3012,9.1315,2026-08-03 16:35:42,2026-08-03 16:35:44,2026-08-03 16:35:44
202155,2289,KHGP6,COMPRA,170,91.3986,9.7603,2026-08-03 17:04:40,2026-08-03 17:04:40,2026-08-03 17:04:40
202156,1322,PQUT9,COMPRA,189,80.7213,6.6804,2026-08-03 13:59:58,2026-08-03 14:00:01,2026-08-03 14:00:01
202157,1812,DMTZ8,COMPRA,30,185.6795,1.6607,2026-08-03 16:32:02,2026-08-03 16:32:04,2026-08-03 16:32:04
202158,1528,WHMT3,COMPRA,210,83.6737,3.8513,2026-08-03 16:28:53,2026-08-03 16:28:56,2026-08-03 16:28:56
202159,2219,BXFJ9,COMPRA,100,130.2638,3.7361,2026-08-03 10:41:52,2026-08-03 10:41:55,2026-08-03 10:41:55
202160,1258,MOLF3,COMPRA,190,40.4333,12.0445,2026-08-03 11:14:25,2026-08-03 11:14:28,2026-08-03 11:14:28
202161,2454,BSDJ7,COMPRA,166,291.8639,1.5054,2026-08-03 10:24:47,2026-08-03 10:24:49,2026-08-03 10:24:49
202162,2475,PSEN6,COMPRA,345,226.8785,4.3072,2026-08-03 12:25:17,2026-08-03 12:25:18,2026-08-03 12:25:18
202163,2577,QHFL8,COMPRA,265,121.8467,12.8295,2026-08-03 16:12:38,2026-08-03 16:12:39,2026-08-03 16:12:39
202164,3283,OVYL9,COMPRA,314,79.9084,2.6239,2026-08-03 13:18:22,2026-08-03 13:18:25,2026-08-03 13:18:25
202165,1993,UFIU3,COMPRA,315,101.6592,12.2138,2026-08-03 16:10:16,2026-08-03 16:10:17,2026-08-03 16:10:17
202166,2223,YFAH5,COMPRA,330,168.8561,6.7206,2026-08-03 12:17:55,2026-08-03 12:17:55,2026-08-03 12:17:55
202167,1618,TXHR8,COMPRA,205,83.3609,6.1859,2026-08-03 15:18:51,2026-08-03 15:18:52,2026-08-03 15:18:52
202168,1996,NREP8,COMPRA,140,104.0058,3.1510,2026-08-03 10:30:23,2026-08-03 10:30:24,2026-08-03 10:30:24
202169,2907,MCMT2,COMPRA,435,119.0903,3.4539,2026-08-03 16:35:25,2026-08-03 16:35:28,2026-08-03 16:35:28
202170,3205,QTDZ2,COMPRA,465,56.7173,11.3067,2026-08-03 14:24:24,2026-08-03 14:24:27,2026-08-03 14:24:27
202171,2400,DFGR7,COMPRA,270,104.6803,8.5618,2026-08-03 15:01:39,2026-08-03 15:01:41,2026-08-03 15:01:41
202172,2077,IZTY4,COMPRA,20,25.6818,6.2454,2026-08-03 10:07:59,2026-08-03 10:08:02,2026-08-03 10:08:02
202173,1602,TNHT4,COMPRA,245,146.4287,12.5665,2026-08-03 11:07:24,2026-08-03 11:07:27,2026-08-03 11:07:27
202174,3323,BSDJ7,COMPRA,440,286.1789,11.1151,2026-08-03 15:55:54,2026-08-03 15:55:54,2026-08-03 15:55:54
202175,3253,KHGP6,COMPRA,415,111.5272,0.2473,2026-08-03 15:46:01,2026-08-03 15:46:03,2026-08-03 15:46:03
202176,2036,GAKD5,COMPRA,435,347.8519,9.9195,2026-08-03 16:34:58,2026-08-03 16:35:01,2026-08-03 16:35:01
202177,3080,RFNS7,COMPRA,420,93.3609,5.8443,2026-08-03 15:24:40,2026-08-03 15:24:40,2026-08-03 15:24:40
202178,3494,PQUT9,COMPRA,65,75.8160,5.8582,2026-08-03 15:59:30,2026-08-03 15:59:32,2026-08-03 15:59:32
202179,2987,ACSV1,COMPRA,140,82.6153,1.3920,2026-08-03 15:15:55,2026-08-03 15:15:56,2026-08-03 15:15:56
202180,1210,NAOF3,COMPRA,105,76.5935,1.1537,2026-08-03 16:24:17,2026-08-03 16:24:20,2026-08-03 16:24:20
202181,2623,VLEB3,COMPRA,365,356.8294,7.6208,2026-08-03 14:04:51,2026-08-03 14:04:52,2026-08-03 14:04:52
202182,3335,TVCE9,COMPRA,105,67.9536,4.8226,2026-08-03 13:08:37,2026-08-03 13:08:37,2026-08-03 13:08:37
202183,1754,OEQA8,COMPRA,160,481.6278,5.0187,2026-08-03 14:36:57,2026-08-03 14:37:00,2026-08-03 14:37:00
202184,2266,GAKD5,COMPRA,325,290.7163,10.0757,2026-08-03 15:55:45,2026-08-03 15:55:47,2026-08-03 15:55:47
202185,3380,NREP8,COMPRA,395,144.4835,10.1212,2026-08-03 13:13:03,2026-08-03 13:13:04,2026-08-03 13:13:04
202186,1851,NYGT6,COMPRA,340,99.8118,11.6594,2026-08-03 15:15:21,2026-08-03 15:15:23,2026-08-03 15:15:23
202187,2443,JIPR4,COMPRA,145,32.1092,8.7919,2026-08-03 12:38:13,2026-08-03 12:38:16,2026-08-03 12:38:16
202188,1326,ICSU4,COMPRA,335,131.6286,10.9209,2026-08-03 11:21:11,2026-08-03 11:21:13,2026-08-03 11:21:13
202189,3204,QTHQ1,COMPRA,325,27.2915,2.3779,2026-08-03 11:42:33,2026-08-03 11:42:33,2026-08-03 11:42:33
202190,1080,BOCS8,COMPRA,455,76.0221,1.9946,2026-08-03 11:51:50,2026-08-03 11:51:53,2026-08-03 11:51:53
202191,2325,QYBV3,COMPRA,477,76.7263,10.6115,2026-08-03 12:43:27,2026-08-03 12:43:29,2026-08-03 12:43:29
202192,2141,ZYVN7,COMPRA,300,74.5642,7.7947,2026-08-03 14:56:51,2026-08-03 14:56:51,2026-08-03 14:56:51
202193,2656,TXHR8,COMPRA,5,80.7199,7.2637,2026-08-03 16:12:50,2026-08-03 16:12:52,2026-08-03 16:12:52
202194,2641,XTVW5,COMPRA,300,131.4229,4.8963,2026-08-03 15:59:33,2026-08-03 15:59:34,2026-08-03 15:59:34
202195,3273,RFNS7,COMPRA,220,98.9945,0.3112,2026-08-03 13:14:12,2026-08-03 13:14:12,2026-08-03 13:14:12
202196,1699,NGIU9,COMPRA,265,94.4762,7.8766,2026-08-03 10:25:41,2026-08-03 10:25:42,2026-08-03 10:25:42
202197,1436,WIPB2,COMPRA,325,98.5124,3.4600,2026-08-03 12:49:25,2026-08-03 12:49:26,2026-08-03 12:49:26
202198,1664,BXFJ9,COMPRA,44,123.5686,12.2881,2026-08-03 13:11:50,2026-08-03 13:11:50,2026-08-03 13:11:50
202199,1841,YCCK8,COMPRA,490,449.5465,7.2466,2026-08-03 14:26:13,2026-08-03 14:26:13,2026-08-03 14:26:13
202200,2891,ENRZ2,COMPRA,170,114.9209,0.1528,2026-08-03 10:18:58,2026-08-03 10:18:59,2026-08-03 10:18:59
202201,1420,QHFL8,COMPRA,276,137.9356,2.1599,2026-08-03 15:33:12,2026-08-03 15:33:15,2026-08-03 15:33:15
202202,1274,YRWH3,COMPRA,460,195.5486,0.1456,2026-08-03 16:16:38,2026-08-03 16:16:41,2026-08-03 16:16:41
202203,2899,HVEX2,COMPRA,50,160.0125,7.4471,2026-08-03 10:44:01,2026-08-03 10:44:02,2026-08-03 10:44:02
202204,3406,HJRH5,COMPRA,225,130.0069,7.5855,2026-08-03 17:13:31,2026-08-03 17:13:31,2026-08-03 17:13:31
202205,2197,QATW7,COMPRA,395,41.5330,2.3743,2026-08-03 14:19:03,2026-08-03 14:19:06,2026-08-03 14:19:06
202206,3139,PQUT9,COMPRA,13,96.5142,1.7219,2026-08-03 11:05:19,2026-08-03 11:05:20,2026-08-03 11:05:20
202207,1845,OEQA8,COMPRA,496,476.2855,10.1915,2026-08-03 10:18:13,2026-08-03 10:18:13,2026-08-03 10:18:13
202208,1138,OVUQ2,COMPRA,380,37.3097,6.0200,2026-08-03 16:20:26,2026-08-03 16:20:26,2026-08-03 16:20:26
202209,1488,JDJG6,COMPRA,185,63.5656,10.5594,2026-08-03 11:04:55,2026-08-03 11:04:56,2026-08-03 11:04:56
202210,1845,ZYVN7,COMPRA,70,71.6429,3.6472,2026-08-03 16:58:58,2026-08-03 16:59:01,2026-08-03 16:59:01
202211,2734,IWFI1,COMPRA,384,173.4764,11.6219,2026-08-03 12:00:26,2026-08-03 12:00:29,2026-08-03 12:00:29
202212,1992,ZHTL2,COMPRA,380,71.9108,4.6865,2026-08-03 17:12:36,2026-08-03 17:12:37,2026-08-03 17:12:37
202213,1845,LQML9,COMPRA,295,163.6073,7.9632,2026-08-03 17:22:50,2026-08-03 17:22:51,2026-08-03 17:22:51
202214,2937,RMRT1,COMPRA,130,89.6168,2.0851,2026-08-03 14:13:51,2026-08-03 14:13:51,2026-08-03 14:13:51
202215,2787,BXFJ9,COMPRA,360,164.0727,10.8577,2026-08-03 16:26:18,2026-08-03 16:26:21,2026-08-03 16:26:21
202216,2162,RMRT1,COMPRA,45,95.6253,1.7138,2026-08-03 11:22:04,2026-08-03 11:22:05,2026-08-03 11:22:05
202217,2723,GFDF2,COMPRA,348,97.0208,9.4246,2026-08-03 15:51:17,2026-08-03 15:51:20,2026-08-03 15:51:20
202218,1805,HVEX2,COMPRA,10,112.4640,9.4295,2026-08-03 12:34:59,2026-08-03 12:34:59,2026-08-03 12:34:59
202219,1757,NHYK8,COMPRA,220,71.1016,11.5732,2026-08-03 14:59:48,2026-08-03 14:59:48,2026-08-03 14:59:48
202220,2171,UVEY5,COMPRA,285,73.9577,10.6907,2026-08-03 13:49:05,2026-08-03 13:49:08,2026-08-03 13:49:08
202221,1320,ZAAS7,COMPRA,55,343.2076,2.2363,2026-08-03 15:31:31,2026-08-03 15:31:33,2026-08-03 15:31:33
202222,2104,HJRH5,COMPRA,455,123.0911,1.2678,2026-08-03 10:00:09,2026-08-03 10:00:11,2026-08-03 10:00:11
202223,2531,RSBT4,COMPRA,25,479.8537,0.2049,2026-08-03 16:06:27,2026-08-03 16:06:29,2026-08-03 16:06:29
202224,3435,KFSY2,COMPRA,405,92.0122,5.7747,2026-08-03 17:29:02,2026-08-03 17:29:04,2026-08-03 17:29:04
202225,1858,BXFJ9,COMPRA,140,186.0740,5.4634,2026-08-03 14:07:47,2026-08-03 14:07:50,2026-08-03 14:07:50
202226,3462,XTVW5,COMPRA,365,105.2948,2.2776,2026-08-03 10:30:49,2026-08-03 10:30:49,2026-08-03 10:30:49
202227,2122,PBZM6,COMPRA,185,49.8128,8.9303,2026-08-03 12:20:21,2026-08-03 12:20:22,2026-08-03 12:20:22
202228,2179,RDOA3,COMPRA,40,77.0081,3.7386,2026-08-03 11:09:05,2026-08-03 11:09:06,2026-08-03 11:09:06
202229,2037,UCHR6,COMPRA,65,400.3788,8.7274,2026-08-03 14:03:56,2026-08-03 14:03:56,2026-08-03 14:03:56
202230,2506,ERTC4,COMPRA,65,47.8316,9.9656,2026-08-03 14:03:04,2026-08-03 14:03:07,2026-08-03 14:03:07
202231,2295,XPVA7,COMPRA,370,353.5136,1.1485,2026-08-03 13:42:43,2026-08-03 13:42:44,2026-08-03 13:42:44
202232,2711,ACSV1,COMPRA,430,83.2205,5.4471,2026-08-03 12:30:23,2026-08-03 12:30:25,2026-08-03 12:30:25
202233,1987,PSEN6,COMPRA,355,205.3600,7.6194,2026-08-03 11:59:25,2026-08-03 11:59:26,2026-08-03 11:59:26
202234,3011,MCHX2,COMPRA,395,86.2495,2.2274,2026-08-03 11:56:29,2026-08-03 11:56:30,2026-08-03 11:56:30
202235,1839,RHXV4,COMPRA,120,64.4572,5.9144,2026-08-03 12:59:43,2026-08-03 12:59:44,2026-08-03 12:59:44
202236,2377,PBZM6,COMPRA,280,75.3768,5.4635,2026-08-03 17:05:27,2026-08-03 17:05:27,2026-08-03 17:05:27
202237,1317,YCCK8,COMPRA,405,381.3149,5.6477,2026-08-03 11:32:38,2026-08-03 11:32:39,2026-08-03 11:32:39
202238,3376,HJRH5,COMPRA,315,154.8446,0.5023,2026-08-03 11:10:44,2026-08-03 11:10:47,2026-08-03 11:10:47
202239,3379,YYLA4,COMPRA,40,242.7370,1.7738,2026-08-03 15:20:44,2026-08-03 15:20:46,2026-08-03 15:20:46
202240,1681,NGIU9,COMPRA,150,98.2676,8.4483,2026-08-03 13:22:28,2026-08-03 13:22:30,2026-08-03 13:22:30
202241,2258,NYGT6,VENDA,170,122.7937,1.2762,2026-08-03 17:08:29,2026-08-03 17:08:30,2026-08-03 17:08:30
202242,3353,MGRR2,COMPRA,295,146.9581,11.2772,2026-08-03 12:13:23,2026-08-03 12:13:26,2026-08-03 12:13:26
202243,3218,UVEY5,COMPRA,300,103.2134,5.7107,2026-08-03 10:59:11,2026-08-03 10:59:11,2026-08-03 10:59:11
202244,2479,QYBV3,COMPRA,70,69.1091,3.2999,2026-08-03 12:15:57,2026-08-03 12:15:57,2026-08-03 12:15:57
202245,2612,LIEG8,COMPRA,270,87.7010,8.3574,2026-08-03 14:09:39,2026-08-03 14:09:39,2026-08-03 14:09:39
202246,3371,KFSY2,COMPRA,355,125.3658,,2026-08-03 14:16:44,2026-08-03 14:16:44,2026-08-03 14:16:44
202247,2969,WHMT3,COMPRA,202,94.0024,7.5627,2026-08-03 14:05:18,2026-08-03 14:05:20,2026-08-03 14:05:20
202248,3472,HJRH5,COMPRA,355,187.5127,9.3826,2026-08-03 17:10:22,2026-08-03 17:10:24,2026-08-03 17:10:24
202249,1328,SUZL4,COMPRA,195,161.7060,6.1188,2026-08-03 15:52:01,2026-08-03 15:52:04,2026-08-03 15:52:04
202250,1464,DFGR7,COMPRA,95,79.0655,11.0489,2026-08-03 10:25:45,2026-08-03 10:25:45,2026-08-03 10:25:45
202251,3360,OEQA8,COMPRA,160,473.1747,3.6252,2026-08-03 16:54:06,2026-08-03 16:54:08,2026-08-03 16:54:08
202252,2322,YFAH5,COMPRA,365,184.3428,3.9591,2026-08-03 13:07:41,2026-08-03 13:07:43,2026-08-03 13:07:43
202253,1219,OEQA8,COMPRA,101,480.4848,1.3324,2026-08-03 11:55:11,2026-08-03 11:55:11,2026-08-03 11:55:11
202254,1237,KFSY2,COMPRA,463,87.5361,3.4798,2026-08-03 12:36:53,2026-08-03 12:36:53,2026-08-03 12:36:53
202255,1937,OVYL9,COMPRA,40,73.9148,8.3376,2026-08-03 10:34:52,2026-08-03 10:34:52,2026-08-03 10:34:52
202256,2717,OEQA8,COMPRA,490,555.6855,12.5559,2026-08-03 11:10:26,2026-08-03 11:10:28,2026-08-03 11:10:28
202257,2325,SUZL4,COMPRA,375,137.8426,2.4841,2026-08-03 16:35:29,2026-08-03 16:35:31,2026-08-03 16:35:31
202258,1051,MOLF3,COMPRA,205,53.2055,11.2886,2026-08-03 15:02:51,2026-08-03 15:02:52,2026-08-03 15:02:52
202259,1073,UCHR6,COMPRA,465,361.5683,1.0719,2026-08-03 10:05:33,2026-08-03 10:05:33,2026-08-03 10:05:33
202260,1043,NWGB4,COMPRA,495,106.4694,7.5133,2026-08-03 15:29:45,2026-08-03 15:29:48,2026-08-03 15:29:48
202261,1535,VLEB3,COMPRA,272,379.5990,3.4256,2026-08-03 13:54:23,2026-08-03 13:54:24,2026-08-03 13:54:24
202262,2474,QYBV3,COMPRA,490,84.1951,8.0766,2026-08-03 13:10:56,2026-08-03 13:10:59,2026-08-03 13:10:59
202263,1408,ICSU4,COMPRA,243,134.3931,4.7914,2026-08-03 17:26:27,2026-08-03 17:26:27,2026-08-03 17:26:27
202264,3369,ICSU4,COMPRA,375,123.5682,3.9202,2026-08-03 12:27:09,2026-08-03 12:27:09,2026-08-03 12:27:09
202265,2970,RHXV4,COMPRA,197,56.4935,9.3597,2026-08-03 16:26:57,2026-08-03 16:27:00,2026-08-03 16:27:00
202266,2043,XTVW5,COMPRA,400,114.3872,6.2642,2026-08-03 16:08:56,2026-08-03 16:08:56,2026-08-03 16:08:56
202267,1697,DQSN6,COMPRA,181,136.0903,,2026-08-03 12:18:20,2026-08-03 12:18:20,2026-08-03 12:18:20
202268,3262,PQUT9,COMPRA,175,101.1522,3.0973,2026-08-03 16:39:34,2026-08-03 16:39:34,2026-08-03 16:39:34
202269,2530,PQUT9,COMPRA,125,97.9968,5.6538,2026-08-03 15:47:16,2026-08-03 15:47:18,2026-08-03 15:47:18
202270,2939,SRDU1,COMPRA,225,101.2827,12.2507,2026-08-03 13:09:02,2026-08-03 13:09:05,2026-08-03 13:09:05
202271,2522,UCHR6,COMPRA,415,454.0810,8.8567,2026-08-03 12:36:42,2026-08-03 12:36:42,2026-08-03 12:36:42
202272,2620,QHFL8,COMPRA,150,136.5552,3.5096,2026-08-03 13:15:53,2026-08-03 13:15:54,2026-08-03 13:15:54
202273,3113,GULD2,COMPRA,150,148.1551,7.9950,2026-08-03 10:24:57,2026-08-03 10:24:57,2026-08-03 10:24:57
202274,2794,YFAH5,COMPRA,190,204.4130,5.8434,2026-08-03 13:56:44,2026-08-03 13:56:44,2026-08-03 13:56:44
202275,1967,RFNS7,COMPRA,440,89.0812,6.8662,2026-08-03 13:12:30,2026-08-03 13:12:30,2026-08-03 13:12:30
202276,2392,NHYK8,COMPRA,119,67.7263,12.5520,2026-08-03 13:10:22,2026-08-03 13:10:22,2026-08-03 13:10:22
202277,1465,QQQS1,COMPRA,380,28.0834,1.6917,2026-08-03 10:43:32,2026-08-03 10:43:34,2026-08-03 10:43:34
202278,3029,QEUC2,COMPRA,230,141.6476,9.8127,2026-08-03 15:36:36,2026-08-03 15:36:38,2026-08-03 15:36:38
202279,3309,ZHTL2,COMPRA,480,52.6445,10.2306,2026-08-03 10:57:23,2026-08-03 10:57:24,2026-08-03 10:57:24
202280,1491,HCLJ8,COMPRA,280,120.5748,2.4130,2026-08-03 10:10:39,2026-08-03 10:10:42,2026-08-03 10:10:42
202281,1607,ECQD7,COMPRA,115,94.7939,10.0363,2026-08-03 16:55:29,2026-08-03 16:55:30,2026-08-03 16:55:30
202282,2934,QQQS1,COMPRA,465,18.4452,5.8133,2026-08-03 15:57:21,2026-08-03 15:57:22,2026-08-03 15:57:22
202283,3013,SGBG8,VENDA,410,102.5373,9.6125,2026-08-03 12:35:13,2026-08-03 12:35:16,2026-08-03 12:35:16
202284,2907,LIEG8,COMPRA,485,119.9586,10.8928,2026-08-03 11:25:47,2026-08-03 11:25:48,2026-08-03 11:25:48
202285,1678,QTDZ2,COMPRA,475,59.5736,3.0196,2026-08-03 13:16:12,2026-08-03 13:16:15,2026-08-03 13:16:15
202286,1779,XTVW5,COMPRA,420,122.1918,9.9572,2026-08-03 17:12:08,2026-08-03 17:12:09,2026-08-03 17:12:09
202287,2442,WHMT3,COMPRA,475,117.2539,9.8194,2026-08-03 12:45:56,2026-08-03 12:45:59,2026-08-03 12:45:59
202288,2857,XTVW5,COMPRA,119,84.4691,11.7339,2026-08-03 10:01:17,2026-08-03 10:01:19,2026-08-03 10:01:19
202289,2754,DFGR7,COMPRA,165,107.9642,0.9954,2026-08-03 15:49:06,2026-08-03 15:49:09,2026-08-03 15:49:09
202290,1944,NGIU9,VENDA,390,96.1273,9.5891,2026-08-03 13:25:42,2026-08-03 13:25:44,2026-08-03 13:25:44
202291,1386,MCMT2,COMPRA,245,99.8559,5.4257,2026-08-03 17:28:28,2026-08-03 17:28:28,2026-08-03 17:28:28
202292,1764,YOWA1,COMPRA,345,58.8422,3.6086,2026-08-03 12:20:21,2026-08-03 12:20:23,2026-08-03 12:20:23
202293,2184,CQJZ4,COMPRA,373,80.4746,4.7383,2026-08-03 10:04:20,2026-08-03 10:04:23,2026-08-03 10:04:23
202294,2291,AYFQ2,COMPRA,235,14.2885,4.4352,2026-08-03 12:48:41,2026-08-03 12:48:42,2026-08-03 12:48:42
202295,1140,NPEM3,COMPRA,65,90.1008,11.6931,2026-08-03 17:04:58,2026-08-03 17:05:00,2026-08-03 17:05:00
202296,2233,OEQA8,COMPRA,425,550.8211,0.8137,2026-08-03 16:13:06,2026-08-03 16:13:07,2026-08-03 16:13:07
202297,2753,XTVW5,COMPRA,245,115.6140,2.2182,2026-08-03 11:07:13,2026-08-03 11:07:16,2026-08-03 11:07:16
202298,2700,NUJZ2,COMPRA,215,26.9724,4.7438,2026-08-03 12:01:18,2026-08-03 12:01:20,2026-08-03 12:01:20
202299,1733,RIET5,COMPRA,95,124.2639,4.6765,2026-08-03 15:15:18,2026-08-03 15:15:21,2026-08-03 15:15:21
202300,1882,JIPA6,COMPRA,120,42.3586,,2026-08-03 11:45:28,2026-08-03 11:45:29,2026-08-03 11:45:29
202301,3015,IWAK1,COMPRA,374,79.4131,4.8831,2026-08-03 10:58:21,2026-08-03 10:58:22,2026-08-03 10:58:22
202302,3102,QHFL8,COMPRA,275,122.6771,0.0626,2026-08-03 13:09:00,2026-08-03 13:09:03,2026-08-03 13:09:03
202303,2436,JIPA6,COMPRA,375,28.8170,12.5341,2026-08-03 15:46:05,2026-08-03 15:46:07,2026-08-03 15:46:07
202304,1033,KFSY2,COMPRA,100,106.8758,10.5708,2026-08-03 11:42:00,2026-08-03 11:42:01,2026-08-03 11:42:01
202305,1711,SGBG8,COMPRA,40,71.2539,2.4418,2026-08-03 16:16:02,2026-08-03 16:16:05,2026-08-03 16:16:05
202306,2722,KQEO3,COMPRA,45,72.9972,8.3281,2026-08-03 12:21:30,2026-08-03 12:21:33,2026-08-03 12:21:33
202307,3043,IJJK3,COMPRA,20,124.8165,1.8522,2026-08-03 10:51:57,2026-08-03 10:51:58,2026-08-03 10:51:58
202308,2929,FRGH8,COMPRA,95,72.2785,12.4030,2026-08-03 16:26:52,2026-08-03 16:26:54,2026-08-03 16:26:54
202309,1865,MOLF3,COMPRA,495,45.7819,2.7061,2026-08-03 12:32:21,2026-08-03 12:32:22,2026-08-03 12:32:22
202310,1884,NPEM3,COMPRA,20,80.0118,6.8018,2026-08-03 10:40:35,2026-08-03 10:40:38,2026-08-03 10:40:38
202311,1583,EEYY9,COMPRA,98,121.1052,7.2918,2026-08-03 15:54:41,2026-08-03 15:54:43,2026-08-03 15:54:43
202312,3157,NWGB4,COMPRA,260,113.5484,12.4559,2026-08-03 11:26:46,2026-08-03 11:26:47,2026-08-03 11:26:47
202313,2174,TNHT4,COMPRA,235,133.3083,3.4019,2026-08-03 16:11:15,2026-08-03 16:11:15,2026-08-03 16:11:15
202314,2792,UCHR6,COMPRA,295,454.5964,11.3141,2026-08-03 11:03:14,2026-08-03 11:03:16,2026-08-03 11:03:16
202315,2451,LGKU6,COMPRA,70,87.7553,6.2968,2026-08-03 16:09:41,2026-08-03 16:09:42,2026-08-03 16:09:42
202316,3163,SGBG8,COMPRA,212,93.9450,1.7974,2026-08-03 15:13:42,2026-08-03 15:13:43,2026-08-03 15:13:43
202317,1869,YFAH5,COMPRA,485,147.7263,2.2590,2026-08-03 15:12:01,2026-08-03 15:12:03,2026-08-03 15:12:03
202318,1975,XOVY4,COMPRA,30,123.0127,10.4358,2026-08-03 12:34:18,2026-08-03 12:34:21,2026-08-03 12:34:21
202319,1579,TVCE9,COMPRA,267,70.9546,8.5925,2026-08-03 13:15:10,2026-08-03 13:15:10,2026-08-03 13:15:10
202320,2993,TBWG2,COMPRA,295,65.1535,8.7281,2026-08-03 10:50:02,2026-08-03 10:50:05,2026-08-03 10:50:05
202321,2400,ZAAS7,COMPRA,400,446.5126,4.4775,2026-08-03 16:32:10,2026-08-03 16:32:10,2026-08-03 16:32:10
202322,2807,TVCE9,COMPRA,285,77.3820,1.5915,2026-08-03 13:18:25,2026-08-03 13:18:28,2026-08-03 13:18:28
202323,3130,OVUQ2,COMPRA,55,37.8684,5.9254,2026-08-03 10:28:36,2026-08-03 10:28:38,2026-08-03 10:28:38
202324,1779,LIEG8,COMPRA,323,75.4828,1.7199,2026-08-03 17:16:12,2026-08-03 17:16:14,2026-08-03 17:16:14
202325,3117,XTVW5,COMPRA,290,105.9141,6.1430,2026-08-03 10:49:55,2026-08-03 10:49:55,2026-08-03 10:49:55
202326,1677,IWFI1,COMPRA,390,153.6208,10.8823,2026-08-03 17:25:38,2026-08-03 17:25:39,2026-08-03 17:25:39
202327,1502,RIET5,COMPRA,355,162.3670,9.9557,2026-08-03 11:03:40,2026-08-03 11:03:43,2026-08-03 11:03:43
202328,2846,WXQM6,COMPRA,278,41.6209,0.3559,2026-08-03 13:44:05,2026-08-03 13:44:05,2026-08-03 13:44:05
202329,1623,LCCH9,COMPRA,100,10.2619,2.3443,2026-08-03 12:44:52,2026-08-03 12:44:54,2026-08-03 12:44:54
202330,3477,SUZL4,COMPRA,105,116.3573,4.1937,2026-08-03 12:54:20,2026-08-03 12:54:21,2026-08-03 12:54:21
202331,2699,ACSV1,COMPRA,285,95.1360,5.1347,2026-08-03 12:45:03,2026-08-03 12:45:05,2026-08-03 12:45:05
202332,1182,XPVA7,COMPRA,432,485.8813,11.0933,2026-08-03 13:32:17,2026-08-03 13:32:20,2026-08-03 13:32:20
202333,2020,NREP8,COMPRA,30,108.3452,11.2561,2026-08-03 16:12:07,2026-08-03 16:12:10,2026-08-03 16:12:10
202334,2682,WXFC8,COMPRA,170,84.6857,7.1042,2026-08-03 10:57:06,2026-08-03 10:57:07,2026-08-03 10:57:07
202335,2297,NQYT3,COMPRA,95,59.0355,11.3753,2026-08-03 14:00:16,2026-08-03 14:00:16,2026-08-03 14:00:16
202336,2626,DQSN6,COMPRA,22,167.4381,10.1327,2026-08-03 10:30:10,2026-08-03 10:30:12,2026-08-03 10:30:12
202337,1388,LGKU6,COMPRA,100,63.8533,3.5937,2026-08-03 15:36:37,2026-08-03 15:36:38,2026-08-03 15:36:38
202338,3036,CQIL9,COMPRA,45,27.8928,9.5173,2026-08-03 16:23:03,2026-08-03 16:23:06,2026-08-03 16:23:06
202339,1436,ZFBT3,COMPRA,406,86.0227,8.2917,2026-08-03 17:17:10,2026-08-03 17:17:11,2026-08-03 17:17:11
202340,2518,RYPL6,COMPRA,120,107.6536,9.6006,2026-08-03 15:14:44,2026-08-03 15:14:47,2026-08-03 15:14:47
202341,2004,IPXK2,COMPRA,460,333.5834,5.7251,2026-08-03 15:39:54,2026-08-03 15:39:57,2026-08-03 15:39:57
202342,1314,LCCH9,COMPRA,460,7.2686,9.6589,2026-08-03 13:24:28,2026-08-03 13:24:28,2026-08-03 13:24:28
202343,1835,XLZM9,COMPRA,300,59.7087,3.8853,2026-08-03 12:09:01,2026-08-03 12:09:02,2026-08-03 12:09:02
202344,2635,JJVW6,COMPRA,170,117.1867,12.6810,2026-08-03 14:31:51,2026-08-03 14:31:51,2026-08-03 14:31:51
202345,1728,IJJK3,COMPRA,445,127.1418,2.0647,2026-08-03 13:35:08,2026-08-03 13:35:08,2026-08-03 13:35:08
202346,3411,WXQM6,COMPRA,465,57.9257,11.4556,2026-08-03 10:39:34,2026-08-03 10:39:37,2026-08-03 10:39:37
202347,2916,EEYY9,COMPRA,59,194.6583,0.2050,2026-08-03 13:42:53,2026-08-03 13:42:54,2026-08-03 13:42:54
202348,2364,NREP8,COMPRA,430,96.8755,7.8609,2026-08-03 13:42:26,2026-08-03 13:42:28,2026-08-03 13:42:28
202349,2732,SGBG8,COMPRA,45,92.1255,11.2946,2026-08-03 13:52:39,2026-08-03 13:52:40,2026-08-03 13:52:40
202350,1794,ICSU4,COMPRA,240,159.0279,8.1640,2026-08-03 15:38:48,2026-08-03 15:38:50,2026-08-03 15:38:50
202351,2888,ACSV1,COMPRA,182,122.5754,10.7943,2026-08-03 14:37:02,2026-08-03 14:37:04,2026-08-03 14:37:04
202352,1969,WMQZ6,COMPRA,440,71.7612,5.0165,2026-08-03 12:49:47,2026-08-03 12:49:48,2026-08-03 12:49:48
202353,3059,LGKU6,COMPRA,280,62.3773,2.6645,2026-08-03 14:11:45,2026-08-03 14:11:48,2026-08-03 14:11:48
202354,1699,SGBG8,COMPRA,165,98.1759,8.1009,2026-08-03 12:12:16,2026-08-03 12:12:17,2026-08-03 12:12:17
202355,2941,RYPL6,COMPRA,425,74.2522,6.1370,2026-08-03 16:41:49,2026-08-03 16:41:52,2026-08-03 16:41:52
202356,1470,PQUT9,COMPRA,205,90.5265,3.0657,2026-08-03 10:30:09,2026-08-03 10:30:09,2026-08-03 10:30:09
202357,2466,IJJK3,COMPRA,191,100.1861,9.1090,2026-08-03 12:01:48,2026-08-03 12:01:48,2026-08-03 12:01:48
202358,1426,IWFI1,COMPRA,240,145.0873,1.3839,2026-08-03 16:53:16,2026-08-03 16:53:17,2026-08-03 16:53:17
202359,1470,DGBT6,COMPRA,80,69.7510,3.1132,2026-08-03 13:13:04,2026-08-03 13:13:06,2026-08-03 13:13:06
202360,2194,ZFBT3,COMPRA,340,96.4925,5.1129,2026-08-03 16:16:21,2026-08-03 16:16:24,2026-08-03 16:16:24
202361,1316,ZFBT3,COMPRA,300,90.8994,1.5874,2026-08-03 11:40:22,2026-08-03 11:40:22,2026-08-03 11:40:22
202362,2319,GAKD5,COMPRA,210,281.4149,1.5849,2026-08-03 12:17:40,2026-08-03 12:17:43,2026-08-03 12:17:43
202363,3359,AYFQ2,COMPRA,20,10.2883,6.3670,2026-08-03 15:51:28,2026-08-03 15:51:30,2026-08-03 15:51:30
202364,2546,HJRH5,COMPRA,245,186.0238,3.9277,2026-08-03 15:41:14,2026-08-03 15:41:17,2026-08-03 15:41:17
202365,1514,ZFBT3,COMPRA,435,95.6533,8.2394,2026-08-03 12:36:05,2026-08-03 12:36:05,2026-08-03 12:36:05
202366,1834,RMRT1,COMPRA,170,102.2473,0.5303,2026-08-03 10:08:02,2026-08-03 10:08:02,2026-08-03 10:08:02
202367,3079,HCZM2,COMPRA,120,528.3224,9.7949,2026-08-03 16:48:35,2026-08-03 16:48:35,2026-08-03 16:48:35
202368,2479,RIET5,COMPRA,10,148.4046,7.3481,2026-08-03 16:48:36,2026-08-03 16:48:39,2026-08-03 16:48:39
202369,2050,OXVD8,COMPRA,330,75.0934,0.5798,2026-08-03 13:49:18,2026-08-03 13:49:20,2026-08-03 13:49:20
202370,1612,BSDJ7,COMPRA,370,185.7733,3.7662,2026-08-03 11:36:26,2026-08-03 11:36:28,2026-08-03 11:36:28
202371,3300,NHYK8,COMPRA,500,83.2732,7.9406,2026-08-03 16:48:39,2026-08-03 16:48:42,2026-08-03 16:48:42
202372,2398,QHFL8,COMPRA,331,166.4340,2.0227,2026-08-03 10:52:26,2026-08-03 10:52:27,2026-08-03 10:52:27
202373,2894,LGKU6,COMPRA,485,96.8279,10.6603,2026-08-03 10:02:51,2026-08-03 10:02:52,2026-08-03 10:02:52
202374,1119,LCCH9,COMPRA,485,9.8831,7.6854,2026-08-03 13:09:11,2026-08-03 13:09:12,2026-08-03 13:09:12
202375,3107,SGBG8,COMPRA,150,79.5787,1.7722,2026-08-03 14:24:55,2026-08-03 14:24:55,2026-08-03 14:24:55
202376,2471,WIPB2,COMPRA,30,94.7300,12.5199,2026-08-03 16:38:45,2026-08-03 16:38:45,2026-08-03 16:38:45
202377,2546,YRWH3,COMPRA,184,175.2561,5.7204,2026-08-03 16:03:36,2026-08-03 16:03:37,2026-08-03 16:03:37
202378,1399,DHRM5,COMPRA,290,329.1933,2.5055,2026-08-03 16:25:54,2026-08-03 16:25:55,2026-08-03 16:25:55
202379,2110,HJRH5,COMPRA,135,173.1777,12.1239,2026-08-03 16:45:15,2026-08-03 16:45:15,2026-08-03 16:45:15
202380,1189,RHXV4,COMPRA,8,54.1664,7.8620,2026-08-03 12:40:17,2026-08-03 12:40:20,2026-08-03 12:40:20
202381,2093,IWAK1,COMPRA,65,85.9724,3.2450,2026-08-03 17:26:29,2026-08-03 17:26:29,2026-08-03 17:26:29
202382,1483,ZFBT3,COMPRA,115,123.4219,11.2429,2026-08-03 13:50:24,2026-08-03 13:50:24,2026-08-03 13:50:24
202383,1413,TNHT4,COMPRA,233,104.1577,8.7657,2026-08-03 10:49:12,2026-08-03 10:49:12,2026-08-03 10:49:12
202384,1972,DQSN6,COMPRA,120,155.5262,9.1185,2026-08-03 11:26:01,2026-08-03 11:26:01,2026-08-03 11:26:01
202385,2059,QEUC2,COMPRA,360,207.4157,5.5171,2026-08-03 14:03:08,2026-08-03 14:03:11,2026-08-03 14:03:11
202386,1350,DFGR7,COMPRA,240,89.5109,12.1246,2026-08-03 14:43:04,2026-08-03 14:43:06,2026-08-03 14:43:06
202387,1069,BXFJ9,COMPRA,435,176.8905,7.4505,2026-08-03 14:00:51,2026-08-03 14:00:51,2026-08-03 14:00:51
202388,2587,DQSN6,VENDA,130,109.5421,6.0614,2026-08-03 12:43:50,2026-08-03 12:43:50,2026-08-03 12:43:50
202389,1424,NREP8,COMPRA,55,152.3081,10.1033,2026-08-03 16:34:42,2026-08-03 16:34:42,2026-08-03 16:34:42
202390,2280,NHYK8,COMPRA,205,53.3027,10.0575,2026-08-03 14:19:38,2026-08-03 14:19:39,2026-08-03 14:19:39
202391,3005,UQIQ7,COMPRA,351,85.5942,4.2357,2026-08-03 11:43:39,2026-08-03 11:43:42,2026-08-03 11:43:42
202392,2854,IWAK1,COMPRA,415,63.6453,6.1930,2026-08-03 10:04:21,2026-08-03 10:04:24,2026-08-03 10:04:24
202393,1730,OXVD8,COMPRA,432,91.4469,9.9949,2026-08-03 15:35:28,2026-08-03 15:35:29,2026-08-03 15:35:29
202394,2439,JIPA6,COMPRA,326,34.9355,9.3938,2026-08-03 12:07:26,2026-08-03 12:07:29,2026-08-03 12:07:29
202395,1936,DMTZ8,COMPRA,210,184.1034,2.5327,2026-08-03 13:31:09,2026-08-03 13:31:11,2026-08-03 13:31:11
202396,1785,QATW7,COMPRA,315,41.7945,3.7628,2026-08-03 13:25:41,2026-08-03 13:25:42,2026-08-03 13:25:42
202397,1301,UQJU7,COMPRA,470,83.3911,8.1090,2026-08-03 10:48:42,2026-08-03 10:48:44,2026-08-03 10:48:44
202398,1766,NWGB4,COMPRA,110,162.3175,3.2905,2026-08-03 14:28:53,2026-08-03 14:28:53,2026-08-03 14:28:53
202399,3137,RDOA3,COMPRA,444,110.8835,6.7535,2026-08-03 10:23:11,2026-08-03 10:23:12,2026-08-03 10:23:12
202400,2212,NREP8,COMPRA,310,123.7266,9.0746,2026-08-03 14:17:20,2026-08-03 14:17:23,2026-08-03 14:17:23
202401,2942,DFGR7,COMPRA,310,74.4340,3.0949,2026-08-03 15:19:13,2026-08-03 15:19:14,2026-08-03 15:19:14
202402,1481,QATW7,COMPRA,400,37.5815,6.4944,2026-08-03 16:42:03,2026-08-03 16:42:05,2026-08-03 16:42:05
202403,1100,ZFBT3,COMPRA,320,118.9927,2.1885,2026-08-03 17:03:01,2026-08-03 17:03:03,2026-08-03 17:03:03
202404,3245,TBWG2,COMPRA,380,71.8803,10.0771,2026-08-03 11:55:26,2026-08-03 11:55:28,2026-08-03 11:55:28
202405,2459,MOLF3,COMPRA,220,48.0282,7.9457,2026-08-03 13:46:17,2026-08-03 13:46:17,2026-08-03 13:46:17
202406,3061,SUZL4,COMPRA,100,137.6767,2.6743,2026-08-03 10:52:50,2026-08-03 10:52:52,2026-08-03 10:52:52
202407,1467,LIEG8,COMPRA,275,110.9754,11.7346,2026-08-03 13:40:49,2026-08-03 13:40:52,2026-08-03 13:40:52
202408,1790,NUJZ2,COMPRA,310,32.3838,12.0271,2026-08-03 13:53:04,2026-08-03 13:53:05,2026-08-03 13:53:05
202409,2687,JIPR4,COMPRA,153,28.5031,0.5140,2026-08-03 13:55:03,2026-08-03 13:55:03,2026-08-03 13:55:03
202410,1286,LGKU6,COMPRA,45,80.1297,4.9089,2026-08-03 15:59:13,2026-08-03 15:59:15,2026-08-03 15:59:15
202411,3030,RYPL6,COMPRA,138,69.1739,3.2095,2026-08-03 11:53:47,2026-08-03 11:53:48,2026-08-03 11:53:48
202412,3077,YYLA4,COMPRA,60,162.6892,8.2464,2026-08-03 17:16:29,2026-08-03 17:16:31,2026-08-03 17:16:31
202413,1191,XLZM9,COMPRA,380,44.6583,12.5157,2026-08-03 14:11:47,2026-08-03 14:11:49,2026-08-03 14:11:49
202414,1604,YOWA1,COMPRA,355,50.8811,0.9759,2026-08-03 13:22:45,2026-08-03 13:22:48,2026-08-03 13:22:48
202415,3008,NWGB4,COMPRA,460,134.6665,9.0417,2026-08-03 15:18:29,2026-08-03 15:18:31,2026-08-03 15:18:31
202416,1414,DSFC9,COMPRA,110,482.5060,3.5745,2026-08-03 15:19:25,2026-08-03 15:19:28,2026-08-03 15:19:28
202417,2763,XOVY4,COMPRA,73,111.9105,5.1471,2026-08-03 14:15:51,2026-08-03 14:15:54,2026-08-03 14:15:54
202418,3089,KHGP6,VENDA,440,108.8368,0.2098,2026-08-03 15:46:09,2026-08-03 15:46:10,2026-08-03 15:46:10
202419,2838,ERTC4,COMPRA,210,45.1061,1.7470,2026-08-03 11:12:57,2026-08-03 11:12:57,2026-08-03 11:12:57
202420,2992,IWAK1,COMPRA,145,81.2573,3.3640,2026-08-03 11:51:37,2026-08-03 11:51:39,2026-08-03 11:51:39
202421,1950,ENRZ2,COMPRA,395,118.4651,9.6245,2026-08-03 15:18:00,2026-08-03 15:18:01,2026-08-03 15:18:01
202422,2470,WXQM6,COMPRA,325,49.2132,6.6038,2026-08-03 10:21:29,2026-08-03 10:21:29,2026-08-03 10:21:29
202423,2937,QYBV3,COMPRA,215,75.1536,1.3313,2026-08-03 13:08:49,2026-08-03 13:08:50,2026-08-03 13:08:50
202424,2237,SVOZ4,COMPRA,365,57.7509,5.7477,2026-08-03 16:59:09,2026-08-03 16:59:12,2026-08-03 16:59:12
202425,2254,BOCS8,COMPRA,330,63.6371,12.6688,2026-08-03 16:07:19,2026-08-03 16:07:20,2026-08-03 16:07:20
202426,2842,FRGH8,COMPRA,45,71.8176,7.0896,2026-08-03 10:02:03,2026-08-03 10:02:05,2026-08-03 10:02:05
202427,2585,ZHTL2,COMPRA,120,52.7977,1.2763,2026-08-03 12:50:24,2026-08-03 12:50:25,2026-08-03 12:50:25
202428,2679,NAOF3,COMPRA,235,79.3016,4.6158,2026-08-03 15:07:47,2026-08-03 15:07:48,2026-08-03 15:07:48
202429,1063,ENRZ2,COMPRA,70,122.9290,9.6215,2026-08-03 10:12:04,2026-08-03 10:12:07,2026-08-03 10:12:07
202430,1140,WMQZ6,COMPRA,485,89.9335,4.0008,2026-08-03 14:45:54,2026-08-03 14:45:54,2026-08-03 14:45:54
202431,3248,DGBT6,COMPRA,443,99.2934,8.3966,2026-08-03 12:51:32,2026-08-03 12:51:32,2026-08-03 12:51:32
202432,3130,XPVA7,COMPRA,15,388.6249,9.8007,2026-08-03 16:51:36,2026-08-03 16:51:38,2026-08-03 16:51:38
202433,3398,NYGT6,COMPRA,230,109.9328,10.5835,2026-08-03 11:44:51,2026-08-03 11:44:52,2026-08-03 11:44:52
202434,1668,OEQA8,COMPRA,393,385.8783,10.6320,2026-08-03 12:11:04,2026-08-03 12:11:04,2026-08-03 12:11:04
202435,1891,FRGH8,COMPRA,425,79.8121,12.2467,2026-08-03 10:27:37,2026-08-03 10:27:39,2026-08-03 10:27:39
202436,1945,FRGH8,COMPRA,35,82.9574,4.9186,2026-08-03 11:54:27,2026-08-03 11:54:27,2026-08-03 11:54:27
202437,3035,DSFC9,COMPRA,460,433.5652,4.8636,2026-08-03 11:02:23,2026-08-03 11:02:24,2026-08-03 11:02:24
202438,2800,YCCK8,COMPRA,436,368.4943,5.0185,2026-08-03 16:26:24,2026-08-03 16:26:27,2026-08-03 16:26:27
202439,3163,CQJZ4,COMPRA,435,82.0376,0.7247,2026-08-03 10:08:22,2026-08-03 10:08:24,2026-08-03 10:08:24
202440,1048,QQQS1,COMPRA,85,23.7182,7.8997,2026-08-03 14:24:59,2026-08-03 14:25:00,2026-08-03 14:25:00
202441,2521,XPVA7,COMPRA,270,495.9477,5.8342,2026-08-03 15:26:35,2026-08-03 15:26:36,2026-08-03 15:26:36
202442,2210,PQUT9,COMPRA,190,71.1119,2.6970,2026-08-03 11:10:40,2026-08-03 11:10:43,2026-08-03 11:10:43
202443,3136,TXHR8,COMPRA,350,80.1618,0.6010,2026-08-03 16:58:39,2026-08-03 16:58:41,2026-08-03 16:58:41
202444,2023,WMQZ6,COMPRA,35,95.6205,6.2170,2026-08-03 10:50:34,2026-08-03 10:50:35,2026-08-03 10:50:35
202445,1065,KQEO3,COMPRA,455,74.3387,10.5547,2026-08-03 12:29:28,2026-08-03 12:29:29,2026-08-03 12:29:29
202446,2910,ZHTL2,COMPRA,145,76.1294,4.4059,2026-08-03 10:24:47,2026-08-03 10:24:47,2026-08-03 10:24:47
202447,1091,LIEG8,COMPRA,45,84.1310,9.8482,2026-08-03 13:13:59,2026-08-03 13:13:59,2026-08-03 13:13:59
202448,2917,ZAAS7,COMPRA,70,379.9869,9.4919,2026-08-03 11:20:18,2026-08-03 11:20:21,2026-08-03 11:20:21
202449,3142,UYFJ9,COMPRA,23,87.0447,6.0731,2026-08-03 14:33:05,2026-08-03 14:33:06,2026-08-03 14:33:06
202450,1114,KFSY2,COMPRA,460,139.5667,7.7415,2026-08-03 15:28:19,2026-08-03 15:28:19,2026-08-03 15:28:19
202451,3195,XPVA7,COMPRA,175,409.1794,6.1765,2026-08-03 15:45:43,2026-08-03 15:45:45,2026-08-03 15:45:45
202452,2487,VLEB3,COMPRA,9,472.1136,4.2534,2026-08-03 17:15:51,2026-08-03 17:15:52,2026-08-03 17:15:52
202453,1666,YRWH3,COMPRA,46,239.6601,2.0263,2026-08-03 12:53:43,2026-08-03 12:53:46,2026-08-03 12:53:46
202454,1856,UFIU3,COMPRA,205,79.6232,0.4718,2026-08-03 10:53:36,2026-08-03 10:53:39,2026-08-03 10:53:39
202455,2982,XOVY4,COMPRA,183,96.8771,7.8969,2026-08-03 15:02:27,2026-08-03 15:02:30,2026-08-03 15:02:30
202456,2296,DHRM5,COMPRA,405,342.1103,4.4687,2026-08-03 12:22:52,2026-08-03 12:22:52,2026-08-03 12:22:52
202457,3169,AYFQ2,COMPRA,385,11.5989,7.0784,2026-08-03 16:45:14,2026-08-03 16:45:14,2026-08-03 16:45:14
202458,1851,UFIU3,COMPRA,470,106.0631,0.1997,2026-08-03 15:23:31,2026-08-03 15:23:32,2026-08-03 15:23:32
202459,2185,RMRT1,COMPRA,490,102.3241,3.6372,2026-08-03 14:39:27,2026-08-03 14:39:29,2026-08-03 14:39:29
202460,2172,QYBV3,COMPRA,435,60.0000,6.1674,2026-08-03 10:29:06,2026-08-03 10:29:06,2026-08-03 10:29:06
202461,2268,DHRM5,COMPRA,175,334.8646,4.1675,2026-08-03 12:08:51,2026-08-03 12:08:51,2026-08-03 12:08:51
202462,2300,YFAH5,COMPRA,381,173.6560,9.6850,2026-08-03 10:36:32,2026-08-03 10:36:32,2026-08-03 10:36:32
202463,2979,RHXV4,COMPRA,41,51.3068,9.1894,2026-08-03 14:40:55,2026-08-03 14:40:57,2026-08-03 14:40:57
202464,2883,FYZB6,COMPRA,340,52.7058,7.8810,2026-08-03 15:21:28,2026-08-03 15:21:31,2026-08-03 15:21:31
202465,1635,XPVA7,COMPRA,100,365.7150,7.9064,2026-08-03 11:49:24,2026-08-03 11:49:26,2026-08-03 11:49:26
202466,1247,ECQD7,COMPRA,55,100.8648,8.0081,2026-08-03 11:24:30,2026-08-03 11:24:30,2026-08-03 11:24:30
202467,2696,MGRR2,COMPRA,415,109.4799,8.0060,2026-08-03 12:06:31,2026-08-03 12:06:31,2026-08-03 12:06:31
202468,3099,NPEM3,COMPRA,160,127.2613,4.6238,2026-08-03 10:14:58,2026-08-03 10:15:01,2026-08-03 10:15:01
202469,1897,HCZM2,COMPRA,410,395.9040,10.7860,2026-08-03 12:28:00,2026-08-03 12:28:00,2026-08-03 12:28:00
202470,1662,GFDF2,COMPRA,400,103.2498,5.1611,2026-08-03 16:09:45,2026-08-03 16:09:47,2026-08-03 16:09:47
202471,3103,RMRT1,COMPRA,390,118.5141,8.6491,2026-08-03 15:27:01,2026-08-03 15:27:01,2026-08-03 15:27:01
202472,1340,FRGH8,COMPRA,305,78.4691,2.3312,2026-08-03 14:14:04,2026-08-03 14:14:07,2026-08-03 14:14:07
202473,2407,JIPR4,COMPRA,420,36.0824,1.8885,2026-08-03 12:57:04,2026-08-03 12:57:04,2026-08-03 12:57:04
202474,2632,NHYK8,COMPRA,25,70.8778,4.5931,2026-08-03 15:53:27,2026-08-03 15:53:29,2026-08-03 15:53:29
202475,1521,FYZB6,COMPRA,265,85.8772,9.8397,2026-08-03 12:42:01,2026-08-03 12:42:01,2026-08-03 12:42:01
202476,3250,PZUP8,COMPRA,145,140.7933,9.4703,2026-08-03 14:36:18,2026-08-03 14:36:18,2026-08-03 14:36:18
202477,1889,BXFJ9,COMPRA,90,179.8027,10.3170,2026-08-03 15:21:02,2026-08-03 15:21:04,2026-08-03 15:21:04
202478,1683,WMQZ6,COMPRA,224,91.7955,7.0590,2026-08-03 10:09:15,2026-08-03 10:09:17,2026-08-03 10:09:17
202479,2177,IJJK3,COMPRA,435,93.6190,7.3509,2026-08-03 10:07:13,2026-08-03 10:07:15,2026-08-03 10:07:15
202480,2495,BOCS8,COMPRA,234,56.6456,7.8838,2026-08-03 16:28:55,2026-08-03 16:28:56,2026-08-03 16:28:56
202481,2537,TXHR8,COMPRA,40,76.7224,0.0881,2026-08-03 13:13:57,2026-08-03 13:13:57,2026-08-03 13:13:57
202482,3227,AYFQ2,COMPRA,151,8.9931,6.2060,2026-08-03 14:47:25,2026-08-03 14:47:27,2026-08-03 14:47:27
202483,1797,HCLJ8,COMPRA,275,85.6950,7.9399,2026-08-03 14:24:59,2026-08-03 14:24:59,2026-08-03 14:24:59
202484,2121,DSFC9,COMPRA,265,429.2109,4.7635,2026-08-03 17:01:02,2026-08-03 17:01:03,2026-08-03 17:01:03
202485,2684,IWAK1,COMPRA,255,67.2343,3.7535,2026-08-03 12:13:50,2026-08-03 12:13:52,2026-08-03 12:13:52
202486,1598,OEQA8,COMPRA,405,369.1827,4.2813,2026-08-03 13:34:34,2026-08-03 13:34:37,2026-08-03 13:34:37
202487,2759,NWGB4,COMPRA,105,128.3153,1.4816,2026-08-03 12:23:11,2026-08-03 12:23:11,2026-08-03 12:23:11
202488,3016,QTDZ2,COMPRA,235,58.5460,5.3912,2026-08-03 15:22:43,2026-08-03 15:22:46,2026-08-03 15:22:46
202489,3461,UQIQ7,COMPRA,120,65.8353,12.1953,2026-08-03 10:10:02,2026-08-03 10:10:03,2026-08-03 10:10:03
202490,1979,HJRH5,COMPRA,165,184.0323,7.8833,2026-08-03 13:26:54,2026-08-03 13:26:56,2026-08-03 13:26:56
202491,2566,ICSU4,COMPRA,130,142.7020,10.3480,2026-08-03 11:49:06,2026-08-03 11:49:06,2026-08-03 11:49:06
202492,2936,IWAK1,COMPRA,280,101.5795,7.6594,2026-08-03 12:23:41,2026-08-03 12:23:41,2026-08-03 12:23:41
202493,1728,DGBT6,COMPRA,135,107.8211,7.9763,2026-08-03 11:23:52,2026-08-03 11:23:55,2026-08-03 11:23:55
202494,1647,LCCH9,COMPRA,205,6.6648,0.1450,2026-08-03 17:24:36,2026-08-03 17:24:39,2026-08-03 17:24:39
202495,1790,RSBT4,COMPRA,455,453.2480,10.7781,2026-08-03 17:20:10,2026-08-03 17:20:11,2026-08-03 17:20:11
202496,2461,VLEB3,COMPRA,245,387.8117,0.2293,2026-08-03 14:22:09,2026-08-03 14:22:12,2026-08-03 14:22:12
202497,1524,WMQZ6,COMPRA,360,72.6113,11.4955,2026-08-03 13:10:04,2026-08-03 13:10:05,2026-08-03 13:10:05
202498,3427,IWFI1,VENDA,70,180.2537,8.7427,2026-08-03 10:59:13,2026-08-03 10:59:13,2026-08-03 10:59:13
202499,1518,UCHR6,COMPRA,310,430.1266,6.0864,2026-08-03 11:27:20,2026-08-03 11:27:21,2026-08-03 11:27:21
202500,2900,YOWA1,COMPRA,340,67.2367,11.8210,2026-08-03 14:26:56,2026-08-03 14:26:57,2026-08-03 14:26:57
202501,2837,WIPB2,COMPRA,175,83.6023,10.0920,2026-08-03 15:27:26,2026-08-03 15:27:26,2026-08-03 15:27:26
202502,1409,SVOZ4,COMPRA,368,54.7415,5.5911,2026-08-03 12:11:44,2026-08-03 12:11:47,2026-08-03 12:11:47
202503,2699,DEGN5,COMPRA,404,65.3429,3.4357,2026-08-03 14:35:39,2026-08-03 14:35:41,2026-08-03 14:35:41
202504,1166,OXVD8,COMPRA,60,83.3280,12.2850,2026-08-03 12:06:05,2026-08-03 12:06:07,2026-08-03 12:06:07
202505,3000,HCZM2,COMPRA,305,405.0789,0.6434,2026-08-03 10:35:52,2026-08-03 10:35:52,2026-08-03 10:35:52
202506,1864,SGBG8,COMPRA,270,74.9641,3.8395,2026-08-03 12:25:49,2026-08-03 12:25:49,2026-08-03 12:25:49
202507,1938,RDOA3,COMPRA,495,112.5425,6.6262,2026-08-03 12:17:14,2026-08-03 12:17:16,2026-08-03 12:17:16
202508,2975,GAKD5,COMPRA,185,317.6475,8.8912,2026-08-03 14:01:50,2026-08-03 14:01:52,2026-08-03 14:01:52
202509,1452,NAOF3,COMPRA,315,51.9043,7.9810,2026-08-03 15:26:46,2026-08-03 15:26:47,2026-08-03 15:26:47
202510,3460,UYFJ9,COMPRA,55,118.4017,2.6992,2026-08-03 16:53:44,2026-08-03 16:53:47,2026-08-03 16:53:47
202511,2270,DQSN6,COMPRA,410,171.5321,3.5573,2026-08-03 17:21:50,2026-08-03 17:21:53,2026-08-03 17:21:53
202512,2242,XAVL3,COMPRA,10,218.0841,5.7884,2026-08-03 15:08:57,2026-08-03 15:08:57,2026-08-03 15:08:57
202513,2681,KFSY2,COMPRA,60,126.2221,2.1169,2026-08-03 16:45:38,2026-08-03 16:45:38,2026-08-03 16:45:38
202514,2571,RDOA3,COMPRA,465,80.8955,1.1256,2026-08-03 15:52:28,2026-08-03 15:52:28,2026-08-03 15:52:28
202515,2838,AYFQ2,COMPRA,480,14.1859,0.2869,2026-08-03 13:22:09,2026-08-03 13:22:09,2026-08-03 13:22:09
202516,1096,XAVL3,COMPRA,163,173.0575,10.7923,2026-08-03 15:24:00,2026-08-03 15:24:03,2026-08-03 15:24:03
202517,1567,MCHX2,COMPRA,380,103.4009,3.9157,2026-08-03 15:11:15,2026-08-03 15:11:18,2026-08-03 15:11:18
202518,2059,DMTZ8,COMPRA,50,166.7826,12.6504,2026-08-03 11:40:08,2026-08-03 11:40:09,2026-08-03 11:40:09
202519,1612,TNHT4,COMPRA,190,101.4315,6.8314,2026-08-03 12:46:52,2026-08-03 12:46:52,2026-08-03 12:46:52
202520,1682,MJDL9,COMPRA,110,26.0761,1.1232,2026-08-03 10:21:38,2026-08-03 10:21:38,2026-08-03 10:21:38
202521,2235,MGRR2,COMPRA,229,159.0383,2.6001,2026-08-03 12:04:45,2026-08-03 12:04:47,2026-08-03 12:04:47
202522,3257,QTHQ1,COMPRA,439,22.8686,7.9782,2026-08-03 14:15:17,2026-08-03 14:15:17,2026-08-03 14:15:17
202523,1771,JUDG8,COMPRA,315,100.1252,6.7100,2026-08-03 16:28:20,2026-08-03 16:28:21,2026-08-03 16:28:21
202524,2923,LIEG8,COMPRA,431,107.2483,9.4732,2026-08-03 17:09:17,2026-08-03 17:09:20,2026-08-03 17:09:20
202525,3425,ZFBT3,COMPRA,250,122.1174,1.9477,2026-08-03 10:26:02,2026-08-03 10:26:05,2026-08-03 10:26:05
202526,1852,QYBV3,COMPRA,245,70.7524,11.9555,2026-08-03 15:43:04,2026-08-03 15:43:05,2026-08-03 15:43:05
202527,3234,DQSN6,COMPRA,431,150.0008,2.9048,2026-08-03 15:46:59,2026-08-03 15:47:01,2026-08-03 15:47:01
202528,1607,AAUA7,COMPRA,100,143.6189,3.4362,2026-08-03 14:15:55,2026-08-03 14:15:56,2026-08-03 14:15:56
202529,2726,TBWG2,COMPRA,10,71.8898,3.7061,2026-08-03 14:51:02,2026-08-03 14:51:04,2026-08-03 14:51:04
202530,2462,DQSN6,COMPRA,15,140.8973,12.4168,2026-08-03 16:09:27,2026-08-03 16:09:30,2026-08-03 16:09:30
202531,1210,BOCS8,COMPRA,70,53.5752,8.5519,2026-08-03 13:54:00,2026-08-03 13:54:01,2026-08-03 13:54:01
202532,1457,MCMT2,COMPRA,35,92.1074,6.0785,2026-08-03 13:02:59,2026-08-03 13:03:01,2026-08-03 13:03:01
202533,2060,DMTZ8,COMPRA,190,209.6031,8.4065,2026-08-03 13:19:15,2026-08-03 13:19:17,2026-08-03 13:19:17
202534,2113,TBWG2,COMPRA,500,88.3160,11.6962,2026-08-03 13:32:02,2026-08-03 13:32:02,2026-08-03 13:32:02
202535,2841,XLZM9,COMPRA,137,54.9593,1.6267,2026-08-03 13:00:40,2026-08-03 13:00:40,2026-08-03 13:00:40
202536,2636,IPXK2,COMPRA,310,261.7968,0.7414,2026-08-03 15:47:11,2026-08-03 15:47:11,2026-08-03 15:47:11
202537,1757,YFAH5,COMPRA,150,141.1931,11.4963,2026-08-03 10:20:09,2026-08-03 10:20:11,2026-08-03 10:20:11
202538,3407,WIPB2,COMPRA,395,105.5971,7.0564,2026-08-03 12:41:55,2026-08-03 12:41:57,2026-08-03 12:41:57
202539,1277,OVYL9,COMPRA,230,73.0673,11.4382,2026-08-03 10:57:15,2026-08-03 10:57:17,2026-08-03 10:57:17
202540,1483,IJJK3,COMPRA,265,116.6545,3.1881,2026-08-03 17:08:53,2026-08-03 17:08:56,2026-08-03 17:08:56
202541,1631,OVYL9,COMPRA,475,87.4854,6.8411,2026-08-03 10:14:03,2026-08-03 10:14:04,2026-08-03 10:14:04
202542,1866,MOLF3,COMPRA,455,42.2739,7.3314,2026-08-03 16:06:56,2026-08-03 16:06:58,2026-08-03 16:06:58
202543,3434,SVOZ4,COMPRA,60,56.7414,9.4351,2026-08-03 14:25:48,2026-08-03 14:25:51,2026-08-03 14:25:51
202544,1255,PQUT9,COMPRA,480,81.0402,10.3883,2026-08-03 13:46:14,2026-08-03 13:46:16,2026-08-03 13:46:16
202545,2046,AYFQ2,COMPRA,320,10.7849,6.6540,2026-08-03 14:40:47,2026-08-03 14:40:49,2026-08-03 14:40:49
202546,1916,YYLA4,COMPRA,430,224.6360,0.2095,2026-08-03 13:38:14,2026-08-03 13:38:17,2026-08-03 13:38:17
202547,1719,QQQS1,COMPRA,490,27.3578,0.2547,2026-08-03 10:39:34,2026-08-03 10:39:36,2026-08-03 10:39:36
202548,3249,JIPR4,COMPRA,170,36.3210,3.9912,2026-08-03 10:45:35,2026-08-03 10:45:35,2026-08-03 10:45:35
202549,1619,AAWB3,COMPRA,50,132.8612,1.8210,2026-08-03 11:50:06,2026-08-03 11:50:07,2026-08-03 11:50:07
202550,1559,JIPR4,COMPRA,334,30.4792,4.2539,2026-08-03 15:47:27,2026-08-03 15:47:29,2026-08-03 15:47:29
202551,1851,UQIQ7,COMPRA,450,75.5526,12.4808,2026-08-03 16:19:47,2026-08-03 16:19:47,2026-08-03 16:19:47
202552,1393,IPXK2,COMPRA,40,336.9984,9.0464,2026-08-03 11:59:28,2026-08-03 11:59:29,2026-08-03 11:59:29
202553,1470,XAVL3,COMPRA,255,203.7010,7.6349,2026-08-03 11:10:20,2026-08-03 11:10:21,2026-08-03 11:10:21
202554,2767,RYPL6,COMPRA,415,69.9164,4.6604,2026-08-03 10:10:31,2026-08-03 10:10:33,2026-08-03 10:10:33
202555,1369,QTDZ2,COMPRA,390,43.3822,7.8766,2026-08-03 16:40:47,2026-08-03 16:40:47,2026-08-03 16:40:47
202556,3483,KFSY2,COMPRA,65,106.4131,11.0628,2026-08-03 13:58:01,2026-08-03 13:58:01,2026-08-03 13:58:01
202557,3080,PSEN6,COMPRA,495,180.6135,4.0725,2026-08-03 11:34:24,2026-08-03 11:34:24,2026-08-03 11:34:24
202558,1702,KFSY2,COMPRA,434,105.2064,7.1646,2026-08-03 13:41:47,2026-08-03 13:41:47,2026-08-03 13:41:47
202559,2269,RDOA3,COMPRA,220,110.7002,2.8549,2026-08-03 11:03:49,2026-08-03 11:03:51,2026-08-03 11:03:51
202560,2532,TNHT4,COMPRA,340,134.4624,3.5407,2026-08-03 10:56:00,2026-08-03 10:56:01,2026-08-03 10:56:01
202561,1358,SGBG8,VENDA,145,78.9060,2.6317,2026-08-03 12:28:35,2026-08-03 12:28:36,2026-08-03 12:28:36
202562,1362,ENRZ2,COMPRA,270,74.7484,0.5440,2026-08-03 13:01:18,2026-08-03 13:01:19,2026-08-03 13:01:19
202563,2428,DEGN5,COMPRA,290,73.0715,5.1582,2026-08-03 16:38:39,2026-08-03 16:38:40,2026-08-03 16:38:40
202564,3239,ZYVN7,COMPRA,390,81.5340,11.1061,2026-08-03 11:29:33,2026-08-03 11:29:36,2026-08-03 11:29:36
202565,1678,NAOF3,COMPRA,245,51.5117,4.7228,2026-08-03 17:20:35,2026-08-03 17:20:35,2026-08-03 17:20:35
202566,1753,RDOA3,COMPRA,340,80.5484,1.7438,2026-08-03 15:48:31,2026-08-03 15:48:34,2026-08-03 15:48:34
202567,3069,RIET5,COMPRA,475,132.1392,9.0673,2026-08-03 13:12:30,2026-08-03 13:12:32,2026-08-03 13:12:32
202568,1329,NQYT3,COMPRA,60,60.3376,7.5277,2026-08-03 10:35:36,2026-08-03 10:35:36,2026-08-03 10:35:36
202569,2005,BSDJ7,COMPRA,40,188.9574,3.3415,2026-08-03 11:30:10,2026-08-03 11:30:11,2026-08-03 11:30:11
202570,1164,EEYY9,COMPRA,100,179.9599,,2026-08-03 12:25:04,2026-08-03 12:25:05,2026-08-03 12:25:05
202571,2931,DFGR7,COMPRA,360,91.4823,2.8723,2026-08-03 11:28:29,2026-08-03 11:28:30,2026-08-03 11:28:30
202572,1310,BOCS8,COMPRA,355,62.1005,2.7035,2026-08-03 17:26:44,2026-08-03 17:26:46,2026-08-03 17:26:46
202573,2547,IZTY4,COMPRA,60,32.1157,10.0792,2026-08-03 17:10:40,2026-08-03 17:10:42,2026-08-03 17:10:42
202574,2253,ZYVN7,COMPRA,174,83.9516,8.8702,2026-08-03 12:17:40,2026-08-03 12:17:42,2026-08-03 12:17:42
202575,2657,NPEM3,COMPRA,300,104.9571,0.5592,2026-08-03 12:08:09,2026-08-03 12:08:09,2026-08-03 12:08:09
202576,2619,PZUP8,COMPRA,170,144.3604,12.5747,2026-08-03 11:50:24,2026-08-03 11:50:26,2026-08-03 11:50:26
202577,1698,ENRZ2,COMPRA,355,81.5718,12.4773,2026-08-03 16:24:39,2026-08-03 16:24:40,2026-08-03 16:24:40
202578,3184,UFIU3,COMPRA,228,76.8720,10.6159,2026-08-03 10:50:51,2026-08-03 10:50:54,2026-08-03 10:50:54
202579,1566,NUJZ2,COMPRA,440,39.8846,0.2143,2026-08-03 16:43:10,2026-08-03 16:43:13,2026-08-03 16:43:13
202580,1087,LCCH9,COMPRA,340,8.9673,3.1181,2026-08-03 13:27:52,2026-08-03 13:27:54,2026-08-03 13:27:54
202581,2825,WHMT3,COMPRA,300,115.7099,6.7572,2026-08-03 15:24:48,2026-08-03 15:24:49,2026-08-03 15:24:49
202582,2997,WHMT3,COMPRA,305,124.5812,12.6577,2026-08-03 15:54:09,2026-08-03 15:54:12,2026-08-03 15:54:12
202583,1119,ENRZ2,COMPRA,249,122.7467,2.6302,2026-08-03 12:35:22,2026-08-03 12:35:25,2026-08-03 12:35:25
202584,3338,RIET5,COMPRA,200,124.5545,1.2569,2026-08-03 15:28:45,2026-08-03 15:28:46,2026-08-03 15:28:46
202585,1745,LQML9,COMPRA,130,122.2410,10.9238,2026-08-03 13:49:59,2026-08-03 13:50:02,2026-08-03 13:50:02
202586,2378,NYGT6,COMPRA,385,111.5702,1.6941,2026-08-03 16:03:55,2026-08-03 16:03:56,2026-08-03 16:03:56
202587,1602,NQYT3,COMPRA,155,60.4743,12.3497,2026-08-03 17:13:03,2026-08-03 17:13:04,2026-08-03 17:13:04
202588,2594,QYBV3,COMPRA,420,67.8761,6.1075,2026-08-03 10:12:29,2026-08-03 10:12:30,2026-08-03 10:12:30
202589,3071,NPEM3,COMPRA,80,86.4063,10.5895,2026-08-03 13:14:28,2026-08-03 13:14:31,2026-08-03 13:14:31
202590,3266,QEUC2,COMPRA,355,158.9920,7.3615,2026-08-03 13:43:05,2026-08-03 13:43:06,2026-08-03 13:43:06
202591,1519,AAUA7,COMPRA,230,130.8335,6.6505,2026-08-03 14:35:31,2026-08-03 14:35:33,2026-08-03 14:35:33
202592,1059,CQIL9,COMPRA,345,35.2997,0.4131,2026-08-03 16:39:38,2026-08-03 16:39:39,2026-08-03 16:39:39
202593,2412,KFSY2,COMPRA,345,88.9841,4.6206,2026-08-03 11:05:36,2026-08-03 11:05:38,2026-08-03 11:05:38
202594,1018,UYFJ9,COMPRA,65,81.6714,1.2053,2026-08-03 15:56:56,2026-08-03 15:56:57,2026-08-03 15:56:57
202595,1894,GULD2,COMPRA,400,168.2906,0.6911,2026-08-03 15:24:27,2026-08-03 15:24:29,2026-08-03 15:24:29
202596,2411,XLZM9,VENDA,330,56.9144,10.3855,2026-08-03 16:54:07,2026-08-03 16:54:08,2026-08-03 16:54:08
202597,2852,GAKD5,VENDA,70,341.6425,8.6570,2026-08-03 15:22:43,2026-08-03 15:22:44,2026-08-03 15:22:44
202598,1674,SUZL4,COMPRA,130,164.7126,11.6544,2026-08-03 14:47:58,2026-08-03 14:47:59,2026-08-03 14:47:59
202599,1769,DHRM5,COMPRA,476,342.3806,12.5757,2026-08-03 16:38:21,2026-08-03 16:38:23,2026-08-03 16:38:23
202600,2250,NYGT6,COMPRA,465,83.8731,4.0077,2026-08-03 10:58:27,2026-08-03 10:58:28,2026-08-03 10:58:28
202601,1763,LIEG8,COMPRA,255,74.0196,9.9243,2026-08-03 11:30:39,2026-08-03 11:30:42,2026-08-03 11:30:42
202602,3201,XPVA7,COMPRA,152,523.8527,12.4391,2026-08-03 15:52:08,2026-08-03 15:52:09,2026-08-03 15:52:09
202603,1952,IWFI1,COMPRA,465,161.9525,1.5520,2026-08-03 10:58:42,2026-08-03 10:58:42,2026-08-03 10:58:42
202604,2675,NUJZ2,COMPRA,410,32.1076,10.6544,2026-08-03 14:43:51,2026-08-03 14:43:53,2026-08-03 14:43:53
202605,1297,HCLJ8,VENDA,110,87.0967,8.6687,2026-08-03 16:11:03,2026-08-03 16:11:04,2026-08-03 16:11:04
202606,1385,ECQD7,COMPRA,5,109.8716,7.4939,2026-08-03 15:41:16,2026-08-03 15:41:16,2026-08-03 15:41:16
202607,1339,WMQZ6,COMPRA,155,93.5603,0.4307,2026-08-03 11:36:45,2026-08-03 11:36:48,2026-08-03 11:36:48
202608,2681,TVCE9,COMPRA,175,84.0270,1.5600,2026-08-03 15:52:09,2026-08-03 15:52:12,2026-08-03 15:52:12
202609,1895,ERTC4,COMPRA,100,40.5981,4.0094,2026-08-03 17:04:55,2026-08-03 17:04:55,2026-08-03 17:04:55
202610,2734,GFDF2,COMPRA,25,110.9502,5.9274,2026-08-03 17:07:18,2026-08-03 17:07:18,2026-08-03 17:07:18
202611,2123,ZHTL2,COMPRA,85,63.3545,9.2794,2026-08-03 15:01:12,2026-08-03 15:01:12,2026-08-03 15:01:12
202612,1820,MOLF3,COMPRA,385,56.5163,6.9310,2026-08-03 14:46:40,2026-08-03 14:46:43,2026-08-03 14:46:43
202613,1239,IJJK3,COMPRA,10,98.1148,7.1727,2026-08-03 10:00:19,2026-08-03 10:00:19,2026-08-03 10:00:19
202614,1179,QHFL8,COMPRA,145,129.4648,11.0459,2026-08-03 10:34:02,2026-08-03 10:34:05,2026-08-03 10:34:05
202615,2672,WHMT3,COMPRA,415,136.3677,5.3864,2026-08-03 13:13:14,2026-08-03 13:13:17,2026-08-03 13:13:17
202616,1552,QQQS1,COMPRA,210,20.9952,6.4291,2026-08-03 10:05:11,2026-08-03 10:05:12,2026-08-03 10:05:12
202617,1015,PZUP8,COMPRA,190,130.6703,5.3542,2026-08-03 10:58:32,2026-08-03 10:58:34,2026-08-03 10:58:34
202618,1394,DHRM5,COMPRA,435,376.3226,4.6492,2026-08-03 11:32:20,2026-08-03 11:32:23,2026-08-03 11:32:23
202619,1012,TBWG2,COMPRA,50,69.3485,10.6384,2026-08-03 17:05:53,2026-08-03 17:05:53,2026-08-03 17:05:53
202620,2771,WHMT3,COMPRA,457,135.6066,11.7572,2026-08-03 13:25:22,2026-08-03 13:25:24,2026-08-03 13:25:24
202621,2579,ECQD7,COMPRA,401,90.5170,12.2324,2026-08-03 10:44:01,2026-08-03 10:44:02,2026-08-03 10:44:02
202622,2774,YCCK8,COMPRA,180,382.1308,6.8290,2026-08-03 10:21:57,2026-08-03 10:21:57,2026-08-03 10:21:57
202623,2847,OEQA8,COMPRA,195,346.6546,12.0906,2026-08-03 14:31:57,2026-08-03 14:31:58,2026-08-03 14:31:58
202624,2047,RYPL6,COMPRA,75,90.5139,,2026-08-03 12:18:41,2026-08-03 12:18:43,2026-08-03 12:18:43
202625,2229,NHYK8,VENDA,370,85.3475,4.2763,2026-08-03 13:30:52,2026-08-03 13:30:52,2026-08-03 13:30:52
202626,2224,NREP8,COMPRA,35,134.9192,8.6540,2026-08-03 13:30:55,2026-08-03 13:30:58,2026-08-03 13:30:58
202627,1069,ZYVN7,COMPRA,470,60.0000,6.7196,2026-08-03 11:55:56,2026-08-03 11:55:59,2026-08-03 11:55:59
202628,2854,FYZB6,COMPRA,25,86.0973,9.9958,2026-08-03 11:17:19,2026-08-03 11:17:20,2026-08-03 11:17:20
202629,1650,ZHTL2,COMPRA,190,65.6829,2.5360,2026-08-03 15:54:26,2026-08-03 15:54:26,2026-08-03 15:54:26
202630,2705,QQQS1,COMPRA,350,20.7536,1.8670,2026-08-03 10:29:54,2026-08-03 10:29:55,2026-08-03 10:29:55
202631,2325,XAVL3,COMPRA,245,151.2458,1.2326,2026-08-03 10:22:43,2026-08-03 10:22:43,2026-08-03 10:22:43
202632,3408,WXFC8,COMPRA,455,90.5275,11.1858,2026-08-03 16:21:17,2026-08-03 16:21:20,2026-08-03 16:21:20
202633,2000,UFIU3,COMPRA,218,94.3485,0.4780,2026-08-03 15:31:40,2026-08-03 15:31:41,2026-08-03 15:31:41
202634,1621,TBWG2,COMPRA,360,71.2928,9.8802,2026-08-03 15:19:37,2026-08-03 15:19:38,2026-08-03 15:19:38
202635,2411,BGNM6,COMPRA,40,83.2244,11.4787,2026-08-03 12:38:04,2026-08-03 12:38:05,2026-08-03 12:38:05
202636,1770,HCLJ8,COMPRA,165,83.2744,9.1024,2026-08-03 11:10:01,2026-08-03 11:10:04,2026-08-03 11:10:04
202637,1830,BOCS8,COMPRA,35,59.1174,6.1965,2026-08-03 16:07:47,2026-08-03 16:07:49,2026-08-03 16:07:49
202638,2853,ZHTL2,COMPRA,495,60.3346,9.3315,2026-08-03 10:00:57,2026-08-03 10:00:58,2026-08-03 10:00:58
202639,1974,UQJU7,COMPRA,410,83.4160,2.5291,2026-08-03 13:11:12,2026-08-03 13:11:14,2026-08-03 13:11:14
202640,1808,SRDU1,COMPRA,1,104.7421,9.1589,2026-08-03 14:00:20,2026-08-03 14:00:21,2026-08-03 14:00:21
202641,1415,AAUA7,COMPRA,285,120.7115,2.2019,2026-08-03 11:36:54,2026-08-03 11:36:57,2026-08-03 11:36:57
202642,2727,MJDL9,COMPRA,465,33.8753,6.9774,2026-08-03 12:04:59,2026-08-03 12:04:59,2026-08-03 12:04:59
202643,2921,NYGT6,COMPRA,440,85.2361,12.3489,2026-08-03 15:51:09,2026-08-03 15:51:11,2026-08-03 15:51:11
202644,3177,CQJZ4,COMPRA,405,106.1611,0.7250,2026-08-03 17:07:54,2026-08-03 17:07:54,2026-08-03 17:07:54
202645,2369,AYFQ2,COMPRA,95,12.3809,6.4748,2026-08-03 15:27:59,2026-08-03 15:28:01,2026-08-03 15:28:01
202646,2891,ICSU4,COMPRA,165,175.9560,0.3438,2026-08-03 10:25:43,2026-08-03 10:25:43,2026-08-03 10:25:43
202647,2626,PBZM6,COMPRA,365,72.6639,6.4201,2026-08-03 16:32:21,2026-08-03 16:32:21,2026-08-03 16:32:21
202648,2050,QATW7,COMPRA,180,55.6684,11.2053,2026-08-03 11:45:39,2026-08-03 11:45:42,2026-08-03 11:45:42
202649,2484,TVCE9,COMPRA,425,60.8265,6.5744,2026-08-03 11:23:19,2026-08-03 11:23:19,2026-08-03 11:23:19
202650,1700,ENRZ2,COMPRA,365,98.2289,0.2785,2026-08-03 12:19:40,2026-08-03 12:19:42,2026-08-03 12:19:42
202651,1680,UQIQ7,COMPRA,380,91.3041,8.0533,2026-08-03 17:11:29,2026-08-03 17:11:32,2026-08-03 17:11:32
202652,2404,LIEG8,COMPRA,80,75.5298,3.2285,2026-08-03 12:17:39,2026-08-03 12:17:40,2026-08-03 12:17:40
202653,2598,ACSV1,COMPRA,330,109.5581,10.4790,2026-08-03 14:09:19,2026-08-03 14:09:22,2026-08-03 14:09:22
202654,3296,RYPL6,COMPRA,404,75.4867,5.3602,2026-08-03 15:35:03,2026-08-03 15:35:06,2026-08-03 15:35:06
202655,2792,AAUA7,COMPRA,425,135.0978,10.8795,2026-08-03 16:27:05,2026-08-03 16:27:07,2026-08-03 16:27:07
202656,2443,LQML9,COMPRA,80,142.9314,11.9719,2026-08-03 16:53:12,2026-08-03 16:53:14,2026-08-03 16:53:14
202657,1756,BXFJ9,COMPRA,440,194.6420,1.7525,2026-08-03 13:11:33,2026-08-03 13:11:33,2026-08-03 13:11:33
202658,2253,UCHR6,COMPRA,10,508.3673,,2026-08-03 17:12:14,2026-08-03 17:12:15,2026-08-03 17:12:15
202659,2946,JIPA6,COMPRA,245,43.2841,1.3103,2026-08-03 15:22:08,2026-08-03 15:22:11,2026-08-03 15:22:11
202660,1479,QATW7,COMPRA,395,41.3461,0.1574,2026-08-03 11:24:07,2026-08-03 11:24:08,2026-08-03 11:24:08
202661,2470,JDJG6,COMPRA,310,86.5853,3.2421,2026-08-03 14:38:47,2026-08-03 14:38:50,2026-08-03 14:38:50
202662,1029,MJDL9,COMPRA,200,26.4417,8.4402,2026-08-03 17:19:20,2026-08-03 17:19:22,2026-08-03 17:19:22
202663,2876,OEQA8,COMPRA,125,422.2298,4.4365,2026-08-03 13:20:56,2026-08-03 13:20:57,2026-08-03 13:20:57
202664,2727,TVCE9,COMPRA,215,56.0949,8.0526,2026-08-03 11:20:29,2026-08-03 11:20:30,2026-08-03 11:20:30
202665,1410,ECQD7,COMPRA,285,110.9913,1.9639,2026-08-03 13:27:30,2026-08-03 13:27:33,2026-08-03 13:27:33
202666,2730,AAWB3,COMPRA,200,193.5311,8.0395,2026-08-03 17:15:23,2026-08-03 17:15:23,2026-08-03 17:15:23
202667,1656,QTDZ2,COMPRA,325,48.6446,3.5285,2026-08-03 12:14:44,2026-08-03 12:14:47,2026-08-03 12:14:47
202668,1367,YOWA1,COMPRA,381,54.0634,11.2494,2026-08-03 10:10:51,2026-08-03 10:10:51,2026-08-03 10:10:51
202669,1356,YFAH5,COMPRA,445,201.9509,4.7708,2026-08-03 17:05:28,2026-08-03 17:05:30,2026-08-03 17:05:30
202670,2558,RDOA3,COMPRA,30,86.6847,7.1291,2026-08-03 17:14:16,2026-08-03 17:14:16,2026-08-03 17:14:16
202671,1988,XAVL3,COMPRA,275,172.0969,3.6903,2026-08-03 10:32:37,2026-08-03 10:32:39,2026-08-03 10:32:39
202672,1599,XTVW5,COMPRA,200,80.7260,8.6657,2026-08-03 14:24:39,2026-08-03 14:24:40,2026-08-03 14:24:40
202673,2833,SGBG8,COMPRA,230,93.3663,0.1433,2026-08-03 15:17:37,2026-08-03 15:17:38,2026-08-03 15:17:38
202674,2771,HCZM2,COMPRA,75,427.8807,11.3453,2026-08-03 14:46:11,2026-08-03 14:46:14,2026-08-03 14:46:14
202675,2506,ZAAS7,COMPRA,24,391.6183,7.7529,2026-08-03 15:51:22,2026-08-03 15:51:22,2026-08-03 15:51:22
202676,1356,SGBG8,COMPRA,166,68.2503,7.0878,2026-08-03 11:30:04,2026-08-03 11:30:05,2026-08-03 11:30:05
202677,3124,QYBV3,COMPRA,250,60.0000,12.8385,2026-08-03 15:49:11,2026-08-03 15:49:13,2026-08-03 15:49:13
202678,2349,CQIL9,COMPRA,55,44.4682,3.3773,2026-08-03 12:59:16,2026-08-03 12:59:17,2026-08-03 12:59:17
202679,2370,NAOF3,COMPRA,360,66.8242,1.3878,2026-08-03 16:39:41,2026-08-03 16:39:43,2026-08-03 16:39:43
202680,2994,BSDJ7,COMPRA,85,268.3616,8.3775,2026-08-03 15:05:11,2026-08-03 15:05:12,2026-08-03 15:05:12
202681,1529,GULD2,COMPRA,415,171.2098,1.0378,2026-08-03 14:13:53,2026-08-03 14:13:54,2026-08-03 14:13:54
202682,2316,EEYY9,COMPRA,350,125.2767,2.7038,2026-08-03 16:31:28,2026-08-03 16:31:31,2026-08-03 16:31:31
202683,1802,NUJZ2,COMPRA,480,39.8502,4.3437,2026-08-03 12:23:20,2026-08-03 12:23:23,2026-08-03 12:23:23
202684,2970,DSFC9,COMPRA,260,514.8174,9.0311,2026-08-03 13:25:06,2026-08-03 13:25:08,2026-08-03 13:25:08
202685,3212,IJJK3,COMPRA,381,113.8893,1.8156,2026-08-03 11:31:49,2026-08-03 11:31:51,2026-08-03 11:31:51
202686,2380,RFNS7,COMPRA,155,102.1263,6.1062,2026-08-03 14:50:24,2026-08-03 14:50:24,2026-08-03 14:50:24
202687,3195,LQML9,COMPRA,220,173.1043,9.2070,2026-08-03 15:06:32,2026-08-03 15:06:32,2026-08-03 15:06:32
202688,1706,PQUT9,COMPRA,60,90.2831,0.0898,2026-08-03 15:50:27,2026-08-03 15:50:29,2026-08-03 15:50:29
202689,2728,GULD2,COMPRA,380,105.2712,12.7842,2026-08-03 11:25:26,2026-08-03 11:25:28,2026-08-03 11:25:28
202690,1423,SRDU1,VENDA,55,80.1149,2.6051,2026-08-03 16:16:24,2026-08-03 16:16:26,2026-08-03 16:16:26
202691,1196,WXQM6,COMPRA,20,39.6497,11.9380,2026-08-03 10:34:22,2026-08-03 10:34:22,2026-08-03 10:34:22
202692,1294,OVUQ2,COMPRA,385,49.0571,12.3681,2026-08-03 16:49:31,2026-08-03 16:49:31,2026-08-03 16:49:31
202693,3178,DGBT6,COMPRA,380,98.6836,3.8284,2026-08-03 15:05:47,2026-08-03 15:05:48,2026-08-03 15:05:48
202694,1820,BGNM6,COMPRA,335,78.1605,5.1109,2026-08-03 14:16:51,2026-08-03 14:16:51,2026-08-03 14:16:51
202695,1211,MCHX2,COMPRA,170,116.8374,9.1537,2026-08-03 16:42:02,2026-08-03 16:42:02,2026-08-03 16:42:02
202696,1270,TXHR8,VENDA,250,72.4426,12.0821,2026-08-03 10:54:13,2026-08-03 10:54:13,2026-08-03 10:54:13
202697,3098,TNHT4,COMPRA,500,105.1690,4.4049,2026-08-03 14:38:08,2026-08-03 14:38:10,2026-08-03 14:38:10
202698,3199,MJDL9,COMPRA,275,41.1423,7.1692,2026-08-03 14:55:05,2026-08-03 14:55:06,2026-08-03 14:55:06
202699,2577,FIUW1,COMPRA,475,105.3350,12.2209,2026-08-03 15:14:38,2026-08-03 15:14:41,2026-08-03 15:14:41
202700,1688,YOWA1,COMPRA,90,59.6321,1.8159,2026-08-03 11:42:37,2026-08-03 11:42:38,2026-08-03 11:42:38
202701,1710,JDJG6,COMPRA,155,79.1589,4.2595,2026-08-03 15:18:36,2026-08-03 15:18:39,2026-08-03 15:18:39
202702,2049,RYPL6,COMPRA,220,71.5217,0.1150,2026-08-03 10:19:47,2026-08-03 10:19:47,2026-08-03 10:19:47
202703,3248,ERTC4,COMPRA,145,41.4233,4.0376,2026-08-03 10:19:39,2026-08-03 10:19:39,2026-08-03 10:19:39
202704,2317,UQJU7,COMPRA,300,84.6962,10.3723,2026-08-03 17:23:19,2026-08-03 17:23:19,2026-08-03 17:23:19
202705,2993,AAUA7,COMPRA,110,108.0346,11.9507,2026-08-03 14:57:25,2026-08-03 14:57:28,2026-08-03 14:57:28
202706,2601,SUZL4,COMPRA,400,131.0063,11.8389,2026-08-03 11:25:59,2026-08-03 11:26:01,2026-08-03 11:26:01
202707,2807,IWFI1,COMPRA,15,171.4170,8.7181,2026-08-03 16:10:50,2026-08-03 16:10:51,2026-08-03 16:10:51
202708,1884,MCMT2,COMPRA,490,112.6995,11.2826,2026-08-03 16:14:09,2026-08-03 16:14:12,2026-08-03 16:14:12
202709,3050,MCMT2,COMPRA,420,103.7202,7.0861,2026-08-03 14:56:52,2026-08-03 14:56:54,2026-08-03 14:56:54
202710,3104,GFDF2,COMPRA,365,75.8054,8.4437,2026-08-03 12:41:34,2026-08-03 12:41:36,2026-08-03 12:41:36
202711,1346,HCZM2,COMPRA,45,341.6698,10.9203,2026-08-03 15:57:43,2026-08-03 15:57:44,2026-08-03 15:57:44
202712,2703,ACSV1,COMPRA,480,79.0203,0.6276,2026-08-03 15:03:20,2026-08-03 15:03:20,2026-08-03 15:03:20
202713,1582,ICSU4,COMPRA,425,147.2140,1.6739,2026-08-03 17:25:07,2026-08-03 17:25:07,2026-08-03 17:25:07
202714,1574,UQJU7,COMPRA,65,60.0000,0.5358,2026-08-03 14:07:54,2026-08-03 14:07:57,2026-08-03 14:07:57
202715,2403,ZFBT3,COMPRA,55,78.4073,10.6986,2026-08-03 12:13:04,2026-08-03 12:13:07,2026-08-03 12:13:07
202716,2804,AYFQ2,COMPRA,22,12.2820,10.7099,2026-08-03 10:14:11,2026-08-03 10:14:12,2026-08-03 10:14:12
202717,3232,AYFQ2,COMPRA,380,14.5198,4.2257,2026-08-03 17:27:32,2026-08-03 17:27:34,2026-08-03 17:27:34
202718,1190,GKQC5,COMPRA,270,117.4984,5.3253,2026-08-03 15:49:47,2026-08-03 15:49:50,2026-08-03 15:49:50
202719,2017,SVOZ4,COMPRA,164,41.2832,0.6776,2026-08-03 11:38:50,2026-08-03 11:38:53,2026-08-03 11:38:53
202720,3141,VLEB3,COMPRA,320,395.8290,12.1685,2026-08-03 16:47:06,2026-08-03 16:47:09,2026-08-03 16:47:09
202721,3411,UQJU7,COMPRA,230,60.0000,12.8334,2026-08-03 15:33:34,2026-08-03 15:33:34,2026-08-03 15:33:34
202722,3474,NHYK8,COMPRA,274,81.0927,9.6159,2026-08-03 17:06:34,2026-08-03 17:06:37,2026-08-03 17:06:37
202723,2500,NREP8,COMPRA,365,115.6585,9.1066,2026-08-03 11:32:46,2026-08-03 11:32:49,2026-08-03 11:32:49
202724,3346,QYBV3,COMPRA,240,60.0000,1.8589,2026-08-03 14:18:27,2026-08-03 14:18:29,2026-08-03 14:18:29
202725,2389,JIPR4,COMPRA,310,36.8370,0.0726,2026-08-03 16:01:02,2026-08-03 16:01:02,2026-08-03 16:01:02
202726,1867,JUDG8,COMPRA,485,106.6544,12.6858,2026-08-03 15:20:28,2026-08-03 15:20:29,2026-08-03 15:20:29
202727,1943,UVEY5,COMPRA,275,107.2196,11.3954,2026-08-03 10:32:53,2026-08-03 10:32:54,2026-08-03 10:32:54
202728,3078,JIPR4,COMPRA,399,40.1029,4.0253,2026-08-03 16:42:17,2026-08-03 16:42:17,2026-08-03 16:42:17
202729,1482,QTDZ2,COMPRA,205,52.8364,5.9711,2026-08-03 12:39:50,2026-08-03 12:39:52,2026-08-03 12:39:52
202730,3312,NREP8,COMPRA,356,120.0596,5.8596,2026-08-03 11:05:59,2026-08-03 11:06:02,2026-08-03 11:06:02
202731,1874,ZAAS7,COMPRA,420,336.1160,10.5927,2026-08-03 15:05:35,2026-08-03 15:05:37,2026-08-03 15:05:37
202732,2908,NHYK8,COMPRA,240,71.4859,5.0664,2026-08-03 17:14:10,2026-08-03 17:14:13,2026-08-03 17:14:13
202733,2006,TVCE9,COMPRA,425,55.9702,2.9199,2026-08-03 10:56:10,2026-08-03 10:56:12,2026-08-03 10:56:12
202734,1907,RYPL6,COMPRA,296,70.4678,1.2351,2026-08-03 10:34:13,2026-08-03 10:34:14,2026-08-03 10:34:14
202735,1292,DHRM5,COMPRA,75,232.9600,12.4367,2026-08-03 11:36:26,2026-08-03 11:36:27,2026-08-03 11:36:27
202736,3426,TBWG2,COMPRA,451,82.5548,11.7637,2026-08-03 14:46:41,2026-08-03 14:46:41,2026-08-03 14:46:41
202737,2061,LQML9,COMPRA,345,123.7697,4.0750,2026-08-03 14:50:09,2026-08-03 14:50:12,2026-08-03 14:50:12
202738,2989,OEQA8,COMPRA,29,538.4902,3.4572,2026-08-03 12:15:53,2026-08-03 12:15:54,2026-08-03 12:15:54
202739,3198,LGKU6,COMPRA,195,63.7084,9.8434,2026-08-03 17:25:37,2026-08-03 17:25:37,2026-08-03 17:25:37
202740,2623,KQEO3,COMPRA,365,72.9352,2.5148,2026-08-03 14:47:05,2026-08-03 14:47:07,2026-08-03 14:47:07
202741,1170,BGNM6,COMPRA,215,93.1630,1.4104,2026-08-03 11:31:16,2026-08-03 11:31:19,2026-08-03 11:31:19
202742,3431,ACSV1,COMPRA,10,80.9285,9.8031,2026-08-03 15:33:04,2026-08-03 15:33:07,2026-08-03 15:33:07
202743,1738,TNHT4,COMPRA,115,110.5386,7.9222,2026-08-03 12:03:01,2026-08-03 12:03:01,2026-08-03 12:03:01
202744,2346,XPVA7,COMPRA,129,469.0741,8.9575,2026-08-03 10:04:01,2026-08-03 10:04:03,2026-08-03 10:04:03
202745,3497,HCZM2,COMPRA,230,379.4290,11.9818,2026-08-03 11:11:46,2026-08-03 11:11:46,2026-08-03 11:11:46
202746,1391,UQJU7,COMPRA,50,64.7689,4.5882,2026-08-03 17:19:25,2026-08-03 17:19:27,2026-08-03 17:19:27
202747,2323,OEQA8,COMPRA,312,383.6700,3.3322,2026-08-03 16:42:49,2026-08-03 16:42:49,2026-08-03 16:42:49
202748,1300,PZUP8,COMPRA,5,123.9037,6.1731,2026-08-03 16:09:00,2026-08-03 16:09:00,2026-08-03 16:09:00
202749,1001,UYFJ9,COMPRA,400,77.7026,9.5724,2026-08-03 11:43:24,2026-08-03 11:43:25,2026-08-03 11:43:25
202750,2064,JDJG6,COMPRA,390,59.9693,2.3339,2026-08-03 17:18:10,2026-08-03 17:18:13,2026-08-03 17:18:13
202751,2915,EEYY9,COMPRA,295,128.0522,5.7075,2026-08-03 10:11:03,2026-08-03 10:11:06,2026-08-03 10:11:06
202752,1812,GFDF2,COMPRA,110,81.0550,6.2237,2026-08-03 14:25:35,2026-08-03 14:25:35,2026-08-03 14:25:35
202753,3089,KHGP6,COMPRA,35,84.6224,5.5089,2026-08-03 11:05:57,2026-08-03 11:06:00,2026-08-03 11:06:00
202754,2493,ENRZ2,COMPRA,350,110.6396,6.1305,2026-08-03 10:28:15,2026-08-03 10:28:18,2026-08-03 10:28:18
202755,1389,OVUQ2,COMPRA,410,58.2856,1.0129,2026-08-03 15:27:32,2026-08-03 15:27:32,2026-08-03 15:27:32
202756,3428,TBWG2,COMPRA,455,62.8512,3.0736,2026-08-03 10:23:39,2026-08-03 10:23:42,2026-08-03 10:23:42
202757,1413,MJDL9,COMPRA,71,36.7899,4.5712,2026-08-03 13:37:37,2026-08-03 13:37:38,2026-08-03 13:37:38
202758,3490,JIPR4,COMPRA,230,31.3171,9.8817,2026-08-03 14:46:45,2026-08-03 14:46:47,2026-08-03 14:46:47
202759,2137,DQSN6,COMPRA,15,130.8201,10.1185,2026-08-03 14:21:14,2026-08-03 14:21:16,2026-08-03 14:21:16
202760,2671,XTVW5,COMPRA,448,110.7378,4.7512,2026-08-03 11:09:30,2026-08-03 11:09:32,2026-08-03 11:09:32
202761,2409,QEUC2,VENDA,285,188.3963,8.3040,2026-08-03 12:25:32,2026-08-03 12:25:34,2026-08-03 12:25:34
202762,2741,DQSN6,COMPRA,305,155.5377,2.5869,2026-08-03 13:56:38,2026-08-03 13:56:41,2026-08-03 13:56:41
202763,1750,EEYY9,COMPRA,200,135.5893,1.8381,2026-08-03 10:34:00,2026-08-03 10:34:03,2026-08-03 10:34:03
202764,2157,LGKU6,COMPRA,475,74.8368,8.9720,2026-08-03 12:56:24,2026-08-03 12:56:24,2026-08-03 12:56:24
202765,3279,DFGR7,COMPRA,357,74.5302,1.3775,2026-08-03 14:25:52,2026-08-03 14:25:54,2026-08-03 14:25:54
202766,2608,MCHX2,COMPRA,475,100.3574,11.3073,2026-08-03 15:21:02,2026-08-03 15:21:03,2026-08-03 15:21:03
202767,1425,NPEM3,COMPRA,495,86.1116,6.4124,2026-08-03 16:26:58,2026-08-03 16:26:58,2026-08-03 16:26:58
202768,1715,CQJZ4,COMPRA,460,109.1301,7.6621,2026-08-03 10:38:31,2026-08-03 10:38:34,2026-08-03 10:38:34
202769,1474,XPVA7,COMPRA,120,448.3737,10.0024,2026-08-03 14:54:22,2026-08-03 14:54:25,2026-08-03 14:54:25
202770,1514,LCCH9,COMPRA,381,9.2323,2.3269,2026-08-03 17:10:45,2026-08-03 17:10:47,2026-08-03 17:10:47
202771,2266,QHFL8,COMPRA,320,147.7438,7.4966,2026-08-03 13:03:54,2026-08-03 13:03:56,2026-08-03 13:03:56
202772,2880,XAVL3,COMPRA,325,192.0636,12.6764,2026-08-03 10:39:12,2026-08-03 10:39:12,2026-08-03 10:39:12
202773,1271,BGNM6,COMPRA,395,124.6942,7.4940,2026-08-03 17:29:43,2026-08-03 17:29:45,2026-08-03 17:29:45
202774,2536,YCCK8,COMPRA,85,411.0363,9.0864,2026-08-03 16:17:49,2026-08-03 16:17:49,2026-08-03 16:17:49
202775,2232,PBZM6,COMPRA,60,47.4989,3.7149,2026-08-03 15:12:34,2026-08-03 15:12:37,2026-08-03 15:12:37
202776,1539,QEUC2,COMPRA,115,172.2491,2.0922,2026-08-03 12:05:18,2026-08-03 12:05:20,2026-08-03 12:05:20
202777,1030,ZFBT3,COMPRA,40,127.2152,4.5478,2026-08-03 10:05:36,2026-08-03 10:05:37,2026-08-03 10:05:37
202778,1325,NUJZ2,COMPRA,315,28.6764,11.8739,2026-08-03 13:42:12,2026-08-03 13:42:15,2026-08-03 13:42:15
202779,1395,DEGN5,COMPRA,210,77.7782,7.8037,2026-08-03 12:25:04,2026-08-03 12:25:07,2026-08-03 12:25:07
202780,2935,KQEO3,COMPRA,30,72.8037,0.0260,2026-08-03 14:37:28,2026-08-03 14:37:30,2026-08-03 14:37:30
202781,3271,NHYK8,COMPRA,500,55.6650,7.0104,2026-08-03 16:06:43,2026-08-03 16:06:44,2026-08-03 16:06:44
202782,1309,RYPL6,COMPRA,420,93.2465,12.4061,2026-08-03 15:34:05,2026-08-03 15:34:05,2026-08-03 15:34:05
202783,2021,IPXK2,COMPRA,440,335.8425,11.5667,2026-08-03 16:48:16,2026-08-03 16:48:16,2026-08-03 16:48:16
202784,1523,TTHO3,COMPRA,75,29.5113,6.0791,2026-08-03 11:46:31,2026-08-03 11:46:32,2026-08-03 11:46:32
202785,1711,NPEM3,COMPRA,265,94.8235,2.8443,2026-08-03 16:30:27,2026-08-03 16:30:29,2026-08-03 16:30:29
202786,1951,RSBT4,COMPRA,215,320.3794,3.9009,2026-08-03 16:51:04,2026-08-03 16:51:05,2026-08-03 16:51:05
202787,1082,QATW7,COMPRA,220,42.5107,1.7485,2026-08-03 13:13:46,2026-08-03 13:13:47,2026-08-03 13:13:47
202788,2784,RHXV4,COMPRA,80,72.1082,0.8036,2026-08-03 10:42:48,2026-08-03 10:42:50,2026-08-03 10:42:50
202789,2998,DQSN6,COMPRA,185,168.3869,10.7075,2026-08-03 16:25:34,2026-08-03 16:25:37,2026-08-03 16:25:37
202790,3246,CQJZ4,COMPRA,290,85.9834,7.6660,2026-08-03 16:36:31,2026-08-03 16:36:31,2026-08-03 16:36:31
202791,2521,YFAH5,COMPRA,103,133.4413,4.6362,2026-08-03 12:56:48,2026-08-03 12:56:50,2026-08-03 12:56:50
202792,1543,XAVL3,COMPRA,45,156.1251,12.6033,2026-08-03 13:13:10,2026-08-03 13:13:10,2026-08-03 13:13:10
202793,2387,FYZB6,COMPRA,182,75.9851,9.4538,2026-08-03 11:00:41,2026-08-03 11:00:43,2026-08-03 11:00:43
202794,2586,PSEN6,COMPRA,15,211.8960,6.1616,2026-08-03 15:01:02,2026-08-03 15:01:03,2026-08-03 15:01:03
202795,2387,NYGT6,COMPRA,120,131.1375,4.1575,2026-08-03 16:45:07,2026-08-03 16:45:10,2026-08-03 16:45:10
202796,2824,PSEN6,COMPRA,445,189.9554,7.5850,2026-08-03 11:20:44,2026-08-03 11:20:46,2026-08-03 11:20:46
202797,3491,RSBT4,COMPRA,345,320.4349,9.1885,2026-08-03 11:35:27,2026-08-03 11:35:28,2026-08-03 11:35:28
202798,3472,RMRT1,COMPRA,245,105.7721,11.6781,2026-08-03 11:07:25,2026-08-03 11:07:25,2026-08-03 11:07:25
202799,3200,QYBV3,COMPRA,86,60.9030,1.5608,2026-08-03 16:41:32,2026-08-03 16:41:33,2026-08-03 16:41:33
202800,1027,UYFJ9,COMPRA,465,77.8236,6.5026,2026-08-03 14:53:46,2026-08-03 14:53:49,2026-08-03 14:53:49
202801,2925,UFIU3,COMPRA,220,86.9013,11.6603,2026-08-03 15:04:11,2026-08-03 15:04:14,2026-08-03 15:04:14
202802,3197,LCCH9,COMPRA,100,9.0578,11.9968,2026-08-03 14:23:18,2026-08-03 14:23:19,2026-08-03 14:23:19
202803,1815,WXQM6,COMPRA,340,45.4658,0.6068,2026-08-03 17:27:40,2026-08-03 17:27:43,2026-08-03 17:27:43
202804,1854,TVCE9,COMPRA,440,54.5248,4.3461,2026-08-03 12:44:54,2026-08-03 12:44:55,2026-08-03 12:44:55
202805,3236,FRGH8,COMPRA,450,91.8575,0.5955,2026-08-03 17:11:25,2026-08-03 17:11:26,2026-08-03 17:11:26
202806,3400,HCZM2,COMPRA,280,412.4664,12.3659,2026-08-03 15:36:15,2026-08-03 15:36:15,2026-08-03 15:36:15
202807,1871,LQML9,COMPRA,190,123.7492,11.1147,2026-08-03 11:45:35,2026-08-03 11:45:38,2026-08-03 11:45:38
202808,1936,JJVW6,COMPRA,345,164.9376,5.2978,2026-08-03 10:26:06,2026-08-03 10:26:07,2026-08-03 10:26:07
202809,2602,IWFI1,COMPRA,165,126.7789,6.1791,2026-08-03 10:23:42,2026-08-03 10:23:45,2026-08-03 10:23:45
202810,1644,ERTC4,COMPRA,395,60.8701,0.9284,2026-08-03 15:39:00,2026-08-03 15:39:01,2026-08-03 15:39:01
202811,3462,ZFBT3,COMPRA,388,80.8042,11.5959,2026-08-03 10:25:21,2026-08-03 10:25:24,2026-08-03 10:25:24
202812,1900,YYLA4,COMPRA,280,206.6283,12.6581,2026-08-03 15:47:13,2026-08-03 15:47:13,2026-08-03 15:47:13
202813,2121,QYBV3,COMPRA,250,69.7707,10.6617,2026-08-03 12:56:10,2026-08-03 12:56:12,2026-08-03 12:56:12
202814,1519,XTVW5,COMPRA,112,123.0480,0.9813,2026-08-03 15:38:12,2026-08-03 15:38:13,2026-08-03 15:38:13
202815,3126,QEUC2,COMPRA,145,194.5934,7.8710,2026-08-03 14:43:31,2026-08-03 14:43:32,2026-08-03 14:43:32
202816,1522,YCCK8,COMPRA,230,462.3553,8.7463,2026-08-03 15:25:49,2026-08-03 15:25:49,2026-08-03 15:25:49
202817,3132,JDJG6,VENDA,270,74.8406,5.4862,2026-08-03 16:37:27,2026-08-03 16:37:27,2026-08-03 16:37:27
202818,1612,OVYL9,COMPRA,375,64.4314,8.5463,2026-08-03 15:03:21,2026-08-03 15:03:21,2026-08-03 15:03:21
202819,3485,WHMT3,COMPRA,35,122.8171,12.5917,2026-08-03 13:58:20,2026-08-03 13:58:21,2026-08-03 13:58:21
202820,1252,AAWB3,COMPRA,75,176.8639,8.6646,2026-08-03 17:21:39,2026-08-03 17:21:41,2026-08-03 17:21:41
202821,2095,QTHQ1,COMPRA,265,27.0525,10.1858,2026-08-03 11:49:41,2026-08-03 11:49:43,2026-08-03 11:49:43
202822,2314,QHFL8,COMPRA,190,167.2396,6.8201,2026-08-03 15:18:40,2026-08-03 15:18:42,2026-08-03 15:18:42
202823,2464,TXHR8,COMPRA,82,81.4479,9.7782,2026-08-03 14:19:45,2026-08-03 14:19:46,2026-08-03 14:19:46
202824,2833,RMRT1,COMPRA,370,90.8745,0.2068,2026-08-03 13:26:17,2026-08-03 13:26:18,2026-08-03 13:26:18
202825,1966,NQYT3,COMPRA,335,70.7696,8.4955,2026-08-03 11:01:54,2026-08-03 11:01:55,2026-08-03 11:01:55
202826,2311,TNHT4,COMPRA,290,132.7905,11.4686,2026-08-03 13:47:33,2026-08-03 13:47:34,2026-08-03 13:47:34
202827,2725,NWGB4,COMPRA,265,119.3473,9.0026,2026-08-03 14:34:06,2026-08-03 14:34:06,2026-08-03 14:34:06
202828,2979,HVEX2,COMPRA,295,133.3588,1.4622,2026-08-03 16:23:02,2026-08-03 16:23:05,2026-08-03 16:23:05
202829,1403,PSEN6,COMPRA,379,205.4164,0.7429,2026-08-03 14:39:47,2026-08-03 14:39:47,2026-08-03 14:39:47
202830,1161,LCCH9,COMPRA,325,9.9480,11.1972,2026-08-03 17:16:58,2026-08-03 17:16:59,2026-08-03 17:16:59
202831,2177,IWFI1,COMPRA,410,179.8407,11.4935,2026-08-03 13:41:17,2026-08-03 13:41:20,2026-08-03 13:41:20
202832,2256,DFGR7,COMPRA,235,105.3090,11.5385,2026-08-03 14:13:33,2026-08-03 14:13:35,2026-08-03 14:13:35
202833,1849,VLEB3,COMPRA,249,341.8426,12.8514,2026-08-03 11:29:58,2026-08-03 11:29:59,2026-08-03 11:29:59
202834,1829,DQSN6,COMPRA,430,120.2092,10.3976,2026-08-03 11:25:08,2026-08-03 11:25:11,2026-08-03 11:25:11
202835,2301,OXVD8,COMPRA,330,93.2498,12.4379,2026-08-03 15:56:16,2026-08-03 15:56:17,2026-08-03 15:56:17
202836,1745,DSFC9,COMPRA,460,499.7334,,2026-08-03 14:02:58,2026-08-03 14:02:58,2026-08-03 14:02:58
202837,3241,HJRH5,COMPRA,211,147.2068,10.1713,2026-08-03 12:48:24,2026-08-03 12:48:27,2026-08-03 12:48:27
202838,1645,SVOZ4,COMPRA,124,56.2523,1.4305,2026-08-03 10:04:47,2026-08-03 10:04:49,2026-08-03 10:04:49
202839,3023,MOLF3,COMPRA,280,54.7059,6.3385,2026-08-03 17:23:19,2026-08-03 17:23:19,2026-08-03 17:23:19
202840,3284,RYPL6,COMPRA,90,91.1890,8.6851,2026-08-03 13:52:18,2026-08-03 13:52:18,2026-08-03 13:52:18
202841,2088,AAWB3,COMPRA,345,155.6296,1.4618,2026-08-03 16:10:24,2026-08-03 16:10:25,2026-08-03 16:10:25
202842,1423,TBWG2,COMPRA,355,76.0577,10.6692,2026-08-03 11:25:21,2026-08-03 11:25:24,2026-08-03 11:25:24
202843,1409,MCHX2,COMPRA,385,87.9686,1.0300,2026-08-03 14:02:47,2026-08-03 14:02:47,2026-08-03 14:02:47
202844,2958,CQIL9,COMPRA,255,35.9075,11.5203,2026-08-03 13:29:56,2026-08-03 13:29:59,2026-08-03 13:29:59
202845,2726,YRWH3,COMPRA,263,181.1433,4.5341,2026-08-03 11:22:59,2026-08-03 11:23:00,2026-08-03 11:23:00
202846,3330,AYFQ2,COMPRA,470,11.9381,12.2289,2026-08-03 10:11:59,2026-08-03 10:12:02,2026-08-03 10:12:02
202847,3180,SRDU1,COMPRA,155,79.9614,10.8857,2026-08-03 11:48:14,2026-08-03 11:48:17,2026-08-03 11:48:17
202848,1103,GULD2,COMPRA,70,133.1272,10.9634,2026-08-03 14:31:51,2026-08-03 14:31:51,2026-08-03 14:31:51
202849,2299,HVEX2,COMPRA,14,126.6054,9.4419,2026-08-03 10:31:11,2026-08-03 10:31:14,2026-08-03 10:31:14
202850,1655,OXVD8,COMPRA,365,76.3663,11.1962,2026-08-03 12:37:17,2026-08-03 12:37:20,2026-08-03 12:37:20
202851,3104,ZAAS7,COMPRA,315,380.0668,,2026-08-03 16:45:12,2026-08-03 16:45:15,2026-08-03 16:45:15
202852,3295,BXFJ9,COMPRA,106,178.8364,,2026-08-03 11:48:03,2026-08-03 11:48:05,2026-08-03 11:48:05
202853,1727,ZFBT3,COMPRA,420,77.3989,1.0285,2026-08-03 15:26:14,2026-08-03 15:26:17,2026-08-03 15:26:17
202854,2191,HCZM2,COMPRA,225,475.6826,8.9894,2026-08-03 16:10:13,2026-08-03 16:10:16,2026-08-03 16:10:16
202855,1529,YYLA4,COMPRA,40,204.9740,9.3741,2026-08-03 12:46:39,2026-08-03 12:46:41,2026-08-03 12:46:41
202856,1667,NUJZ2,COMPRA,465,40.9860,9.6252,2026-08-03 17:16:11,2026-08-03 17:16:13,2026-08-03 17:16:13
202857,2544,AAUA7,COMPRA,135,156.5156,10.7519,2026-08-03 11:13:37,2026-08-03 11:13:39,2026-08-03 11:13:39
202858,1173,RHXV4,COMPRA,134,59.5452,4.1667,2026-08-03 11:51:54,2026-08-03 11:51:55,2026-08-03 11:51:55
202859,2240,KFSY2,COMPRA,255,106.9652,12.3414,2026-08-03 14:35:33,2026-08-03 14:35:36,2026-08-03 14:35:36
202860,1894,UYFJ9,COMPRA,185,95.4524,7.0538,2026-08-03 11:32:23,2026-08-03 11:32:24,2026-08-03 11:32:24
202861,3363,WIPB2,COMPRA,280,104.0534,3.6303,2026-08-03 13:42:15,2026-08-03 13:42:16,2026-08-03 13:42:16
202862,1672,QTDZ2,COMPRA,495,49.1807,11.8021,2026-08-03 11:04:36,2026-08-03 11:04:39,2026-08-03 11:04:39
202863,1023,NGIU9,COMPRA,344,96.1973,8.9367,2026-08-03 11:21:32,2026-08-03 11:21:35,2026-08-03 11:21:35
202864,2201,TNHT4,COMPRA,150,122.0035,8.0520,2026-08-03 17:28:10,2026-08-03 17:28:13,2026-08-03 17:28:13
202865,3103,UFIU3,COMPRA,30,105.6151,3.0288,2026-08-03 12:53:26,2026-08-03 12:53:26,2026-08-03 12:53:26
202866,3039,OXVD8,COMPRA,130,66.0333,10.6886,2026-08-03 15:53:45,2026-08-03 15:53:47,2026-08-03 15:53:47
202867,3350,TBWG2,COMPRA,365,68.9695,8.8810,2026-08-03 15:44:33,2026-08-03 15:44:34,2026-08-03 15:44:34
202868,1746,HVEX2,COMPRA,75,131.3983,8.7455,2026-08-03 16:03:01,2026-08-03 16:03:01,2026-08-03 16:03:01
202869,2279,UQJU7,COMPRA,435,86.6170,9.9794,2026-08-03 15:34:35,2026-08-03 15:34:37,2026-08-03 15:34:37
202870,1842,IJJK3,COMPRA,220,89.6229,8.1579,2026-08-03 10:50:45,2026-08-03 10:50:48,2026-08-03 10:50:48
202871,2755,TTHO3,COMPRA,325,26.8732,2.4725,2026-08-03 16:00:20,2026-08-03 16:00:20,2026-08-03 16:00:20
202872,2778,ZFBT3,COMPRA,46,85.6307,2.4996,2026-08-03 17:11:09,2026-08-03 17:11:11,2026-08-03 17:11:11
202873,3248,QTHQ1,COMPRA,165,23.5213,5.4053,2026-08-03 14:50:19,2026-08-03 14:50:22,2026-08-03 14:50:22
202874,2907,ZFBT3,COMPRA,485,120.4451,5.0176,2026-08-03 12:12:18,2026-08-03 12:12:21,2026-08-03 12:12:21
202875,1700,IZTY4,COMPRA,111,36.8758,0.3286,2026-08-03 11:21:11,2026-08-03 11:21:13,2026-08-03 11:21:13
202876,1468,DGBT6,COMPRA,490,85.8050,10.4399,2026-08-03 13:00:26,2026-08-03 13:00:27,2026-08-03 13:00:27
202877,1560,XTVW5,COMPRA,155,130.6102,5.3747,2026-08-03 15:15:05,2026-08-03 15:15:08,2026-08-03 15:15:08
202878,2210,LIEG8,COMPRA,435,85.3436,5.9480,2026-08-03 15:08:54,2026-08-03 15:08:55,2026-08-03 15:08:55
202879,3082,UCHR6,COMPRA,110,395.3114,7.6468,2026-08-03 15:36:05,2026-08-03 15:36:06,2026-08-03 15:36:06
202880,1366,LGKU6,COMPRA,15,75.4645,10.3753,2026-08-03 17:24:17,2026-08-03 17:24:19,2026-08-03 17:24:19
202881,2659,RYPL6,COMPRA,345,66.7400,11.4346,2026-08-03 15:04:19,2026-08-03 15:04:21,2026-08-03 15:04:21
202882,2999,GFDF2,COMPRA,330,82.5541,2.4518,2026-08-03 13:25:08,2026-08-03 13:25:11,2026-08-03 13:25:11
202883,2105,KHGP6,COMPRA,315,84.3785,6.6721,2026-08-03 13:05:22,2026-08-03 13:05:23,2026-08-03 13:05:23
202884,2666,QHFL8,COMPRA,290,149.8679,12.1842,2026-08-03 13:13:06,2026-08-03 13:13:06,2026-08-03 13:13:06
202885,2452,GULD2,COMPRA,360,140.6906,1.3312,2026-08-03 11:14:30,2026-08-03 11:14:30,2026-08-03 11:14:30
202886,2660,MOLF3,COMPRA,135,51.1045,10.5963,2026-08-03 17:19:37,2026-08-03 17:19:38,2026-08-03 17:19:38
202887,3413,ZHTL2,COMPRA,334,75.5783,9.9197,2026-08-03 11:15:38,2026-08-03 11:15:39,2026-08-03 11:15:39
202888,2531,NYGT6,COMPRA,235,125.6331,10.6578,2026-08-03 11:39:57,2026-08-03 11:39:59,2026-08-03 11:39:59
202889,1916,JIPR4,COMPRA,15,36.0687,10.2927,2026-08-03 15:19:26,2026-08-03 15:19:26,2026-08-03 15:19:26
202890,1279,AYFQ2,COMPRA,40,9.8280,11.4757,2026-08-03 10:07:50,2026-08-03 10:07:50,2026-08-03 10:07:50
202891,1527,PSEN6,COMPRA,390,227.8951,6.6829,2026-08-03 13:03:35,2026-08-03 13:03:38,2026-08-03 13:03:38
202892,2150,NHYK8,COMPRA,335,82.7960,5.8002,2026-08-03 11:39:06,2026-08-03 11:39:06,2026-08-03 11:39:06
202893,2977,NAOF3,COMPRA,95,73.1032,0.4176,2026-08-03 14:33:06,2026-08-03 14:33:08,2026-08-03 14:33:08
202894,1394,KFSY2,COMPRA,170,98.8702,6.5540,2026-08-03 13:42:45,2026-08-03 13:42:47,2026-08-03 13:42:47
202895,2273,JUDG8,COMPRA,40,103.4135,2.9375,2026-08-03 13:25:05,2026-08-03 13:25:05,2026-08-03 13:25:05
202896,1799,XPVA7,COMPRA,165,449.0582,1.4192,2026-08-03 14:27:16,2026-08-03 14:27:16,2026-08-03 14:27:16
202897,3499,RFNS7,COMPRA,25,108.4045,12.7715,2026-08-03 12:37:24,2026-08-03 12:37:26,2026-08-03 12:37:26
202898,2288,OXVD8,COMPRA,365,68.3118,2.1169,2026-08-03 17:14:31,2026-08-03 17:14:32,2026-08-03 17:14:32
202899,2345,PQUT9,COMPRA,191,77.9360,9.7400,2026-08-03 17:20:03,2026-08-03 17:20:04,2026-08-03 17:20:04
202900,1753,PQUT9,COMPRA,225,97.7201,12.6511,2026-08-03 10:26:41,2026-08-03 10:26:41,2026-08-03 10:26:41
202901,2452,LGKU6,COMPRA,440,67.4562,11.8725,2026-08-03 10:45:12,2026-08-03 10:45:13,2026-08-03 10:45:13
202902,2617,BXFJ9,COMPRA,230,185.1764,8.5031,2026-08-03 10:49:07,2026-08-03 10:49:08,2026-08-03 10:49:08
202903,2920,NREP8,COMPRA,455,125.5794,3.0622,2026-08-03 15:43:56,2026-08-03 15:43:57,2026-08-03 15:43:57
202904,1553,LQML9,COMPRA,486,167.1663,0.2892,2026-08-03 10:17:57,2026-08-03 10:17:58,2026-08-03 10:17:58
202905,1207,DGBT6,COMPRA,380,73.1475,11.3811,2026-08-03 10:11:55,2026-08-03 10:11:58,2026-08-03 10:11:58
